User_Id,Timestamp,User_Reputation,User_Experience,User_Activity,University_Area,Violation_Type,Road_Type,Road_Accident,Speed_Limit,Internet_Connection,Internet_Signal_Strength,Battery_Percentage,Accelerometer_Range,Accelerometer_Resolution,Latitude,Longitude,Is_Intentional
User_53,2025-01-01 00:10:23,0.313,0.0996,Driving,Koila,Speeding,6way,1.0,60,WiFi,-57,3.0,-6.0,0.044,40.32274052888873,21.791877904810818,1
User_44,2025-08-17 16:58:48,0.332,0.5406,Walking,Ligeris,Driving_Under_Influence,2way,1.0,30,111,-91,87.0,-5.0,0.0019987683456984,40.30637951821327,21.806809694598197,1
User_35,2025-08-17 17:03:02,0.274,0.5372,Walking,Zep,Driving_Under_Influence,4way,0.0,70,113,-91,9.0,-1.0,0.0068951871462168,40.27898279995532,21.751163095669387,1
User_29,2025-08-17 18:19:49,0.415,0.6214,Walking,Zep,Reckless_Driving,2way,160.0,70,WiFi,-82,15.0,12.0,0.0099088229267504,40.280326857718606,21.752620494600414,1
User_22,2025-08-17 18:29:24,0.413,0.5039,Driving,Zep,8,4way,0.0,20,WiFi,-85,50.0,5.0,0.0062561548765342,40.279551415117,21.75328029965344,1
User_07,2025-08-17 18:57:06,0.625,0.5374,Running,Koila,Driving_Under_Influence,1way,4.0,80,WiFi,-62,-33.0,-13.0,0.0098752615993729,40.32221986088901,21.79221592013399,1
User_04,2025-08-17 19:07:27,0.662,0.5097,Driving,Ligeris,Speeding,2way,0.0,Illegal_Parking,4G,-111,6.0,-7.0,0.0043079371239211,37.74627,21.807859257458254,1
User_81,2025-08-17 19:12:40,0.376,0.7405,Walking,Ligeris,Driving_Under_Influence,2way,150.0,50,WiFi,-52,38.0,15.0,0.0087863567188753,40.306862554369026,21.80816245805242,1
User_33,2025-08-17 19:14:41,0.634,0.6702,Driving,Koila,Driving_Under_Influence,6way,0.0,40,5G,-96,51.0,-15.0,0.0030567982956886,42.090153,21.78942896170206,1
User_30,2025-08-17 19:17:41,0.413,0.5474,Driving,Koila,Reckless_Driving,2way,0.0,Illegal_Parking,WiFi,Satellite,41.0,-8.0,0.0050868648390301,40.321909193039374,21.79136423960156,1
User_82,2025-08-17 20:11:19,0.324,0.6699,Walking,Zep,Driving_Under_Influence,2way,140.0,50,WiFi,-86,94.0,12.0,0.0061144045816293,40.27947629285757,22.327885,1
User_21,2025-08-17 20:20:29,0.303,0.4702,Walking,Center,Reckless_Driving,1way,2.0,70,4G,-99,43.0,4.0,0.0044302774035502,40.27888304830558,21.752559817913188,1
User_94,2025-08-18 00:04:21,0.681,0.558,Walking,Zep,Driving_Under_Influence,6way,0.0,60,5G,-115,83.0,-10.0,0.0091449638406844,37.759278,21.75469807171033,1
User_68,2025-08-18 00:46:16,0.472,0.4909,Flying,Ligeris,Driving_Under_Influence,1way,0.0,10,WiFi,-82,83.0,-15.0,0.0052102902082442,40.30531150979583,21.80891792011819,1
User_77,2025-08-18 01:46:19,0.428,0.4755,Driving,Koila,9,4way,1.0,90,5G,-86,97.0,8.0,0.026,40.3237515060079,21.791337132173467,1
User_77,2025-08-18 01:54:59,0.428,0.4765,Walking,Zep,Speeding,4way,0.0,70,5G,-95,74.0,5.0,0.0039051757875816,37.565303,21.752730854694324,1
User_69,2025-08-18 02:15:08,0.34,0.8181,Walking,Zep,Speeding,2way,1.0,30,5G,-77,82.0,2.0,0.0089627108298287,42.036746,21.75198823110153,1
User_36,2025-08-18 03:10:48,0.563,0.5641,Flying,Ligeris,Speeding,2way,0.0,60,5G,-100,19.0,-13.0,0.0067477851219804,40.306340957178655,21.80765896797872,1
User_57,2025-08-18 03:25:43,0.372,0.5702,Running,Ligeris,Driving_Under_Influence,1way,1.0,10,5G,-80,88.0,-2.0,0.0029876649327826,37.212078,21.791256784153244,1
User_71,2025-08-18 03:28:18,0.256,0.4613,Flying,Ligeris,Reckless_Driving,4way,4.0,20,WiFi,-77,92.0,-15.0,0.009649986788461,40.30495395237914,21.808666557654423,1
User_22,2025-08-18 04:23:46,0.413,0.5049,Running,Ligeris,Driving_Under_Influence,1way,1.0,40,113,-94,28.0,-5.0,0.0018553064082857,40.30706971823694,21.807468534598097,1
User_04,2025-08-18 04:24:02,0.662,0.5107,Driving,Zep,7,2way,1.0,30,3G,-94,65.0,-8.0,0.0012220564846708,42.237883,21.75272243459023,1
User_41,2025-08-18 05:49:09,0.628,0.6201,Driving,Spinari,Speeding,2way,2.0,70,5G,-103,18.0,-2.0,0.0066445028677155,40.32164279965699,21.79263335865161,1
User_65,2025-08-18 05:54:18,0.448,0.5341,Walking,Zep,Driving_Under_Influence,2way,3.0,60,110,-89,19.0,13.0,0.0098314068912904,40.2798037375079,21.75361246008975,1
User_72,2025-08-18 06:49:40,0.567,0.5005,Walking,Ligeris,Reckless_Driving,4way,0.0,60,3G,-114,1.0,-7.0,0.0027378719480118,40.30562135440911,23.922826,1
User_50,2025-08-18 06:51:45,0.398,0.6906,Running,Ligeris,Reckless_Driving,2way,1.0,120,3G,-84,-133.0,10.0,0.0073378493133357,40.30540776937996,21.807146746987996,1
User_88,2025-08-18 07:28:10,0.471,0.5847,Walking,Center,Speeding,4way,0.0,40,103,-99,56.0,10.0,0.0046571715971854,40.27993770141312,21.754013518147097,1
User_91,2025-08-18 07:44:00,0.587,0.7628,Running,Koila,Reckless_Driving,1way,0.0,60,WiFi,-60,18.0,5.0,0.0049699979001327,40.323219386642414,23.93796,1
User_08,2025-08-18 07:47:01,0.347,0.8168,Walking,Koila,Driving_Under_Influence,2way,1.0,80,WiFi,-54,-17.0,-7.0,0.0078089816759606,40.322364108036616,21.79177501334768,1
User_82,2025-08-18 07:54:14,0.324,0.6709,Walking,Koila,8,1way,0.0,60,WiFi,-56,87.0,2.0,0.002886261051471,40.32163973748318,21.792087221548005,1
User_66,2025-08-18 08:12:33,0.28,0.6877,Running,Koila,8,2way,3.0,10,4G,-79,12.0,12.0,0.0034427052081111,40.32347793438215,21.79074487647268,1
User_31,2025-08-18 08:57:26,0.46,0.8124,Walking,Spinari,Driving_Under_Influence,1way,1.0,80,3G,-118,48.0,-23.0,0.0056516972633423,40.30518030646619,21.807439949615123,1
User_74,2025-08-18 10:59:23,0.497,0.8154,Swimming,Koila,Speeding,2way,0.0,10,5G,-106,1.0,-4.0,0.0068966894525484,40.32034084715697,21.791031673978395,1
User_65,2025-08-18 11:59:12,0.448,0.5351,Driving,Ligeris,8,4way,1.0,70,WiFi,-71,33.0,19.0,0.0014340683891093,40.305949343443416,21.80663866352161,1
User_17,2025-08-18 13:04:57,0.631,0.5998,Walking,Zep,Speeding,2way,1.0,40,4G,-86,-44.0,-14.0,0.0082207279566964,40.28023292139726,21.752169075529473,1
User_89,2025-08-18 13:22:00,0.336,0.4711,Walking,Zep,Driving_Under_Influence,1way,0.0,Illegal_Parking,3G,-74,77.0,-6.0,0.0037089591082593,40.27849418074862,21.75373057180926,1
User_42,2025-08-18 15:29:16,0.738,0.5726,Walking,Ligeris,Driving_Under_Influence,2way,160.0,20,4G,-94,40.0,11.0,0.0059227652619167,40.307139399932176,21.8072979203876,1
User_75,2025-08-18 17:33:05,0.409,0.6311,Driving,Koila,Speeding,1way,1.0,Illegal_Parking,3G,-107,80.0,-8.0,0.0029675274657492,40.3219608274469,21.79129839172658,1
User_28,2025-08-18 17:40:39,0.348,0.7693,Running,Koila,Speeding,2way,4.0,80,4G,-78,5.0,-11.0,0.008359121652775,42.521464,21.79172232400214,1
User_48,2025-08-18 18:04:15,0.599,0.7274,Walking,Zep,Speeding,2way,1.0,Lane_Discards,4G,-90,61.0,14.0,0.005653142335994,40.27797721420734,21.75349448629303,1
User_43,2025-08-18 18:27:58,0.416,0.6187,Driving,Koila,6,1way,3.0,50,4G,-95,-19.0,8.0,0.0098960723823534,40.322088210685585,21.791262215486285,1
User_39,2025-08-18 20:25:42,0.598,0.6077,Running,Koila,Speeding,6way,3.0,40,3G,-113,96.0,15.0,0.006369986644503,40.322788735813496,21.790734357228896,1
User_76,2025-08-18 23:48:43,0.355,0.6581,Flying,Zep,Reckless_Driving,1way,1.0,50,3G,-109,74.0,6.0,0.0087407752557424,42.133197,21.7526791535739,1
User_19,2025-08-18 23:56:01,0.745,0.8405,Running,Zep,Speeding,6way,0.0,80,119,-84,10.0,5.0,0.0097769780920347,40.278981458041265,21.754265061891846,1
User_15,2025-08-19 01:49:34,0.627,0.7671,Driving,Zep,Reckless_Driving,4way,1.0,30,WiFi,-84,49.0,-22.0,0.0096016019934521,40.279943893435046,21.75183622759748,1
User_85,2025-08-19 03:54:34,0.254,0.5863,Running,Koila,Speeding,2way,0.0,Lane_Discards,5G,-79,8.0,1.0,0.0072972202754027,40.32224990674656,21.791127397760135,1
User_64,2025-08-19 04:21:17,0.511,0.8118,Driving,Ligeris,Reckless_Driving,2way,4.0,Lane_Discards,4G,Ethernet,94.0,11.0,0.0075834787089525,40.30645832854781,21.807152914138424,1
User_10,2025-08-19 05:16:08,0.315,0.8108,Driving,Zep,Reckless_Driving,2way,0.0,40,4G,-100,63.0,-25.0,0.0066480769075209,40.27950468977682,21.753406937246233,1
User_07,2025-08-19 05:16:44,0.625,0.5414,Running,Zep,Reckless_Driving,4way,3.0,70,4G,-120,12.0,13.0,0.0097299862894013,40.27897410151546,19.244146,1
User_80,2025-08-19 06:10:12,0.704,0.6217,Driving,Koila,Reckless_Driving,6way,0.0,60,WiFi,-58,62.0,0.0,0.0064751281176759,40.32182993115323,21.790778971108928,1
User_47,2025-08-19 06:33:13,0.585,0.5682,Walking,Spinari,Reckless_Driving,4way,3.0,10,3G,-80,100.0,-9.0,0.0087440851486456,40.32256130731577,21.793272374651192,1
User_83,2025-08-19 07:59:04,0.309,0.8195,Running,Koila,Speeding,2way,1.0,70,110,-82,25.0,-1.0,0.0048592827507372,40.32138263113422,21.790218353915236,1
User_06,2025-08-19 08:48:10,0.46,0.8295,Walking,Ligeris,8,4way,1.0,20,WiFi,-90,14.0,-11.0,0.0080476806126484,40.30622886947005,21.80747938290459,1
User_94,2025-08-19 10:52:24,0.681,0.561,Flying,Zep,Driving_Under_Influence,4way,1.0,80,5G,-104,48.0,12.0,0.0053267224052655,40.279460508240035,21.75386881188853,1
User_73,2025-08-19 11:08:24,0.325,0.6507,Running,Koila,Speeding,6way,2.0,60,WiFi,-53,54.0,16.0,0.0028204800917508,40.32137972876794,21.791518455356375,1
User_69,2025-08-19 12:18:51,0.34,0.8211,Walking,Ligeris,Driving_Under_Influence,1way,1.0,Illegal_Parking,WiFi,-66,53.0,5.0,0.0020602960233475,40.30657284326591,21.806806798272767,1
User_29,2025-08-19 12:19:39,0.415,0.6254,Walking,Zep,Driving_Under_Influence,1way,0.0,70,3G,-107,47.0,-16.0,0.0021163212730354,40.279565987247985,17.074508,1
User_52,2025-08-19 12:40:30,0.46,0.5372,Walking,Koila,Driving_Under_Influence,1way,0.0,60,5G,-85,48.0,-4.0,0.048,40.322342350802614,21.789437998632685,1
User_88,2025-08-19 12:54:30,0.471,0.5877,Flying,Ligeris,Driving_Under_Influence,4way,0.0,60,5G,-110,90.0,-14.0,0.0031093327775216,40.306590738535085,21.808426481531264,1
User_25,2025-08-19 13:01:53,0.408,0.5978,Flying,Koila,Reckless_Driving,2way,1.0,30,5G,-79,85.0,11.0,0.0080513311332256,40.321514488022785,21.790059312937057,1
User_98,2025-08-19 13:13:27,0.46,0.6138,Driving,Koila,Reckless_Driving,2way,1.0,70,5G,-71,-133.0,-6.0,0.005653142335994,40.32373082997545,21.791768079519972,1
User_67,2025-08-19 15:17:08,0.529,0.6716,Flying,Koila,Speeding,4way,5.0,20,4G,-82,46.0,1.0,0.0030389491553195,40.32131989747939,21.79115788471853,1
User_37,2025-08-19 15:21:20,0.306,0.7364,Swimming,Zep,Speeding,2way,0.0,90,WiFi,-83,50.0,16.0,0.003613161087561,38.618117,21.751546109217234,1
User_24,2025-08-19 16:57:00,0.445,0.5436,Driving,Zep,Driving_Under_Influence,2way,0.0,Illegal_Parking,117,-88,60.0,11.0,0.0011746147599764,40.279349024182565,21.75400088675168,1
User_20,2025-08-19 16:57:40,0.334,0.7821,Driving,Spinari,Speeding,2way,1.0,30,3G,-78,22.0,12.0,0.032,40.32188828293421,21.791268939313408,1
User_26,2025-08-19 17:56:34,0.408,0.7095,Driving,Koila,Speeding,1way,140.0,80,5G,Ethernet,14.0,4.0,0.0068873836292502,40.32115015761556,21.790250548636585,1
User_72,2025-08-19 19:03:58,0.567,0.5025,Walking,Koila,Speeding,4way,1.0,Harassing_Driver,114,-103,70.0,-3.0,0.0087326231422472,40.323070984268576,21.79299393443383,1
User_10,2025-08-19 19:37:12,0.315,0.8118,Driving,Ligeris,Speeding,2way,140.0,70,WiFi,-81,52.0,1.0,0.003451637822276,40.30616129978414,21.807652136972976,1
User_81,2025-08-19 20:00:35,0.376,0.7445,Walking,Zep,Driving_Under_Influence,2way,1.0,Lane_Discards,4G,-78,3.0,14.0,0.0025697773872337,40.279641382372915,21.753262219956465,1
User_84,2025-08-19 20:29:29,0.527,0.5347,Running,Koila,8,4way,1.0,40,4G,-75,90.0,20.0,0.0033512793239811,40.32216943101147,21.793449668244364,1
User_44,2025-08-19 21:46:55,0.332,0.5446,Running,Koila,Reckless_Driving,1way,140.0,10,WiFi,-53,90.0,14.0,0.0063717294408355,40.32199126244672,22.829134,1
User_41,2025-08-19 22:36:50,0.628,0.6231,Swimming,Zep,Reckless_Driving,1way,2.0,30,3G,-75,26.0,0.0,0.009351495666834,40.28075179828123,21.75420543093791,1
User_48,2025-08-19 23:12:18,0.599,0.7294,Driving,Ligeris,7,2way,0.0,40,113,-86,52.0,-13.0,0.0095354394209065,40.30609612918718,21.80748959920783,1
User_47,2025-08-20 00:13:56,0.585,0.5702,Driving,Koila,Driving_Under_Influence,2way,1.0,20,117,-73,75.0,-11.0,0.0098942974139274,40.32348952619683,21.790925568462427,1
User_61,2025-08-20 00:40:23,0.546,0.5427,Walking,Koila,6,2way,5.0,20,110,-116,32.0,15.0,0.0075578262882336,40.32054311561652,21.79119565649278,1
User_11,2025-08-20 01:29:13,0.602,0.779,Walking,Center,Reckless_Driving,2way,4.0,110,WiFi,-78,57.0,1.0,0.0049797860162514,40.27957159683118,21.753143026756938,1
User_42,2025-08-20 01:34:23,0.738,0.5766,Flying,Koila,Reckless_Driving,4way,0.0,40,5G,-120,8.0,-6.0,0.0016219153716915,40.32190144842217,21.791256784153244,1
User_10,2025-08-20 01:38:06,0.315,0.8128,Walking,Ligeris,Speeding,2way,3.0,30,3G,-84,9.0,-15.0,0.034,40.306393547056274,21.809490201547916,1
User_80,2025-08-20 02:13:06,0.704,0.6227,Walking,Zep,Reckless_Driving,1way,4.0,90,3G,-103,-29.0,-2.0,0.0066340120701686,40.2795251178311,21.75221727603275,1
User_07,2025-08-20 02:24:27,0.625,0.5434,Walking,Center,Speeding,1way,1.0,20,WiFi,-89,7.0,-13.0,0.0086019954892297,40.27967038218163,21.753307582349127,1
User_91,2025-08-20 02:38:32,0.587,0.7668,Running,Zep,Speeding,2way,3.0,70,5G,-92,85.0,13.0,0.0058309665137769,40.28082804678934,23.832896,1
User_59,2025-08-20 02:47:00,0.265,0.6402,Swimming,Koila,Speeding,4way,0.0,20,5G,-105,53.0,24.0,0.0028716481089544,40.32221290306653,21.78916414819425,1
User_86,2025-08-20 03:55:12,0.469,0.4641,Running,Ligeris,Speeding,1way,0.0,40,4G,-81,-39.0,-10.0,0.0020392524402744,40.306970959237304,21.807936945721348,1
User_97,2025-08-20 04:20:39,0.337,0.7423,Driving,Center,Driving_Under_Influence,1way,0.0,80,5G,-112,-17.0,-6.0,0.005653142335994,40.32246825647949,21.791256784153244,1
User_46,2025-08-20 05:27:04,0.519,0.8036,Driving,Koila,Speeding,2way,0.0,90,3G,-119,10.0,3.0,0.048,40.30634784158783,21.8070095316085,1
User_87,2025-08-20 05:41:06,0.709,0.8432,Walking,Center,Speeding,2way,0.0,60,4G,-100,-18.0,-12.0,0.0030209437329985,40.32173630243374,21.791949099642363,1
User_62,2025-08-20 05:45:54,0.366,0.5722,Running,Zep,8,4way,2.0,80,101,-87,29.0,5.0,0.0038186263606924,40.278689842893705,21.752363874837553,1
User_39,2025-08-20 06:10:33,0.598,0.6117,Flying,Zep,Reckless_Driving,1way,0.0,50,5G,-89,81.0,-1.0,0.004364645847717,40.27897752591108,23.152346,1
User_67,2025-08-20 06:38:49,0.529,0.6736,Running,Ligeris,Reckless_Driving,6way,0.0,40,5G,Satellite,50.0,-6.0,0.0017083566317402,40.30651369883034,21.808252410692052,1
User_44,2025-08-20 07:01:44,0.332,0.5456,Walking,Spinari,Driving_Under_Influence,2way,1.0,40,WiFi,-68,-48.0,-11.0,0.0036860014290016,40.32288154063383,21.79169519745011,1
User_41,2025-08-20 09:25:58,0.628,0.6241,Driving,Zep,Driving_Under_Influence,2way,1.0,60,WiFi,-86,-130.0,-14.0,0.008808449753741,40.27976308055575,21.754193883460903,1
User_25,2025-08-20 11:01:44,0.408,0.5988,Running,Center,Reckless_Driving,2way,0.0,110,119,-71,49.0,-6.0,0.00327048267912,40.280014429915504,21.752530062832378,1
User_73,2025-08-20 11:07:01,0.325,0.6527,Walking,Zep,Reckless_Driving,2way,2.0,40,4G,-77,-35.0,0.0,0.0090815638823551,40.27923059167935,21.754780352374855,1
User_67,2025-08-20 11:37:53,0.529,0.6746,Walking,Center,Speeding,1way,0.0,20,3G,Satellite,32.0,3.0,0.0080543839859656,40.280223181046296,21.751666636366515,1
User_36,2025-08-20 12:31:13,0.563,0.8509,Walking,Ligeris,Reckless_Driving,1way,0.0,20,3G,-87,46.0,-6.0,0.0065783659994341,42.724175,21.8076066624869,1
User_52,2025-08-20 12:49:54,0.544,0.5392,Running,Koila,Reckless_Driving,4way,0.0,40,WiFi,-56,-21.0,12.0,0.0095180579405524,40.32332399651336,21.79093984637152,1
User_34,2025-08-20 12:53:06,0.431,0.6159,Running,Ligeris,Speeding,4way,160.0,80,5G,-82,11.0,12.0,0.0013607305628727,40.30626675677623,21.806270002733537,1
User_72,2025-08-20 14:15:06,0.567,0.5045,Walking,Ligeris,Driving_Under_Influence,2way,0.0,Harassing_Driver,107,-95,32.0,-13.0,0.0041359962483207,40.30648110740128,21.805483448852296,1
User_99,2025-08-20 15:04:02,0.465,0.6724,Running,Zep,8,4way,1.0,80,3G,-112,82.0,2.0,0.001364397522019,40.278267562844746,21.754718882040564,1
User_56,2025-08-20 15:04:33,0.374,0.4747,Walking,Koila,Speeding,6way,1.0,20,WiFi,-55,4.0,-16.0,0.004912667058602,40.32229881663514,21.791975932704627,1
User_26,2025-08-20 17:04:18,0.408,0.7105,Running,Koila,Driving_Under_Influence,4way,0.0,Lane_Discards,4G,-70,57.0,16.0,0.004366230875321,40.320922557021746,21.790068829019532,1
User_50,2025-08-20 17:38:58,0.398,0.6956,Walking,Center,Driving_Under_Influence,2way,0.0,50,WiFi,-79,30.0,11.0,0.0092870675613641,40.321327442695825,18.55551,1
User_29,2025-08-20 17:52:56,0.415,0.6264,Running,Ligeris,Reckless_Driving,2way,0.0,10,3G,-114,-28.0,-8.0,0.0060312587991994,40.30642826321123,21.807192908648027,1
User_69,2025-08-20 18:52:45,0.34,0.8231,Running,Ligeris,Reckless_Driving,1way,2.0,Lane_Discards,5G,-71,39.0,-11.0,0.0013167251649935,40.306400085687834,21.808469066210165,1
User_35,2025-08-20 23:29:52,0.274,0.5432,Walking,Zep,Speeding,1way,0.0,70,WiFi,-75,-12.0,3.0,0.0043758138874547,40.279981084117495,21.751499940082613,1
User_52,2025-08-20 23:37:57,0.544,0.5402,Driving,Koila,Reckless_Driving,2way,3.0,40,4G,-80,21.0,7.0,0.0033238352546511,40.32145157238843,18.665493,1
User_38,2025-08-21 00:21:14,0.306,0.7701,Swimming,Koila,Driving_Under_Influence,2way,0.0,60,WiFi,-59,10.0,15.0,0.0011998256791665,40.32254059886665,21.791941127841937,1
User_65,2025-08-21 00:23:47,0.448,0.5401,Driving,Koila,Speeding,2way,0.0,30,5G,-111,36.0,-13.0,0.0064854157198188,41.657124,21.79041481876814,1
User_79,2025-08-21 00:39:15,0.389,0.582,Walking,Ligeris,Reckless_Driving,2way,1.0,70,5G,-73,2.0,4.0,0.05,40.306303799720055,21.80800683157946,1
User_45,2025-08-21 00:51:33,0.285,0.7373,Running,Koila,Speeding,2way,0.0,30,103,-62,45.0,-16.0,0.0090116251571666,40.32299589534516,21.79234345948446,1
User_44,2025-08-21 01:40:45,0.332,0.5476,Driving,Koila,Speeding,6way,1.0,70,113,-81,72.0,11.0,0.0064593620694065,40.322339857874304,21.791424097998444,1
User_31,2025-08-21 01:49:44,0.56,0.8174,Driving,Zep,Speeding,4way,0.0,40,3G,-108,39.0,-2.0,0.0021119664573845,40.279787896285086,19.838807,1
User_27,2025-08-21 02:42:28,0.535,0.7171,Running,Zep,Reckless_Driving,2way,1.0,50,3G,-72,82.0,-14.0,0.04,40.280591420321976,21.752991326000704,1
User_19,2025-08-21 03:02:42,0.745,0.8455,Driving,Koila,Reckless_Driving,6way,0.0,60,3G,-97,49.0,-5.0,0.0066598764724217,40.32190031054527,21.79192471536986,1
User_94,2025-08-21 04:19:02,0.681,0.564,Walking,Koila,Driving_Under_Influence,2way,0.0,60,3G,-120,49.0,21.0,0.0058005294602566,40.32178976087401,21.792317970530615,1
User_14,2025-08-21 05:10:18,0.393,0.6714,Driving,Spinari,Driving_Under_Influence,2way,1.0,20,5G,-72,28.0,22.0,0.0011384350654573,40.27949158874578,21.753472535394092,1
User_100,2025-08-21 06:57:02,0.37,0.718,Driving,Ligeris,Reckless_Driving,6way,2.0,30,3G,-85,77.0,13.0,0.0048034213513414,40.30613192236504,21.80749618629669,1
User_56,2025-08-21 08:05:35,0.374,0.4767,Running,Zep,Speeding,2way,1.0,70,107,-120,85.0,-7.0,0.0078921458666503,40.279622011836224,21.753279657482157,1
User_45,2025-08-21 08:07:39,0.285,0.7383,Running,Ligeris,Driving_Under_Influence,2way,140.0,80,4G,-74,25.0,-10.0,0.0067701244200148,40.305070257411536,21.806696905854615,1
User_52,2025-08-21 08:56:52,0.544,0.5412,Walking,Koila,Driving_Under_Influence,4way,1.0,40,WiFi,-55,-128.0,-12.0,0.0096133810063832,40.322878816642366,21.79158942135879,1
User_12,2025-08-21 08:56:58,0.67,0.8172,Running,Koila,Driving_Under_Influence,6way,1.0,20,WiFi,-83,51.0,-3.0,0.0027659889110414,40.32197788729738,21.790597245463072,1
User_89,2025-08-21 08:58:26,0.336,0.5641,Walking,Koila,Driving_Under_Influence,4way,0.0,50,4G,-75,-29.0,-14.0,0.0067168410287584,40.32058410931014,21.790979816936712,1
User_96,2025-08-21 09:56:54,0.261,0.7221,Walking,Ligeris,Driving_Under_Influence,5way,1.0,80,4G,-70,80.0,6.0,0.0068541596938418,40.3061396709458,21.807244021464257,1
User_48,2025-08-21 10:01:44,0.599,0.7334,Running,Center,Driving_Under_Influence,2way,1.0,10,4G,-75,70.0,11.0,0.0085363785486377,40.3062932760423,21.80744584263392,1
User_91,2025-08-21 10:43:46,0.587,0.7698,Walking,Zep,Reckless_Driving,2way,1.0,40,WiFi,-51,74.0,11.0,0.005653142335994,40.278372994922606,18.800584,1
User_55,2025-08-21 12:01:35,0.447,0.8014,Walking,Ligeris,Speeding,2way,1.0,30,111,-63,31.0,-15.0,0.0060661506797092,40.30573590413498,21.8090905318889,1
User_57,2025-08-21 12:02:38,0.372,0.5762,Running,Ligeris,Speeding,2way,1.0,80,110,-114,93.0,-3.0,0.0038600148085748,40.30521036944915,21.808279380722706,1
User_70,2025-08-21 12:13:28,0.601,0.5589,Walking,Ligeris,8,1way,0.0,60,4G,-119,49.0,-4.0,0.0015418370141997,42.458436,21.807724516493124,1
User_70,2025-08-21 14:47:28,0.601,0.5599,Driving,Zep,Speeding,4way,0.0,30,3G,-99,8.0,-6.0,0.0085917059496753,38.682573,21.752010663228265,1
User_25,2025-08-21 15:15:02,0.408,0.6018,Flying,Ligeris,Reckless_Driving,2way,1.0,30,103,-58,61.0,12.0,0.0040359365892627,40.3064633629427,21.806132744047034,1
User_34,2025-08-21 15:55:59,0.431,0.6189,Walking,Koila,Speeding,2way,1.0,50,3G,-96,91.0,2.0,0.031,40.32123857650364,21.79157769282128,1
User_30,2025-08-21 15:56:22,0.413,0.5554,Walking,Ligeris,Speeding,4way,2.0,80,4G,-112,58.0,7.0,0.0091394050873749,40.30773479146903,19.348757,1
User_65,2025-08-21 17:03:17,0.448,0.5411,Walking,Spinari,Driving_Under_Influence,2way,0.0,30,WiFi,Ethernet,43.0,-15.0,0.0090103531677402,40.30684003300683,21.80772833657474,1
User_61,2025-08-21 18:09:49,0.546,0.5457,Walking,Koila,6,2way,0.0,90,3G,Ethernet,84.0,-8.0,0.0085282899955766,40.32251447814796,21.79263067410448,1
User_11,2025-08-21 20:02:59,0.602,0.782,Walking,Ligeris,Reckless_Driving,5way,1.0,50,3G,Ethernet,4.0,-3.0,0.0055473964836781,40.30724760333037,21.806785272971464,1
User_44,2025-08-21 20:52:46,0.332,0.5486,Walking,Koila,Speeding,2way,150.0,20,WiFi,-53,73.0,12.0,0.007346785078934,40.32056474913718,21.791736142482087,1
User_05,2025-08-21 20:56:41,0.743,0.7617,Running,Koila,Driving_Under_Influence,6way,1.0,30,4G,-117,16.0,-7.0,0.0073333544458693,42.483737,21.751468864817557,1
User_26,2025-08-21 21:36:21,0.408,0.7135,Running,Ligeris,Driving_Under_Influence,2way,160.0,60,4G,-114,86.0,9.0,0.0053984956813093,40.30603825441016,21.807272653609377,1
User_54,2025-08-21 22:02:51,0.327,0.7399,Walking,Ligeris,Driving_Under_Influence,2way,0.0,20,3G,-118,-36.0,-7.0,0.0029182283230209,40.30538853585973,21.806937154503313,1
User_68,2025-08-21 23:48:03,0.472,0.4979,Walking,Ligeris,Speeding,2way,1.0,80,4G,-116,6.0,12.0,0.0061730076310046,42.988274,21.806130437041737,1
User_49,2025-08-22 00:36:42,0.637,0.8073,Driving,Koila,Speeding,2way,1.0,30,5G,-114,-123.0,-13.0,0.0092590452453485,40.32293435519803,21.789813684470555,1
User_17,2025-08-22 01:52:24,0.631,0.6068,Walking,Ligeris,Driving_Under_Influence,1way,0.0,Illegal_Parking,4G,-117,66.0,-8.0,0.0041690407561041,40.30683171490326,21.807266707905985,1
User_62,2025-08-22 02:00:17,0.366,0.5752,Walking,Zep,Driving_Under_Influence,2way,0.0,10,5G,-75,70.0,1.0,0.0017155860340952,40.279193805238606,17.207099,1
User_56,2025-08-22 02:09:07,0.374,0.4787,Running,Ligeris,Driving_Under_Influence,4way,0.0,Illegal_Parking,3G,-90,69.0,-1.0,0.005952329599378,40.30491873736276,21.807901090366155,1
User_36,2025-08-22 02:29:39,0.563,0.8549,Driving,Koila,9,2way,1.0,90,5G,Ethernet,44.0,13.0,0.0072672978460905,40.32200512583181,21.790681010073143,1
User_97,2025-08-22 02:32:03,0.337,0.7463,Walking,Ligeris,Driving_Under_Influence,2way,1.0,Harassing_Driver,3G,-118,36.0,6.0,0.0013907636303919,40.304955363289295,23.267307,1
User_57,2025-08-22 03:16:23,0.372,0.5782,Running,Koila,Speeding,1way,2.0,50,WiFi,-90,97.0,-24.0,0.0039960535497164,40.32210032097187,21.791397043729635,1
User_08,2025-08-22 03:21:06,0.347,0.8248,Running,Ligeris,Speeding,4way,1.0,10,4G,-112,85.0,-12.0,0.0056862796487147,40.30719566899379,23.652654,1
User_69,2025-08-22 04:43:18,0.34,0.8261,Running,Ligeris,Driving_Under_Influence,2way,0.0,30,WiFi,-79,63.0,12.0,0.0055858946026291,40.30586523456464,23.277114,1
User_84,2025-08-22 05:31:56,0.527,0.5397,Driving,Koila,Speeding,2way,1.0,30,108,-115,44.0,-13.0,0.0032545542786244,40.32045571725855,21.791650744708452,1
User_42,2025-08-22 05:48:41,0.738,0.5796,Walking,Zep,Driving_Under_Influence,1way,0.0,50,115,-85,43.0,-5.0,0.0010724706004874,40.2797207238292,21.7520329381493,1
User_11,2025-08-22 07:00:28,0.602,0.783,Swimming,Koila,Reckless_Driving,2way,0.0,70,4G,-78,72.0,-8.0,0.0028425967266317,40.32222609307174,21.791237866201463,1
User_31,2025-08-22 07:58:38,0.46,0.8194,Walking,Zep,Reckless_Driving,1way,0.0,30,5G,-95,-39.0,-4.0,0.0031988144832081,40.279557704831305,21.75294064160414,1
User_64,2025-08-22 09:22:45,0.511,0.8178,Driving,Ligeris,6,2way,0.0,30,5G,-97,49.0,2.0,0.047,40.30769256110667,21.80705566375886,1
User_33,2025-08-22 09:23:02,0.634,0.6802,Driving,Zep,Speeding,4way,1.0,30,4G,-81,-17.0,0.0,0.0036281886010972,40.2783477323335,21.753792195661173,1
User_27,2025-08-22 11:48:33,0.535,0.7191,Running,Koila,Reckless_Driving,2way,0.0,90,5G,-87,61.0,-16.0,0.0030072728774616,41.800985,21.791173299107424,1
User_73,2025-08-22 11:50:41,0.325,0.6567,Driving,Zep,Reckless_Driving,2way,1.0,40,3G,-88,-127.0,7.0,0.0021171207181632,40.27879509210478,21.7512519807422,1
User_45,2025-08-22 11:55:54,0.285,0.7403,Running,Zep,Reckless_Driving,4way,2.0,40,113,-99,61.0,12.0,0.0011431079687529,40.280369757904886,21.751284213508377,1
User_13,2025-08-22 12:47:36,0.75,0.7104,Driving,Zep,Speeding,2way,4.0,20,106,-115,79.0,9.0,0.0040464537770781,40.281238744320866,21.753805348789044,1
User_59,2025-08-22 13:04:46,0.265,0.6452,Running,Ligeris,Reckless_Driving,4way,2.0,Illegal_Parking,WiFi,-65,22.0,-1.0,0.031,40.305260669592265,21.80840478068898,1
User_64,2025-08-22 13:37:15,0.511,0.8188,Running,Ligeris,Reckless_Driving,1way,0.0,80,4G,-98,-32.0,16.0,0.0075028248028906,40.30521300126036,21.807863502738304,1
User_66,2025-08-22 13:55:58,0.28,0.6957,Driving,Koila,Driving_Under_Influence,2way,1.0,60,WiFi,-61,68.0,15.0,0.035,40.322659362624435,21.79114470449032,1
User_21,2025-08-22 14:28:56,0.303,0.4802,Walking,Ligeris,8,2way,4.0,40,5G,Satellite,50.0,-15.0,0.0057688032385035,40.30523618125632,21.80724931740044,1
User_34,2025-08-22 14:39:08,0.431,0.6199,Driving,Zep,Speeding,5way,0.0,60,4G,-113,99.0,0.0,0.027,40.279121085386315,21.753258246497538,1
User_54,2025-08-22 15:00:27,0.327,0.5641,Running,Spinari,Driving_Under_Influence,4way,0.0,50,3G,-86,78.0,1.0,0.036,40.30691174263048,21.80693209651451,1
User_98,2025-08-22 15:30:35,0.46,0.6198,Walking,Ligeris,Reckless_Driving,6way,1.0,50,3G,-94,2.0,-13.0,0.0053937053312776,37.308669,21.807025213860577,1
User_51,2025-08-22 16:59:12,0.613,0.848,Running,Ligeris,Reckless_Driving,1way,1.0,90,WiFi,-85,-125.0,12.0,0.0091483030992658,40.30691196672876,21.806362480546372,1
User_50,2025-08-22 17:47:55,0.398,0.6996,Swimming,Zep,Driving_Under_Influence,4way,0.0,70,WiFi,-101,16.0,-7.0,0.009412480572368,40.27995459153429,22.718437,1
User_89,2025-08-22 18:01:19,0.336,0.4791,Walking,Koila,Reckless_Driving,1way,4.0,Lane_Discards,WiFi,Satellite,3.0,-7.0,0.0042497518507782,40.32279173454656,21.790596402098153,1
User_78,2025-08-22 18:13:55,0.347,0.7066,Driving,Koila,9,2way,4.0,10,4G,-101,78.0,13.0,0.0025511171802409,40.32155512968339,21.790743228637695,1
User_54,2025-08-22 18:17:40,0.327,0.7419,Driving,Zep,7,2way,0.0,50,3G,-95,13.0,5.0,0.0077980142850161,40.2794704047908,21.753952223490355,1
User_23,2025-08-22 18:50:08,0.458,0.615,Running,Koila,Reckless_Driving,2way,3.0,Lane_Discards,3G,-114,21.0,-12.0,0.0033601976511747,40.32162431027648,21.793074897913986,1
User_66,2025-08-22 19:00:09,0.28,0.6967,Running,Ligeris,Driving_Under_Influence,4way,2.0,20,5G,-79,-131.0,-12.0,0.0063031083312452,40.30692540605089,21.806201407517605,1
User_23,2025-08-22 19:48:54,0.458,0.616,Running,Center,Driving_Under_Influence,1way,1.0,60,5G,-97,77.0,5.0,0.0023729437867721,40.32109011256026,21.789804160315324,1
User_48,2025-08-22 19:56:03,0.599,0.7354,Running,Zep,Speeding,1way,140.0,10,3G,-79,86.0,10.0,0.0088474898473036,40.279454310439405,21.75452511806451,1
User_87,2025-08-22 19:58:56,0.709,0.8482,Walking,Ligeris,Reckless_Driving,2way,4.0,70,3G,-87,27.0,-11.0,0.0040016133830037,40.306204833776015,23.710559,1
User_16,2025-08-22 20:31:15,0.513,0.6737,Flying,Koila,Speeding,2way,0.0,30,3G,-79,78.0,-15.0,0.0038568235864983,40.306230115631266,21.79148456218931,1
User_39,2025-08-22 22:46:44,0.598,0.6157,Walking,Koila,Driving_Under_Influence,2way,140.0,70,WiFi,Ethernet,85.0,10.0,0.0066165012336571,40.306230115631266,21.791906613081157,1
User_35,2025-08-22 23:18:35,0.274,0.5472,Walking,Koila,Speeding,2way,0.0,20,WiFi,-62,31.0,12.0,0.048,40.3231374461544,21.790441738173296,1
User_56,2025-08-22 23:21:41,0.374,0.4797,Walking,Center,Reckless_Driving,2way,0.0,60,WiFi,-75,69.0,16.0,0.0058193929724981,40.30717963463535,21.80907745871517,1
User_88,2025-08-22 23:41:59,0.471,0.5937,Running,Ligeris,9,4way,3.0,90,116,-110,23.0,15.0,0.0019469022930857,40.30521548665888,21.80768749815672,1
User_17,2025-08-23 00:02:07,0.631,0.6088,Swimming,Ligeris,Speeding,2way,0.0,40,WiFi,-71,8.0,21.0,0.004821264055754,40.30526035048657,21.80649788700629,1
User_28,2025-08-23 00:06:54,0.348,0.7783,Driving,Ligeris,Speeding,1way,0.0,20,5G,-90,8.0,-21.0,0.0097102911118628,40.306183442465525,21.807450086658008,1
User_36,2025-08-23 00:12:07,0.563,0.8569,Walking,Ligeris,Speeding,1way,4.0,70,3G,-81,-25.0,15.0,0.0035765145787781,40.306115118801834,21.808412085674515,1
User_48,2025-08-23 00:15:09,0.599,0.7364,Running,Ligeris,Driving_Under_Influence,4way,160.0,50,WiFi,-72,17.0,-14.0,0.0098377310372343,40.30514555617216,21.805992878215328,1
User_91,2025-08-23 00:18:47,0.587,0.7728,Running,Koila,Speeding,6way,0.0,30,4G,-72,56.0,10.0,0.0055088314691207,40.32309489200064,21.79041278941372,1
User_88,2025-08-23 00:47:00,0.471,0.5947,Driving,Ligeris,Speeding,1way,0.0,70,WiFi,-74,-31.0,-1.0,0.0034714236416918,40.306230115631266,21.805534666255273,1
User_62,2025-08-23 03:06:22,0.366,0.5772,Driving,Koila,Reckless_Driving,4way,1.0,10,4G,-78,12.0,0.0,0.048,40.32195759051434,21.790733891839096,1
User_77,2025-08-23 03:32:13,0.428,0.4855,Driving,Koila,Speeding,2way,140.0,40,3G,-70,50.0,9.0,0.0064677309287659,40.32241906653758,17.078411,1
User_13,2025-08-23 04:21:28,0.75,0.7134,Swimming,Zep,Driving_Under_Influence,2way,1.0,90,5G,-93,12.0,6.0,0.0046277741083894,40.306230115631266,21.753312886290622,1
User_94,2025-08-23 04:57:04,0.681,0.568,Running,Spinari,Driving_Under_Influence,4way,0.0,30,WiFi,-88,35.0,-2.0,0.0045599037667041,40.279355373890795,21.75335605143833,1
User_86,2025-08-23 05:45:08,0.469,0.4701,Driving,Spinari,Speeding,2way,1.0,50,5G,-85,88.0,-6.0,0.0012096845282355,40.323024828444616,21.791098016338147,1
User_45,2025-08-23 06:18:11,0.285,0.7413,Running,Zep,Driving_Under_Influence,2way,140.0,40,3G,-74,43.0,-1.0,0.0015403924538596,40.27911309930159,21.7554946264526,1
User_07,2025-08-23 08:13:49,0.625,0.5504,Driving,Zep,Speeding,2way,2.0,90,WiFi,-73,50.0,-21.0,0.0048445426105125,40.28104142998354,21.753427733534867,1
User_47,2025-08-23 09:04:18,0.585,0.5762,Running,Zep,Speeding,5way,1.0,70,4G,-117,87.0,2.0,0.0052022449631915,40.27862468316791,21.752676629465835,1
User_29,2025-08-23 09:26:01,0.415,0.6334,Running,Ligeris,Speeding,2way,1.0,10,4G,-111,91.0,10.0,0.0022596087974669,40.3058941736284,22.674333,1
User_54,2025-08-23 10:05:59,0.327,0.7429,Driving,Zep,Speeding,2way,1.0,40,4G,-94,75.0,-22.0,0.0056068194371341,40.27831960323529,21.752689074821458,1
User_43,2025-08-23 10:50:54,0.416,0.6287,Walking,Koila,Driving_Under_Influence,4way,1.0,40,3G,-103,-29.0,5.0,0.0051805556852961,40.32220426058685,21.79104260314444,1
User_80,2025-08-23 12:02:32,0.704,0.6287,Running,Koila,Reckless_Driving,2way,1.0,30,3G,-104,26.0,1.0,0.044,40.280437555976846,21.75235272826439,1
User_74,2025-08-23 12:38:08,0.497,0.8254,Driving,Zep,Driving_Under_Influence,5way,0.0,30,3G,-117,45.0,3.0,0.002724933451405,40.27962246400829,21.75341747677846,1
User_01,2025-08-23 13:05:10,0.619,0.7418,Walking,Zep,Speeding,4way,2.0,40,5G,-101,45.0,-3.0,0.029,40.2804504545722,21.75499514024974,1
User_27,2025-08-23 13:13:39,0.535,0.7211,Running,Zep,Reckless_Driving,6way,3.0,70,3G,-100,43.0,-6.0,0.0068640342628708,40.27973417598749,21.751665218145625,1
User_42,2025-08-23 13:29:45,0.738,0.5826,Running,Ligeris,Driving_Under_Influence,1way,0.0,90,5G,-90,49.0,3.0,0.0078390847534047,40.306616630952334,18.359381,1
User_72,2025-08-23 13:32:50,0.567,0.5105,Swimming,Ligeris,Speeding,2way,0.0,30,4G,-108,58.0,-11.0,0.0086228663720319,40.30497011824361,21.807502799838858,1
User_14,2025-08-23 13:43:27,0.393,0.6764,Walking,Koila,Driving_Under_Influence,4way,0.0,50,114,-73,99.0,-6.0,0.0039060577470852,40.32316033333881,21.79114065732151,1
User_22,2025-08-23 14:04:08,0.413,0.5159,Walking,Koila,Driving_Under_Influence,1way,0.0,50,4G,-97,-10.0,3.0,0.0077920167656753,40.32195905436213,21.791084338799024,1
User_28,2025-08-23 15:50:29,0.348,0.7793,Driving,Ligeris,Driving_Under_Influence,6way,1.0,60,4G,-79,40.0,12.0,0.0090502007447957,40.30619106298663,22.104369,1
User_25,2025-08-23 16:12:54,0.408,0.6058,Walking,Koila,Reckless_Driving,2way,1.0,70,5G,-90,94.0,-15.0,0.0017602628269806,40.323438137893895,23.424577,1
User_49,2025-08-23 17:48:31,0.637,0.8103,Walking,Ligeris,Reckless_Driving,2way,0.0,Illegal_Parking,3G,-73,50.0,-9.0,0.0015008169275899,40.304566400690746,21.807535405579003,1
User_18,2025-08-23 18:09:00,0.251,0.8585,Driving,Koila,Reckless_Driving,2way,1.0,50,117,-51,98.0,-1.0,0.0023450598165552,40.32364531912935,21.792222641405004,1
User_56,2025-08-23 18:53:30,0.374,0.4807,Running,Zep,Speeding,1way,1.0,Harassing_Driver,3G,-119,30.0,12.0,0.0016473610189803,40.27872318138359,23.667168,1
User_57,2025-08-23 20:07:20,0.372,0.5812,Walking,Zep,Driving_Under_Influence,2way,1.0,20,114,-84,76.0,9.0,0.0059618077761392,40.27884878346104,21.752453576362587,1
User_75,2025-08-23 22:38:04,0.409,0.6421,Walking,Koila,Speeding,4way,0.0,10,WiFi,-51,66.0,14.0,0.0048722303536788,41.112588,21.791256784153244,1
User_08,2025-08-23 23:04:28,0.347,0.8278,Walking,Ligeris,Driving_Under_Influence,4way,0.0,10,5G,-106,49.0,-12.0,0.0027137154045297,40.306796393571,17.103262,1
User_77,2025-08-23 23:29:03,0.428,0.4865,Walking,Ligeris,Speeding,6way,2.0,40,4G,-97,81.0,-21.0,0.0066606953805206,40.306739398349734,21.807632999530608,1
User_58,2025-08-23 23:31:03,0.465,0.503,Running,Koila,Reckless_Driving,1way,0.0,30,3G,-105,74.0,-25.0,0.0052934536736426,40.322069193392124,21.79129682475451,1
User_40,2025-08-23 23:34:36,0.482,0.8367,Walking,Koila,Reckless_Driving,4way,1.0,60,5G,-119,69.0,-3.0,0.0091652244551598,40.32174420511071,18.340151,1
User_91,2025-08-24 01:00:39,0.587,0.7748,Driving,Zep,Speeding,2way,0.0,Harassing_Driver,WiFi,-79,98.0,8.0,0.0078852529463963,40.278253110605405,17.391615,1
User_95,2025-08-24 01:55:12,0.46,0.7439,Running,Ligeris,Reckless_Driving,4way,1.0,40,WiFi,-78,18.0,4.0,0.032,40.30599517955594,21.807358122918,1
User_99,2025-08-24 02:09:45,0.46,0.6804,Flying,Zep,Reckless_Driving,1way,1.0,30,3G,-78,61.0,-8.0,0.0035353861652511,40.28060682682071,21.752719836462077,1
User_81,2025-08-24 02:45:58,0.376,0.7535,Walking,Ligeris,Driving_Under_Influence,4way,0.0,30,WiFi,-102,-130.0,-10.0,0.0021933862747224,40.30578035528632,21.80551140199815,1
User_33,2025-08-24 03:00:05,0.634,0.6842,Flying,Zep,Driving_Under_Influence,1way,1.0,20,5G,-108,14.0,3.0,0.005653142335994,42.632011,21.754178541640457,1
User_19,2025-08-24 04:46:52,0.745,0.8515,Walking,Ligeris,Driving_Under_Influence,2way,0.0,Illegal_Parking,WiFi,-59,87.0,-8.0,0.0041025682492186,40.306919604353254,21.80863037104919,1
User_61,2025-08-24 06:00:26,0.546,0.5517,Walking,Spinari,Driving_Under_Influence,2way,1.0,30,WiFi,-50,70.0,20.0,0.0012672924622458,40.27966610919517,21.753309429170695,1
User_45,2025-08-24 07:04:40,0.285,0.7433,Running,Zep,Driving_Under_Influence,2way,1.0,80,4G,-113,-44.0,-15.0,0.0034413542377699,40.279618190423946,21.753719292371176,1
User_38,2025-08-24 07:10:51,0.306,0.7771,Running,Ligeris,Reckless_Driving,2way,1.0,30,3G,-77,24.0,-20.0,0.0037256821507759,40.30639370503761,21.807048092014412,1
User_18,2025-08-24 07:36:16,0.251,0.8605,Walking,Center,Reckless_Driving,2way,0.0,50,3G,-118,88.0,-7.0,0.0087632410036299,40.27998440013562,21.752818000036974,1
User_93,2025-08-24 08:15:46,0.588,0.4912,Walking,Koila,Reckless_Driving,2way,4.0,10,3G,-102,24.0,15.0,0.021,40.322068267281,21.791248012445383,1
User_40,2025-08-24 08:26:34,0.482,0.8377,Swimming,Ligeris,Reckless_Driving,1way,2.0,50,4G,-118,35.0,19.0,0.00444548229643,40.30534119870144,21.8061065308368,1
User_90,2025-08-24 09:25:46,0.525,0.5318,Running,Zep,Driving_Under_Influence,1way,2.0,60,WiFi,-73,47.0,-23.0,0.0055130002573266,40.28017747133359,21.755243881544445,1
User_91,2025-08-24 12:51:36,0.587,0.7758,Running,Ligeris,Driving_Under_Influence,2way,1.0,30,5G,-70,2.0,-2.0,0.0094903764476176,41.981766,21.80694459206538,1
User_21,2025-08-24 13:30:57,0.303,0.4842,Running,Ligeris,9,1way,4.0,50,4G,-111,22.0,0.0,0.0034886911715334,40.30481367639776,21.808662657201047,1
User_06,2025-08-24 13:45:21,0.584,0.8395,Running,Koila,Driving_Under_Influence,1way,5.0,60,112,-113,64.0,0.0,0.0022478718232078,40.32062093466053,21.79010592638826,1
User_19,2025-08-24 13:51:10,0.745,0.8525,Driving,Ligeris,8,4way,0.0,10,WiFi,-73,57.0,10.0,0.0031249426556651,40.306552035825234,21.807132740238156,1
User_16,2025-08-24 13:59:13,0.513,0.6777,Running,Center,Speeding,2way,1.0,70,4G,-97,64.0,10.0,0.042,40.30665241686814,21.80827296890129,1
User_96,2025-08-24 14:28:39,0.261,0.7281,Running,Zep,Driving_Under_Influence,4way,0.0,80,103,-76,8.0,14.0,0.0029008639800078,40.279188405875786,21.75346287374585,1
User_54,2025-08-24 14:50:28,0.327,0.7459,Swimming,Ligeris,Speeding,2way,1.0,10,3G,-98,88.0,-15.0,0.0046927612269401,40.30650896710391,21.80784200290011,1
User_58,2025-08-24 19:31:09,0.465,0.505,Driving,Koila,Reckless_Driving,6way,1.0,30,4G,-83,78.0,-7.0,0.0027669196218689,41.794267,21.792851991043825,1
User_42,2025-08-24 19:49:36,0.738,0.5846,Driving,Zep,Reckless_Driving,4way,4.0,40,3G,-74,65.0,25.0,0.0084947126494274,40.28018669957984,21.752941480135497,1
User_65,2025-08-24 22:19:13,0.448,0.5471,Walking,Ligeris,Reckless_Driving,1way,140.0,20,WiFi,-78,94.0,-11.0,0.0069689250975243,40.30648467023131,21.8080803217482,1
User_29,2025-08-25 00:15:37,0.46,0.6364,Driving,Koila,Speeding,2way,1.0,50,WiFi,-84,56.0,-15.0,0.0013822976239371,38.638147,21.790012307647757,1
User_18,2025-08-25 00:44:26,0.251,0.8625,Swimming,Zep,Driving_Under_Influence,1way,0.0,130,3G,-89,73.0,6.0,0.001309044575915,40.27817281007888,21.752796447389745,1
User_38,2025-08-25 00:46:08,0.306,0.7781,Flying,Zep,Reckless_Driving,4way,0.0,50,4G,-91,89.0,-5.0,0.046,40.280290180621,21.7516569580319,1
User_20,2025-08-25 01:20:11,0.334,0.7941,Running,Koila,Speeding,1way,160.0,30,4G,-83,84.0,-5.0,0.0095053613439279,40.32319539991624,21.791907602129974,1
User_66,2025-08-25 02:41:42,0.28,0.7017,Walking,Zep,Speeding,1way,0.0,40,3G,-107,22.0,-4.0,0.0098694490443975,38.269076,21.755454987146035,1
User_79,2025-08-25 03:09:04,0.389,0.59,Driving,Ligeris,Reckless_Driving,2way,0.0,Illegal_Parking,5G,Ethernet,54.0,6.0,0.0074795727929209,40.30647378549591,21.806803987534902,1
User_16,2025-08-25 03:14:17,0.513,0.6787,Driving,Ligeris,Speeding,2way,0.0,70,3G,-83,82.0,13.0,0.04,40.306230115631266,21.808319022569783,1
User_95,2025-08-25 03:36:27,0.545,0.7459,Driving,Zep,Speeding,2way,1.0,90,WiFi,-71,58.0,2.0,0.0044176846377789,38.119718,21.75319489387375,1
User_63,2025-08-25 03:38:22,0.543,0.5886,Walking,Ligeris,Speeding,2way,0.0,Illegal_Parking,3G,-101,63.0,4.0,0.0070372782759432,42.000804,21.805542627428416,1
User_21,2025-08-25 04:19:18,0.303,0.4852,Walking,Ligeris,Speeding,1way,1.0,40,5G,-87,6.0,-4.0,0.005653142335994,40.30723069101395,19.859477,1
User_71,2025-08-25 05:07:52,0.256,0.4753,Driving,Ligeris,Reckless_Driving,1way,150.0,30,4G,-109,70.0,0.0,0.004596365690998,40.3062042374148,17.265103,1
User_77,2025-08-25 06:14:14,0.428,0.4895,Driving,Zep,Driving_Under_Influence,2way,150.0,80,5G,-115,15.0,16.0,0.0058612645754741,40.280451424566934,21.753024016367675,1
User_75,2025-08-25 06:31:53,0.409,0.6461,Walking,Koila,Reckless_Driving,2way,1.0,10,5G,-113,-35.0,-15.0,0.0055891287218124,40.323013673639394,21.79167955060439,1
User_97,2025-08-25 07:20:50,0.337,0.7523,Walking,Zep,Driving_Under_Influence,1way,4.0,80,WiFi,-79,40.0,-20.0,0.0061566001151184,40.27943619821721,21.753062839341226,1
User_38,2025-08-25 07:47:41,0.306,0.7791,Walking,Zep,Reckless_Driving,1way,0.0,50,3G,-94,-124.0,-8.0,0.0065295240055793,40.27946919714395,21.753240359649595,1
User_60,2025-08-25 08:33:42,0.353,0.8388,Swimming,Koila,Reckless_Driving,4way,0.0,80,WiFi,-80,77.0,0.0,0.0013882229235299,41.469855,21.791256784153244,1
User_10,2025-08-25 08:41:21,0.315,0.5641,Driving,Koila,Reckless_Driving,6way,1.0,20,WiFi,-89,2.0,-12.0,0.0039647894792333,40.322186861251865,21.791610298011182,1
User_58,2025-08-25 09:13:02,0.465,0.506,Walking,Koila,Reckless_Driving,4way,1.0,50,5G,-107,54.0,-3.0,0.024,40.32031096534099,21.791266150050177,1
User_42,2025-08-25 09:59:50,0.738,0.5641,Running,Zep,Reckless_Driving,4way,0.0,30,3G,-93,68.0,-6.0,0.0023872105686526,40.279742014901274,18.754543,1
User_99,2025-08-25 10:11:24,0.465,0.6824,Swimming,Zep,Speeding,2way,1.0,40,115,-101,86.0,-9.0,0.0085333199110393,40.279494246886664,21.753338694039456,1
User_73,2025-08-25 10:47:39,0.325,0.6637,Walking,Zep,Reckless_Driving,2way,140.0,40,5G,-70,74.0,5.0,0.006436282652242,40.27961190768312,21.752743656841783,1
User_84,2025-08-25 11:30:01,0.527,0.5467,Running,Ligeris,Speeding,4way,0.0,80,4G,-73,69.0,-3.0,0.045,40.30685144883513,21.8075677107605,1
User_03,2025-08-25 11:36:43,0.568,0.5014,Walking,Koila,Reckless_Driving,2way,2.0,10,3G,-81,45.0,-4.0,0.0050766269434328,37.480446,21.793152535241145,1
User_31,2025-08-25 12:28:09,0.56,0.8264,Driving,Koila,Reckless_Driving,6way,1.0,30,106,-89,78.0,-2.0,0.0059768417314566,40.321493782182266,21.792360441733543,1
User_02,2025-08-25 13:21:38,0.529,0.7736,Running,Zep,Reckless_Driving,2way,1.0,50,5G,-71,-40.0,-3.0,0.0065513823709257,40.279054836044466,21.752484431275217,1
User_27,2025-08-25 13:27:42,0.535,0.7241,Driving,Ligeris,Speeding,5way,0.0,60,3G,-107,4.0,-5.0,0.0098934833364139,40.3074332129218,21.809000076806885,1
User_08,2025-08-25 15:51:07,0.347,0.8308,Running,Koila,Reckless_Driving,2way,1.0,30,WiFi,-90,21.0,-23.0,0.0077989612714414,40.3216494717694,21.79172627970002,1
User_35,2025-08-25 16:23:16,0.274,0.5532,Flying,Zep,Speeding,4way,3.0,40,3G,-71,93.0,-14.0,0.0058656439653391,37.017192,21.753263118606423,1
User_94,2025-08-25 17:00:23,0.681,0.573,Running,Koila,Reckless_Driving,1way,0.0,Illegal_Parking,5G,-97,31.0,0.0,0.0080898610159246,40.321219799481675,21.79158451523884,1
User_19,2025-08-25 17:30:30,0.745,0.8545,Running,Koila,Speeding,1way,0.0,80,5G,-120,68.0,12.0,0.0090638949997945,40.32223124126282,23.494299,1
User_50,2025-08-25 18:12:51,0.398,0.7056,Walking,Koila,6,2way,0.0,60,WiFi,-58,94.0,-11.0,0.0087549576004829,42.015085,21.79123387257061,1
User_66,2025-08-25 19:38:44,0.28,0.7027,Walking,Zep,9,4way,1.0,10,4G,-90,69.0,-15.0,0.0021298902724987,40.28025813943075,21.75354789547408,1
User_83,2025-08-25 20:03:27,0.309,0.8325,Running,Zep,Reckless_Driving,1way,1.0,50,5G,-99,-42.0,2.0,0.0019920244082386,40.27852781469663,21.754952082067316,1
User_51,2025-08-25 22:06:29,0.613,0.854,Running,Zep,Reckless_Driving,2way,140.0,10,4G,-90,20.0,-13.0,0.009194531209375,40.27959364389554,21.751548137828948,1
User_91,2025-08-25 22:18:01,0.587,0.7768,Walking,Center,Driving_Under_Influence,2way,2.0,30,WiFi,-62,51.0,10.0,0.0071119287440241,40.27973465543788,21.753033888132776,1
User_91,2025-08-25 22:20:25,0.587,0.7778,Running,Koila,Reckless_Driving,2way,3.0,60,3G,-84,8.0,-6.0,0.031,40.32089428308001,21.79274231133829,1
User_24,2025-08-25 23:06:06,0.445,0.5556,Walking,Center,Driving_Under_Influence,2way,1.0,60,3G,-101,-145.0,-3.0,0.0016516010143831,40.30650073609307,21.807323643405752,1
User_12,2025-08-25 23:40:54,0.67,0.8252,Driving,Koila,Driving_Under_Influence,2way,1.0,60,WiFi,-52,23.0,-11.0,0.0070017027406013,37.537783,21.792031776901073,1
User_81,2025-08-26 02:56:58,0.376,0.7575,Running,Koila,Speeding,4way,0.0,30,103,-116,16.0,-8.0,0.0098230241643705,40.32270459737848,21.792505833580783,1
User_18,2025-08-26 04:14:48,0.251,0.8645,Driving,Ligeris,Speeding,2way,5.0,80,4G,-81,-28.0,0.0,0.0094483471643651,40.305515854115974,21.80806218498695,1
User_46,2025-08-26 05:57:58,0.519,0.8166,Running,Koila,Driving_Under_Influence,2way,0.0,20,5G,-109,-11.0,3.0,0.0093631324924455,40.3208345411284,21.790922433792,1
User_42,2025-08-26 06:28:04,0.738,0.5886,Flying,Zep,Reckless_Driving,4way,0.0,30,4G,-119,25.0,-3.0,0.005653142335994,40.2800939256438,21.751035108915683,1
User_67,2025-08-26 07:34:24,0.529,0.6856,Running,Zep,Reckless_Driving,2way,2.0,40,4G,-71,46.0,-23.0,0.006752542497239,40.27933060213112,21.753858519994814,1
User_13,2025-08-26 08:10:19,0.75,0.7184,Driving,Ligeris,8,2way,1.0,80,WiFi,-84,60.0,-6.0,0.034,40.30704601103041,21.807953381957592,1
User_10,2025-08-26 08:14:11,0.315,0.8248,Running,Ligeris,Driving_Under_Influence,2way,0.0,50,5G,-85,-45.0,9.0,0.0065268477423938,40.30618059324686,21.807008047914007,1
User_14,2025-08-26 11:04:39,0.393,0.6814,Running,Zep,Speeding,4way,0.0,80,WiFi,-58,11.0,1.0,0.047,40.27895714956299,21.752591304444906,1
User_28,2025-08-26 11:40:57,0.348,0.7853,Walking,Zep,Reckless_Driving,4way,2.0,90,3G,-77,99.0,-22.0,0.0054795988370646,40.27923513257759,21.75409060140112,1
User_33,2025-08-26 12:44:28,0.634,0.6882,Driving,Koila,Driving_Under_Influence,2way,1.0,40,WiFi,-88,21.0,-14.0,0.038,40.32118198404753,21.792628617926663,1
User_43,2025-08-26 12:47:54,0.416,0.6347,Running,Zep,Reckless_Driving,1way,1.0,60,103,-113,14.0,0.0,0.0016342306622411,40.280056514717224,21.75403102196375,1
User_32,2025-08-26 13:19:01,0.464,0.494,Walking,Zep,Driving_Under_Influence,2way,0.0,20,3G,-87,-27.0,-7.0,0.0013022285274222,40.279749308959296,21.791256784153244,1
User_31,2025-08-26 13:23:18,0.56,0.8284,Walking,Center,Speeding,4way,0.0,30,4G,-71,28.0,-11.0,0.026,40.32185239850661,21.79135277722649,1
User_49,2025-08-26 13:33:01,0.637,0.8163,Running,Koila,Driving_Under_Influence,2way,4.0,60,WiFi,-58,62.0,15.0,0.0013611423294897,38.533782,21.752460565081496,1
User_37,2025-08-26 13:37:24,0.306,0.7504,Walking,Koila,Speeding,2way,0.0,Lane_Discards,WiFi,-82,65.0,8.0,0.0041600071160269,40.3211816218604,22.907347,1
User_68,2025-08-26 13:47:39,0.472,0.5069,Driving,Zep,Speeding,2way,0.0,90,4G,-115,-33.0,-3.0,0.0074577125045287,40.28049935233302,21.754991478222536,1
User_98,2025-08-26 14:28:12,0.46,0.6278,Driving,Zep,Reckless_Driving,4way,0.0,60,5G,-97,-43.0,-11.0,0.0092729034636689,40.281065371630525,21.75274011923444,1
User_93,2025-08-26 15:31:39,0.588,0.4962,Driving,Zep,8,1way,0.0,80,3G,-82,97.0,0.0,0.0040410213873731,40.28095958306672,21.75239680047826,1
User_92,2025-08-26 16:00:28,0.694,0.5641,Walking,Koila,Reckless_Driving,5way,0.0,40,3G,-88,91.0,-9.0,0.0049916716607601,40.32241592035384,22.44261,1
User_58,2025-08-26 16:08:08,0.465,0.509,Driving,Koila,Driving_Under_Influence,2way,1.0,10,102,-117,0.0,9.0,0.0053284826003041,40.32240255660669,21.79198103305885,1
User_97,2025-08-26 16:18:59,0.337,0.7543,Walking,Koila,Speeding,1way,0.0,50,4G,-96,79.0,0.0,0.0036503321315191,37.194427,21.7909407563262,1
User_81,2025-08-26 16:48:30,0.376,0.7585,Running,Koila,Driving_Under_Influence,6way,0.0,30,3G,-104,18.0,-4.0,0.0086179857096489,40.3229445674503,21.791863503896614,1
User_44,2025-08-26 17:04:52,0.332,0.5586,Walking,Ligeris,8,2way,1.0,30,4G,-93,65.0,-8.0,0.0021712239045887,40.30647185687713,21.807550669640374,1
User_95,2025-08-26 17:25:54,0.545,0.7489,Walking,Koila,Driving_Under_Influence,4way,1.0,80,5G,-113,76.0,4.0,0.0064078356707228,40.321371132816175,18.409218,1
User_87,2025-08-26 17:38:44,0.709,0.5641,Driving,Ligeris,Speeding,2way,1.0,80,3G,-88,1.0,22.0,0.0062419400807811,40.30532085528248,21.806778946287523,1
User_11,2025-08-26 17:45:54,0.602,0.791,Walking,Ligeris,Driving_Under_Influence,2way,1.0,40,3G,-104,70.0,-2.0,0.0076091945563309,38.641849,21.80794098640322,1
User_35,2025-08-26 17:54:05,0.274,0.5542,Walking,Koila,Reckless_Driving,1way,0.0,60,4G,-87,2.0,-13.0,0.0050826281172708,41.119084,21.752407796296005,1
User_22,2025-08-26 17:56:17,0.413,0.5219,Walking,Center,Speeding,1way,2.0,10,4G,-86,-153.0,-14.0,0.008160467827193,40.30637043614345,21.808806390104323,1
User_51,2025-08-26 18:40:37,0.613,0.855,Driving,Ligeris,Speeding,2way,2.0,20,4G,-86,98.0,-1.0,0.0023216388023954,38.517983,21.80657209354831,1
User_62,2025-08-26 19:04:34,0.366,0.5842,Running,Spinari,Reckless_Driving,2way,2.0,50,112,-78,97.0,-6.0,0.0077828892344744,40.30577454907864,21.80975371348441,1
User_21,2025-08-26 20:30:52,0.303,0.4882,Driving,Ligeris,Speeding,1way,4.0,60,WiFi,-65,54.0,6.0,0.0083426333836384,40.30457102721885,17.352311,1
User_83,2025-08-26 20:33:00,0.309,0.8345,Walking,Koila,Speeding,6way,1.0,80,5G,-109,79.0,8.0,0.0056022158209738,37.782089,21.790334839554323,1
User_55,2025-08-26 22:23:05,0.447,0.8114,Running,Ligeris,Speeding,1way,0.0,50,4G,-113,45.0,-23.0,0.0059666721198333,40.30798446109078,21.80752462953149,1
User_61,2025-08-26 22:30:12,0.546,0.5557,Driving,Center,Speeding,1way,0.0,80,4G,-107,77.0,16.0,0.0095750662100058,40.2805543783813,21.7515773658034,1
User_10,2025-08-26 22:30:59,0.315,0.8258,Driving,Spinari,Speeding,2way,1.0,20,WiFi,-60,14.0,-8.0,0.009665156014115,40.30709499473907,21.8072888877804,1
User_94,2025-08-26 23:16:31,0.681,0.575,Driving,Zep,Speeding,5way,0.0,90,3G,-98,71.0,6.0,0.045,40.27937093051631,21.751272610304405,1
User_40,2025-08-26 23:17:47,0.482,0.8427,Driving,Zep,Speeding,4way,0.0,50,WiFi,-54,-14.0,16.0,0.0075507808479875,40.280049363730214,21.75364036660213,1
User_70,2025-08-26 23:19:54,0.601,0.5699,Driving,Ligeris,Speeding,1way,1.0,20,3G,-96,43.0,-25.0,0.0034292299304928,40.30623321579938,21.807493774187716,1
User_35,2025-08-26 23:47:07,0.274,0.5552,Walking,Koila,Reckless_Driving,4way,140.0,40,4G,-120,25.0,-6.0,0.007810463094581,40.322873822954634,22.887682,1
User_40,2025-08-27 01:29:52,0.482,0.8437,Walking,Zep,6,1way,0.0,20,5G,-110,41.0,-12.0,0.0050358773932712,40.28087362952345,21.753444004226253,1
User_56,2025-08-27 01:31:03,0.374,0.4887,Walking,Ligeris,Driving_Under_Influence,5way,0.0,60,WiFi,-50,67.0,3.0,0.0047979308625969,40.30671203309125,21.807122433830877,1
User_98,2025-08-27 01:56:24,0.46,0.6288,Walking,Ligeris,Driving_Under_Influence,1way,1.0,90,5G,-117,-25.0,13.0,0.0099914633960384,40.30610868641834,21.80788824306786,1
User_22,2025-08-27 02:02:34,0.413,0.5229,Walking,Ligeris,Driving_Under_Influence,2way,2.0,40,4G,-89,-128.0,0.0,0.0013038607019908,40.30541402121819,21.8064472805527,1
User_73,2025-08-27 03:37:12,0.325,0.6667,Walking,Zep,6,1way,1.0,50,WiFi,-71,97.0,-4.0,0.0055509729078509,40.27934566177464,21.753303054518987,1
User_64,2025-08-27 03:42:22,0.511,0.8278,Driving,Ligeris,Reckless_Driving,5way,1.0,90,WiFi,-84,-23.0,-5.0,0.0030381007195874,40.306230115631266,21.808331122211516,1
User_84,2025-08-27 04:51:45,0.527,0.5497,Driving,Koila,8,4way,2.0,40,4G,-87,46.0,-11.0,0.0016096308854173,40.32208382546254,21.790956961949803,1
User_23,2025-08-27 04:54:58,0.458,0.625,Driving,Zep,Speeding,2way,1.0,30,4G,-89,49.0,-16.0,0.0094228631032221,38.195045,21.752494192641933,1
User_33,2025-08-27 05:51:14,0.634,0.6902,Walking,Zep,Driving_Under_Influence,2way,0.0,70,5G,-113,-14.0,-12.0,0.0049479255358622,40.279228351899825,21.75475045208255,1
User_09,2025-08-27 05:52:48,0.307,0.8618,Walking,Zep,6,1way,0.0,20,3G,-99,45.0,4.0,0.0010778994477003,40.27870322718927,21.753242673686103,1
User_27,2025-08-27 05:59:11,0.535,0.7281,Driving,Ligeris,Reckless_Driving,2way,1.0,40,WiFi,-73,10.0,4.0,0.009964900905381,40.306546771132545,18.519201,1
User_44,2025-08-27 07:22:31,0.332,0.5606,Running,Ligeris,Driving_Under_Influence,2way,140.0,40,5G,-97,1.0,16.0,0.0045670489641333,40.30509871034837,21.80751102050569,1
User_91,2025-08-27 07:25:19,0.587,0.7808,Flying,Zep,Driving_Under_Influence,2way,0.0,50,5G,-97,68.0,-24.0,0.0057402342831443,40.28011578486002,21.75532479853149,1
User_05,2025-08-27 08:07:03,0.743,0.7727,Driving,Koila,Driving_Under_Influence,1way,4.0,40,102,-73,20.0,1.0,0.0060007484914184,40.32139998090596,21.79338658989871,1
User_74,2025-08-27 09:47:30,0.497,0.8334,Walking,Koila,Speeding,1way,0.0,30,115,-94,35.0,-6.0,0.00257287027267,40.32247187142314,21.79006623454774,1
User_90,2025-08-27 10:45:10,0.525,0.5378,Running,Zep,Driving_Under_Influence,4way,2.0,70,4G,-75,12.0,-5.0,0.0098510098927258,41.592643,21.75383154148812,1
User_20,2025-08-27 10:48:03,0.334,0.7991,Walking,Koila,Speeding,2way,1.0,60,112,-72,37.0,-3.0,0.0038500444669638,40.32116822396856,21.792350206369793,1
User_89,2025-08-27 11:36:14,0.336,0.4891,Driving,Ligeris,Driving_Under_Influence,2way,0.0,40,4G,-117,61.0,-23.0,0.0093664485121974,40.30613559870063,21.809664140370717,1
User_93,2025-08-27 12:05:40,0.588,0.4972,Driving,Zep,Speeding,2way,0.0,10,WiFi,-52,84.0,13.0,0.0060527389546866,38.537301,21.75123176289217,1
User_26,2025-08-27 12:36:34,0.408,0.7255,Flying,Ligeris,Reckless_Driving,2way,1.0,80,4G,-88,-14.0,-11.0,0.0031923895708725,40.306230115631266,21.80799610055388,1
User_39,2025-08-27 13:20:48,0.598,0.6247,Driving,Koila,Driving_Under_Influence,2way,1.0,30,WiFi,-71,27.0,-7.0,0.0012975457640207,41.195033,21.791242943980127,1
User_53,2025-08-27 13:38:02,0.313,0.5756,Walking,Koila,Driving_Under_Influence,1way,0.0,40,5G,-105,46.0,-13.0,0.0018183005249603,38.107691,21.79313657443159,1
User_22,2025-08-27 13:59:04,0.413,0.5641,Running,Koila,Speeding,2way,0.0,30,5G,-80,-40.0,1.0,0.0092849359160984,40.32222371099137,21.790520479596005,1
User_12,2025-08-27 14:04:05,0.67,0.8292,Running,Ligeris,Speeding,2way,0.0,Lane_Discards,4G,-70,45.0,17.0,0.0083907407297523,40.3077301861092,21.80703586416456,1
User_25,2025-08-27 14:42:23,0.408,0.6138,Walking,Ligeris,Speeding,2way,0.0,60,WiFi,-71,75.0,-22.0,0.0020427286724278,40.307496291309675,21.807305464933208,1
User_99,2025-08-27 14:53:14,0.465,0.6874,Running,Zep,Reckless_Driving,4way,0.0,70,108,-101,96.0,-4.0,0.0091244331386121,40.279934821890286,21.754942347995915,1
User_35,2025-08-27 16:01:33,0.274,0.5572,Walking,Koila,Reckless_Driving,6way,2.0,70,5G,-96,-14.0,9.0,0.0072170362716272,40.32186512716846,21.79094582874901,1
User_43,2025-08-27 16:09:47,0.416,0.6367,Walking,Koila,7,4way,0.0,30,WiFi,-88,47.0,-4.0,0.0068209382831652,40.32363399844729,21.790207637761,1
User_06,2025-08-27 16:11:53,0.584,0.8455,Running,Zep,Driving_Under_Influence,2way,0.0,40,3G,-106,8.0,5.0,0.035,40.279608521331774,21.75143610877409,1
User_40,2025-08-27 17:19:20,0.482,0.8447,Flying,Zep,Speeding,2way,0.0,10,4G,-75,1.0,-16.0,0.0081944795182691,40.280087428291864,21.75369818717541,1
User_39,2025-08-27 17:29:46,0.598,0.6257,Walking,Ligeris,Driving_Under_Influence,1way,3.0,30,5G,-84,66.0,-12.0,0.0079897702983369,42.597374,21.80908969041457,1
User_41,2025-08-27 17:52:17,0.628,0.6391,Driving,Koila,Speeding,2way,0.0,50,4G,-72,23.0,24.0,0.0068994498139588,40.322928938434686,21.792382362374138,1
User_31,2025-08-27 18:16:29,0.56,0.8304,Driving,Zep,Speeding,2way,1.0,40,WiFi,-75,13.0,9.0,0.0079452629532371,38.647744,21.7524331477149,1
User_58,2025-08-27 18:50:27,0.465,0.511,Driving,Ligeris,Driving_Under_Influence,2way,4.0,50,107,-120,63.0,13.0,0.0034900670289503,40.30609899857136,21.808188062103124,1
User_100,2025-08-27 19:43:17,0.37,0.731,Driving,Koila,Speeding,2way,150.0,40,5G,-109,26.0,-6.0,0.0071503429382627,41.3532,21.79341362178604,1
User_93,2025-08-27 20:29:59,0.588,0.4982,Walking,Koila,Speeding,2way,0.0,60,5G,-84,-122.0,6.0,0.0037958002064405,40.32327617096486,21.792387650941553,1
User_07,2025-08-27 21:25:28,0.625,0.5584,Driving,Ligeris,Driving_Under_Influence,6way,1.0,20,3G,-84,16.0,14.0,0.005653142335994,40.3050289556189,21.809030559173543,1
User_37,2025-08-27 23:37:11,0.306,0.7534,Running,Zep,Speeding,5way,1.0,90,WiFi,-51,6.0,4.0,0.0013539017820038,40.27900679960575,21.752297375006385,1
User_84,2025-08-27 23:47:22,0.527,0.5507,Walking,Ligeris,Driving_Under_Influence,2way,0.0,40,WiFi,-63,51.0,-11.0,0.0079829186933805,38.362884,21.791256784153244,1
User_59,2025-08-27 23:48:54,0.265,0.6552,Swimming,Ligeris,Reckless_Driving,4way,3.0,40,102,-97,80.0,13.0,0.0041394341831045,40.30583754862837,21.791256784153244,1
User_100,2025-08-28 01:05:21,0.37,0.732,Running,Ligeris,Speeding,1way,0.0,Lane_Discards,3G,-70,-132.0,7.0,0.0030472417671901,40.305089688547504,21.80812050676709,1
User_87,2025-08-28 01:07:50,0.709,0.8592,Running,Ligeris,Speeding,4way,140.0,30,5G,Ethernet,77.0,-3.0,0.0093162484542152,40.30536111441435,21.80768291924106,1
User_37,2025-08-28 01:40:24,0.306,0.7544,Driving,Koila,Speeding,2way,150.0,10,3G,-71,38.0,-16.0,0.0046182025189802,40.32206680874284,21.791378775885015,1
User_28,2025-08-28 04:14:22,0.348,0.7883,Driving,Ligeris,Reckless_Driving,5way,0.0,60,5G,-82,75.0,-9.0,0.0037597654265078,40.30525201447499,21.8074263285463,1
User_80,2025-08-28 04:47:46,0.704,0.6387,Driving,Zep,Reckless_Driving,6way,0.0,50,WiFi,-68,98.0,3.0,0.034,40.279606541675186,21.753237979469315,1
User_54,2025-08-28 04:59:02,0.327,0.7529,Swimming,Ligeris,Driving_Under_Influence,1way,3.0,70,3G,-116,88.0,-6.0,0.0089408745483675,40.30777621694728,21.807411471096103,1
User_78,2025-08-28 05:11:25,0.347,0.7176,Driving,Koila,7,1way,2.0,50,5G,-77,97.0,1.0,0.0014227151996375,40.3222016871343,21.790923524383935,1
User_61,2025-08-28 05:35:05,0.546,0.5587,Walking,Zep,Speeding,2way,0.0,50,106,-108,10.0,8.0,0.0030608595703762,40.279629209392624,21.752869844045563,1
User_27,2025-08-28 05:54:07,0.535,0.7301,Driving,Zep,Reckless_Driving,1way,1.0,20,3G,-86,-23.0,13.0,0.005653142335994,40.2795529170294,21.753275588579925,1
User_94,2025-08-28 06:19:28,0.681,0.578,Driving,Ligeris,Speeding,2way,2.0,80,3G,-118,31.0,-10.0,0.0083153029055302,40.30766576738239,19.31818,1
User_72,2025-08-28 07:34:23,0.567,0.5195,Walking,Koila,9,2way,0.0,10,4G,-86,52.0,10.0,0.0096559897440868,42.390797,21.792110001165167,1
User_14,2025-08-28 07:55:58,0.393,0.6854,Running,Koila,Reckless_Driving,1way,1.0,50,3G,-105,-128.0,10.0,0.0074858360381521,40.32245694156569,21.79083733787359,1
User_75,2025-08-28 08:30:42,0.409,0.6511,Driving,Ligeris,Speeding,4way,1.0,80,WiFi,-60,81.0,14.0,0.0051738013740094,37.446401,21.80714720585268,1
User_14,2025-08-28 08:39:07,0.393,0.6864,Driving,Ligeris,Speeding,1way,0.0,Illegal_Parking,WiFi,-59,57.0,-13.0,0.0091650790886908,40.30585205003337,21.806518937373017,1
User_43,2025-08-28 09:47:52,0.416,0.5641,Driving,Koila,Speeding,6way,0.0,80,3G,-84,80.0,-16.0,0.0061647181537972,40.323434173549956,19.346387,1
User_95,2025-08-28 09:54:08,0.545,0.7529,Running,Ligeris,7,4way,3.0,40,WiFi,-88,79.0,-13.0,0.0088090023669177,37.986282,21.808730853684153,1
User_21,2025-08-28 10:45:26,0.303,0.4922,Walking,Center,Speeding,2way,1.0,40,WiFi,-83,-158.0,-3.0,0.0032112443950319,40.30716639869315,21.806449694460152,1
User_42,2025-08-28 10:59:06,0.738,0.5916,Walking,Center,Speeding,4way,0.0,10,103,-90,27.0,2.0,0.0093843086157885,40.32170014006558,21.79027561834116,1
User_81,2025-08-28 11:54:54,0.376,0.7625,Walking,Koila,Driving_Under_Influence,2way,2.0,Illegal_Parking,WiFi,-77,76.0,-9.0,0.0093361819058776,40.32213680842073,21.791120607595538,1
User_41,2025-08-28 11:58:27,0.628,0.6411,Running,Koila,Driving_Under_Influence,2way,160.0,50,5G,-116,-159.0,0.0,0.0084396273197762,40.320836835955106,21.792350845744924,1
User_79,2025-08-28 12:00:50,0.389,0.597,Walking,Ligeris,Speeding,2way,160.0,70,3G,-112,85.0,-15.0,0.0058830719725753,40.30647965603048,21.807185465597673,1
User_93,2025-08-28 12:26:18,0.588,0.5002,Driving,Koila,Speeding,4way,160.0,10,4G,-94,74.0,-13.0,0.007590994832812,40.32072639361349,21.79240184129255,1
User_49,2025-08-28 12:28:59,0.637,0.8203,Driving,Koila,6,2way,2.0,40,4G,-107,59.0,-19.0,0.0075577344729716,40.32207935084219,21.7917718779301,1
User_05,2025-08-28 13:14:32,0.743,0.7747,Running,Center,Speeding,1way,0.0,20,4G,-83,64.0,13.0,0.042,40.306587009908235,21.808801123521786,1
User_45,2025-08-28 13:43:33,0.285,0.7523,Flying,Zep,Speeding,2way,0.0,60,WiFi,-83,82.0,-14.0,0.005653142335994,40.2795181345513,21.753285872959676,1
User_30,2025-08-28 13:46:57,0.413,0.5694,Walking,Zep,Speeding,4way,1.0,60,3G,-89,23.0,-13.0,0.028,40.27847067382667,21.753620503798764,1
User_05,2025-08-28 13:50:35,0.743,0.7757,Driving,Spinari,Driving_Under_Influence,4way,0.0,80,4G,-74,49.0,7.0,0.0066752207183747,40.27967810124298,21.75514967491006,1
User_33,2025-08-28 14:47:54,0.634,0.6922,Walking,Koila,7,1way,1.0,90,4G,-100,81.0,-15.0,0.0062018631804754,40.32332361004444,21.790886236196616,1
User_51,2025-08-28 15:18:03,0.613,0.86,Running,Koila,Speeding,2way,0.0,90,3G,-98,98.0,-3.0,0.033,40.3229772659906,21.7915260067671,1
User_68,2025-08-28 16:40:35,0.472,0.5109,Walking,Koila,Driving_Under_Influence,1way,0.0,40,113,-88,95.0,14.0,0.0049612719350494,40.32222216686484,21.791749439133504,1
User_73,2025-08-28 17:16:47,0.46,0.6687,Driving,Koila,Driving_Under_Influence,1way,2.0,40,4G,-88,75.0,-24.0,0.0028871640272728,40.323283475464024,21.79110656971351,1
User_90,2025-08-28 18:40:08,0.525,0.5398,Running,Ligeris,Driving_Under_Influence,5way,0.0,70,WiFi,-102,70.0,-6.0,0.0084139799200034,40.30628153710291,21.808160725760285,1
User_73,2025-08-28 19:59:29,0.325,0.6697,Running,Ligeris,Driving_Under_Influence,1way,5.0,80,113,-93,83.0,12.0,0.0040255998260311,40.30622622665666,21.80748311215867,1
User_33,2025-08-28 21:26:30,0.634,0.6932,Walking,Koila,Driving_Under_Influence,2way,0.0,40,WiFi,-65,-29.0,16.0,0.0080496164278646,40.32278369917944,21.790880594007348,1
User_67,2025-08-28 21:46:45,0.529,0.6906,Driving,Koila,7,2way,0.0,60,WiFi,-81,70.0,-4.0,0.0015454668117565,40.32207318082545,21.7912850765461,1
User_42,2025-08-28 22:09:37,0.738,0.5926,Driving,Koila,Driving_Under_Influence,2way,0.0,60,WiFi,-88,2.0,-11.0,0.0025282111734051,40.32305958542307,18.494844,1
User_97,2025-08-28 22:38:34,0.337,0.7593,Walking,Ligeris,Driving_Under_Influence,2way,0.0,60,4G,-72,43.0,-5.0,0.0082709565934528,38.390131,21.80725557869627,1
User_36,2025-08-28 23:13:02,0.563,0.8679,Running,Koila,Reckless_Driving,4way,0.0,130,3G,-106,-32.0,6.0,0.0046399631591525,40.321348196398155,21.792086713764135,1
User_75,2025-08-29 00:00:32,0.409,0.6531,Walking,Ligeris,Reckless_Driving,1way,1.0,50,4G,-86,70.0,0.0,0.0059718820841274,40.30659076776572,17.704107,1
User_06,2025-08-29 00:23:25,0.584,0.8485,Running,Koila,Driving_Under_Influence,4way,0.0,40,WiFi,-85,14.0,7.0,0.0053683473565604,40.322311569866976,18.709394,1
User_49,2025-08-29 00:42:20,0.637,0.8213,Walking,Ligeris,Speeding,5way,1.0,70,5G,-86,100.0,-5.0,0.0085560946452082,40.30612984889236,22.635167,1
User_02,2025-08-29 01:48:48,0.529,0.7806,Driving,Zep,Speeding,2way,1.0,20,117,-100,91.0,9.0,0.0036419258832055,40.27904879509281,21.75387464756265,1
User_40,2025-08-29 01:50:08,0.482,0.8477,Driving,Ligeris,Reckless_Driving,1way,0.0,70,WiFi,-72,-130.0,-14.0,0.0048190281696867,40.306223612764704,21.806987895951405,1
User_67,2025-08-29 02:06:40,0.529,0.6916,Walking,Koila,Speeding,1way,0.0,40,3G,-80,11.0,9.0,0.0088566101165878,38.066925,21.75250403596816,1
User_55,2025-08-29 02:18:38,0.447,0.8164,Running,Spinari,Speeding,4way,0.0,60,4G,-87,55.0,14.0,0.0030994861497416,40.306786367128595,21.80705326379888,1
User_42,2025-08-29 02:33:07,0.738,0.5936,Driving,Ligeris,Speeding,5way,0.0,90,5G,-99,-156.0,5.0,0.001017590558483,40.306991615993965,21.80821070837848,1
User_57,2025-08-29 04:00:44,0.372,0.5922,Driving,Center,Reckless_Driving,2way,0.0,60,102,-119,68.0,4.0,0.0021627936771663,40.30639614245278,21.80761909578566,1
User_07,2025-08-29 04:10:07,0.625,0.5614,Walking,Koila,Driving_Under_Influence,2way,2.0,20,4G,-82,56.0,-20.0,0.0096317780180932,40.320672373677496,21.790388122004604,1
User_26,2025-08-29 04:50:15,0.408,0.7285,Swimming,Zep,Speeding,1way,0.0,30,3G,-92,47.0,-9.0,0.041,40.279775817855864,21.754197344245295,1
User_93,2025-08-29 05:48:54,0.588,0.5022,Running,Ligeris,Reckless_Driving,1way,140.0,60,WiFi,-90,65.0,10.0,0.0077336109415041,40.30555342568049,21.806220448335587,1
User_42,2025-08-29 08:16:59,0.738,0.5946,Swimming,Koila,Reckless_Driving,2way,1.0,50,4G,-120,52.0,10.0,0.004567470914412,40.32255828427952,21.79096591514991,1
User_97,2025-08-29 08:21:07,0.337,0.7603,Running,Ligeris,Reckless_Driving,2way,1.0,Harassing_Driver,3G,-98,99.0,4.0,0.045,40.30646741642353,21.806997261523065,1
User_49,2025-08-29 08:35:34,0.637,0.8223,Driving,Zep,Speeding,2way,160.0,20,WiFi,-51,49.0,-20.0,0.0031389707407015,40.27832774195259,21.75303067098602,1
User_78,2025-08-29 10:09:30,0.347,0.7206,Running,Ligeris,Reckless_Driving,2way,1.0,10,3G,-92,-41.0,7.0,0.0075639422303601,40.307047547236465,21.808067350755344,1
User_84,2025-08-29 10:53:49,0.527,0.5547,Swimming,Zep,Reckless_Driving,4way,2.0,50,4G,-95,85.0,11.0,0.0034925768707968,40.27971975132993,21.754085383241645,1
User_83,2025-08-29 12:49:53,0.309,0.8405,Walking,Spinari,Reckless_Driving,1way,1.0,40,4G,Ethernet,98.0,9.0,0.0086533243502633,40.304535563180245,21.807695082915004,1
User_60,2025-08-29 14:05:06,0.353,0.8458,Running,Spinari,Speeding,2way,0.0,50,106,-103,73.0,16.0,0.0029777987397634,40.3221255768875,21.791025153631,1
User_20,2025-08-29 14:15:01,0.334,0.8031,Driving,Ligeris,9,4way,0.0,30,WiFi,-88,12.0,2.0,0.0074368933662157,40.306912403155465,21.791256784153244,1
User_56,2025-08-29 15:03:24,0.374,0.4927,Walking,Ligeris,Reckless_Driving,1way,4.0,20,108,-89,45.0,13.0,0.0037483353004392,40.305195650000584,21.809225252353823,1
User_96,2025-08-29 15:20:00,0.261,0.7391,Driving,Zep,Reckless_Driving,1way,1.0,Illegal_Parking,3G,Ethernet,60.0,-9.0,0.0022829353828139,40.27856866763845,21.754229125308033,1
User_89,2025-08-29 17:05:04,0.336,0.4941,Running,Ligeris,Reckless_Driving,5way,1.0,20,4G,-81,44.0,14.0,0.0028746458635971,40.30579906410065,21.80930939007791,1
User_85,2025-08-29 17:35:27,0.254,0.6073,Driving,Ligeris,Driving_Under_Influence,1way,0.0,90,5G,-111,7.0,13.0,0.0096617013793386,37.426252,21.80805500431373,1
User_46,2025-08-29 17:53:22,0.519,0.8216,Running,Koila,Driving_Under_Influence,4way,0.0,10,4G,-117,40.0,-7.0,0.0051804615647364,38.883844,21.791512579644387,1
User_15,2025-08-29 18:08:42,0.627,0.7881,Walking,Zep,Speeding,4way,140.0,50,WiFi,-117,47.0,-16.0,0.0075658691798318,40.27943864157355,18.963471,1
User_10,2025-08-29 18:31:19,0.315,0.8318,Driving,Zep,Speeding,4way,0.0,20,4G,-79,-45.0,2.0,0.0021778079576551,40.28004964343244,21.753667727728207,1
User_06,2025-08-29 18:31:31,0.584,0.8495,Running,Koila,7,1way,1.0,80,WiFi,Ethernet,40.0,-5.0,0.0073508692808283,40.32142946258161,21.79078010186012,1
User_91,2025-08-29 18:44:38,0.587,0.7858,Swimming,Zep,Speeding,1way,1.0,50,WiFi,-88,66.0,0.0,0.0093656348707152,37.862398,21.753319040437503,1
User_71,2025-08-29 18:55:38,0.256,0.4833,Running,Ligeris,Reckless_Driving,6way,0.0,70,4G,-89,64.0,-16.0,0.0034814881203477,40.305891236324065,21.807545953875447,1
User_70,2025-08-29 19:51:30,0.601,0.5749,Walking,Spinari,Driving_Under_Influence,1way,1.0,20,4G,-101,19.0,20.0,0.0069086021124931,40.3063075106642,21.807694341070583,1
User_12,2025-08-29 20:09:11,0.67,0.8332,Driving,Koila,Speeding,1way,1.0,Illegal_Parking,WiFi,-55,23.0,21.0,0.0060499814858857,40.322069864258246,21.791183693478203,1
User_68,2025-08-29 21:33:40,0.472,0.5129,Running,Ligeris,Reckless_Driving,4way,1.0,30,4G,-72,2.0,-13.0,0.0025825820689801,42.448719,21.80748671278953,1
User_63,2025-08-29 21:40:08,0.543,0.5976,Running,Center,Reckless_Driving,1way,0.0,70,5G,-82,99.0,-5.0,0.0081321493660592,40.32187636594633,21.789909041772624,1
User_05,2025-08-29 22:07:41,0.743,0.7777,Driving,Koila,7,4way,4.0,40,5G,-120,77.0,-10.0,0.025,40.3218195134895,21.79047256077823,1
User_38,2025-08-29 22:36:32,0.306,0.7871,Running,Ligeris,Reckless_Driving,2way,2.0,Lane_Discards,WiFi,-83,25.0,13.0,0.0065083677394514,40.306037814468496,21.80769508110309,1
User_48,2025-08-29 22:45:55,0.599,0.7494,Driving,Ligeris,Reckless_Driving,4way,150.0,60,5G,-96,86.0,7.0,0.034,40.3058318885206,21.807298076151397,1
User_87,2025-08-29 23:16:22,0.709,0.8622,Driving,Zep,Driving_Under_Influence,2way,0.0,40,4G,-117,54.0,3.0,0.0011349932070636,38.209682,21.751423426376224,1
User_20,2025-08-30 02:24:13,0.334,0.8041,Running,Zep,Driving_Under_Influence,2way,0.0,70,4G,-86,86.0,-12.0,0.0065269219536445,40.27898820524602,23.334737,1
User_58,2025-08-30 02:26:58,0.465,0.516,Driving,Zep,Reckless_Driving,4way,1.0,10,108,-119,32.0,-4.0,0.0028731284242886,40.27960227134592,21.753154606836684,1
User_67,2025-08-30 02:55:10,0.529,0.6936,Driving,Ligeris,Reckless_Driving,1way,0.0,50,4G,-103,46.0,-11.0,0.042,40.30620191892834,21.80747562789644,1
User_25,2025-08-30 03:36:46,0.408,0.6188,Running,Zep,Speeding,2way,1.0,10,5G,-80,-12.0,-11.0,0.0011230915717009,40.27992281944836,21.751435520745243,1
User_35,2025-08-30 03:49:55,0.274,0.5632,Walking,Ligeris,6,2way,0.0,30,5G,-77,13.0,-13.0,0.005293026459922,40.305914474394065,21.80733448691384,1
User_05,2025-08-30 04:19:34,0.743,0.7787,Driving,Koila,Driving_Under_Influence,4way,0.0,30,5G,-101,79.0,4.0,0.0011598026530183,40.32201987372985,17.149267,1
User_17,2025-08-30 05:45:35,0.631,0.6228,Running,Ligeris,Speeding,1way,2.0,30,5G,-74,72.0,-11.0,0.0080647981293822,40.30674167408914,17.071613,1
User_41,2025-08-30 07:05:37,0.628,0.6441,Walking,Zep,Speeding,1way,150.0,70,4G,-98,64.0,0.0,0.048,40.28053623980357,21.75251099865116,1
User_30,2025-08-30 07:25:58,0.413,0.5724,Walking,Koila,Driving_Under_Influence,4way,150.0,60,5G,-86,27.0,-8.0,0.0025422463525105,40.32208771844936,21.791519432043877,1
User_02,2025-08-30 08:47:01,0.529,0.7826,Running,Koila,Speeding,2way,0.0,30,4G,-102,54.0,-21.0,0.0041164332250989,40.32057761614764,21.791256784153244,1
User_63,2025-08-30 09:04:28,0.543,0.5986,Walking,Ligeris,6,2way,0.0,20,4G,-85,8.0,-4.0,0.0057533664891548,40.30740669308993,21.805824189964728,1
User_78,2025-08-30 10:03:28,0.347,0.7216,Driving,Koila,Driving_Under_Influence,1way,140.0,20,3G,-100,52.0,7.0,0.0056318407724915,40.32180844972327,21.793460871042704,1
User_77,2025-08-30 11:52:39,0.428,0.4995,Running,Ligeris,Driving_Under_Influence,5way,0.0,60,5G,-82,52.0,0.0,0.0051820723300206,38.097171,21.80840452820071,1
User_18,2025-08-30 12:05:02,0.251,0.8735,Swimming,Ligeris,Reckless_Driving,2way,1.0,30,3G,-76,80.0,8.0,0.0034987789609576,40.30602518999983,21.809569316838672,1
User_30,2025-08-30 14:01:27,0.413,0.5734,Driving,Zep,Reckless_Driving,4way,2.0,10,WiFi,-70,38.0,7.0,0.024,40.27919926760002,21.753035119545583,1
User_79,2025-08-30 14:09:39,0.389,0.6,Driving,Center,Driving_Under_Influence,1way,1.0,40,102,-71,27.0,-8.0,0.0089284424203723,40.28056280069864,21.75262835657414,1
User_38,2025-08-30 14:47:30,0.306,0.7891,Running,Ligeris,8,2way,3.0,110,4G,-111,62.0,3.0,0.0074553166883023,40.305469682481814,21.80741416608534,1
User_17,2025-08-30 15:09:32,0.631,0.6238,Walking,Spinari,Speeding,2way,0.0,30,3G,-83,24.0,-3.0,0.0032203011440336,40.30654481710555,21.807050434618645,1
User_83,2025-08-30 15:23:28,0.309,0.8425,Walking,Koila,Speeding,2way,0.0,30,WiFi,-82,6.0,10.0,0.0012851578506293,37.047923,21.79135265374638,1
User_79,2025-08-30 15:29:01,0.389,0.5641,Walking,Ligeris,Speeding,2way,3.0,70,WiFi,-73,-123.0,-16.0,0.0067909063478792,40.30525482817386,21.80588751799857,1
User_55,2025-08-30 15:54:31,0.447,0.8194,Driving,Zep,Speeding,2way,1.0,90,4G,-107,65.0,22.0,0.0010784110431644,40.27957234609154,21.75112064154652,1
User_91,2025-08-30 18:23:13,0.587,0.7878,Walking,Ligeris,Reckless_Driving,1way,1.0,80,4G,-77,63.0,-3.0,0.03,40.30598896314969,21.807233723196337,1
User_92,2025-08-30 19:38:17,0.694,0.6592,Walking,Zep,Driving_Under_Influence,1way,0.0,70,3G,-75,-32.0,0.0,0.0092619125328224,40.28013493619618,21.753108576897535,1
User_88,2025-08-30 19:51:07,0.46,0.6087,Driving,Ligeris,Reckless_Driving,2way,1.0,40,3G,-77,15.0,7.0,0.0093144302890114,41.867902,21.807408533685564,1
User_34,2025-08-30 19:56:25,0.431,0.6359,Running,Ligeris,Speeding,1way,140.0,40,4G,-77,62.0,-14.0,0.0093846287052705,40.30570591392185,21.80883599553287,1
User_98,2025-08-30 20:03:31,0.46,0.6358,Running,Koila,Reckless_Driving,2way,0.0,70,4G,-100,56.0,-1.0,0.024,40.32133952232158,21.79146512542145,1
User_64,2025-08-30 20:22:48,0.511,0.8338,Walking,Ligeris,Speeding,5way,0.0,50,4G,-89,29.0,-12.0,0.02,40.30699977000705,21.807962752575623,1
User_09,2025-08-30 21:32:17,0.307,0.8688,Driving,Ligeris,Driving_Under_Influence,1way,1.0,70,109,-83,1.0,-2.0,0.0045079041989366,40.306189257795346,21.806554571936225,1
User_33,2025-08-30 22:54:31,0.634,0.6972,Driving,Koila,Driving_Under_Influence,4way,4.0,50,WiFi,-69,66.0,-5.0,0.0042297345055351,40.32352463136952,18.988584,1
User_13,2025-08-30 23:45:59,0.75,0.7274,Walking,Koila,Reckless_Driving,2way,150.0,30,5G,-70,77.0,-16.0,0.0061640625373433,40.323391542400216,23.244639,1
User_53,2025-08-30 23:54:11,0.313,0.5826,Walking,Ligeris,Reckless_Driving,6way,1.0,50,5G,-102,20.0,-15.0,0.0011213618155723,40.306381831130665,21.809701868951414,1
User_09,2025-08-31 01:19:31,0.307,0.8708,Driving,Ligeris,Speeding,4way,160.0,60,5G,-74,91.0,-1.0,0.005434976207443,40.306346005917085,21.80768483269156,1
User_65,2025-08-31 01:23:12,0.448,0.5601,Walking,Zep,Speeding,1way,0.0,40,3G,-79,54.0,8.0,0.0059313697317425,41.126059,21.791256784153244,1
User_76,2025-08-31 01:30:13,0.355,0.6831,Driving,Ligeris,Reckless_Driving,2way,160.0,30,4G,-80,43.0,0.0,0.0072950467300771,40.30631707556302,21.807915863440385,1
User_61,2025-08-31 02:03:00,0.546,0.5647,Driving,Zep,Speeding,2way,0.0,Lane_Discards,4G,-116,90.0,3.0,0.0030498651320103,40.2789149038243,21.75324964687996,1
User_40,2025-08-31 02:33:41,0.482,0.8517,Walking,Koila,Reckless_Driving,1way,0.0,Lane_Discards,107,-102,98.0,-15.0,0.0091699364514035,40.32179281261156,21.793352670200363,1
User_98,2025-08-31 02:47:26,0.46,0.6368,Walking,Zep,Speeding,5way,0.0,70,5G,-110,-160.0,3.0,0.0038649942819379,40.28003568857727,21.75341681180204,1
User_34,2025-08-31 03:35:34,0.431,0.6379,Running,Koila,Driving_Under_Influence,4way,0.0,30,116,-90,21.0,-13.0,0.007009641116818,40.32340358025504,21.790657628218085,1
User_51,2025-08-31 04:21:48,0.613,0.865,Walking,Koila,Reckless_Driving,6way,3.0,50,WiFi,-81,95.0,-2.0,0.034,40.32175770411651,21.79118149900926,1
User_17,2025-08-31 04:33:00,0.631,0.6248,Running,Zep,Driving_Under_Influence,1way,0.0,40,5G,-89,74.0,-1.0,0.046,40.279663144053856,21.75428757666608,1
User_88,2025-08-31 04:56:19,0.471,0.6107,Walking,Zep,Driving_Under_Influence,4way,2.0,Illegal_Parking,4G,-111,76.0,-16.0,0.021,40.306230115631266,21.75373752883963,1
User_20,2025-08-31 05:25:47,0.334,0.8061,Walking,Ligeris,Reckless_Driving,4way,0.0,30,WiFi,-70,-27.0,-13.0,0.0045057512932971,40.307060125599754,21.80748936117655,1
User_81,2025-08-31 05:39:18,0.376,0.7675,Driving,Ligeris,Speeding,4way,1.0,Illegal_Parking,WiFi,-90,27.0,11.0,0.0036391885532571,40.30750467376961,21.80733649987639,1
User_73,2025-08-31 06:56:59,0.325,0.6747,Walking,Ligeris,Reckless_Driving,1way,0.0,40,3G,-104,43.0,-6.0,0.0048752338336769,40.30645077531828,18.156072,1
User_66,2025-08-31 08:04:43,0.28,0.7137,Driving,Ligeris,Reckless_Driving,2way,140.0,50,4G,-84,54.0,-5.0,0.0045338663110053,40.304949045784774,21.807974734893744,1
User_26,2025-08-31 08:19:22,0.408,0.7325,Walking,Zep,Driving_Under_Influence,4way,1.0,80,3G,-109,20.0,-13.0,0.0045054579637532,40.278921802692125,23.916092,1
User_46,2025-08-31 10:00:09,0.519,0.8256,Walking,Ligeris,Speeding,2way,0.0,30,4G,-114,67.0,-23.0,0.005653142335994,40.30575935480727,21.80646977192046,1
User_55,2025-08-31 10:10:54,0.447,0.8204,Running,Zep,Speeding,4way,0.0,10,3G,-79,91.0,24.0,0.0054362322911112,40.2793948779409,21.75553250397507,1
User_60,2025-08-31 10:36:00,0.353,0.8498,Walking,Spinari,Driving_Under_Influence,1way,1.0,40,WiFi,Ethernet,46.0,-2.0,0.0075859382574653,40.30632753986821,21.80628322345624,1
User_30,2025-08-31 10:55:35,0.413,0.5744,Walking,Koila,Speeding,1way,160.0,80,3G,Ethernet,99.0,6.0,0.0089846072072015,40.321720436217646,21.79020807579027,1
User_99,2025-08-31 11:12:06,0.465,0.6944,Running,Ligeris,Reckless_Driving,4way,1.0,20,5G,-106,65.0,24.0,0.0044995225689452,40.30617651123298,21.806546875283715,1
User_94,2025-08-31 11:25:02,0.681,0.584,Walking,Zep,Reckless_Driving,5way,2.0,50,WiFi,-65,59.0,10.0,0.0073232564611115,40.28133783306027,21.752990453051183,1
User_28,2025-08-31 11:36:27,0.348,0.7943,Running,Ligeris,Speeding,2way,160.0,70,3G,-96,74.0,-7.0,0.0070510736886953,40.30563283815593,21.80655528641225,1
User_01,2025-08-31 12:04:54,0.619,0.7568,Running,Zep,Reckless_Driving,4way,0.0,80,109,-79,83.0,8.0,0.0034191557363717,40.28119827496064,21.752510685402388,1
User_95,2025-08-31 12:19:33,0.545,0.7579,Driving,Ligeris,Reckless_Driving,1way,1.0,80,5G,-94,59.0,1.0,0.05,40.3069897006352,21.807738158216715,1
User_11,2025-08-31 12:47:23,0.602,0.802,Driving,Zep,Speeding,2way,150.0,50,3G,-87,23.0,-4.0,0.0063481321504652,40.306230115631266,21.752871994044604,1
User_44,2025-08-31 12:58:24,0.332,0.5676,Running,Zep,Driving_Under_Influence,5way,0.0,90,4G,-115,13.0,15.0,0.027,40.27967543695249,21.753214814387466,1
User_06,2025-08-31 14:00:56,0.584,0.8535,Walking,Zep,Reckless_Driving,2way,0.0,40,4G,-87,81.0,23.0,0.0012033392526299,40.27814405665302,21.752158080058543,1
User_64,2025-08-31 14:48:43,0.511,0.8358,Running,Ligeris,Driving_Under_Influence,4way,3.0,110,3G,-89,52.0,7.0,0.04,40.30720627327094,21.805574009349677,1
User_98,2025-08-31 16:22:29,0.46,0.6378,Driving,Zep,Driving_Under_Influence,2way,0.0,Lane_Discards,5G,-92,78.0,-14.0,0.0057801668996458,40.27812999906116,21.753762822461972,1
User_36,2025-08-31 18:14:16,0.563,0.8739,Driving,Spinari,Reckless_Driving,2way,1.0,20,4G,-111,-121.0,14.0,0.006876890119158,40.321715886513005,21.791038244974317,1
User_31,2025-08-31 18:41:23,0.56,0.8384,Running,Koila,Reckless_Driving,1way,0.0,70,107,-76,9.0,15.0,0.0084688395457126,40.323034368605995,21.790237643223357,1
User_19,2025-08-31 18:59:30,0.745,0.8665,Walking,Koila,Speeding,1way,1.0,Illegal_Parking,3G,-77,58.0,2.0,0.0041162855187719,40.32175151784909,21.790303949704334,1
User_02,2025-08-31 19:01:00,0.529,0.7856,Running,Koila,Reckless_Driving,4way,0.0,10,4G,-98,-15.0,4.0,0.0071395318622007,40.32247208001397,21.789471137627977,1
User_95,2025-08-31 20:09:02,0.545,0.7589,Driving,Ligeris,Reckless_Driving,1way,1.0,30,4G,-85,10.0,-20.0,0.0094400143608235,40.30534655373363,21.806678681346717,1
User_96,2025-08-31 21:25:03,0.261,0.7431,Walking,Zep,Reckless_Driving,2way,1.0,30,WiFi,-84,34.0,2.0,0.0036299645643606,42.631146,21.75353519786009,1
User_33,2025-08-31 23:36:51,0.634,0.6992,Walking,Ligeris,Reckless_Driving,2way,0.0,20,3G,-93,97.0,8.0,0.0028110623605025,40.30503861440131,23.191778,1
User_88,2025-08-31 23:45:26,0.471,0.6117,Running,Zep,Reckless_Driving,4way,0.0,50,4G,-113,77.0,-20.0,0.002130202194406,40.27899454348717,21.752776507792102,1
User_47,2025-09-01 00:20:25,0.585,0.5942,Walking,Koila,Reckless_Driving,4way,0.0,40,5G,-100,21.0,-4.0,0.0059761956850354,40.32049484982282,19.330697,1
User_91,2025-09-01 00:37:05,0.587,0.7908,Driving,Zep,Driving_Under_Influence,2way,140.0,50,WiFi,-78,16.0,-14.0,0.041,40.27978589557831,21.753613345959057,1
User_35,2025-09-01 01:48:03,0.274,0.5662,Walking,Center,Speeding,4way,4.0,60,WiFi,-64,98.0,2.0,0.0078572513059698,40.28016658335405,22.966725,1
User_47,2025-09-01 02:06:09,0.585,0.5952,Running,Ligeris,Reckless_Driving,2way,0.0,80,WiFi,-87,69.0,-16.0,0.038,40.306422459091486,21.80803115191924,1
User_31,2025-09-01 02:49:12,0.56,0.8394,Driving,Zep,Reckless_Driving,6way,3.0,70,WiFi,Ethernet,49.0,15.0,0.005653142335994,40.28025328323266,21.752550211373052,1
User_01,2025-09-01 03:40:37,0.619,0.7588,Flying,Zep,Driving_Under_Influence,2way,0.0,90,4G,-104,69.0,2.0,0.00537755242466,40.27975202433817,21.75331415105323,1
User_67,2025-09-01 03:47:53,0.529,0.6976,Driving,Koila,Speeding,4way,0.0,80,115,-83,49.0,-12.0,0.0077302477818115,40.32199695182048,21.78936295088692,1
User_06,2025-09-01 04:08:23,0.584,0.8545,Running,Center,Speeding,1way,0.0,80,4G,-107,41.0,4.0,0.0013078863165047,40.3066073214756,19.750285,1
User_95,2025-09-01 05:40:53,0.545,0.7599,Driving,Ligeris,9,2way,1.0,40,5G,-85,67.0,16.0,0.0013529822260484,40.30622669364245,23.973386,1
User_22,2025-09-01 06:29:17,0.413,0.5329,Driving,Koila,Driving_Under_Influence,2way,1.0,30,4G,-80,-23.0,7.0,0.0047372351773895,40.322160307747424,21.791225237166852,1
User_84,2025-09-01 08:07:30,0.527,0.5597,Driving,Zep,8,2way,2.0,30,3G,Satellite,39.0,-5.0,0.008640690934127,40.279558972402576,21.75327172471845,1
User_23,2025-09-01 09:19:33,0.458,0.635,Driving,Koila,Reckless_Driving,5way,1.0,10,3G,-82,83.0,-5.0,0.0097346524571464,40.32067677569763,21.791032612448813,1
User_20,2025-09-01 09:25:41,0.334,0.8081,Running,Koila,Reckless_Driving,2way,1.0,60,3G,-87,18.0,7.0,0.048,40.32253460401111,21.79161847050439,1
User_66,2025-09-01 11:05:01,0.28,0.7167,Walking,Ligeris,Reckless_Driving,2way,0.0,40,102,-116,73.0,-15.0,0.0029896737228642,40.30635482235751,21.80670379017037,1
User_43,2025-09-01 11:45:21,0.416,0.6467,Running,Zep,Speeding,1way,0.0,Illegal_Parking,3G,-70,18.0,9.0,0.0053125459583233,40.280760649265,21.75401661445605,1
User_38,2025-09-01 12:09:34,0.306,0.7921,Running,Ligeris,7,2way,0.0,40,4G,-96,51.0,14.0,0.0080625709579689,37.775212,21.807180843552405,1
User_86,2025-09-01 12:38:41,0.469,0.4891,Driving,Koila,Reckless_Driving,4way,140.0,40,3G,-120,49.0,-22.0,0.0064172402267488,40.30649112173397,21.80902863026989,1
User_78,2025-09-01 12:47:26,0.347,0.7256,Running,Zep,Driving_Under_Influence,2way,1.0,10,109,-63,3.0,-13.0,0.0082430388974151,40.28073512702466,21.754499651568512,1
User_01,2025-09-01 13:04:20,0.619,0.7598,Running,Koila,9,2way,2.0,10,3G,-88,77.0,2.0,0.0047628179093434,40.32204250398941,21.79198211685536,1
User_18,2025-09-01 13:05:01,0.251,0.8775,Walking,Zep,Speeding,1way,0.0,40,3G,-98,55.0,-7.0,0.0053773545778315,41.575005,21.752797988419623,1
User_52,2025-09-01 14:39:21,0.544,0.5642,Running,Koila,Driving_Under_Influence,1way,2.0,40,4G,-118,64.0,10.0,0.0027254574439901,41.960418,21.79032378427689,1
User_24,2025-09-01 15:03:54,0.445,0.5696,Running,Zep,Driving_Under_Influence,2way,0.0,20,109,-74,87.0,14.0,0.0087220224532097,40.279557942646406,21.753273042766494,1
User_72,2025-09-01 16:01:26,0.567,0.5285,Driving,Koila,Driving_Under_Influence,1way,1.0,40,WiFi,-89,35.0,-2.0,0.0049837868421986,40.32209499115661,23.144558,1
User_57,2025-09-01 17:00:08,0.372,0.5992,Driving,Ligeris,6,2way,1.0,60,3G,-87,98.0,-8.0,0.0033624271709539,42.051328,21.807930182764206,1
User_33,2025-09-01 18:02:05,0.634,0.7012,Driving,Ligeris,Speeding,5way,1.0,50,3G,-101,23.0,7.0,0.0018111777967113,40.30607176615474,21.807103915277494,1
User_32,2025-09-01 18:34:29,0.464,0.507,Walking,Zep,7,4way,0.0,30,4G,-113,95.0,2.0,0.0052128687947262,40.27964376738847,21.75321755795617,1
User_26,2025-09-01 19:35:47,0.408,0.7355,Walking,Koila,Driving_Under_Influence,4way,0.0,80,5G,-112,58.0,8.0,0.0039437484370198,40.322093870742066,18.941823,1
User_63,2025-09-01 19:37:32,0.543,0.6036,Flying,Ligeris,Driving_Under_Influence,1way,1.0,60,WiFi,-68,4.0,18.0,0.0047629780895878,40.304529294139506,21.80766684397741,1
User_13,2025-09-01 20:00:50,0.75,0.7304,Walking,Koila,Driving_Under_Influence,2way,0.0,50,5G,-72,55.0,-21.0,0.0072871745951484,40.306230115631266,21.791528957062088,1
User_54,2025-09-01 20:41:20,0.327,0.7619,Running,Zep,Reckless_Driving,4way,0.0,30,WiFi,-88,65.0,15.0,0.0082145570686587,41.148803,21.75200734982638,1
User_13,2025-09-01 21:04:33,0.75,0.7314,Driving,Koila,Reckless_Driving,1way,2.0,60,5G,-112,26.0,-14.0,0.032,40.32176285859566,21.78992481187895,1
User_34,2025-09-01 21:09:02,0.431,0.6409,Walking,Ligeris,Reckless_Driving,4way,0.0,40,106,-83,7.0,-7.0,0.0022023431483681,40.30662204735009,21.806145186477988,1
User_21,2025-09-01 22:05:00,0.303,0.5002,Walking,Ligeris,9,1way,1.0,40,3G,-93,13.0,-5.0,0.0079906019331129,40.306149103047666,21.808244218020793,1
User_40,2025-09-01 22:58:13,0.482,0.8547,Walking,Zep,Speeding,2way,1.0,50,3G,-98,-38.0,-3.0,0.0042725150845904,40.28034842468549,21.752032845438585,1
User_76,2025-09-02 00:12:11,0.355,0.6871,Walking,Ligeris,Driving_Under_Influence,4way,0.0,30,WiFi,-82,20.0,-22.0,0.0030349483663397,40.30629529811181,21.807412494951997,1
User_78,2025-09-02 00:19:10,0.347,0.7276,Walking,Zep,Reckless_Driving,4way,2.0,Lane_Discards,5G,-71,27.0,-10.0,0.0080059718941882,40.27906017380476,21.754433252705816,1
User_88,2025-09-02 01:17:33,0.471,0.6147,Driving,Ligeris,Reckless_Driving,2way,0.0,30,4G,-96,48.0,21.0,0.0026843296178833,40.30518686208177,21.80930023675485,1
User_47,2025-09-02 01:40:27,0.46,0.5962,Running,Koila,Driving_Under_Influence,2way,1.0,30,4G,-84,39.0,-2.0,0.0057245017418107,40.32188418919619,22.711527,1
User_98,2025-09-02 02:07:23,0.46,0.6408,Walking,Ligeris,Driving_Under_Influence,4way,1.0,Harassing_Driver,4G,-118,18.0,-25.0,0.003708001269912,40.30596503294177,21.806031661522997,1
User_10,2025-09-02 02:30:55,0.315,0.8388,Driving,Zep,Driving_Under_Influence,4way,1.0,30,WiFi,-72,-49.0,9.0,0.0047530048199295,40.27929526238432,21.753259966282915,1
User_09,2025-09-02 03:00:03,0.307,0.8738,Running,Koila,7,2way,0.0,40,5G,-114,99.0,-4.0,0.0011538509017414,40.323774840812696,21.79175251312848,1
User_85,2025-09-02 03:10:58,0.254,0.6143,Flying,Koila,Reckless_Driving,2way,3.0,20,3G,-95,81.0,18.0,0.0065377711810375,40.321606852487605,21.78954020266393,1
User_68,2025-09-02 03:23:17,0.472,0.5209,Swimming,Zep,Speeding,2way,0.0,90,WiFi,-72,-46.0,6.0,0.0018170803669957,40.279376017283745,21.752911686212716,1
User_73,2025-09-02 05:01:46,0.325,0.6787,Running,Ligeris,Driving_Under_Influence,2way,0.0,20,5G,-103,59.0,-15.0,0.001776174387439,40.30558699823851,18.592764,1
User_93,2025-09-02 07:09:53,0.588,0.5092,Walking,Koila,6,4way,1.0,50,4G,Satellite,46.0,8.0,0.0047986059969171,40.32281518346029,21.790987356438578,1
User_20,2025-09-02 09:00:06,0.334,0.5641,Driving,Ligeris,Speeding,1way,1.0,40,103,-120,83.0,3.0,0.005653142335994,40.305758305516065,21.807404321071097,1
User_17,2025-09-02 09:07:18,0.631,0.6298,Driving,Zep,Driving_Under_Influence,5way,0.0,60,WiFi,-88,16.0,-5.0,0.0019785666117107,40.27822729450082,21.753462645482593,1
User_28,2025-09-02 09:26:02,0.348,0.5641,Running,Ligeris,Reckless_Driving,2way,4.0,30,106,-72,26.0,15.0,0.0011379067982711,40.30625189257383,21.807522829817746,1
User_48,2025-09-02 10:06:16,0.599,0.7574,Walking,Koila,Driving_Under_Influence,2way,1.0,20,106,-114,64.0,-6.0,0.009097737505153,40.32149908721485,21.789209012053742,1
User_21,2025-09-02 10:16:16,0.303,0.5012,Running,Zep,Driving_Under_Influence,4way,1.0,70,4G,-89,6.0,5.0,0.0073400353128586,38.872944,21.75234854279705,1
User_53,2025-09-02 10:58:39,0.313,0.5886,Walking,Zep,Speeding,2way,1.0,80,5G,-118,20.0,-10.0,0.0019562723465101,40.280025551207665,18.928506,1
User_97,2025-09-02 11:05:23,0.337,0.7693,Walking,Zep,Driving_Under_Influence,2way,140.0,20,5G,-106,19.0,17.0,0.0050051472385914,40.27985090836532,21.7531792320934,1
User_32,2025-09-02 11:38:49,0.464,0.509,Driving,Koila,Speeding,2way,150.0,40,4G,-104,100.0,-9.0,0.0072080273235655,40.32184234050858,21.789948168833583,1
User_15,2025-09-02 12:41:28,0.627,0.7951,Walking,Ligeris,8,2way,0.0,70,5G,-108,11.0,6.0,0.035,40.30695158630886,21.80755573729664,1
User_45,2025-09-02 13:01:35,0.285,0.7613,Driving,Ligeris,Driving_Under_Influence,2way,160.0,50,WiFi,-79,49.0,-13.0,0.037,40.305264789760535,21.806785660923396,1
User_14,2025-09-02 13:09:18,0.393,0.6954,Swimming,Zep,Speeding,4way,0.0,40,5G,-82,37.0,7.0,0.0064341539272097,40.279797211716726,23.780795,1
User_88,2025-09-02 13:17:07,0.471,0.6157,Running,Ligeris,Speeding,2way,2.0,60,3G,-86,7.0,25.0,0.0013668532892623,40.306469517425754,21.807287363636433,1
User_44,2025-09-02 13:23:52,0.332,0.5716,Walking,Koila,Driving_Under_Influence,2way,1.0,70,4G,-111,19.0,1.0,0.048,40.32175679553545,21.790874030421875,1
User_63,2025-09-02 14:04:01,0.543,0.6056,Running,Spinari,Reckless_Driving,2way,1.0,60,5G,-73,68.0,12.0,0.0028041252858733,40.32203822256836,21.79108520335225,1
User_46,2025-09-02 14:10:07,0.519,0.8296,Running,Koila,Reckless_Driving,4way,0.0,40,3G,-97,-25.0,10.0,0.002365861346806,40.32232426190864,21.791361199703015,1
User_93,2025-09-02 14:31:58,0.588,0.5102,Running,Koila,Reckless_Driving,2way,0.0,Harassing_Driver,4G,-89,72.0,4.0,0.0090422511778124,38.109764,21.78953268875197,1
User_96,2025-09-02 14:50:56,0.261,0.7471,Walking,Ligeris,Driving_Under_Influence,2way,0.0,30,5G,-86,80.0,10.0,0.0017451206434552,40.30586454162464,17.850058,1
User_69,2025-09-02 15:07:36,0.34,0.8491,Running,Zep,Reckless_Driving,6way,0.0,30,WiFi,-88,45.0,-8.0,0.0017776309966469,40.280521165443794,21.75456590549116,1
User_92,2025-09-02 19:09:11,0.694,0.6652,Running,Zep,Reckless_Driving,1way,3.0,10,3G,-102,46.0,-22.0,0.0042268601213231,40.2793672389135,21.7529611275047,1
User_52,2025-09-02 19:19:23,0.544,0.5662,Walking,Center,Speeding,1way,1.0,60,4G,-105,23.0,-20.0,0.0076701186661624,40.32286412015447,21.790605764845033,1
User_06,2025-09-02 20:31:35,0.584,0.8575,Driving,Koila,Speeding,1way,0.0,90,3G,-115,68.0,13.0,0.0013050468408643,40.321317817617704,17.209035,1
User_04,2025-09-02 21:04:58,0.662,0.5417,Driving,Ligeris,Reckless_Driving,2way,0.0,60,3G,-80,20.0,16.0,0.03,40.3063834175133,21.808142646759272,1
User_18,2025-09-02 21:47:27,0.251,0.8795,Walking,Ligeris,Speeding,5way,0.0,90,4G,-83,83.0,14.0,0.0088459602182829,40.306184404288246,21.80744955877028,1
User_94,2025-09-02 22:18:26,0.681,0.588,Running,Koila,Speeding,5way,3.0,60,4G,-89,0.0,-14.0,0.0070695819464575,40.32206179085605,21.790859702678773,1
User_05,2025-09-02 23:09:31,0.743,0.7857,Driving,Center,Speeding,2way,0.0,40,4G,-95,-127.0,-1.0,0.0084606133774084,40.30616043250219,21.806868494173628,1
User_25,2025-09-02 23:13:11,0.408,0.6258,Running,Zep,Driving_Under_Influence,2way,160.0,40,5G,-105,44.0,1.0,0.0023766616648157,40.28046092488318,23.718836,1
User_09,2025-09-03 00:12:42,0.307,0.8758,Walking,Koila,Speeding,2way,0.0,50,WiFi,-53,14.0,6.0,0.0035309399479321,40.32188382241759,17.44285,1
User_96,2025-09-03 00:17:05,0.261,0.7481,Driving,Zep,Reckless_Driving,2way,1.0,90,4G,-92,78.0,10.0,0.0056842706099415,37.665693,21.754017516908927,1
User_44,2025-09-03 01:01:17,0.332,0.5736,Driving,Zep,Speeding,1way,1.0,60,4G,-116,-45.0,4.0,0.0061643140830068,40.27955016740055,21.753365484253028,1
User_79,2025-09-03 01:31:51,0.389,0.608,Driving,Ligeris,Reckless_Driving,2way,4.0,30,5G,-105,26.0,1.0,0.005653142335994,40.306230115631266,18.14809,1
User_90,2025-09-03 01:39:33,0.525,0.5508,Driving,Zep,Reckless_Driving,5way,1.0,30,4G,-118,52.0,-5.0,0.0059573486596882,40.280159662200546,21.753461414189445,1
User_43,2025-09-03 02:06:29,0.416,0.6497,Walking,Ligeris,Driving_Under_Influence,4way,5.0,50,3G,-81,66.0,16.0,0.0012464000582565,40.30749703527365,18.122164,1
User_99,2025-09-03 03:13:18,0.465,0.7004,Running,Zep,9,1way,2.0,50,3G,-81,32.0,-14.0,0.0056673673231202,40.279232065964614,21.7555723987922,1
User_09,2025-09-03 03:38:03,0.307,0.8768,Driving,Zep,8,2way,0.0,20,5G,-105,6.0,-16.0,0.0018899532304509,40.278846634460514,17.215715,1
User_65,2025-09-03 03:44:13,0.448,0.5661,Driving,Koila,6,2way,0.0,70,5G,-99,33.0,-9.0,0.0082549162628584,40.32147528068482,21.792109774707907,1
User_06,2025-09-03 06:34:01,0.584,0.8585,Walking,Koila,6,2way,0.0,20,3G,-88,91.0,12.0,0.0018119796219011,40.323404383580446,21.789840341469887,1
User_60,2025-09-03 06:54:12,0.353,0.8558,Driving,Ligeris,Driving_Under_Influence,1way,0.0,40,4G,-88,1.0,-5.0,0.0029151968392497,40.306130401112,18.133005,1
User_57,2025-09-03 06:57:17,0.372,0.6022,Walking,Center,Speeding,1way,1.0,110,4G,-86,17.0,11.0,0.0042770084774521,40.322042905971024,21.78929978732265,1
User_50,2025-09-03 07:40:05,0.398,0.7226,Walking,Koila,Driving_Under_Influence,4way,0.0,70,WiFi,-76,36.0,3.0,0.0015971757446868,42.533576,21.791298283485865,1
User_94,2025-09-03 08:23:36,0.681,0.591,Walking,Koila,Driving_Under_Influence,1way,140.0,50,4G,-93,39.0,0.0,0.0036999028214816,40.32158258544227,22.175672,1
User_30,2025-09-03 08:32:03,0.413,0.5804,Flying,Koila,Speeding,1way,0.0,80,WiFi,-88,51.0,-22.0,0.0064637973529442,40.32275303092654,21.791989589181103,1
User_95,2025-09-03 09:04:13,0.545,0.7639,Driving,Zep,Driving_Under_Influence,5way,0.0,60,4G,-78,3.0,13.0,0.0053632229982951,40.27885815425347,18.577593,1
User_82,2025-09-03 09:27:41,0.324,0.7039,Driving,Ligeris,Driving_Under_Influence,2way,0.0,50,3G,-95,59.0,23.0,0.004210375773232,40.30710684132346,21.807762323194066,1
User_39,2025-09-03 11:02:42,0.598,0.6387,Swimming,Zep,Reckless_Driving,2way,0.0,60,3G,-100,58.0,-2.0,0.0040837052152142,40.27923875609555,21.753442231946146,1
User_48,2025-09-03 11:44:48,0.599,0.7584,Driving,Zep,Reckless_Driving,1way,2.0,10,5G,-90,31.0,-25.0,0.0041355970157046,40.2800368238712,21.753158550701787,1
User_48,2025-09-03 11:46:44,0.599,0.7594,Swimming,Zep,Reckless_Driving,1way,4.0,40,4G,-108,-158.0,-3.0,0.0033745620065938,40.27932353052777,21.75396810903404,1
User_25,2025-09-03 11:49:23,0.408,0.6268,Walking,Koila,Reckless_Driving,5way,0.0,70,5G,-82,11.0,-2.0,0.0011048539870447,40.322424273762664,21.789990995557403,1
User_06,2025-09-03 11:57:19,0.584,0.8595,Running,Koila,Driving_Under_Influence,1way,0.0,Harassing_Driver,106,-79,79.0,-11.0,0.0071828220222994,40.321346704681666,21.790549869884675,1
User_22,2025-09-03 12:32:47,0.413,0.5369,Running,Koila,Reckless_Driving,1way,0.0,30,4G,-92,-23.0,-6.0,0.0022533693793634,40.320841669162206,21.791088691285555,1
User_66,2025-09-03 12:35:53,0.28,0.7197,Walking,Zep,Reckless_Driving,4way,3.0,30,111,-58,63.0,6.0,0.0078680493871515,40.2789798905347,21.753472183031032,1
User_02,2025-09-03 12:44:38,0.529,0.7906,Running,Ligeris,Speeding,1way,2.0,50,5G,-85,75.0,-14.0,0.0035772953169799,42.809546,21.80901333657053,1
User_87,2025-09-03 13:51:17,0.709,0.8712,Swimming,Zep,Reckless_Driving,2way,0.0,80,5G,-92,49.0,-12.0,0.0093373322561962,40.27907608754941,21.75505380160284,1
User_08,2025-09-03 14:00:30,0.347,0.8488,Driving,Koila,Driving_Under_Influence,2way,0.0,Illegal_Parking,5G,-119,44.0,-18.0,0.0082150737224905,40.32225147595382,21.791664410867867,1
User_92,2025-09-03 14:04:38,0.694,0.6672,Running,Koila,6,1way,3.0,50,WiFi,-87,51.0,-1.0,0.0019849353515173,40.321652695709645,18.604507,1
User_66,2025-09-03 14:54:49,0.28,0.7207,Walking,Ligeris,Reckless_Driving,2way,2.0,20,117,-79,47.0,5.0,0.0022928331282325,40.3051099611722,21.80785664315023,1
User_43,2025-09-03 15:04:15,0.416,0.6507,Driving,Zep,Driving_Under_Influence,2way,0.0,Illegal_Parking,5G,-114,79.0,-14.0,0.0089142820137243,40.279614831942745,21.75365014206104,1
User_28,2025-09-03 15:04:46,0.348,0.8013,Walking,Koila,Speeding,1way,0.0,90,109,-101,78.0,0.0,0.0048590658482418,40.32247282367544,21.789062786931456,1
User_27,2025-09-03 15:16:58,0.535,0.7431,Driving,Zep,Driving_Under_Influence,1way,150.0,30,WiFi,-76,48.0,15.0,0.0020444502867401,40.279581401336074,21.753355158416426,1
User_63,2025-09-03 15:54:09,0.543,0.6066,Walking,Zep,Speeding,2way,1.0,10,4G,-113,87.0,-8.0,0.0024001886527017,40.279025376850825,17.233024,1
User_75,2025-09-03 16:45:26,0.409,0.6641,Running,Koila,Reckless_Driving,1way,1.0,30,3G,-86,13.0,5.0,0.032,40.322531607258576,21.79161337102725,1
User_40,2025-09-03 16:53:37,0.482,0.8577,Walking,Zep,Speeding,5way,4.0,80,WiFi,-57,80.0,11.0,0.0071202709061475,40.27939252588331,21.75296718065339,1
User_20,2025-09-03 17:12:27,0.46,0.8131,Driving,Koila,Reckless_Driving,6way,1.0,130,3G,-79,56.0,3.0,0.0075783539765857,40.2809855881384,21.752559976580127,1
User_34,2025-09-03 17:53:27,0.431,0.6449,Running,Zep,Speeding,6way,1.0,20,WiFi,-87,45.0,6.0,0.0077051396414322,40.28000183141636,21.75289513762082,1
User_29,2025-09-03 18:26:17,0.415,0.6544,Driving,Koila,Driving_Under_Influence,4way,0.0,20,3G,-107,59.0,-11.0,0.0059419402255367,40.32225342761054,18.241829,1
User_60,2025-09-03 18:32:36,0.353,0.8568,Walking,Spinari,Driving_Under_Influence,1way,1.0,60,5G,-118,29.0,3.0,0.0053859227499555,40.27926061019545,21.751844982084524,1
User_38,2025-09-03 19:13:41,0.306,0.5641,Driving,Ligeris,Reckless_Driving,4way,0.0,50,4G,-91,47.0,-2.0,0.028,40.306437781015354,21.80712439101946,1
User_72,2025-09-03 20:05:30,0.46,0.5325,Walking,Zep,Driving_Under_Influence,2way,1.0,90,3G,-119,60.0,-13.0,0.0065359877476392,40.2801892424127,18.180159,1
User_02,2025-09-03 20:11:03,0.529,0.7916,Running,Koila,Driving_Under_Influence,4way,0.0,60,4G,-91,92.0,16.0,0.031,40.32053737201958,21.791413744013447,1
User_83,2025-09-03 21:07:40,0.309,0.8495,Walking,Spinari,Speeding,2way,0.0,30,5G,-100,33.0,-15.0,0.0091731623327113,40.32094681914451,21.79114620178113,1
User_77,2025-09-03 21:11:59,0.428,0.5641,Walking,Zep,Reckless_Driving,4way,0.0,60,WiFi,-88,40.0,5.0,0.044,40.27953969475405,21.753219251281138,1
User_45,2025-09-03 21:12:24,0.285,0.7643,Walking,Koila,Reckless_Driving,2way,2.0,80,WiFi,-78,24.0,11.0,0.002434111620416,41.778159,21.79249440745204,1
User_14,2025-09-03 21:28:25,0.393,0.6984,Flying,Zep,Reckless_Driving,4way,0.0,20,3G,-115,75.0,-16.0,0.0070536292304862,40.279547689298795,21.753381475174827,1
User_70,2025-09-03 21:32:26,0.601,0.5859,Running,Ligeris,Reckless_Driving,1way,1.0,Lane_Discards,5G,-120,65.0,-1.0,0.0011295232156057,40.30668246001781,21.808215192920823,1
User_71,2025-09-03 22:43:59,0.256,0.4943,Walking,Koila,Speeding,2way,160.0,10,5G,-117,46.0,-12.0,0.0086549610370121,40.32203728863742,21.791256784153244,1
User_55,2025-09-03 23:23:22,0.447,0.8274,Driving,Zep,Driving_Under_Influence,2way,3.0,30,4G,-109,72.0,-20.0,0.009356731808232,40.27982688288983,21.751506967600452,1
User_26,2025-09-04 00:13:22,0.408,0.7405,Flying,Koila,Driving_Under_Influence,4way,0.0,70,4G,-95,45.0,-20.0,0.0094897031860403,40.3230055402764,21.791803545800104,1
User_57,2025-09-04 00:48:00,0.372,0.6042,Running,Ligeris,Reckless_Driving,4way,4.0,30,111,-51,94.0,-4.0,0.0031064135852388,40.306745787111275,21.809679687594947,1
User_87,2025-09-04 01:13:24,0.709,0.8732,Running,Koila,Driving_Under_Influence,2way,5.0,20,103,-115,80.0,-16.0,0.0056463853764016,40.3234752782466,21.790001258525017,1
User_80,2025-09-04 02:00:22,0.704,0.6527,Running,Koila,Driving_Under_Influence,2way,0.0,40,3G,-114,46.0,-13.0,0.0069011197381115,40.32175526571218,19.068594,1
User_55,2025-09-04 03:07:19,0.447,0.8284,Driving,Ligeris,6,2way,0.0,30,5G,-73,37.0,16.0,0.0014279504225658,42.858243,21.807105177652257,1
User_16,2025-09-04 04:49:17,0.513,0.6987,Flying,Ligeris,Driving_Under_Influence,4way,0.0,50,5G,-107,34.0,-12.0,0.0010164571166341,40.30668227992554,21.805676082471138,1
User_70,2025-09-04 05:42:06,0.601,0.5869,Walking,Ligeris,8,4way,2.0,20,WiFi,-60,64.0,-2.0,0.003409675849409,40.306222039707215,21.80752219533443,1
User_85,2025-09-04 05:58:16,0.254,0.6183,Walking,Ligeris,Speeding,1way,0.0,70,103,-92,100.0,8.0,0.0093557970681938,40.305529758484155,21.808621374492063,1
User_18,2025-09-04 08:34:07,0.251,0.8825,Walking,Koila,Reckless_Driving,1way,0.0,60,4G,-93,90.0,-6.0,0.029,40.322030473379485,21.790159668462927,1
User_65,2025-09-04 08:36:41,0.448,0.5681,Walking,Ligeris,Driving_Under_Influence,1way,0.0,10,5G,-88,58.0,25.0,0.0032433875637282,40.30704951084964,21.80834508895035,1
User_44,2025-09-04 09:45:50,0.332,0.5756,Driving,Ligeris,Speeding,1way,1.0,40,115,-110,42.0,-4.0,0.0087732864933586,40.30703892678391,21.80837123448206,1
User_90,2025-09-04 10:37:54,0.525,0.5528,Running,Ligeris,Speeding,2way,0.0,70,3G,-86,34.0,-8.0,0.047,40.306173888051674,21.807138185945455,1
User_41,2025-09-04 11:57:05,0.628,0.6551,Driving,Ligeris,Driving_Under_Influence,1way,0.0,70,3G,-107,-34.0,10.0,0.0013417577176011,40.30762828505301,21.807482371023923,1
User_42,2025-09-04 12:55:13,0.738,0.6066,Driving,Koila,8,1way,1.0,30,4G,-117,77.0,8.0,0.0027415226563629,40.306230115631266,22.988242,1
User_68,2025-09-04 13:28:20,0.472,0.5259,Running,Zep,7,4way,1.0,70,WiFi,-81,31.0,9.0,0.0059474862311736,38.432611,21.75484079947593,1
User_02,2025-09-04 13:53:01,0.529,0.7936,Running,Zep,Driving_Under_Influence,1way,0.0,10,5G,-112,48.0,-4.0,0.041,40.27925776717592,21.753054499321657,1
User_69,2025-09-04 14:13:28,0.34,0.8521,Running,Koila,7,2way,1.0,20,4G,-72,44.0,-16.0,0.0025151530108805,40.32178897451972,21.791656199745805,1
User_53,2025-09-04 14:43:51,0.313,0.5926,Driving,Koila,Reckless_Driving,5way,1.0,30,5G,-100,10.0,-3.0,0.0065336511258748,40.32138315467991,21.789673308306536,1
User_72,2025-09-04 15:06:34,0.567,0.5335,Driving,Spinari,Reckless_Driving,2way,2.0,20,WiFi,-81,5.0,-6.0,0.001729234641119,40.27963716560231,21.752769425834767,1
User_43,2025-09-04 17:59:59,0.416,0.6527,Driving,Koila,Speeding,2way,0.0,10,3G,-109,77.0,16.0,0.0024047391656882,37.885593,21.792664353747274,1
User_99,2025-09-04 19:21:34,0.465,0.7024,Walking,Koila,Reckless_Driving,5way,0.0,110,5G,-107,85.0,7.0,0.0078718344381106,40.32070404166654,21.791335909945683,1
User_64,2025-09-04 19:40:10,0.511,0.8448,Running,Ligeris,Driving_Under_Influence,2way,0.0,30,WiFi,-50,19.0,1.0,0.0098845153298021,42.694693,21.809058079104165,1
User_52,2025-09-04 20:21:21,0.544,0.5692,Running,Zep,Driving_Under_Influence,2way,0.0,70,107,-54,0.0,-6.0,0.0077241342095599,40.279550317577105,21.753334674842,1
User_50,2025-09-04 21:02:42,0.398,0.7256,Walking,Koila,Driving_Under_Influence,6way,0.0,10,4G,-74,47.0,25.0,0.004784192390616,40.322842780950765,21.793269792773135,1
User_35,2025-09-04 22:33:32,0.274,0.5732,Walking,Ligeris,Speeding,2way,5.0,20,4G,-94,88.0,15.0,0.042,40.30603836448406,21.807107094750545,1
User_08,2025-09-04 22:38:14,0.347,0.8518,Swimming,Ligeris,Speeding,4way,2.0,60,WiFi,-62,-23.0,-7.0,0.009178132340099,40.30616588730227,21.807597403688607,1
User_93,2025-09-04 23:20:38,0.588,0.5142,Driving,Koila,Reckless_Driving,1way,150.0,10,4G,-108,37.0,-3.0,0.031,40.32135538861243,21.78945582640803,1
User_99,2025-09-04 23:46:15,0.465,0.7034,Driving,Ligeris,Speeding,2way,0.0,80,3G,-71,92.0,-14.0,0.049,40.30556584442728,21.80795989738672,1
User_95,2025-09-05 00:04:04,0.545,0.7679,Flying,Ligeris,Reckless_Driving,2way,0.0,40,4G,-104,4.0,15.0,0.0047170065303587,40.306230115631266,21.807133507112376,1
User_03,2025-09-05 00:35:24,0.568,0.5234,Walking,Koila,Reckless_Driving,1way,0.0,60,3G,-76,-31.0,-11.0,0.0094384439295243,40.32192753337405,21.789837962108905,1
User_48,2025-09-05 00:45:05,0.599,0.7624,Swimming,Zep,Speeding,2way,1.0,20,5G,-108,26.0,5.0,0.0013783921711023,40.280259896334655,21.754864441757547,1
User_45,2025-09-05 04:56:25,0.285,0.7673,Running,Zep,6,4way,3.0,20,5G,-73,19.0,0.0,0.0081875652241012,40.2808521654503,21.75173311821263,1
User_74,2025-09-05 05:29:37,0.497,0.8514,Running,Ligeris,Speeding,4way,160.0,50,4G,-110,76.0,-14.0,0.0071356231245467,40.30578076937789,21.80773920739827,1
User_69,2025-09-05 06:08:49,0.34,0.8541,Driving,Ligeris,7,2way,0.0,30,4G,-88,15.0,9.0,0.0091438801834371,40.30622084556823,21.807492133492,1
User_10,2025-09-05 06:43:01,0.315,0.8458,Walking,Zep,Reckless_Driving,2way,150.0,30,3G,-76,49.0,-5.0,0.001770386474431,40.27843073975397,21.75374170440563,1
User_68,2025-09-05 06:46:32,0.472,0.5269,Running,Ligeris,Reckless_Driving,6way,1.0,60,4G,-111,62.0,2.0,0.0075253828988043,40.30500087588376,21.809059968150464,1
User_58,2025-09-05 07:36:25,0.465,0.528,Walking,Ligeris,Speeding,2way,140.0,50,WiFi,-68,59.0,11.0,0.0098353285831846,40.30695142817901,21.80739302118767,1
User_54,2025-09-05 09:49:56,0.327,0.7689,Walking,Spinari,Reckless_Driving,2way,1.0,40,4G,-116,38.0,-14.0,0.0020148075847051,40.32324982312932,21.792486266780777,1
User_31,2025-09-05 10:27:44,0.56,0.8474,Walking,Koila,Driving_Under_Influence,4way,160.0,60,3G,-100,83.0,0.0,0.005653142335994,40.32211958130174,21.791249890926036,1
User_42,2025-09-05 10:55:22,0.738,0.6076,Running,Ligeris,Driving_Under_Influence,2way,1.0,10,108,-92,89.0,9.0,0.0078709703991465,40.30493745012458,21.80729839379215,1
User_78,2025-09-05 12:41:56,0.347,0.7336,Driving,Center,Speeding,2way,0.0,20,WiFi,-83,92.0,-22.0,0.0041376492155424,40.30688466074966,21.80796896542027,1
User_99,2025-09-05 12:44:25,0.465,0.7054,Walking,Zep,Speeding,4way,3.0,70,WiFi,-58,79.0,0.0,0.0041376564584965,40.279876599753045,23.706676,1
User_94,2025-09-05 12:49:41,0.681,0.595,Running,Zep,Speeding,1way,0.0,80,107,-80,70.0,-7.0,0.0073546842377271,40.27989251828582,21.752779276235316,1
User_05,2025-09-05 13:31:02,0.743,0.7907,Walking,Ligeris,Driving_Under_Influence,1way,0.0,70,3G,-72,-123.0,13.0,0.0048248318031294,40.3063290506044,21.807817096832085,1
User_71,2025-09-05 14:42:53,0.256,0.4983,Running,Ligeris,Speeding,6way,2.0,10,WiFi,-80,49.0,13.0,0.034,40.30582289809834,21.80790085110408,1
User_31,2025-09-05 14:48:05,0.56,0.8484,Running,Koila,Reckless_Driving,1way,0.0,30,WiFi,-70,90.0,-10.0,0.046,40.32203121086446,21.79124594276896,1
User_88,2025-09-05 15:06:39,0.471,0.6207,Driving,Ligeris,Reckless_Driving,4way,0.0,40,5G,-88,93.0,8.0,0.0020796336602024,40.30682733127173,18.888133,1
User_84,2025-09-05 18:13:17,0.527,0.5677,Walking,Spinari,Speeding,4way,0.0,90,WiFi,-71,80.0,-15.0,0.0017955988245293,40.32284840011528,22.768411,1
User_68,2025-09-05 18:27:26,0.472,0.5279,Swimming,Zep,Reckless_Driving,4way,1.0,60,4G,-89,54.0,1.0,0.0084083839065273,40.306230115631266,21.752390224261145,1
User_66,2025-09-05 18:30:49,0.28,0.7237,Running,Zep,Reckless_Driving,2way,1.0,40,115,-90,91.0,10.0,0.0020666653195024,40.27964940085286,21.7551983333277,1
User_41,2025-09-05 19:20:50,0.628,0.6571,Driving,Zep,Reckless_Driving,1way,0.0,20,4G,-89,95.0,22.0,0.0054830001290578,40.2793185187636,21.7532824250806,1
User_06,2025-09-05 19:23:45,0.584,0.8635,Running,Ligeris,Driving_Under_Influence,1way,0.0,20,WiFi,-72,91.0,3.0,0.0062489861771996,37.882576,21.809351623864103,1
User_22,2025-09-05 19:26:49,0.413,0.5409,Flying,Koila,Driving_Under_Influence,2way,0.0,10,WiFi,-75,-11.0,-15.0,0.0018094456880495,40.32210739178608,21.78946905644596,1
User_75,2025-09-05 19:52:57,0.409,0.6681,Driving,Ligeris,Speeding,2way,1.0,20,WiFi,-86,28.0,25.0,0.0072759208557592,40.30748944114537,21.80705344801969,1
User_11,2025-09-05 20:47:55,0.602,0.812,Walking,Zep,Reckless_Driving,2way,0.0,40,103,-120,96.0,-16.0,0.0079562904898107,40.27927832315497,21.753417787245247,1
User_05,2025-09-05 21:02:31,0.743,0.7917,Running,Koila,Speeding,1way,0.0,20,117,-87,22.0,-11.0,0.0067650944340437,40.32119059274949,21.791748431570365,1
User_92,2025-09-05 21:13:15,0.694,0.6712,Running,Koila,Speeding,6way,0.0,70,WiFi,-72,-155.0,8.0,0.0095257450329909,40.32367145501988,21.790901096189288,1
User_63,2025-09-05 21:24:18,0.543,0.6116,Walking,Spinari,Driving_Under_Influence,2way,1.0,50,4G,-102,54.0,4.0,0.0075889028616606,40.30661266823571,21.808341731442848,1
User_48,2025-09-05 21:37:06,0.599,0.7634,Running,Center,Reckless_Driving,2way,0.0,40,120,-114,52.0,-8.0,0.0030266177017843,40.3210494015035,21.789808201017745,1
User_86,2025-09-06 00:33:44,0.469,0.4981,Driving,Zep,Driving_Under_Influence,1way,0.0,40,5G,-88,17.0,-13.0,0.042,40.281062404627335,21.752897565702185,1
User_37,2025-09-06 00:34:36,0.306,0.7724,Running,Ligeris,Driving_Under_Influence,2way,3.0,20,WiFi,-61,72.0,10.0,0.04,40.305607659743075,21.80716719429797,1
User_75,2025-09-06 00:59:29,0.409,0.6691,Walking,Zep,Speeding,4way,2.0,90,4G,-88,69.0,-7.0,0.029,40.27947690067792,21.752998252873624,1
User_77,2025-09-06 01:07:59,0.428,0.5135,Walking,Zep,Speeding,2way,1.0,40,108,-91,8.0,-2.0,0.007800498636554,40.28036134606388,21.75399854497531,1
User_28,2025-09-06 01:25:16,0.348,0.8063,Driving,Zep,Driving_Under_Influence,4way,1.0,40,4G,-120,58.0,-23.0,0.0041315902858069,40.27968640286922,21.752816892967285,1
User_01,2025-09-06 01:29:25,0.619,0.7688,Driving,Zep,Reckless_Driving,1way,0.0,60,4G,-74,49.0,16.0,0.021,40.280098734576995,21.754682458858547,1
User_90,2025-09-06 02:41:39,0.525,0.5568,Walking,Zep,Driving_Under_Influence,1way,0.0,Illegal_Parking,4G,-98,74.0,9.0,0.001267934693052,38.612277,21.751574545681905,1
User_10,2025-09-06 03:11:23,0.315,0.8468,Flying,Koila,Reckless_Driving,2way,1.0,50,5G,-90,67.0,5.0,0.0063344396417345,40.322359384800016,21.788951849614516,1
User_43,2025-09-06 03:31:17,0.416,0.6557,Walking,Koila,Speeding,2way,0.0,Illegal_Parking,3G,-106,15.0,11.0,0.0043056262640688,40.322253538135286,19.880946,1
User_61,2025-09-06 03:41:13,0.546,0.5767,Running,Ligeris,8,2way,0.0,30,3G,-106,26.0,-4.0,0.0022836551121623,37.85549,21.807918148642077,1
User_45,2025-09-06 04:57:40,0.285,0.7703,Driving,Ligeris,Reckless_Driving,4way,3.0,50,WiFi,-87,82.0,-24.0,0.0024464440893828,40.30621851656588,21.807534195826776,1
User_26,2025-09-06 05:03:02,0.408,0.7445,Driving,Zep,Speeding,5way,0.0,10,5G,-85,64.0,7.0,0.0077505302627755,40.27923883266702,21.75356578224475,1
User_29,2025-09-06 06:33:27,0.415,0.6604,Running,Zep,Reckless_Driving,2way,1.0,50,WiFi,-58,44.0,1.0,0.004358621808112,41.116566,21.75266854008676,1
User_68,2025-09-06 06:40:18,0.472,0.5299,Driving,Koila,Driving_Under_Influence,2way,1.0,20,WiFi,-56,74.0,11.0,0.0083539690852107,40.32121541470902,22.557473,1
User_77,2025-09-06 08:16:08,0.428,0.5145,Walking,Center,Speeding,2way,0.0,130,WiFi,-73,1.0,0.0,0.0023716006497136,38.236328,21.809082419358887,1
User_58,2025-09-06 08:38:21,0.465,0.53,Walking,Koila,Reckless_Driving,2way,0.0,Harassing_Driver,5G,-116,5.0,-1.0,0.039,40.32299964616734,21.791712089191623,1
User_87,2025-09-06 09:41:30,0.709,0.8782,Walking,Zep,Driving_Under_Influence,2way,0.0,40,5G,-70,63.0,10.0,0.049,40.27838657524541,21.75300438013528,1
User_02,2025-09-06 10:14:32,0.529,0.7966,Walking,Koila,Driving_Under_Influence,1way,140.0,40,4G,Ethernet,81.0,15.0,0.0065142222631893,40.32215285846008,21.790913865726893,1
User_63,2025-09-06 10:40:23,0.543,0.6136,Flying,Koila,Speeding,2way,1.0,30,5G,-99,-28.0,14.0,0.0050031492604711,40.3209705773663,21.79105833823385,1
User_40,2025-09-06 11:04:12,0.482,0.8647,Driving,Center,Reckless_Driving,4way,0.0,30,3G,-71,67.0,16.0,0.0031497003010171,40.30649771979069,21.809090042676097,1
User_14,2025-09-06 11:33:54,0.393,0.7044,Walking,Zep,9,2way,0.0,30,4G,-112,25.0,11.0,0.0064793994749987,40.28035781805548,21.754177292051505,1
User_50,2025-09-06 11:44:31,0.398,0.7296,Walking,Ligeris,Reckless_Driving,1way,1.0,60,3G,-102,92.0,0.0,0.038,40.30699533286208,21.80751144436262,1
User_30,2025-09-06 12:08:09,0.413,0.5874,Running,Ligeris,Driving_Under_Influence,4way,0.0,60,5G,-96,7.0,8.0,0.0035503149358422,40.305497941977535,18.115854,1
User_95,2025-09-06 12:24:24,0.545,0.7709,Running,Koila,Speeding,2way,150.0,30,5G,-72,3.0,-11.0,0.0040097016547434,40.32334784098389,21.792649675155648,1
User_06,2025-09-06 12:39:21,0.584,0.8645,Driving,Spinari,Driving_Under_Influence,2way,1.0,40,WiFi,-83,77.0,-18.0,0.0078449419668808,40.30602519257029,21.80742536595047,1
User_44,2025-09-06 13:07:39,0.332,0.5796,Running,Center,Driving_Under_Influence,2way,0.0,30,WiFi,-84,63.0,13.0,0.0082775132121314,40.279714563661074,21.753403387921363,1
User_93,2025-09-06 13:13:34,0.588,0.5172,Walking,Ligeris,Speeding,2way,1.0,30,4G,-85,100.0,-9.0,0.0023842522544397,40.30788041618621,17.693221,1
User_52,2025-09-06 15:02:26,0.544,0.5742,Driving,Zep,Speeding,4way,1.0,80,4G,-108,55.0,-22.0,0.0033612048899441,40.279309429095214,21.753083267519266,1
User_08,2025-09-06 15:19:18,0.347,0.8558,Walking,Ligeris,Driving_Under_Influence,2way,0.0,30,WiFi,-58,94.0,-2.0,0.024,40.30708740970728,21.806431619347155,1
User_84,2025-09-06 16:03:57,0.527,0.5707,Running,Koila,9,1way,3.0,90,WiFi,-71,1.0,-9.0,0.0094564294656315,38.778494,21.79056607707748,1
User_59,2025-09-06 16:33:10,0.265,0.6752,Swimming,Zep,Driving_Under_Influence,2way,3.0,70,5G,-110,66.0,8.0,0.0019704016267709,37.104794,21.75317692317096,1
User_60,2025-09-06 16:49:00,0.353,0.8628,Swimming,Zep,Speeding,2way,0.0,70,4G,-87,91.0,-3.0,0.002217488549554,40.279050785963086,21.75429087927757,1
User_26,2025-09-06 17:10:15,0.408,0.7455,Running,Zep,Driving_Under_Influence,2way,0.0,50,107,-67,85.0,16.0,0.0045492051655203,40.28022484243865,21.75128894110644,1
User_97,2025-09-06 17:19:11,0.337,0.7763,Driving,Zep,Driving_Under_Influence,2way,1.0,50,5G,-104,66.0,-24.0,0.0025623631411053,40.27839742758915,21.751742718821987,1
User_28,2025-09-06 17:19:34,0.348,0.8073,Running,Koila,9,2way,1.0,30,WiFi,-58,37.0,3.0,0.0023242533865739,40.32182794410976,21.792517912354462,1
User_46,2025-09-06 17:20:10,0.519,0.8386,Running,Zep,Reckless_Driving,2way,5.0,20,111,-110,51.0,-3.0,0.0093480869405538,40.280797889919626,21.753330764251235,1
User_33,2025-09-06 17:24:41,0.634,0.7102,Walking,Spinari,Driving_Under_Influence,2way,0.0,70,4G,Satellite,66.0,6.0,0.0040117526593335,40.32173002671535,21.78911611509957,1
User_27,2025-09-06 17:42:09,0.535,0.7491,Walking,Koila,Speeding,2way,0.0,10,4G,-117,72.0,-1.0,0.0041031073362623,40.32213334286611,17.638834,1
User_34,2025-09-06 17:56:21,0.431,0.6509,Driving,Koila,Reckless_Driving,6way,1.0,30,4G,-70,90.0,12.0,0.0097478079171826,40.322148959479186,21.792221857374724,1
User_96,2025-09-06 17:58:08,0.261,0.7541,Flying,Ligeris,Reckless_Driving,2way,0.0,30,WiFi,-90,76.0,8.0,0.0095604752864831,40.30625327175131,21.80774442920374,1
User_01,2025-09-06 18:13:09,0.619,0.7698,Walking,Ligeris,Reckless_Driving,2way,0.0,Illegal_Parking,4G,-94,61.0,13.0,0.0091356880645719,41.924643,21.809172483748146,1
User_70,2025-09-06 20:07:14,0.601,0.5919,Walking,Koila,Reckless_Driving,2way,2.0,80,4G,-108,-41.0,-10.0,0.0061564970887161,40.322108491223545,21.791241677296767,1
User_13,2025-09-06 20:28:07,0.75,0.7414,Walking,Zep,Speeding,4way,0.0,70,4G,-101,49.0,8.0,0.028,40.2788167894141,21.751575624404445,1
User_17,2025-09-06 21:37:58,0.631,0.6378,Swimming,Koila,Driving_Under_Influence,2way,2.0,80,WiFi,-88,32.0,-4.0,0.004992862327746,40.32350612404459,19.606821,1
User_92,2025-09-06 21:48:55,0.694,0.6732,Walking,Spinari,Reckless_Driving,1way,1.0,40,3G,-105,49.0,10.0,0.0056627483037828,40.323256421258286,21.791553162673175,1
User_67,2025-09-06 22:25:39,0.529,0.7086,Walking,Spinari,Reckless_Driving,4way,0.0,80,111,-85,24.0,5.0,0.0090907729694228,40.278625261834485,21.752049808024648,1
User_61,2025-09-06 22:45:30,0.546,0.5777,Running,Center,Driving_Under_Influence,2way,1.0,10,WiFi,-61,53.0,2.0,0.0030616153790961,37.240827,21.754389790682463,1
User_86,2025-09-06 23:25:39,0.469,0.4991,Walking,Ligeris,Reckless_Driving,1way,1.0,30,112,-71,52.0,-5.0,0.0011333810481327,40.3047530849699,21.807720070234964,1
User_06,2025-09-07 00:05:12,0.584,0.8665,Driving,Ligeris,Speeding,6way,1.0,10,4G,-77,68.0,12.0,0.0054090167420493,40.30661282479576,21.805534992011495,1
User_94,2025-09-07 01:39:17,0.681,0.598,Walking,Ligeris,Reckless_Driving,6way,2.0,20,4G,-76,87.0,-16.0,0.0083741717926404,40.30617425342177,21.806990838279383,1
User_23,2025-09-07 02:41:26,0.458,0.647,Running,Spinari,Speeding,4way,0.0,70,3G,-87,84.0,8.0,0.0029067520081837,40.30542327600329,21.807123582347796,1
User_99,2025-09-07 02:49:04,0.465,0.7084,Walking,Ligeris,Speeding,2way,140.0,50,4G,-116,71.0,6.0,0.0064519620520289,40.30683991327318,21.808526799984666,1
User_20,2025-09-07 02:52:54,0.334,0.8201,Running,Ligeris,Reckless_Driving,1way,0.0,20,106,-117,40.0,-4.0,0.0046366372585411,40.30511366212341,21.806382493931103,1
User_68,2025-09-07 03:26:52,0.472,0.5309,Flying,Ligeris,Speeding,2way,2.0,70,120,-79,49.0,10.0,0.0052075608389055,40.30764993268301,21.80636167102317,1
User_10,2025-09-07 04:33:57,0.315,0.8498,Driving,Spinari,Driving_Under_Influence,2way,4.0,40,WiFi,-82,89.0,10.0,0.0091735972362617,40.3220827008871,21.79130409925566,1
User_09,2025-09-07 04:55:40,0.46,0.8838,Driving,Zep,Speeding,2way,2.0,70,113,-70,48.0,11.0,0.0059217050232505,40.27869240438313,21.752860373634732,1
User_59,2025-09-07 06:38:11,0.265,0.6762,Driving,Ligeris,Reckless_Driving,4way,2.0,60,5G,-108,70.0,14.0,0.002062689630268,40.305667915937335,23.266958,1
User_67,2025-09-07 06:42:53,0.529,0.7106,Running,Koila,Reckless_Driving,5way,1.0,50,4G,-88,58.0,0.0,0.0095966348454348,40.322083785455014,21.791255901056953,1
User_91,2025-09-07 06:53:42,0.587,0.8028,Walking,Zep,Reckless_Driving,2way,3.0,50,3G,-104,56.0,9.0,0.0050165817278929,40.27994277936084,17.512509,1
User_71,2025-09-07 08:30:39,0.256,0.5013,Walking,Koila,Speeding,2way,140.0,20,3G,-76,16.0,15.0,0.0084453685123964,40.32233803350218,21.79034176232596,1
User_28,2025-09-07 08:36:52,0.348,0.8093,Driving,Koila,Driving_Under_Influence,4way,0.0,40,4G,-85,89.0,15.0,0.0045796371909093,38.870711,21.791373017574077,1
User_44,2025-09-07 08:44:14,0.332,0.5816,Running,Zep,Speeding,2way,140.0,60,4G,-70,37.0,12.0,0.023,40.306230115631266,21.75431388923566,1
User_75,2025-09-07 09:57:28,0.409,0.6711,Driving,Koila,Speeding,1way,150.0,80,5G,-89,98.0,7.0,0.0078132736484406,40.323464174272246,21.79205031563505,1
User_76,2025-09-07 10:17:54,0.355,0.6971,Walking,Zep,Driving_Under_Influence,2way,1.0,80,5G,-117,74.0,8.0,0.00455950608637,40.2784078706084,17.606674,1
User_50,2025-09-07 10:21:17,0.398,0.7306,Walking,Zep,Speeding,2way,1.0,10,5G,-87,74.0,-23.0,0.0092444126664813,40.28027031526596,21.753129246202725,1
User_26,2025-09-07 10:53:34,0.408,0.7465,Walking,Zep,Driving_Under_Influence,1way,1.0,120,WiFi,-56,50.0,4.0,0.0022591165575917,40.27968137421825,22.174173,1
User_31,2025-09-07 11:23:18,0.56,0.8514,Walking,Koila,6,2way,2.0,10,4G,-102,38.0,-13.0,0.001268343725948,40.32220296109629,22.323794,1
User_35,2025-09-07 11:40:20,0.274,0.5782,Walking,Ligeris,Driving_Under_Influence,2way,0.0,20,4G,-73,21.0,-13.0,0.044,40.30691788244727,21.806544907638617,1
User_37,2025-09-07 12:12:07,0.306,0.7744,Walking,Zep,Reckless_Driving,1way,4.0,50,3G,-116,46.0,0.0,0.003370618299035,40.279352625153926,18.089918,1
User_99,2025-09-07 12:26:47,0.465,0.5641,Running,Koila,Speeding,5way,1.0,40,5G,-113,2.0,-12.0,0.008258868525913,40.321339368524896,22.207574,1
User_83,2025-09-07 13:07:49,0.309,0.8575,Driving,Zep,Driving_Under_Influence,2way,0.0,30,5G,-116,53.0,21.0,0.0082991877070985,40.27987484962386,21.753456869218432,1
User_52,2025-09-07 13:10:59,0.544,0.5752,Running,Ligeris,Speeding,6way,0.0,10,WiFi,-55,70.0,4.0,0.0014085024212493,40.30456596472086,21.807162781856565,1
User_05,2025-09-07 13:14:33,0.743,0.7947,Running,Zep,Driving_Under_Influence,2way,1.0,80,3G,-100,70.0,11.0,0.0055497496660595,40.27995653179657,18.535232,1
User_48,2025-09-07 13:40:19,0.599,0.7664,Walking,Ligeris,Driving_Under_Influence,1way,2.0,80,5G,-81,-127.0,0.0,0.0067444889455606,40.30689173543908,21.808184040285862,1
User_47,2025-09-07 15:45:09,0.585,0.6072,Running,Ligeris,Reckless_Driving,1way,0.0,60,106,-54,21.0,4.0,0.0078472715411938,40.305848378391765,21.80738392785364,1
User_82,2025-09-07 17:57:35,0.324,0.7119,Walking,Koila,Reckless_Driving,2way,0.0,50,3G,-96,84.0,25.0,0.003615893411677,40.32274448354579,21.79078781106685,1
User_30,2025-09-07 17:58:38,0.413,0.5894,Swimming,Zep,Driving_Under_Influence,2way,3.0,70,3G,-110,16.0,16.0,0.043,40.27954539612,21.753157089759735,1
User_83,2025-09-07 18:06:22,0.309,0.8585,Running,Ligeris,Driving_Under_Influence,5way,0.0,40,WiFi,-86,82.0,-4.0,0.0010068557886246,40.304929374744894,21.807712393525,1
User_55,2025-09-07 18:32:20,0.447,0.8354,Driving,Koila,Speeding,2way,0.0,10,4G,-97,61.0,5.0,0.0025003516582822,40.3207285792241,23.753134,1
User_21,2025-09-07 18:49:06,0.303,0.5122,Driving,Ligeris,Reckless_Driving,1way,1.0,70,5G,-112,36.0,25.0,0.0099630135278647,40.306207373705575,21.807581297896427,1
User_27,2025-09-07 19:44:54,0.535,0.5641,Running,Ligeris,Speeding,4way,0.0,30,110,-61,96.0,14.0,0.0021951295296021,40.30469111892251,21.80721246416197,1
User_57,2025-09-07 19:45:21,0.372,0.6112,Walking,Koila,Speeding,1way,1.0,40,103,-75,19.0,-7.0,0.0057762243575577,40.322084833277295,21.791128846396877,1
User_41,2025-09-07 20:58:26,0.628,0.6611,Running,Koila,Speeding,1way,0.0,30,5G,-116,-45.0,7.0,0.0065457823086945,40.321098478948294,21.792516629003753,1
User_23,2025-09-07 22:02:30,0.458,0.648,Walking,Koila,Driving_Under_Influence,2way,0.0,80,4G,-97,-10.0,-4.0,0.0015244394199628,40.32190910394767,21.790001612237827,1
User_14,2025-09-07 22:14:23,0.393,0.7064,Driving,Zep,Reckless_Driving,1way,150.0,40,3G,-89,66.0,14.0,0.0054996358042913,40.278805326078995,21.753629402552104,1
User_90,2025-09-07 23:19:34,0.525,0.5598,Driving,Koila,Reckless_Driving,1way,1.0,70,3G,-100,-17.0,-1.0,0.0059697213466475,40.32219631736067,21.791474124292805,1
User_83,2025-09-08 00:11:09,0.309,0.8595,Walking,Koila,Driving_Under_Influence,1way,1.0,50,4G,-72,62.0,-23.0,0.0086537310618924,40.306230115631266,21.752902350028467,1
User_90,2025-09-08 00:30:03,0.525,0.5608,Running,Koila,Reckless_Driving,1way,0.0,Lane_Discards,WiFi,-66,-45.0,-14.0,0.0051380333081486,40.306230115631266,21.7918918700026,1
User_61,2025-09-08 01:11:26,0.546,0.5807,Walking,Koila,Speeding,6way,0.0,30,5G,Satellite,79.0,7.0,0.0082312517792318,40.32282703400282,21.792205444592497,1
User_93,2025-09-08 01:25:18,0.588,0.5212,Running,Spinari,Driving_Under_Influence,2way,0.0,10,4G,-88,3.0,6.0,0.0051751262412904,40.278686625799104,21.752344861840548,1
User_08,2025-09-08 03:07:50,0.347,0.8588,Walking,Ligeris,Reckless_Driving,2way,0.0,70,3G,-96,49.0,-3.0,0.0087816878088338,40.3060543924665,23.41186,1
User_100,2025-09-08 03:17:02,0.37,0.755,Driving,Zep,8,4way,0.0,50,4G,-77,49.0,23.0,0.0027193401716864,40.27911407453908,21.75325915185497,1
User_04,2025-09-08 03:26:55,0.662,0.5527,Swimming,Ligeris,Reckless_Driving,1way,1.0,80,4G,-91,70.0,-15.0,0.0025301589261064,40.3046507253402,21.807998357386488,1
User_66,2025-09-08 03:40:07,0.28,0.7297,Driving,Koila,Driving_Under_Influence,2way,0.0,30,WiFi,-85,-10.0,1.0,0.0067248684529264,40.32046948707254,21.79049738539173,1
User_36,2025-09-08 03:43:17,0.563,0.8889,Walking,Zep,Driving_Under_Influence,1way,0.0,70,3G,-112,41.0,-20.0,0.0048408156715703,40.27906736829378,21.752264026757334,1
User_02,2025-09-08 03:49:21,0.529,0.8006,Running,Koila,Driving_Under_Influence,5way,4.0,80,5G,-109,9.0,-9.0,0.0054031645987026,42.159172,21.791764047231062,1
User_96,2025-09-08 06:11:22,0.261,0.7581,Running,Koila,Driving_Under_Influence,4way,2.0,Illegal_Parking,3G,-115,41.0,7.0,0.0051337497146853,40.32219232997104,21.7909201933296,1
User_70,2025-09-08 06:36:41,0.601,0.5959,Running,Ligeris,Speeding,5way,0.0,40,5G,-114,10.0,-7.0,0.0014176915060383,40.306448595165655,21.80831160196013,1
User_63,2025-09-08 07:05:04,0.543,0.6166,Running,Koila,Speeding,4way,1.0,80,3G,-113,0.0,10.0,0.04,40.32151837778881,21.78995625506795,1
User_02,2025-09-08 08:44:51,0.529,0.8016,Walking,Center,Speeding,2way,0.0,60,5G,-84,17.0,-1.0,0.0095297475419585,40.32072539418826,21.79147514214112,1
User_33,2025-09-08 10:14:13,0.634,0.7152,Flying,Zep,Reckless_Driving,2way,1.0,40,3G,-83,-141.0,-1.0,0.004178598839184,40.28038432879887,21.754259875071696,1
User_60,2025-09-08 11:04:42,0.353,0.8658,Running,Spinari,Driving_Under_Influence,4way,0.0,40,3G,-88,41.0,0.0,0.0049542602305266,40.30647108024404,21.807670202598867,1
User_91,2025-09-08 13:37:41,0.587,0.8058,Running,Koila,Driving_Under_Influence,4way,0.0,10,3G,-113,-26.0,-15.0,0.0053402373632921,40.32074380682197,21.790068558086663,1
User_88,2025-09-08 14:32:02,0.471,0.6277,Running,Zep,Speeding,4way,0.0,100,4G,-71,45.0,14.0,0.038,40.27956256970428,21.753263104752055,1
User_94,2025-09-08 14:34:44,0.681,0.6,Walking,Ligeris,Reckless_Driving,5way,1.0,50,WiFi,-75,56.0,1.0,0.0086931530133251,40.30659858330933,21.807030478263627,1
User_93,2025-09-08 14:51:29,0.588,0.5222,Driving,Koila,Speeding,2way,2.0,20,112,-102,64.0,-5.0,0.0040395012604353,40.32146504187988,21.790137953421777,1
User_07,2025-09-08 14:55:55,0.625,0.5814,Driving,Zep,Reckless_Driving,4way,0.0,70,4G,-114,-128.0,-15.0,0.0084966547671937,40.28006466346411,21.753889459357396,1
User_61,2025-09-08 15:47:28,0.546,0.5817,Driving,Ligeris,Speeding,5way,0.0,10,3G,-95,2.0,-2.0,0.0027221528646859,40.306514414506864,23.979316,1
User_07,2025-09-08 16:16:12,0.625,0.5824,Walking,Center,Reckless_Driving,1way,2.0,80,3G,-95,65.0,20.0,0.0072500216591679,40.27901425457063,21.753350855776507,1
User_68,2025-09-08 16:54:22,0.472,0.5339,Driving,Ligeris,7,2way,4.0,30,5G,-117,84.0,-22.0,0.0014864481423547,40.30749538279058,21.807807854187708,1
User_30,2025-09-08 18:08:29,0.413,0.5904,Running,Koila,Reckless_Driving,2way,0.0,50,WiFi,-71,-18.0,9.0,0.0079415669132217,40.32184611380513,21.791656537534003,1
User_10,2025-09-08 19:03:13,0.315,0.8508,Walking,Ligeris,Reckless_Driving,2way,0.0,30,5G,-85,37.0,4.0,0.044,40.305333108125254,21.808300678178416,1
User_30,2025-09-08 19:09:00,0.413,0.5914,Running,Koila,Driving_Under_Influence,2way,0.0,Lane_Discards,WiFi,-88,57.0,13.0,0.0080457476585483,40.321403838240506,21.791011790235093,1
User_55,2025-09-08 19:15:35,0.447,0.8374,Driving,Center,Speeding,4way,1.0,50,4G,Satellite,7.0,-5.0,0.0027506887660816,40.306019854905855,21.80930363147563,1
User_35,2025-09-08 19:28:09,0.274,0.5802,Walking,Koila,Driving_Under_Influence,1way,0.0,70,3G,-113,70.0,-16.0,0.008059606727724,40.32233766325072,19.12682,1
User_58,2025-09-08 20:26:09,0.465,0.535,Running,Zep,Speeding,2way,1.0,40,5G,-102,29.0,-12.0,0.005653142335994,42.860319,21.751982956753015,1
User_26,2025-09-08 20:57:12,0.408,0.7495,Walking,Koila,Reckless_Driving,2way,0.0,Illegal_Parking,4G,-71,27.0,-8.0,0.0038387985500099,40.32124808589195,21.792778216276005,1
User_69,2025-09-08 22:19:30,0.34,0.8601,Swimming,Ligeris,Reckless_Driving,2way,0.0,50,4G,-92,18.0,13.0,0.0057751525381482,40.30538084945743,21.809413021813857,1
User_94,2025-09-08 22:23:03,0.681,0.601,Walking,Ligeris,Driving_Under_Influence,1way,3.0,60,113,-88,91.0,-2.0,0.001618636737665,40.3072074844092,21.80733964063232,1
User_69,2025-09-08 22:40:18,0.34,0.8611,Walking,Koila,Speeding,2way,1.0,40,WiFi,-57,95.0,2.0,0.033,40.32281755371901,21.79167783254757,1
User_67,2025-09-08 23:36:24,0.529,0.7126,Driving,Koila,Driving_Under_Influence,2way,1.0,30,4G,-70,7.0,-13.0,0.042,40.32207916665917,21.791070744932153,1
User_90,2025-09-09 01:01:11,0.525,0.5628,Walking,Koila,Speeding,2way,1.0,10,3G,-99,21.0,-4.0,0.0088723215400821,40.32157479943205,18.644665,1
User_82,2025-09-09 01:39:58,0.324,0.5641,Driving,Ligeris,Reckless_Driving,4way,1.0,40,113,-105,33.0,12.0,0.0014187956144752,40.30658548458656,21.8075078900403,1
User_84,2025-09-09 01:58:11,0.527,0.5757,Running,Koila,Reckless_Driving,2way,0.0,Lane_Discards,3G,-97,17.0,-25.0,0.0021026504109631,40.3221234521966,21.79101624694528,1
User_18,2025-09-09 02:25:13,0.251,0.8925,Driving,Ligeris,Reckless_Driving,2way,1.0,40,5G,-80,-47.0,-16.0,0.0070860242604516,40.30689382880457,21.808043195948052,1
User_67,2025-09-09 03:15:14,0.529,0.7136,Flying,Zep,Reckless_Driving,2way,0.0,30,5G,-113,66.0,23.0,0.0044034907492191,40.27936777863111,21.7531420670381,1
User_68,2025-09-09 03:24:00,0.472,0.5349,Running,Koila,Speeding,2way,0.0,Illegal_Parking,3G,-75,18.0,15.0,0.0095375308386596,40.323822698033034,21.79177252911503,1
User_45,2025-09-09 05:05:15,0.46,0.7753,Walking,Koila,Reckless_Driving,5way,0.0,20,5G,-80,54.0,2.0,0.0024354285620359,40.322083368188096,21.792246353912844,1
User_30,2025-09-09 05:33:54,0.413,0.5924,Running,Ligeris,Driving_Under_Influence,2way,160.0,60,WiFi,-59,92.0,-11.0,0.0067073433835608,40.30697580102412,21.80876927232623,1
User_36,2025-09-09 05:38:28,0.46,0.8919,Driving,Ligeris,Reckless_Driving,2way,1.0,40,103,-107,19.0,10.0,0.0022980083316534,40.30615958726008,21.807796894616224,1
User_50,2025-09-09 06:04:17,0.398,0.7346,Walking,Koila,Speeding,4way,0.0,20,5G,-94,-121.0,-10.0,0.0042706142090019,40.32215525364109,21.79129307512677,1
User_94,2025-09-09 06:35:21,0.681,0.602,Walking,Ligeris,Driving_Under_Influence,6way,2.0,30,WiFi,-74,76.0,6.0,0.006571380532931,40.30694350960621,21.807945062720375,1
User_97,2025-09-09 07:13:08,0.337,0.7823,Driving,Ligeris,Driving_Under_Influence,1way,160.0,20,4G,-119,20.0,2.0,0.0042871115946945,38.031885,21.808123918324064,1
User_29,2025-09-09 08:07:03,0.415,0.6664,Walking,Ligeris,Reckless_Driving,1way,1.0,20,117,-87,18.0,11.0,0.005653142335994,40.306234822753765,21.807462206641738,1
User_16,2025-09-09 08:35:37,0.513,0.7097,Driving,Koila,Reckless_Driving,1way,0.0,60,4G,-119,-23.0,-7.0,0.0059944006857637,40.27869918204386,21.753873183838685,1
User_31,2025-09-09 09:14:08,0.56,0.8554,Walking,Ligeris,Speeding,2way,0.0,Harassing_Driver,114,-78,1.0,-10.0,0.0088186757643547,40.30632276360389,21.807992673887124,1
User_65,2025-09-09 09:35:57,0.448,0.5781,Walking,Center,Driving_Under_Influence,2way,1.0,20,3G,-92,-40.0,1.0,0.0070449469326994,40.30626362625824,21.808646910208587,1
User_22,2025-09-09 10:08:45,0.413,0.5489,Walking,Koila,Reckless_Driving,1way,3.0,70,WiFi,-71,69.0,11.0,0.0058492387579537,38.361137,21.789430260665732,1
User_14,2025-09-09 10:35:18,0.393,0.7104,Walking,Zep,Driving_Under_Influence,1way,140.0,50,WiFi,-65,80.0,9.0,0.0057114109937314,40.27818667755866,21.75240055724021,1
User_23,2025-09-09 11:01:52,0.458,0.651,Walking,Koila,Driving_Under_Influence,4way,150.0,40,5G,-98,64.0,12.0,0.0010617495228867,40.322048099664144,21.790612303658364,1
User_88,2025-09-09 11:26:18,0.471,0.6287,Running,Koila,Speeding,5way,0.0,60,3G,-114,71.0,-15.0,0.007129415058624,40.32064342254568,21.792460504741335,1
User_05,2025-09-11 19:19:32,0.743,0.8037,Swimming,Ligeris,Driving_Under_Influence,4way,1.0,80,4G,-104,71.0,11.0,0.0027151224146341,37.681302,21.805901312920152,1
User_64,2025-09-11 19:36:25,0.511,0.8588,Running,Zep,8,1way,1.0,40,3G,-77,43.0,3.0,0.0098576524080977,40.28101762164439,21.752352828485225,1
User_90,2025-09-11 21:12:16,0.525,0.5668,Walking,Zep,Reckless_Driving,2way,150.0,50,4G,-115,-132.0,5.0,0.0071334164627573,40.280429998610295,21.75307939413626,1
User_61,2025-09-11 21:46:14,0.546,0.5877,Running,Ligeris,Driving_Under_Influence,2way,0.0,10,3G,-105,-123.0,9.0,0.0053124519159583,40.30539609949268,21.80758657575428,1
User_14,2025-09-12 00:49:20,0.393,0.7154,Running,Koila,Driving_Under_Influence,1way,0.0,40,5G,-113,40.0,-16.0,0.04,40.32271896419889,21.791275663887895,1
User_54,2025-09-12 02:07:00,0.327,0.5641,Swimming,Koila,Reckless_Driving,2way,0.0,30,3G,-113,83.0,-12.0,0.0085067596327073,40.32196287328947,21.789758716874047,1
User_91,2025-09-12 02:22:07,0.587,0.8128,Driving,Ligeris,7,1way,0.0,20,4G,-109,49.0,-18.0,0.0058221567843247,40.3048907712372,21.80600369600734,1
User_44,2025-09-12 04:40:23,0.332,0.5916,Running,Koila,Speeding,2way,1.0,20,110,-118,80.0,8.0,0.0094554145127232,40.321597360121714,21.79351308622136,1
User_50,2025-09-12 04:55:51,0.398,0.7406,Running,Zep,7,2way,0.0,70,WiFi,-77,94.0,-7.0,0.0012220369147885,38.723222,21.752835079196167,1
User_30,2025-09-12 04:57:29,0.413,0.5984,Driving,Zep,Speeding,4way,1.0,60,WiFi,-67,49.0,7.0,0.039,40.27855624332217,21.75427212701108,1
User_75,2025-09-12 08:34:40,0.409,0.6811,Running,Center,Driving_Under_Influence,2way,0.0,50,3G,-90,38.0,13.0,0.022,40.32244350267905,21.7916526664829,1
User_62,2025-09-12 09:29:14,0.366,0.6172,Driving,Koila,Reckless_Driving,1way,0.0,30,3G,-82,63.0,-24.0,0.004249275751034,40.32111064723481,21.792172939449845,1
User_72,2025-09-12 09:47:09,0.567,0.5495,Driving,Zep,Speeding,6way,0.0,60,WiFi,-54,70.0,0.0,0.0019242265282544,40.27903825293126,21.791256784153244,1
User_99,2025-09-12 09:52:23,0.465,0.7184,Running,Koila,Speeding,4way,1.0,40,3G,-76,65.0,-20.0,0.0069999771616595,40.32245108003219,21.790141652204728,1
User_50,2025-09-12 11:04:07,0.398,0.7416,Driving,Koila,Driving_Under_Influence,6way,0.0,30,WiFi,-84,16.0,-12.0,0.0027287959482027,40.32347152220125,21.791484210216435,1
User_61,2025-09-12 11:05:24,0.546,0.5887,Driving,Zep,6,4way,0.0,30,119,-82,79.0,-5.0,0.005653142335994,40.28019200023426,21.754625457113896,1
User_88,2025-09-12 11:05:49,0.471,0.6347,Running,Zep,Reckless_Driving,4way,0.0,50,4G,-105,96.0,15.0,0.0044522071123678,42.916037,21.75184119302744,1
User_29,2025-09-12 11:09:57,0.415,0.6724,Driving,Ligeris,Speeding,2way,1.0,30,3G,-109,51.0,11.0,0.003090484514441,37.063456,21.807612282570847,1
User_97,2025-09-12 11:56:10,0.337,0.7893,Running,Zep,Speeding,4way,4.0,Harassing_Driver,116,-89,65.0,10.0,0.0073952533659089,40.306230115631266,21.752855592577408,1
User_24,2025-09-12 13:05:38,0.445,0.5641,Swimming,Zep,Reckless_Driving,2way,1.0,70,3G,-119,51.0,-1.0,0.0094261630882799,40.27929634339085,18.294863,1
User_16,2025-09-12 15:43:01,0.513,0.7147,Running,Zep,Reckless_Driving,2way,1.0,40,WiFi,-79,67.0,-7.0,0.04,40.27865829702811,21.75410934039363,1
User_94,2025-09-12 15:47:43,0.681,0.609,Running,Zep,Speeding,2way,1.0,Illegal_Parking,WiFi,-86,82.0,-13.0,0.039,40.279960080817006,21.753502585023252,1
User_37,2025-09-12 16:10:36,0.306,0.7844,Driving,Center,Driving_Under_Influence,2way,2.0,70,WiFi,-65,54.0,11.0,0.0049743094534726,40.30581659333884,23.402554,1
User_24,2025-09-12 17:39:47,0.445,0.5916,Flying,Zep,Speeding,2way,0.0,90,3G,-71,10.0,-8.0,0.0061150372821942,40.28058415064381,21.75171544544012,1
User_53,2025-09-12 17:47:17,0.313,0.6086,Driving,Koila,Reckless_Driving,2way,0.0,20,3G,-88,38.0,11.0,0.0022397718020831,40.321799373058816,18.430765,1
User_27,2025-09-12 18:34:40,0.535,0.7611,Walking,Zep,Reckless_Driving,2way,2.0,30,113,-114,35.0,-12.0,0.0015536472354298,40.27879433194258,21.75182884027157,1
User_46,2025-09-12 19:00:39,0.519,0.5641,Driving,Koila,Reckless_Driving,1way,2.0,20,WiFi,-84,80.0,-2.0,0.0027203587243307,40.32187650923195,18.354393,1
User_63,2025-09-12 19:38:23,0.543,0.6256,Walking,Zep,6,2way,0.0,50,4G,-100,18.0,15.0,0.005653142335994,40.27936746621024,21.75304051634921,1
User_62,2025-09-12 20:43:25,0.366,0.6182,Walking,Zep,Reckless_Driving,5way,4.0,80,WiFi,-57,67.0,-5.0,0.0040313289411897,40.2781099072333,21.752765652507748,1
User_18,2025-09-12 22:02:09,0.251,0.8995,Walking,Ligeris,Speeding,1way,0.0,40,WiFi,-78,53.0,14.0,0.047,40.30588838661101,21.808974687578907,1
User_15,2025-09-12 22:18:23,0.46,0.8161,Driving,Ligeris,Speeding,6way,4.0,40,3G,-97,29.0,-14.0,0.0025992410892952,40.305617212096834,21.80936445889701,1
User_66,2025-09-12 23:31:36,0.28,0.7387,Walking,Koila,Driving_Under_Influence,5way,0.0,30,4G,-87,20.0,14.0,0.0096969523308451,40.32174260847343,21.789668268618872,1
User_96,2025-09-13 01:00:17,0.261,0.7681,Running,Spinari,Driving_Under_Influence,1way,1.0,70,5G,-73,49.0,8.0,0.0060649959697745,42.586522,21.79137444561463,1
User_89,2025-09-13 01:32:48,0.336,0.5231,Running,Zep,Reckless_Driving,1way,1.0,40,3G,-79,29.0,16.0,0.04,40.2810202035413,21.75314494067986,1
User_33,2025-09-13 02:52:19,0.634,0.7242,Running,Ligeris,Reckless_Driving,2way,1.0,30,5G,-89,67.0,4.0,0.05,40.30690274776955,21.808628609705465,1
User_40,2025-09-13 03:53:37,0.482,0.8777,Running,Zep,Driving_Under_Influence,2way,0.0,20,WiFi,-112,10.0,8.0,0.049,40.28101917213253,21.754201784931904,1
User_69,2025-09-13 04:50:07,0.34,0.8701,Running,Koila,Reckless_Driving,1way,0.0,10,5G,-107,45.0,16.0,0.048,40.32153295844425,21.793063417023856,1
User_01,2025-09-13 05:00:32,0.619,0.7828,Walking,Zep,Driving_Under_Influence,6way,1.0,60,4G,-77,20.0,-25.0,0.0025866723203139,40.27806593445145,21.754298188413607,1
User_72,2025-09-13 05:01:24,0.567,0.5515,Swimming,Ligeris,Driving_Under_Influence,4way,0.0,30,3G,-105,16.0,-8.0,0.0043237293124827,40.30575648645207,21.80818981579816,1
User_62,2025-09-13 06:31:37,0.366,0.6192,Swimming,Ligeris,Driving_Under_Influence,1way,3.0,50,4G,-73,29.0,10.0,0.0011919512960007,40.306019058738315,21.80771439676696,1
User_87,2025-09-13 08:33:03,0.709,0.8912,Walking,Ligeris,Speeding,2way,0.0,30,4G,-111,29.0,-1.0,0.0022018816352901,42.718517,21.80654957375164,1
User_19,2025-09-13 08:33:35,0.745,0.8915,Walking,Zep,Speeding,4way,0.0,50,106,-110,28.0,16.0,0.0093163215808817,40.27967101693845,21.753291599816325,1
User_21,2025-09-13 08:51:16,0.303,0.5232,Swimming,Koila,Speeding,2way,0.0,90,5G,-108,11.0,-10.0,0.0018004230345597,40.32223735382137,23.256487,1
User_66,2025-09-13 10:02:11,0.28,0.7397,Walking,Ligeris,Reckless_Driving,4way,0.0,80,4G,-94,-16.0,-8.0,0.0096889205827136,40.30611585252668,21.807877716751904,1
User_56,2025-09-13 10:03:53,0.374,0.5237,Driving,Zep,Speeding,4way,0.0,80,4G,-80,93.0,-4.0,0.0020099960657068,38.596077,21.752020918899113,1
User_63,2025-09-13 10:05:00,0.543,0.6266,Driving,Koila,Speeding,4way,0.0,40,107,-70,75.0,10.0,0.0046870552920423,40.321008664300905,21.791256784153244,1
User_18,2025-09-13 13:04:18,0.251,0.9005,Walking,Zep,Driving_Under_Influence,2way,0.0,40,5G,-100,-139.0,10.0,0.0080704784214254,40.279178980950725,21.752955120013645,1
User_42,2025-09-13 13:24:30,0.738,0.6236,Driving,Zep,Speeding,2way,0.0,10,5G,-80,3.0,6.0,0.041,40.27924415486053,21.752195634857355,1
User_18,2025-09-13 13:45:28,0.251,0.9015,Running,Koila,Reckless_Driving,2way,1.0,Illegal_Parking,4G,-109,13.0,-2.0,0.0026520954418864,40.3219532130242,17.189416,1
User_53,2025-09-13 13:59:18,0.313,0.6106,Running,Ligeris,Reckless_Driving,1way,0.0,120,3G,-91,15.0,-1.0,0.0028943236620312,40.30624584969944,17.945183,1
User_02,2025-09-13 14:04:00,0.529,0.8116,Walking,Ligeris,Reckless_Driving,4way,1.0,Harassing_Driver,111,-106,38.0,10.0,0.0093630053753281,40.30684687247849,21.80898980620827,1
User_25,2025-09-13 14:32:49,0.408,0.6468,Driving,Center,Speeding,2way,3.0,50,5G,-77,71.0,-16.0,0.0081052893137962,42.374748,21.80755743030189,1
User_54,2025-09-13 15:18:51,0.327,0.7849,Driving,Koila,8,2way,0.0,30,5G,-81,46.0,-12.0,0.001509784367435,40.32284304888728,21.790366016931433,1
User_68,2025-09-14 06:14:36,0.472,0.5449,Running,Koila,Reckless_Driving,2way,1.0,10,4G,-77,49.0,12.0,0.022,40.321407475873215,21.79234680989642,1
User_09,2025-09-14 06:16:38,0.307,0.8978,Driving,Ligeris,Driving_Under_Influence,6way,1.0,10,5G,-101,75.0,-13.0,0.0022932353408514,40.30624958497018,21.807528550346152,1
User_89,2025-09-14 06:17:32,0.336,0.5251,Walking,Ligeris,Reckless_Driving,1way,5.0,80,3G,-119,37.0,-1.0,0.05,40.30577616946006,21.809234793502885,1
User_84,2025-09-14 07:01:59,0.527,0.5857,Running,Ligeris,Reckless_Driving,2way,0.0,30,WiFi,-58,65.0,3.0,0.0016781960372868,40.304811638617586,22.901701,1
User_15,2025-09-14 07:13:40,0.627,0.8201,Walking,Koila,Reckless_Driving,4way,150.0,90,3G,-95,14.0,-2.0,0.0026711284907237,38.000259,21.79143233422016,1
User_31,2025-09-14 07:14:23,0.56,0.8654,Running,Ligeris,8,1way,0.0,20,3G,-89,19.0,-6.0,0.0078206715829747,40.306885332816435,21.80905247508826,1
User_55,2025-09-14 07:42:52,0.447,0.8484,Swimming,Koila,Speeding,2way,0.0,80,4G,-81,67.0,-1.0,0.0026683179873082,40.32198132312448,21.79251754773338,1
User_19,2025-09-14 07:49:54,0.745,0.8935,Running,Koila,Speeding,4way,4.0,40,4G,-73,88.0,-23.0,0.0060811776045839,40.32206980243231,21.791654861108277,1
User_62,2025-09-14 07:50:50,0.366,0.6222,Walking,Ligeris,Speeding,1way,1.0,70,WiFi,-72,58.0,-9.0,0.032,40.30621119949152,21.807216547482547,1
User_11,2025-09-14 07:56:59,0.602,0.83,Running,Ligeris,8,1way,0.0,70,WiFi,-89,28.0,-14.0,0.0034905066048641,37.109997,21.80868490193305,1
User_99,2025-09-14 08:57:26,0.465,0.7224,Walking,Ligeris,Speeding,2way,1.0,60,109,-105,88.0,-10.0,0.0086082343152029,40.30579272431311,21.80569197060261,1
User_30,2025-09-14 10:08:10,0.413,0.6024,Running,Zep,Speeding,2way,0.0,80,WiFi,-50,40.0,-6.0,0.044,40.27951054410243,21.7545440751506,1
User_32,2025-09-14 10:40:50,0.464,0.532,Driving,Center,Reckless_Driving,2way,0.0,80,4G,-116,41.0,-7.0,0.0088508348126571,40.279448255971346,21.752895030544945,1
User_78,2025-09-14 11:20:44,0.347,0.7526,Running,Koila,Reckless_Driving,1way,140.0,20,WiFi,-52,-131.0,-7.0,0.0052231831699582,40.32100858561668,21.790214216524184,1
User_26,2025-09-14 11:44:10,0.408,0.7615,Driving,Koila,Reckless_Driving,2way,0.0,40,5G,-115,39.0,-20.0,0.001863008358864,40.32382754588255,21.79122200198711,1
User_36,2025-09-14 12:14:11,0.563,0.9009,Driving,Zep,Speeding,2way,3.0,130,WiFi,-84,24.0,-8.0,0.0061844173088216,40.27962236301538,21.753459063458283,1
User_45,2025-09-14 12:43:04,0.285,0.7863,Running,Zep,Reckless_Driving,2way,0.0,130,3G,-107,7.0,-8.0,0.0035132438998572,40.27984874073698,21.75350634391365,1
User_68,2025-09-14 12:57:15,0.472,0.5459,Walking,Ligeris,Speeding,2way,1.0,30,3G,-99,99.0,-1.0,0.021,40.30630176725652,21.807527361707876,1
User_13,2025-09-14 13:48:05,0.75,0.7574,Running,Ligeris,Driving_Under_Influence,6way,0.0,10,WiFi,-85,73.0,-25.0,0.0043850437760848,40.30763606183497,21.808257008715625,1
User_40,2025-09-14 14:52:44,0.482,0.8797,Flying,Zep,Speeding,1way,0.0,40,3G,-94,57.0,7.0,0.0099965669332054,40.306230115631266,21.754881893825008,1
User_57,2025-09-14 15:08:13,0.372,0.6252,Walking,Zep,Driving_Under_Influence,1way,2.0,20,4G,-90,54.0,2.0,0.024,40.279937775690506,21.75360767147496,1
User_55,2025-09-14 15:55:42,0.447,0.8494,Walking,Ligeris,Reckless_Driving,2way,0.0,30,WiFi,-68,0.0,-20.0,0.0010689421444059,40.3063640231836,21.808479366607056,1
User_59,2025-09-14 16:09:21,0.265,0.6912,Driving,Spinari,Speeding,2way,0.0,90,3G,-87,27.0,-20.0,0.0092654841797413,40.30680409160444,21.80741604557423,1
User_53,2025-09-14 16:34:36,0.313,0.6126,Driving,Zep,Driving_Under_Influence,2way,140.0,20,5G,-107,0.0,14.0,0.0073933903180754,37.151562,21.752617136599586,1
User_84,2025-09-14 17:02:14,0.527,0.5867,Driving,Spinari,Driving_Under_Influence,4way,2.0,70,WiFi,-54,18.0,-1.0,0.0027782822825406,40.30641165270696,21.805559604680145,1
User_58,2025-09-14 17:36:39,0.465,0.547,Driving,Koila,Driving_Under_Influence,4way,0.0,40,5G,-98,-134.0,9.0,0.0021231235533685,40.32273133010336,21.79179929148641,1
User_79,2025-09-20 05:02:21,0.389,0.642,Running,Koila,Driving_Under_Influence,1way,150.0,90,3G,-84,29.0,-13.0,0.0077304486241869,40.3217969456462,21.791281020889055,1
User_12,2025-09-20 05:12:13,0.67,0.8762,Flying,Zep,Speeding,1way,0.0,30,4G,-110,33.0,4.0,0.0098848135108642,40.306230115631266,21.754053879984426,1
User_09,2025-09-20 05:24:56,0.307,0.9098,Running,Ligeris,Reckless_Driving,4way,0.0,30,5G,-103,58.0,23.0,0.0048803232816174,40.30682750033506,21.8091757217695,1
User_63,2025-09-20 06:18:49,0.543,0.6406,Driving,Ligeris,Reckless_Driving,5way,0.0,30,3G,-94,11.0,1.0,0.0037541539464739,40.30776818897091,21.80746536243778,1
User_83,2025-09-20 06:40:27,0.309,0.8835,Driving,Center,Reckless_Driving,2way,1.0,120,WiFi,-61,25.0,0.0,0.0076901490596503,40.30622747646833,21.807239507220395,1
User_43,2025-09-20 06:51:29,0.416,0.6847,Driving,Center,Speeding,2way,3.0,90,4G,-80,95.0,-11.0,0.0095044035223605,40.32180903835069,17.077931,1
User_37,2025-09-20 08:26:15,0.306,0.8014,Running,Koila,Driving_Under_Influence,2way,2.0,130,WiFi,-83,32.0,11.0,0.0064044068734362,38.86095,21.79135010470284,1
User_61,2025-09-20 08:48:04,0.546,0.6047,Driving,Ligeris,Driving_Under_Influence,2way,1.0,Lane_Discards,WiFi,-88,10.0,5.0,0.0048751768290198,40.3065132623109,17.500773,1
User_55,2025-09-20 08:48:19,0.447,0.8614,Swimming,Ligeris,Driving_Under_Influence,2way,1.0,80,5G,-73,87.0,6.0,0.0021211809598758,40.30596417254023,21.80723274084036,1
User_53,2025-09-20 09:26:17,0.313,0.6236,Walking,Koila,Reckless_Driving,2way,1.0,20,5G,-104,22.0,-11.0,0.0070147548123557,37.911584,21.79061783629115,1
User_58,2025-09-20 09:29:36,0.465,0.558,Running,Ligeris,Driving_Under_Influence,1way,1.0,Lane_Discards,5G,Satellite,43.0,2.0,0.0039290105820551,40.30568676422707,21.808426931235193,1
User_52,2025-09-20 09:58:01,0.544,0.6022,Running,Koila,Speeding,5way,1.0,30,WiFi,-69,18.0,-2.0,0.0032905962072833,42.580888,21.791071981405835,1
User_49,2025-09-20 11:05:13,0.637,0.8653,Running,Koila,Speeding,2way,1.0,Illegal_Parking,3G,-73,12.0,25.0,0.0025961756113254,40.32339797396214,21.79008045830458,1
User_85,2025-09-20 11:18:15,0.254,0.6513,Driving,Zep,Reckless_Driving,2way,0.0,70,WiFi,-115,37.0,7.0,0.005653142335994,38.862588,21.75332137318226,1
User_15,2025-09-20 11:48:44,0.627,0.5641,Running,Ligeris,8,1way,0.0,80,WiFi,-76,14.0,13.0,0.003873627717781,40.30701304511141,22.892241,1
User_31,2025-09-20 13:26:34,0.56,0.8774,Driving,Spinari,Speeding,4way,2.0,50,4G,-88,8.0,-11.0,0.0051998468168365,40.30566357460264,21.809093606668792,1
User_93,2025-09-20 13:49:38,0.588,0.5462,Driving,Zep,7,2way,1.0,60,3G,-107,-25.0,4.0,0.0094104707471954,40.27931493297553,21.753140637155735,1
User_57,2025-09-20 14:14:25,0.372,0.6362,Running,Center,Driving_Under_Influence,2way,0.0,40,WiFi,-113,76.0,-15.0,0.0073744455292985,40.32231167650568,21.791145300786923,1
User_99,2025-09-20 15:46:17,0.465,0.7344,Driving,Zep,Speeding,2way,0.0,10,WiFi,-86,6.0,-10.0,0.027,40.28058640539394,21.75407647005169,1
User_50,2025-09-20 15:52:48,0.398,0.5641,Walking,Ligeris,Driving_Under_Influence,2way,1.0,130,5G,-109,87.0,15.0,0.0087888236200272,40.30523184963871,21.80836122406163,1
User_56,2025-09-20 16:54:20,0.374,0.5367,Walking,Zep,Reckless_Driving,5way,0.0,50,3G,Satellite,58.0,6.0,0.0014384875460682,40.27921102787866,21.753448690828517,1
User_78,2025-09-20 19:01:00,0.347,0.7646,Running,Ligeris,Driving_Under_Influence,1way,0.0,60,3G,-107,-146.0,6.0,0.0050241701441704,40.305013432621074,21.808395593515755,1
User_83,2025-09-20 19:54:52,0.309,0.8845,Walking,Ligeris,Speeding,4way,2.0,60,WiFi,-67,90.0,2.0,0.029,40.3055198169284,21.807707528791155,1
User_17,2025-09-20 20:28:46,0.631,0.6658,Running,Ligeris,Reckless_Driving,1way,1.0,80,104,-62,60.0,-3.0,0.0082667639057885,40.30620855714973,21.80748690125842,1
User_76,2025-09-20 20:45:49,0.355,0.7231,Driving,Ligeris,Reckless_Driving,2way,1.0,60,4G,-82,57.0,3.0,0.0021750666960031,37.554517,21.806120599443645,1
User_75,2025-09-20 21:31:09,0.46,0.6981,Running,Ligeris,Speeding,6way,1.0,10,4G,-104,15.0,1.0,0.0036108879286071,40.30721377634075,21.807849554355847,1
User_84,2025-09-20 21:39:19,0.527,0.5987,Driving,Ligeris,Driving_Under_Influence,4way,3.0,20,107,-113,63.0,-13.0,0.0040452991354503,40.30633698715205,21.809088360316256,1
User_18,2025-09-20 21:48:56,0.251,0.9145,Driving,Koila,Speeding,2way,150.0,20,WiFi,-112,38.0,-16.0,0.0064013249822207,40.3225471006805,21.7900320851111,1
User_31,2025-09-20 22:43:34,0.56,0.8784,Running,Ligeris,Driving_Under_Influence,1way,3.0,90,4G,-106,32.0,-9.0,0.033,40.306294400725086,21.80877764748862,1
User_79,2025-09-21 01:05:15,0.389,0.644,Driving,Zep,Reckless_Driving,6way,0.0,80,3G,-111,57.0,-12.0,0.006682990303475,40.27917043889371,21.753334085990577,1
User_15,2025-09-21 03:03:55,0.627,0.8331,Swimming,Koila,Speeding,2way,0.0,40,WiFi,-71,-26.0,3.0,0.0079556646641078,40.32253313667663,21.791103606982155,1
User_31,2025-09-21 04:24:32,0.56,0.8804,Running,Zep,Driving_Under_Influence,1way,1.0,70,107,-91,79.0,11.0,0.0068358477652972,40.27879314475235,21.754986325703257,1
User_03,2025-09-21 05:35:06,0.568,0.5554,Running,Zep,Speeding,4way,1.0,40,5G,-70,82.0,2.0,0.037,40.279484813780655,21.753397133824,1
User_54,2025-09-21 06:10:50,0.327,0.8009,Running,Ligeris,Reckless_Driving,2way,0.0,Lane_Discards,5G,Satellite,1.0,-1.0,0.0090842666810744,40.30614786087734,21.807526090848967,1
User_13,2025-09-21 07:52:29,0.75,0.7704,Running,Koila,Driving_Under_Influence,2way,1.0,90,WiFi,-52,89.0,10.0,0.0082861184294116,38.814031,21.791249345070423,1
User_98,2025-09-21 09:31:33,0.46,0.6788,Walking,Spinari,Reckless_Driving,1way,0.0,20,WiFi,-88,26.0,-4.0,0.03,40.32234825885338,21.792955076399824,1
User_05,2025-09-21 10:07:52,0.743,0.8227,Driving,Zep,9,1way,1.0,50,WiFi,-86,75.0,10.0,0.0024221005662445,40.27971619707413,21.75309898179579,1
User_18,2025-09-21 11:25:43,0.251,0.9165,Walking,Koila,Speeding,1way,2.0,40,4G,-71,77.0,-4.0,0.0082961925740897,40.32032603013929,23.832563,1
User_20,2025-09-21 13:51:23,0.334,0.8481,Walking,Ligeris,Driving_Under_Influence,6way,0.0,40,4G,-106,9.0,-16.0,0.0055144466261004,40.30481280238234,21.807059399668045,1
User_01,2025-09-21 14:18:34,0.619,0.7988,Walking,Koila,Reckless_Driving,4way,0.0,70,WiFi,-59,68.0,0.0,0.0085906887569848,40.32258001868891,23.153616,1
User_17,2025-09-21 15:28:40,0.631,0.6678,Walking,Ligeris,6,1way,1.0,30,WiFi,-80,52.0,4.0,0.0041472749179762,40.30593264865979,21.80763368554855,1
User_23,2025-09-21 16:53:36,0.458,0.675,Walking,Koila,Driving_Under_Influence,4way,1.0,90,102,-82,42.0,-14.0,0.0075504243956762,40.322274412117274,21.79097921768011,1
User_24,2025-09-21 17:24:56,0.445,0.6086,Driving,Ligeris,Speeding,4way,1.0,10,5G,-102,76.0,3.0,0.005653142335994,40.30585996397081,19.360703,1
User_06,2025-09-21 17:46:35,0.584,0.8955,Running,Koila,Speeding,2way,160.0,40,WiFi,-82,10.0,12.0,0.003034477162689,40.32243456962743,22.963555,1
User_09,2025-09-21 18:18:18,0.307,0.9128,Walking,Koila,Reckless_Driving,1way,1.0,Lane_Discards,4G,-107,79.0,11.0,0.032,40.32203254248443,21.789381199286208,1
User_07,2025-09-21 19:27:13,0.625,0.6084,Walking,Zep,Reckless_Driving,2way,1.0,10,108,-87,49.0,0.0,0.0087684216529014,40.281347015383055,21.753455631255175,1
User_34,2025-09-21 19:27:18,0.431,0.6799,Walking,Ligeris,Driving_Under_Influence,5way,0.0,70,115,-107,51.0,6.0,0.0096859212642639,40.30595523352728,21.80781229168341,1
User_96,2025-09-21 20:14:58,0.261,0.7851,Running,Ligeris,Driving_Under_Influence,4way,2.0,40,4G,-106,60.0,15.0,0.0030518776581057,42.137673,21.80754851515081,1
User_14,2025-09-21 20:16:22,0.393,0.7344,Running,Ligeris,Driving_Under_Influence,2way,1.0,10,5G,-109,82.0,2.0,0.0095766466438616,38.860745,21.80784017320433,1
User_47,2025-09-21 20:46:51,0.585,0.6352,Driving,Center,Speeding,4way,0.0,80,120,-111,65.0,-13.0,0.0093323614748018,40.27929346117902,21.753780561881655,1
User_49,2025-09-21 21:13:05,0.637,0.8683,Driving,Zep,Driving_Under_Influence,2way,0.0,40,115,-111,44.0,-8.0,0.0073640745569874,40.279661919217006,21.75360511520148,1
User_47,2025-09-22 00:50:32,0.585,0.6362,Running,Zep,Driving_Under_Influence,2way,5.0,70,5G,-78,79.0,-13.0,0.00282432850175,40.27984739353858,19.299129,1
User_100,2025-09-22 00:56:15,0.37,0.782,Driving,Koila,Reckless_Driving,2way,0.0,120,WiFi,-58,49.0,12.0,0.0046263903249991,37.301771,21.790241076504657,1
User_30,2025-09-22 02:30:55,0.413,0.6184,Walking,Zep,Reckless_Driving,2way,0.0,20,WiFi,-56,51.0,11.0,0.044,40.279944399068974,21.752585106168787,1
User_14,2025-09-22 03:07:34,0.393,0.7354,Running,Ligeris,Driving_Under_Influence,5way,1.0,30,4G,-95,95.0,14.0,0.008723599032137,40.30620015711385,21.806756892137862,1
User_20,2025-09-22 04:04:55,0.334,0.8501,Walking,Zep,Reckless_Driving,6way,0.0,40,5G,-104,51.0,13.0,0.0014589256507694,40.279674147523856,21.75274542616382,1
User_46,2025-09-22 05:00:34,0.519,0.8696,Driving,Koila,Driving_Under_Influence,2way,0.0,80,5G,-101,-10.0,-11.0,0.0025102454627568,40.32179850582803,21.79078876097532,1
User_51,2025-09-22 05:19:38,0.613,0.909,Driving,Koila,Driving_Under_Influence,2way,0.0,60,4G,-112,-19.0,3.0,0.0052509427525039,40.32161162602478,21.789534885135435,1
User_15,2025-09-22 05:37:10,0.627,0.8361,Driving,Zep,7,4way,0.0,80,5G,-76,-157.0,-11.0,0.0047946628912672,40.27822019306899,21.752601678469173,1
User_75,2025-09-22 06:56:09,0.409,0.7011,Running,Ligeris,8,2way,1.0,30,WiFi,-78,97.0,-15.0,0.0019216319143307,40.306346498520234,21.80871855134451,1
User_05,2025-09-22 07:34:11,0.743,0.8247,Driving,Ligeris,9,4way,1.0,30,5G,-82,12.0,6.0,0.0064731988341072,40.30624466951173,21.807466196037833,1
User_22,2025-09-22 08:21:33,0.413,0.5759,Walking,Spinari,Speeding,2way,0.0,30,5G,-109,72.0,12.0,0.0040845275769553,40.32191386666395,21.79137339882331,1
User_71,2025-09-22 09:56:28,0.256,0.5323,Walking,Spinari,Speeding,1way,1.0,40,3G,-73,40.0,-13.0,0.0058975142199677,40.321384478175666,21.790328143135653,1
User_25,2025-09-22 10:24:49,0.408,0.6648,Driving,Zep,7,1way,0.0,120,WiFi,-61,96.0,-7.0,0.0014546745980905,40.27869157275721,21.754951090890376,1
User_07,2025-09-22 11:33:28,0.625,0.6104,Walking,Ligeris,Reckless_Driving,1way,2.0,30,WiFi,-88,5.0,-5.0,0.0021475214542826,38.804935,21.807472588282028,1
User_89,2025-09-22 11:48:45,0.336,0.5411,Running,Ligeris,Reckless_Driving,1way,1.0,30,WiFi,-71,69.0,-14.0,0.026,40.30616350358875,21.808870994348496,1
User_42,2025-09-22 11:50:15,0.738,0.6426,Running,Zep,Driving_Under_Influence,2way,3.0,40,3G,-80,57.0,6.0,0.043,40.28048474033983,21.753818888354637,1
User_66,2025-09-22 15:17:53,0.28,0.5641,Flying,Koila,Driving_Under_Influence,4way,2.0,40,WiFi,-75,91.0,-5.0,0.0081606718954879,40.32211578030205,21.791785739844308,1
User_01,2025-09-22 17:07:58,0.619,0.8018,Driving,Koila,Speeding,1way,1.0,40,WiFi,-80,54.0,11.0,0.0061487890835643,38.004675,21.79152090545295,1
User_63,2025-09-22 17:57:46,0.543,0.6456,Running,Koila,7,1way,0.0,30,5G,-105,-47.0,-9.0,0.0064942328695414,40.3228410533582,21.789840120077024,1
User_77,2025-09-22 19:32:59,0.428,0.5465,Driving,Ligeris,Speeding,6way,0.0,30,5G,-72,61.0,-6.0,0.0087846079529104,40.307650678997774,21.80656204642233,1
User_58,2025-09-22 19:57:31,0.465,0.563,Driving,Koila,Speeding,6way,0.0,60,WiFi,-50,-127.0,-12.0,0.0057712113918197,40.32187567303842,21.79120436628284,1
User_19,2025-09-22 20:46:08,0.745,0.9105,Walking,Zep,Reckless_Driving,1way,1.0,40,WiFi,-52,75.0,-15.0,0.0094099692750105,42.094242,21.753126581987544,1
User_17,2025-09-22 22:46:35,0.631,0.6698,Running,Ligeris,Driving_Under_Influence,1way,0.0,40,3G,-116,6.0,-22.0,0.0062942552384538,40.307843053836535,21.791256784153244,1
User_40,2025-09-22 23:04:44,0.482,0.8967,Running,Zep,Reckless_Driving,2way,3.0,70,5G,-101,-145.0,9.0,0.0052114924568192,40.27944495806459,21.753372145885315,1
User_11,2025-09-23 00:27:11,0.602,0.847,Running,Koila,Driving_Under_Influence,1way,1.0,90,WiFi,-85,-45.0,-12.0,0.0058562681265705,40.32216409228116,21.791231769695028,1
User_08,2025-09-23 01:03:31,0.347,0.8888,Running,Ligeris,Speeding,1way,2.0,50,WiFi,-66,37.0,-12.0,0.0013045156024225,37.622352,21.80672862775971,1
User_18,2025-09-23 02:05:14,0.251,0.9205,Running,Zep,Speeding,2way,0.0,40,WiFi,-77,90.0,-22.0,0.0014076238214623,40.27810493107458,21.752143844673224,1
User_19,2025-09-23 02:47:40,0.745,0.9115,Running,Ligeris,Reckless_Driving,4way,1.0,30,4G,-80,85.0,14.0,0.023,40.306230115631266,21.806880594112243,1
User_65,2025-09-23 03:27:11,0.448,0.6061,Driving,Zep,Driving_Under_Influence,1way,0.0,50,3G,-120,35.0,-3.0,0.0067756608354199,37.583939,21.754746566026924,1
User_73,2025-09-23 03:31:15,0.325,0.7207,Driving,Ligeris,Speeding,2way,160.0,20,WiFi,-88,-23.0,11.0,0.0092608474557594,40.30609580730457,21.806795989458447,1
User_51,2025-09-23 03:44:04,0.613,0.911,Running,Koila,Speeding,4way,140.0,40,103,-118,37.0,3.0,0.0082192074399898,40.32146692702363,21.790471914030533,1
User_22,2025-09-23 04:08:15,0.413,0.5779,Driving,Koila,Driving_Under_Influence,1way,0.0,40,4G,-88,56.0,15.0,0.0051189656659159,37.794944,21.789585738978023,1
User_40,2025-09-23 04:09:23,0.482,0.8977,Running,Zep,Reckless_Driving,2way,0.0,40,101,-52,57.0,-8.0,0.0076577211276182,40.27974308763339,21.753008137121153,1
User_43,2025-09-23 04:23:44,0.416,0.6897,Running,Koila,Speeding,6way,1.0,70,WiFi,-53,86.0,-13.0,0.0083688691678446,40.3233625418451,22.900493,1
User_21,2025-09-23 05:13:50,0.303,0.5641,Running,Zep,Driving_Under_Influence,2way,0.0,Lane_Discards,3G,-102,99.0,23.0,0.0065448364082501,40.27941408404789,21.751808620140864,1
User_79,2025-09-23 05:20:21,0.46,0.649,Driving,Koila,Reckless_Driving,4way,1.0,60,WiFi,-54,61.0,14.0,0.0097883381235932,40.321906699219866,23.189736,1
User_11,2025-09-23 06:07:37,0.602,0.848,Running,Center,Driving_Under_Influence,1way,2.0,90,5G,-83,63.0,15.0,0.0089431098553553,40.306230115631266,21.75306944481591,1
User_90,2025-09-23 06:11:07,0.525,0.5918,Running,Koila,9,2way,2.0,30,111,-99,19.0,16.0,0.0082368044300506,40.32236757071058,21.792099260539235,1
User_80,2025-09-23 06:16:51,0.704,0.6907,Running,Center,Driving_Under_Influence,2way,0.0,60,4G,-118,50.0,-25.0,0.0062629198572998,40.280182101694265,21.752896419146083,1
User_24,2025-09-23 06:20:47,0.445,0.6126,Walking,Zep,Driving_Under_Influence,1way,0.0,60,5G,-90,0.0,4.0,0.0044872222051315,41.848127,21.752082086210912,1
User_85,2025-09-23 09:48:24,0.254,0.6563,Driving,Zep,Speeding,1way,0.0,40,112,-104,10.0,0.0,0.005840277162455,40.27930800756517,21.753846126482937,1
User_37,2025-09-23 10:36:47,0.306,0.8064,Driving,Center,Driving_Under_Influence,2way,0.0,60,112,-92,40.0,7.0,0.0048746506380323,40.30631208253966,21.80905769481936,1
User_49,2025-09-23 10:57:52,0.637,0.8713,Walking,Zep,Reckless_Driving,4way,2.0,Lane_Discards,4G,-119,48.0,-15.0,0.0053788766087354,40.278539791381554,21.752402269758065,1
User_58,2025-09-23 11:41:02,0.465,0.564,Flying,Koila,Speeding,4way,0.0,20,106,-63,48.0,7.0,0.0079306633848171,40.320890560142466,21.79007721072768,1
User_81,2025-09-23 12:00:15,0.376,0.8145,Running,Ligeris,Driving_Under_Influence,2way,0.0,50,5G,-95,47.0,1.0,0.0028734245260803,40.30608645002387,17.595388,1
User_43,2025-09-23 12:24:15,0.416,0.6907,Driving,Koila,Speeding,2way,0.0,80,WiFi,-94,28.0,-7.0,0.008697273465308,40.32249362114414,19.833867,1
User_78,2025-09-23 12:25:14,0.347,0.7706,Driving,Ligeris,9,2way,0.0,80,3G,-95,22.0,-16.0,0.005288876145235,40.306230115631266,21.809325444109273,1
User_96,2025-09-23 12:56:37,0.261,0.7881,Walking,Koila,Driving_Under_Influence,2way,2.0,80,5G,-94,92.0,-10.0,0.0081142222250881,40.32354596361707,18.78722,1
User_77,2025-09-23 14:07:39,0.428,0.5475,Walking,Zep,Reckless_Driving,4way,2.0,60,5G,-97,66.0,-25.0,0.0019861917079038,40.27889204483074,21.755261499806803,1
User_37,2025-09-23 14:27:41,0.306,0.8074,Running,Koila,Driving_Under_Influence,4way,0.0,60,4G,-107,-46.0,-14.0,0.0095769478786495,40.322082212559266,21.79041079604196,1
User_61,2025-09-23 14:38:30,0.546,0.6107,Running,Center,Driving_Under_Influence,2way,0.0,10,4G,-87,2.0,5.0,0.0029855834821073,40.28021760843448,21.75361312745775,1
User_88,2025-09-23 14:58:59,0.471,0.6567,Running,Zep,Reckless_Driving,1way,1.0,20,4G,-71,-124.0,-4.0,0.0070394443699819,40.27944588114571,21.752830735233335,1
User_54,2025-09-23 15:08:39,0.327,0.8049,Walking,Zep,Driving_Under_Influence,4way,140.0,10,3G,-82,29.0,-6.0,0.0015233371719199,40.27842147071491,21.754486191326592,1
User_42,2025-09-23 15:42:24,0.738,0.6446,Running,Ligeris,Speeding,1way,0.0,30,5G,-104,28.0,2.0,0.041,40.30667625042423,21.80864789677801,1
User_99,2025-09-23 16:56:58,0.465,0.7414,Running,Koila,Speeding,2way,2.0,40,4G,-72,84.0,14.0,0.0096134829070556,40.32187808888659,22.936553,1
User_61,2025-09-23 17:49:06,0.546,0.6117,Swimming,Ligeris,Reckless_Driving,1way,0.0,30,WiFi,-58,55.0,10.0,0.0038315787837032,38.067351,21.806039569978555,1
User_20,2025-09-23 18:40:01,0.334,0.8531,Driving,Ligeris,Reckless_Driving,6way,0.0,40,WiFi,-87,19.0,11.0,0.0024217319664644,40.30595094079992,23.459339,1
User_100,2025-09-23 18:44:17,0.37,0.785,Driving,Zep,Driving_Under_Influence,2way,1.0,70,106,-79,23.0,-11.0,0.0035810952199159,40.278898654548065,21.753775808235805,1
User_46,2025-09-23 19:42:33,0.519,0.8726,Walking,Center,Driving_Under_Influence,4way,4.0,20,WiFi,-68,60.0,-11.0,0.0070055685251848,40.28026523101627,21.754458674120087,1
User_35,2025-09-23 19:53:08,0.274,0.6112,Walking,Zep,Reckless_Driving,6way,0.0,60,4G,-97,94.0,2.0,0.0083470640144749,40.306230115631266,21.751358813579852,1
User_04,2025-09-23 20:35:12,0.662,0.5837,Driving,Koila,Speeding,1way,1.0,60,103,-70,53.0,6.0,0.0020382315720397,40.32181225311205,21.79257535574663,1
User_28,2025-09-23 20:37:49,0.348,0.8413,Driving,Zep,Driving_Under_Influence,1way,2.0,10,4G,-113,9.0,6.0,0.0095922650183754,41.601367,21.755003328369476,1
User_32,2025-09-23 20:43:16,0.464,0.551,Driving,Zep,Driving_Under_Influence,1way,0.0,60,WiFi,-74,65.0,12.0,0.0082621316846162,40.27832664323275,22.328985,1
User_07,2025-09-23 20:53:50,0.625,0.6124,Running,Zep,Driving_Under_Influence,4way,140.0,40,WiFi,-59,9.0,12.0,0.0087220283182941,40.28011291760231,21.752707593929284,1
User_93,2025-09-23 21:09:47,0.588,0.5512,Walking,Zep,Reckless_Driving,2way,0.0,50,WiFi,-59,-140.0,-15.0,0.0050616266316679,40.28002181420622,21.750997873459635,1
User_45,2025-09-23 21:10:54,0.285,0.8043,Driving,Koila,Driving_Under_Influence,1way,0.0,70,5G,-70,0.0,-16.0,0.0046714750048582,40.32187120436301,18.623562,1
User_41,2025-09-23 21:48:14,0.628,0.6931,Walking,Koila,Driving_Under_Influence,1way,3.0,40,109,-86,52.0,-5.0,0.0059914688705736,40.32261997276326,21.789499357569373,1
User_89,2025-09-23 21:49:08,0.336,0.5441,Running,Ligeris,Speeding,1way,0.0,70,4G,-76,84.0,4.0,0.0041359076367477,38.787328,21.807442430107777,1
User_12,2025-09-23 22:02:48,0.67,0.8832,Driving,Ligeris,Reckless_Driving,6way,1.0,80,4G,-101,39.0,24.0,0.0087855260958959,40.30535051563517,21.80594828726499,1
User_77,2025-09-23 22:43:12,0.428,0.5485,Driving,Koila,Speeding,2way,3.0,60,106,-66,69.0,5.0,0.0017059729947007,40.32296015762422,21.793281689864298,1
User_91,2025-09-23 23:47:55,0.587,0.8358,Driving,Ligeris,8,1way,2.0,30,5G,-81,7.0,-13.0,0.0062115347337209,40.30652957112645,23.330011,1
User_17,2025-09-24 00:21:30,0.631,0.6728,Running,Spinari,Speeding,2way,0.0,50,5G,-78,64.0,-6.0,0.0020622588489891,37.338082,21.75390971056091,1
User_01,2025-09-24 00:31:52,0.619,0.8048,Driving,Zep,6,2way,0.0,80,4G,-96,84.0,-6.0,0.0016083889212567,38.097006,21.75357583340052,1
User_28,2025-09-24 00:36:33,0.348,0.8423,Driving,Zep,Reckless_Driving,4way,150.0,40,WiFi,-60,78.0,-6.0,0.0026346661447686,40.306230115631266,21.75310963734491,1
User_14,2025-09-24 00:52:52,0.393,0.7394,Swimming,Zep,Speeding,2way,1.0,20,5G,-120,33.0,-11.0,0.0037569862871449,40.27992133070941,21.75455622620636,1
User_22,2025-09-24 01:49:30,0.413,0.5789,Running,Zep,Speeding,2way,0.0,20,4G,-110,43.0,-1.0,0.0068799099871814,40.27967614835493,22.202926,1
User_82,2025-09-24 01:52:41,0.324,0.7449,Running,Ligeris,9,4way,1.0,40,WiFi,-62,3.0,-12.0,0.0094911009886021,40.306659762730064,19.640935,1
User_47,2025-09-24 02:04:07,0.585,0.6402,Driving,Zep,9,2way,0.0,30,119,-90,89.0,-1.0,0.0083025207828366,40.27985599331613,21.75320792218726,1
User_34,2025-09-24 02:30:53,0.431,0.6859,Walking,Zep,Reckless_Driving,4way,1.0,40,4G,-98,59.0,25.0,0.0085458755157376,40.27993379518142,21.754226942647364,1
User_19,2025-09-24 06:09:47,0.745,0.9135,Driving,Ligeris,Reckless_Driving,2way,150.0,60,3G,-85,5.0,-10.0,0.0079871053950476,40.3072370583188,21.806277265433316,1
User_22,2025-09-24 07:41:19,0.413,0.5799,Running,Zep,Speeding,5way,2.0,80,WiFi,-88,88.0,-7.0,0.0033988409428924,40.28117686229767,21.752640876070306,1
User_89,2025-09-24 08:29:27,0.336,0.5451,Driving,Zep,Driving_Under_Influence,2way,160.0,20,WiFi,-85,53.0,22.0,0.005653142335994,40.27953205987468,21.75328069909883,1
User_08,2025-09-24 08:31:49,0.347,0.8908,Walking,Zep,Driving_Under_Influence,2way,0.0,Lane_Discards,4G,-75,20.0,6.0,0.0072796721284653,40.28034501629088,21.75253978249613,1
User_94,2025-09-24 08:46:50,0.681,0.632,Running,Spinari,Speeding,2way,0.0,30,4G,-81,76.0,16.0,0.0053036735400812,40.30506179529938,21.80834554188221,1
User_38,2025-09-24 10:17:54,0.306,0.8381,Driving,Koila,Speeding,2way,1.0,30,4G,-81,77.0,-4.0,0.0032091392595479,40.32217511938549,17.012617,1
User_83,2025-09-24 10:42:39,0.309,0.8925,Running,Ligeris,6,4way,0.0,10,WiFi,-62,16.0,3.0,0.008557959388456,40.30568196453096,18.102066,1
User_05,2025-09-24 12:56:28,0.743,0.8287,Running,Koila,Driving_Under_Influence,2way,2.0,Lane_Discards,3G,-104,56.0,-14.0,0.0018121268978139,42.168373,21.792377600461325,1
User_93,2025-09-24 14:37:47,0.588,0.5542,Walking,Zep,Speeding,4way,0.0,40,105,-63,25.0,-5.0,0.0088414275221674,40.27975499307612,21.753716504484043,1
User_49,2025-09-24 14:41:49,0.637,0.8743,Driving,Koila,Driving_Under_Influence,4way,3.0,Illegal_Parking,110,-88,71.0,-16.0,0.0087456314951092,40.32210051664035,21.791644129839543,1
User_16,2025-09-24 15:10:03,0.513,0.7397,Running,Spinari,Reckless_Driving,2way,0.0,30,3G,-83,93.0,-12.0,0.0067295825269257,37.091439,21.753084377337828,1
User_99,2025-09-24 15:16:23,0.465,0.7434,Driving,Zep,Reckless_Driving,2way,0.0,60,5G,-81,82.0,6.0,0.05,40.27882090032363,21.75440713378173,1
User_35,2025-09-24 16:14:08,0.274,0.6132,Walking,Center,Reckless_Driving,2way,0.0,50,WiFi,-67,-151.0,15.0,0.0095335646224171,40.27957494534596,21.753223758085117,1
User_48,2025-09-24 16:36:48,0.599,0.8014,Walking,Zep,8,1way,1.0,40,5G,-87,77.0,-9.0,0.0015430236494847,40.281049608190365,21.754444481316924,1
User_45,2025-09-24 16:47:06,0.285,0.8063,Walking,Koila,Driving_Under_Influence,2way,1.0,60,5G,-79,33.0,-6.0,0.0055355531053741,40.32281186812411,22.892131,1
User_32,2025-09-24 16:47:42,0.464,0.553,Flying,Ligeris,Driving_Under_Influence,1way,4.0,60,4G,-75,25.0,-6.0,0.003621360904694,42.66122,21.807805693992048,1
User_88,2025-09-24 17:25:55,0.471,0.6587,Running,Koila,Reckless_Driving,2way,160.0,50,WiFi,-60,-145.0,13.0,0.0088443794585283,40.32202972912352,21.79169944502856,1
User_18,2025-09-24 17:27:23,0.251,0.9235,Walking,Center,Speeding,1way,1.0,30,5G,-119,83.0,1.0,0.0063041696519703,40.30595018890275,21.808451292601248,1
User_23,2025-09-24 19:36:38,0.458,0.681,Walking,Zep,Reckless_Driving,1way,140.0,50,5G,-108,71.0,5.0,0.0090650913201101,40.279520661095674,17.480116,1
User_44,2025-09-24 19:45:22,0.332,0.6166,Running,Koila,7,2way,1.0,40,3G,-119,-124.0,15.0,0.0022704210535409,40.32353392285419,21.79182469273214,1
User_89,2025-09-24 20:11:54,0.336,0.5461,Running,Spinari,Driving_Under_Influence,2way,0.0,70,5G,-77,72.0,-3.0,0.0043633438020489,40.30531767625868,21.808127999661902,1
User_56,2025-09-24 20:31:40,0.374,0.5447,Walking,Koila,Driving_Under_Influence,1way,0.0,30,5G,-82,90.0,-13.0,0.0020649009884214,40.32268010665409,18.683384,1
User_65,2025-09-24 21:22:05,0.448,0.6091,Driving,Koila,Speeding,2way,0.0,60,102,-90,94.0,5.0,0.0027345896754097,40.32147354770035,21.790627611513745,1
User_90,2025-09-24 22:30:04,0.525,0.5938,Running,Koila,Reckless_Driving,2way,1.0,60,4G,-101,87.0,8.0,0.027,40.30651214641606,21.808158762130443,1
User_78,2025-09-25 00:18:19,0.347,0.7736,Running,Zep,Driving_Under_Influence,6way,0.0,50,3G,-103,57.0,5.0,0.0042907814733275,40.28057398035154,21.7523684032272,1
User_66,2025-09-25 00:19:35,0.28,0.7637,Running,Koila,Speeding,2way,1.0,40,WiFi,-50,-40.0,-9.0,0.0065402364547772,40.32316338387573,21.789611528985592,1
User_67,2025-09-25 01:59:27,0.529,0.7456,Running,Zep,Driving_Under_Influence,4way,1.0,Lane_Discards,3G,-73,70.0,-13.0,0.005653142335994,40.2798497610758,21.75228155340435,1
User_72,2025-09-25 05:02:18,0.567,0.5755,Walking,Zep,Reckless_Driving,1way,1.0,80,4G,-89,-48.0,-6.0,0.0093691910130934,40.279273807061976,21.753046590303143,1
User_70,2025-09-25 05:29:26,0.601,0.6289,Running,Ligeris,Speeding,1way,1.0,40,3G,-70,16.0,-3.0,0.0038127615531915,42.563562,21.80734582611483,1
User_67,2025-09-25 05:44:07,0.529,0.7466,Walking,Koila,Driving_Under_Influence,2way,150.0,40,3G,-92,87.0,-16.0,0.0056555240738385,40.32163081396326,21.791295796016847,1
User_51,2025-09-25 05:47:46,0.613,0.915,Walking,Zep,Driving_Under_Influence,4way,0.0,50,5G,-108,91.0,-4.0,0.001018066973791,40.278857572949505,18.421278,1
User_65,2025-09-25 06:22:59,0.448,0.6101,Walking,Zep,Reckless_Driving,4way,1.0,30,3G,-76,-137.0,13.0,0.0058217127881269,40.27940037335716,21.754827641236687,1
User_98,2025-09-25 06:43:51,0.46,0.6868,Driving,Koila,Driving_Under_Influence,2way,0.0,80,WiFi,-69,72.0,8.0,0.0022568049990883,41.666373,21.79136488186213,1
User_56,2025-09-25 06:47:38,0.374,0.5467,Swimming,Koila,Reckless_Driving,1way,0.0,10,102,-93,79.0,3.0,0.0031608538338508,40.3224429535707,21.790366293863684,1
User_80,2025-09-25 06:53:54,0.704,0.6947,Driving,Koila,Speeding,1way,0.0,10,3G,-76,-159.0,-5.0,0.0043667820387339,40.321571199660696,21.790821360745586,1
User_07,2025-09-25 07:06:57,0.625,0.6164,Running,Ligeris,Speeding,2way,1.0,20,105,-117,81.0,4.0,0.0051535955665096,40.307354815276305,21.80625388380384,1
User_54,2025-09-25 07:55:13,0.327,0.8089,Driving,Ligeris,8,2way,0.0,30,4G,-116,64.0,15.0,0.009394069591466,40.30658366896544,21.807032122254363,1
User_36,2025-09-25 08:12:17,0.46,0.9229,Driving,Ligeris,Driving_Under_Influence,2way,0.0,Lane_Discards,WiFi,-51,70.0,1.0,0.0077374079464388,40.30609788008644,21.80876722772797,1
User_58,2025-09-25 08:23:44,0.465,0.568,Driving,Ligeris,Reckless_Driving,1way,0.0,10,3G,-109,71.0,-9.0,0.0041428551263568,41.960259,21.80685742283677,1
User_71,2025-09-25 08:53:58,0.256,0.5383,Driving,Zep,Speeding,1way,1.0,30,103,-90,11.0,-12.0,0.0038174166650744,40.28032305412693,21.754465354607536,1
User_39,2025-09-25 09:04:40,0.598,0.6827,Running,Center,Speeding,2way,0.0,20,3G,-88,-14.0,9.0,0.0049504137637458,40.322270414496344,21.79284769160659,1
User_20,2025-09-25 10:42:11,0.334,0.8561,Driving,Ligeris,Speeding,5way,4.0,10,3G,Ethernet,15.0,15.0,0.0052411639574831,40.30516283209039,21.805799780039404,1
User_21,2025-09-25 10:53:37,0.303,0.5482,Running,Zep,Reckless_Driving,5way,4.0,50,WiFi,-71,96.0,5.0,0.0086188711210705,40.279779394052426,21.791256784153244,1
User_41,2025-09-25 11:01:38,0.628,0.6961,Running,Ligeris,Speeding,2way,0.0,30,3G,-96,41.0,11.0,0.0083418564604886,42.045912,21.806817178185597,1
User_35,2025-09-25 11:48:56,0.274,0.6152,Walking,Zep,Driving_Under_Influence,4way,2.0,60,WiFi,-62,28.0,15.0,0.003920569728577,40.27861318521712,19.062813,1
User_34,2025-09-25 12:01:14,0.431,0.6889,Driving,Koila,7,1way,0.0,40,WiFi,-68,17.0,-7.0,0.035,40.321364535147126,21.793393348151252,1
User_43,2025-09-25 13:38:45,0.416,0.6947,Driving,Ligeris,Speeding,1way,0.0,30,103,-88,48.0,-12.0,0.0051629915134502,40.30635523117124,21.808395853176375,1
User_95,2025-09-25 14:02:40,0.545,0.8089,Running,Zep,Reckless_Driving,5way,0.0,30,118,-64,13.0,-5.0,0.0048776282188326,40.278598803084165,21.755024621949225,1
User_63,2025-09-25 15:42:47,0.543,0.6516,Running,Koila,Speeding,2way,3.0,30,3G,-115,85.0,14.0,0.0015132193674841,42.159893,21.791526254643017,1
User_16,2025-09-25 16:08:20,0.513,0.7407,Walking,Koila,Speeding,4way,0.0,80,4G,-95,93.0,-15.0,0.0050862314530709,40.32153961934923,18.182549,1
User_98,2025-09-25 17:10:50,0.46,0.6878,Driving,Ligeris,Driving_Under_Influence,6way,0.0,40,5G,-77,68.0,2.0,0.048,40.30686300392338,21.808276023067652,1
User_66,2025-09-25 17:26:08,0.28,0.7647,Swimming,Zep,Reckless_Driving,4way,2.0,30,3G,-108,17.0,-11.0,0.0032113262313008,40.27986827605861,21.75385967124271,1
User_23,2025-09-25 17:41:07,0.458,0.684,Running,Koila,Speeding,4way,0.0,20,WiFi,-64,96.0,22.0,0.005653142335994,40.32183692032822,21.79202807932631,1
User_78,2025-09-25 18:37:36,0.347,0.7746,Walking,Koila,Reckless_Driving,2way,0.0,80,4G,-117,39.0,12.0,0.0055817236659261,40.32203089642555,18.132508,1
User_79,2025-09-25 20:22:27,0.389,0.653,Running,Koila,Driving_Under_Influence,2way,160.0,70,3G,-77,53.0,14.0,0.0079380619149953,40.3218086178103,21.79109927194177,1
User_73,2025-09-25 20:40:20,0.325,0.7257,Running,Ligeris,Driving_Under_Influence,4way,2.0,20,4G,-80,59.0,-23.0,0.0044145721760613,40.30511265690979,21.80787797560052,1
User_30,2025-09-25 21:18:21,0.413,0.6254,Walking,Koila,Speeding,6way,4.0,50,5G,-84,72.0,-12.0,0.008732852718315,40.321895467211675,21.792609622728943,1
User_32,2025-09-25 21:54:36,0.464,0.555,Running,Zep,Reckless_Driving,2way,1.0,10,4G,-84,97.0,16.0,0.037,40.279340303244574,21.752092519506512,1
User_15,2025-09-25 22:01:22,0.627,0.8421,Running,Ligeris,8,2way,0.0,50,4G,-71,53.0,17.0,0.0053293153302362,40.30524602536814,21.808211601014506,1
User_40,2025-09-25 23:40:40,0.482,0.9027,Driving,Zep,Speeding,1way,0.0,70,WiFi,-58,92.0,16.0,0.0091324008325352,38.11872,21.75313803083971,1
User_81,2025-09-25 23:50:05,0.376,0.8185,Running,Koila,7,2way,0.0,30,3G,-81,99.0,25.0,0.0083847603360803,40.32362642067359,21.79008642910025,1
User_80,2025-09-25 23:56:10,0.704,0.6957,Walking,Zep,Speeding,1way,3.0,40,4G,-95,-159.0,-13.0,0.0074121904630249,40.27899523103931,21.754104857354317,1
User_92,2025-09-26 00:16:51,0.694,0.7122,Running,Koila,Speeding,4way,0.0,50,5G,-101,83.0,-2.0,0.04,40.32283578040872,21.79190417976919,1
User_76,2025-09-26 00:42:27,0.355,0.7351,Swimming,Ligeris,Reckless_Driving,2way,4.0,40,4G,-88,100.0,-12.0,0.0087371242420677,40.306160734424054,21.80742934486895,1
User_70,2025-09-26 00:45:44,0.601,0.5641,Running,Koila,Reckless_Driving,4way,0.0,Lane_Discards,3G,-99,7.0,-5.0,0.0016638091086889,40.32196993885027,21.79205935978667,1
User_81,2025-09-26 01:35:58,0.376,0.8195,Walking,Spinari,Driving_Under_Influence,2way,1.0,80,WiFi,-59,72.0,15.0,0.0020066641498723,38.491113,21.752956014617613,1
User_39,2025-09-26 04:25:03,0.598,0.5641,Driving,Koila,Driving_Under_Influence,6way,0.0,50,WiFi,-84,58.0,15.0,0.0083771479124472,40.322022771194696,21.7912822477222,1
User_96,2025-09-26 04:59:43,0.261,0.7941,Swimming,Ligeris,Reckless_Driving,2way,1.0,50,WiFi,-88,-140.0,9.0,0.0044647150126947,40.3059432362114,21.808866033391485,1
User_75,2025-09-26 07:01:43,0.409,0.7091,Driving,Koila,Driving_Under_Influence,5way,2.0,60,5G,-113,74.0,16.0,0.0083385394618754,40.32207591392298,21.791205541019504,1
User_77,2025-09-26 08:16:47,0.428,0.5535,Walking,Center,Speeding,1way,0.0,20,WiFi,-56,23.0,-13.0,0.0066628026673777,40.27908243863008,21.75443947837757,1
User_16,2025-09-26 09:36:24,0.513,0.7437,Driving,Koila,7,1way,1.0,20,4G,-98,84.0,-13.0,0.0099250615583022,40.32128446786826,21.790756774426868,1
User_59,2025-09-26 11:06:24,0.265,0.7142,Walking,Koila,Speeding,2way,0.0,20,5G,-110,-146.0,-16.0,0.0099956279277355,40.32299868210924,21.7894519776836,1
User_25,2025-09-26 11:31:58,0.408,0.6738,Running,Zep,Driving_Under_Influence,1way,2.0,20,WiFi,-68,77.0,21.0,0.0033202758913427,40.27869108596849,21.75274975761921,1
User_68,2025-09-26 12:14:16,0.472,0.5689,Running,Zep,Driving_Under_Influence,2way,0.0,10,WiFi,-54,34.0,-6.0,0.0051755263220155,40.280142004554136,22.803664,1
User_28,2025-09-26 12:52:28,0.348,0.8473,Running,Zep,Reckless_Driving,4way,2.0,50,103,-89,31.0,2.0,0.0081986097292185,40.279295919067394,21.753449852318468,1
User_03,2025-09-26 13:51:00,0.568,0.5664,Running,Ligeris,Speeding,6way,2.0,120,4G,-74,53.0,12.0,0.005151907230915,41.824797,21.80718777937508,1
User_06,2025-09-26 13:56:06,0.584,0.9055,Running,Zep,Reckless_Driving,2way,1.0,Illegal_Parking,WiFi,-72,62.0,11.0,0.0015038734027179,40.27957722611217,19.53128,1
User_35,2025-09-26 14:19:56,0.274,0.6172,Walking,Zep,7,2way,3.0,40,WiFi,-75,45.0,16.0,0.0024035861454692,40.27970924566896,21.753346658909745,1
User_09,2025-09-26 14:21:47,0.307,0.9218,Driving,Ligeris,Driving_Under_Influence,2way,140.0,20,4G,-91,49.0,15.0,0.0071556874209991,40.306535235044926,21.80534179630581,1
User_90,2025-09-26 15:18:49,0.525,0.5978,Running,Koila,Speeding,2way,3.0,30,WiFi,-80,26.0,-12.0,0.0051021911305916,41.66901,21.78909023296018,1
User_71,2025-09-26 17:27:42,0.256,0.5403,Running,Koila,Speeding,1way,160.0,30,4G,-113,10.0,12.0,0.0082497400305647,40.32211300275011,21.7918555893442,1
User_48,2025-09-26 18:25:01,0.46,0.8044,Walking,Koila,Driving_Under_Influence,6way,0.0,10,3G,-108,-27.0,13.0,0.0056290468029701,40.32241198175917,21.79119604551516,1
User_74,2025-09-26 18:41:28,0.497,0.8944,Running,Koila,Driving_Under_Influence,4way,1.0,20,4G,-73,82.0,11.0,0.0029228783579207,37.113996,21.7917329001568,1
User_51,2025-09-26 19:19:04,0.613,0.918,Running,Zep,Driving_Under_Influence,2way,0.0,40,WiFi,-87,25.0,-5.0,0.026,40.281022943337675,21.75404703277719,1
User_22,2025-09-26 20:16:32,0.413,0.5839,Running,Ligeris,Driving_Under_Influence,2way,2.0,30,WiFi,-74,-147.0,0.0,0.0064095857620865,40.305331315543,21.80681579195769,1
User_89,2025-09-26 20:52:01,0.336,0.5501,Flying,Zep,Reckless_Driving,2way,1.0,40,4G,-99,80.0,9.0,0.0012549521411182,40.27992917247864,21.752080720097197,1
User_45,2025-09-26 21:33:20,0.285,0.8103,Driving,Zep,9,2way,1.0,70,3G,-90,21.0,19.0,0.0033535390969691,40.279640643922406,21.75109851951775,1
User_95,2025-09-26 22:01:48,0.545,0.8109,Driving,Spinari,Driving_Under_Influence,2way,1.0,70,WiFi,-73,25.0,-22.0,0.005653142335994,40.279600568671135,21.75555950938898,1
User_12,2025-09-26 22:25:14,0.67,0.8892,Running,Zep,Driving_Under_Influence,6way,0.0,40,115,-58,63.0,-8.0,0.0063014124322033,40.27854363295512,21.753941159194433,1
User_78,2025-09-26 23:22:24,0.347,0.7766,Walking,Ligeris,Driving_Under_Influence,1way,1.0,30,4G,-70,2.0,-8.0,0.0086390315556649,38.228192,21.80675773076488,1
User_26,2025-09-26 23:22:59,0.408,0.7855,Walking,Zep,6,2way,0.0,60,4G,-109,79.0,-5.0,0.0060659626587664,42.005005,21.75262399939455,1
User_16,2025-09-27 00:45:51,0.513,0.7447,Driving,Koila,Speeding,2way,1.0,Harassing_Driver,5G,-103,91.0,24.0,0.0058845526031698,40.32233612366933,21.791682162467342,1
User_71,2025-09-27 00:58:43,0.256,0.5413,Running,Ligeris,Speeding,2way,1.0,50,3G,-83,-140.0,-8.0,0.005653142335994,40.30544832331673,21.8067287691535,1
User_35,2025-09-27 01:00:12,0.274,0.6182,Walking,Zep,Driving_Under_Influence,4way,160.0,20,4G,-71,36.0,10.0,0.009683875726638,40.28002435989006,21.75439203994623,1
User_73,2025-09-27 02:13:50,0.325,0.7287,Driving,Zep,Reckless_Driving,2way,150.0,20,3G,-70,60.0,-2.0,0.0055719643023001,40.27879545224363,21.75271961845426,1
User_11,2025-09-27 02:50:31,0.602,0.855,Driving,Koila,Speeding,5way,0.0,30,WiFi,-80,65.0,-16.0,0.0051971102679904,40.305936532427616,23.461084,1
User_52,2025-09-27 03:11:49,0.544,0.6152,Running,Ligeris,Driving_Under_Influence,4way,2.0,80,3G,-90,-124.0,7.0,0.0071418094112731,40.30621354312966,21.807617714735976,1
User_31,2025-09-27 03:27:54,0.56,0.8914,Swimming,Zep,Speeding,2way,1.0,30,WiFi,-62,61.0,12.0,0.0033815980074129,40.279419115793914,21.753399351034247,1
User_33,2025-09-27 04:09:01,0.634,0.7522,Running,Koila,Speeding,1way,150.0,50,WiFi,-77,-49.0,9.0,0.0016638792977292,40.322051850964655,21.790515405122655,1
User_34,2025-09-27 04:24:04,0.431,0.6919,Running,Zep,Speeding,2way,0.0,20,WiFi,-80,-35.0,-13.0,0.0015365522959398,40.279902243222296,21.75190138978217,1
User_37,2025-09-27 05:00:19,0.306,0.8154,Running,Koila,Driving_Under_Influence,2way,0.0,30,3G,-112,70.0,23.0,0.005653142335994,40.32262911791272,21.790124826696633,1
User_21,2025-09-27 06:14:10,0.303,0.5512,Driving,Zep,8,2way,3.0,40,3G,-119,-132.0,-4.0,0.0035340023127803,40.27990377582969,21.753136380079713,1
User_29,2025-09-27 07:24:52,0.415,0.7024,Driving,Koila,9,2way,1.0,30,3G,-79,81.0,-24.0,0.0077094907335299,40.32217975444714,21.79113913945697,1
User_90,2025-09-27 07:33:22,0.525,0.5988,Driving,Koila,Driving_Under_Influence,6way,3.0,30,5G,-97,74.0,11.0,0.0065904058774808,40.321650772822174,18.551165,1
User_65,2025-09-27 08:59:19,0.448,0.6141,Running,Koila,Speeding,5way,1.0,40,3G,-80,19.0,-22.0,0.0051600452502903,40.32139363063954,21.793311275904856,1
User_53,2025-09-27 10:01:35,0.313,0.6376,Driving,Ligeris,Reckless_Driving,4way,2.0,40,WiFi,-63,-134.0,-2.0,0.0059845189337729,40.30666887176551,21.8053738046313,1
User_47,2025-09-27 11:07:39,0.585,0.6462,Driving,Koila,9,2way,4.0,40,4G,-98,96.0,16.0,0.005653142335994,40.32132995622054,21.792475933275636,1
User_61,2025-09-27 11:46:52,0.46,0.6197,Walking,Koila,Driving_Under_Influence,4way,2.0,Illegal_Parking,4G,-73,66.0,-1.0,0.0038856380402478,41.1403,21.792045978056777,1
User_15,2025-09-27 11:56:39,0.627,0.8451,Walking,Koila,Speeding,4way,4.0,130,3G,-109,66.0,-3.0,0.0090451203721043,40.32158185620529,21.791256784153244,1
User_43,2025-09-27 13:06:53,0.416,0.6977,Driving,Koila,6,2way,0.0,10,4G,-103,72.0,-9.0,0.034,40.320773415778554,21.79120589499147,1
User_54,2025-09-27 13:28:44,0.327,0.8129,Walking,Ligeris,Speeding,1way,0.0,50,4G,-120,100.0,2.0,0.049,40.30622259179293,21.807498412384383,1
User_69,2025-09-27 13:39:44,0.34,0.8981,Swimming,Zep,Reckless_Driving,2way,0.0,60,3G,-107,19.0,1.0,0.0058951430165573,40.27950530732885,21.753249451566035,1
User_73,2025-09-27 13:58:30,0.325,0.7297,Driving,Ligeris,Driving_Under_Influence,1way,0.0,50,4G,-112,28.0,-8.0,0.0017644634722417,40.30566564739979,19.827542,1
User_36,2025-09-27 14:18:20,0.563,0.9279,Running,Ligeris,Speeding,5way,1.0,10,4G,-79,38.0,16.0,0.0057811476661922,40.30639753936815,21.80746640000463,1
User_88,2025-09-27 14:30:29,0.471,0.6647,Swimming,Koila,Driving_Under_Influence,2way,3.0,70,4G,-74,79.0,-14.0,0.00429095786282,40.32205240050384,18.684714,1
User_22,2025-09-27 15:31:42,0.413,0.5859,Swimming,Zep,Speeding,1way,0.0,10,115,-51,14.0,11.0,0.0060271041893539,40.27949228090234,21.753255290315614,1
User_07,2025-09-27 15:38:24,0.625,0.6204,Walking,Ligeris,Driving_Under_Influence,4way,2.0,40,WiFi,-89,1.0,-2.0,0.043,40.30529397767596,21.807272881654804,1
User_32,2025-09-27 15:46:33,0.464,0.558,Driving,Zep,6,1way,1.0,70,4G,-92,85.0,9.0,0.0030939708819659,40.27828875561002,21.754613879599532,1
User_64,2025-09-27 16:51:35,0.511,0.8908,Driving,Koila,9,1way,0.0,30,5G,-79,70.0,24.0,0.0053658961723347,40.32207249540697,21.79120039140718,1
User_59,2025-09-27 17:32:20,0.265,0.7162,Walking,Zep,Speeding,6way,1.0,30,3G,-109,81.0,-14.0,0.048,40.281343705418834,21.753256795345347,1
User_05,2025-09-27 17:48:42,0.743,0.8357,Walking,Ligeris,Speeding,1way,0.0,30,103,-57,8.0,11.0,0.0071372490646156,40.30645303317679,21.805365509236093,1
User_39,2025-09-27 18:39:46,0.598,0.6877,Walking,Ligeris,Driving_Under_Influence,2way,160.0,60,4G,-70,17.0,18.0,0.0013816335198675,40.30517095954647,21.807825718656815,1
User_100,2025-09-27 18:43:23,0.37,0.793,Driving,Zep,Reckless_Driving,2way,0.0,20,5G,-94,95.0,-12.0,0.025,40.27954741648159,21.75308365060341,1
User_40,2025-09-27 19:02:48,0.482,0.9067,Running,Ligeris,Reckless_Driving,1way,140.0,50,4G,-88,12.0,-13.0,0.0010136349840302,40.30649366161076,21.807930544337204,1
User_47,2025-09-27 19:23:50,0.585,0.6472,Running,Ligeris,Reckless_Driving,1way,4.0,60,5G,-98,87.0,8.0,0.021,40.30535375422155,21.80895315516027,1
User_95,2025-09-27 20:17:59,0.545,0.8119,Walking,Ligeris,Speeding,6way,2.0,30,5G,Satellite,77.0,-15.0,0.0050632709307195,40.30551631791877,21.80675181583909,1
User_48,2025-09-27 20:18:14,0.599,0.8074,Running,Zep,Reckless_Driving,2way,0.0,50,5G,-101,-42.0,-15.0,0.0086137318053585,40.278872185816944,21.7543964910664,1
User_69,2025-09-27 20:51:02,0.34,0.8991,Walking,Ligeris,Speeding,2way,0.0,80,4G,-73,80.0,10.0,0.0071911099611212,41.193775,21.80737646327165,1
User_80,2025-09-27 22:12:52,0.704,0.6997,Driving,Zep,Speeding,2way,0.0,90,5G,-109,45.0,-24.0,0.0098946467077639,40.279772703168554,21.752778027316275,1
User_62,2025-09-27 22:22:11,0.366,0.6482,Running,Ligeris,Reckless_Driving,2way,1.0,40,103,-79,87.0,5.0,0.0090941977149155,40.305197675908666,21.807070110915063,1
User_67,2025-09-27 22:24:18,0.529,0.7506,Driving,Koila,Driving_Under_Influence,2way,0.0,50,5G,-111,38.0,10.0,0.0081724387220874,37.069925,21.790772314787276,1
User_95,2025-09-27 23:38:32,0.545,0.8129,Driving,Koila,Driving_Under_Influence,1way,1.0,60,5G,-94,64.0,8.0,0.0036851079690438,38.117663,21.790543789730236,1
User_27,2025-09-27 23:56:07,0.535,0.7911,Walking,Zep,Driving_Under_Influence,2way,140.0,80,5G,-107,21.0,-9.0,0.0050256754305942,40.278290701640955,21.75395843131752,1
User_47,2025-09-28 01:13:08,0.585,0.6482,Driving,Koila,Driving_Under_Influence,2way,1.0,20,107,-92,85.0,-15.0,0.0080423739991432,40.32036907495209,21.790608103809394,1
User_63,2025-09-28 01:24:25,0.543,0.6566,Walking,Zep,Reckless_Driving,1way,1.0,20,3G,-81,94.0,16.0,0.032,40.28077424599483,21.752485271617605,1
User_15,2025-09-28 01:48:55,0.627,0.8471,Walking,Zep,Speeding,1way,1.0,70,5G,-102,-19.0,14.0,0.0074967432391566,40.2795544463346,21.753263857338386,1
User_04,2025-09-28 02:06:48,0.662,0.5927,Driving,Ligeris,Reckless_Driving,1way,1.0,20,3G,-120,75.0,-20.0,0.0027941047322451,40.30712017851447,21.808758719188575,1
User_60,2025-09-28 03:10:55,0.353,0.9058,Driving,Zep,Speeding,2way,2.0,20,5G,-117,96.0,-14.0,0.0070044144805803,40.27874603020885,23.689858,1
User_48,2025-09-28 04:42:39,0.599,0.8084,Running,Zep,Speeding,1way,1.0,130,109,-70,87.0,-7.0,0.0092362487015509,40.280065194346946,21.75394051936017,1
User_30,2025-09-28 05:19:21,0.413,0.6304,Running,Koila,Speeding,2way,0.0,30,3G,-74,-142.0,-11.0,0.0015827332935176,40.321081298337845,21.790280083199978,1
User_02,2025-09-28 05:27:08,0.46,0.8416,Swimming,Zep,Driving_Under_Influence,1way,1.0,60,3G,-85,-149.0,-3.0,0.0099804151347102,40.28046696153502,21.754850731483472,1
User_37,2025-09-28 05:52:19,0.306,0.8174,Running,Koila,Reckless_Driving,1way,0.0,50,102,-107,30.0,10.0,0.0046084403385967,40.321739448162845,21.791596264163616,1
User_29,2025-09-28 05:59:08,0.415,0.7044,Driving,Koila,Reckless_Driving,1way,0.0,30,4G,-70,7.0,2.0,0.0055575549375807,38.165714,21.789855752087934,1
User_88,2025-09-28 06:22:08,0.471,0.6667,Driving,Zep,Speeding,2way,3.0,10,110,-114,57.0,16.0,0.00178253858321,40.27955491281833,21.753284183555667,1
User_84,2025-09-28 07:42:38,0.527,0.6147,Walking,Ligeris,7,4way,4.0,60,WiFi,-83,80.0,7.0,0.0066332735833267,40.30527622428109,21.80630735276989,1
User_66,2025-09-28 09:06:01,0.28,0.7697,Driving,Ligeris,Speeding,5way,0.0,70,3G,-99,16.0,19.0,0.0065604462153187,40.30776376739058,21.806312473351603,1
User_57,2025-09-28 09:21:09,0.372,0.6532,Running,Zep,Reckless_Driving,2way,0.0,40,4G,-86,-145.0,-7.0,0.0025615167914342,40.27982771131207,21.75292378155752,1
User_98,2025-09-28 10:32:58,0.46,0.6928,Driving,Koila,Driving_Under_Influence,5way,2.0,40,WiFi,Ethernet,46.0,-11.0,0.005653142335994,40.306230115631266,21.78986156835021,1
User_62,2025-09-28 10:43:27,0.366,0.6492,Walking,Koila,Driving_Under_Influence,1way,3.0,70,3G,-81,23.0,-15.0,0.041,40.32177129336259,21.79108371690347,1
User_90,2025-09-28 10:45:30,0.525,0.6008,Driving,Ligeris,Reckless_Driving,2way,140.0,30,WiFi,-89,68.0,6.0,0.004883093265545,40.30688388265854,21.80841835916241,1
User_36,2025-09-28 11:43:34,0.563,0.9289,Driving,Koila,Speeding,2way,0.0,20,4G,-77,11.0,11.0,0.006589499334518,40.32199454036425,19.211744,1
User_54,2025-09-28 11:45:08,0.327,0.8159,Swimming,Zep,Reckless_Driving,2way,1.0,40,4G,-97,20.0,6.0,0.0094811302872838,40.27958685819311,21.753277018255904,1
User_56,2025-09-28 11:46:03,0.374,0.5527,Driving,Zep,Driving_Under_Influence,4way,0.0,70,4G,-88,96.0,2.0,0.003558993796251,38.035,21.752986911978144,1
User_26,2025-09-28 12:41:25,0.408,0.7895,Running,Koila,Driving_Under_Influence,2way,1.0,80,5G,-102,75.0,-11.0,0.042,40.32212199957049,21.791256784153244,1
User_96,2025-09-28 12:42:21,0.261,0.7991,Driving,Center,Driving_Under_Influence,2way,1.0,50,3G,-101,67.0,12.0,0.0033299260996269,40.30626254918798,21.807331742752492,1
User_53,2025-09-28 12:42:51,0.313,0.6396,Driving,Zep,7,2way,1.0,50,WiFi,-65,85.0,-10.0,0.0016858115974262,40.27945682524066,21.752710448781972,1
User_18,2025-09-28 13:44:54,0.251,0.9315,Running,Zep,8,2way,0.0,70,4G,-110,35.0,-12.0,0.0093355760878251,40.279068058031335,21.75506532319491,1
User_93,2025-09-28 13:50:13,0.588,0.5612,Driving,Zep,Driving_Under_Influence,2way,0.0,70,3G,-86,84.0,-3.0,0.049,40.27955355053208,21.75291026787751,1
User_08,2025-09-28 14:45:06,0.347,0.8988,Walking,Zep,Reckless_Driving,5way,0.0,70,108,-70,86.0,6.0,0.003581573416765,40.27907601113572,21.754051709312694,1
User_39,2025-09-28 16:54:38,0.598,0.6897,Driving,Ligeris,Reckless_Driving,1way,1.0,70,4G,-100,66.0,-3.0,0.032,40.30625495233493,21.80812841151948,1
User_58,2025-09-28 17:39:07,0.465,0.574,Driving,Zep,Reckless_Driving,2way,4.0,20,3G,-115,71.0,6.0,0.0023716919472579,42.481612,21.753915233488307,1
User_21,2025-09-28 18:51:50,0.303,0.5542,Walking,Center,Reckless_Driving,4way,0.0,40,3G,-97,18.0,10.0,0.0087275443103426,40.27865934599979,21.753195632925383,1
User_56,2025-09-28 19:34:10,0.374,0.5537,Driving,Zep,Driving_Under_Influence,4way,0.0,80,106,-72,4.0,13.0,0.0072182504883168,40.27835095860748,21.752113193549384,1
User_59,2025-09-28 20:00:57,0.265,0.7182,Driving,Koila,Driving_Under_Influence,5way,0.0,50,4G,-107,37.0,-7.0,0.0096784976972193,40.32187851161226,21.789815473168943,1
User_72,2025-09-28 20:05:06,0.567,0.5815,Running,Center,Speeding,4way,4.0,60,5G,-95,61.0,-12.0,0.0075260251918532,40.27909356208587,21.753046428325103,1
User_70,2025-09-28 20:17:27,0.601,0.6349,Driving,Ligeris,Reckless_Driving,1way,140.0,50,5G,-93,92.0,-2.0,0.0048041568214128,40.30723834072514,21.806167787673264,1
User_09,2025-09-28 20:44:45,0.307,0.9268,Walking,Koila,Reckless_Driving,6way,1.0,10,WiFi,-54,-143.0,2.0,0.008108958490796,40.32184478158483,21.792251244863326,1
User_50,2025-09-28 20:51:45,0.398,0.7736,Walking,Zep,Speeding,2way,0.0,20,WiFi,-50,-47.0,14.0,0.0032928942071084,40.27948921566504,21.75346468987702,1
User_16,2025-09-28 21:26:38,0.513,0.7477,Running,Ligeris,Driving_Under_Influence,5way,0.0,90,4G,-74,28.0,15.0,0.0046034014089321,40.306797093048814,21.805637284833026,1
User_78,2025-09-28 23:50:33,0.347,0.7806,Running,Koila,Reckless_Driving,2way,1.0,10,108,-72,53.0,12.0,0.0024652007692247,40.32286279207539,21.790140204358263,1
User_47,2025-09-29 00:08:03,0.585,0.6502,Walking,Ligeris,Speeding,1way,0.0,40,112,-97,94.0,-1.0,0.0082996562410092,40.30486644380043,21.806480103158055,1
User_76,2025-09-29 01:24:08,0.355,0.7421,Running,Spinari,Driving_Under_Influence,2way,3.0,40,WiFi,-80,11.0,11.0,0.0092006406052613,40.30711549811819,21.808070070960845,1
User_23,2025-09-29 02:40:58,0.458,0.691,Running,Ligeris,Driving_Under_Influence,1way,140.0,20,WiFi,-50,59.0,16.0,0.0037033709798985,40.30609169744341,21.80735303568785,1
User_18,2025-09-29 03:12:35,0.251,0.9325,Running,Center,Speeding,4way,0.0,50,5G,-70,53.0,23.0,0.0031535450025222,40.30607663802006,21.807337013800627,1
User_99,2025-09-29 03:31:21,0.465,0.7524,Driving,Ligeris,Speeding,1way,160.0,50,118,-57,3.0,-14.0,0.0075197367692438,40.304723837215086,21.807587581287372,1
User_07,2025-09-29 03:53:30,0.625,0.6234,Running,Zep,Reckless_Driving,1way,0.0,80,5G,-86,98.0,-10.0,0.034,40.280300229727786,21.751224412498733,1
User_24,2025-09-29 04:29:12,0.445,0.5641,Swimming,Koila,Speeding,2way,3.0,20,WiFi,-72,35.0,11.0,0.046,40.32251908368861,21.791333636405888,1
User_83,2025-09-29 04:31:05,0.309,0.9015,Driving,Koila,Speeding,4way,0.0,20,114,-112,30.0,3.0,0.0021355261825478,40.321911263965774,21.791276528693736,1
User_12,2025-09-29 04:36:44,0.67,0.8952,Driving,Ligeris,Speeding,2way,1.0,20,3G,-95,52.0,-24.0,0.0065289438737989,40.3062492418648,21.807495534578244,1
User_41,2025-09-29 05:21:29,0.628,0.7041,Running,Koila,Speeding,2way,1.0,Harassing_Driver,5G,-103,75.0,-10.0,0.0025049911068641,40.32155663156309,17.915956,1
User_47,2025-09-29 05:34:36,0.585,0.6512,Driving,Zep,Driving_Under_Influence,4way,1.0,20,105,-102,64.0,11.0,0.0033774546795833,40.279620647576415,21.753240590342248,1
User_36,2025-09-29 06:12:15,0.563,0.9309,Flying,Zep,Driving_Under_Influence,1way,0.0,50,111,-116,37.0,-6.0,0.0014833308766617,40.27883301257335,21.751492098542816,1
User_20,2025-09-29 07:39:13,0.334,0.8641,Walking,Ligeris,Speeding,1way,0.0,40,WiFi,-62,18.0,2.0,0.0010903574282174,38.888741,21.805543549841317,1
User_71,2025-09-29 09:37:58,0.256,0.5453,Driving,Koila,Reckless_Driving,6way,0.0,40,3G,-105,26.0,12.0,0.0065670688779856,40.32092283031147,21.789607644683933,1
User_19,2025-09-29 09:56:28,0.745,0.9235,Running,Koila,Reckless_Driving,1way,0.0,20,4G,-88,76.0,-12.0,0.0067650385281749,40.32210891443009,18.094635,1
User_39,2025-09-29 10:37:26,0.598,0.6917,Driving,Koila,8,2way,1.0,80,4G,-77,75.0,-1.0,0.03,40.321406178472145,21.792107489354084,1
User_69,2025-09-29 11:12:02,0.34,0.9021,Running,Koila,Speeding,4way,160.0,30,5G,-93,56.0,-2.0,0.0019283124147811,40.32189872740517,21.791972725826675,1
User_44,2025-09-29 13:16:59,0.332,0.6256,Driving,Zep,Driving_Under_Influence,2way,1.0,50,5G,-112,48.0,3.0,0.0063247893064117,40.28019744572381,19.41322,1
User_50,2025-09-29 13:52:47,0.398,0.7746,Driving,Zep,Driving_Under_Influence,4way,4.0,50,115,-62,44.0,-3.0,0.005838128830478,40.2798658823201,21.754663791703024,1
User_01,2025-09-29 14:04:48,0.619,0.8158,Walking,Ligeris,Reckless_Driving,1way,1.0,60,3G,-72,85.0,13.0,0.038,40.305838966693074,21.791256784153244,1
User_51,2025-09-29 15:20:07,0.613,0.924,Walking,Ligeris,Reckless_Driving,2way,1.0,60,5G,-73,-140.0,-6.0,0.0058468999588389,40.30513464283889,21.80870754219641,1
User_81,2025-09-29 15:45:07,0.376,0.8265,Driving,Zep,8,2way,0.0,40,110,-93,51.0,-14.0,0.008840314527174,40.27824468599446,21.752858802687317,1
User_45,2025-09-29 16:22:06,0.285,0.8163,Flying,Ligeris,Speeding,2way,0.0,30,109,-81,80.0,7.0,0.0026827620842879,40.30767438633059,21.808360603737885,1
User_03,2025-09-29 17:33:14,0.568,0.5724,Driving,Ligeris,Driving_Under_Influence,2way,1.0,40,WiFi,-72,87.0,13.0,0.0035070095758703,40.30691321347368,19.30216,1
User_61,2025-09-29 19:21:54,0.546,0.6237,Driving,Koila,Reckless_Driving,2way,1.0,70,108,-82,17.0,13.0,0.0086590780222306,40.322017654513466,21.792505418722456,1
User_57,2025-09-29 19:46:14,0.372,0.6552,Running,Koila,Reckless_Driving,4way,140.0,80,5G,-87,35.0,-5.0,0.0024644626324436,40.320777495104245,21.789861044918947,1
User_94,2025-09-29 20:03:22,0.681,0.643,Walking,Koila,Reckless_Driving,2way,1.0,40,3G,-118,0.0,-4.0,0.0038802376833796,37.69892,21.790645449898054,1
User_19,2025-09-29 20:39:03,0.745,0.9245,Walking,Koila,Driving_Under_Influence,2way,0.0,Harassing_Driver,3G,-93,7.0,2.0,0.0011859337713703,40.32203991870985,19.108911,1
User_62,2025-09-29 20:40:07,0.366,0.6512,Walking,Ligeris,Driving_Under_Influence,2way,0.0,10,3G,-101,73.0,7.0,0.0054263710442768,41.682712,21.807695808349276,1
User_87,2025-09-29 21:18:53,0.709,0.9232,Walking,Zep,Reckless_Driving,2way,150.0,30,WiFi,-64,26.0,17.0,0.0099513368575637,40.27919647265625,21.754962523251763,1
User_42,2025-09-29 21:31:41,0.738,0.6566,Running,Spinari,Reckless_Driving,1way,3.0,30,3G,-94,92.0,7.0,0.0083601867645971,40.306230115631266,21.80743113551149,1
User_88,2025-09-29 21:47:40,0.471,0.6687,Driving,Koila,Reckless_Driving,5way,2.0,70,5G,-120,-128.0,-10.0,0.0080556294184521,40.32303273510447,21.79072888459682,1
User_65,2025-09-29 22:18:28,0.448,0.6191,Walking,Zep,Driving_Under_Influence,2way,2.0,20,5G,-98,-35.0,-8.0,0.0098815495686729,40.279342163405765,21.7522194303977,1
User_74,2025-09-29 23:39:03,0.497,0.9004,Walking,Koila,6,2way,1.0,10,4G,-86,11.0,1.0,0.0055527907833146,40.32236755393716,17.935961,1
User_84,2025-09-29 23:45:12,0.527,0.6167,Running,Ligeris,Speeding,2way,2.0,40,3G,-82,88.0,11.0,0.034,40.30619814225576,21.807640788131103,1
User_04,2025-09-29 23:55:49,0.662,0.5957,Driving,Zep,Driving_Under_Influence,1way,4.0,60,WiFi,-77,-123.0,7.0,0.0043759328669415,40.279363987594344,21.753858693321934,1
User_15,2025-09-30 00:21:20,0.627,0.8511,Running,Koila,Driving_Under_Influence,1way,1.0,80,3G,-88,-129.0,14.0,0.0017145002484777,40.32149456876411,21.793274500408337,1
User_04,2025-09-30 00:59:18,0.662,0.5967,Driving,Koila,Driving_Under_Influence,4way,0.0,130,WiFi,-59,-136.0,0.0,0.0035800621652605,40.279810370835456,21.754238952961128,1
User_77,2025-09-30 01:28:07,0.428,0.5615,Running,Zep,Driving_Under_Influence,4way,1.0,30,113,-71,77.0,-7.0,0.0010069723103999,40.28017747985062,21.75145619285866,1
User_05,2025-09-30 02:06:26,0.743,0.8417,Walking,Koila,Reckless_Driving,6way,2.0,40,5G,-115,45.0,-12.0,0.0022670209288322,40.32080910294985,21.790097258060143,1
User_34,2025-09-30 02:44:56,0.431,0.6979,Walking,Zep,Speeding,1way,0.0,50,5G,-111,-22.0,-11.0,0.0070465451530508,40.28067786422909,21.752953640719017,1
User_81,2025-09-30 03:13:47,0.376,0.8275,Walking,Ligeris,Reckless_Driving,2way,0.0,20,112,-77,19.0,4.0,0.0061665297781113,40.30745560212571,21.808124216473253,1
User_71,2025-09-30 03:38:21,0.256,0.5473,Walking,Zep,Reckless_Driving,1way,150.0,40,5G,-118,98.0,-3.0,0.0017243100654876,40.27956947689771,21.753483115196456,1
User_65,2025-09-30 03:40:06,0.448,0.6201,Walking,Ligeris,Reckless_Driving,4way,0.0,50,4G,-75,91.0,12.0,0.022,40.30648181038845,21.80942717838867,1
User_87,2025-09-30 03:43:43,0.709,0.9252,Walking,Zep,Driving_Under_Influence,2way,0.0,30,WiFi,-66,53.0,-25.0,0.0030190449613542,40.27949616664022,21.75330226897964,1
User_14,2025-09-30 03:59:23,0.393,0.7514,Running,Koila,Reckless_Driving,2way,0.0,10,4G,-76,54.0,-2.0,0.0091391611797533,41.876925,21.790373198318765,1
User_96,2025-09-30 04:49:42,0.261,0.8021,Swimming,Zep,Driving_Under_Influence,4way,0.0,30,3G,-75,19.0,0.0,0.0050896922472525,40.28086435569039,21.7537218329969,1
User_50,2025-09-30 07:08:26,0.398,0.7766,Walking,Center,Driving_Under_Influence,4way,1.0,20,WiFi,-61,20.0,-9.0,0.0017125188800439,40.32150435480685,21.791712855222983,1
User_97,2025-09-30 07:16:46,0.337,0.8243,Swimming,Koila,Driving_Under_Influence,2way,0.0,10,4G,-86,-125.0,2.0,0.0011042758039507,40.320948653271515,21.791868661744065,1
User_37,2025-09-30 07:17:08,0.306,0.8214,Walking,Ligeris,Speeding,1way,0.0,130,3G,-114,0.0,7.0,0.0085690174881202,40.30598290959862,21.807035719072736,1
User_12,2025-09-30 07:44:10,0.67,0.8962,Running,Zep,Speeding,4way,1.0,60,WiFi,-75,19.0,-3.0,0.0046131732765932,40.27866218815297,22.958944,1
User_89,2025-09-30 09:07:08,0.336,0.5581,Walking,Zep,Driving_Under_Influence,2way,0.0,10,WiFi,-71,48.0,25.0,0.0040602195524291,40.280310278162034,21.75160860363459,1
User_74,2025-09-30 10:44:10,0.497,0.9024,Driving,Spinari,Driving_Under_Influence,2way,2.0,40,WiFi,-60,-28.0,12.0,0.0074624165997407,40.279967130097454,21.75348744159939,1
User_58,2025-09-30 11:06:13,0.465,0.578,Running,Ligeris,Speeding,1way,0.0,30,3G,-88,56.0,21.0,0.0014699200150903,40.30628405247044,21.807554997439208,1
User_53,2025-09-30 11:25:01,0.313,0.6446,Walking,Ligeris,Reckless_Driving,6way,0.0,80,5G,-98,65.0,8.0,0.0026886644274122,40.30647690433219,21.80732435107892,1
User_14,2025-09-30 12:09:21,0.393,0.5641,Walking,Koila,Speeding,6way,0.0,40,WiFi,-79,41.0,-14.0,0.0042241155762679,40.3233163943746,21.791369831350035,1
User_41,2025-09-30 13:35:03,0.628,0.7061,Running,Zep,Driving_Under_Influence,6way,0.0,40,WiFi,-58,-148.0,-9.0,0.0012943191387622,40.279891434650246,21.753757259040807,1
User_07,2025-09-30 14:31:48,0.625,0.6264,Driving,Koila,Speeding,2way,0.0,10,3G,-107,-158.0,11.0,0.0020115151214672,40.32259044459095,21.79014265169076,1
User_25,2025-09-30 17:42:05,0.408,0.6818,Driving,Ligeris,7,1way,0.0,40,WiFi,-89,-41.0,-1.0,0.003224876840631,40.305890127598275,21.807563920198053,1
User_59,2025-09-30 19:10:59,0.265,0.7222,Running,Zep,Reckless_Driving,4way,3.0,Lane_Discards,3G,-95,66.0,-3.0,0.0050099319403852,40.281080335308054,17.165194,1
User_35,2025-09-30 19:35:50,0.274,0.6242,Walking,Zep,Reckless_Driving,2way,160.0,20,4G,-89,21.0,-6.0,0.0016317548278868,38.566556,21.75318782832492,1
User_44,2025-09-30 20:39:04,0.332,0.6286,Driving,Spinari,Reckless_Driving,2way,2.0,80,3G,-117,55.0,20.0,0.0080732818900576,40.30671131806687,21.807043419689847,1
User_19,2025-09-30 20:51:17,0.745,0.9265,Running,Koila,Reckless_Driving,2way,0.0,60,4G,-97,12.0,-15.0,0.0038726438461879,40.32215413310028,18.227762,1
User_22,2025-09-30 21:37:23,0.413,0.5919,Running,Zep,Reckless_Driving,2way,1.0,80,116,-98,53.0,15.0,0.002051049967273,40.279471969331816,21.754371745960523,1
User_42,2025-09-30 22:05:25,0.738,0.6586,Walking,Ligeris,Driving_Under_Influence,2way,0.0,20,116,-120,63.0,12.0,0.0096964540602493,40.30622735295133,21.80749276522698,1
User_94,2025-09-30 22:13:49,0.681,0.645,Driving,Ligeris,Driving_Under_Influence,4way,2.0,80,114,-117,40.0,-8.0,0.0074474273698267,40.306588050801125,21.80536651935971,1
User_45,2025-09-30 22:18:28,0.285,0.8183,Walking,Koila,Speeding,1way,1.0,50,3G,-72,65.0,16.0,0.0070398085219831,40.3215409987274,17.971921,1
User_29,2025-09-30 22:48:22,0.415,0.7094,Running,Ligeris,Speeding,1way,2.0,50,5G,-78,-21.0,1.0,0.0052504710309455,40.30605149756059,21.809088175199808,1
User_59,2025-09-30 23:00:53,0.265,0.7232,Driving,Koila,Speeding,2way,1.0,40,5G,-89,6.0,-1.0,0.029,40.32215913215997,21.793203916892203,1
User_46,2025-09-30 23:14:56,0.519,0.5641,Running,Koila,Driving_Under_Influence,4way,3.0,10,3G,-103,13.0,-9.0,0.0030603362521959,37.132971,21.79105191954513,1
User_79,2025-10-01 01:31:34,0.389,0.664,Driving,Koila,Reckless_Driving,6way,1.0,30,5G,-88,80.0,4.0,0.0040304203117229,40.322124091627785,21.791156445365917,1
User_26,2025-10-01 02:34:57,0.408,0.7945,Running,Zep,Driving_Under_Influence,4way,0.0,40,4G,-90,53.0,-3.0,0.0018149203038404,40.28033830748189,22.723774,1
User_28,2025-10-01 02:49:08,0.348,0.8563,Walking,Zep,Reckless_Driving,1way,0.0,50,4G,-76,69.0,9.0,0.0081084263117243,40.27974770358811,19.314459,1
User_37,2025-10-01 03:08:11,0.306,0.8224,Driving,Ligeris,Reckless_Driving,4way,0.0,Illegal_Parking,4G,-88,42.0,-8.0,0.027,40.30686017971721,21.806860352281557,1
User_100,2025-10-01 03:11:38,0.37,0.8,Walking,Ligeris,Driving_Under_Influence,2way,0.0,50,3G,-80,51.0,-6.0,0.007258912711506,41.987558,21.809209718194104,1
User_26,2025-10-01 03:22:00,0.408,0.7955,Running,Koila,Reckless_Driving,4way,1.0,Lane_Discards,3G,-77,98.0,-14.0,0.0084080568535716,40.32194637072089,21.79136974317094,1
User_87,2025-10-01 03:29:41,0.709,0.9272,Driving,Zep,Driving_Under_Influence,2way,0.0,20,3G,-83,6.0,5.0,0.031,40.27849739937448,21.75335147199906,1
User_74,2025-10-01 03:54:17,0.497,0.9034,Walking,Zep,Reckless_Driving,2way,4.0,80,111,-90,29.0,14.0,0.0021850887721281,40.27969865316541,21.7536523790888,1
User_47,2025-10-01 04:48:43,0.585,0.6542,Running,Ligeris,Driving_Under_Influence,2way,0.0,70,104,-107,40.0,7.0,0.0068903781720286,40.306746617248706,21.805457281513693,1
User_06,2025-10-01 04:57:09,0.584,0.9155,Walking,Ligeris,8,1way,1.0,20,5G,Ethernet,30.0,-16.0,0.0094645144858837,40.30547368237909,21.807511603089388,1
User_53,2025-10-01 05:53:44,0.313,0.6456,Running,Ligeris,Speeding,2way,1.0,40,3G,-113,65.0,-16.0,0.005653142335994,40.30570606503291,17.697071,1
User_34,2025-10-01 06:57:57,0.431,0.6999,Running,Koila,Driving_Under_Influence,4way,3.0,40,WiFi,-74,39.0,-25.0,0.0070379530333476,40.32223968213857,21.79103479662072,1
User_39,2025-10-01 07:01:17,0.598,0.6947,Driving,Spinari,Driving_Under_Influence,2way,0.0,40,4G,-101,57.0,6.0,0.0087193898940789,37.324412,21.750918768836737,1
User_85,2025-10-01 07:18:10,0.254,0.6723,Driving,Zep,Speeding,5way,0.0,20,WiFi,-53,64.0,-3.0,0.0065746497554974,40.279045889167406,21.753781939082423,1
User_58,2025-10-01 07:29:46,0.465,0.58,Running,Ligeris,Driving_Under_Influence,2way,0.0,Lane_Discards,3G,-72,46.0,-12.0,0.0083385620028245,40.307104174363594,19.299785,1
User_54,2025-10-01 07:46:55,0.327,0.8209,Walking,Zep,Speeding,6way,0.0,70,WiFi,Satellite,30.0,7.0,0.0099400872835112,40.27930960514205,21.753449099594853,1
User_49,2025-10-01 08:04:01,0.637,0.8873,Walking,Ligeris,Speeding,1way,4.0,80,4G,-97,-136.0,-15.0,0.0026608589142394,40.305354004080755,21.808866924266944,1
User_27,2025-10-01 08:14:02,0.535,0.7981,Flying,Zep,Reckless_Driving,1way,2.0,80,5G,-75,61.0,8.0,0.0050580280625863,40.27955720115611,21.754521866332656,1
User_62,2025-10-01 08:32:50,0.366,0.6562,Walking,Ligeris,Driving_Under_Influence,4way,0.0,10,WiFi,-67,-122.0,-2.0,0.0020973753961045,40.3052754768051,21.806327559038344,1
User_76,2025-10-01 08:40:06,0.355,0.7461,Running,Ligeris,Speeding,2way,0.0,130,4G,-88,32.0,-4.0,0.0059228053076057,40.306211166249895,21.80744684327958,1
User_94,2025-10-01 08:40:21,0.681,0.647,Running,Ligeris,Reckless_Driving,4way,0.0,100,WiFi,-86,4.0,-9.0,0.029,40.30660030507206,21.80874548464762,1
User_64,2025-10-01 10:17:07,0.511,0.8988,Driving,Center,Driving_Under_Influence,4way,0.0,70,5G,-78,94.0,10.0,0.0059913924128044,41.782092,21.75313616639322,1
User_61,2025-10-01 10:41:00,0.546,0.6267,Running,Koila,7,2way,4.0,10,5G,-80,69.0,14.0,0.0013548845375469,40.32339855134497,21.791256784153244,1
User_51,2025-10-01 10:42:15,0.613,0.927,Walking,Zep,9,1way,0.0,60,4G,-76,49.0,-10.0,0.0093641344297268,40.279465585140905,21.7544500657797,1
User_45,2025-10-01 11:57:58,0.285,0.8193,Walking,Zep,Driving_Under_Influence,6way,2.0,80,WiFi,-61,98.0,-9.0,0.0021121484255252,40.27892055416261,21.754403079623785,1
User_88,2025-10-01 12:04:00,0.471,0.6737,Driving,Ligeris,Speeding,2way,150.0,80,4G,-82,46.0,13.0,0.0063872729158982,40.30716398798569,21.80816391174361,1
User_57,2025-10-01 12:57:27,0.372,0.6592,Running,Center,Speeding,2way,0.0,30,4G,-103,93.0,3.0,0.0055460741169508,40.279385774947414,21.75366151226633,1
User_20,2025-10-01 13:07:28,0.334,0.8681,Flying,Zep,Reckless_Driving,1way,0.0,80,103,-106,45.0,-2.0,0.005009561015112,40.28005814817477,21.753398027543337,1
User_81,2025-10-01 13:27:04,0.376,0.8295,Running,Zep,Reckless_Driving,4way,0.0,40,114,-96,7.0,-12.0,0.0040770338516683,40.28073810994197,21.753258923018965,1
User_12,2025-10-01 13:38:02,0.67,0.8992,Walking,Koila,7,2way,2.0,30,3G,-76,16.0,10.0,0.0060595186708644,40.306230115631266,21.790585597484363,1
User_81,2025-10-01 13:43:47,0.376,0.8305,Driving,Ligeris,Reckless_Driving,2way,3.0,20,WiFi,-52,7.0,6.0,0.041,40.306684149233256,21.806747294570368,1
User_02,2025-10-01 13:43:55,0.529,0.8466,Swimming,Ligeris,Speeding,4way,1.0,30,WiFi,-85,8.0,5.0,0.0070313634188634,37.592731,21.808983756805265,1
User_36,2025-10-01 14:36:20,0.563,0.9349,Driving,Zep,Speeding,2way,2.0,50,WiFi,-85,76.0,9.0,0.0044932862215863,40.2779358993335,22.7015,1
User_29,2025-10-01 15:22:11,0.415,0.7114,Walking,Center,Speeding,2way,0.0,10,5G,-84,0.0,0.0,0.024,40.27964039323132,21.753261155284218,1
User_84,2025-10-01 15:50:18,0.527,0.6197,Swimming,Zep,Reckless_Driving,4way,0.0,10,4G,-86,45.0,0.0,0.0035976769251924,40.2782157753658,21.753680637187,1
User_20,2025-10-01 16:03:57,0.334,0.8691,Driving,Zep,Driving_Under_Influence,4way,160.0,30,5G,-109,61.0,-2.0,0.0058556499178193,40.27797496064003,21.752231032656297,1
User_68,2025-10-01 18:29:03,0.472,0.5799,Walking,Ligeris,Driving_Under_Influence,4way,0.0,80,105,-85,31.0,-9.0,0.0049487157117184,40.306169445906264,21.80712016437245,1
User_02,2025-10-01 18:31:18,0.529,0.8476,Swimming,Ligeris,Driving_Under_Influence,1way,2.0,70,WiFi,-81,42.0,-10.0,0.0024963384072442,40.30668246688245,21.807498034720332,1
User_86,2025-10-01 18:40:27,0.469,0.5481,Swimming,Zep,Speeding,2way,0.0,40,3G,-94,69.0,10.0,0.0069188047403149,40.27879300494854,21.75357449706954,1
User_95,2025-10-01 19:57:32,0.545,0.8209,Driving,Koila,Reckless_Driving,2way,1.0,80,5G,-98,-13.0,7.0,0.0049943343709812,40.32259167243144,21.7913372150448,1
User_33,2025-10-01 22:42:09,0.634,0.7612,Running,Zep,Driving_Under_Influence,1way,1.0,20,4G,-100,8.0,-4.0,0.0099056593717443,40.28010802054697,19.166188,1
