User_Id,Timestamp,User_Reputation,User_Experience,User_Activity,University_Area,Violation_Type,Road_Type,Road_Accident,Speed_Limit,Internet_Connection,Internet_Signal_Strength,Battery_Percentage,Accelerometer_Range,Accelerometer_Resolution,Latitude,Longitude,True_Class
User_35,2025-01-01 02:55:08,0.301,0.0575,Walking,Koila,Driving_Under_Influence,2way,2,20,3G,-92,50,-17,0.0014671240798621,40.322102995199025,21.79147566367789,Unintentional
User_95,2025-01-01 07:00:05,0.36,0.2759,Driving,Ligeris,Driving_Under_Influence,2way,0,50,5G,-101,27,7,0.044,40.30550128697307,21.80673707396348,Unintentional
User_12,2025-01-01 09:38:26,0.74,0.2831,Driving,Koila,Driving_Under_Influence,1way,1,80,4G,-73,45,24,0.0056043025643368,40.32157976189006,21.78979431113612,Unintentional
User_40,2025-01-01 09:50:32,0.357,0.0891,Running,Koila,Reckless_Driving,2way,0,60,4G,-73,64,17,0.0091070700032524,40.32114341300988,21.79168777415168,Unintentional
User_95,2025-01-01 10:07:26,0.36,0.2769,Walking,Ligeris,Reckless_Driving,2way,0,20,WiFi,-84,91,11,0.021,40.306208134224214,21.807518322190948,Unintentional
User_78,2025-01-01 16:03:52,0.615,0.21,Walking,Ligeris,Driving_Under_Influence,2way,3,50,WiFi,-60,64,-17,0.0083537671633806,40.30686528075846,21.807463077585805,Unintentional
User_51,2025-01-02 00:25:13,0.574,0.1373,Driving,Ligeris,Driving_Under_Influence,1way,0,50,WiFi,-79,17,4,0.042,40.30584650556349,21.806906150995072,Unintentional
User_98,2025-01-02 05:19:42,0.734,0.149,Driving,Zep,Driving_Under_Influence,1way,2,20,5G,-87,60,12,0.034,40.278665571073354,21.752825798557588,Unintentional
User_16,2025-01-02 09:23:45,0.455,0.2738,Running,Koila,Speeding,1way,0,40,3G,-80,26,-5,0.036,40.32041109288333,21.792056704592884,Unintentional
User_52,2025-01-02 10:53:39,0.706,0.4024,Driving,Zep,Speeding,2way,0,10,3G,-107,16,-25,0.0094694927073337,40.280220682077136,21.752397792345185,Unintentional
User_65,2025-01-02 12:18:17,0.654,0.2592,Running,Zep,Speeding,1way,4,60,WiFi,-54,86,-19,0.0084477171044229,40.27906698378181,21.7524228288254,Unintentional
User_48,2025-01-02 13:45:47,0.636,0.1969,Driving,Koila,Speeding,4way,3,60,5G,-72,29,-3,0.03,40.32183774354811,21.79150734571852,Unintentional
User_32,2025-01-02 19:24:42,0.684,0.1023,Running,Ligeris,Reckless_Driving,1way,0,80,3G,-115,61,20,0.0010322440253031,40.30594535838311,21.806493242193564,Unintentional
User_42,2025-01-02 20:23:40,0.544,0.3703,Driving,Koila,Reckless_Driving,2way,0,80,3G,-97,20,-2,0.022,40.32108507214116,21.79008452369543,Unintentional
User_15,2025-01-02 22:00:34,0.369,0.0438,Running,Zep,Speeding,2way,0,20,3G,-118,38,-11,0.031,40.279989257538304,21.75186127899905,Unintentional
User_59,2025-01-02 22:11:12,0.521,0.1233,Walking,Ligeris,Driving_Under_Influence,2way,0,40,4G,-79,77,23,0.0043235840301434,40.30473762933745,21.80812675194537,Unintentional
User_40,2025-01-03 04:18:09,0.357,0.0931,Driving,Zep,Speeding,2way,1,40,3G,-82,80,-10,0.022,40.28057789464063,21.75314405287172,Unintentional
User_92,2025-01-03 04:58:53,0.622,0.0144,Running,Zep,Speeding,2way,1,30,5G,-95,66,-21,0.0072636539502458,40.27943662502311,21.752076024717045,Unintentional
User_97,2025-01-03 21:16:14,0.737,0.2186,Driving,Koila,Driving_Under_Influence,2way,4,40,5G,-91,40,-10,0.043,40.32251780118973,21.79062405023103,Unintentional
User_57,2025-01-04 03:44:35,0.592,0.2598,Running,Ligeris,Speeding,4way,3,70,3G,-93,35,-18,0.005970846442518,40.30751204151058,21.806119085053997,Unintentional
User_38,2025-01-04 06:01:58,0.497,0.2776,Running,Koila,Driving_Under_Influence,1way,0,70,4G,-103,23,-8,0.026,40.32312016344498,21.79097601699213,Unintentional
User_72,2025-01-04 09:20:45,0.359,0.3238,Driving,Zep,Reckless_Driving,2way,0,30,5G,-77,34,-24,0.0014277789803574,40.27938646009891,21.75416634066328,Unintentional
User_26,2025-01-04 09:41:00,0.495,0.2553,Walking,Ligeris,Driving_Under_Influence,2way,1,20,3G,-90,91,-24,0.002684518827505,40.30684290857462,21.808478410285247,Unintentional
User_21,2025-01-04 14:27:45,0.256,0.2196,Driving,Zep,Speeding,2way,0,30,WiFi,-62,61,17,0.0076778072359122,40.27935981444761,21.75155358787585,Unintentional
User_69,2025-01-04 14:49:26,0.667,0.1131,Running,Ligeris,Reckless_Driving,1way,0,60,WiFi,-53,0,21,0.0064618140967753,40.3063584321025,21.80802907045112,Unintentional
User_62,2025-01-04 16:53:20,0.471,0.116,Walking,Ligeris,Speeding,1way,0,90,3G,-100,79,-3,0.025,40.30657086188302,21.807964990758013,Unintentional
User_11,2025-01-05 00:31:57,0.263,0.3608,Driving,Ligeris,Driving_Under_Influence,2way,3,20,WiFi,-53,45,-18,0.0088534585794547,40.305353654260095,21.807898375293664,Unintentional
User_02,2025-01-05 02:29:59,0.477,0.2044,Driving,Zep,Reckless_Driving,4way,1,40,WiFi,-86,38,-13,0.028,40.2802844679629,21.755372453464307,Unintentional
User_65,2025-01-05 10:27:27,0.654,0.2662,Running,Ligeris,Reckless_Driving,1way,0,70,WiFi,-51,38,15,0.029,40.306861219749926,21.806170180871387,Unintentional
User_100,2025-01-05 12:13:41,0.718,0.349,Running,Ligeris,Driving_Under_Influence,4way,2,90,3G,-71,23,-18,0.001583293276916,40.30579594444788,21.807923675462153,Unintentional
User_74,2025-01-05 15:56:03,0.564,0.179,Driving,Zep,Speeding,2way,0,20,3G,-71,54,5,0.048,40.28019144345857,21.75456987931946,Unintentional
User_40,2025-01-05 18:25:54,0.357,0.0971,Walking,Zep,Driving_Under_Influence,2way,5,40,3G,-112,70,-23,0.0034182512755248,40.279506171757745,21.752144935152906,Unintentional
User_94,2025-01-05 22:27:44,0.459,0.014,Running,Ligeris,Speeding,2way,1,80,4G,-79,39,-25,0.0083632718859947,40.306294236386705,21.807509040014683,Unintentional
User_90,2025-01-05 23:47:26,0.395,0.1208,Driving,Koila,Reckless_Driving,1way,0,20,5G,-81,14,4,0.033,40.32161439949326,21.791627756663623,Unintentional
User_04,2025-01-06 00:24:56,0.619,0.3365,Driving,Koila,Reckless_Driving,1way,1,80,3G,-92,28,9,0.049,40.323843163217035,21.790818113067687,Unintentional
User_88,2025-01-06 07:07:46,0.421,0.3512,Walking,Koila,Speeding,4way,0,20,3G,-99,16,-11,0.042,40.322250567926886,21.79046675094915,Unintentional
User_54,2025-01-06 07:16:17,0.482,0.3879,Walking,Koila,Speeding,1way,4,20,5G,-91,30,25,0.0023092853449505,40.32228146812184,21.79251742446232,Unintentional
User_06,2025-01-06 11:02:52,0.573,0.2397,Walking,Zep,Driving_Under_Influence,2way,0,20,4G,-116,1,-25,0.0039499509006882,40.27920773789385,21.75542690485935,Unintentional
User_49,2025-01-06 12:29:27,0.462,0.1817,Driving,Ligeris,Reckless_Driving,1way,0,30,5G,-115,79,-23,0.0051795487530798,40.30681674384577,21.808054746673943,Unintentional
User_29,2025-01-06 18:17:57,0.603,0.3633,Running,Koila,Reckless_Driving,4way,0,50,5G,-119,11,-10,0.037,40.32103748735385,21.791940887267177,Unintentional
User_28,2025-01-06 22:17:40,0.311,0.0308,Walking,Ligeris,Driving_Under_Influence,2way,0,30,3G,-118,79,25,0.0034604273151206,40.30564882795095,21.805913950963077,Unintentional
User_33,2025-01-07 00:35:31,0.554,0.2173,Driving,Zep,Speeding,2way,1,20,5G,-88,67,-15,0.027,40.27966676192864,21.752748953001515,Unintentional
User_50,2025-01-07 06:18:19,0.395,0.2374,Running,Koila,Driving_Under_Influence,1way,1,20,4G,-114,30,17,0.0022716632752284,40.32187250697912,21.79198959457013,Unintentional
User_40,2025-01-07 09:29:53,0.357,0.1001,Running,Ligeris,Driving_Under_Influence,4way,0,30,5G,-76,83,5,0.045,40.305460456695705,21.8060722594993,Unintentional
User_60,2025-01-07 18:56:17,0.669,0.0737,Running,Zep,Reckless_Driving,2way,1,80,WiFi,-78,69,8,0.025,40.27975024581221,21.7536645724728,Unintentional
User_46,2025-01-07 21:25:55,0.537,0.2439,Running,Ligeris,Reckless_Driving,1way,0,90,3G,-110,77,11,0.042,40.30623124355922,21.80745661045984,Unintentional
User_41,2025-01-08 03:31:11,0.642,0.3585,Driving,Koila,Speeding,1way,1,50,3G,-103,22,-24,0.0065809051268752,40.32321161673075,21.792773023313455,Unintentional
User_82,2025-01-08 08:41:05,0.291,0.049,Walking,Koila,Speeding,2way,1,30,4G,-84,84,-8,0.047,40.32158196449204,21.790735239272824,Unintentional
User_13,2025-01-08 12:38:09,0.738,0.2893,Driving,Zep,Driving_Under_Influence,2way,1,20,3G,-107,98,-8,0.047,40.280075266004665,21.75366585806221,Unintentional
User_77,2025-01-08 19:33:53,0.369,0.1013,Walking,Koila,Speeding,2way,1,50,WiFi,-83,1,11,0.032,40.32197523398596,21.79151702833896,Unintentional
User_65,2025-01-08 23:48:19,0.654,0.2722,Driving,Koila,Reckless_Driving,1way,1,60,3G,-111,93,-21,0.0020822895696866,40.32214756039018,21.793155593335825,Unintentional
User_95,2025-01-09 12:12:00,0.36,0.2919,Running,Koila,Reckless_Driving,1way,0,40,4G,-89,86,10,0.029,40.322211707684474,21.79132862979244,Unintentional
User_40,2025-01-09 17:31:51,0.357,0.1041,Walking,Zep,Speeding,1way,1,20,5G,-113,16,-12,0.049,40.28055298733385,21.75387225317129,Unintentional
User_31,2025-01-09 18:28:02,0.293,0.4167,Running,Zep,Driving_Under_Influence,1way,0,60,4G,-98,91,11,0.021,40.2797773301265,21.75353643536272,Unintentional
User_73,2025-01-09 22:33:36,0.343,0.3883,Driving,Koila,Driving_Under_Influence,4way,1,30,4G,-104,38,-15,0.042,40.32296777445302,21.791818561531116,Unintentional
User_50,2025-01-10 04:13:19,0.395,0.2434,Driving,Zep,Reckless_Driving,2way,4,60,3G,-108,14,23,0.0081100069526249,40.28034372121554,21.75358197794321,Unintentional
User_62,2025-01-10 08:09:24,0.471,0.127,Running,Ligeris,Speeding,2way,0,40,5G,-116,34,-4,0.022,40.30628103531672,21.808168393350133,Unintentional
User_40,2025-01-10 14:19:48,0.357,0.1061,Running,Koila,Driving_Under_Influence,1way,3,100,3G,-92,28,13,0.046,40.32325287496374,21.79119916333355,Unintentional
User_78,2025-01-10 18:52:09,0.615,0.228,Driving,Ligeris,Reckless_Driving,2way,0,70,5G,-111,18,-23,0.0084559612046534,40.307509124423795,21.808748768687977,Unintentional
User_57,2025-01-10 19:15:27,0.592,0.2728,Running,Ligeris,Reckless_Driving,2way,1,20,WiFi,-56,8,-24,0.0055354619118063,40.30718513398468,21.805740652528044,Unintentional
User_78,2025-01-11 01:01:38,0.615,0.229,Running,Zep,Reckless_Driving,2way,4,50,5G,-112,39,-1,0.036,40.279433316270726,21.75333617966,Unintentional
User_02,2025-01-11 01:33:15,0.477,0.2164,Driving,Ligeris,Reckless_Driving,2way,0,40,5G,-87,66,-8,0.043,40.305415110821365,21.80680542705247,Unintentional
User_92,2025-01-11 05:16:28,0.622,0.0304,Walking,Ligeris,Reckless_Driving,1way,0,40,WiFi,-90,83,-8,0.028,40.30654083574599,21.80664076812456,Unintentional
User_98,2025-01-11 11:09:52,0.734,0.168,Running,Zep,Driving_Under_Influence,1way,1,20,4G,-90,20,18,0.0061175929713432,40.280403021560865,21.7546709191492,Unintentional
User_17,2025-01-11 12:27:18,0.439,0.3956,Walking,Koila,Speeding,4way,1,20,WiFi,-77,28,-7,0.044,40.32246243199696,21.791258800173782,Unintentional
User_09,2025-01-12 00:50:04,0.444,0.1247,Walking,Koila,Driving_Under_Influence,2way,0,40,4G,-101,100,-24,0.0021378695697387,40.322075832433896,21.79120628949627,Unintentional
User_42,2025-01-12 02:22:42,0.544,0.3903,Running,Koila,Reckless_Driving,4way,0,120,WiFi,-79,0,23,0.0089494705374567,40.32209359433135,21.79269215080883,Unintentional
User_45,2025-01-12 06:43:08,0.693,0.2194,Driving,Koila,Speeding,1way,0,60,4G,-120,85,4,0.028,40.32210952049431,21.790261042746177,Unintentional
User_72,2025-01-12 10:22:50,0.359,0.3398,Walking,Koila,Speeding,2way,0,80,WiFi,-89,93,-12,0.04,40.322474392431296,21.79069303078174,Unintentional
User_18,2025-01-12 12:51:21,0.669,0.1814,Driving,Koila,Speeding,4way,0,30,WiFi,-83,31,-1,0.036,40.321125742231104,21.792851077861012,Unintentional
User_80,2025-01-12 15:42:59,0.447,0.3496,Driving,Zep,Speeding,2way,0,60,3G,-95,55,-24,0.0091077751111431,40.278296407473945,21.752942935963745,Unintentional
User_77,2025-01-12 16:18:33,0.369,0.1093,Running,Ligeris,Reckless_Driving,1way,0,10,5G,-73,43,-15,0.026,40.306005134640536,21.80799891431452,Unintentional
User_37,2025-01-12 17:33:10,0.696,0.0387,Walking,Zep,Speeding,1way,1,30,5G,-104,80,16,0.049,40.279707179519086,21.753253913892053,Unintentional
User_58,2025-01-12 21:05:26,0.744,0.2162,Driving,Zep,Reckless_Driving,4way,0,10,3G,-91,69,22,0.0083247827546385,40.279440171083046,21.753608930294497,Unintentional
User_82,2025-01-12 23:19:42,0.291,0.058,Running,Zep,Reckless_Driving,4way,0,70,WiFi,-89,92,9,0.022,40.27835788328774,21.752295416906097,Unintentional
User_82,2025-01-13 03:50:24,0.291,0.059,Running,Ligeris,Reckless_Driving,4way,1,30,5G,-89,36,-9,0.022,40.30607134991686,21.80808568432115,Unintentional
User_100,2025-01-13 06:32:08,0.718,0.364,Running,Zep,Speeding,4way,0,30,5G,-100,35,-6,0.03,40.27960208654287,21.75319423656464,Unintentional
User_61,2025-01-13 07:42:29,0.304,0.1706,Running,Koila,Reckless_Driving,2way,0,60,3G,-81,29,20,0.0055579044684727,40.32105243165434,21.79030679410097,Unintentional
User_97,2025-01-13 16:46:57,0.737,0.2376,Walking,Koila,Speeding,2way,0,20,WiFi,-81,89,8,0.048,40.322221191187424,21.788936855521897,Unintentional
User_82,2025-01-13 21:23:32,0.291,0.06,Driving,Ligeris,Reckless_Driving,2way,5,30,3G,-117,82,-14,0.034,40.30523685649708,21.806566534346157,Unintentional
User_84,2025-01-13 22:55:50,0.488,0.2164,Driving,Ligeris,Speeding,2way,1,70,WiFi,-64,62,2,0.022,40.30620888568728,21.80806582556318,Unintentional
User_95,2025-01-14 04:38:07,0.36,0.3019,Running,Ligeris,Driving_Under_Influence,2way,0,20,4G,-106,62,-9,0.042,40.30746723327392,21.80815015398017,Unintentional
User_08,2025-01-14 06:17:54,0.33,0.3369,Walking,Ligeris,Speeding,1way,0,20,4G,-85,45,22,0.0081500811259627,40.3067860296409,21.806277596077116,Unintentional
User_87,2025-01-14 09:49:16,0.64,0.3335,Driving,Zep,Driving_Under_Influence,1way,1,40,WiFi,-77,60,25,0.0030663455071466,40.2793270681897,21.753326423553403,Unintentional
User_85,2025-01-14 10:40:43,0.653,0.2283,Driving,Ligeris,Speeding,1way,3,10,3G,-119,3,6,0.025,40.30534933978099,21.80953810351625,Unintentional
User_68,2025-01-14 11:36:20,0.402,0.2567,Walking,Ligeris,Speeding,4way,1,70,4G,-112,80,-14,0.029,40.304556181945074,21.80695624904448,Unintentional
User_54,2025-01-14 14:46:05,0.482,0.4039,Driving,Ligeris,Driving_Under_Influence,4way,0,80,5G,-98,53,25,0.0078699122035833,40.30651704051871,21.807130301953983,Unintentional
User_16,2025-01-14 15:38:40,0.455,0.2968,Driving,Koila,Reckless_Driving,4way,0,30,5G,-73,67,4,0.049,40.32349396931589,21.79170773026959,Unintentional
User_67,2025-01-14 17:47:10,0.692,0.2661,Driving,Koila,Reckless_Driving,2way,0,20,4G,-98,23,-10,0.041,40.32187576255926,21.791085923456823,Unintentional
User_43,2025-01-15 05:35:20,0.407,0.3064,Running,Koila,Reckless_Driving,1way,4,40,4G,-98,46,-17,0.0073744218386275,40.32250948193505,21.791465446786297,Unintentional
User_56,2025-01-15 06:34:29,0.449,0.3676,Walking,Ligeris,Driving_Under_Influence,2way,0,40,5G,-120,12,23,0.006367903019903,40.307937173683136,21.8080793120135,Unintentional
User_32,2025-01-15 16:56:23,0.684,0.1293,Running,Ligeris,Speeding,1way,0,60,WiFi,-68,40,-20,0.0082691334515745,40.30519296274498,21.80854321968885,Unintentional
User_87,2025-01-15 19:07:21,0.64,0.3355,Running,Zep,Reckless_Driving,2way,0,60,3G,-112,59,-18,0.0077558342426638,40.279196046354215,21.75189662698361,Unintentional
User_02,2025-01-15 23:42:48,0.477,0.2254,Driving,Zep,Speeding,2way,2,40,5G,-107,65,-5,0.022,40.27916631035776,21.75290820265235,Unintentional
User_36,2025-01-16 05:26:26,0.58,0.291,Running,Koila,Speeding,1way,0,90,3G,-89,1,19,0.005550272883855,40.32207805366612,21.789463673483574,Unintentional
User_41,2025-01-16 08:21:27,0.642,0.3755,Driving,Ligeris,Reckless_Driving,1way,1,30,3G,-78,44,-4,0.045,40.306282837949134,21.80705543449066,Unintentional
User_44,2025-01-16 13:45:41,0.546,0.3065,Driving,Zep,Speeding,2way,4,80,WiFi,-57,2,-23,0.0034095943908807,40.279622040896854,21.755256642039033,Unintentional
User_100,2025-01-16 19:29:32,0.718,0.371,Driving,Zep,Speeding,2way,1,20,4G,-116,79,8,0.024,40.2788616361687,21.75303798768124,Unintentional
User_91,2025-01-16 21:55:23,0.716,0.2423,Walking,Ligeris,Driving_Under_Influence,4way,0,60,3G,-87,21,20,0.0090499704043589,40.30624324397903,21.80806873215541,Unintentional
User_48,2025-01-17 00:38:22,0.636,0.2259,Driving,Ligeris,Driving_Under_Influence,2way,4,70,WiFi,-79,3,7,0.034,40.306169828758726,21.807925268303354,Unintentional
User_93,2025-01-17 07:54:59,0.333,0.4193,Running,Ligeris,Reckless_Driving,2way,0,80,4G,-88,11,-18,0.0060337048574136,40.30682437816078,21.807243802800087,Unintentional
User_90,2025-01-17 09:40:49,0.395,0.1438,Walking,Zep,Reckless_Driving,4way,0,20,4G,-99,25,22,0.0025861306471472,40.27983243498472,21.754798438574095,Unintentional
User_37,2025-01-17 16:44:12,0.696,0.0487,Running,Zep,Reckless_Driving,4way,0,80,5G,-82,26,-25,0.0093618530392007,40.27982475058854,21.75288587941619,Unintentional
User_71,2025-01-18 13:49:51,0.259,0.2952,Walking,Koila,Driving_Under_Influence,2way,1,30,3G,-82,82,-15,0.027,40.32232475403222,21.791662378811477,Unintentional
User_31,2025-01-18 18:16:35,0.293,0.4347,Running,Ligeris,Driving_Under_Influence,2way,0,10,5G,-101,27,22,0.0066598209770926,40.305462196552405,21.807303175972272,Unintentional
User_84,2025-01-18 19:42:01,0.488,0.2264,Driving,Koila,Driving_Under_Influence,4way,2,30,WiFi,-63,8,-18,0.0033766984440282,40.320910365364874,21.790776821395312,Unintentional
User_34,2025-01-18 20:02:32,0.466,0.1552,Walking,Zep,Driving_Under_Influence,2way,0,10,5G,-76,99,14,0.041,40.280422872872585,21.75290918531464,Unintentional
User_39,2025-01-18 21:56:30,0.297,0.3634,Driving,Zep,Driving_Under_Influence,1way,1,10,5G,-82,71,-20,0.0067899585801096,40.278620119461905,21.75378800356834,Unintentional
User_65,2025-01-19 05:14:12,0.654,0.2932,Walking,Ligeris,Driving_Under_Influence,2way,3,30,5G,-81,87,-9,0.037,40.307632744734896,21.80821442258823,Unintentional
User_48,2025-01-19 17:10:43,0.636,0.2309,Walking,Ligeris,Reckless_Driving,1way,0,60,WiFi,-50,10,17,0.0094188825380032,40.3074760248858,21.8081556125586,Unintentional
User_82,2025-01-19 17:26:05,0.291,0.071,Driving,Zep,Driving_Under_Influence,2way,4,30,3G,-83,89,14,0.05,40.27921356011109,21.75367458342674,Unintentional
User_36,2025-01-19 19:16:06,0.58,0.298,Walking,Ligeris,Speeding,2way,2,40,WiFi,-52,32,16,0.023,40.3062124544679,21.80753992450032,Unintentional
User_39,2025-01-19 21:15:30,0.297,0.3644,Running,Ligeris,Speeding,1way,0,30,4G,-117,95,-15,0.026,40.306266563967945,21.80782548624433,Unintentional
User_95,2025-01-19 23:12:52,0.36,0.3129,Driving,Zep,Driving_Under_Influence,2way,0,50,5G,-71,99,20,0.0036014217569572,40.27888902905381,21.754621352994153,Unintentional
User_82,2025-01-20 11:24:19,0.291,0.073,Running,Ligeris,Speeding,2way,5,50,3G,-74,6,-15,0.027,40.30712002956604,21.808980123095676,Unintentional
User_80,2025-01-20 11:58:18,0.447,0.3666,Running,Ligeris,Speeding,2way,0,50,WiFi,-74,61,-22,0.0064796477063421,40.30581091254477,21.808214320245582,Unintentional
User_67,2025-01-20 18:06:48,0.692,0.2791,Driving,Zep,Reckless_Driving,2way,0,80,3G,-113,11,16,0.023,40.27918708774545,21.752761150014624,Unintentional
User_26,2025-01-20 21:00:56,0.495,0.2873,Walking,Zep,Reckless_Driving,1way,1,70,4G,-81,69,-21,0.0019967963161315,40.27994801720301,21.753119224386893,Unintentional
User_19,2025-01-21 00:14:51,0.361,0.3748,Walking,Ligeris,Speeding,2way,0,20,3G,-84,67,-25,0.0013754260233709,40.305786186850995,21.80830578628813,Unintentional
User_12,2025-01-21 01:02:22,0.74,0.3231,Walking,Ligeris,Driving_Under_Influence,2way,0,30,4G,-91,76,9,0.028,40.3053437274147,21.808056874534245,Unintentional
User_88,2025-01-21 15:04:26,0.421,0.3822,Running,Koila,Speeding,1way,1,40,5G,-75,68,-18,0.0040988219132054,40.3215860691038,21.789654934428917,Unintentional
User_68,2025-01-21 15:57:49,0.402,0.2717,Running,Zep,Speeding,2way,3,110,WiFi,-72,32,-11,0.037,40.27968462665511,21.752910076372796,Unintentional
User_65,2025-01-21 17:54:54,0.654,0.2972,Driving,Zep,Reckless_Driving,2way,1,30,WiFi,-86,34,-19,0.0033543281378081,40.27874109940878,21.752015505784023,Unintentional
User_35,2025-01-21 18:59:00,0.301,0.0985,Walking,Koila,Speeding,2way,0,40,WiFi,-89,57,22,0.0063814520570609,40.32147177755083,21.79076238757477,Unintentional
User_82,2025-01-21 23:31:55,0.291,0.076,Driving,Zep,Reckless_Driving,1way,0,90,5G,-80,55,-22,0.0046856127012553,40.27983793827539,21.75536314285756,Unintentional
User_56,2025-01-22 00:00:12,0.449,0.3806,Walking,Ligeris,Speeding,4way,0,30,5G,-91,100,-17,0.0065716456336867,40.30618339492879,21.807213211925788,Unintentional
User_06,2025-01-22 01:36:15,0.573,0.2717,Running,Koila,Reckless_Driving,1way,0,80,WiFi,-69,11,17,0.0031669358485309,40.323613252798744,21.791293044147448,Unintentional
User_75,2025-01-22 10:14:08,0.65,0.3304,Running,Koila,Driving_Under_Influence,2way,0,30,3G,-98,89,-9,0.034,40.32175264881734,21.78930116802133,Unintentional
User_59,2025-01-22 10:25:30,0.521,0.1633,Walking,Zep,Reckless_Driving,2way,2,70,5G,-108,15,19,0.0018286018880724,40.28081678667788,21.754318974303043,Unintentional
User_99,2025-01-22 17:10:32,0.622,0.2084,Driving,Zep,Driving_Under_Influence,1way,4,30,3G,-117,5,11,0.045,40.279892471701785,21.752814786843487,Unintentional
User_88,2025-01-23 11:10:09,0.421,0.3852,Running,Ligeris,Speeding,4way,0,80,WiFi,-86,23,22,0.0052215676261632,40.30653840934272,21.808582737045494,Unintentional
User_37,2025-01-23 11:36:42,0.696,0.0607,Walking,Koila,Speeding,1way,0,80,4G,-103,2,-6,0.048,40.321881693570134,21.791313785711004,Unintentional
User_64,2025-01-23 20:46:36,0.287,0.0547,Driving,Zep,Driving_Under_Influence,2way,0,60,WiFi,-53,17,-23,0.0031896954185486,40.278575986424535,21.75273700948344,Unintentional
User_90,2025-01-23 21:18:21,0.395,0.1568,Running,Zep,Driving_Under_Influence,2way,0,30,3G,-73,85,-11,0.049,40.279824455299135,21.754187398313668,Unintentional
User_31,2025-01-23 21:50:23,0.293,0.4447,Walking,Ligeris,Reckless_Driving,2way,0,80,WiFi,-75,72,18,0.0067832166726683,40.30519663791221,21.807221906554368,Unintentional
User_85,2025-01-24 01:09:55,0.653,0.2473,Walking,Zep,Speeding,1way,0,10,5G,-104,13,11,0.034,40.279494499273056,21.75327325565705,Unintentional
User_18,2025-01-24 05:44:14,0.669,0.2064,Driving,Zep,Driving_Under_Influence,2way,4,60,WiFi,-71,84,-11,0.038,40.27920328057454,21.752457560147683,Unintentional
User_04,2025-01-24 09:37:36,0.619,0.3725,Driving,Zep,Speeding,1way,1,40,5G,-88,70,-8,0.036,40.28020044794761,21.75405066830596,Unintentional
User_80,2025-01-24 09:53:00,0.447,0.3736,Driving,Zep,Driving_Under_Influence,2way,0,30,WiFi,-86,11,-24,0.0034708864726629,40.27823840464225,21.752600393185897,Unintentional
User_60,2025-01-24 12:33:29,0.669,0.1067,Running,Koila,Speeding,1way,0,40,4G,-110,59,21,0.0069214217355835,40.32212400165367,21.79181533315764,Unintentional
User_03,2025-01-24 14:15:21,0.47,0.3492,Running,Koila,Speeding,2way,1,30,4G,-113,59,-1,0.049,40.32218719675966,21.79251184603699,Unintentional
User_34,2025-01-24 15:28:12,0.466,0.1672,Driving,Koila,Speeding,2way,0,20,3G,-78,80,11,0.022,40.32126674350116,21.78922157300562,Unintentional
User_33,2025-01-24 16:13:40,0.554,0.2523,Walking,Zep,Reckless_Driving,4way,3,60,4G,-92,61,18,0.0028188585690474,40.27814761724034,21.754301667618034,Unintentional
User_25,2025-01-25 01:55:49,0.352,0.1143,Walking,Ligeris,Driving_Under_Influence,2way,1,70,WiFi,-89,13,-25,0.0071817403879875,40.30659889276689,21.80613980926325,Unintentional
User_40,2025-01-26 01:38:44,0.357,0.1381,Driving,Ligeris,Speeding,4way,0,60,5G,-77,60,20,0.0026953886437174,40.306030594109984,21.8070841402326,Unintentional
User_07,2025-01-26 08:36:48,0.47,0.2814,Driving,Ligeris,Reckless_Driving,2way,0,70,3G,-100,79,4,0.046,40.30640611167752,21.807101111016532,Unintentional
User_35,2025-01-26 08:39:08,0.301,0.1085,Walking,Koila,Driving_Under_Influence,1way,1,20,3G,-86,96,4,0.035,40.3235812476682,21.7909651916781,Unintentional
User_27,2025-01-26 09:38:53,0.33,0.255,Walking,Koila,Reckless_Driving,4way,0,40,4G,-85,96,19,0.0020355437012368,40.320801329216394,21.79247191193306,Unintentional
User_17,2025-01-26 13:05:09,0.439,0.4256,Driving,Koila,Speeding,2way,0,70,4G,-105,14,-19,0.003697569639196,40.32206207705737,21.791155795485505,Unintentional
User_81,2025-01-26 15:29:46,0.307,0.1433,Walking,Koila,Speeding,1way,1,80,3G,-101,58,7,0.031,40.32302037196125,21.793266316014275,Unintentional
User_33,2025-01-26 17:24:24,0.554,0.2563,Driving,Ligeris,Driving_Under_Influence,2way,0,50,4G,-113,58,18,0.0053837354789153,40.30641953360077,21.807876779714626,Unintentional
User_55,2025-01-26 20:06:08,0.3,0.4244,Running,Ligeris,Speeding,2way,1,60,WiFi,-56,6,10,0.041,40.30740164842498,21.809003280744285,Unintentional
User_21,2025-01-26 20:54:39,0.256,0.2636,Walking,Zep,Reckless_Driving,2way,2,10,5G,-97,11,-16,0.024,40.28014758447444,21.754469339838856,Unintentional
User_57,2025-01-26 22:40:21,0.592,0.3048,Driving,Koila,Driving_Under_Influence,4way,2,20,4G,-77,88,-15,0.031,40.3223961941625,21.79205295726131,Unintentional
User_64,2025-01-27 13:04:20,0.287,0.0627,Running,Koila,Driving_Under_Influence,1way,2,20,5G,-111,36,24,0.0035549445967607,40.323781850711335,21.79148020300005,Unintentional
User_24,2025-01-27 13:23:19,0.354,0.3928,Walking,Koila,Speeding,2way,0,10,3G,-116,84,-24,0.0079864483673056,40.32063115516296,21.790233146784946,Unintentional
User_18,2025-01-27 17:46:27,0.669,0.2114,Driving,Ligeris,Driving_Under_Influence,1way,0,80,WiFi,-82,73,-20,0.0072091717033097,40.30627933711494,21.807518563034016,Unintentional
User_23,2025-01-27 17:46:33,0.532,0.1227,Driving,Ligeris,Speeding,1way,4,10,3G,-113,27,1,0.021,40.307905237576094,21.806762528997005,Unintentional
User_58,2025-01-27 20:00:34,0.744,0.2462,Driving,Zep,Driving_Under_Influence,2way,0,90,3G,-88,91,-24,0.0028481103659922,40.27980258128856,21.754247143245745,Unintentional
User_20,2025-01-28 03:39:17,0.625,0.4503,Walking,Zep,Reckless_Driving,1way,1,30,5G,-94,27,-3,0.046,40.27950800252912,21.75285597587124,Unintentional
User_99,2025-01-28 05:46:08,0.622,0.2194,Running,Ligeris,Driving_Under_Influence,1way,0,70,3G,-87,77,25,0.0012733156726876,40.30621125958107,21.807473583680373,Unintentional
User_05,2025-01-28 14:00:17,0.307,0.1957,Walking,Zep,Reckless_Driving,1way,0,50,5G,-92,0,14,0.046,40.279724433592854,21.751696238194263,Unintentional
User_68,2025-01-28 22:59:06,0.402,0.2857,Running,Zep,Speeding,4way,1,60,WiFi,-77,59,-17,0.0063931667538331,40.28021989159518,21.75211687825029,Unintentional
User_58,2025-01-29 23:04:29,0.744,0.2502,Running,Zep,Reckless_Driving,4way,1,20,4G,-92,79,13,0.036,40.27964144466805,21.75449364961212,Unintentional
User_67,2025-01-30 08:12:14,0.692,0.2981,Driving,Koila,Driving_Under_Influence,4way,1,60,WiFi,-53,0,-23,0.0019862945878463,40.32190462751553,21.791366659908466,Unintentional
User_42,2025-01-30 10:45:48,0.544,0.4263,Walking,Ligeris,Reckless_Driving,1way,1,30,5G,-97,95,1,0.04,40.30712551568531,21.806274184099195,Unintentional
User_85,2025-01-30 11:05:17,0.653,0.2603,Running,Zep,Speeding,2way,3,80,4G,-112,3,-17,0.0053596550484158,40.27980591246463,21.75375302888095,Unintentional
User_69,2025-01-30 12:52:38,0.667,0.1641,Walking,Zep,Driving_Under_Influence,1way,1,80,3G,-120,27,-15,0.04,40.27901379570709,21.752908763905676,Unintentional
User_66,2025-01-30 12:55:53,0.551,0.1949,Walking,Koila,Speeding,2way,1,80,WiFi,-76,43,8,0.041,40.32230052427372,21.79270799289579,Unintentional
User_05,2025-01-30 16:25:17,0.307,0.1987,Running,Ligeris,Reckless_Driving,2way,1,20,5G,-71,35,-18,0.0065760187134016,40.307025611513104,21.80752964091298,Unintentional
User_08,2025-01-30 16:33:55,0.33,0.3699,Walking,Koila,Reckless_Driving,4way,0,70,4G,-80,44,-21,0.0071813305602224,40.32220181043538,21.790047369530043,Unintentional
User_33,2025-01-31 00:35:58,0.554,0.2653,Driving,Zep,Driving_Under_Influence,4way,0,80,3G,-81,51,-16,0.031,40.28010734776378,21.752790919404603,Unintentional
User_44,2025-01-31 01:11:15,0.546,0.3365,Walking,Ligeris,Speeding,1way,0,80,WiFi,-79,10,25,0.0026540143986891,40.30446523023244,21.80788421209201,Unintentional
User_53,2025-01-31 03:07:15,0.703,0.2543,Running,Ligeris,Speeding,1way,0,50,5G,-94,30,12,0.039,40.30460930224091,21.80813545260432,Unintentional
User_52,2025-01-31 04:35:13,0.706,0.4604,Running,Ligeris,Speeding,2way,2,120,4G,-101,54,1,0.046,40.30574967862967,21.80859694046991,Unintentional
User_30,2025-01-31 06:31:18,0.478,0.2631,Walking,Zep,Reckless_Driving,2way,2,30,WiFi,-57,58,-23,0.0086384112036491,40.27924002818867,21.751482945065614,Unintentional
User_06,2025-01-31 07:32:54,0.573,0.2887,Running,Koila,Driving_Under_Influence,2way,1,20,5G,-120,7,17,0.001074287355667,40.32155274904268,21.791725808458448,Unintentional
User_70,2025-01-31 11:10:34,0.314,0.2321,Driving,Koila,Driving_Under_Influence,2way,4,40,3G,-85,55,25,0.0094418211192639,40.32099840208034,21.790038800754512,Unintentional
User_40,2025-01-31 13:04:06,0.357,0.1481,Driving,Ligeris,Speeding,2way,0,20,4G,-101,36,18,0.0066120765846812,40.30758714409814,21.806011111698524,Unintentional
User_25,2025-02-01 00:17:33,0.352,0.1273,Running,Koila,Driving_Under_Influence,2way,1,30,4G,-82,55,-16,0.028,40.322914146941585,21.790580209531175,Unintentional
User_39,2025-02-01 09:38:08,0.297,0.3904,Walking,Ligeris,Driving_Under_Influence,1way,0,10,4G,-105,97,14,0.049,40.30688802354763,21.809146115641997,Unintentional
User_08,2025-02-01 13:04:23,0.33,0.3739,Driving,Koila,Driving_Under_Influence,2way,1,60,3G,-84,19,23,0.0043008557631845,40.32224853419242,21.79126494096538,Unintentional
User_98,2025-02-01 15:41:41,0.734,0.21,Running,Zep,Reckless_Driving,1way,1,20,4G,-92,27,9,0.044,40.27883038768036,21.752835428622895,Unintentional
User_11,2025-02-02 05:01:33,0.263,0.4178,Driving,Koila,Speeding,2way,0,80,WiFi,-66,12,-10,0.029,40.3233829808665,21.79118843026912,Unintentional
User_79,2025-02-02 07:09:54,0.326,0.1529,Walking,Ligeris,Reckless_Driving,2way,1,40,WiFi,-69,0,-25,0.0090949765029506,40.30592933530519,21.807337227972493,Unintentional
User_61,2025-02-02 20:53:45,0.304,0.2116,Running,Ligeris,Reckless_Driving,2way,0,80,4G,-111,11,-24,0.0061663589309833,40.30650509636271,21.807340901295476,Unintentional
User_43,2025-02-03 02:17:15,0.407,0.3444,Walking,Zep,Speeding,4way,1,40,5G,-75,96,-10,0.04,40.27956216379268,21.754692366866852,Unintentional
User_38,2025-02-03 03:43:53,0.497,0.3376,Driving,Ligeris,Reckless_Driving,2way,1,40,WiFi,-77,35,4,0.045,40.30730785293023,21.808851451091623,Unintentional
User_34,2025-02-03 04:08:35,0.466,0.1862,Walking,Ligeris,Speeding,2way,0,90,3G,-92,93,15,0.046,40.30504730243908,21.807731194031263,Unintentional
User_70,2025-02-03 04:27:01,0.314,0.2371,Walking,Koila,Reckless_Driving,2way,0,70,3G,-81,5,2,0.029,40.32329804538957,21.79092412800742,Unintentional
User_80,2025-02-03 09:54:38,0.447,0.3946,Driving,Koila,Driving_Under_Influence,4way,1,20,3G,-93,32,-2,0.049,40.32165222083596,21.79302535012881,Unintentional
User_40,2025-02-03 10:45:25,0.357,0.1551,Running,Ligeris,Speeding,1way,1,60,WiFi,-53,12,-17,0.0011333999086241,40.306489281765245,21.807042954956568,Unintentional
User_31,2025-02-03 15:39:15,0.293,0.4667,Running,Ligeris,Reckless_Driving,4way,0,40,4G,-94,22,25,0.0048431133736955,40.306492791237005,21.80755958091261,Unintentional
User_24,2025-02-03 19:43:38,0.354,0.4068,Running,Zep,Reckless_Driving,4way,0,80,5G,-102,32,21,0.002890608304197,40.279956404483485,21.753752941095875,Unintentional
User_84,2025-02-03 23:30:27,0.488,0.2584,Walking,Zep,Driving_Under_Influence,1way,1,40,5G,-75,6,3,0.03,40.27993613577393,21.75297744170088,Unintentional
User_20,2025-02-04 00:39:31,0.625,0.4643,Running,Koila,Speeding,4way,0,40,4G,-92,18,17,0.0082603589975769,40.32306965466919,21.79029831307471,Unintentional
User_08,2025-02-04 04:35:01,0.33,0.3789,Walking,Ligeris,Driving_Under_Influence,4way,0,60,3G,-77,54,-12,0.041,40.30584555660332,21.806826326441165,Unintentional
User_66,2025-02-05 01:04:42,0.551,0.2069,Walking,Zep,Driving_Under_Influence,2way,2,10,4G,-106,38,-9,0.037,40.28014730576724,21.752380201050247,Unintentional
User_51,2025-02-05 01:32:36,0.574,0.2053,Walking,Koila,Driving_Under_Influence,2way,0,80,3G,-80,28,-20,0.0045538564440263,40.32104060476092,21.789695994896892,Unintentional
User_61,2025-02-05 04:54:43,0.304,0.2166,Walking,Ligeris,Speeding,2way,1,30,5G,-104,30,6,0.043,40.30503620000496,21.806084704687084,Unintentional
User_100,2025-02-05 05:30:20,0.718,0.41,Running,Zep,Reckless_Driving,4way,1,20,4G,-89,67,3,0.04,40.27946478159599,21.753637858225968,Unintentional
User_18,2025-02-05 06:57:19,0.669,0.2294,Driving,Zep,Speeding,2way,0,40,5G,-89,99,-19,0.0060319195729528,40.27918053633942,21.754155043518683,Unintentional
User_22,2025-02-05 14:30:30,0.656,0.1726,Running,Ligeris,Speeding,1way,0,20,WiFi,-59,8,-25,0.0010754188609889,40.306362489159355,21.807059522230556,Unintentional
User_73,2025-02-05 18:57:40,0.343,0.4423,Running,Koila,Reckless_Driving,4way,0,40,4G,-84,14,21,0.0067338411220115,40.321548614587634,21.792259379768375,Unintentional
User_77,2025-02-05 19:32:28,0.369,0.1573,Driving,Koila,Driving_Under_Influence,2way,0,50,3G,-92,7,8,0.044,40.32194176680195,21.789623582209895,Unintentional
User_45,2025-02-06 01:03:15,0.693,0.2684,Walking,Ligeris,Reckless_Driving,2way,2,50,3G,-108,31,24,0.0015732347893832,40.306173215189894,21.807324821160268,Unintentional
User_48,2025-02-06 02:17:15,0.636,0.2659,Walking,Ligeris,Reckless_Driving,1way,1,60,WiFi,-76,65,-22,0.0046422050161052,40.30617388363441,21.80733738571158,Unintentional
User_43,2025-02-06 04:44:40,0.407,0.3504,Walking,Koila,Speeding,2way,0,20,4G,-116,83,2,0.022,40.321100182716144,21.79226436025172,Unintentional
User_08,2025-02-06 09:37:27,0.33,0.3829,Running,Koila,Speeding,1way,0,40,4G,-80,60,-18,0.0032987267660262,40.32188253894348,21.79038722379396,Unintentional
User_81,2025-02-06 09:45:52,0.307,0.1653,Walking,Koila,Speeding,1way,0,80,WiFi,-54,6,-20,0.0030582453725973,40.32044914911279,21.791939434063895,Unintentional
User_16,2025-02-06 09:53:19,0.455,0.3438,Driving,Ligeris,Driving_Under_Influence,1way,0,30,4G,-80,29,21,0.0085583971368396,40.30731514373942,21.806650529087776,Unintentional
User_27,2025-02-06 11:06:41,0.33,0.277,Driving,Koila,Driving_Under_Influence,2way,3,60,5G,-104,99,-20,0.0075715280150734,40.32251412583643,21.790981668983324,Unintentional
User_42,2025-02-06 12:07:55,0.544,0.4403,Walking,Zep,Speeding,1way,1,50,5G,-99,94,-6,0.028,40.27868436416905,21.754314871735943,Unintentional
User_87,2025-02-06 13:25:25,0.64,0.3785,Driving,Ligeris,Driving_Under_Influence,2way,1,80,3G,-115,14,-1,0.04,40.30745592520128,21.80771082967271,Unintentional
User_31,2025-02-06 14:32:46,0.293,0.4727,Driving,Ligeris,Reckless_Driving,2way,3,50,4G,-95,98,-16,0.043,40.30506018612495,21.807872993384333,Unintentional
User_48,2025-02-06 16:40:19,0.636,0.2669,Driving,Ligeris,Speeding,1way,0,20,3G,-106,70,-15,0.027,40.3060549097255,21.806582470507703,Unintentional
User_82,2025-02-06 16:58:08,0.291,0.108,Driving,Ligeris,Driving_Under_Influence,1way,0,30,4G,-78,33,-20,0.0089780962355316,40.30650381893008,21.807275484746075,Unintentional
User_15,2025-02-06 18:27:02,0.369,0.1138,Driving,Koila,Speeding,1way,2,50,5G,-101,70,-22,0.0078441161356185,40.3232850537601,21.789571470671877,Unintentional
User_12,2025-02-06 20:05:21,0.74,0.3561,Driving,Zep,Reckless_Driving,2way,1,90,3G,-96,13,-24,0.006255517518414,40.280770890437054,21.7546383571792,Unintentional
User_50,2025-02-06 21:43:08,0.395,0.2984,Running,Zep,Driving_Under_Influence,2way,1,90,5G,-91,72,22,0.003296367023433,40.28041046373923,21.75189689428034,Unintentional
User_66,2025-02-07 07:04:32,0.551,0.2109,Driving,Koila,Speeding,1way,0,80,WiFi,-66,68,23,0.0019856980828794,40.32199287980054,21.791119623696588,Unintentional
User_31,2025-02-07 13:37:57,0.293,0.4747,Walking,Koila,Driving_Under_Influence,2way,1,30,5G,-120,43,-6,0.036,40.3220140548879,21.79148860288191,Unintentional
User_85,2025-02-07 13:54:27,0.653,0.2763,Driving,Ligeris,Driving_Under_Influence,2way,0,60,5G,-79,93,-20,0.0020910481611672,40.305238316505374,21.80659371991918,Unintentional
User_91,2025-02-07 14:08:24,0.716,0.2863,Driving,Ligeris,Reckless_Driving,1way,2,80,5G,-90,55,1,0.045,40.30736838745452,21.807439576879744,Unintentional
User_40,2025-02-07 14:18:16,0.357,0.1631,Running,Koila,Driving_Under_Influence,2way,1,40,4G,-85,68,-3,0.022,40.32199695327661,21.79141593639546,Unintentional
User_66,2025-02-07 17:11:31,0.551,0.2119,Walking,Ligeris,Driving_Under_Influence,2way,2,70,3G,-94,2,13,0.025,40.306014625653034,21.806585196629054,Unintentional
User_93,2025-02-07 17:15:57,0.333,0.4623,Running,Ligeris,Speeding,4way,1,40,4G,-92,38,13,0.029,40.30743283527062,21.808566902905714,Unintentional
User_62,2025-02-07 18:35:25,0.471,0.184,Walking,Koila,Reckless_Driving,2way,0,50,5G,-80,80,18,0.0048013155455298,40.32206142164945,21.79134282972934,Unintentional
User_17,2025-02-07 20:06:28,0.439,0.4486,Walking,Zep,Speeding,2way,1,20,5G,-112,9,-16,0.022,40.28085230547089,21.75372783301127,Unintentional
User_96,2025-02-08 04:46:47,0.308,0.2378,Driving,Koila,Speeding,2way,1,50,4G,-104,54,21,0.0093046927331463,40.32139761840798,21.79079097373605,Unintentional
User_16,2025-02-08 12:48:13,0.455,0.3468,Walking,Ligeris,Driving_Under_Influence,2way,0,50,WiFi,-84,94,-23,0.0081648680693522,40.30673979650454,21.80752411885685,Unintentional
User_38,2025-02-08 15:01:03,0.497,0.3486,Running,Ligeris,Driving_Under_Influence,2way,1,20,WiFi,-66,91,-5,0.021,40.30545353875484,21.805731893138507,Unintentional
User_10,2025-02-09 03:55:41,0.35,0.3705,Running,Ligeris,Reckless_Driving,1way,4,10,3G,-120,76,-6,0.041,40.30563257500137,21.808402754070965,Unintentional
User_45,2025-02-09 05:18:49,0.693,0.2744,Walking,Ligeris,Reckless_Driving,1way,0,70,4G,-112,54,-18,0.0092472620207788,40.30662044862574,21.807885917294207,Unintentional
User_88,2025-02-09 08:32:48,0.421,0.4192,Driving,Koila,Reckless_Driving,4way,0,30,4G,-93,51,13,0.049,40.32309926109564,21.792206315624146,Unintentional
User_74,2025-02-09 08:34:26,0.564,0.249,Driving,Koila,Reckless_Driving,2way,0,10,WiFi,-69,57,-12,0.027,40.32163573761971,21.79293883809997,Unintentional
User_51,2025-02-09 12:10:56,0.574,0.2143,Driving,Koila,Driving_Under_Influence,1way,0,70,5G,-114,78,-13,0.036,40.32202585848034,21.790996011021885,Unintentional
User_23,2025-02-09 14:12:15,0.532,0.1487,Driving,Zep,Reckless_Driving,1way,1,20,5G,-115,7,21,0.0042384881130112,40.27884903778653,21.753178186394837,Unintentional
User_92,2025-02-09 15:15:36,0.622,0.0884,Walking,Ligeris,Driving_Under_Influence,2way,1,40,3G,-83,75,17,0.0011453806012159,40.3067176927776,21.808074805600864,Unintentional
User_30,2025-02-09 23:28:01,0.478,0.2821,Walking,Koila,Reckless_Driving,2way,1,30,5G,-74,9,-19,0.0052731605695857,40.32144069135843,21.79064052806829,Unintentional
User_24,2025-02-10 05:30:04,0.354,0.4198,Walking,Ligeris,Driving_Under_Influence,4way,4,30,WiFi,-73,83,17,0.0057985466131732,40.30742945573443,21.807126009423538,Unintentional
User_20,2025-02-10 11:13:55,0.625,0.4773,Walking,Koila,Speeding,2way,1,30,4G,-71,21,-21,0.0042574293819744,40.32109636416961,21.791194619645857,Unintentional
User_02,2025-02-10 15:28:37,0.477,0.2774,Walking,Koila,Reckless_Driving,2way,0,40,4G,-71,75,13,0.021,40.3234571732724,21.791679774322255,Unintentional
User_89,2025-02-10 15:44:49,0.606,0.4732,Driving,Koila,Reckless_Driving,4way,0,30,WiFi,-65,37,19,0.0048655591721186,40.32285316255499,21.79043114023462,Unintentional
User_82,2025-02-10 19:16:00,0.291,0.116,Running,Koila,Reckless_Driving,2way,0,30,4G,-73,44,-17,0.0096797346581878,40.32246518082026,21.7934711906707,Unintentional
User_26,2025-02-11 04:57:15,0.495,0.3303,Running,Zep,Reckless_Driving,1way,1,20,WiFi,-88,87,-25,0.0058915553960795,40.27895284039543,21.75451076315784,Unintentional
User_39,2025-02-11 09:32:08,0.297,0.4114,Running,Ligeris,Reckless_Driving,1way,0,30,4G,-84,38,-16,0.042,40.30623084745022,21.80745602195485,Unintentional
User_97,2025-02-11 15:03:19,0.737,0.2966,Walking,Koila,Driving_Under_Influence,2way,0,50,3G,-87,67,-9,0.038,40.32136273200955,21.790583109764977,Unintentional
User_41,2025-02-11 15:33:34,0.642,0.4275,Running,Zep,Driving_Under_Influence,2way,1,70,WiFi,-60,36,18,0.0046086887235762,40.27975987594475,21.753371770965067,Unintentional
User_86,2025-02-12 11:01:07,0.343,0.2988,Running,Zep,Reckless_Driving,1way,1,30,3G,-101,3,20,0.0040013691600588,40.279552266762344,21.75326010284713,Unintentional
User_03,2025-02-12 23:07:56,0.47,0.3872,Running,Ligeris,Speeding,2way,0,60,5G,-77,77,-3,0.034,40.30553789924133,21.80686024691802,Unintentional
User_45,2025-02-12 23:23:42,0.693,0.2814,Running,Koila,Driving_Under_Influence,4way,2,70,3G,-74,3,-22,0.0094635117128925,40.321819619133414,21.789295765791465,Unintentional
User_04,2025-02-13 02:51:17,0.619,0.4125,Driving,Zep,Driving_Under_Influence,4way,1,70,3G,-111,57,-24,0.0028408327407308,40.27955577235856,21.75319808647043,Unintentional
User_52,2025-02-13 06:41:37,0.706,0.4854,Running,Koila,Speeding,1way,1,80,4G,-73,5,-1,0.031,40.32208038412296,21.791253648344743,Unintentional
User_35,2025-02-13 09:01:29,0.301,0.1435,Walking,Koila,Reckless_Driving,4way,0,40,5G,-100,92,-23,0.0060098263266446,40.32127549231976,21.79315566628112,Unintentional
User_24,2025-02-13 17:23:28,0.354,0.4268,Running,Koila,Reckless_Driving,4way,1,70,5G,-92,42,17,0.0010844939128937,40.32212541091902,21.791374514439816,Unintentional
User_36,2025-02-13 21:55:36,0.58,0.348,Running,Ligeris,Reckless_Driving,4way,1,40,3G,-109,46,-7,0.049,40.3065467453196,21.807942421841805,Unintentional
User_26,2025-02-13 22:39:57,0.495,0.3353,Running,Zep,Driving_Under_Influence,1way,2,60,4G,-90,42,23,0.0035805091203328,40.279054785997374,21.753218487216422,Unintentional
User_53,2025-02-14 04:43:38,0.703,0.2823,Running,Koila,Driving_Under_Influence,1way,0,30,5G,-97,95,5,0.046,40.32158493275039,21.78978219898735,Unintentional
User_54,2025-02-14 09:33:59,0.482,0.4659,Running,Ligeris,Driving_Under_Influence,2way,2,60,3G,-82,81,22,0.0060227930397884,40.305841006828025,21.808750232550057,Unintentional
User_77,2025-02-14 15:51:28,0.369,0.1753,Driving,Ligeris,Reckless_Driving,1way,0,40,3G,-72,82,11,0.049,40.30711040018686,21.806504925008607,Unintentional
User_56,2025-02-14 16:36:48,0.449,0.4276,Running,Zep,Speeding,4way,0,80,3G,-107,74,-10,0.033,40.27795831962547,21.75296405146386,Unintentional
User_91,2025-02-14 22:45:09,0.716,0.3003,Walking,Koila,Reckless_Driving,1way,1,30,WiFi,-78,99,17,0.0031081565408551,40.3224993008167,21.793191842998567,Unintentional
User_94,2025-02-15 04:15:34,0.459,0.095,Running,Zep,Reckless_Driving,1way,2,30,3G,-112,26,10,0.042,40.279670754544746,21.75350089662386,Unintentional
User_68,2025-02-15 05:41:19,0.402,0.3207,Walking,Ligeris,Speeding,2way,1,30,WiFi,-86,83,19,0.0044904844036562,40.30572820767611,21.80638992096041,Unintentional
User_72,2025-02-15 16:34:58,0.359,0.4088,Driving,Koila,Driving_Under_Influence,1way,0,60,5G,-99,76,-17,0.0061994075505339,40.32206467065964,21.791227100611003,Unintentional
User_81,2025-02-15 20:16:24,0.307,0.1833,Running,Zep,Driving_Under_Influence,1way,5,90,3G,-76,87,-6,0.048,40.2795512629504,21.751707830472284,Unintentional
User_70,2025-02-15 22:11:11,0.314,0.2621,Walking,Zep,Reckless_Driving,2way,0,40,4G,-85,90,-11,0.036,40.27925210772124,21.75375541257562,Unintentional
User_69,2025-02-16 04:06:43,0.667,0.1981,Running,Koila,Reckless_Driving,1way,0,30,4G,-74,10,14,0.029,40.32235566642533,21.789710878820575,Unintentional
User_90,2025-02-16 07:06:58,0.395,0.2038,Driving,Zep,Speeding,4way,0,40,WiFi,-88,83,23,0.0075966400362645,40.2785413375826,21.751330031211356,Unintentional
User_07,2025-02-16 08:55:29,0.47,0.3244,Driving,Ligeris,Reckless_Driving,1way,0,10,WiFi,-80,99,-1,0.028,40.306377812821424,21.806356049848475,Unintentional
User_03,2025-02-16 12:14:14,0.47,0.3952,Running,Zep,Speeding,2way,0,70,4G,-80,64,-24,0.0053124421974362,40.2797866473263,21.753923077981565,Unintentional
User_36,2025-02-16 14:27:51,0.58,0.354,Running,Zep,Reckless_Driving,2way,1,20,5G,-105,35,-23,0.0049466701435409,40.27942350927387,21.75115280107307,Unintentional
User_43,2025-02-16 15:06:53,0.407,0.3704,Running,Zep,Driving_Under_Influence,2way,1,20,3G,-107,14,-10,0.034,40.27999997715733,21.754530241302003,Unintentional
User_27,2025-02-16 17:18:53,0.33,0.297,Running,Koila,Reckless_Driving,4way,1,20,WiFi,-54,33,21,0.0099038751916167,40.322498972787194,21.789507067822267,Unintentional
User_91,2025-02-17 09:50:57,0.716,0.3063,Driving,Zep,Reckless_Driving,1way,0,80,WiFi,-66,75,-23,0.0061277144153702,40.278793256971,21.75232344953282,Unintentional
User_68,2025-02-17 10:36:57,0.402,0.3247,Running,Ligeris,Reckless_Driving,1way,1,20,WiFi,-75,9,-3,0.029,40.304637831596175,21.807052555758847,Unintentional
User_25,2025-02-17 15:21:55,0.352,0.1603,Driving,Ligeris,Reckless_Driving,2way,1,50,3G,-84,72,22,0.0079928366481177,40.30620095982543,21.80749750001847,Unintentional
User_37,2025-02-17 20:01:03,0.696,0.1107,Walking,Ligeris,Speeding,4way,0,80,4G,-70,72,23,0.0081820815570375,40.30654595609385,21.808320205219232,Unintentional
User_85,2025-02-18 05:40:24,0.653,0.2973,Walking,Koila,Reckless_Driving,1way,1,40,WiFi,-54,92,-6,0.036,40.32257998483006,21.79135051474927,Unintentional
User_30,2025-02-18 05:42:35,0.478,0.3001,Running,Zep,Reckless_Driving,2way,0,50,WiFi,-70,10,9,0.028,40.279605104848834,21.75300022701593,Unintentional
User_97,2025-02-18 07:10:59,0.737,0.3096,Walking,Zep,Reckless_Driving,1way,0,80,WiFi,-62,2,15,0.047,40.279589914712155,21.75511918979043,Unintentional
User_14,2025-02-18 13:53:43,0.533,0.1776,Running,Ligeris,Driving_Under_Influence,4way,2,30,4G,-117,61,-20,0.0047975313254028,40.30677268292565,21.808381606406336,Unintentional
User_77,2025-02-18 16:40:58,0.369,0.1833,Walking,Zep,Speeding,2way,4,20,4G,-115,0,-1,0.038,40.27942886822511,21.75340143127958,Unintentional
User_27,2025-02-18 18:44:53,0.33,0.301,Driving,Ligeris,Speeding,1way,2,30,3G,-78,38,19,0.0088221282722345,40.307104735211695,21.806043005498605,Unintentional
User_26,2025-02-19 02:10:33,0.495,0.3463,Walking,Koila,Driving_Under_Influence,2way,1,50,4G,-77,61,-16,0.048,40.32241498687362,21.790798902521768,Unintentional
User_83,2025-02-19 05:45:32,0.498,0.1817,Driving,Koila,Reckless_Driving,1way,2,70,5G,-103,66,17,0.0032769344012267,40.321678247217626,21.789675782990976,Unintentional
User_20,2025-02-19 07:36:13,0.625,0.4943,Running,Koila,Driving_Under_Influence,1way,0,20,3G,-77,2,-23,0.0016249072891907,40.3226429026272,21.790781471114993,Unintentional
User_60,2025-02-19 07:58:39,0.669,0.1597,Running,Koila,Driving_Under_Influence,2way,0,20,5G,-116,14,24,0.0080819187523849,40.32191248691237,21.791773852038112,Unintentional
User_90,2025-02-19 11:11:25,0.395,0.2108,Running,Ligeris,Reckless_Driving,4way,0,10,4G,-111,21,-15,0.041,40.30503706733001,21.805797564570927,Unintentional
User_13,2025-02-19 14:00:07,0.738,0.3723,Running,Ligeris,Speeding,2way,0,70,3G,-70,77,-24,0.0014608307310163,40.30622368013616,21.807495767110055,Unintentional
User_95,2025-02-19 19:07:43,0.36,0.3749,Walking,Ligeris,Driving_Under_Influence,2way,0,60,WiFi,-52,46,13,0.036,40.305350809524825,21.80568507242547,Unintentional
User_58,2025-02-19 23:02:52,0.744,0.2922,Driving,Zep,Reckless_Driving,4way,0,40,5G,-100,97,22,0.0060330790120239,40.27936727569241,21.75338118931584,Unintentional
User_25,2025-02-20 07:06:39,0.352,0.1653,Walking,Zep,Reckless_Driving,2way,1,70,3G,-114,49,23,0.0085146624627426,40.27928898562309,21.752460342755622,Unintentional
User_03,2025-02-20 08:14:16,0.47,0.4032,Walking,Zep,Speeding,1way,2,30,4G,-100,80,1,0.022,40.279909611853135,21.75334493039745,Unintentional
User_47,2025-02-20 09:26:10,0.345,0.227,Driving,Zep,Reckless_Driving,2way,0,40,WiFi,-50,52,-14,0.045,40.280520278326506,21.75232927148223,Unintentional
User_09,2025-02-21 04:15:47,0.444,0.2057,Walking,Koila,Driving_Under_Influence,2way,0,20,5G,-117,31,-14,0.035,40.32107645215176,21.79197529630344,Unintentional
User_97,2025-02-21 22:12:51,0.737,0.3166,Walking,Koila,Driving_Under_Influence,2way,0,40,3G,-115,30,18,0.0027541166699446,40.32282183928826,21.790915026167244,Unintentional
User_29,2025-02-22 04:01:04,0.603,0.4563,Walking,Ligeris,Reckless_Driving,4way,1,80,4G,-79,74,-13,0.042,40.306834723738575,21.80719980492189,Unintentional
User_33,2025-02-22 04:15:32,0.554,0.3093,Driving,Ligeris,Driving_Under_Influence,4way,0,40,3G,-114,10,0,0.032,40.307216660915614,21.80791432088627,Unintentional
User_66,2025-02-22 05:11:12,0.551,0.2409,Walking,Ligeris,Reckless_Driving,2way,1,50,4G,-117,32,-3,0.03,40.3069846699806,21.807015583370312,Unintentional
User_97,2025-02-22 05:44:44,0.737,0.3176,Walking,Koila,Speeding,2way,0,50,5G,-103,57,19,0.0077180959061997,40.32307015106302,21.790633220408935,Unintentional
User_04,2025-02-22 08:25:16,0.619,0.4315,Driving,Ligeris,Driving_Under_Influence,4way,0,50,WiFi,-82,53,17,0.0080742776270562,40.30626126117294,21.80757455348867,Unintentional
User_21,2025-02-22 08:43:17,0.256,0.3166,Walking,Koila,Speeding,4way,1,40,WiFi,-53,60,-23,0.0046630715799913,40.32284048694064,21.791447897758356,Unintentional
User_71,2025-02-22 13:35:41,0.259,0.3662,Driving,Ligeris,Speeding,4way,0,70,5G,-86,62,16,0.032,40.30510023467101,21.80820505757605,Unintentional
User_09,2025-02-22 15:17:39,0.444,0.2067,Driving,Ligeris,Reckless_Driving,2way,1,50,4G,-108,98,19,0.0061841785277049,40.306198938767594,21.80726057296975,Unintentional
User_16,2025-02-22 18:51:14,0.455,0.3758,Driving,Ligeris,Speeding,2way,2,60,3G,-97,66,-13,0.038,40.30627204007681,21.809258388774627,Unintentional
User_14,2025-02-22 23:44:34,0.533,0.1866,Walking,Ligeris,Speeding,1way,0,30,3G,-114,78,11,0.045,40.30532662100863,21.80736566652253,Unintentional
User_91,2025-02-22 23:59:55,0.716,0.3163,Walking,Koila,Speeding,4way,0,10,4G,-92,41,-11,0.042,40.32180848130822,21.790027129891833,Unintentional
User_40,2025-02-23 01:10:48,0.357,0.1941,Driving,Ligeris,Speeding,4way,1,60,4G,-112,66,19,0.0043832920272038,40.306068967537065,21.805564377354667,Unintentional
User_36,2025-02-23 01:18:15,0.58,0.367,Driving,Koila,Driving_Under_Influence,2way,2,50,4G,-98,61,24,0.0037172703879624,40.32255563987242,21.791225761989487,Unintentional
User_50,2025-02-23 04:08:58,0.395,0.3314,Walking,Zep,Driving_Under_Influence,2way,1,80,3G,-101,66,-21,0.0083635670717249,40.27871172996674,21.753872447198372,Unintentional
User_55,2025-02-23 16:10:04,0.3,0.4814,Walking,Koila,Reckless_Driving,2way,0,40,3G,-114,51,-3,0.023,40.321951222998486,21.79114699670882,Unintentional
User_41,2025-02-24 03:06:45,0.642,0.4535,Walking,Koila,Speeding,2way,0,20,5G,-97,49,-2,0.037,40.32159920822989,21.79245476098627,Unintentional
User_63,2025-02-24 05:57:08,0.549,0.4773,Running,Koila,Speeding,2way,0,80,5G,-77,24,23,0.0026759357754097,40.322095842306055,21.791283177827825,Unintentional
User_78,2025-02-24 07:05:18,0.615,0.318,Running,Ligeris,Reckless_Driving,1way,1,80,5G,-81,49,-19,0.0075834913101884,40.30596807786799,21.807064978579835,Unintentional
User_10,2025-02-24 07:11:24,0.35,0.3995,Driving,Zep,Reckless_Driving,4way,3,50,3G,-88,61,-25,0.0054517371821949,40.2795321903632,21.754467858344672,Unintentional
User_20,2025-02-24 07:47:04,0.625,0.5043,Running,Ligeris,Speeding,2way,2,20,3G,-71,64,17,0.0048089350250053,40.30623185480687,21.80749291043625,Unintentional
User_80,2025-02-24 10:04:25,0.447,0.4366,Driving,Zep,Driving_Under_Influence,2way,2,30,WiFi,-83,67,-14,0.042,40.27854586143973,21.75315537578444,Unintentional
User_48,2025-02-25 01:30:40,0.636,0.3039,Walking,Ligeris,Speeding,2way,0,90,3G,-101,53,18,0.006082727866174,40.305492402865234,21.808708003438404,Unintentional
User_54,2025-02-25 10:44:45,0.482,0.4869,Driving,Ligeris,Driving_Under_Influence,2way,2,40,4G,-110,95,9,0.034,40.30596676555099,21.809668975369913,Unintentional
User_87,2025-02-26 05:19:56,0.64,0.4185,Walking,Ligeris,Speeding,4way,0,50,5G,-92,58,-19,0.0032536886072221,40.30718569793279,21.80670403572144,Unintentional
User_88,2025-02-26 12:36:05,0.421,0.4542,Walking,Zep,Reckless_Driving,2way,1,40,5G,-96,24,-11,0.037,40.280819473475006,21.754011511284833,Unintentional
User_98,2025-02-26 14:27:20,0.734,0.26,Driving,Ligeris,Reckless_Driving,2way,0,20,WiFi,-52,49,24,0.0096920647409726,40.30533786395811,21.809321930838937,Unintentional
User_04,2025-02-26 16:48:17,0.619,0.4385,Driving,Zep,Speeding,1way,1,70,WiFi,-70,38,12,0.041,40.28021054253957,21.75374264229947,Unintentional
User_65,2025-02-26 18:05:21,0.654,0.3702,Walking,Koila,Speeding,4way,2,10,WiFi,-65,58,-21,0.0090957504438809,40.32210838432511,21.791123909979177,Unintentional
User_22,2025-02-26 19:54:26,0.656,0.2146,Driving,Koila,Reckless_Driving,1way,1,50,3G,-105,39,19,0.009886892042454,40.32211301295872,21.79149258928242,Unintentional
User_03,2025-02-26 22:09:08,0.47,0.4152,Running,Zep,Speeding,1way,0,40,3G,-71,54,24,0.0097312581342968,40.27986867330097,21.75371061361422,Unintentional
User_60,2025-02-26 22:33:44,0.669,0.1737,Walking,Ligeris,Driving_Under_Influence,2way,0,40,5G,-75,39,12,0.028,40.30623512671835,21.808078472330426,Unintentional
User_51,2025-02-26 23:56:06,0.574,0.2483,Driving,Ligeris,Reckless_Driving,4way,1,60,WiFi,-65,93,-3,0.04,40.30559122606504,21.806462632119917,Unintentional
User_27,2025-02-27 04:41:49,0.33,0.319,Walking,Zep,Driving_Under_Influence,2way,0,50,4G,-76,77,-1,0.043,40.278722530032766,21.754542774629513,Unintentional
User_39,2025-02-27 07:57:35,0.297,0.4434,Running,Ligeris,Driving_Under_Influence,1way,0,30,3G,-82,76,-23,0.0044833772549252,40.305758405436066,21.806632886065117,Unintentional
User_02,2025-02-27 08:26:58,0.477,0.3104,Walking,Ligeris,Speeding,2way,2,40,3G,-70,27,-5,0.022,40.30561983040948,21.80610641225468,Unintentional
User_94,2025-02-28 04:06:41,0.459,0.121,Walking,Koila,Speeding,1way,0,30,WiFi,-89,93,1,0.035,40.32242511447129,21.793156754457065,Unintentional
User_16,2025-02-28 10:22:58,0.455,0.3878,Running,Zep,Driving_Under_Influence,4way,1,40,5G,-77,19,21,0.0084299486915868,40.27941719956594,21.753969965054807,Unintentional
User_60,2025-02-28 11:24:27,0.669,0.1767,Driving,Zep,Speeding,4way,1,40,4G,-83,22,-9,0.023,40.278857570905366,21.753627212816777,Unintentional
User_22,2025-02-28 16:23:23,0.656,0.2176,Running,Koila,Reckless_Driving,2way,1,20,3G,-70,43,-15,0.048,40.3223182625543,21.79203850448136,Unintentional
User_46,2025-02-28 17:47:44,0.537,0.3479,Driving,Ligeris,Driving_Under_Influence,1way,2,90,5G,-113,48,-22,0.0079708531701394,40.3063366701193,21.807831170738535,Unintentional
User_22,2025-02-28 22:20:36,0.656,0.2186,Walking,Ligeris,Driving_Under_Influence,2way,1,20,5G,-81,74,14,0.036,40.306575571304535,21.80721774403177,Unintentional
User_36,2025-03-01 00:06:01,0.58,0.379,Walking,Koila,Speeding,4way,1,60,WiFi,-68,9,-15,0.049,40.3213064811005,21.789292210703906,Unintentional
User_29,2025-03-01 00:07:13,0.603,0.4703,Driving,Zep,Speeding,2way,0,20,WiFi,-52,10,-13,0.05,40.27978579396985,21.754942363704675,Unintentional
User_31,2025-03-01 05:51:28,0.293,0.5187,Walking,Zep,Reckless_Driving,4way,4,80,4G,-95,55,0,0.043,40.27878872699806,21.75453824631886,Unintentional
User_06,2025-03-01 07:33:41,0.573,0.3467,Walking,Zep,Reckless_Driving,1way,3,70,3G,-85,8,19,0.0091259170892745,40.27950762822997,21.75328872246408,Unintentional
User_17,2025-03-01 07:50:38,0.439,0.4926,Driving,Zep,Speeding,2way,1,70,3G,-80,10,-23,0.0054368900744855,40.2805249794832,21.752647302168924,Unintentional
User_30,2025-03-01 09:08:21,0.478,0.3211,Walking,Zep,Reckless_Driving,1way,0,70,4G,-97,61,23,0.0023612140848335,40.28105347840915,21.754241083765773,Unintentional
User_64,2025-03-01 14:06:51,0.287,0.1277,Running,Koila,Reckless_Driving,4way,0,30,5G,-100,24,6,0.043,40.321877602683905,21.789161752456064,Unintentional
User_19,2025-03-01 19:01:33,0.361,0.4538,Walking,Ligeris,Speeding,2way,4,60,5G,-86,10,3,0.05,40.305015966075146,21.808143380472632,Unintentional
User_85,2025-03-01 23:29:02,0.653,0.3203,Running,Koila,Reckless_Driving,1way,1,50,4G,-73,73,19,0.0079836621767191,40.32184235910206,21.78936534526822,Unintentional
User_17,2025-03-02 02:01:48,0.439,0.4946,Driving,Ligeris,Driving_Under_Influence,4way,1,20,4G,-73,3,-3,0.029,40.30644867978901,21.808061034966027,Unintentional
User_52,2025-03-02 03:41:23,0.706,0.5194,Walking,Koila,Speeding,2way,1,60,WiFi,-60,26,8,0.024,40.32275356070381,21.79143715173289,Unintentional
User_34,2025-03-02 11:10:03,0.466,0.2412,Driving,Ligeris,Driving_Under_Influence,2way,0,30,WiFi,-56,21,-17,0.0046322958728554,40.30638864530718,21.80807880545491,Unintentional
User_74,2025-03-02 12:03:55,0.564,0.29,Walking,Zep,Speeding,2way,1,50,4G,-101,19,13,0.039,40.2784371849732,21.753795458176807,Unintentional
User_24,2025-03-02 14:46:37,0.354,0.4608,Walking,Koila,Speeding,4way,1,80,4G,-88,87,17,0.0053372791735032,40.3225251626493,21.791602359702008,Unintentional
User_66,2025-03-02 21:48:05,0.551,0.2569,Running,Zep,Reckless_Driving,1way,3,40,5G,-71,97,12,0.021,40.280307749252245,21.755267811933884,Unintentional
User_80,2025-03-02 22:55:48,0.447,0.4486,Running,Ligeris,Driving_Under_Influence,1way,0,80,WiFi,-69,24,-21,0.0053586754737012,40.30557549785156,21.80857590606129,Unintentional
User_46,2025-03-03 00:55:06,0.537,0.3529,Running,Koila,Speeding,2way,1,80,3G,-86,66,21,0.0017588740703726,40.32157961317856,21.79121899915098,Unintentional
User_40,2025-03-03 10:28:03,0.357,0.2101,Driving,Koila,Driving_Under_Influence,4way,1,90,4G,-89,7,18,0.0065138630520972,40.32140724719371,21.79087047750019,Unintentional
User_61,2025-03-03 19:08:36,0.304,0.2696,Driving,Zep,Speeding,2way,2,30,4G,-109,46,4,0.032,40.27862935167816,21.751544357859817,Unintentional
User_25,2025-03-03 20:51:35,0.352,0.1873,Running,Zep,Driving_Under_Influence,4way,1,40,4G,-115,10,14,0.049,40.279135954795905,21.75321549177672,Unintentional
User_52,2025-03-04 14:05:08,0.706,0.5234,Driving,Ligeris,Driving_Under_Influence,4way,1,40,4G,-117,6,5,0.03,40.30513045494936,21.80861516149549,Unintentional
User_52,2025-03-04 15:39:51,0.706,0.5244,Walking,Ligeris,Reckless_Driving,1way,2,80,WiFi,-56,79,-5,0.046,40.30711823509277,21.80585172211408,Unintentional
User_28,2025-03-04 16:32:39,0.311,0.1448,Driving,Koila,Reckless_Driving,1way,1,30,4G,-118,12,-22,0.006906391394357,40.32225737987909,21.79120234425942,Unintentional
User_34,2025-03-05 01:22:09,0.466,0.2462,Running,Ligeris,Speeding,4way,0,10,WiFi,-77,55,10,0.021,40.30623308033404,21.80747836839607,Unintentional
User_06,2025-03-05 12:56:31,0.573,0.3547,Walking,Koila,Driving_Under_Influence,1way,1,60,WiFi,-60,26,-1,0.039,40.322270867933526,21.7923790286215,Unintentional
User_38,2025-03-06 01:35:39,0.497,0.3996,Driving,Ligeris,Speeding,4way,0,60,WiFi,-53,50,8,0.041,40.30723946009777,21.805845301217733,Unintentional
User_50,2025-03-06 03:23:52,0.395,0.3534,Walking,Ligeris,Driving_Under_Influence,1way,5,20,5G,-107,88,-25,0.00485599917763,40.306088342053755,21.807698274808633,Unintentional
User_55,2025-03-06 15:32:15,0.3,0.5024,Walking,Zep,Speeding,4way,0,90,4G,-105,83,-24,0.0093402368979347,40.27953641555282,21.753210691583096,Unintentional
User_61,2025-03-06 17:52:57,0.304,0.2756,Walking,Ligeris,Driving_Under_Influence,1way,0,60,5G,-110,79,-2,0.025,40.3065523316889,21.80850828749459,Unintentional
User_89,2025-03-07 05:13:15,0.606,0.5232,Walking,Zep,Speeding,2way,0,30,5G,-104,76,18,0.008007866832167,40.279750467399126,21.75196458684823,Unintentional
User_08,2025-03-07 09:14:52,0.33,0.4409,Walking,Koila,Driving_Under_Influence,1way,1,60,5G,-118,71,-21,0.0078292938309142,40.3219936868503,21.79134202775713,Unintentional
User_08,2025-03-07 15:51:28,0.33,0.4419,Walking,Koila,Driving_Under_Influence,1way,1,10,5G,-120,93,-3,0.028,40.321767685057296,21.79010249452529,Unintentional
User_42,2025-03-07 16:40:15,0.544,0.4993,Driving,Koila,Reckless_Driving,2way,1,40,4G,-101,15,17,0.0072946750063757,40.321650277616605,21.791619771522313,Unintentional
User_22,2025-03-07 19:41:31,0.656,0.2316,Running,Koila,Reckless_Driving,1way,1,20,WiFi,-61,18,22,0.0082224390699917,40.321768239617064,21.791234819228908,Unintentional
User_58,2025-03-07 22:29:58,0.744,0.3242,Driving,Zep,Speeding,2way,1,70,4G,-91,48,22,0.0045919586551198,40.2784646467326,21.75312483093807,Unintentional
User_18,2025-03-08 04:27:18,0.669,0.2914,Running,Ligeris,Reckless_Driving,1way,1,130,4G,-104,47,2,0.036,40.30491365579976,21.807385978336875,Unintentional
User_32,2025-03-08 16:49:37,0.684,0.2323,Running,Koila,Driving_Under_Influence,2way,0,50,3G,-75,34,0,0.025,40.322834755825035,21.792248194058132,Unintentional
User_78,2025-03-08 17:26:38,0.615,0.342,Running,Koila,Reckless_Driving,2way,1,30,WiFi,-50,96,-7,0.023,40.32216027998596,21.792229333976167,Unintentional
User_68,2025-03-09 01:28:49,0.402,0.3647,Walking,Koila,Reckless_Driving,2way,0,40,5G,-98,8,21,0.0064564488752613,40.32217208432367,21.79127765600331,Unintentional
User_76,2025-03-09 01:52:02,0.251,0.2952,Driving,Koila,Speeding,2way,0,80,5G,-86,82,-5,0.046,40.322184652688705,21.790818377718356,Unintentional
User_13,2025-03-09 14:03:43,0.738,0.4083,Driving,Ligeris,Reckless_Driving,2way,2,30,4G,-70,57,-11,0.022,40.30745447983005,21.806053300997085,Unintentional
User_21,2025-03-09 16:31:49,0.256,0.3466,Driving,Zep,Speeding,4way,1,50,3G,-93,87,24,0.0088086221282785,40.279256024841374,21.753430185856843,Unintentional
User_56,2025-03-09 20:00:54,0.449,0.4736,Running,Koila,Speeding,1way,2,50,WiFi,-59,55,17,0.0053997595798166,40.32256419943129,21.7907438438608,Unintentional
User_11,2025-03-09 21:23:10,0.263,0.4878,Driving,Zep,Reckless_Driving,1way,0,20,4G,-91,49,4,0.048,40.278808117147506,21.751934503664263,Unintentional
User_51,2025-03-09 23:54:05,0.574,0.2703,Walking,Zep,Reckless_Driving,2way,1,80,WiFi,-70,34,-16,0.031,40.27947845407631,21.753352639316123,Unintentional
User_90,2025-03-10 07:32:48,0.395,0.2488,Driving,Ligeris,Driving_Under_Influence,2way,3,80,3G,-101,86,-9,0.036,40.306760449148626,21.807539026220375,Unintentional
User_96,2025-03-10 11:49:34,0.308,0.2988,Running,Zep,Driving_Under_Influence,4way,1,60,5G,-84,79,2,0.039,40.28062973672459,21.752249543246833,Unintentional
User_56,2025-03-10 14:14:08,0.449,0.4746,Driving,Ligeris,Driving_Under_Influence,2way,1,50,WiFi,-79,17,-23,0.0031262816451344,40.30681853577253,21.80588239129091,Unintentional
User_40,2025-03-10 18:26:21,0.357,0.2251,Running,Koila,Reckless_Driving,2way,1,70,5G,-82,95,10,0.037,40.32139345486403,21.79077277275884,Unintentional
User_39,2025-03-10 19:02:45,0.297,0.4654,Running,Zep,Speeding,2way,1,50,5G,-105,30,22,0.0018079836526716,40.28016730638581,21.75363026245491,Unintentional
User_87,2025-03-11 07:56:07,0.64,0.4445,Driving,Zep,Driving_Under_Influence,2way,0,30,5G,-72,88,-21,0.0088719778090163,40.279251314891845,21.752592616002456,Unintentional
User_64,2025-03-11 11:52:56,0.287,0.1477,Driving,Ligeris,Driving_Under_Influence,1way,5,110,5G,-82,1,23,0.0015152438240764,40.30652619905298,21.806152943967156,Unintentional
User_42,2025-03-11 12:52:10,0.544,0.5073,Driving,Ligeris,Reckless_Driving,2way,1,20,5G,-105,26,-23,0.0061191471772318,40.30487954387044,21.80722257037995,Unintentional
User_72,2025-03-11 12:57:32,0.359,0.4568,Walking,Koila,Speeding,2way,2,70,3G,-72,87,19,0.0065872106161205,40.3227110321727,21.79108537882517,Unintentional
User_07,2025-03-11 13:57:23,0.47,0.3694,Driving,Ligeris,Speeding,2way,0,30,5G,-71,33,4,0.033,40.305469939968056,21.806970846821507,Unintentional
User_100,2025-03-11 18:51:32,0.718,0.479,Running,Ligeris,Speeding,1way,1,20,3G,-93,65,-24,0.006903632319451,40.3078555140681,21.80727959867335,Unintentional
User_98,2025-03-11 21:29:12,0.734,0.286,Walking,Ligeris,Reckless_Driving,2way,1,60,5G,-113,93,10,0.03,40.30604018478618,21.809217303016617,Unintentional
User_16,2025-03-12 00:02:57,0.455,0.4108,Running,Zep,Driving_Under_Influence,4way,0,60,5G,-113,44,11,0.035,40.27975296307807,21.75273115894055,Unintentional
User_82,2025-03-12 04:03:01,0.291,0.175,Walking,Zep,Driving_Under_Influence,4way,1,80,WiFi,-65,44,20,0.0043985592327564,40.2790525266538,21.75195424305621,Unintentional
User_91,2025-03-12 08:33:18,0.716,0.3523,Running,Ligeris,Reckless_Driving,4way,4,10,5G,-90,37,-2,0.037,40.307281605077385,21.80759638660549,Unintentional
User_66,2025-03-12 12:28:05,0.551,0.2779,Driving,Zep,Reckless_Driving,1way,0,40,WiFi,-58,38,-20,0.0032055964035063,40.278292587994805,21.753151057946788,Unintentional
User_01,2025-03-12 13:05:15,0.581,0.5137,Walking,Zep,Reckless_Driving,4way,0,50,5G,-109,43,-4,0.021,40.27962985227008,21.75438415854297,Unintentional
User_24,2025-03-12 22:35:18,0.354,0.4808,Walking,Zep,Driving_Under_Influence,2way,1,10,3G,-94,49,18,0.0012899471765739,40.27912652082497,21.75551786628826,Unintentional
User_48,2025-03-13 08:11:47,0.636,0.3359,Walking,Ligeris,Driving_Under_Influence,1way,1,60,3G,-93,94,-18,0.0039661350156399,40.30687088079608,21.80704938570376,Unintentional
User_72,2025-03-13 08:38:33,0.359,0.4608,Running,Ligeris,Reckless_Driving,2way,1,90,WiFi,-89,85,14,0.049,40.306154008819725,21.807754460764563,Unintentional
User_40,2025-03-13 13:33:24,0.357,0.2311,Driving,Ligeris,Driving_Under_Influence,4way,4,50,5G,-112,100,7,0.036,40.30527684777974,21.808947713313387,Unintentional
User_51,2025-03-13 13:42:15,0.574,0.2773,Driving,Ligeris,Driving_Under_Influence,4way,2,10,5G,-97,87,9,0.046,40.30544774017023,21.808211674271885,Unintentional
User_71,2025-03-13 15:07:29,0.259,0.4032,Driving,Ligeris,Speeding,2way,0,50,4G,-108,32,-21,0.0059100341829737,40.30651193558825,21.806997799453068,Unintentional
User_13,2025-03-13 15:16:12,0.738,0.4173,Walking,Koila,Driving_Under_Influence,2way,3,60,WiFi,-88,62,-21,0.0025875627987851,40.32204461594492,21.79134123774994,Unintentional
User_46,2025-03-13 18:41:03,0.537,0.3739,Driving,Zep,Speeding,2way,4,30,WiFi,-84,93,14,0.04,40.27881831903945,21.753917788087623,Unintentional
User_01,2025-03-13 22:15:03,0.581,0.5167,Driving,Koila,Driving_Under_Influence,1way,1,40,4G,-119,47,21,0.0050283144131877,40.32200901109446,21.790607855944415,Unintentional
User_55,2025-03-13 23:11:25,0.3,0.5174,Running,Zep,Driving_Under_Influence,2way,0,10,WiFi,-79,57,3,0.043,40.28000124495136,21.753656491872412,Unintentional
User_55,2025-03-14 02:13:37,0.3,0.5194,Driving,Koila,Reckless_Driving,2way,0,60,5G,-109,49,-10,0.027,40.32292379020175,21.78967572458297,Unintentional
User_61,2025-03-14 02:26:57,0.304,0.2906,Driving,Ligeris,Speeding,4way,0,60,3G,-118,40,21,0.0062965691427902,40.30770263285564,21.806532686273513,Unintentional
User_90,2025-03-14 05:48:16,0.395,0.2558,Running,Koila,Speeding,2way,2,60,4G,-74,88,16,0.035,40.32145208055826,21.790324891605724,Unintentional
User_23,2025-03-14 11:33:46,0.532,0.2137,Walking,Koila,Reckless_Driving,1way,0,60,5G,-82,63,24,0.0081557469372845,40.32250573266053,21.792064693108166,Unintentional
User_20,2025-03-14 20:04:50,0.625,0.5413,Driving,Zep,Driving_Under_Influence,2way,0,60,3G,-84,9,12,0.038,40.27953240611843,21.75436723904696,Unintentional
User_19,2025-03-15 04:53:42,0.361,0.4808,Running,Zep,Speeding,2way,0,30,3G,-100,64,2,0.043,40.278932994540554,21.755251343011437,Unintentional
User_36,2025-03-15 06:45:55,0.58,0.407,Running,Koila,Reckless_Driving,4way,0,90,3G,-82,50,21,0.0099315352331181,40.32174926844312,21.79093765936771,Unintentional
User_47,2025-03-15 08:19:44,0.345,0.272,Driving,Koila,Speeding,1way,2,70,3G,-70,91,-22,0.0081900826002134,40.32090769364399,21.78972644249412,Unintentional
User_50,2025-03-15 12:17:22,0.395,0.3724,Driving,Ligeris,Reckless_Driving,2way,1,80,5G,-81,67,15,0.033,40.30460513879588,21.80706755373803,Unintentional
User_37,2025-03-15 14:10:03,0.696,0.1627,Walking,Zep,Driving_Under_Influence,2way,1,40,5G,-94,86,-21,0.0071255124629335,40.28013308071783,21.751388578103587,Unintentional
User_08,2025-03-15 15:39:12,0.33,0.4569,Walking,Zep,Driving_Under_Influence,2way,0,10,4G,-81,64,-15,0.031,40.28007624373679,21.75490596808993,Unintentional
User_63,2025-03-15 16:37:18,0.549,0.5163,Driving,Ligeris,Driving_Under_Influence,2way,5,30,5G,-90,37,24,0.00938280868811,40.3075175644915,21.807550437614424,Unintentional
User_42,2025-03-15 16:46:59,0.544,0.5153,Running,Koila,Reckless_Driving,4way,0,60,4G,-110,4,-13,0.031,40.32184557431419,21.792314575942555,Unintentional
User_72,2025-03-15 18:27:42,0.359,0.4638,Running,Zep,Driving_Under_Influence,1way,0,40,3G,-79,11,3,0.029,40.27978055683668,21.752121501302195,Unintentional
User_04,2025-03-15 21:28:59,0.619,0.4735,Driving,Koila,Speeding,2way,2,40,WiFi,-54,75,-5,0.025,40.32182927481687,21.791789632697625,Unintentional
User_95,2025-03-16 01:16:26,0.36,0.4239,Running,Zep,Driving_Under_Influence,2way,2,40,3G,-82,69,21,0.0028800898742385,40.27866190433185,21.75501590626636,Unintentional
User_55,2025-03-16 03:17:01,0.3,0.5224,Driving,Zep,Reckless_Driving,1way,0,30,4G,-94,23,20,0.0034983912254883,40.27954195367871,21.7538390520208,Unintentional
User_57,2025-03-16 06:47:20,0.592,0.4018,Running,Zep,Reckless_Driving,1way,0,70,WiFi,-63,24,21,0.0027320374490468,40.28085165005144,21.75256532072759,Unintentional
User_40,2025-03-16 11:07:00,0.357,0.2361,Driving,Koila,Driving_Under_Influence,2way,4,20,5G,-110,86,-17,0.0074865159757563,40.32279017480494,21.790450179432096,Unintentional
User_75,2025-03-16 16:11:32,0.65,0.4364,Running,Zep,Driving_Under_Influence,2way,1,10,4G,-72,26,13,0.029,40.27914244108631,21.75168130333066,Unintentional
User_87,2025-03-16 18:41:49,0.64,0.4555,Walking,Koila,Speeding,4way,0,50,3G,-92,67,-7,0.045,40.32262288273029,21.793320927766427,Unintentional
User_96,2025-03-16 19:28:56,0.308,0.3098,Driving,Koila,Driving_Under_Influence,2way,2,10,WiFi,-71,90,6,0.045,40.320406414849664,21.79163765761944,Unintentional
User_12,2025-03-16 22:34:24,0.74,0.4321,Driving,Ligeris,Reckless_Driving,2way,0,60,3G,-100,20,21,0.0010836787188034,40.30564694878536,21.807707604679177,Unintentional
User_73,2025-03-17 01:07:36,0.343,0.5213,Walking,Zep,Driving_Under_Influence,2way,0,10,5G,-85,83,13,0.041,40.278155095486454,21.75295052148451,Unintentional
User_66,2025-03-17 03:13:53,0.551,0.2869,Walking,Ligeris,Driving_Under_Influence,2way,0,30,3G,-79,25,7,0.03,40.30474975666265,21.808448795910294,Unintentional
User_88,2025-03-17 09:18:28,0.421,0.4912,Running,Zep,Driving_Under_Influence,4way,0,70,3G,-90,7,13,0.03,40.279546618979886,21.7532675862378,Unintentional
User_51,2025-03-17 16:10:50,0.574,0.2863,Driving,Ligeris,Driving_Under_Influence,1way,2,40,WiFi,-84,72,21,0.0075594275199251,40.30616625507032,21.808153516825385,Unintentional
User_72,2025-03-17 18:14:06,0.359,0.4688,Driving,Zep,Speeding,4way,1,40,WiFi,-56,24,8,0.024,40.280891438750245,21.75310740268233,Unintentional
User_92,2025-03-18 11:08:40,0.622,0.1634,Walking,Zep,Driving_Under_Influence,4way,2,40,WiFi,-78,90,-20,0.0076971092742018,40.2792015793037,21.753748935529437,Unintentional
User_66,2025-03-18 16:53:08,0.551,0.2899,Walking,Zep,Speeding,2way,0,60,WiFi,-85,74,19,0.0017403490029369,40.279548663855046,21.753259637372132,Unintentional
User_61,2025-03-19 00:27:18,0.304,0.3006,Running,Ligeris,Reckless_Driving,4way,1,90,4G,-94,49,21,0.0061366057172881,40.30557802563008,21.80889468015464,Unintentional
User_08,2025-03-19 00:42:05,0.33,0.4649,Walking,Ligeris,Reckless_Driving,4way,0,10,4G,-101,85,-20,0.005709052818696,40.30623067348772,21.807568555615617,Unintentional
User_54,2025-03-19 06:10:15,0.482,0.5309,Driving,Ligeris,Driving_Under_Influence,2way,0,90,5G,-87,52,-16,0.028,40.30587811670523,21.80699658776832,Unintentional
User_63,2025-03-19 11:38:08,0.549,0.5243,Walking,Koila,Driving_Under_Influence,2way,0,20,5G,-117,71,2,0.023,40.32150523133309,21.792114458306973,Unintentional
User_65,2025-03-19 17:36:22,0.654,0.4122,Driving,Zep,Driving_Under_Influence,2way,0,90,3G,-85,56,16,0.04,40.27911377911822,21.75504709650182,Unintentional
User_29,2025-03-19 18:36:14,0.603,0.5073,Walking,Ligeris,Driving_Under_Influence,1way,0,80,3G,-82,68,-4,0.033,40.30485293197412,21.80661457426188,Unintentional
User_02,2025-03-20 01:47:06,0.477,0.3524,Driving,Zep,Speeding,4way,3,40,5G,-77,79,-1,0.035,40.28035425260542,21.75466958036295,Unintentional
User_48,2025-03-20 02:47:56,0.636,0.3499,Walking,Koila,Reckless_Driving,2way,1,10,5G,-89,75,-19,0.0079259848708198,40.321167308445254,21.792219109299573,Unintentional
User_18,2025-03-20 05:14:39,0.669,0.3154,Walking,Koila,Driving_Under_Influence,4way,0,90,WiFi,-90,48,10,0.049,40.32197268145425,21.791515437153645,Unintentional
User_85,2025-03-20 14:35:40,0.653,0.3573,Driving,Zep,Driving_Under_Influence,2way,0,70,3G,-81,43,3,0.022,40.279505409840105,21.753297464442497,Unintentional
User_100,2025-03-20 15:26:02,0.718,0.496,Running,Koila,Speeding,2way,0,20,WiFi,-86,70,25,0.0056994666958861,40.3219844797872,21.79258345724208,Unintentional
User_59,2025-03-21 04:08:18,0.521,0.2783,Walking,Zep,Driving_Under_Influence,1way,0,10,WiFi,-63,43,23,0.0089104103207203,40.27908582797999,21.75502469656284,Unintentional
User_12,2025-03-21 05:26:18,0.74,0.4411,Walking,Koila,Speeding,1way,5,10,4G,-76,3,20,0.0092538969937367,40.32182321717408,21.791158627099374,Unintentional
User_21,2025-03-21 11:37:57,0.256,0.3706,Walking,Zep,Driving_Under_Influence,2way,1,40,4G,-79,57,19,0.006124155432281,40.279613555765934,21.75346338451819,Unintentional
User_76,2025-03-21 13:16:43,0.251,0.3202,Walking,Ligeris,Reckless_Driving,1way,0,20,5G,-88,20,23,0.0086802291891287,40.30596778029078,21.806140328945904,Unintentional
User_69,2025-03-21 15:16:48,0.667,0.2651,Walking,Zep,Driving_Under_Influence,2way,0,50,4G,-70,65,-9,0.025,40.28019029236616,21.752878813388516,Unintentional
User_04,2025-03-22 05:12:39,0.619,0.4875,Driving,Ligeris,Speeding,1way,1,50,WiFi,-89,95,14,0.028,40.307337993194736,21.80700277785942,Unintentional
User_58,2025-03-22 10:50:56,0.744,0.3542,Running,Zep,Speeding,2way,0,40,4G,-83,9,-11,0.022,40.28058246121621,21.75316496930351,Unintentional
User_22,2025-03-22 13:49:44,0.656,0.2626,Driving,Koila,Reckless_Driving,1way,0,30,3G,-95,79,0,0.027,40.322113439784424,21.791591527429446,Unintentional
User_64,2025-03-22 17:51:27,0.287,0.1707,Running,Ligeris,Reckless_Driving,2way,1,70,4G,-101,53,19,0.0085045509449042,40.30632963803215,21.8070971016657,Unintentional
User_50,2025-03-22 19:27:46,0.395,0.3854,Walking,Ligeris,Speeding,4way,0,40,3G,-98,59,-21,0.0094654715228007,40.30751348477914,21.80765898965311,Unintentional
User_21,2025-03-22 21:48:50,0.256,0.3736,Running,Ligeris,Speeding,2way,0,60,5G,-109,84,-16,0.05,40.30512042200524,21.806290751054227,Unintentional
User_88,2025-03-23 07:14:32,0.421,0.5032,Walking,Koila,Reckless_Driving,4way,2,40,4G,-89,59,8,0.034,40.323086048898894,21.792486595978904,Unintentional
User_51,2025-03-23 10:49:15,0.574,0.2983,Driving,Zep,Speeding,2way,1,20,4G,-86,62,0,0.03,40.279933355266,21.752709978372668,Unintentional
User_82,2025-03-23 11:21:40,0.291,0.198,Driving,Ligeris,Driving_Under_Influence,2way,0,40,5G,-84,41,-21,0.0063471488755492,40.30613362250586,21.80771709813124,Unintentional
User_81,2025-03-23 12:45:32,0.307,0.2553,Running,Koila,Driving_Under_Influence,2way,0,80,WiFi,-79,7,20,0.0016457511608116,40.321834396546095,21.790296992514723,Unintentional
User_08,2025-03-24 03:19:29,0.33,0.4749,Driving,Koila,Speeding,2way,0,10,5G,-81,20,19,0.0082362289210059,40.32339089805927,21.79125947603788,Unintentional
User_63,2025-03-24 12:23:56,0.549,0.5333,Walking,Ligeris,Reckless_Driving,2way,1,60,5G,-113,21,-21,0.0063225804999788,40.30725366644199,21.806041517879457,Unintentional
User_58,2025-03-24 20:21:39,0.744,0.3582,Driving,Koila,Reckless_Driving,1way,1,50,3G,-73,59,17,0.0079696868895057,40.32159190360325,21.79234992363927,Unintentional
User_18,2025-03-24 22:19:01,0.669,0.3244,Walking,Zep,Reckless_Driving,4way,1,80,3G,-79,48,4,0.036,40.27890377079116,21.753230840902244,Unintentional
User_18,2025-03-25 04:07:32,0.669,0.3254,Running,Zep,Reckless_Driving,2way,2,20,5G,-82,68,5,0.039,40.278733121030896,21.755235459032665,Unintentional
User_19,2025-03-25 04:08:34,0.361,0.5008,Running,Ligeris,Driving_Under_Influence,2way,1,20,WiFi,-61,73,14,0.037,40.30535651699288,21.80792175792699,Unintentional
User_20,2025-03-25 12:20:10,0.625,0.5623,Walking,Ligeris,Driving_Under_Influence,4way,1,30,5G,-105,31,25,0.0078136499223652,40.30604210969003,21.807960244280515,Unintentional
User_55,2025-03-25 17:11:59,0.3,0.5414,Driving,Ligeris,Reckless_Driving,1way,0,70,4G,-78,86,-23,0.0072066681498319,40.30619975765493,21.809055963664928,Unintentional
User_80,2025-03-25 17:34:11,0.447,0.4946,Running,Zep,Reckless_Driving,2way,0,50,3G,-88,80,15,0.049,40.27820964519378,21.7525142252434,Unintentional
User_57,2025-03-25 21:18:57,0.592,0.4208,Walking,Koila,Reckless_Driving,1way,0,50,4G,-110,0,7,0.046,40.322566612210615,21.7920089883542,Unintentional
User_47,2025-03-26 03:02:44,0.345,0.294,Driving,Ligeris,Reckless_Driving,2way,1,50,WiFi,-62,25,21,0.0092401021986626,40.30636725308233,21.807073394531653,Unintentional
User_96,2025-03-26 17:50:51,0.308,0.3308,Walking,Koila,Driving_Under_Influence,2way,1,30,3G,-97,94,-22,0.002619004246196,40.32175749190885,21.79203874418077,Unintentional
User_08,2025-03-26 19:16:21,0.33,0.4799,Driving,Koila,Driving_Under_Influence,2way,0,70,3G,-77,82,-8,0.021,40.32256765745057,21.791768871915576,Unintentional
User_07,2025-03-27 00:27:03,0.47,0.4014,Running,Koila,Speeding,2way,1,40,3G,-113,48,19,0.0099055068800045,40.32157022390642,21.793459317126658,Unintentional
User_73,2025-03-27 12:48:22,0.343,0.5423,Driving,Zep,Driving_Under_Influence,1way,0,20,3G,-82,6,-10,0.043,40.280649106978515,21.752167562454353,Unintentional
User_05,2025-03-27 13:40:40,0.307,0.3107,Walking,Ligeris,Speeding,1way,0,60,5G,-77,77,17,0.0014216050414858,40.30632841401738,21.806502659809176,Unintentional
User_26,2025-03-27 19:25:49,0.495,0.4193,Driving,Zep,Reckless_Driving,4way,0,40,3G,-119,18,15,0.047,40.27929031026146,21.751844572796713,Unintentional
User_88,2025-03-27 21:39:16,0.421,0.5122,Walking,Zep,Speeding,2way,0,20,4G,-78,89,14,0.048,40.28009527441611,21.754764380201653,Unintentional
User_49,2025-03-27 22:13:08,0.462,0.3417,Running,Zep,Driving_Under_Influence,1way,1,70,4G,-87,93,-7,0.031,40.279648774481785,21.753084985848233,Unintentional
User_24,2025-03-28 04:17:37,0.354,0.5118,Walking,Zep,Driving_Under_Influence,2way,1,50,3G,-98,51,10,0.03,40.27976885377921,21.753655523102676,Unintentional
User_46,2025-03-28 23:33:30,0.537,0.4039,Driving,Ligeris,Driving_Under_Influence,2way,1,130,WiFi,-53,49,-23,0.0058962732331535,40.30624946028382,21.80583012271166,Unintentional
User_72,2025-03-29 08:11:15,0.359,0.4928,Running,Zep,Speeding,2way,1,30,5G,-84,61,-18,0.0011417110004304,40.28046672739465,21.752714652529058,Unintentional
User_48,2025-03-29 10:25:12,0.636,0.3689,Running,Koila,Driving_Under_Influence,1way,3,30,5G,-85,16,-8,0.043,40.32348133338251,21.790277458272065,Unintentional
User_74,2025-03-29 19:18:42,0.564,0.345,Running,Ligeris,Speeding,2way,0,50,3G,-110,64,22,0.0071398331335956,40.305472197347115,21.808522567295565,Unintentional
User_49,2025-03-29 23:22:10,0.462,0.3457,Walking,Koila,Speeding,1way,0,40,3G,-110,17,-17,0.0061623339611426,40.32132229936442,21.79180214286743,Unintentional
User_47,2025-03-30 08:42:16,0.345,0.303,Walking,Ligeris,Driving_Under_Influence,2way,0,70,5G,-79,4,-25,0.0068032523644316,40.306042415501246,21.806961894369323,Unintentional
User_100,2025-03-30 16:34:11,0.718,0.517,Running,Zep,Driving_Under_Influence,1way,4,40,3G,-120,69,0,0.023,40.28046242710844,21.75371619735321,Unintentional
User_59,2025-03-30 23:03:27,0.521,0.2973,Driving,Ligeris,Driving_Under_Influence,1way,4,40,3G,-112,67,24,0.0048054683479816,40.3068245755812,21.80732810715241,Unintentional
User_64,2025-03-31 00:00:42,0.287,0.1877,Driving,Zep,Speeding,2way,3,20,4G,-95,40,6,0.045,40.278824934833025,21.75312155932639,Unintentional
User_60,2025-03-31 04:23:13,0.669,0.2387,Running,Koila,Speeding,2way,0,60,4G,-115,27,15,0.049,40.32274470455787,21.79035690701437,Unintentional
User_51,2025-03-31 09:03:50,0.574,0.3143,Driving,Koila,Driving_Under_Influence,2way,2,130,WiFi,-79,38,17,0.0042533784957889,40.32207466851165,21.791489369815896,Unintentional
User_71,2025-03-31 12:53:49,0.259,0.4402,Driving,Zep,Speeding,1way,1,80,WiFi,-66,0,-16,0.036,40.280040873078306,21.754235107690263,Unintentional
User_64,2025-03-31 15:04:24,0.287,0.1887,Driving,Koila,Reckless_Driving,2way,1,50,WiFi,-68,28,-23,0.0097513951477475,40.32135372708411,21.792761762982263,Unintentional
User_93,2025-03-31 16:17:13,0.333,0.5663,Running,Zep,Reckless_Driving,1way,1,30,WiFi,-84,70,-1,0.024,40.2795656133498,21.75365557272816,Unintentional
User_21,2025-03-31 18:07:16,0.256,0.3916,Running,Zep,Driving_Under_Influence,2way,2,60,5G,-97,45,-16,0.03,40.27956951291402,21.753303116757955,Unintentional
User_56,2025-03-31 19:55:34,0.449,0.5176,Running,Koila,Speeding,2way,0,30,3G,-118,43,-23,0.0078136128131581,40.32172768528581,21.78970505210397,Unintentional
User_36,2025-04-01 07:15:26,0.58,0.442,Driving,Zep,Reckless_Driving,2way,0,40,5G,-80,2,15,0.028,40.27933457804481,21.753106450454418,Unintentional
User_57,2025-04-01 09:20:51,0.592,0.4338,Driving,Ligeris,Reckless_Driving,4way,1,20,4G,-108,87,13,0.036,40.30615779641504,21.806051950850385,Unintentional
User_69,2025-04-01 16:24:05,0.667,0.2871,Driving,Zep,Speeding,4way,0,60,5G,-87,96,18,0.0012102448537919,40.28093829327771,21.75404761670097,Unintentional
User_61,2025-04-02 14:11:31,0.304,0.3296,Driving,Zep,Speeding,2way,2,30,WiFi,-61,53,-19,0.0052476603186526,40.27789019633595,21.75360242470262,Unintentional
User_94,2025-04-02 14:51:01,0.459,0.187,Running,Zep,Reckless_Driving,4way,0,50,4G,-75,11,20,0.0026561109209561,40.27961332542327,21.752334393734184,Unintentional
User_20,2025-04-02 14:51:16,0.625,0.5783,Running,Zep,Speeding,2way,1,30,5G,-88,96,2,0.045,40.27881793847906,21.75154078161774,Unintentional
User_37,2025-04-02 18:27:19,0.696,0.1977,Walking,Ligeris,Driving_Under_Influence,2way,1,20,4G,-110,22,-21,0.0022535504890156,40.306030668332376,21.8063380184136,Unintentional
User_82,2025-04-03 06:47:54,0.291,0.219,Walking,Koila,Reckless_Driving,1way,3,60,5G,-97,100,-23,0.0074715870306219,40.32233017190222,21.79325687218473,Unintentional
User_08,2025-04-03 10:37:57,0.33,0.4949,Walking,Zep,Driving_Under_Influence,2way,1,30,WiFi,-64,26,-9,0.035,40.27914811569776,21.75231857231825,Unintentional
User_88,2025-04-03 18:42:25,0.421,0.5252,Running,Zep,Speeding,2way,0,40,3G,-86,32,25,0.0010173914368226,40.279988345865746,21.752535918903934,Unintentional
User_43,2025-04-04 07:13:05,0.407,0.4644,Driving,Koila,Speeding,1way,1,20,3G,-117,24,-18,0.0059277735781908,40.322008312673574,21.79074164313397,Unintentional
User_15,2025-04-04 07:35:34,0.369,0.2268,Running,Koila,Speeding,2way,2,20,4G,-99,9,22,0.0085040630968308,40.32177246919075,21.78969716199936,Unintentional
User_17,2025-04-04 14:34:20,0.439,0.5606,Running,Ligeris,Reckless_Driving,1way,1,60,WiFi,-90,91,-5,0.032,40.30641663583201,21.807664390606405,Unintentional
User_67,2025-04-04 14:52:15,0.692,0.4261,Driving,Ligeris,Reckless_Driving,2way,1,60,3G,-78,53,-10,0.021,40.305831262773566,21.808469199673635,Unintentional
User_29,2025-04-04 18:29:25,0.603,0.5393,Running,Zep,Speeding,2way,3,10,3G,-97,53,-13,0.049,40.279640083972346,21.75331470559872,Unintentional
User_35,2025-04-04 18:43:41,0.301,0.2445,Walking,Ligeris,Reckless_Driving,2way,1,90,3G,-86,93,17,0.001435317180735,40.30582411501064,21.807443694887667,Unintentional
User_27,2025-04-05 00:32:55,0.33,0.393,Driving,Zep,Speeding,4way,0,40,3G,-91,53,3,0.048,40.280544114348814,21.75224080994946,Unintentional
User_14,2025-04-05 11:55:32,0.533,0.2696,Driving,Zep,Reckless_Driving,2way,1,50,3G,-116,91,25,0.0034769151582932,40.27887864482443,21.7526124126382,Unintentional
User_36,2025-04-05 17:42:12,0.58,0.45,Walking,Zep,Reckless_Driving,4way,0,60,3G,-73,30,8,0.029,40.27982326228014,21.752383886754693,Unintentional
User_77,2025-04-05 18:00:42,0.369,0.2743,Walking,Zep,Speeding,1way,0,30,3G,-114,76,-24,0.0051151123625547,40.27980696914747,21.753506226553064,Unintentional
User_60,2025-04-05 18:32:30,0.669,0.2497,Walking,Zep,Driving_Under_Influence,2way,1,60,5G,-100,78,5,0.047,40.277981388372886,21.752788013461448,Unintentional
User_32,2025-04-05 19:18:23,0.684,0.2883,Driving,Koila,Reckless_Driving,2way,1,30,5G,-94,90,-23,0.0035531018855815,40.32130635768972,21.79183784844181,Unintentional
User_46,2025-04-06 00:13:02,0.537,0.4209,Walking,Ligeris,Driving_Under_Influence,1way,2,30,5G,-116,31,7,0.044,40.30649172164482,21.807663622190574,Unintentional
User_72,2025-04-06 17:49:21,0.359,0.5088,Running,Ligeris,Driving_Under_Influence,2way,1,20,3G,-109,18,-17,0.0073862247796708,40.30472151025096,21.8078819889215,Unintentional
User_11,2025-04-06 18:23:11,0.263,0.5438,Running,Koila,Driving_Under_Influence,2way,0,80,WiFi,-87,97,-9,0.021,40.32224383720666,21.79312338787501,Unintentional
User_19,2025-04-06 20:17:02,0.361,0.5258,Walking,Zep,Speeding,4way,0,80,WiFi,-76,100,8,0.043,40.278123329101334,21.754372958054923,Unintentional
User_09,2025-04-06 20:31:51,0.444,0.2937,Driving,Koila,Reckless_Driving,1way,1,70,WiFi,-77,93,-3,0.044,40.32350630190572,21.792507369131556,Unintentional
User_26,2025-04-06 21:39:33,0.495,0.4393,Driving,Zep,Reckless_Driving,2way,0,40,5G,-99,48,-6,0.022,40.27958612313676,21.751212192809344,Unintentional
User_71,2025-04-06 23:34:04,0.259,0.4522,Driving,Ligeris,Speeding,4way,0,50,4G,-113,18,15,0.027,40.30555188562643,21.80548343716394,Unintentional
User_68,2025-04-07 02:55:33,0.402,0.4227,Driving,Ligeris,Driving_Under_Influence,4way,0,40,5G,-81,17,-2,0.04,40.306385402807,21.807484597556297,Unintentional
User_11,2025-04-07 03:40:40,0.263,0.5458,Running,Koila,Driving_Under_Influence,2way,0,60,WiFi,-74,90,20,0.009098098209043,40.32207027865371,21.791982917970905,Unintentional
User_77,2025-04-07 04:03:26,0.369,0.2783,Running,Zep,Driving_Under_Influence,2way,0,50,WiFi,-69,7,21,0.0047416251587978,40.280422616103735,21.753010345767603,Unintentional
User_99,2025-04-07 05:44:01,0.622,0.3584,Walking,Zep,Driving_Under_Influence,2way,0,40,WiFi,-65,62,10,0.035,40.28098046540516,21.752386367560568,Unintentional
User_64,2025-04-07 08:41:00,0.287,0.2017,Driving,Ligeris,Driving_Under_Influence,2way,0,90,3G,-76,3,11,0.03,40.306391155194646,21.80723201987535,Unintentional
User_41,2025-04-07 21:42:22,0.642,0.5375,Driving,Ligeris,Reckless_Driving,2way,1,30,4G,-110,61,-22,0.0037972640410582,40.307415396571976,21.806763409751547,Unintentional
User_18,2025-04-08 02:13:20,0.669,0.3544,Running,Koila,Speeding,1way,0,40,5G,-90,57,7,0.04,40.32266890352927,21.79091377461008,Unintentional
User_45,2025-04-08 04:04:30,0.693,0.3904,Driving,Koila,Reckless_Driving,4way,2,90,WiFi,-58,25,-12,0.045,40.322140082457416,21.793603907516648,Unintentional
User_01,2025-04-08 04:16:52,0.581,0.5677,Driving,Ligeris,Driving_Under_Influence,2way,1,40,WiFi,-54,9,-22,0.0097805468182209,40.30510910708118,21.80820917718952,Unintentional
User_15,2025-04-08 06:50:26,0.369,0.2348,Walking,Ligeris,Speeding,1way,1,20,5G,-87,76,-10,0.025,40.306266317029625,21.80789504996252,Unintentional
User_37,2025-04-08 10:26:12,0.696,0.2107,Running,Koila,Reckless_Driving,2way,1,80,WiFi,-88,78,-6,0.036,40.32128272816732,21.791638626423083,Unintentional
User_29,2025-04-08 12:02:17,0.603,0.5463,Running,Ligeris,Speeding,2way,0,90,5G,-86,38,-6,0.047,40.30616801976362,21.807673511809774,Unintentional
User_41,2025-04-08 17:06:32,0.642,0.5395,Running,Ligeris,Reckless_Driving,2way,0,20,4G,-81,39,17,0.0056471381022403,40.30773691473741,21.80768376757025,Unintentional
User_85,2025-04-08 18:55:33,0.653,0.3963,Walking,Koila,Reckless_Driving,2way,0,90,3G,-111,43,-24,0.0086136211855124,40.322123694487,21.791211585826645,Unintentional
User_74,2025-04-08 21:08:19,0.564,0.365,Driving,Koila,Speeding,4way,0,10,4G,-76,88,-21,0.0051003801875385,40.323525147386974,21.790095849463043,Unintentional
User_56,2025-04-09 00:54:07,0.449,0.5346,Driving,Koila,Reckless_Driving,1way,0,20,5G,-105,75,20,0.0010567582859115,40.32233937493683,21.790680013316575,Unintentional
User_29,2025-04-09 05:42:49,0.603,0.5493,Running,Koila,Driving_Under_Influence,4way,1,30,WiFi,-61,41,10,0.035,40.322664398492954,21.789461080806884,Unintentional
User_95,2025-04-09 07:32:33,0.36,0.4729,Running,Zep,Speeding,1way,4,30,3G,-92,48,-4,0.024,40.279722492112576,21.75132740568161,Unintentional
User_42,2025-04-09 15:54:54,0.544,0.5653,Walking,Koila,Speeding,2way,1,10,4G,-70,86,-18,0.0067643403053926,40.32158770833519,21.793205917107784,Unintentional
User_44,2025-04-09 20:57:43,0.546,0.4735,Driving,Zep,Speeding,1way,0,60,WiFi,-71,70,5,0.041,40.279551269864385,21.75326483778779,Unintentional
User_61,2025-04-10 06:05:48,0.304,0.3446,Running,Koila,Driving_Under_Influence,2way,1,70,5G,-93,45,-12,0.027,40.32287336523956,21.79012471800803,Unintentional
User_58,2025-04-10 12:04:57,0.744,0.3922,Walking,Koila,Speeding,2way,0,20,5G,-107,2,20,0.0094110967570077,40.32170391422488,21.78917126084415,Unintentional
User_53,2025-04-11 01:35:06,0.703,0.3943,Driving,Zep,Driving_Under_Influence,1way,0,10,3G,-117,59,18,0.0059947678942877,40.28037368423848,21.752345091895283,Unintentional
User_75,2025-04-11 01:52:04,0.65,0.4874,Walking,Zep,Speeding,2way,1,20,3G,-115,95,23,0.0088495146095791,40.28022848866011,21.75373535876161,Unintentional
User_77,2025-04-11 10:35:41,0.369,0.2863,Walking,Koila,Driving_Under_Influence,2way,0,30,WiFi,-72,92,21,0.0087987951560293,40.32268780473731,21.79066804808315,Unintentional
User_19,2025-04-11 17:24:54,0.361,0.5358,Driving,Zep,Driving_Under_Influence,2way,0,60,3G,-70,25,-25,0.0018376858031009,40.27999095612298,21.75364006069837,Unintentional
User_03,2025-04-11 22:41:20,0.47,0.5032,Running,Koila,Speeding,2way,0,80,WiFi,-53,91,12,0.032,40.320523606957366,21.79060997698303,Unintentional
User_46,2025-04-12 01:15:38,0.537,0.4329,Walking,Ligeris,Speeding,4way,1,90,WiFi,-82,49,18,0.0077812398248825,40.306826175894464,21.807109658161245,Unintentional
User_65,2025-04-12 02:45:52,0.654,0.4592,Walking,Zep,Speeding,2way,3,30,WiFi,-58,83,-20,0.0075596135654526,40.28115143622589,21.75409107686919,Unintentional
User_60,2025-04-12 04:14:57,0.669,0.2637,Walking,Zep,Reckless_Driving,1way,1,10,3G,-113,25,24,0.0048131904570615,40.27956375636112,21.75327175205495,Unintentional
User_87,2025-04-12 13:17:20,0.64,0.5095,Walking,Ligeris,Driving_Under_Influence,1way,1,80,3G,-119,71,-2,0.022,40.30573783838376,21.808484385527446,Unintentional
User_18,2025-04-12 14:50:47,0.669,0.3624,Running,Koila,Reckless_Driving,2way,3,50,3G,-74,35,-23,0.0038065687706627,40.32137271083464,21.790635817860917,Unintentional
User_62,2025-04-12 23:33:33,0.471,0.312,Walking,Ligeris,Speeding,4way,0,40,3G,-120,5,-2,0.03,40.305868429799865,21.80656995389221,Unintentional
User_54,2025-04-13 00:18:52,0.482,0.5809,Driving,Zep,Speeding,2way,4,40,WiFi,-53,12,-14,0.031,40.27921642656526,21.751658544953106,Unintentional
User_56,2025-04-13 00:41:14,0.449,0.5426,Driving,Koila,Reckless_Driving,2way,0,40,4G,-80,58,-3,0.048,40.32281679087172,21.791152024895194,Unintentional
User_57,2025-04-13 04:04:02,0.592,0.4578,Driving,Zep,Speeding,2way,1,40,5G,-107,98,17,0.0038648319648082,40.279523824809736,21.753306590784415,Unintentional
User_87,2025-04-13 10:37:16,0.64,0.5115,Running,Zep,Speeding,1way,0,10,4G,-113,74,-23,0.0055613930928723,40.278789017514654,21.75253144697988,Unintentional
User_32,2025-04-13 12:38:26,0.684,0.3053,Running,Koila,Driving_Under_Influence,1way,0,50,4G,-118,28,-25,0.002611663804332,40.32370210227777,21.791987429111813,Unintentional
User_90,2025-04-13 21:24:54,0.395,0.3168,Driving,Ligeris,Driving_Under_Influence,2way,1,90,3G,-99,78,-1,0.034,40.30631366564601,21.80709984897144,Unintentional
User_11,2025-04-13 23:48:38,0.263,0.5578,Walking,Ligeris,Driving_Under_Influence,2way,4,20,5G,-107,43,-25,0.0016888054616265,40.306319376634086,21.80814145860162,Unintentional
User_46,2025-04-14 01:33:14,0.537,0.4369,Walking,Koila,Driving_Under_Influence,1way,1,80,5G,-103,70,-2,0.025,40.32208468609759,21.79126961368201,Unintentional
User_25,2025-04-14 07:00:25,0.352,0.2723,Running,Koila,Driving_Under_Influence,4way,0,20,5G,-90,56,-14,0.04,40.32208591631499,21.791458085712858,Unintentional
User_06,2025-04-14 08:10:51,0.573,0.4347,Running,Zep,Speeding,4way,0,50,5G,-73,34,25,0.0062677240300672,40.27894929572464,21.75129031355159,Unintentional
User_57,2025-04-14 08:32:04,0.592,0.4598,Running,Zep,Reckless_Driving,2way,2,80,WiFi,-55,58,-18,0.0021980049887839,40.280065943659146,21.75182807631406,Unintentional
User_18,2025-04-14 10:53:46,0.669,0.3664,Walking,Koila,Speeding,4way,0,30,3G,-116,96,-21,0.0065949456472674,40.32091230052136,21.791974687510415,Unintentional
User_90,2025-04-14 17:31:17,0.395,0.3188,Driving,Koila,Reckless_Driving,1way,1,60,5G,-85,18,17,0.0047959085014321,40.321810235201745,21.791510057012424,Unintentional
User_33,2025-04-14 20:43:41,0.554,0.4123,Walking,Koila,Reckless_Driving,2way,0,90,WiFi,-80,70,15,0.044,40.32172242321998,21.7900176019255,Unintentional
User_22,2025-04-15 04:29:01,0.656,0.3096,Driving,Ligeris,Reckless_Driving,2way,0,40,4G,-114,73,-4,0.042,40.30600712859109,21.807238093722944,Unintentional
User_29,2025-04-15 07:40:15,0.603,0.5603,Walking,Koila,Reckless_Driving,4way,0,30,WiFi,-51,75,-17,0.009838955729238,40.32221055559704,21.79138682181868,Unintentional
User_31,2025-04-15 09:18:20,0.293,0.6077,Driving,Ligeris,Reckless_Driving,4way,0,40,5G,-79,99,-21,0.0061422422717245,40.30494980465935,21.807814016778423,Unintentional
User_82,2025-04-15 12:36:40,0.291,0.243,Running,Ligeris,Reckless_Driving,1way,0,20,3G,-76,44,8,0.034,40.306243834811184,21.805488104167328,Unintentional
User_71,2025-04-15 14:57:40,0.259,0.4702,Running,Zep,Driving_Under_Influence,1way,0,10,WiFi,-68,49,24,0.0027542239688706,40.278929753588635,21.751923766203184,Unintentional
User_73,2025-04-15 14:57:50,0.343,0.5803,Running,Zep,Reckless_Driving,2way,1,30,WiFi,-64,93,-22,0.0078326768024238,40.27963174507612,21.75163448079217,Unintentional
User_92,2025-04-15 20:46:58,0.622,0.2184,Running,Ligeris,Reckless_Driving,2way,0,30,3G,-72,27,-24,0.0053747090962776,40.30672741355764,21.8076364299341,Unintentional
User_74,2025-04-16 01:15:42,0.564,0.38,Driving,Ligeris,Driving_Under_Influence,2way,0,80,WiFi,-53,16,-13,0.037,40.306055481875156,21.80678772096205,Unintentional
User_83,2025-04-16 14:15:21,0.498,0.2937,Driving,Koila,Reckless_Driving,2way,0,90,5G,-111,3,-24,0.0085169524681161,40.32230240165747,21.79137006543319,Unintentional
User_02,2025-04-16 14:45:02,0.477,0.4064,Walking,Ligeris,Reckless_Driving,1way,0,60,WiFi,-74,34,-19,0.0056822120705321,40.30543176167221,21.808358947602255,Unintentional
User_76,2025-04-16 15:40:33,0.251,0.3722,Driving,Zep,Reckless_Driving,2way,1,50,4G,-80,38,-8,0.036,40.27931346406667,21.753874697647635,Unintentional
User_82,2025-04-16 19:18:32,0.291,0.246,Running,Ligeris,Reckless_Driving,2way,1,80,4G,-118,87,7,0.031,40.307109578215744,21.809156771965892,Unintentional
User_92,2025-04-17 01:41:11,0.622,0.2224,Walking,Ligeris,Speeding,2way,0,30,5G,-96,66,18,0.0042712245228566,40.306320333408976,21.80763216606394,Unintentional
User_50,2025-04-17 02:44:10,0.395,0.4374,Walking,Ligeris,Driving_Under_Influence,1way,0,50,3G,-94,40,24,0.0098619039925726,40.30683802957652,21.805608538656536,Unintentional
User_73,2025-04-17 04:32:17,0.343,0.5833,Walking,Ligeris,Speeding,2way,0,100,WiFi,-53,41,24,0.0075142673914093,40.30576721639234,21.80813381588683,Unintentional
User_21,2025-04-17 10:26:33,0.256,0.4246,Driving,Ligeris,Speeding,2way,1,50,3G,-106,82,1,0.041,40.30619888340422,21.806494892890807,Unintentional
User_28,2025-04-17 10:29:57,0.311,0.2318,Running,Koila,Driving_Under_Influence,1way,0,50,4G,-82,94,-11,0.026,40.322807573286426,21.79183466447016,Unintentional
User_01,2025-04-17 14:21:18,0.581,0.5867,Driving,Koila,Speeding,1way,0,40,4G,-84,34,-18,0.0074388662838489,40.32298126300034,21.79193169763931,Unintentional
User_63,2025-04-18 03:13:26,0.549,0.5843,Walking,Zep,Speeding,1way,1,30,WiFi,-70,14,-19,0.0039415199889553,40.27897671277316,21.754127340352312,Unintentional
User_95,2025-04-18 03:42:09,0.36,0.4909,Walking,Ligeris,Reckless_Driving,2way,1,20,5G,-105,0,0,0.031,40.3072667937373,21.808244730243864,Unintentional
User_46,2025-04-18 05:19:04,0.537,0.4459,Walking,Zep,Speeding,2way,0,50,4G,-88,68,25,0.0061192094776129,40.2792227447997,21.754176583895184,Unintentional
User_09,2025-04-18 08:15:33,0.444,0.3167,Driving,Koila,Speeding,4way,0,110,4G,-105,64,19,0.0039790810220852,40.321958270924355,21.79020589526782,Unintentional
User_90,2025-04-18 09:41:42,0.395,0.3268,Driving,Ligeris,Driving_Under_Influence,2way,1,20,WiFi,-59,72,-19,0.0095782773400343,40.30619803187596,21.80562606662617,Unintentional
User_75,2025-04-18 11:52:24,0.65,0.5024,Running,Ligeris,Speeding,2way,2,10,WiFi,-62,70,17,0.0044484218027471,40.30661778611328,21.805540322481036,Unintentional
User_52,2025-04-18 14:21:48,0.706,0.6144,Walking,Ligeris,Driving_Under_Influence,2way,0,40,5G,-111,24,22,0.0032160895539474,40.30630774669614,21.80749865236362,Unintentional
User_11,2025-04-18 15:59:42,0.263,0.5678,Driving,Ligeris,Reckless_Driving,2way,0,40,3G,-87,80,-7,0.047,40.30495199916,21.80591533056796,Unintentional
User_21,2025-04-18 20:02:52,0.256,0.4276,Walking,Koila,Reckless_Driving,2way,4,20,5G,-117,80,-11,0.033,40.32088621009865,21.790036034837826,Unintentional
User_04,2025-04-18 23:37:54,0.619,0.5415,Driving,Zep,Speeding,1way,4,30,3G,-90,57,-20,0.0089614592664701,40.27953511231196,21.75280794703842,Unintentional
User_23,2025-04-19 01:30:53,0.532,0.2857,Walking,Koila,Reckless_Driving,2way,0,10,4G,-108,71,-8,0.035,40.32130297622607,21.792706634691253,Unintentional
User_58,2025-04-19 02:52:09,0.744,0.4092,Walking,Ligeris,Driving_Under_Influence,1way,1,50,4G,-83,69,-13,0.023,40.30652265665026,21.808994808159632,Unintentional
User_02,2025-04-19 03:13:45,0.477,0.4134,Running,Zep,Driving_Under_Influence,2way,2,90,5G,-93,98,14,0.035,40.28067150114123,21.754149021797133,Unintentional
User_75,2025-04-19 09:49:29,0.65,0.5034,Driving,Zep,Speeding,2way,0,10,WiFi,-60,8,-13,0.046,40.279916629585806,21.75264757952983,Unintentional
User_54,2025-04-19 10:03:40,0.482,0.5929,Driving,Ligeris,Driving_Under_Influence,2way,1,70,5G,-90,83,-10,0.026,40.304734167098545,21.807624434405064,Unintentional
User_50,2025-04-19 20:54:46,0.395,0.4424,Driving,Ligeris,Reckless_Driving,4way,0,20,4G,-106,2,9,0.022,40.30741919727983,21.808736430389267,Unintentional
User_19,2025-04-19 23:36:51,0.361,0.5518,Driving,Koila,Driving_Under_Influence,1way,0,50,4G,-83,3,21,0.0014850696614377,40.32209068696753,21.79129166455684,Unintentional
User_68,2025-04-20 01:00:42,0.402,0.4487,Driving,Zep,Speeding,1way,0,70,3G,-111,8,14,0.031,40.28023523477291,21.755123910224707,Unintentional
User_11,2025-04-20 03:43:19,0.263,0.5708,Running,Koila,Driving_Under_Influence,2way,0,60,5G,-75,76,17,0.0088214117177813,40.32289377292788,21.791210890019237,Unintentional
User_76,2025-04-20 04:40:47,0.251,0.3792,Driving,Zep,Reckless_Driving,1way,0,10,3G,-117,12,22,0.008785251936131,40.27984899017839,21.753493987337126,Unintentional
User_60,2025-04-20 04:44:49,0.669,0.2787,Running,Zep,Speeding,2way,5,50,3G,-120,9,22,0.0089409725064634,40.27805433685216,21.752609420371243,Unintentional
User_95,2025-04-20 07:40:31,0.36,0.4939,Walking,Zep,Reckless_Driving,2way,1,40,5G,-89,6,15,0.03,40.279363753523285,21.75217616374695,Unintentional
User_100,2025-04-20 08:31:08,0.718,0.558,Running,Zep,Reckless_Driving,1way,1,50,WiFi,-61,48,2,0.025,40.278214167904025,21.753333306612355,Unintentional
User_82,2025-04-20 09:04:58,0.291,0.254,Driving,Ligeris,Speeding,4way,0,80,5G,-73,40,-13,0.028,40.306263455423895,21.80759193883064,Unintentional
User_47,2025-04-20 13:28:47,0.345,0.344,Driving,Ligeris,Driving_Under_Influence,1way,0,110,4G,-76,70,-20,0.0098570394977032,40.30560036818574,21.807623299201623,Unintentional
User_46,2025-04-20 17:41:10,0.537,0.4489,Running,Ligeris,Reckless_Driving,1way,0,30,5G,-96,71,-11,0.032,40.30601714010874,21.80839333312446,Unintentional
User_63,2025-04-20 17:53:43,0.549,0.5883,Running,Ligeris,Speeding,2way,0,60,4G,-78,14,-18,0.0031177441188887,40.30759436006492,21.807603053648748,Unintentional
User_78,2025-04-20 19:08:14,0.615,0.427,Driving,Koila,Driving_Under_Influence,2way,0,30,3G,-111,70,16,0.044,40.321141907172674,21.79139072234092,Unintentional
User_25,2025-04-20 22:28:32,0.352,0.2843,Running,Zep,Reckless_Driving,1way,0,10,WiFi,-87,0,-7,0.032,40.28002639123687,21.75328210237259,Unintentional
User_72,2025-04-20 22:48:39,0.359,0.5368,Running,Ligeris,Driving_Under_Influence,1way,1,30,4G,-82,18,-12,0.039,40.30607901386508,21.80599532565538,Unintentional
User_38,2025-04-21 04:03:37,0.497,0.4916,Running,Zep,Speeding,4way,0,80,WiFi,-84,33,0,0.025,40.27990741732911,21.752006845411312,Unintentional
User_67,2025-04-21 09:59:56,0.692,0.4601,Driving,Zep,Reckless_Driving,4way,0,30,5G,-73,87,-23,0.0088815648320576,40.27921345194024,21.75233750702045,Unintentional
User_30,2025-04-21 21:56:06,0.478,0.4241,Walking,Ligeris,Driving_Under_Influence,4way,1,20,3G,-89,61,-18,0.0082705427986498,40.30631015426975,21.80856791619255,Unintentional
User_31,2025-04-21 23:37:37,0.293,0.6207,Running,Koila,Speeding,1way,1,30,4G,-120,86,-23,0.0045390401022346,40.32218808671706,21.79102991987791,Unintentional
User_56,2025-04-22 02:19:57,0.449,0.5606,Walking,Ligeris,Reckless_Driving,2way,0,90,WiFi,-80,68,20,0.0019821088495464,40.306333724753415,21.808529820299704,Unintentional
User_61,2025-04-22 02:41:00,0.304,0.3686,Driving,Zep,Reckless_Driving,1way,0,60,WiFi,-62,36,-4,0.024,40.27936796909959,21.753302567638155,Unintentional
User_59,2025-04-22 04:23:38,0.521,0.3423,Walking,Zep,Driving_Under_Influence,2way,1,60,WiFi,-52,74,-16,0.048,40.27942405443262,21.75117034300999,Unintentional
User_78,2025-04-22 06:51:23,0.615,0.431,Running,Zep,Speeding,2way,1,60,4G,-101,94,-6,0.023,40.28044122946619,21.75380114029231,Unintentional
User_57,2025-04-22 11:43:11,0.592,0.4758,Driving,Zep,Speeding,2way,2,40,5G,-90,75,-10,0.023,40.278514663544605,21.75348001343534,Unintentional
User_74,2025-04-22 12:35:10,0.564,0.393,Running,Koila,Speeding,4way,0,40,5G,-116,49,16,0.028,40.32284384840481,21.79198692922112,Unintentional
User_28,2025-04-22 14:29:06,0.311,0.2428,Running,Koila,Driving_Under_Influence,2way,0,90,5G,-118,89,20,0.0032313770240544,40.321847888007746,21.79144941949868,Unintentional
User_86,2025-04-22 15:03:52,0.343,0.4378,Running,Koila,Speeding,1way,1,20,4G,-104,82,-22,0.0043867575989245,40.32230103136459,21.793013106808942,Unintentional
User_93,2025-04-22 15:07:28,0.333,0.6103,Driving,Ligeris,Speeding,2way,1,80,5G,-90,82,-8,0.039,40.30612923049554,21.807155247459963,Unintentional
User_44,2025-04-22 15:39:20,0.546,0.4985,Walking,Ligeris,Driving_Under_Influence,4way,1,80,3G,-117,64,21,0.0011062866107603,40.307027233477704,21.805957819493116,Unintentional
User_92,2025-04-22 23:31:26,0.622,0.2334,Driving,Koila,Driving_Under_Influence,2way,0,60,4G,-101,6,-2,0.046,40.321428821836506,21.792655952976094,Unintentional
User_63,2025-04-23 01:06:05,0.549,0.5933,Driving,Zep,Speeding,4way,0,60,5G,-88,35,-13,0.042,40.28108506835379,21.75236712815831,Unintentional
User_57,2025-04-23 01:09:16,0.592,0.4778,Running,Koila,Reckless_Driving,2way,0,30,5G,-90,82,15,0.037,40.32133403374427,21.791926255160323,Unintentional
User_33,2025-04-23 05:43:44,0.554,0.4293,Running,Zep,Speeding,4way,0,80,WiFi,-85,68,19,0.0023602663042026,40.27985160390653,21.75176569896382,Unintentional
User_05,2025-04-23 08:35:57,0.307,0.3657,Walking,Zep,Reckless_Driving,1way,2,80,3G,-111,63,-22,0.0063096798764956,40.279677903269075,21.753898667681437,Unintentional
User_94,2025-04-23 13:52:25,0.459,0.229,Driving,Koila,Speeding,2way,0,10,4G,-101,84,-17,0.0083125838867295,40.32202485439865,21.791164126493666,Unintentional
User_100,2025-04-23 15:33:16,0.718,0.564,Driving,Koila,Driving_Under_Influence,4way,0,50,3G,-110,72,-22,0.0074698429412855,40.32085918247608,21.791160519379705,Unintentional
User_75,2025-04-24 16:51:53,0.65,0.5134,Driving,Zep,Driving_Under_Influence,2way,0,80,4G,-80,1,-1,0.042,40.27959194579998,21.753838851733317,Unintentional
User_31,2025-04-24 19:19:21,0.293,0.6267,Driving,Koila,Speeding,1way,0,10,WiFi,-74,97,-23,0.003467974188998,40.32232600123645,21.790910496210625,Unintentional
User_13,2025-04-24 22:02:27,0.738,0.5013,Walking,Zep,Speeding,4way,0,10,WiFi,-67,67,-20,0.0033308203018804,40.27891133560878,21.7547005860749,Unintentional
User_63,2025-04-25 05:21:10,0.549,0.5973,Running,Ligeris,Reckless_Driving,2way,1,50,4G,-108,63,25,0.0023191010363088,40.30656468126136,21.806917782917576,Unintentional
User_82,2025-04-25 08:38:26,0.291,0.263,Walking,Koila,Driving_Under_Influence,2way,1,50,5G,-99,38,11,0.048,40.32121216885273,21.78941865493989,Unintentional
User_83,2025-04-25 13:27:55,0.498,0.3127,Driving,Zep,Speeding,2way,0,80,3G,-118,65,-3,0.027,40.27999983746002,21.75207037438681,Unintentional
User_67,2025-04-25 14:39:27,0.692,0.4681,Driving,Koila,Driving_Under_Influence,4way,0,30,5G,-76,11,20,0.0057962254066704,40.320949276948035,21.792427290150197,Unintentional
User_85,2025-04-25 16:00:12,0.653,0.4303,Driving,Ligeris,Speeding,2way,1,20,4G,-77,0,-23,0.0076795133608373,40.30574727222503,21.807641376021433,Unintentional
User_80,2025-04-25 20:24:15,0.447,0.5556,Walking,Koila,Speeding,2way,2,40,3G,-87,97,-19,0.0031033111973674,40.32196042942816,21.79351464734626,Unintentional
User_52,2025-04-25 20:24:29,0.706,0.6284,Walking,Ligeris,Speeding,2way,2,30,5G,-93,83,17,0.0034074971549736,40.30512855957581,21.80843469453332,Unintentional
User_68,2025-04-26 01:25:38,0.402,0.4607,Driving,Koila,Reckless_Driving,2way,0,40,4G,-100,45,-22,0.0074452511493998,40.321799185528704,21.789808076801386,Unintentional
User_97,2025-04-26 02:17:37,0.737,0.4436,Running,Koila,Speeding,2way,1,30,WiFi,-66,34,22,0.0086858872518028,40.32169116681579,21.79105616066552,Unintentional
User_21,2025-04-26 11:00:42,0.256,0.4436,Walking,Koila,Speeding,2way,1,60,4G,-104,1,-7,0.021,40.32224331222629,21.791179492065787,Unintentional
User_23,2025-04-26 14:55:32,0.532,0.2997,Driving,Koila,Speeding,2way,1,10,3G,-74,16,3,0.045,40.321383564002694,21.78940690152108,Unintentional
User_97,2025-04-26 18:07:07,0.737,0.4446,Walking,Ligeris,Speeding,2way,0,30,4G,-120,67,25,0.0062749991680146,40.306606290587645,21.80813297629178,Unintentional
User_28,2025-04-27 04:50:12,0.311,0.2518,Running,Ligeris,Speeding,1way,0,70,WiFi,-83,44,9,0.025,40.30569721679187,21.80706680350658,Unintentional
User_95,2025-04-27 06:39:46,0.36,0.5079,Driving,Koila,Reckless_Driving,2way,0,50,5G,-118,26,21,0.0031807173543487,40.32143269691456,21.793028999567763,Unintentional
User_81,2025-04-27 08:47:43,0.307,0.3253,Running,Koila,Driving_Under_Influence,1way,0,70,4G,-93,94,-15,0.039,40.32167435562294,21.78988769971795,Unintentional
User_30,2025-04-27 19:17:09,0.478,0.4361,Walking,Zep,Driving_Under_Influence,1way,0,60,WiFi,-90,7,-20,0.0047636142100847,40.279775865218,21.75285118424761,Unintentional
User_76,2025-04-27 20:03:20,0.251,0.3942,Walking,Ligeris,Reckless_Driving,1way,0,70,3G,-119,36,-18,0.007852758777907,40.30633576371988,21.808846217886646,Unintentional
User_55,2025-04-27 22:09:33,0.3,0.6064,Walking,Koila,Driving_Under_Influence,1way,0,70,5G,-70,35,22,0.0034038316016317,40.323058966848606,21.79060271319113,Unintentional
User_42,2025-04-27 23:37:42,0.544,0.6013,Driving,Ligeris,Speeding,2way,0,50,WiFi,-55,30,-15,0.034,40.30450356127335,21.807948346050193,Unintentional
User_99,2025-04-28 00:52:13,0.622,0.3994,Driving,Zep,Reckless_Driving,2way,1,20,3G,-93,47,22,0.0092137382103733,40.27980386027481,21.75362147524255,Unintentional
User_36,2025-04-28 00:55:58,0.58,0.495,Driving,Zep,Driving_Under_Influence,1way,0,60,4G,-94,98,-19,0.0073024856839047,40.278873739749905,21.75321740263433,Unintentional
User_06,2025-04-28 00:56:34,0.573,0.4627,Running,Ligeris,Speeding,1way,1,80,3G,-79,9,0,0.037,40.30513377326183,21.8081565067923,Unintentional
User_78,2025-04-28 02:27:51,0.615,0.443,Walking,Ligeris,Speeding,2way,3,40,WiFi,-52,88,0,0.027,40.30681250109764,21.80969510000996,Unintentional
User_06,2025-04-28 04:47:10,0.573,0.4637,Driving,Ligeris,Reckless_Driving,2way,2,10,3G,-96,23,17,0.0045294720489325,40.306174561664946,21.80739747074223,Unintentional
User_14,2025-04-28 05:41:18,0.533,0.3156,Driving,Zep,Reckless_Driving,1way,0,70,5G,-118,57,-15,0.027,40.28039307761442,21.75384105617783,Unintentional
User_29,2025-04-28 07:57:39,0.603,0.5863,Running,Ligeris,Driving_Under_Influence,2way,0,80,4G,-93,32,19,0.0078956080124084,40.30634159932417,21.808228158952588,Unintentional
User_34,2025-04-28 09:41:32,0.466,0.3552,Driving,Ligeris,Speeding,1way,0,10,3G,-104,4,-15,0.03,40.30465475204409,21.80733889413163,Unintentional
User_63,2025-04-28 11:25:52,0.549,0.6033,Driving,Ligeris,Driving_Under_Influence,4way,2,40,4G,-116,10,15,0.022,40.306107737441025,21.80717434748981,Unintentional
User_59,2025-04-28 23:11:32,0.521,0.3553,Running,Zep,Reckless_Driving,1way,5,40,3G,-75,13,25,0.0044325815205777,40.2803279280946,21.752684620165574,Unintentional
User_12,2025-04-29 00:27:22,0.74,0.5191,Walking,Koila,Reckless_Driving,2way,1,60,3G,-84,42,20,0.0033420242906066,40.32312543542345,21.7907764248073,Unintentional
User_40,2025-04-29 03:27:47,0.357,0.3241,Driving,Ligeris,Driving_Under_Influence,1way,0,40,5G,-103,93,-17,0.0029603801110118,40.30542299086073,21.805745040218525,Unintentional
User_13,2025-04-29 05:54:41,0.738,0.5103,Driving,Ligeris,Reckless_Driving,1way,0,40,4G,-72,63,13,0.028,40.30625755558102,21.80525310438684,Unintentional
User_78,2025-04-29 14:11:30,0.615,0.446,Driving,Koila,Driving_Under_Influence,2way,4,30,5G,-92,87,17,0.0085588245189317,40.32191180228087,21.79144559285913,Unintentional
User_79,2025-04-29 17:20:07,0.326,0.3249,Driving,Koila,Speeding,4way,0,10,3G,-107,52,20,0.0078157512460885,40.323278725598534,21.791193126998323,Unintentional
User_51,2025-04-30 06:30:43,0.574,0.3743,Walking,Koila,Reckless_Driving,4way,0,50,4G,-87,53,-4,0.027,40.32225563852796,21.791559298784048,Unintentional
User_62,2025-04-30 07:12:26,0.471,0.347,Driving,Ligeris,Driving_Under_Influence,1way,2,10,4G,-90,67,20,0.0017625774694655,40.30627911695782,21.807488878336574,Unintentional
User_93,2025-04-30 08:15:18,0.333,0.6253,Walking,Zep,Reckless_Driving,1way,1,20,WiFi,-70,73,10,0.048,40.27845932834184,21.75406161536647,Unintentional
User_24,2025-04-30 20:48:29,0.354,0.5788,Driving,Koila,Reckless_Driving,1way,2,80,WiFi,-68,58,-25,0.0088979782490713,40.322107594561174,21.791231004188905,Unintentional
User_61,2025-04-30 20:53:11,0.304,0.3856,Running,Ligeris,Speeding,1way,1,120,5G,-74,19,13,0.021,40.30531460876922,21.808166978888423,Unintentional
User_55,2025-04-30 21:19:36,0.3,0.6134,Walking,Ligeris,Reckless_Driving,4way,1,20,4G,-94,81,15,0.039,40.30520863637558,21.806873828676903,Unintentional
User_80,2025-04-30 22:29:27,0.447,0.5666,Walking,Zep,Reckless_Driving,1way,0,90,4G,-80,80,19,0.0033045049371967,40.28004621809445,21.755104998568378,Unintentional
User_54,2025-05-01 00:55:09,0.482,0.6169,Running,Zep,Speeding,4way,1,40,3G,-88,23,-21,0.0046227219653614,40.27807089363179,21.752088502471565,Unintentional
User_85,2025-05-01 03:50:53,0.653,0.4413,Running,Zep,Driving_Under_Influence,4way,2,50,5G,-120,48,13,0.032,40.279760118586914,21.753309669774033,Unintentional
User_65,2025-05-01 12:55:35,0.654,0.4972,Running,Koila,Speeding,2way,0,60,4G,-83,22,-19,0.0019761778859012,40.32220333239625,21.790385798770306,Unintentional
User_54,2025-05-01 14:15:45,0.482,0.6179,Running,Zep,Speeding,1way,0,40,WiFi,-80,14,17,0.0075731029212387,40.27999991819296,21.754827451912583,Unintentional
User_100,2025-05-01 14:24:02,0.718,0.581,Driving,Ligeris,Reckless_Driving,2way,1,30,4G,-95,82,-21,0.0034950011865552,40.306072937377145,21.807583782976437,Unintentional
User_86,2025-05-01 15:11:21,0.343,0.4558,Driving,Koila,Reckless_Driving,2way,0,40,WiFi,-62,36,-14,0.022,40.32184419274707,21.791600976682496,Unintentional
User_58,2025-05-02 00:51:46,0.744,0.4352,Running,Zep,Speeding,2way,2,30,4G,-112,19,3,0.031,40.27909908972683,21.75168115051018,Unintentional
User_93,2025-05-02 02:43:42,0.333,0.6303,Driving,Koila,Speeding,4way,2,60,4G,-103,62,-19,0.0061217198966045,40.32146476197269,21.791569350754912,Unintentional
User_74,2025-05-02 22:03:36,0.564,0.412,Driving,Koila,Speeding,1way,0,70,5G,-93,65,6,0.033,40.32093749813078,21.789640285588757,Unintentional
User_20,2025-05-03 00:10:15,0.625,0.6403,Driving,Ligeris,Driving_Under_Influence,1way,1,60,4G,-113,33,-19,0.0045785312010363,40.306924933450965,21.80928225236656,Unintentional
User_66,2025-05-03 06:37:52,0.551,0.3819,Running,Koila,Speeding,1way,0,10,4G,-100,63,-17,0.0096797842832611,40.320980014836216,21.792882962910703,Unintentional
User_28,2025-05-03 09:34:06,0.311,0.2638,Walking,Zep,Speeding,2way,0,60,4G,-93,5,14,0.03,40.27932601066565,21.753359029584047,Unintentional
User_21,2025-05-03 09:52:10,0.256,0.4576,Running,Zep,Speeding,2way,2,60,4G,-75,43,-11,0.028,40.27917614564923,21.75241373850577,Unintentional
User_43,2025-05-04 03:38:26,0.407,0.5244,Running,Koila,Reckless_Driving,1way,3,40,4G,-119,27,-20,0.0028217143546807,40.32055540757682,21.79089806432275,Unintentional
User_62,2025-05-04 07:27:55,0.471,0.355,Walking,Zep,Driving_Under_Influence,1way,0,40,4G,-103,97,-9,0.044,40.27957848901701,21.75200811159943,Unintentional
User_47,2025-05-04 08:41:11,0.345,0.372,Walking,Zep,Speeding,1way,0,90,5G,-70,85,2,0.031,40.27957224160498,21.75325167396183,Unintentional
User_83,2025-05-04 16:04:06,0.498,0.3307,Driving,Ligeris,Driving_Under_Influence,4way,0,20,WiFi,-70,21,6,0.046,40.305676531907984,21.80822625769858,Unintentional
User_31,2025-05-04 16:33:05,0.293,0.6457,Driving,Ligeris,Reckless_Driving,1way,3,40,WiFi,-79,8,-19,0.0059650580457143,40.30703064644395,21.807299650172745,Unintentional
User_76,2025-05-04 19:18:22,0.251,0.4082,Running,Zep,Driving_Under_Influence,4way,1,40,4G,-82,23,4,0.032,40.28048785297592,21.754573060411836,Unintentional
User_91,2025-05-04 22:09:42,0.716,0.4583,Walking,Zep,Reckless_Driving,2way,2,70,5G,-76,6,-25,0.0046365719089725,40.27829364401069,21.75396702844367,Unintentional
User_20,2025-05-05 01:17:06,0.625,0.6443,Walking,Koila,Reckless_Driving,2way,0,50,5G,-115,20,-17,0.0023054075290322,40.32202193102087,21.791218881066573,Unintentional
User_25,2025-05-05 06:38:43,0.352,0.3133,Driving,Zep,Driving_Under_Influence,2way,3,40,4G,-89,45,-4,0.022,40.279828619679414,21.752151480392698,Unintentional
User_45,2025-05-05 12:48:20,0.693,0.4454,Walking,Koila,Speeding,1way,0,30,3G,-120,63,-23,0.0029312329369394,40.32279171148463,21.790549521701163,Unintentional
User_51,2025-05-05 19:13:22,0.574,0.3833,Running,Ligeris,Speeding,1way,4,40,3G,-83,64,2,0.022,40.306455981908854,21.806243733119583,Unintentional
User_44,2025-05-06 00:34:22,0.546,0.5265,Driving,Ligeris,Reckless_Driving,1way,0,30,4G,-111,65,-9,0.048,40.30603501572469,21.80745068397056,Unintentional
User_14,2025-05-06 07:09:26,0.533,0.3316,Driving,Ligeris,Speeding,1way,0,80,WiFi,-53,97,4,0.031,40.30664164140895,21.80725356180023,Unintentional
User_23,2025-05-06 08:01:02,0.532,0.3197,Running,Ligeris,Reckless_Driving,2way,1,80,3G,-107,21,0,0.034,40.306071714229525,21.807684110683603,Unintentional
User_18,2025-05-06 14:10:08,0.669,0.4104,Running,Zep,Driving_Under_Influence,2way,3,20,4G,-82,71,24,0.0085816312687158,40.27933883489759,21.75556774896923,Unintentional
User_95,2025-05-06 15:24:47,0.36,0.5269,Walking,Koila,Speeding,2way,0,60,WiFi,-79,63,-24,0.006894753726522,40.320780456300746,21.79226679402416,Unintentional
User_73,2025-05-06 18:59:35,0.343,0.6223,Driving,Ligeris,Driving_Under_Influence,2way,2,50,WiFi,-85,42,-18,0.0052023320184387,40.30642947199758,21.807394631037056,Unintentional
User_14,2025-05-06 21:41:22,0.533,0.3326,Walking,Ligeris,Reckless_Driving,1way,3,20,WiFi,-80,44,7,0.046,40.30777276358451,21.806732638682885,Unintentional
User_57,2025-05-06 23:52:03,0.592,0.5048,Walking,Ligeris,Driving_Under_Influence,2way,0,50,3G,-105,62,0,0.039,40.30622147706982,21.80787355546055,Unintentional
User_49,2025-05-07 01:46:56,0.462,0.4227,Walking,Zep,Speeding,1way,0,90,WiFi,-64,50,20,0.0032451810227413,40.280433571744936,21.753745642272893,Unintentional
User_98,2025-05-07 03:31:23,0.734,0.399,Driving,Koila,Driving_Under_Influence,4way,0,70,3G,-83,29,16,0.022,40.323768203865406,21.79083984583824,Unintentional
User_03,2025-05-07 07:59:30,0.47,0.5542,Driving,Ligeris,Speeding,2way,0,80,4G,-99,59,13,0.039,40.306362237242006,21.807463688423702,Unintentional
User_02,2025-05-07 08:56:52,0.477,0.4484,Running,Koila,Speeding,4way,0,80,3G,-100,97,15,0.028,40.3218669692682,21.79137769728706,Unintentional
User_98,2025-05-07 10:44:02,0.734,0.4,Driving,Ligeris,Driving_Under_Influence,1way,1,60,4G,-115,11,23,0.0097246770869165,40.30534804416904,21.807226175282786,Unintentional
User_50,2025-05-07 18:22:24,0.395,0.4784,Walking,Ligeris,Driving_Under_Influence,1way,0,20,3G,-90,37,-2,0.032,40.307315145422685,21.807052265822374,Unintentional
User_43,2025-05-07 20:06:10,0.407,0.5304,Running,Koila,Reckless_Driving,2way,0,70,5G,-84,58,-19,0.0017551712187612,40.321718959841085,21.792840434293137,Unintentional
User_10,2025-05-08 06:52:51,0.35,0.5465,Driving,Ligeris,Reckless_Driving,2way,4,50,4G,-94,46,18,0.0033633544833653,40.30612582759571,21.80640982088735,Unintentional
User_69,2025-05-08 08:03:48,0.667,0.3601,Driving,Zep,Reckless_Driving,1way,1,60,5G,-83,22,4,0.034,40.27880931554304,21.754565942072347,Unintentional
User_18,2025-05-08 20:20:37,0.669,0.4144,Driving,Koila,Reckless_Driving,4way,1,40,5G,-97,6,20,0.0024645147676794,40.322090844682315,21.78960762911279,Unintentional
User_76,2025-05-08 22:06:29,0.251,0.4162,Walking,Ligeris,Reckless_Driving,2way,1,30,4G,-77,19,25,0.0051574581390958,40.30529649096528,21.808298439570397,Unintentional
User_36,2025-05-09 01:22:21,0.58,0.517,Walking,Ligeris,Speeding,2way,1,60,WiFi,-65,97,24,0.008410587983702,40.30588217535445,21.80704540554124,Unintentional
User_99,2025-05-09 07:23:40,0.622,0.4214,Running,Zep,Reckless_Driving,4way,0,60,5G,-98,19,-24,0.0018767495089759,40.2795868130694,21.754569949797784,Unintentional
User_32,2025-05-09 12:18:12,0.684,0.3573,Walking,Koila,Speeding,2way,0,20,3G,-101,42,-23,0.0028221309427448,40.32215608685429,21.79103893184809,Unintentional
User_59,2025-05-09 12:51:45,0.521,0.3773,Walking,Koila,Reckless_Driving,2way,0,50,3G,-104,13,17,0.0016296918624447,40.32113783462151,21.791525856282988,Unintentional
User_34,2025-05-09 16:00:40,0.466,0.3772,Walking,Zep,Driving_Under_Influence,2way,1,80,WiFi,-62,26,-25,0.0060643597579586,40.280041602579686,21.752907914426324,Unintentional
User_86,2025-05-09 18:11:38,0.343,0.4718,Driving,Zep,Driving_Under_Influence,1way,0,70,5G,-117,22,-14,0.041,40.27965278052256,21.75328771280803,Unintentional
User_48,2025-05-10 00:17:16,0.636,0.4519,Running,Ligeris,Reckless_Driving,2way,0,20,WiFi,-54,65,19,0.0039294781501497,40.305569769356865,21.807691048897688,Unintentional
User_63,2025-05-10 00:39:13,0.549,0.6273,Walking,Zep,Driving_Under_Influence,1way,0,20,WiFi,-62,32,-17,0.0022766868095865,40.27981602355616,21.753312380111343,Unintentional
User_53,2025-05-10 02:59:04,0.703,0.4533,Driving,Ligeris,Reckless_Driving,1way,1,60,5G,-110,98,-9,0.033,40.30590300022708,21.809734441480774,Unintentional
User_05,2025-05-10 11:23:57,0.307,0.3987,Driving,Zep,Speeding,2way,0,30,3G,-85,58,-7,0.034,40.27962018010829,21.754445589178378,Unintentional
User_61,2025-05-10 14:09:44,0.304,0.4056,Running,Koila,Speeding,2way,2,70,4G,-83,35,13,0.043,40.321482508769805,21.789834061781796,Unintentional
User_81,2025-05-10 15:28:53,0.307,0.3513,Walking,Ligeris,Driving_Under_Influence,2way,4,60,5G,-118,56,-22,0.007656359394744,40.30488245378908,21.807533455558755,Unintentional
User_90,2025-05-10 22:53:23,0.395,0.3708,Running,Ligeris,Driving_Under_Influence,1way,1,50,3G,-95,87,25,0.0015962830950925,40.30666290165374,21.807668455713817,Unintentional
User_26,2025-05-11 01:33:09,0.495,0.5083,Running,Koila,Speeding,4way,1,70,5G,-75,91,4,0.021,40.32147076697309,21.792085066013136,Unintentional
User_92,2025-05-11 02:15:30,0.622,0.2704,Walking,Koila,Speeding,2way,1,10,WiFi,-71,74,-21,0.0040411785969837,40.32298737237739,21.792257487802644,Unintentional
User_67,2025-05-11 04:22:31,0.692,0.5001,Driving,Koila,Speeding,1way,0,20,4G,-103,76,-25,0.0073357678556784,40.321631497320965,21.79189081365504,Unintentional
User_48,2025-05-11 12:06:23,0.636,0.4539,Running,Ligeris,Speeding,2way,1,60,3G,-95,98,23,0.0062318818935148,40.30680585598672,21.8085491864139,Unintentional
User_94,2025-05-11 14:51:57,0.459,0.266,Walking,Ligeris,Speeding,1way,0,10,4G,-81,86,16,0.03,40.30690683953341,21.80957417767446,Unintentional
User_50,2025-05-11 21:15:46,0.395,0.4854,Walking,Zep,Speeding,1way,1,30,5G,-98,52,13,0.039,40.27970822660939,21.75526762670407,Unintentional
User_02,2025-05-11 22:11:30,0.477,0.4574,Driving,Zep,Reckless_Driving,2way,1,30,3G,-120,32,19,0.0095027649647016,40.27968889600955,21.75292984819628,Unintentional
User_65,2025-05-12 06:17:34,0.654,0.5202,Walking,Zep,Reckless_Driving,4way,0,40,WiFi,-85,61,11,0.034,40.28043354205733,21.753396193965298,Unintentional
User_17,2025-05-12 08:01:31,0.439,0.6366,Running,Koila,Reckless_Driving,4way,3,30,3G,-113,21,2,0.025,40.3214524937668,21.79076106463307,Unintentional
User_28,2025-05-12 08:51:10,0.311,0.2818,Running,Zep,Driving_Under_Influence,2way,0,20,WiFi,-81,44,2,0.045,40.28111817587794,21.753032702028683,Unintentional
User_69,2025-05-12 10:20:13,0.667,0.3681,Running,Koila,Speeding,4way,0,20,4G,-118,15,-25,0.0019604402887128,40.3210094144855,21.79180809154334,Unintentional
User_51,2025-05-12 14:36:08,0.574,0.3983,Driving,Ligeris,Driving_Under_Influence,4way,1,10,5G,-94,84,15,0.023,40.30766923864226,21.80879582272203,Unintentional
User_68,2025-05-13 05:09:39,0.402,0.4947,Driving,Zep,Driving_Under_Influence,2way,0,90,4G,-84,13,6,0.04,40.27956219623445,21.753688959974625,Unintentional
User_84,2025-05-13 08:14:00,0.488,0.4554,Walking,Ligeris,Reckless_Driving,4way,1,90,WiFi,-89,88,16,0.04,40.30795108853069,21.80744176541044,Unintentional
User_37,2025-05-13 09:36:51,0.696,0.2807,Driving,Koila,Driving_Under_Influence,2way,2,40,4G,-71,68,-23,0.0017884300374393,40.322148370041035,21.790524587996245,Unintentional
User_47,2025-05-13 11:17:23,0.345,0.391,Running,Ligeris,Driving_Under_Influence,2way,1,70,3G,-77,24,5,0.026,40.30622291700263,21.805927941776822,Unintentional
User_63,2025-05-13 17:01:44,0.549,0.6333,Walking,Koila,Driving_Under_Influence,2way,2,40,4G,-117,87,-3,0.031,40.3228765262451,21.791545220736268,Unintentional
User_30,2025-05-14 01:52:03,0.478,0.4691,Running,Zep,Driving_Under_Influence,2way,1,80,3G,-77,4,24,0.001738379967447,40.27993515903726,21.753656104180926,Unintentional
User_29,2025-05-14 02:31:18,0.603,0.6193,Walking,Koila,Speeding,2way,1,60,5G,-117,35,22,0.0099154973880334,40.321519420960094,21.7915244150122,Unintentional
User_38,2025-05-14 04:56:29,0.497,0.5386,Driving,Zep,Speeding,2way,0,60,5G,-80,78,-7,0.046,40.27953616629166,21.75435138094973,Unintentional
User_08,2025-05-14 20:52:39,0.33,0.5779,Walking,Zep,Reckless_Driving,2way,0,40,5G,-96,86,-25,0.0027653619855455,40.27809397288186,21.753796961548364,Unintentional
User_40,2025-05-14 20:57:10,0.357,0.3551,Driving,Zep,Driving_Under_Influence,2way,0,50,4G,-116,65,18,0.0023183357685462,40.27940996970002,21.75293424138994,Unintentional
User_45,2025-05-15 02:22:28,0.693,0.4644,Driving,Zep,Speeding,1way,1,10,4G,-92,37,-17,0.0050930423205141,40.27898472032217,21.75472483270069,Unintentional
User_19,2025-05-15 06:56:27,0.361,0.6028,Walking,Koila,Driving_Under_Influence,1way,3,50,4G,-77,73,22,0.0055715013476921,40.322017999785565,21.7911225427737,Unintentional
User_21,2025-05-15 08:54:43,0.256,0.4806,Driving,Zep,Driving_Under_Influence,1way,1,60,WiFi,-84,56,-25,0.0050486244309534,40.27921536127723,21.753582195819103,Unintentional
User_11,2025-05-15 09:16:49,0.263,0.6218,Driving,Zep,Driving_Under_Influence,1way,1,20,4G,-108,39,0,0.048,40.280120637917626,21.752280624943776,Unintentional
User_58,2025-05-15 22:09:25,0.744,0.4622,Running,Koila,Speeding,4way,2,60,3G,-111,91,12,0.043,40.32256390108075,21.78950400228629,Unintentional
User_30,2025-05-16 01:48:17,0.478,0.4731,Driving,Zep,Reckless_Driving,2way,4,30,5G,-118,34,21,0.008317573929904,40.27920193586809,21.75269215482203,Unintentional
User_78,2025-05-16 03:23:16,0.615,0.479,Walking,Koila,Speeding,1way,0,50,3G,-70,56,-15,0.035,40.32359769944477,21.79052379781609,Unintentional
User_88,2025-05-16 09:08:38,0.421,0.6112,Walking,Ligeris,Reckless_Driving,1way,0,20,4G,-89,10,-15,0.039,40.30614421996705,21.80781358061366,Unintentional
User_73,2025-05-16 09:16:17,0.343,0.6413,Running,Ligeris,Speeding,2way,5,70,3G,-104,4,19,0.0071569539829676,40.3062301675702,21.80748149252867,Unintentional
User_25,2025-05-16 11:01:15,0.352,0.3353,Driving,Koila,Driving_Under_Influence,2way,0,30,4G,-100,77,17,0.0056558301469693,40.32251293193954,21.79156121765266,Unintentional
User_08,2025-05-17 00:14:44,0.33,0.5829,Driving,Ligeris,Reckless_Driving,2way,0,10,5G,-87,64,-9,0.026,40.307828542216015,21.807908046148302,Unintentional
User_33,2025-05-17 01:52:55,0.554,0.4773,Driving,Zep,Reckless_Driving,2way,1,10,3G,-98,20,8,0.048,40.279260370895045,21.75287931280309,Unintentional
User_32,2025-05-17 04:03:00,0.684,0.3723,Walking,Ligeris,Speeding,4way,3,110,3G,-91,75,20,0.0029437307983964,40.30801290927493,21.807581923764445,Unintentional
User_47,2025-05-17 05:32:26,0.345,0.398,Walking,Zep,Speeding,2way,1,30,4G,-92,37,-24,0.0090494616159813,40.279366523713506,21.75225504963659,Unintentional
User_67,2025-05-17 19:54:20,0.692,0.5131,Walking,Koila,Reckless_Driving,2way,0,30,WiFi,-87,100,20,0.0052033480515592,40.32193149067607,21.792174509114105,Unintentional
User_79,2025-05-18 03:49:00,0.326,0.3629,Walking,Koila,Reckless_Driving,1way,1,10,3G,-97,52,-23,0.0067645893461445,40.322238426506054,21.79162757513271,Unintentional
User_88,2025-05-18 06:36:36,0.421,0.6152,Walking,Koila,Reckless_Driving,2way,1,40,WiFi,-75,79,18,0.0026269318160817,40.32248705986811,21.791060325763823,Unintentional
User_48,2025-05-18 08:52:28,0.636,0.4679,Running,Zep,Reckless_Driving,2way,0,70,3G,-88,95,17,0.0076673275029518,40.27795465371029,21.753865898920303,Unintentional
User_97,2025-05-18 12:03:36,0.737,0.4886,Driving,Koila,Speeding,2way,5,70,4G,-107,57,-4,0.047,40.32143915036363,21.792033861107015,Unintentional
User_60,2025-05-18 12:14:35,0.669,0.3347,Walking,Ligeris,Reckless_Driving,2way,0,90,WiFi,-59,87,-19,0.0014713437578108,40.30563342503447,21.80886327231083,Unintentional
User_11,2025-05-18 18:32:54,0.263,0.6278,Walking,Ligeris,Reckless_Driving,1way,4,80,3G,-87,98,-14,0.043,40.30577648400653,21.80621665252838,Unintentional
User_06,2025-05-18 19:49:55,0.573,0.5027,Driving,Zep,Driving_Under_Influence,1way,5,60,3G,-92,69,3,0.039,40.279290773668976,21.754000258422508,Unintentional
User_52,2025-05-18 21:09:33,0.706,0.6744,Driving,Koila,Driving_Under_Influence,4way,1,20,4G,-82,9,18,0.0035142320529706,40.32300857991657,21.790598469392744,Unintentional
User_85,2025-05-18 21:12:45,0.653,0.4763,Driving,Ligeris,Driving_Under_Influence,2way,0,80,5G,-112,63,-14,0.021,40.305310027119155,21.807562197956436,Unintentional
User_06,2025-05-18 23:09:05,0.573,0.5037,Running,Zep,Driving_Under_Influence,2way,0,40,WiFi,-81,1,-15,0.046,40.28064822405015,21.755123273621333,Unintentional
User_66,2025-05-19 08:47:24,0.551,0.4139,Walking,Zep,Reckless_Driving,1way,1,20,5G,-77,17,-25,0.0022692227265852,40.27980372881568,21.753385063635292,Unintentional
User_100,2025-05-19 11:09:21,0.718,0.616,Running,Ligeris,Driving_Under_Influence,2way,0,20,3G,-85,22,9,0.021,40.30579938671481,21.80788332317703,Unintentional
User_22,2025-05-19 17:21:16,0.656,0.3786,Running,Ligeris,Driving_Under_Influence,4way,2,40,3G,-87,83,11,0.029,40.30637637587586,21.806858911120305,Unintentional
User_31,2025-05-19 21:15:10,0.293,0.6767,Running,Ligeris,Reckless_Driving,2way,0,10,5G,-102,51,-15,0.046,40.3072592329884,21.808468367578747,Unintentional
User_01,2025-05-20 01:25:29,0.581,0.6517,Walking,Koila,Reckless_Driving,2way,1,30,4G,-100,88,3,0.031,40.32145434398683,21.792877543746336,Unintentional
User_78,2025-05-20 02:40:39,0.615,0.487,Driving,Ligeris,Speeding,1way,1,80,4G,-117,24,-3,0.045,40.30558616847446,21.806711872002,Unintentional
User_48,2025-05-20 03:56:55,0.636,0.4719,Running,Ligeris,Speeding,4way,0,20,WiFi,-65,18,-22,0.0057091444431928,40.30509124279573,21.80772798451944,Unintentional
User_22,2025-05-20 05:24:24,0.656,0.3796,Driving,Koila,Reckless_Driving,1way,0,50,5G,-112,33,15,0.039,40.32157515380367,21.789817041526113,Unintentional
User_77,2025-05-20 06:56:09,0.369,0.3643,Running,Koila,Speeding,4way,1,60,3G,-70,77,22,0.0069988978149506,40.32249537485695,21.789262578617567,Unintentional
User_26,2025-05-20 13:31:14,0.495,0.5273,Walking,Zep,Reckless_Driving,2way,1,40,4G,-91,80,1,0.029,40.280307554187615,21.752391159257243,Unintentional
User_51,2025-05-20 13:34:26,0.574,0.4133,Running,Zep,Reckless_Driving,4way,1,80,WiFi,-76,31,23,0.0096598339910226,40.27968633755404,21.752983750453748,Unintentional
User_11,2025-05-20 15:14:09,0.263,0.6308,Walking,Zep,Speeding,2way,0,10,4G,-76,5,-21,0.0035824671102059,40.28032272540103,21.752768553551235,Unintentional
User_14,2025-05-20 16:18:15,0.533,0.3606,Walking,Zep,Driving_Under_Influence,4way,1,30,WiFi,-83,72,25,0.003566759416846,40.27874984849867,21.75354391946749,Unintentional
User_74,2025-05-20 22:15:29,0.564,0.449,Walking,Ligeris,Reckless_Driving,4way,1,50,3G,-96,68,-18,0.0092604517364117,40.30700369504546,21.80649971896985,Unintentional
User_22,2025-05-20 23:30:24,0.656,0.3806,Driving,Koila,Speeding,2way,1,30,WiFi,-61,99,-20,0.002103239499604,40.32217864033857,21.79143383844765,Unintentional
User_69,2025-05-21 05:04:34,0.667,0.3861,Running,Zep,Speeding,2way,0,50,3G,-101,99,-14,0.049,40.281059512991575,21.75326044909305,Unintentional
User_63,2025-05-21 08:31:52,0.549,0.6493,Running,Zep,Speeding,2way,0,50,WiFi,-81,20,-14,0.033,40.28028530271871,21.75225313704444,Unintentional
User_12,2025-05-21 11:24:16,0.74,0.5641,Walking,Ligeris,Reckless_Driving,2way,1,30,WiFi,-79,26,-3,0.037,40.30608659296867,21.808248352376395,Unintentional
User_87,2025-05-21 13:10:13,0.64,0.5865,Walking,Koila,Driving_Under_Influence,1way,1,40,WiFi,-83,24,-3,0.041,40.32210094958304,21.79110323791852,Unintentional
User_74,2025-05-21 16:53:42,0.564,0.451,Walking,Zep,Speeding,4way,1,40,5G,-97,32,10,0.046,40.27927886740253,21.754759174834117,Unintentional
User_36,2025-05-22 11:58:31,0.58,0.543,Driving,Zep,Speeding,1way,3,70,WiFi,-87,94,23,0.0016173298085175,40.27872693943743,21.753892255783036,Unintentional
User_03,2025-05-22 16:37:18,0.47,0.5842,Running,Zep,Driving_Under_Influence,1way,4,50,WiFi,-86,29,20,0.0077110615910171,40.2781181414298,21.754183888104304,Unintentional
User_96,2025-05-22 16:52:24,0.308,0.4438,Walking,Ligeris,Reckless_Driving,1way,0,30,3G,-88,82,18,0.0016545953824845,40.30525197031795,21.80722817557318,Unintentional
User_15,2025-05-22 19:12:26,0.369,0.3238,Running,Koila,Driving_Under_Influence,4way,5,40,3G,-92,24,-23,0.0062585610360865,40.32167985496832,21.79191028227948,Unintentional
User_99,2025-05-23 04:29:31,0.622,0.4494,Running,Ligeris,Reckless_Driving,2way,1,90,5G,-75,25,19,0.0093188899759264,40.30590231466134,21.808135349723116,Unintentional
User_04,2025-05-23 04:56:55,0.619,0.6105,Driving,Zep,Driving_Under_Influence,2way,1,10,WiFi,-65,4,-15,0.044,40.28075298575966,21.75256863838896,Unintentional
User_39,2025-05-23 06:22:40,0.297,0.6124,Driving,Ligeris,Reckless_Driving,2way,2,70,5G,-115,55,11,0.034,40.30541718539266,21.807287651083996,Unintentional
User_51,2025-05-23 13:18:48,0.574,0.4203,Running,Ligeris,Driving_Under_Influence,2way,0,90,5G,-80,1,2,0.024,40.30560474794887,21.805325774500176,Unintentional
User_96,2025-05-23 13:34:31,0.308,0.4468,Driving,Ligeris,Reckless_Driving,4way,1,50,5G,-92,16,13,0.038,40.30503492691762,21.808009342449395,Unintentional
User_26,2025-05-24 13:00:13,0.495,0.5343,Walking,Ligeris,Reckless_Driving,2way,3,40,4G,-110,76,-21,0.0096570759930196,40.306468572416925,21.806465867127017,Unintentional
User_76,2025-05-24 13:31:09,0.251,0.4482,Walking,Koila,Speeding,1way,3,30,4G,-113,45,-23,0.0047535559152967,40.32038458461241,21.79095330627864,Unintentional
User_24,2025-05-25 09:53:40,0.354,0.6278,Driving,Ligeris,Driving_Under_Influence,1way,1,20,WiFi,-51,99,-4,0.043,40.30638095827715,21.806753526672026,Unintentional
User_24,2025-05-25 22:38:43,0.354,0.6288,Driving,Zep,Reckless_Driving,2way,1,30,WiFi,-55,31,-13,0.039,40.27916328428975,21.754456735050866,Unintentional
User_93,2025-05-25 23:05:24,0.333,0.6763,Walking,Koila,Reckless_Driving,1way,0,20,WiFi,-72,36,-20,0.0055878911396713,40.32115957902685,21.792472702721657,Unintentional
User_56,2025-05-26 07:30:11,0.449,0.6286,Walking,Koila,Speeding,2way,0,60,3G,-89,42,11,0.038,40.32120485658398,21.7923701763119,Unintentional
User_45,2025-05-26 11:37:21,0.693,0.4864,Running,Koila,Driving_Under_Influence,2way,0,20,4G,-88,78,24,0.0098144738527648,40.32359880323971,21.790988415837695,Unintentional
User_17,2025-05-26 17:25:34,0.439,0.6656,Walking,Zep,Reckless_Driving,2way,0,70,3G,-118,21,19,0.0092893802461232,40.27909328592826,21.751096443188555,Unintentional
User_54,2025-05-26 20:34:06,0.482,0.6669,Walking,Ligeris,Driving_Under_Influence,2way,1,90,3G,-109,95,-23,0.0016049680303107,40.30573291117966,21.80749639120017,Unintentional
User_64,2025-05-27 02:47:08,0.287,0.3017,Driving,Ligeris,Reckless_Driving,1way,0,80,4G,-120,54,-20,0.0010670096190805,40.30726225037788,21.809216308639215,Unintentional
User_32,2025-05-27 07:04:39,0.684,0.3933,Driving,Ligeris,Speeding,2way,0,90,WiFi,-88,38,-4,0.043,40.30677382875019,21.80753734754499,Unintentional
User_81,2025-05-27 08:04:17,0.307,0.3853,Walking,Koila,Reckless_Driving,2way,0,70,3G,-84,50,10,0.029,40.32182699798985,21.79105557144218,Unintentional
User_55,2025-05-27 13:12:49,0.3,0.6674,Driving,Koila,Speeding,4way,0,30,WiFi,-88,11,6,0.024,40.32196522943344,21.792712115629502,Unintentional
User_52,2025-05-27 18:24:13,0.706,0.6924,Driving,Ligeris,Reckless_Driving,1way,0,50,5G,-85,91,19,0.009259736758897,40.30643661267076,21.806981780090418,Unintentional
User_20,2025-05-27 20:50:52,0.625,0.6893,Running,Zep,Driving_Under_Influence,4way,0,90,3G,-103,38,-7,0.04,40.27978984096118,21.75383568021033,Unintentional
User_92,2025-05-27 21:41:53,0.622,0.3034,Walking,Zep,Driving_Under_Influence,4way,2,80,5G,-88,62,-24,0.0047467019276535,40.2794523710314,21.75242365163782,Unintentional
User_57,2025-05-28 12:07:59,0.592,0.5478,Running,Zep,Reckless_Driving,2way,0,40,WiFi,-81,27,1,0.035,40.2794495222263,21.752873237075647,Unintentional
User_86,2025-05-28 18:31:18,0.343,0.5088,Driving,Zep,Driving_Under_Influence,1way,2,70,WiFi,-85,96,-15,0.036,40.279659577126,21.755136893527705,Unintentional
User_80,2025-05-29 00:53:20,0.447,0.6236,Running,Ligeris,Reckless_Driving,1way,1,20,3G,-119,35,17,0.0076897955650878,40.30684859054423,21.806723747434752,Unintentional
User_63,2025-05-29 06:02:38,0.549,0.6653,Driving,Ligeris,Driving_Under_Influence,2way,0,20,5G,-115,67,19,0.0016969377640213,40.30522026068204,21.80776338548727,Unintentional
User_34,2025-05-29 16:05:14,0.466,0.4162,Walking,Koila,Speeding,1way,1,30,3G,-80,56,-14,0.044,40.321981500191605,21.791308069796155,Unintentional
User_06,2025-05-29 17:15:30,0.573,0.5257,Running,Koila,Reckless_Driving,2way,1,70,5G,-78,66,-16,0.04,40.32137378161536,21.791915306550106,Unintentional
User_70,2025-05-29 23:23:24,0.314,0.4681,Driving,Zep,Speeding,2way,0,30,3G,-94,55,24,0.007507666120863,40.27978847035583,21.751608905420877,Unintentional
User_15,2025-05-30 00:50:38,0.369,0.3388,Walking,Koila,Driving_Under_Influence,2way,2,80,5G,-88,79,-7,0.023,40.3232626397428,21.79252954605899,Unintentional
User_23,2025-05-30 08:54:30,0.532,0.3677,Running,Koila,Reckless_Driving,4way,1,70,3G,-105,97,22,0.0058133496810319,40.32210976511615,21.790952053824583,Unintentional
User_55,2025-05-30 11:46:31,0.3,0.6724,Walking,Zep,Speeding,2way,1,40,4G,-71,64,11,0.021,40.279875390399766,21.754056070213505,Unintentional
User_30,2025-05-30 17:05:20,0.478,0.5021,Walking,Ligeris,Driving_Under_Influence,2way,0,50,5G,-111,12,18,0.0068374000151783,40.3059923403052,21.807799681665543,Unintentional
User_94,2025-05-30 20:38:24,0.459,0.304,Walking,Ligeris,Driving_Under_Influence,4way,1,80,4G,-97,12,-10,0.032,40.30758835956851,21.806842342088828,Unintentional
User_45,2025-05-30 21:42:17,0.693,0.4954,Driving,Zep,Driving_Under_Influence,1way,0,50,WiFi,-88,57,-18,0.0064309789927694,40.279984114650446,21.753243473256862,Unintentional
User_53,2025-05-30 21:44:43,0.703,0.4933,Driving,Ligeris,Reckless_Driving,1way,0,30,3G,-116,25,-8,0.026,40.30525245772235,21.809318821329576,Unintentional
User_04,2025-05-31 00:20:44,0.619,0.6265,Driving,Ligeris,Driving_Under_Influence,1way,3,80,3G,-91,53,25,0.0067379094757486,40.30487052045361,21.80818088517192,Unintentional
User_33,2025-05-31 03:42:32,0.554,0.5053,Driving,Zep,Speeding,2way,1,20,3G,-95,69,-11,0.047,40.27892436478564,21.751784125027285,Unintentional
User_86,2025-05-31 09:17:00,0.343,0.5148,Walking,Zep,Reckless_Driving,2way,0,80,5G,-78,56,-1,0.041,40.279593030460624,21.754899797340208,Unintentional
User_16,2025-05-31 10:14:10,0.455,0.5708,Driving,Zep,Driving_Under_Influence,4way,0,70,WiFi,-74,77,-21,0.0050201950175728,40.28130676139491,21.752967440700107,Unintentional
User_69,2025-05-31 17:52:15,0.667,0.4071,Walking,Zep,Reckless_Driving,2way,1,60,5G,-108,72,9,0.036,40.28012149932038,21.75307182608576,Unintentional
User_72,2025-05-31 20:09:48,0.359,0.6188,Driving,Ligeris,Speeding,1way,0,80,4G,-78,97,-20,0.0090670825949843,40.30513389641902,21.807000059651248,Unintentional
User_98,2025-05-31 21:29:59,0.734,0.448,Running,Zep,Driving_Under_Influence,4way,0,50,4G,-120,99,24,0.0030559065581115,40.27909050242125,21.75169446380156,Unintentional
User_15,2025-05-31 22:09:28,0.369,0.3418,Running,Ligeris,Reckless_Driving,2way,1,40,5G,-101,25,5,0.028,40.306099177779146,21.80742351438452,Unintentional
User_49,2025-06-01 15:01:03,0.462,0.4737,Driving,Koila,Speeding,2way,0,40,5G,-71,72,-22,0.0066881587117563,40.32102230120527,21.79084204793575,Unintentional
User_86,2025-06-01 20:08:40,0.343,0.5178,Walking,Ligeris,Driving_Under_Influence,1way,0,40,5G,-101,33,-13,0.034,40.306404617588754,21.80641629128899,Unintentional
User_05,2025-06-01 20:27:33,0.307,0.4437,Walking,Koila,Driving_Under_Influence,2way,1,20,5G,-75,60,22,0.0017583150652059,40.322447519053725,21.79166310237771,Unintentional
User_100,2025-06-01 22:49:41,0.718,0.643,Driving,Zep,Speeding,2way,0,80,WiFi,-53,57,21,0.0070589558259018,40.27975909091961,21.75339034432004,Unintentional
User_35,2025-06-01 23:48:05,0.301,0.3605,Walking,Zep,Speeding,2way,1,40,3G,-117,64,22,0.0022350713698357,40.279577676096906,21.755188432523273,Unintentional
User_22,2025-06-02 03:14:22,0.656,0.4056,Running,Zep,Speeding,1way,0,60,3G,-95,7,-12,0.031,40.27871539269324,21.752417925782986,Unintentional
User_71,2025-06-02 03:40:06,0.259,0.5652,Driving,Zep,Driving_Under_Influence,2way,1,50,3G,-84,93,16,0.022,40.28003446997139,21.75334787609346,Unintentional
User_63,2025-06-02 05:16:02,0.549,0.6733,Running,Zep,Reckless_Driving,2way,1,30,4G,-86,76,4,0.028,40.27959666601186,21.753195283735987,Unintentional
User_79,2025-06-02 14:07:00,0.326,0.3939,Running,Ligeris,Speeding,4way,0,10,4G,-110,54,-9,0.023,40.30618491657504,21.807380274657643,Unintentional
User_19,2025-06-02 15:59:46,0.361,0.6398,Running,Zep,Speeding,4way,5,60,WiFi,-75,53,13,0.049,40.28004835300631,21.75402792910857,Unintentional
User_97,2025-06-02 21:35:07,0.737,0.5186,Walking,Koila,Speeding,1way,0,60,3G,-76,91,20,0.006123055363199,40.32206523001201,21.791176139917372,Unintentional
User_93,2025-06-03 01:10:32,0.333,0.6933,Running,Koila,Reckless_Driving,4way,0,20,5G,-71,77,17,0.007275115824259,40.322066710472605,21.791282668705573,Unintentional
User_99,2025-06-04 04:51:38,0.622,0.4734,Running,Ligeris,Driving_Under_Influence,2way,0,30,3G,-82,11,17,0.0028917412451512,40.30721405729327,21.808600559589923,Unintentional
User_28,2025-06-04 12:35:43,0.311,0.3288,Driving,Koila,Reckless_Driving,2way,0,90,WiFi,-61,29,-8,0.028,40.32213717508961,21.790722158454496,Unintentional
User_78,2025-06-05 01:56:14,0.615,0.519,Walking,Koila,Speeding,2way,0,40,WiFi,-72,6,22,0.0089390538388391,40.32204752580719,21.790581428025327,Unintentional
User_09,2025-06-05 02:13:11,0.444,0.4127,Walking,Ligeris,Reckless_Driving,2way,1,40,4G,-96,37,24,0.0034482697195128,40.3068596993875,21.808249731075705,Unintentional
User_52,2025-06-05 04:04:43,0.706,0.7094,Driving,Ligeris,Reckless_Driving,2way,0,30,3G,-80,31,-21,0.0062088940392358,40.30626904333789,21.807652787595135,Unintentional
User_63,2025-06-06 09:05:03,0.549,0.6823,Running,Koila,Speeding,2way,2,80,WiFi,-88,68,7,0.04,40.3228925858474,21.789226121740832,Unintentional
User_84,2025-06-06 09:49:29,0.488,0.5034,Running,Zep,Driving_Under_Influence,1way,0,70,4G,-114,17,-16,0.035,40.279965379790205,21.755530507290903,Unintentional
User_35,2025-06-06 23:38:52,0.301,0.3705,Walking,Zep,Driving_Under_Influence,2way,1,20,5G,-76,86,15,0.048,40.277886183975745,21.753642623262724,Unintentional
User_71,2025-06-07 02:41:27,0.259,0.5752,Walking,Zep,Speeding,1way,0,80,4G,-117,18,18,0.007451536430223,40.27920287049468,21.753083693247586,Unintentional
User_97,2025-06-07 04:43:38,0.737,0.5276,Running,Zep,Reckless_Driving,2way,0,20,3G,-99,64,19,0.0070933927189223,40.28081266596079,21.753570326938288,Unintentional
User_34,2025-06-07 08:53:52,0.466,0.4342,Running,Ligeris,Driving_Under_Influence,2way,5,30,4G,-70,50,24,0.0066231825791189,40.305939055572225,21.808533469975607,Unintentional
User_59,2025-06-07 13:45:09,0.521,0.4343,Driving,Zep,Speeding,2way,0,40,5G,-117,10,-2,0.043,40.279075639871664,21.752489684930836,Unintentional
User_99,2025-06-08 04:35:37,0.622,0.4814,Running,Ligeris,Driving_Under_Influence,2way,0,10,WiFi,-73,10,20,0.0041356110748002,40.30707615826527,21.80740365921519,Unintentional
User_24,2025-06-08 05:50:57,0.354,0.6558,Driving,Ligeris,Speeding,2way,2,10,3G,-116,88,-12,0.05,40.30539740232318,21.80652817929135,Unintentional
User_97,2025-06-08 06:34:23,0.737,0.5296,Walking,Koila,Driving_Under_Influence,2way,2,80,WiFi,-75,37,6,0.039,40.322130940605,21.791069099624465,Unintentional
User_30,2025-06-08 10:22:46,0.478,0.5191,Driving,Ligeris,Speeding,2way,2,10,4G,-119,93,23,0.0016249635176893,40.30749852789384,21.807343089939405,Unintentional
User_36,2025-06-08 13:51:35,0.58,0.578,Driving,Zep,Reckless_Driving,2way,0,20,WiFi,-84,96,-9,0.026,40.280392661932055,21.751996261515828,Unintentional
User_84,2025-06-08 17:16:00,0.488,0.5084,Running,Ligeris,Reckless_Driving,1way,1,20,5G,-87,100,20,0.0096383010992272,40.30518408235429,21.808864484019196,Unintentional
User_97,2025-06-08 18:36:28,0.737,0.5306,Driving,Koila,Driving_Under_Influence,4way,0,20,3G,-76,46,17,0.0098283483673845,40.32356490500957,21.78994001087085,Unintentional
User_58,2025-06-09 01:15:35,0.744,0.5112,Walking,Zep,Reckless_Driving,1way,2,10,5G,-103,23,-5,0.023,40.2805962915235,21.753315180731576,Unintentional
User_95,2025-06-09 05:27:58,0.36,0.5939,Driving,Koila,Speeding,1way,4,10,WiFi,-83,9,0,0.046,40.3208871126254,21.791275086861067,Unintentional
User_05,2025-06-09 08:18:29,0.307,0.4597,Running,Ligeris,Driving_Under_Influence,2way,1,80,4G,-111,51,17,0.009759422649224,40.30625905416986,21.806374469902963,Unintentional
User_50,2025-06-09 08:48:30,0.395,0.5434,Running,Ligeris,Driving_Under_Influence,2way,1,30,5G,-82,91,18,0.0044912272124411,40.3052001852149,21.807668018234107,Unintentional
User_55,2025-06-09 09:15:38,0.3,0.6934,Running,Zep,Driving_Under_Influence,1way,0,40,4G,-86,52,-19,0.0075399899590708,40.278359545882026,21.754651218348368,Unintentional
User_20,2025-06-09 13:42:33,0.625,0.7143,Driving,Koila,Reckless_Driving,2way,0,50,WiFi,-84,5,17,0.0089787999887925,40.32201866016759,21.79156064683487,Unintentional
User_84,2025-06-09 15:24:30,0.488,0.5094,Driving,Ligeris,Speeding,2way,0,50,4G,-90,1,11,0.027,40.305393070986625,21.807933726309063,Unintentional
User_19,2025-06-10 00:18:24,0.361,0.6548,Running,Zep,Reckless_Driving,4way,1,30,5G,-111,59,13,0.025,40.27894052108477,21.753060189707163,Unintentional
User_64,2025-06-10 06:57:13,0.287,0.3297,Driving,Zep,Driving_Under_Influence,4way,0,80,3G,-97,17,-19,0.0060010429071113,40.27957602948474,21.75411573486405,Unintentional
User_50,2025-06-10 07:00:28,0.395,0.5454,Walking,Koila,Driving_Under_Influence,1way,1,70,4G,-94,30,23,0.0067944734204603,40.32237575783062,21.790374771619497,Unintentional
User_80,2025-06-10 13:43:25,0.447,0.6486,Driving,Zep,Reckless_Driving,4way,4,30,3G,-88,66,13,0.046,40.27943301031173,21.753025566263425,Unintentional
User_78,2025-06-10 14:42:45,0.615,0.529,Running,Koila,Driving_Under_Influence,2way,2,60,3G,-91,29,19,0.0027330138600816,40.32260188692282,21.79218328444282,Unintentional
User_68,2025-06-10 19:29:36,0.402,0.5517,Running,Ligeris,Reckless_Driving,1way,1,20,3G,-82,39,18,0.0089087670667807,40.30688615151439,21.807541129457434,Unintentional
User_41,2025-06-11 03:12:56,0.642,0.6675,Driving,Zep,Reckless_Driving,2way,0,50,4G,-112,72,-3,0.028,40.27877785636525,21.754166645932152,Unintentional
User_83,2025-06-11 17:10:44,0.498,0.4067,Running,Koila,Driving_Under_Influence,2way,0,40,4G,-120,51,-2,0.047,40.321536313689215,21.791151838187364,Unintentional
User_59,2025-06-12 03:32:56,0.521,0.4453,Driving,Ligeris,Reckless_Driving,1way,0,20,4G,-106,55,25,0.0042711121681426,40.30725197021832,21.806602053602163,Unintentional
User_44,2025-06-12 06:29:44,0.546,0.6015,Walking,Koila,Speeding,4way,1,70,3G,-87,3,-14,0.045,40.32193672928066,21.791543600865506,Unintentional
User_01,2025-06-12 09:28:56,0.581,0.6977,Driving,Zep,Reckless_Driving,1way,4,40,3G,-112,93,-17,0.0080667885682101,40.27905986328641,21.75125327322476,Unintentional
User_48,2025-06-12 10:20:49,0.636,0.5179,Driving,Zep,Speeding,2way,0,40,4G,-73,21,-4,0.042,40.28000495901619,21.75357784284441,Unintentional
User_77,2025-06-12 13:24:39,0.369,0.4113,Driving,Koila,Driving_Under_Influence,4way,0,30,3G,-73,82,-1,0.048,40.320625109791585,21.78999380698643,Unintentional
User_01,2025-06-12 14:40:26,0.581,0.6987,Driving,Zep,Reckless_Driving,4way,0,80,WiFi,-73,65,4,0.035,40.27944295854533,21.75286743752496,Unintentional
User_03,2025-06-12 15:14:41,0.47,0.6262,Walking,Koila,Speeding,4way,1,50,WiFi,-72,63,-25,0.005095638076278,40.32270491335189,21.792519722102472,Unintentional
User_28,2025-06-12 21:40:38,0.311,0.3448,Driving,Zep,Speeding,2way,0,10,3G,-107,17,-25,0.0078038702605685,40.279860258524586,21.753794872695305,Unintentional
User_25,2025-06-13 04:35:29,0.352,0.3913,Running,Zep,Speeding,2way,0,80,4G,-119,17,15,0.023,40.2796095419642,21.75266127400511,Unintentional
User_38,2025-06-13 07:24:08,0.497,0.5976,Running,Zep,Speeding,4way,0,20,4G,-83,9,3,0.022,40.279135185391254,21.75394712068506,Unintentional
User_36,2025-06-13 12:05:59,0.58,0.588,Driving,Zep,Reckless_Driving,1way,4,10,WiFi,-61,67,-23,0.001755457303602,40.27948666441311,21.753915659208815,Unintentional
User_57,2025-06-13 14:46:07,0.592,0.5808,Walking,Zep,Speeding,2way,2,10,3G,-76,23,-18,0.00527212720209,40.27939717028177,21.7539172545682,Unintentional
User_32,2025-06-13 14:50:30,0.684,0.4273,Driving,Zep,Speeding,4way,5,60,WiFi,-87,56,0,0.027,40.280794138603994,21.754873342380495,Unintentional
User_92,2025-06-14 09:56:56,0.622,0.3384,Driving,Ligeris,Driving_Under_Influence,2way,1,40,4G,-106,38,22,0.0023376614073825,40.3054180264159,21.807526742432973,Unintentional
User_89,2025-06-14 14:35:44,0.606,0.7212,Running,Koila,Driving_Under_Influence,2way,1,90,4G,-70,58,-20,0.0088823821895898,40.3214639852986,21.791481731761603,Unintentional
User_78,2025-06-14 15:57:59,0.615,0.537,Driving,Ligeris,Reckless_Driving,2way,4,50,4G,-117,41,5,0.032,40.30613856828368,21.80653349770771,Unintentional
User_55,2025-06-14 19:06:32,0.3,0.7034,Running,Koila,Reckless_Driving,1way,2,90,5G,-96,17,-18,0.0043416708027866,40.32096906375501,21.790345436079953,Unintentional
User_16,2025-06-14 19:41:12,0.455,0.5988,Driving,Zep,Reckless_Driving,1way,0,80,5G,-94,44,-13,0.037,40.28018533366702,21.75333631944969,Unintentional
User_28,2025-06-14 20:22:35,0.311,0.3488,Walking,Ligeris,Speeding,4way,2,10,WiFi,-59,91,20,0.0041539216471831,40.30673928321839,21.806114289898396,Unintentional
User_53,2025-06-14 21:08:44,0.703,0.5233,Running,Koila,Reckless_Driving,4way,0,30,WiFi,-68,10,3,0.031,40.32156535166037,21.791210073812348,Unintentional
User_31,2025-06-15 04:58:23,0.293,0.7297,Running,Koila,Speeding,1way,1,50,4G,-117,37,17,0.0058620970316753,40.32211159754399,21.789627503418657,Unintentional
User_09,2025-06-15 06:28:28,0.444,0.4327,Driving,Zep,Driving_Under_Influence,2way,1,40,5G,-118,71,-1,0.048,40.28076366276016,21.753566272502365,Unintentional
User_100,2025-06-15 10:28:34,0.718,0.67,Walking,Ligeris,Reckless_Driving,4way,0,50,WiFi,-90,52,10,0.045,40.30726630138107,21.808828070443525,Unintentional
User_46,2025-06-15 13:15:38,0.537,0.5609,Running,Koila,Speeding,2way,1,10,4G,-99,43,11,0.034,40.322286727971544,21.79025217601256,Unintentional
User_17,2025-06-15 14:02:21,0.439,0.7046,Driving,Koila,Speeding,1way,1,60,3G,-106,29,-15,0.037,40.32170771541927,21.78912822366578,Unintentional
User_67,2025-06-15 21:40:00,0.692,0.5711,Running,Koila,Driving_Under_Influence,1way,1,40,WiFi,-67,45,-2,0.028,40.32120286083794,21.791304669063443,Unintentional
User_94,2025-06-16 03:31:00,0.459,0.337,Walking,Ligeris,Driving_Under_Influence,2way,1,20,3G,-99,3,23,0.0077117058728486,40.306347623604275,21.80752191450659,Unintentional
User_52,2025-06-16 04:05:04,0.706,0.7314,Walking,Ligeris,Speeding,1way,1,30,4G,-90,4,-20,0.0014079010953063,40.30763585752055,21.80838379106317,Unintentional
User_30,2025-06-16 05:15:11,0.478,0.5351,Driving,Koila,Driving_Under_Influence,4way,0,50,WiFi,-56,58,16,0.047,40.32207365168416,21.79129174215072,Unintentional
User_92,2025-06-16 10:16:15,0.622,0.3424,Walking,Ligeris,Driving_Under_Influence,1way,1,70,4G,-85,48,-23,0.0060203477190575,40.30622914377709,21.8092815007144,Unintentional
User_96,2025-06-16 12:36:52,0.308,0.4948,Walking,Koila,Speeding,1way,0,50,5G,-76,4,5,0.042,40.320652888280826,21.79135464009397,Unintentional
User_78,2025-06-16 13:58:30,0.615,0.542,Driving,Ligeris,Driving_Under_Influence,1way,0,70,3G,-106,4,-13,0.049,40.30655882102648,21.80815224562691,Unintentional
User_69,2025-06-16 14:04:35,0.667,0.4381,Walking,Koila,Reckless_Driving,2way,2,70,4G,-74,72,20,0.0021650784726099,40.32212747121096,21.79064461881373,Unintentional
User_75,2025-06-16 22:32:37,0.65,0.6204,Running,Ligeris,Reckless_Driving,1way,1,20,5G,-109,30,0,0.035,40.305780399578715,21.805590143535635,Unintentional
User_84,2025-06-17 07:33:47,0.488,0.5254,Walking,Ligeris,Reckless_Driving,2way,1,80,3G,-95,11,22,0.0097053990155868,40.30618515558472,21.8074894507532,Unintentional
User_32,2025-06-17 10:33:36,0.684,0.4353,Driving,Zep,Driving_Under_Influence,1way,0,30,WiFi,-50,78,-12,0.025,40.2803427629682,21.75372595964268,Unintentional
User_61,2025-06-17 11:13:43,0.304,0.4816,Walking,Ligeris,Reckless_Driving,2way,0,130,3G,-118,6,18,0.0064398303886544,40.30704563090928,21.8066205273468,Unintentional
User_38,2025-06-17 13:02:46,0.497,0.6056,Driving,Zep,Driving_Under_Influence,1way,1,100,3G,-93,2,-19,0.0016798254352115,40.27956281079899,21.753260652154054,Unintentional
User_42,2025-06-17 13:42:41,0.544,0.7033,Running,Zep,Speeding,1way,1,70,4G,-104,50,19,0.0085245129388291,40.2796321373433,21.755122383294637,Unintentional
User_44,2025-06-17 18:31:10,0.546,0.6115,Walking,Koila,Speeding,2way,0,30,WiFi,-64,6,25,0.0084659618790954,40.322182972174225,21.790540174180705,Unintentional
User_06,2025-06-17 23:46:32,0.573,0.5637,Running,Zep,Speeding,4way,0,20,WiFi,-75,64,-17,0.0081040418586923,40.279732999492495,21.75336238428635,Unintentional
User_26,2025-06-18 02:09:53,0.495,0.5843,Running,Zep,Reckless_Driving,2way,1,10,5G,-87,77,-22,0.0010574457353535,40.27964770202416,21.7553439918147,Unintentional
User_45,2025-06-18 11:30:58,0.693,0.5334,Walking,Ligeris,Reckless_Driving,2way,3,40,3G,-104,68,0,0.048,40.306173449530974,21.80706102606152,Unintentional
User_16,2025-06-18 17:52:44,0.455,0.6078,Walking,Ligeris,Speeding,4way,0,90,4G,-86,93,-20,0.0023904000840222,40.30712278297045,21.806633035454823,Unintentional
User_02,2025-06-18 17:54:46,0.477,0.5334,Walking,Koila,Driving_Under_Influence,2way,3,30,4G,-73,90,-13,0.034,40.321779016954686,21.7895409424608,Unintentional
User_85,2025-06-18 22:06:06,0.653,0.5383,Driving,Zep,Speeding,1way,4,20,3G,-115,13,-19,0.0022467516038184,40.279392834757445,21.75327391533491,Unintentional
User_58,2025-06-19 04:51:14,0.744,0.5312,Driving,Zep,Reckless_Driving,2way,2,60,4G,-94,64,-12,0.043,40.27946036763415,21.75323626598181,Unintentional
User_91,2025-06-19 11:32:54,0.716,0.5493,Running,Zep,Driving_Under_Influence,2way,3,50,WiFi,-51,85,10,0.037,40.27825231286125,21.753543788929147,Unintentional
User_81,2025-06-19 14:19:45,0.307,0.4313,Driving,Koila,Driving_Under_Influence,2way,1,50,5G,-72,48,2,0.044,40.32256352169894,21.791152535076524,Unintentional
User_88,2025-06-19 14:59:22,0.421,0.6802,Running,Ligeris,Driving_Under_Influence,4way,1,20,4G,-109,70,-21,0.0092790898887435,40.30611523217301,21.806777183177076,Unintentional
User_97,2025-06-20 04:38:36,0.737,0.5536,Driving,Koila,Reckless_Driving,2way,1,50,4G,-116,64,-17,0.0042182693285828,40.32323161329052,21.79172828284896,Unintentional
User_13,2025-06-20 07:36:02,0.738,0.6143,Walking,Zep,Driving_Under_Influence,1way,1,30,5G,-89,48,5,0.026,40.27847192848567,21.75443363667493,Unintentional
User_48,2025-06-20 08:35:12,0.636,0.5339,Running,Ligeris,Driving_Under_Influence,2way,0,80,5G,-82,17,6,0.031,40.30604035851712,21.80756497934,Unintentional
User_32,2025-06-21 12:21:12,0.684,0.4423,Running,Koila,Reckless_Driving,2way,0,50,5G,-78,73,22,0.007127174463894,40.32164718684564,21.789891592554252,Unintentional
User_36,2025-06-21 13:27:09,0.58,0.603,Driving,Ligeris,Driving_Under_Influence,4way,0,40,WiFi,-62,36,-24,0.0060165965875833,40.30590578051776,21.80936085743775,Unintentional
User_67,2025-06-21 15:43:14,0.692,0.5831,Walking,Zep,Driving_Under_Influence,1way,0,40,5G,-98,32,25,0.0012224259438041,40.27941826806904,21.754847209862024,Unintentional
User_47,2025-06-21 16:27:49,0.345,0.468,Running,Koila,Driving_Under_Influence,1way,0,40,3G,-102,59,3,0.022,40.32111261123727,21.79253525774557,Unintentional
User_44,2025-06-21 18:33:52,0.546,0.6185,Running,Koila,Reckless_Driving,2way,0,50,WiFi,-67,85,-7,0.032,40.32286356255045,21.79213610782242,Unintentional
User_19,2025-06-21 19:53:18,0.361,0.6768,Running,Ligeris,Reckless_Driving,2way,0,60,3G,-75,74,1,0.049,40.30518536758465,21.80699882820365,Unintentional
User_23,2025-06-21 21:16:46,0.532,0.4127,Walking,Ligeris,Reckless_Driving,4way,1,20,3G,-85,5,-19,0.0074812572660264,40.30557140980965,21.809522589659498,Unintentional
User_41,2025-06-22 01:16:37,0.642,0.6885,Walking,Koila,Driving_Under_Influence,4way,0,20,5G,-108,90,23,0.0097812501279472,40.3229449636535,21.79162272999632,Unintentional
User_24,2025-06-22 02:13:47,0.354,0.6838,Walking,Zep,Speeding,2way,2,10,3G,-80,73,2,0.028,40.279561567708626,21.753228031816978,Unintentional
User_33,2025-06-22 04:18:13,0.554,0.5493,Running,Koila,Reckless_Driving,4way,0,120,3G,-75,93,20,0.0012165007193138,40.322764510370064,21.791495832812693,Unintentional
User_30,2025-06-22 04:38:03,0.478,0.5481,Walking,Zep,Reckless_Driving,4way,0,90,4G,-104,73,-6,0.036,40.28072379435125,21.753539475245137,Unintentional
User_82,2025-06-22 10:58:30,0.291,0.38,Walking,Ligeris,Reckless_Driving,2way,1,30,WiFi,-89,36,-20,0.0036830552196522,40.30569993330426,21.806575546555397,Unintentional
User_59,2025-06-22 22:23:13,0.521,0.4653,Running,Ligeris,Driving_Under_Influence,4way,0,40,3G,-86,17,19,0.0033755023919576,40.306515669897856,21.80864829345236,Unintentional
User_69,2025-06-23 10:41:25,0.667,0.4521,Walking,Zep,Driving_Under_Influence,2way,4,30,3G,-118,65,17,0.0063554474536979,40.278820448028014,21.753800008735745,Unintentional
User_31,2025-06-24 00:38:13,0.293,0.7477,Driving,Zep,Driving_Under_Influence,2way,1,60,5G,-96,82,7,0.031,40.27939094519983,21.7531564668109,Unintentional
User_57,2025-06-24 16:52:18,0.592,0.6018,Running,Ligeris,Driving_Under_Influence,4way,0,30,4G,-114,60,3,0.041,40.30560599546591,21.80735969844568,Unintentional
User_88,2025-06-24 18:54:32,0.421,0.6902,Driving,Koila,Driving_Under_Influence,2way,1,80,4G,-83,34,23,0.0048801693574265,40.32311451908525,21.79043971121511,Unintentional
User_60,2025-06-24 20:30:00,0.669,0.4097,Driving,Koila,Driving_Under_Influence,1way,0,70,5G,-106,42,-19,0.0013169137208421,40.32119327097473,21.79185527363482,Unintentional
User_69,2025-06-24 21:50:19,0.667,0.4551,Walking,Ligeris,Reckless_Driving,1way,0,50,3G,-84,76,19,0.0072728678877588,40.30536807284196,21.807315260023294,Unintentional
User_31,2025-06-25 02:09:02,0.293,0.7497,Driving,Zep,Speeding,4way,2,60,3G,-117,86,20,0.003362798904713,40.27937610710301,21.754018522420193,Unintentional
User_61,2025-06-25 03:25:04,0.304,0.4966,Walking,Zep,Speeding,2way,0,90,5G,-99,61,23,0.0075085398927393,40.27990889675212,21.751314376615564,Unintentional
User_70,2025-06-25 12:34:03,0.314,0.5211,Running,Zep,Reckless_Driving,2way,1,20,3G,-102,94,23,0.0046262897457962,40.279403065614986,21.75273795316536,Unintentional
User_93,2025-06-25 20:11:27,0.333,0.7383,Driving,Koila,Driving_Under_Influence,2way,0,50,3G,-81,95,3,0.029,40.32220425308272,21.792039006640607,Unintentional
User_97,2025-06-25 23:46:20,0.737,0.5646,Driving,Ligeris,Speeding,2way,3,40,4G,-115,93,-25,0.0077221174589039,40.30567329155884,21.805837569207014,Unintentional
User_85,2025-06-26 02:18:31,0.653,0.5533,Driving,Ligeris,Driving_Under_Influence,2way,0,40,WiFi,-86,59,14,0.034,40.3062106212801,21.80755738161119,Unintentional
User_71,2025-06-26 07:41:06,0.259,0.6132,Driving,Koila,Driving_Under_Influence,4way,0,30,WiFi,-71,50,-24,0.0054389030678191,40.322125083383874,21.79098907992291,Unintentional
User_89,2025-06-26 11:00:30,0.606,0.7452,Running,Koila,Driving_Under_Influence,1way,0,30,WiFi,-60,34,14,0.026,40.32152632484703,21.792399725932153,Unintentional
User_37,2025-06-26 14:58:43,0.696,0.3687,Walking,Zep,Speeding,4way,0,60,WiFi,-68,87,3,0.028,40.27939866765691,21.75500222226028,Unintentional
User_28,2025-06-26 20:16:05,0.311,0.3718,Running,Ligeris,Reckless_Driving,1way,3,40,WiFi,-62,11,7,0.026,40.306568513270065,21.80878637803189,Unintentional
User_87,2025-06-26 22:31:54,0.64,0.6595,Walking,Zep,Speeding,2way,0,80,WiFi,-79,50,-22,0.0072053939201345,40.27955453592259,21.751670809561578,Unintentional
User_88,2025-06-26 23:31:08,0.421,0.6942,Walking,Koila,Driving_Under_Influence,2way,0,20,4G,-113,23,23,0.0037291401235654,40.3220126088714,21.79064932039032,Unintentional
User_18,2025-06-27 01:02:24,0.669,0.5134,Driving,Koila,Driving_Under_Influence,2way,0,40,4G,-80,43,23,0.0057622198939495,40.32163322404733,21.79323008619843,Unintentional
User_73,2025-06-27 02:07:40,0.343,0.7253,Driving,Koila,Driving_Under_Influence,2way,0,40,4G,-83,74,-25,0.0079708026411727,40.321267754199766,21.79020941276157,Unintentional
User_38,2025-06-27 11:44:07,0.497,0.6256,Running,Ligeris,Reckless_Driving,2way,1,20,4G,-80,71,14,0.048,40.30536638523984,21.808441255429443,Unintentional
User_18,2025-06-27 13:41:35,0.669,0.5144,Running,Ligeris,Driving_Under_Influence,1way,1,40,3G,-117,35,-18,0.00906502471553,40.30601635811785,21.807231383399223,Unintentional
User_49,2025-06-27 17:43:16,0.462,0.5257,Driving,Ligeris,Driving_Under_Influence,1way,1,30,4G,-88,23,-14,0.042,40.30446370799223,21.80789351553565,Unintentional
User_20,2025-06-27 21:56:53,0.625,0.7513,Driving,Ligeris,Driving_Under_Influence,2way,1,30,4G,-88,99,-19,0.0033750480543808,40.30634178485683,21.80838169637922,Unintentional
User_82,2025-06-28 04:10:33,0.291,0.391,Walking,Ligeris,Reckless_Driving,2way,2,40,3G,-73,73,20,0.0011596176073462,40.30599301645943,21.809021277296168,Unintentional
User_66,2025-06-28 04:21:16,0.551,0.4929,Running,Ligeris,Reckless_Driving,2way,0,40,WiFi,-77,13,22,0.0038908197302685,40.30679818701768,21.8085505226553,Unintentional
User_99,2025-06-28 13:09:07,0.622,0.5224,Running,Zep,Speeding,1way,0,30,5G,-116,17,-4,0.04,40.27957222213244,21.75326650615171,Unintentional
User_31,2025-06-28 14:48:10,0.293,0.7557,Walking,Ligeris,Speeding,2way,1,60,4G,-114,16,-9,0.029,40.30549984725311,21.808240839582695,Unintentional
User_19,2025-06-28 16:21:15,0.361,0.6908,Running,Zep,Speeding,4way,3,80,5G,-86,10,-24,0.0036881068021097,40.27835130327014,21.75186974519487,Unintentional
User_35,2025-06-28 20:09:16,0.301,0.4145,Walking,Koila,Reckless_Driving,1way,0,80,3G,-114,23,-19,0.009570788990701,40.32284969952149,21.791536794627767,Unintentional
User_76,2025-06-29 05:02:22,0.251,0.5192,Driving,Zep,Reckless_Driving,1way,0,90,3G,-114,51,-21,0.0098309284962583,40.27933683902124,21.753001473246783,Unintentional
User_56,2025-06-29 05:12:37,0.449,0.6966,Walking,Koila,Driving_Under_Influence,2way,0,30,3G,-85,72,-11,0.034,40.322153601049955,21.791307066600417,Unintentional
User_04,2025-06-29 06:19:58,0.619,0.6845,Driving,Zep,Reckless_Driving,4way,1,60,5G,-76,38,8,0.04,40.280000682210286,21.75284667176161,Unintentional
User_29,2025-06-29 20:09:45,0.603,0.7113,Driving,Koila,Speeding,1way,4,80,5G,-106,90,3,0.038,40.32207316015668,21.791318873712452,Unintentional
User_25,2025-06-29 20:25:34,0.352,0.4243,Running,Zep,Driving_Under_Influence,2way,0,90,5G,-78,15,-15,0.045,40.278580483361935,21.754469240088284,Unintentional
User_89,2025-06-29 20:43:29,0.606,0.7512,Walking,Ligeris,Reckless_Driving,4way,0,10,4G,-104,16,16,0.04,40.305937755796435,21.80770912715462,Unintentional
User_72,2025-06-29 21:12:09,0.359,0.6768,Running,Koila,Speeding,1way,0,80,4G,-79,3,-2,0.033,40.32140692143191,21.78915088252448,Unintentional
User_23,2025-06-29 23:43:08,0.532,0.4287,Walking,Zep,Speeding,2way,0,80,3G,-96,99,-8,0.038,40.27995374603916,21.753461575130693,Unintentional
User_98,2025-06-30 00:34:09,0.734,0.507,Walking,Koila,Speeding,2way,0,80,5G,-92,33,17,0.0035334424157473,40.32366528413905,21.792315384116403,Unintentional
User_08,2025-06-30 05:34:13,0.33,0.6709,Walking,Ligeris,Driving_Under_Influence,2way,0,50,5G,-83,79,-9,0.024,40.30691393251857,21.80902448350505,Unintentional
User_90,2025-06-30 08:29:02,0.395,0.4718,Driving,Zep,Reckless_Driving,1way,0,110,3G,-89,5,22,0.0024972275539357,40.28075121245103,21.75426772034247,Unintentional
User_60,2025-06-30 17:37:10,0.669,0.4207,Driving,Zep,Driving_Under_Influence,2way,0,60,3G,-113,46,23,0.0055731619422813,40.28096748699442,21.75235281150335,Unintentional
User_75,2025-06-30 17:45:23,0.65,0.6474,Walking,Koila,Speeding,4way,0,10,WiFi,-66,91,-10,0.03,40.32198404449093,21.789787790898792,Unintentional
User_20,2025-07-01 04:28:14,0.625,0.7593,Walking,Koila,Reckless_Driving,4way,1,60,WiFi,-61,1,-13,0.043,40.32350770025194,21.79205936831153,Unintentional
User_97,2025-07-01 07:24:50,0.737,0.5756,Running,Zep,Reckless_Driving,2way,0,10,WiFi,-72,44,-23,0.00554122187398,40.278333050785115,21.751990958915325,Unintentional
User_100,2025-07-01 07:32:40,0.718,0.702,Walking,Ligeris,Reckless_Driving,1way,0,20,WiFi,-85,42,-3,0.038,40.30624317566678,21.80662524619793,Unintentional
User_73,2025-07-01 14:36:10,0.343,0.7343,Walking,Ligeris,Reckless_Driving,2way,0,50,WiFi,-68,85,21,0.0049952679605115,40.30550845852627,21.80774413111588,Unintentional
User_52,2025-07-01 23:58:40,0.706,0.7624,Running,Zep,Driving_Under_Influence,1way,0,60,3G,-77,84,20,0.0064081738003539,40.278605015523645,21.753557637602594,Unintentional
User_25,2025-07-02 09:15:34,0.352,0.4293,Running,Ligeris,Reckless_Driving,2way,0,60,4G,-76,56,5,0.034,40.306518670261525,21.807471081135535,Unintentional
User_73,2025-07-02 16:28:35,0.343,0.7353,Driving,Koila,Driving_Under_Influence,2way,0,40,4G,-83,43,-1,0.024,40.3233599187407,21.790782834281114,Unintentional
User_26,2025-07-02 18:49:46,0.495,0.6133,Running,Koila,Speeding,2way,0,60,WiFi,-79,25,11,0.023,40.32208848634574,21.7912602432994,Unintentional
User_46,2025-07-03 01:50:19,0.537,0.5969,Running,Zep,Reckless_Driving,2way,1,90,4G,-93,71,-21,0.0037406902439127,40.27985383477216,21.752091141437965,Unintentional
User_81,2025-07-03 03:18:37,0.307,0.4583,Walking,Koila,Speeding,4way,0,10,WiFi,-83,41,-20,0.0068611928354005,40.32186762619295,21.79086923829293,Unintentional
User_85,2025-07-03 08:24:49,0.653,0.5673,Running,Koila,Reckless_Driving,2way,1,70,5G,-119,39,-2,0.033,40.32230869490822,21.791053808757816,Unintentional
User_55,2025-07-03 09:36:20,0.3,0.7414,Driving,Ligeris,Reckless_Driving,2way,1,130,WiFi,-88,40,25,0.0013692609295658,40.30694020385294,21.80623952597637,Unintentional
User_90,2025-07-03 10:20:15,0.395,0.4788,Driving,Ligeris,Speeding,1way,1,50,3G,-99,38,-25,0.0082783808287693,40.30532870071989,21.80597990536316,Unintentional
User_79,2025-07-03 10:28:38,0.326,0.4559,Walking,Zep,Reckless_Driving,1way,0,40,WiFi,-52,38,21,0.0050351732866979,40.279022093717224,21.75490461009355,Unintentional
User_60,2025-07-03 17:17:31,0.669,0.4277,Walking,Zep,Reckless_Driving,2way,0,60,WiFi,-72,61,-13,0.042,40.28013068054171,21.75314816298813,Unintentional
User_36,2025-07-03 19:20:11,0.58,0.627,Driving,Zep,Speeding,1way,1,60,3G,-117,76,17,0.005890805982323,40.27827588501283,21.754277140400053,Unintentional
User_73,2025-07-04 00:07:18,0.343,0.7393,Walking,Zep,Driving_Under_Influence,1way,1,40,4G,-91,100,5,0.021,40.28010279521294,21.753114548713068,Unintentional
User_09,2025-07-04 05:58:40,0.444,0.4707,Driving,Zep,Reckless_Driving,1way,1,70,3G,-110,27,25,0.0013070884167426,40.27872868144852,21.752893448980657,Unintentional
User_24,2025-07-04 06:00:42,0.354,0.7078,Walking,Koila,Driving_Under_Influence,2way,0,10,WiFi,-68,44,18,0.0046615669616751,40.32196911212072,21.79237086954768,Unintentional
User_91,2025-07-04 11:16:38,0.716,0.5803,Driving,Koila,Speeding,2way,2,70,WiFi,-59,30,-17,0.0078905220729006,40.32150377971008,21.790159276468025,Unintentional
User_88,2025-07-04 14:02:20,0.421,0.7102,Walking,Zep,Reckless_Driving,2way,2,40,WiFi,-65,9,-3,0.025,40.28039114221924,21.755043020957565,Unintentional
User_60,2025-07-04 15:04:09,0.669,0.4297,Walking,Ligeris,Reckless_Driving,2way,1,70,3G,-93,55,-24,0.0023867461855494,40.30589702053188,21.80828958633925,Unintentional
User_77,2025-07-05 09:10:35,0.369,0.4573,Driving,Zep,Speeding,2way,0,10,WiFi,-72,19,8,0.041,40.280010755057006,21.7542508378438,Unintentional
User_93,2025-07-05 16:49:17,0.333,0.7583,Driving,Koila,Driving_Under_Influence,4way,1,40,4G,-75,46,-25,0.0058247929855515,40.32227080794465,21.791143364347622,Unintentional
User_47,2025-07-05 16:58:55,0.345,0.496,Driving,Zep,Reckless_Driving,1way,0,80,3G,-112,47,-16,0.023,40.278174955750195,21.754727093034106,Unintentional
User_88,2025-07-05 21:59:45,0.421,0.7112,Walking,Koila,Driving_Under_Influence,2way,0,30,3G,-84,95,-24,0.0013257628281736,40.32261226259159,21.79084963647705,Unintentional
User_64,2025-07-05 22:17:51,0.287,0.3807,Running,Koila,Speeding,2way,0,50,WiFi,-56,15,3,0.035,40.321344314437155,21.791494335388546,Unintentional
User_70,2025-07-06 10:31:35,0.314,0.5431,Running,Koila,Driving_Under_Influence,2way,2,20,5G,-98,4,8,0.048,40.32361601076187,21.79159434042414,Unintentional
User_01,2025-07-06 16:32:06,0.581,0.7457,Walking,Ligeris,Reckless_Driving,4way,0,60,5G,-74,38,7,0.031,40.30537423593259,21.80755692828117,Unintentional
User_28,2025-07-06 20:32:54,0.311,0.3928,Walking,Ligeris,Driving_Under_Influence,4way,1,90,3G,-111,24,23,0.0040624742461762,40.30637559783175,21.80801670139597,Unintentional
User_52,2025-07-07 11:45:29,0.706,0.7734,Running,Zep,Driving_Under_Influence,4way,2,50,3G,-118,79,22,0.0087613988257319,40.27999243657343,21.75327473464066,Unintentional
User_28,2025-07-07 21:51:00,0.311,0.3948,Running,Zep,Reckless_Driving,4way,0,80,5G,-77,70,17,0.002548602749293,40.27823680117171,21.7519171107243,Unintentional
User_55,2025-07-07 23:49:02,0.3,0.7494,Running,Zep,Reckless_Driving,2way,1,50,5G,-84,70,19,0.0032577327425829,40.27983987959105,21.75327909940205,Unintentional
User_33,2025-07-08 06:42:22,0.554,0.5823,Running,Ligeris,Reckless_Driving,2way,1,50,WiFi,-78,50,-6,0.035,40.30747142538733,21.80839922048874,Unintentional
User_38,2025-07-08 13:26:50,0.497,0.6486,Walking,Koila,Speeding,1way,2,10,3G,-77,70,6,0.049,40.32289720461012,21.789589757735783,Unintentional
User_68,2025-07-08 16:33:13,0.402,0.6077,Walking,Zep,Driving_Under_Influence,2way,0,50,WiFi,-58,29,-12,0.034,40.28091830545342,21.75351082857701,Unintentional
User_19,2025-07-09 04:24:57,0.361,0.7128,Walking,Ligeris,Speeding,4way,1,60,WiFi,-84,15,-5,0.044,40.30540371969501,21.80746099672791,Unintentional
User_04,2025-07-09 07:39:29,0.619,0.7055,Driving,Koila,Driving_Under_Influence,2way,0,30,WiFi,-64,57,18,0.0015065179193153,40.32287522942742,21.791706771323845,Unintentional
User_69,2025-07-09 08:11:17,0.667,0.4841,Driving,Zep,Driving_Under_Influence,2way,1,80,3G,-94,47,-25,0.0067250880566853,40.278848685874515,21.751909854679862,Unintentional
User_94,2025-07-09 12:49:26,0.459,0.383,Driving,Zep,Reckless_Driving,2way,1,30,4G,-113,71,24,0.0097875803045859,40.27977775569953,21.7525842893338,Unintentional
User_21,2025-07-09 15:30:38,0.256,0.5916,Driving,Koila,Driving_Under_Influence,2way,0,20,3G,-117,49,24,0.0022372365495976,40.32328739973275,21.79140486940576,Unintentional
User_03,2025-07-09 17:16:27,0.47,0.6812,Driving,Ligeris,Speeding,2way,0,40,WiFi,-67,89,20,0.0089476046020426,40.305680366058645,21.80779975108133,Unintentional
User_02,2025-07-09 19:38:12,0.477,0.5754,Walking,Koila,Reckless_Driving,1way,0,80,4G,-88,29,0,0.023,40.32252194720684,21.791634243550703,Unintentional
User_33,2025-07-09 22:40:11,0.554,0.5843,Walking,Koila,Reckless_Driving,2way,0,40,5G,-99,15,5,0.04,40.32221156352169,21.791658830912137,Unintentional
User_79,2025-07-09 23:39:57,0.326,0.4679,Driving,Ligeris,Driving_Under_Influence,2way,0,20,4G,-73,51,20,0.0091019813808585,40.306147690085446,21.807241333045276,Unintentional
User_39,2025-07-10 02:35:32,0.297,0.7084,Walking,Zep,Driving_Under_Influence,2way,1,80,3G,-94,47,24,0.0087183539992747,40.28000385883475,21.75240902143884,Unintentional
User_28,2025-07-10 06:52:40,0.311,0.4008,Running,Ligeris,Driving_Under_Influence,4way,0,80,4G,-79,21,-7,0.025,40.30579680779888,21.806772750368868,Unintentional
User_83,2025-07-10 13:28:31,0.498,0.4637,Walking,Koila,Driving_Under_Influence,2way,0,50,WiFi,-60,63,19,0.0093009551214882,40.32059152182036,21.791723211695025,Unintentional
User_59,2025-07-11 07:43:10,0.521,0.5023,Walking,Zep,Driving_Under_Influence,2way,3,80,3G,-111,33,21,0.0038807395559123,40.279610611192965,21.75267590604539,Unintentional
User_92,2025-07-11 14:31:41,0.622,0.3934,Driving,Koila,Reckless_Driving,2way,5,70,5G,-107,16,3,0.022,40.321565107905165,21.792511195109885,Unintentional
User_67,2025-07-11 15:11:56,0.692,0.6231,Walking,Ligeris,Reckless_Driving,4way,0,80,WiFi,-63,64,7,0.038,40.30660660190102,21.806878303280424,Unintentional
User_77,2025-07-11 17:16:29,0.369,0.4693,Running,Zep,Reckless_Driving,1way,0,30,4G,-104,36,-8,0.024,40.278895920522274,21.753138343054346,Unintentional
User_75,2025-07-12 00:31:23,0.65,0.6714,Running,Zep,Driving_Under_Influence,1way,2,30,WiFi,-80,94,14,0.037,40.27967025673684,21.75554990385212,Unintentional
User_01,2025-07-12 09:59:08,0.581,0.7587,Running,Ligeris,Speeding,2way,0,30,3G,-76,46,19,0.0023656058590225,40.306194313603285,21.80759628184472,Unintentional
User_65,2025-07-12 13:41:27,0.654,0.6422,Driving,Ligeris,Driving_Under_Influence,2way,2,40,5G,-103,86,7,0.044,40.30640608220712,21.807223442993685,Unintentional
User_11,2025-07-12 17:15:37,0.263,0.7378,Driving,Koila,Driving_Under_Influence,2way,0,10,4G,-75,55,-17,0.0068922261649849,40.32200731786833,21.790950587799554,Unintentional
User_40,2025-07-13 05:01:05,0.357,0.4741,Running,Ligeris,Driving_Under_Influence,2way,0,60,WiFi,-54,50,24,0.0062559317990629,40.30578392155591,21.80894072770826,Unintentional
User_70,2025-07-13 05:29:36,0.314,0.5571,Walking,Koila,Speeding,1way,1,20,3G,-75,27,-25,0.0070770601399726,40.3215559456044,21.79082718290337,Unintentional
User_43,2025-07-13 08:40:41,0.407,0.6654,Running,Zep,Reckless_Driving,1way,0,30,5G,-120,76,-9,0.04,40.28048318424612,21.752528612947557,Unintentional
User_94,2025-07-13 09:49:20,0.459,0.392,Walking,Zep,Speeding,2way,0,30,5G,-72,64,-4,0.034,40.27955546010477,21.75326591755889,Unintentional
User_44,2025-07-13 21:30:45,0.546,0.6635,Running,Koila,Reckless_Driving,4way,0,60,4G,-96,66,23,0.0053175213265019,40.3223252092636,21.79053719218717,Unintentional
User_24,2025-07-14 00:25:45,0.354,0.7278,Running,Ligeris,Speeding,1way,0,40,WiFi,-87,23,5,0.028,40.30536634632876,21.808780532534595,Unintentional
User_60,2025-07-14 02:40:43,0.669,0.4487,Running,Koila,Speeding,2way,2,60,4G,-90,98,-23,0.0066791694803079,40.322589116769734,21.79169089422985,Unintentional
User_61,2025-07-14 09:25:02,0.304,0.5356,Running,Zep,Reckless_Driving,2way,1,30,5G,-78,88,-9,0.027,40.27924398410209,21.753809526711063,Unintentional
User_53,2025-07-14 15:09:14,0.703,0.5823,Walking,Koila,Driving_Under_Influence,2way,0,30,5G,-86,48,14,0.048,40.32263899630321,21.790303427389063,Unintentional
User_82,2025-07-15 08:36:23,0.291,0.426,Driving,Zep,Speeding,2way,2,20,5G,-81,75,6,0.036,40.281077184100305,21.75308215442295,Unintentional
User_33,2025-07-15 15:38:41,0.554,0.5963,Driving,Ligeris,Driving_Under_Influence,4way,0,30,3G,-99,43,-19,0.0094179981662711,40.30622819946353,21.8074037441315,Unintentional
User_28,2025-07-15 22:36:00,0.311,0.4108,Walking,Ligeris,Driving_Under_Influence,2way,1,40,4G,-109,99,-10,0.046,40.30680585299081,21.807986139366953,Unintentional
User_12,2025-07-16 03:03:39,0.74,0.6751,Running,Ligeris,Driving_Under_Influence,2way,0,20,3G,-85,69,-21,0.0098033467729373,40.30511119415396,21.806946831810365,Unintentional
User_12,2025-07-16 03:11:11,0.74,0.6761,Walking,Zep,Speeding,4way,0,30,3G,-85,72,-7,0.028,40.27978576746806,21.753151367696898,Unintentional
User_21,2025-07-16 11:14:43,0.256,0.6046,Walking,Zep,Speeding,2way,0,70,5G,-106,55,20,0.0073350209661204,40.27940393467281,21.75533998660643,Unintentional
User_06,2025-07-16 11:23:53,0.573,0.6207,Running,Ligeris,Speeding,4way,0,20,WiFi,-76,95,17,0.0016422101241003,40.30587419564187,21.807171984817952,Unintentional
User_11,2025-07-16 11:59:31,0.263,0.7448,Running,Zep,Driving_Under_Influence,2way,3,20,3G,-76,96,9,0.035,40.27852906532931,21.754246751796337,Unintentional
User_91,2025-07-16 12:07:28,0.716,0.6033,Walking,Ligeris,Reckless_Driving,2way,0,90,4G,-75,95,17,0.0090163950072443,40.30705416612928,21.806942718491772,Unintentional
User_52,2025-07-16 12:10:08,0.706,0.7914,Driving,Zep,Driving_Under_Influence,4way,0,60,3G,-83,17,-7,0.026,40.27963328655514,21.753758956733837,Unintentional
User_98,2025-07-16 12:20:01,0.734,0.54,Walking,Koila,Driving_Under_Influence,2way,2,90,WiFi,-84,55,-23,0.0011504759789785,40.322477249846585,21.79109161594336,Unintentional
User_72,2025-07-16 15:16:08,0.359,0.7108,Running,Zep,Driving_Under_Influence,1way,0,10,5G,-110,38,-20,0.0035994986141016,40.2796004838801,21.753148527559617,Unintentional
User_79,2025-07-16 20:26:49,0.326,0.4819,Walking,Koila,Speeding,1way,0,10,WiFi,-53,44,9,0.034,40.32330279832696,21.7904132596035,Unintentional
User_38,2025-07-17 01:03:50,0.497,0.6656,Running,Koila,Reckless_Driving,2way,0,10,5G,-108,37,12,0.038,40.32329211485891,21.79144362298117,Unintentional
User_38,2025-07-17 02:18:45,0.497,0.6666,Driving,Zep,Reckless_Driving,2way,2,40,WiFi,-77,90,15,0.035,40.27957286743673,21.754116215408565,Unintentional
User_53,2025-07-17 02:31:56,0.703,0.5883,Walking,Zep,Driving_Under_Influence,2way,0,40,5G,-109,13,23,0.0076301763096428,40.281308641300996,21.75313099966375,Unintentional
User_47,2025-07-17 10:12:35,0.345,0.52,Running,Ligeris,Driving_Under_Influence,2way,1,20,WiFi,-50,17,-18,0.0016538637113992,40.30707183990598,21.808936927953138,Unintentional
User_17,2025-07-17 10:45:18,0.439,0.7696,Walking,Koila,Driving_Under_Influence,4way,0,90,5G,-89,99,20,0.0095202073875301,40.321437999981114,21.790753985331214,Unintentional
User_72,2025-07-17 10:49:49,0.359,0.7118,Driving,Koila,Reckless_Driving,2way,4,60,5G,-115,56,13,0.044,40.32218031207197,21.791253401809104,Unintentional
User_29,2025-07-17 11:55:19,0.603,0.7473,Walking,Ligeris,Reckless_Driving,1way,4,30,WiFi,-63,45,-12,0.045,40.30622358904098,21.805999243173172,Unintentional
User_57,2025-07-17 14:01:42,0.592,0.6488,Walking,Zep,Speeding,2way,0,30,WiFi,-64,7,10,0.026,40.27981725632479,21.75418960732654,Unintentional
User_94,2025-07-17 18:08:27,0.459,0.4,Running,Koila,Speeding,1way,0,50,5G,-72,0,2,0.038,40.32228307602675,21.791964191244983,Unintentional
User_74,2025-07-17 22:39:24,0.564,0.565,Running,Koila,Reckless_Driving,1way,1,90,WiFi,-72,7,17,0.0095295213981296,40.32237336041201,21.791428411926635,Unintentional
User_88,2025-07-18 21:17:39,0.421,0.7382,Running,Koila,Speeding,4way,1,20,4G,-101,58,0,0.027,40.32068237900224,21.79020368888799,Unintentional
User_66,2025-07-19 01:31:47,0.551,0.5349,Walking,Zep,Speeding,2way,1,20,3G,-109,86,-18,0.0091728002083946,40.27923855219342,21.753672024881563,Unintentional
User_30,2025-07-19 09:48:30,0.478,0.6021,Driving,Zep,Driving_Under_Influence,4way,1,20,3G,-98,3,6,0.038,40.27954460899317,21.75313318044615,Unintentional
User_66,2025-07-19 12:52:52,0.551,0.5359,Driving,Koila,Speeding,2way,4,20,WiFi,-77,6,4,0.041,40.32243136428772,21.791696126744945,Unintentional
User_82,2025-07-19 14:51:17,0.291,0.434,Walking,Koila,Speeding,2way,1,50,5G,-117,60,-17,0.009153821315272,40.3203368596465,21.79093637811641,Unintentional
User_98,2025-07-19 16:57:08,0.734,0.546,Walking,Koila,Speeding,1way,1,70,5G,-84,91,-4,0.045,40.32216667240568,21.791034478668863,Unintentional
User_16,2025-07-19 17:53:11,0.455,0.6698,Running,Ligeris,Reckless_Driving,1way,0,10,3G,-118,70,2,0.042,40.306095489934634,21.807128285275994,Unintentional
User_88,2025-07-19 20:14:22,0.421,0.7402,Running,Ligeris,Driving_Under_Influence,4way,0,40,5G,-83,42,21,0.0056417938976394,40.30664467670981,21.80842436716328,Unintentional
User_35,2025-07-20 00:39:43,0.301,0.4575,Walking,Koila,Speeding,1way,2,50,3G,-101,38,16,0.028,40.32345990139861,21.789834898575386,Unintentional
User_99,2025-07-20 03:06:37,0.622,0.5654,Driving,Zep,Reckless_Driving,2way,0,40,3G,-84,36,-24,0.0027313552381616,40.27944025778546,21.753133337269183,Unintentional
User_65,2025-07-20 05:41:30,0.654,0.6572,Walking,Koila,Reckless_Driving,4way,0,30,3G,-103,91,21,0.0014271600479465,40.323680848162546,21.790865471642572,Unintentional
User_11,2025-07-20 12:18:10,0.263,0.7528,Driving,Zep,Speeding,2way,0,80,3G,-96,21,-23,0.0097583717925373,40.277783789520946,21.75288978338768,Unintentional
User_45,2025-07-20 21:37:22,0.693,0.5964,Running,Zep,Speeding,1way,0,30,3G,-111,99,13,0.047,40.280196194172014,21.75435881126485,Unintentional
User_76,2025-07-20 23:17:15,0.251,0.5622,Walking,Zep,Speeding,2way,0,30,5G,-116,71,-17,0.0079031211694981,40.279831023922824,21.751952051318597,Unintentional
User_59,2025-07-21 01:53:09,0.521,0.5233,Driving,Ligeris,Driving_Under_Influence,4way,0,70,WiFi,-69,75,-18,0.0049320112962157,40.305264694182966,21.806826235711277,Unintentional
User_22,2025-07-21 02:00:55,0.656,0.5036,Running,Zep,Reckless_Driving,4way,0,30,5G,-110,24,-19,0.0097514789846038,40.27956198275369,21.75355381082678,Unintentional
User_84,2025-07-21 08:48:56,0.488,0.5934,Driving,Koila,Reckless_Driving,2way,3,20,5G,-106,97,-3,0.035,40.320653470039055,21.790309589323577,Unintentional
User_81,2025-07-21 15:15:44,0.307,0.4953,Walking,Koila,Speeding,1way,1,90,3G,-98,73,-6,0.047,40.32261921024901,21.792608247730016,Unintentional
User_15,2025-07-21 15:39:02,0.369,0.4438,Walking,Ligeris,Driving_Under_Influence,1way,1,60,4G,-114,82,24,0.0057965200693769,40.306784681910464,21.80683794210779,Unintentional
User_70,2025-07-21 23:58:23,0.314,0.5741,Walking,Koila,Speeding,2way,0,40,5G,-88,25,-7,0.03,40.32093950805539,21.792459721095454,Unintentional
User_51,2025-07-22 00:28:33,0.574,0.5393,Driving,Koila,Speeding,1way,1,50,3G,-107,21,-24,0.0067829473955753,40.32103953345612,21.79150976269499,Unintentional
User_86,2025-07-22 01:57:18,0.343,0.6188,Running,Ligeris,Speeding,4way,1,20,WiFi,-85,86,11,0.026,40.30720959531634,21.80897388467956,Unintentional
User_20,2025-07-22 06:30:32,0.625,0.8003,Running,Koila,Driving_Under_Influence,1way,1,30,5G,-97,65,-21,0.0066248892750658,40.32217544107556,21.79259738228737,Unintentional
User_92,2025-07-22 06:45:16,0.622,0.4144,Walking,Koila,Reckless_Driving,2way,3,40,5G,-77,79,17,0.0089280432631673,40.32207106414161,21.791172244409687,Unintentional
User_61,2025-07-22 18:56:59,0.304,0.5516,Running,Zep,Driving_Under_Influence,4way,0,20,4G,-110,28,21,0.0078073102355387,40.280447475846955,21.754508953490088,Unintentional
User_21,2025-07-22 23:45:36,0.256,0.6176,Running,Ligeris,Speeding,1way,4,30,3G,-109,74,-14,0.046,40.306650051211626,21.806745386996464,Unintentional
User_44,2025-07-23 09:51:23,0.546,0.6835,Walking,Koila,Speeding,2way,0,50,4G,-81,45,-17,0.0099543065201534,40.32205377695629,21.79159254349138,Unintentional
User_02,2025-07-23 10:53:02,0.477,0.6034,Running,Ligeris,Reckless_Driving,1way,5,30,WiFi,-82,54,-20,0.0044922950867282,40.30655285823341,21.80902232053535,Unintentional
User_74,2025-07-23 18:24:45,0.564,0.577,Running,Zep,Reckless_Driving,2way,1,20,3G,-107,28,-10,0.043,40.27993359813544,21.75476086093998,Unintentional
User_98,2025-07-24 05:14:06,0.734,0.555,Walking,Zep,Speeding,4way,1,20,4G,-106,0,-19,0.001888662867154,40.27929829896204,21.752942571145233,Unintentional
User_60,2025-07-24 22:35:08,0.669,0.4697,Running,Koila,Speeding,2way,0,30,4G,-115,49,18,0.0047686284604925,40.32240589413512,21.791003505794897,Unintentional
User_05,2025-07-25 04:03:41,0.307,0.5507,Driving,Ligeris,Driving_Under_Influence,1way,0,90,3G,-98,74,3,0.027,40.30634973413577,21.8092047560294,Unintentional
User_97,2025-07-25 06:59:32,0.737,0.6236,Driving,Ligeris,Driving_Under_Influence,2way,0,40,3G,-75,85,-9,0.039,40.30624238058815,21.80541806113067,Unintentional
User_30,2025-07-25 09:43:21,0.478,0.6141,Walking,Koila,Speeding,1way,0,60,4G,-112,3,25,0.008956271979159,40.321694094135225,21.791354112973433,Unintentional
User_86,2025-07-25 12:45:05,0.343,0.6258,Running,Ligeris,Reckless_Driving,1way,0,80,WiFi,-64,30,18,0.0096571146991263,40.30458802077102,21.8083282169186,Unintentional
User_51,2025-07-25 14:19:41,0.574,0.5463,Walking,Zep,Reckless_Driving,2way,1,30,5G,-117,95,-21,0.0076609776552177,40.28012014986845,21.754554865861653,Unintentional
User_60,2025-07-25 23:27:07,0.669,0.4717,Driving,Zep,Reckless_Driving,2way,0,90,5G,-119,71,-10,0.026,40.27995889228983,21.754220760985287,Unintentional
User_39,2025-07-26 05:00:33,0.297,0.7414,Walking,Zep,Speeding,2way,4,90,5G,-117,44,7,0.04,40.28036372120715,21.7514551825606,Unintentional
User_06,2025-07-26 13:08:07,0.573,0.6407,Driving,Zep,Driving_Under_Influence,2way,1,30,5G,-100,65,25,0.0050433501219398,40.27932361435805,21.754945209545475,Unintentional
User_40,2025-07-26 15:38:53,0.357,0.5011,Running,Ligeris,Speeding,2way,0,60,4G,-83,18,-4,0.023,40.30627069763786,21.80738894154666,Unintentional
User_79,2025-07-26 18:41:05,0.326,0.5019,Running,Koila,Reckless_Driving,2way,0,70,3G,-110,83,-20,0.0069084060157064,40.322127727256685,21.791368189282565,Unintentional
User_100,2025-07-26 19:10:16,0.718,0.752,Walking,Zep,Reckless_Driving,2way,0,80,WiFi,-71,9,8,0.025,40.27941362045015,21.75240285255967,Unintentional
User_16,2025-07-26 20:59:51,0.455,0.6838,Running,Koila,Reckless_Driving,1way,1,60,3G,-116,91,-20,0.0055657728711735,40.32148487954471,21.78910988554411,Unintentional
User_48,2025-07-26 22:05:26,0.636,0.6069,Running,Zep,Speeding,1way,1,40,4G,-81,85,2,0.028,40.28002906671827,21.751091644879704,Unintentional
User_99,2025-07-27 05:00:34,0.622,0.5794,Running,Ligeris,Driving_Under_Influence,1way,0,50,WiFi,-79,71,11,0.036,40.30642253219845,21.806444309818342,Unintentional
User_98,2025-07-27 17:26:07,0.734,0.562,Walking,Koila,Speeding,2way,0,60,WiFi,-59,76,-1,0.03,40.321950959115014,21.791321130186805,Unintentional
User_20,2025-07-27 21:27:09,0.625,0.8113,Running,Zep,Driving_Under_Influence,2way,1,20,3G,-92,64,7,0.05,40.28010391171206,21.754873370170607,Unintentional
User_79,2025-07-28 01:28:06,0.326,0.5049,Running,Ligeris,Speeding,2way,0,90,WiFi,-66,45,17,0.0014986386355582,40.30631099361348,21.807735399686372,Unintentional
User_94,2025-07-28 01:50:24,0.459,0.421,Driving,Zep,Speeding,2way,1,20,WiFi,-61,71,-15,0.036,40.28065207193342,21.754389580928297,Unintentional
User_84,2025-07-28 03:56:32,0.488,0.6084,Driving,Ligeris,Reckless_Driving,4way,0,50,4G,-100,51,-19,0.0010070058102715,40.30630934097768,21.807500846351672,Unintentional
User_23,2025-07-28 18:29:13,0.532,0.4857,Walking,Ligeris,Reckless_Driving,1way,1,50,3G,-83,88,-17,0.009503160756682,40.30723169233718,21.807887241890302,Unintentional
User_44,2025-07-28 19:10:23,0.546,0.6935,Walking,Zep,Driving_Under_Influence,4way,1,50,4G,-110,21,18,0.0032480495858082,40.280123923703414,21.754415745215834,Unintentional
User_26,2025-07-28 20:31:21,0.495,0.6653,Running,Zep,Driving_Under_Influence,1way,0,10,WiFi,-75,98,-3,0.034,40.27982821205513,21.752634418043463,Unintentional
User_07,2025-07-29 06:11:35,0.47,0.6494,Running,Zep,Speeding,2way,0,10,4G,-99,95,8,0.04,40.279822909084466,21.75352538205417,Unintentional
User_36,2025-07-29 11:23:04,0.58,0.68,Running,Zep,Speeding,2way,2,30,3G,-77,13,0,0.024,40.2797815272204,21.753017252537045,Unintentional
User_94,2025-07-29 13:39:15,0.459,0.423,Running,Ligeris,Reckless_Driving,2way,0,30,4G,-86,62,21,0.0058679241748283,40.305623132091355,21.80872020445321,Unintentional
User_46,2025-07-29 19:37:36,0.537,0.6499,Driving,Zep,Driving_Under_Influence,2way,5,10,5G,-93,93,18,0.0056741042936214,40.27878116415777,21.754946704772586,Unintentional
User_89,2025-07-30 02:00:57,0.606,0.8122,Driving,Zep,Driving_Under_Influence,2way,2,10,4G,-105,99,-13,0.03,40.28002399454245,21.7525623713604,Unintentional
User_10,2025-07-30 08:23:53,0.35,0.7125,Walking,Koila,Reckless_Driving,4way,1,20,WiFi,-63,21,-15,0.025,40.32196878419485,21.79137776900692,Unintentional
User_52,2025-07-30 08:57:04,0.706,0.8194,Driving,Zep,Driving_Under_Influence,1way,0,70,4G,-75,18,-7,0.038,40.280396367475774,21.75348531953048,Unintentional
User_06,2025-07-30 16:12:44,0.573,0.6487,Walking,Ligeris,Reckless_Driving,1way,0,20,3G,-93,27,-3,0.023,40.30564401675849,21.80619320106949,Unintentional
User_48,2025-07-30 16:53:26,0.636,0.6149,Running,Zep,Speeding,2way,0,80,4G,-115,82,-25,0.0052893059637073,40.28081955147363,21.751698162086367,Unintentional
User_75,2025-07-30 18:20:33,0.65,0.7084,Walking,Koila,Driving_Under_Influence,2way,1,10,3G,-89,78,0,0.042,40.3216697856326,21.791281225726188,Unintentional
User_28,2025-07-30 18:37:42,0.311,0.4408,Driving,Koila,Driving_Under_Influence,2way,2,20,WiFi,-50,59,8,0.033,40.32280276234258,21.79135876085053,Unintentional
User_51,2025-07-30 19:10:02,0.574,0.5553,Driving,Zep,Driving_Under_Influence,2way,0,50,WiFi,-82,67,9,0.026,40.28010524220866,21.752914003195603,Unintentional
User_31,2025-07-31 07:10:29,0.293,0.8227,Running,Ligeris,Driving_Under_Influence,2way,4,60,5G,-70,34,-7,0.03,40.30620582543567,21.808583035059744,Unintentional
User_49,2025-07-31 13:05:41,0.462,0.5927,Walking,Zep,Driving_Under_Influence,2way,1,30,5G,-77,26,-22,0.0065176789292868,40.28009852420863,21.752527383133128,Unintentional
User_65,2025-07-31 16:57:48,0.654,0.6802,Running,Zep,Driving_Under_Influence,2way,2,60,3G,-98,35,25,0.0060010230596825,40.27944604702011,21.753310681991415,Unintentional
User_56,2025-07-31 17:06:23,0.449,0.7616,Walking,Zep,Driving_Under_Influence,4way,4,20,WiFi,-79,88,-7,0.037,40.27964521068022,21.753878158566945,Unintentional
User_83,2025-08-01 04:03:34,0.498,0.5077,Walking,Koila,Driving_Under_Influence,2way,0,30,5G,-110,59,-21,0.0083908400817938,40.322101779409856,21.79285069017128,Unintentional
User_22,2025-08-01 05:48:13,0.656,0.5256,Walking,Ligeris,Speeding,2way,0,20,5G,-74,100,-11,0.031,40.30748670897671,21.808306567268353,Unintentional
User_31,2025-08-01 05:57:01,0.293,0.8237,Walking,Zep,Reckless_Driving,2way,0,40,4G,-112,93,-20,0.0078740897967994,40.280824563757946,21.753662277854385,Unintentional
User_99,2025-08-01 06:37:47,0.622,0.5894,Walking,Zep,Reckless_Driving,1way,1,90,5G,-84,51,13,0.026,40.27933610806091,21.75353404340451,Unintentional
User_51,2025-08-01 11:35:48,0.574,0.5603,Walking,Zep,Driving_Under_Influence,4way,1,80,3G,-94,21,-11,0.031,40.27920893611031,21.75195259418946,Unintentional
User_24,2025-08-01 12:02:47,0.354,0.7648,Running,Ligeris,Speeding,4way,1,60,4G,-98,1,-12,0.038,40.30725124502421,21.80705849437023,Unintentional
User_84,2025-08-01 20:57:17,0.488,0.6164,Walking,Zep,Reckless_Driving,2way,2,20,4G,-71,82,4,0.037,40.2794345891952,21.753409012941898,Unintentional
User_30,2025-08-02 01:24:45,0.478,0.6291,Running,Ligeris,Speeding,2way,1,80,WiFi,-67,30,17,0.0012341280627588,40.305481358248144,21.80675899516103,Unintentional
User_43,2025-08-02 02:59:07,0.407,0.7044,Walking,Ligeris,Speeding,2way,0,20,WiFi,-55,100,16,0.037,40.30616206764407,21.80778728824172,Unintentional
User_85,2025-08-02 03:33:16,0.653,0.6273,Driving,Ligeris,Driving_Under_Influence,2way,1,70,4G,-84,72,-23,0.0087105424289847,40.3072181796747,21.80895138049879,Unintentional
User_33,2025-08-02 06:34:36,0.554,0.6313,Walking,Ligeris,Driving_Under_Influence,2way,0,40,5G,-97,11,24,0.0084164828102776,40.3049374765289,21.80670570938583,Unintentional
User_35,2025-08-02 08:21:42,0.301,0.4845,Walking,Ligeris,Speeding,1way,1,70,3G,-111,58,-13,0.047,40.30546549291614,21.805381189925946,Unintentional
User_90,2025-08-02 08:27:34,0.395,0.5388,Running,Zep,Driving_Under_Influence,2way,0,80,WiFi,-76,10,7,0.05,40.27945347678565,21.755596699237504,Unintentional
User_93,2025-08-02 09:30:41,0.333,0.8133,Running,Koila,Speeding,2way,0,60,5G,-95,29,-1,0.027,40.32261595867255,21.79068511965045,Unintentional
User_22,2025-08-03 05:24:25,0.656,0.5296,Driving,Ligeris,Driving_Under_Influence,4way,0,90,5G,-106,100,18,0.0023950271608488,40.30722873893555,21.806210191951894,Unintentional
User_61,2025-08-03 13:47:50,0.304,0.5746,Running,Ligeris,Reckless_Driving,4way,0,20,3G,-85,40,18,0.0051580575570478,40.30595479720196,21.807210378940525,Unintentional
User_62,2025-08-03 20:48:48,0.471,0.538,Running,Zep,Driving_Under_Influence,2way,0,40,WiFi,-73,89,14,0.041,40.2780786612382,21.75423206395191,Unintentional
User_45,2025-08-04 07:27:45,0.693,0.6274,Driving,Zep,Reckless_Driving,4way,3,60,WiFi,-81,77,-22,0.0096765899980578,40.27883624265589,21.75300173867646,Unintentional
User_03,2025-08-04 08:12:49,0.47,0.7332,Walking,Koila,Reckless_Driving,2way,0,50,4G,-101,35,13,0.039,40.321501087432566,21.790984684729796,Unintentional
User_86,2025-08-04 09:33:23,0.343,0.6448,Walking,Ligeris,Speeding,1way,0,30,5G,-117,84,24,0.0015911347810873,40.30567637495588,21.80831240923757,Unintentional
User_37,2025-08-04 11:15:34,0.696,0.4467,Running,Koila,Speeding,2way,0,40,4G,-92,12,-4,0.022,40.32120317019208,21.79100877442141,Unintentional
User_11,2025-08-04 13:31:30,0.263,0.7838,Driving,Ligeris,Reckless_Driving,2way,0,70,5G,-118,34,11,0.035,40.30687524395432,21.807525922043713,Unintentional
User_98,2025-08-04 15:27:16,0.734,0.578,Running,Koila,Driving_Under_Influence,2way,0,90,WiFi,-70,16,-20,0.0095784748226413,40.32176676713003,21.7901851382413,Unintentional
User_89,2025-08-04 17:01:57,0.606,0.8222,Walking,Zep,Driving_Under_Influence,2way,1,10,4G,-100,89,-2,0.024,40.27897108425652,21.752679791629248,Unintentional
User_53,2025-08-04 17:29:57,0.703,0.6253,Running,Koila,Driving_Under_Influence,4way,1,40,5G,-113,53,5,0.024,40.32132559423866,21.791541685518627,Unintentional
User_71,2025-08-04 22:29:23,0.259,0.6922,Driving,Koila,Reckless_Driving,2way,2,60,3G,-92,56,-13,0.038,40.32108563923756,21.79239185005433,Unintentional
User_67,2025-08-05 00:06:44,0.692,0.6721,Walking,Ligeris,Driving_Under_Influence,2way,3,40,3G,-100,93,-13,0.041,40.30469713426316,21.807515034457015,Unintentional
User_07,2025-08-05 00:21:59,0.47,0.6634,Driving,Zep,Reckless_Driving,2way,1,60,5G,-112,60,-21,0.0084021288746886,40.280780161590094,21.752058208548547,Unintentional
User_56,2025-08-05 02:21:47,0.449,0.7706,Walking,Koila,Speeding,1way,1,80,3G,-117,39,-1,0.029,40.322842889586006,21.7914915668605,Unintentional
User_70,2025-08-05 02:34:09,0.314,0.6031,Running,Koila,Reckless_Driving,2way,0,70,3G,-86,67,-19,0.0074841192797706,40.32281151704736,21.79253668151274,Unintentional
User_66,2025-08-05 09:26:06,0.551,0.5699,Walking,Ligeris,Driving_Under_Influence,2way,0,50,3G,-84,61,-21,0.0055765813012981,40.30492679192803,21.807441148757565,Unintentional
User_87,2025-08-05 09:49:47,0.64,0.7385,Walking,Ligeris,Driving_Under_Influence,4way,0,60,4G,-98,92,18,0.0036672003000032,40.30622553476515,21.80761263989789,Unintentional
User_58,2025-08-05 10:47:12,0.744,0.6262,Driving,Ligeris,Driving_Under_Influence,2way,0,30,3G,-108,54,20,0.0050147053548242,40.306791959486816,21.806032233498716,Unintentional
User_83,2025-08-05 13:03:54,0.498,0.5157,Walking,Ligeris,Speeding,4way,4,20,5G,-107,12,25,0.0098773595710769,40.306563594508454,21.80865596214106,Unintentional
User_82,2025-08-05 13:59:45,0.291,0.468,Running,Ligeris,Speeding,2way,3,80,WiFi,-89,56,-21,0.0016952197751527,40.30610380142392,21.806006155942303,Unintentional
User_56,2025-08-05 23:09:32,0.449,0.7716,Walking,Zep,Reckless_Driving,1way,0,20,5G,-117,98,-24,0.0060162469463992,40.28033487931329,21.75340890694884,Unintentional
User_80,2025-08-05 23:15:18,0.447,0.7606,Walking,Zep,Reckless_Driving,2way,0,80,4G,-96,79,18,0.0063431337125169,40.28058410044232,21.754021598809075,Unintentional
User_94,2025-08-06 08:19:40,0.459,0.439,Walking,Koila,Driving_Under_Influence,2way,1,20,3G,-70,33,-17,0.0066939089157994,40.32185998369151,21.78937820415236,Unintentional
User_85,2025-08-06 11:56:40,0.653,0.6363,Running,Ligeris,Speeding,4way,0,130,5G,-111,75,12,0.034,40.30475778831568,21.80847472894569,Unintentional
User_27,2025-08-06 13:17:11,0.33,0.64,Walking,Zep,Driving_Under_Influence,1way,1,70,5G,-88,89,-24,0.0022912132961724,40.28012436811118,21.75365997906305,Unintentional
User_37,2025-08-06 15:26:38,0.696,0.4507,Walking,Koila,Driving_Under_Influence,2way,1,40,4G,-75,88,22,0.0070660782140128,40.323126344813254,21.79029341115753,Unintentional
User_92,2025-08-06 16:04:44,0.622,0.4454,Walking,Koila,Reckless_Driving,2way,1,30,WiFi,-73,20,-17,0.0097582039380475,40.32211241096078,21.791264837225715,Unintentional
User_79,2025-08-06 20:23:57,0.326,0.5229,Walking,Zep,Driving_Under_Influence,1way,0,70,5G,-106,36,-10,0.026,40.27990650850861,21.753435001858797,Unintentional
User_94,2025-08-06 21:50:45,0.459,0.44,Walking,Koila,Reckless_Driving,2way,2,90,5G,-107,39,9,0.038,40.32320656522262,21.790691394711637,Unintentional
User_44,2025-08-07 01:33:27,0.546,0.7125,Driving,Ligeris,Driving_Under_Influence,1way,0,10,WiFi,-56,67,-20,0.0068091577418402,40.3056013926813,21.807428773957973,Unintentional
User_96,2025-08-07 02:23:02,0.308,0.5978,Walking,Zep,Speeding,2way,3,50,3G,-78,16,-12,0.042,40.28067824536826,21.751593467972853,Unintentional
User_65,2025-08-07 17:09:32,0.654,0.6942,Running,Koila,Speeding,1way,1,40,5G,-98,42,-24,0.0051469412109987,40.32217057498097,21.791567833096533,Unintentional
User_08,2025-08-07 18:19:02,0.33,0.7479,Running,Ligeris,Driving_Under_Influence,1way,0,40,5G,-84,4,-9,0.028,40.30551186592441,21.808602232899677,Unintentional
User_84,2025-08-08 03:19:05,0.488,0.6294,Driving,Koila,Reckless_Driving,2way,3,60,5G,-80,52,-10,0.046,40.32144499876695,21.791875014949422,Unintentional
User_82,2025-08-08 09:09:04,0.291,0.473,Walking,Zep,Reckless_Driving,1way,1,10,5G,-90,81,-12,0.029,40.27866178858575,21.75233348778742,Unintentional
User_93,2025-08-08 11:17:19,0.333,0.8263,Walking,Ligeris,Driving_Under_Influence,1way,0,80,WiFi,-84,58,20,0.0044027414942217,40.306281690568795,21.807390977530332,Unintentional
User_79,2025-08-08 11:47:59,0.326,0.5269,Driving,Koila,Speeding,2way,0,70,4G,-114,83,22,0.0075447280263531,40.32110150710048,21.792721456319914,Unintentional
User_59,2025-08-08 12:58:54,0.521,0.5593,Walking,Ligeris,Speeding,2way,1,40,5G,-101,88,-4,0.023,40.306712092957675,21.80708434013244,Unintentional
User_50,2025-08-09 02:16:30,0.395,0.6654,Walking,Ligeris,Speeding,2way,0,100,4G,-99,54,24,0.0058540228465047,40.306813296246986,21.809603200765064,Unintentional
User_37,2025-08-09 05:50:15,0.696,0.4557,Driving,Ligeris,Driving_Under_Influence,2way,1,40,WiFi,-90,27,9,0.029,40.30623990704933,21.80762905922211,Unintentional
User_30,2025-08-09 10:52:52,0.478,0.6431,Walking,Ligeris,Speeding,2way,1,30,WiFi,-50,39,2,0.037,40.30535692820387,21.80720319257167,Unintentional
User_10,2025-08-09 19:24:18,0.35,0.7325,Running,Koila,Driving_Under_Influence,2way,0,70,3G,-81,9,22,0.0010419544371775,40.32197630777239,21.791486119444023,Unintentional
User_90,2025-08-09 21:15:30,0.395,0.5528,Walking,Ligeris,Driving_Under_Influence,4way,0,10,3G,-116,47,19,0.0051246944835356,40.30561861221243,21.808242019073425,Unintentional
User_19,2025-08-09 21:23:34,0.361,0.7758,Walking,Koila,Driving_Under_Influence,2way,1,30,3G,-94,98,-18,0.00862589370442,40.321675631660746,21.790847056728055,Unintentional
User_65,2025-08-09 21:39:14,0.654,0.6982,Running,Zep,Reckless_Driving,2way,0,10,WiFi,-56,9,6,0.044,40.28034252212205,21.753939643801964,Unintentional
User_07,2025-08-09 22:06:15,0.47,0.6724,Walking,Zep,Reckless_Driving,1way,0,70,4G,-109,21,21,0.0084784685131799,40.2798073009704,21.755039480996317,Unintentional
User_85,2025-08-09 22:53:06,0.653,0.6423,Running,Ligeris,Driving_Under_Influence,2way,3,50,3G,-76,36,25,0.0012066935771672,40.306842086588446,21.807595478289297,Unintentional
User_18,2025-08-10 01:31:07,0.669,0.6014,Driving,Koila,Speeding,4way,0,60,5G,-104,9,6,0.036,40.32386988656516,21.79134570156717,Unintentional
User_10,2025-08-10 02:59:57,0.35,0.7335,Running,Koila,Speeding,4way,0,80,4G,-103,35,-16,0.038,40.32200764313545,21.79155600590914,Unintentional
User_60,2025-08-10 04:46:18,0.669,0.5027,Running,Zep,Driving_Under_Influence,4way,0,10,5G,-108,73,15,0.045,40.28048278417252,21.75430910224929,Unintentional
User_03,2025-08-10 07:47:51,0.47,0.7452,Walking,Zep,Speeding,2way,1,10,WiFi,-85,14,19,0.0088784385929864,40.27807341825328,21.75235205318972,Unintentional
User_52,2025-08-10 08:43:04,0.706,0.8414,Walking,Zep,Speeding,4way,3,50,4G,-115,62,5,0.022,40.27857534486485,21.754072734529387,Unintentional
User_37,2025-08-10 09:00:12,0.696,0.4577,Running,Zep,Driving_Under_Influence,4way,0,40,3G,-104,10,23,0.0059157364537898,40.27984588918534,21.753095169030512,Unintentional
User_68,2025-08-10 09:03:38,0.402,0.6727,Driving,Koila,Reckless_Driving,1way,0,20,WiFi,-53,39,18,0.0044299920658794,40.32204724878646,21.79146380860624,Unintentional
User_61,2025-08-10 14:14:09,0.304,0.5886,Running,Zep,Driving_Under_Influence,2way,0,30,5G,-77,60,17,0.0080867600354614,40.278449149402505,21.754134766726107,Unintentional
User_38,2025-08-11 02:54:41,0.497,0.7166,Running,Zep,Reckless_Driving,1way,0,70,5G,-117,19,-11,0.027,40.27977117589741,21.752271633479985,Unintentional
User_98,2025-08-11 05:02:40,0.734,0.591,Driving,Zep,Reckless_Driving,2way,1,60,4G,-104,79,-20,0.0015425387930532,40.279534413841304,21.75294067524473,Unintentional
User_33,2025-08-11 10:57:57,0.554,0.6493,Running,Zep,Speeding,1way,1,60,3G,-118,70,-17,0.0061980328073906,40.278816696810765,21.751652919178767,Unintentional
User_98,2025-08-11 20:37:01,0.734,0.592,Walking,Zep,Reckless_Driving,2way,0,20,4G,-74,34,-10,0.043,40.27980599145209,21.753349175273332,Unintentional
User_58,2025-08-11 22:56:10,0.744,0.6382,Running,Zep,Driving_Under_Influence,4way,1,10,3G,-70,94,16,0.025,40.2795652859833,21.755295815183867,Unintentional
User_12,2025-08-12 04:52:28,0.74,0.7301,Running,Ligeris,Driving_Under_Influence,2way,1,80,5G,-105,86,21,0.0023479969718105,40.30682795435224,21.807227747898004,Unintentional
User_56,2025-08-12 09:34:23,0.449,0.7846,Running,Zep,Driving_Under_Influence,1way,2,30,4G,-70,4,-10,0.029,40.27951607183782,21.755486316603903,Unintentional
User_39,2025-08-12 10:30:40,0.297,0.7754,Walking,Koila,Reckless_Driving,1way,2,20,3G,-79,43,-21,0.0027433030293394,40.32162104325686,21.790745710529016,Unintentional
User_61,2025-08-13 05:52:55,0.304,0.5956,Walking,Zep,Speeding,2way,1,50,WiFi,-58,22,-20,0.0053018150214774,40.27905951338325,21.754022682697432,Unintentional
User_83,2025-08-13 06:34:33,0.498,0.5327,Running,Koila,Driving_Under_Influence,4way,0,30,5G,-100,95,25,0.0050758129965229,40.32173046175444,21.79114122203732,Unintentional
User_27,2025-08-13 08:02:56,0.33,0.653,Walking,Ligeris,Driving_Under_Influence,4way,1,40,4G,-80,85,-20,0.0043157623946584,40.30631072743134,21.8078806210463,Unintentional
User_53,2025-08-13 11:13:06,0.703,0.6423,Walking,Zep,Reckless_Driving,1way,0,40,4G,-72,85,-4,0.023,40.2794646932396,21.753153718906084,Unintentional
User_78,2025-08-13 13:45:29,0.615,0.657,Running,Koila,Reckless_Driving,1way,2,10,4G,-118,31,-19,0.008527682689724,40.322214801423904,21.791230427937332,Unintentional
User_25,2025-08-13 16:00:50,0.352,0.5143,Running,Koila,Reckless_Driving,2way,0,30,3G,-81,51,-22,0.0015924025497223,40.32195570401869,21.791372662298997,Unintentional
User_30,2025-08-14 00:39:28,0.478,0.6531,Walking,Koila,Speeding,4way,0,90,5G,-108,16,15,0.025,40.32216686774817,21.791241669495047,Unintentional
User_42,2025-08-14 08:09:14,0.544,0.8193,Running,Zep,Driving_Under_Influence,2way,0,40,5G,-83,91,20,0.0077581965521443,40.28012410413563,21.753443569710356,Unintentional
User_18,2025-08-14 18:26:00,0.669,0.6094,Running,Zep,Reckless_Driving,2way,0,10,4G,-86,8,20,0.0019126011616042,40.28031063589141,21.754238253363848,Unintentional
User_63,2025-08-14 22:34:04,0.549,0.8203,Running,Ligeris,Reckless_Driving,1way,0,40,WiFi,-66,43,-25,0.008427133139596,40.305840343939664,21.80956068189151,Unintentional
User_53,2025-08-15 01:39:38,0.703,0.6463,Driving,Zep,Driving_Under_Influence,4way,0,40,3G,-105,95,11,0.028,40.28017293843217,21.752910922734113,Unintentional
User_60,2025-08-15 05:41:28,0.669,0.5137,Running,Zep,Driving_Under_Influence,2way,1,90,WiFi,-56,76,8,0.03,40.27887175863857,21.752664358984624,Unintentional
User_92,2025-08-15 09:55:39,0.622,0.4624,Driving,Ligeris,Speeding,1way,4,20,3G,-93,16,19,0.0072017115936917,40.30531187684959,21.80821901179473,Unintentional
User_83,2025-08-15 10:27:48,0.498,0.5367,Driving,Koila,Driving_Under_Influence,2way,1,20,WiFi,-79,73,-18,0.0037366362105913,40.32127148248697,21.791087756833775,Unintentional
User_99,2025-08-15 15:10:35,0.622,0.6184,Walking,Ligeris,Driving_Under_Influence,2way,0,50,3G,-115,4,-1,0.021,40.30760928572062,21.80892605327132,Unintentional
User_39,2025-08-15 19:35:08,0.297,0.7814,Driving,Zep,Reckless_Driving,2way,0,90,5G,-98,12,25,0.003352000222433,40.2795449104194,21.75325699049493,Unintentional
User_09,2025-08-16 09:54:04,0.444,0.5567,Walking,Zep,Speeding,2way,0,10,WiFi,-82,66,-14,0.049,40.27832253038942,21.752357946797925,Unintentional
User_34,2025-08-16 16:15:38,0.466,0.5752,Running,Ligeris,Driving_Under_Influence,4way,1,20,5G,-87,53,21,0.0088038790789752,40.307075418738926,21.807236260370843,Unintentional
User_38,2025-08-16 18:11:00,0.497,0.7266,Driving,Zep,Driving_Under_Influence,2way,0,30,5G,-109,53,-11,0.038,40.28003175970153,21.753648322638934,Unintentional
User_17,2025-08-17 16:07:42,0.439,0.8306,Walking,Zep,Reckless_Driving,2way,1,40,WiFi,-53,54,-2,0.024,40.27974552208356,21.754929572448123,Unintentional
User_45,2025-08-17 16:55:19,0.693,0.6534,Running,Zep,Driving_Under_Influence,1way,1,70,4G,-70,63,1,0.038,40.27938640529863,21.75185427915325,Unintentional
User_20,2025-08-18 01:33:11,0.625,0.8543,Running,Zep,Reckless_Driving,1way,1,20,3G,-103,56,-9,0.022,40.279698696200605,21.75186105949889,Unintentional
User_14,2025-08-18 09:53:09,0.533,0.5396,Running,Zep,Driving_Under_Influence,2way,1,40,4G,-116,94,11,0.029,40.279916078982325,21.752006701476912,Unintentional
User_82,2025-08-18 13:22:14,0.291,0.494,Walking,Koila,Speeding,2way,1,20,5G,-104,13,20,0.0031697120112144,40.32163086639819,21.790135446483987,Unintentional
User_21,2025-08-18 17:33:20,0.256,0.6716,Walking,Koila,Speeding,1way,2,10,WiFi,-64,24,18,0.0067971187644517,40.32210458702838,21.792227353931555,Unintentional
User_01,2025-08-19 03:28:46,0.581,0.8337,Driving,Koila,Reckless_Driving,2way,1,90,3G,-75,38,25,0.0038974757643356,40.32297618963416,21.79024902249477,Unintentional
User_22,2025-08-19 03:57:14,0.656,0.5626,Running,Koila,Driving_Under_Influence,2way,0,30,3G,-71,42,18,0.0018613702628756,40.321266606860846,21.78952372232734,Unintentional
User_29,2025-08-19 03:59:23,0.603,0.8123,Walking,Koila,Speeding,2way,0,10,4G,-105,99,24,0.0089463272306491,40.321962155799646,21.793076031047327,Unintentional
User_08,2025-08-19 07:36:13,0.33,0.7709,Walking,Zep,Speeding,2way,2,50,5G,-108,29,25,0.0065552940696547,40.27815119926116,21.75297113555048,Unintentional
User_78,2025-08-19 09:10:16,0.615,0.669,Walking,Ligeris,Driving_Under_Influence,1way,1,40,5G,-98,23,20,0.0040697173578936,40.30584524660449,21.807005007389748,Unintentional
User_69,2025-08-19 09:19:47,0.667,0.5661,Driving,Zep,Driving_Under_Influence,1way,3,20,4G,-75,64,-23,0.0031962388768101,40.2795688224833,21.753408165629708,Unintentional
User_72,2025-08-19 10:08:09,0.359,0.7778,Running,Zep,Reckless_Driving,4way,0,40,WiFi,-52,19,17,0.0047485260985276,40.277967654960854,21.75281643818724,Unintentional
User_85,2025-08-19 11:03:32,0.653,0.6623,Walking,Ligeris,Speeding,2way,0,20,WiFi,-56,48,-22,0.0060690490427806,40.30677053862049,21.806820080193763,Unintentional
User_66,2025-08-19 16:28:29,0.551,0.5979,Driving,Zep,Driving_Under_Influence,2way,2,40,4G,-113,23,8,0.026,40.28111360015213,21.75351057590847,Unintentional
User_82,2025-08-19 20:28:27,0.291,0.496,Walking,Ligeris,Driving_Under_Influence,4way,4,10,3G,-103,19,7,0.05,40.306966310328704,21.80907132020394,Unintentional
User_81,2025-08-19 23:24:38,0.307,0.5533,Walking,Zep,Driving_Under_Influence,2way,1,20,4G,-92,44,17,0.0048695818896187,40.2803143209247,21.75426414488942,Unintentional
User_02,2025-08-20 00:22:22,0.477,0.6584,Walking,Zep,Speeding,2way,0,20,4G,-116,86,-23,0.0069825224260613,40.27957325626557,21.753258562169755,Unintentional
User_59,2025-08-20 02:45:21,0.521,0.5823,Driving,Ligeris,Speeding,2way,1,10,4G,-89,59,0,0.047,40.30694890963711,21.80669246369758,Unintentional
User_13,2025-08-20 04:59:21,0.738,0.7363,Running,Zep,Driving_Under_Influence,1way,0,70,WiFi,-72,30,7,0.037,40.280519247776326,21.75216992753493,Unintentional
User_65,2025-08-20 20:48:56,0.654,0.7202,Running,Ligeris,Speeding,2way,0,90,3G,-95,19,10,0.024,40.30643063616395,21.806834251282133,Unintentional
User_41,2025-08-21 06:22:11,0.642,0.8085,Walking,Zep,Reckless_Driving,4way,2,70,3G,-74,23,17,0.0053320678639608,40.279301731270365,21.753382299932017,Unintentional
User_24,2025-08-21 08:09:56,0.354,0.8038,Running,Zep,Reckless_Driving,2way,3,10,WiFi,-85,81,24,0.0056037235131055,40.28003078247874,21.753469991802024,Unintentional
User_57,2025-08-21 08:37:48,0.592,0.7188,Walking,Koila,Speeding,1way,0,50,WiFi,-78,1,-25,0.0068083271837859,40.322117925932176,21.793384968333864,Unintentional
User_14,2025-08-21 11:49:28,0.533,0.5456,Running,Koila,Reckless_Driving,2way,0,70,5G,-91,44,-20,0.0025124102173468,40.32208342168859,21.79126375949649,Unintentional
User_01,2025-08-21 14:40:11,0.581,0.8387,Driving,Koila,Driving_Under_Influence,2way,1,10,4G,-79,0,-17,0.0081966030361403,40.3221402111968,21.790367537669887,Unintentional
User_48,2025-08-21 16:02:05,0.636,0.6579,Running,Koila,Speeding,2way,1,50,3G,-116,87,-15,0.023,40.32141924097318,21.7905029680892,Unintentional
User_52,2025-08-21 18:03:53,0.706,0.8644,Walking,Zep,Speeding,2way,1,50,4G,-104,68,10,0.047,40.27996659088554,21.754034813364974,Unintentional
User_06,2025-08-21 19:08:26,0.573,0.6937,Running,Zep,Reckless_Driving,1way,4,50,WiFi,-65,63,23,0.0015740257049609,40.27904544331848,21.753792785254113,Unintentional
User_24,2025-08-21 19:53:03,0.354,0.8048,Running,Zep,Speeding,1way,2,70,WiFi,-59,66,7,0.033,40.27970238593585,21.752928324476137,Unintentional
User_59,2025-08-22 00:13:18,0.521,0.5863,Running,Zep,Speeding,1way,0,60,3G,-90,98,22,0.0052947478018347,40.28033037905168,21.752944475831605,Unintentional
User_23,2025-08-22 01:10:13,0.532,0.5357,Running,Koila,Driving_Under_Influence,1way,0,10,3G,-77,83,-14,0.043,40.32329429426163,21.79074169887357,Unintentional
User_60,2025-08-22 01:47:34,0.669,0.5277,Walking,Koila,Reckless_Driving,2way,1,60,4G,-89,43,8,0.027,40.3221683021416,21.791541411568197,Unintentional
User_16,2025-08-22 04:00:10,0.455,0.7368,Driving,Zep,Reckless_Driving,2way,0,20,3G,-99,70,19,0.0012088926316282,40.28064224058042,21.752378707489136,Unintentional
User_62,2025-08-22 07:46:00,0.471,0.575,Driving,Ligeris,Reckless_Driving,1way,0,70,4G,-82,95,-4,0.05,40.305069464248334,21.80662067031847,Unintentional
User_19,2025-08-22 09:11:37,0.361,0.8008,Driving,Ligeris,Driving_Under_Influence,2way,0,40,4G,-108,74,-20,0.0044425293382886,40.3061009925804,21.80830647480245,Unintentional
User_28,2025-08-22 13:35:07,0.311,0.4858,Walking,Koila,Reckless_Driving,2way,1,60,3G,-110,1,8,0.041,40.32213445723652,21.793588020541005,Unintentional
User_07,2025-08-22 15:12:01,0.47,0.6984,Running,Koila,Driving_Under_Influence,4way,1,80,WiFi,-67,54,24,0.0029170271790654,40.32258683510758,21.79077768145365,Unintentional
User_21,2025-08-22 17:44:55,0.256,0.6796,Running,Koila,Driving_Under_Influence,2way,0,50,WiFi,-74,18,23,0.006241268473735,40.32211380126995,21.791056895814616,Unintentional
User_97,2025-08-22 21:16:10,0.737,0.6806,Walking,Ligeris,Driving_Under_Influence,2way,1,50,WiFi,-72,94,-17,0.0087979286819654,40.30627613626625,21.806580219062813,Unintentional
User_27,2025-08-23 07:55:16,0.33,0.673,Walking,Ligeris,Speeding,4way,0,40,WiFi,-52,59,12,0.023,40.30674140063047,21.808441114136844,Unintentional
User_43,2025-08-23 09:30:59,0.407,0.7474,Walking,Koila,Speeding,1way,1,30,3G,-103,94,11,0.041,40.32166653941052,21.79199783307909,Unintentional
User_42,2025-08-23 11:11:02,0.544,0.8363,Running,Koila,Speeding,2way,2,30,5G,-114,49,-21,0.0022253628286258,40.322103169075746,21.791113314494137,Unintentional
User_18,2025-08-23 13:24:04,0.669,0.6274,Running,Koila,Speeding,1way,2,30,3G,-100,47,11,0.038,40.3218098347792,21.789576472587235,Unintentional
User_41,2025-08-24 00:24:48,0.642,0.8145,Running,Zep,Driving_Under_Influence,1way,1,10,3G,-80,96,21,0.0045165809559577,40.28003602535311,21.755494515976544,Unintentional
User_26,2025-08-24 02:28:55,0.495,0.7183,Running,Koila,Driving_Under_Influence,2way,1,80,5G,-75,65,-18,0.0047303881806035,40.322223424290186,21.7911854377562,Unintentional
User_80,2025-08-24 10:06:13,0.447,0.7986,Running,Koila,Speeding,4way,1,40,4G,-113,64,-15,0.028,40.32211864185267,21.791706772573253,Unintentional
User_02,2025-08-24 12:20:51,0.477,0.6664,Running,Koila,Reckless_Driving,2way,0,70,4G,-96,10,-23,0.0040417269894291,40.322035835658895,21.79089972134272,Unintentional
User_95,2025-08-24 19:40:11,0.36,0.7469,Driving,Koila,Reckless_Driving,2way,0,40,WiFi,-53,64,24,0.0077007490039145,40.32221875606735,21.79142402667132,Unintentional
User_13,2025-08-24 23:50:21,0.738,0.7453,Running,Ligeris,Speeding,2way,0,50,3G,-83,87,12,0.04,40.30601338328119,21.807383850791197,Unintentional
User_36,2025-08-25 09:00:18,0.58,0.734,Running,Koila,Driving_Under_Influence,2way,2,10,4G,-88,11,-25,0.0010812194466514,40.32117813180737,21.791874275927142,Unintentional
User_87,2025-08-25 13:10:55,0.64,0.7785,Running,Zep,Speeding,1way,1,60,4G,-74,51,17,0.0053092611665641,40.2797960504432,21.753785939754323,Unintentional
User_88,2025-08-25 19:58:44,0.421,0.8142,Walking,Ligeris,Speeding,1way,0,10,3G,-85,92,-2,0.021,40.30634048990008,21.808059861272813,Unintentional
User_65,2025-08-25 20:09:26,0.654,0.7302,Walking,Ligeris,Reckless_Driving,2way,4,10,WiFi,-52,45,-18,0.007528153375581,40.30598656198566,21.806605631844473,Unintentional
User_79,2025-08-25 21:03:08,0.326,0.5619,Running,Koila,Driving_Under_Influence,2way,0,30,5G,-80,90,-14,0.034,40.32113986930373,21.78963818831456,Unintentional
User_88,2025-08-26 10:02:01,0.421,0.8152,Running,Zep,Reckless_Driving,2way,1,20,WiFi,-76,46,8,0.021,40.279075017017774,21.754226501524727,Unintentional
User_01,2025-08-26 10:04:59,0.581,0.8477,Driving,Zep,Driving_Under_Influence,4way,0,50,3G,-96,49,-21,0.0016755070273326,40.28045491780204,21.75338091086562,Unintentional
User_19,2025-08-26 12:30:20,0.361,0.8098,Walking,Ligeris,Driving_Under_Influence,2way,0,40,3G,-75,24,-5,0.048,40.306355749326315,21.80659821810434,Unintentional
User_41,2025-08-26 14:08:34,0.642,0.8185,Driving,Koila,Reckless_Driving,1way,1,80,3G,-104,52,20,0.0098926781541091,40.32141625619249,21.78960452685863,Unintentional
User_49,2025-08-26 14:35:33,0.462,0.6447,Running,Zep,Speeding,4way,0,40,4G,-82,28,-15,0.023,40.27876077521907,21.754500952747453,Unintentional
User_23,2025-08-26 22:28:37,0.532,0.5447,Walking,Ligeris,Speeding,1way,1,30,WiFi,-59,75,25,0.0072742608214364,40.30445244735746,21.807158345362332,Unintentional
User_89,2025-08-27 02:10:04,0.606,0.8692,Driving,Ligeris,Speeding,2way,4,20,3G,-102,14,-22,0.009691223292346,40.30655797028127,21.807244664913632,Unintentional
User_80,2025-08-27 03:02:48,0.447,0.8036,Driving,Ligeris,Speeding,4way,0,40,WiFi,-88,80,-13,0.041,40.30706375635461,21.808899053741474,Unintentional
User_57,2025-08-27 03:11:23,0.592,0.7298,Running,Zep,Driving_Under_Influence,1way,1,70,WiFi,-59,62,-23,0.0030398910911448,40.280351801475504,21.753068679254653,Unintentional
User_80,2025-08-27 09:06:04,0.447,0.8046,Walking,Ligeris,Driving_Under_Influence,2way,0,80,4G,-91,68,-7,0.041,40.30621813849585,21.80728004950624,Unintentional
User_56,2025-08-27 15:31:29,0.449,0.8156,Running,Koila,Driving_Under_Influence,2way,1,50,WiFi,-59,69,17,0.0097764204606135,40.32180090688294,21.7907217097567,Unintentional
User_42,2025-08-27 18:15:33,0.544,0.8453,Driving,Koila,Driving_Under_Influence,2way,1,50,3G,-108,49,4,0.027,40.32325114092586,21.790425712703588,Unintentional
User_74,2025-08-27 19:12:23,0.564,0.647,Walking,Koila,Speeding,2way,2,70,5G,-99,26,19,0.0078538854508363,40.32261894807897,21.78997467236641,Unintentional
User_10,2025-08-27 23:48:51,0.35,0.7685,Walking,Zep,Speeding,2way,2,40,5G,-75,17,-20,0.0088919693976241,40.27937508087603,21.753715558750567,Unintentional
User_20,2025-08-28 02:45:53,0.625,0.8743,Running,Ligeris,Driving_Under_Influence,1way,1,70,4G,-83,84,3,0.04,40.30638272685785,21.80736649397357,Unintentional
User_63,2025-08-28 06:15:39,0.549,0.8483,Running,Ligeris,Speeding,2way,0,60,5G,-100,65,15,0.049,40.30579687497066,21.807935303269403,Unintentional
User_14,2025-08-28 09:52:30,0.533,0.5596,Running,Koila,Speeding,2way,0,50,5G,-85,17,25,0.0012206311761519,40.32059808534748,21.79191905928048,Unintentional
User_28,2025-08-28 14:00:20,0.311,0.4988,Walking,Ligeris,Speeding,1way,0,40,WiFi,-57,63,8,0.022,40.305545284351496,21.80837075608378,Unintentional
User_86,2025-08-28 14:17:57,0.343,0.6928,Walking,Ligeris,Driving_Under_Influence,2way,1,10,5G,-84,87,-7,0.021,40.30463651331825,21.806967443135647,Unintentional
User_29,2025-08-28 22:34:14,0.603,0.8313,Running,Ligeris,Reckless_Driving,4way,1,80,WiFi,-89,99,10,0.039,40.305953781614626,21.805597867310052,Unintentional
User_03,2025-08-28 22:46:37,0.47,0.7812,Running,Zep,Speeding,1way,0,30,WiFi,-86,37,-17,0.008801245481818,40.28071225133729,21.754953533272825,Unintentional
User_33,2025-08-29 02:12:41,0.554,0.6853,Walking,Koila,Reckless_Driving,2way,1,40,3G,-102,80,18,0.0094505760703921,40.32307396768788,21.792375398579185,Unintentional
User_20,2025-08-29 04:06:20,0.625,0.8763,Walking,Ligeris,Driving_Under_Influence,1way,1,60,4G,-111,59,-11,0.025,40.30605220670355,21.807461312569327,Unintentional
User_74,2025-08-29 06:09:59,0.564,0.65,Driving,Koila,Speeding,2way,0,50,5G,-70,23,-19,0.003995948136838,40.322360871696,21.7909590968558,Unintentional
User_66,2025-08-29 07:41:02,0.551,0.6179,Running,Zep,Reckless_Driving,1way,0,70,4G,-86,72,-17,0.0092874025365922,40.27955165276477,21.75320565907087,Unintentional
User_48,2025-08-29 10:51:31,0.636,0.6749,Driving,Ligeris,Driving_Under_Influence,2way,0,30,3G,-107,84,-11,0.048,40.307418767228626,21.80661371093303,Unintentional
User_80,2025-08-29 18:26:42,0.447,0.8086,Running,Zep,Speeding,2way,0,40,WiFi,-52,98,19,0.0097337035304273,40.27941903135979,21.754675017812076,Unintentional
User_68,2025-08-29 20:10:36,0.402,0.7107,Driving,Koila,Reckless_Driving,2way,0,40,3G,-114,86,-13,0.024,40.32297233467263,21.792569140000307,Unintentional
User_91,2025-08-30 05:23:42,0.716,0.6943,Driving,Ligeris,Reckless_Driving,4way,1,70,WiFi,-66,88,-22,0.0053712242389147,40.30567608901505,21.807515640775968,Unintentional
User_85,2025-08-30 12:32:17,0.653,0.6833,Running,Zep,Driving_Under_Influence,2way,0,30,5G,-74,76,-20,0.0090200896599771,40.278926599132305,21.753413952406632,Unintentional
User_58,2025-08-30 15:58:11,0.744,0.6762,Running,Koila,Driving_Under_Influence,1way,0,60,4G,-114,66,1,0.035,40.32136043980869,21.790030976575313,Unintentional
User_56,2025-08-31 15:43:08,0.449,0.8226,Walking,Ligeris,Driving_Under_Influence,1way,1,90,4G,-84,93,-9,0.038,40.30801613811827,21.80773838067916,Unintentional
User_59,2025-08-31 22:55:10,0.521,0.6053,Driving,Ligeris,Speeding,2way,1,40,4G,-119,51,-12,0.026,40.30637383156079,21.808436135414052,Unintentional
User_13,2025-09-01 01:39:10,0.738,0.7603,Walking,Zep,Reckless_Driving,1way,1,60,WiFi,-60,42,-4,0.032,40.27951773376765,21.7532690874686,Unintentional
User_15,2025-09-01 06:52:09,0.369,0.5278,Driving,Koila,Reckless_Driving,2way,1,10,WiFi,-67,16,-14,0.022,40.32286259012551,21.79004927729916,Unintentional
User_54,2025-09-01 07:06:25,0.482,0.8629,Walking,Koila,Driving_Under_Influence,2way,0,80,3G,-74,38,-24,0.0081281369723352,40.32179279325013,21.78952762014801,Unintentional
User_27,2025-09-01 14:18:01,0.33,0.692,Running,Ligeris,Speeding,2way,4,30,4G,-97,21,20,0.0017861065444564,40.30661323549918,21.806995396394875,Unintentional
User_59,2025-09-01 16:03:42,0.521,0.6073,Walking,Zep,Driving_Under_Influence,2way,1,70,3G,-118,25,20,0.0073646007860541,40.278795909119694,21.75538842397677,Unintentional
User_58,2025-09-01 21:45:26,0.744,0.6802,Running,Koila,Driving_Under_Influence,2way,2,10,4G,-97,5,-3,0.035,40.32179917707386,21.791399573011383,Unintentional
User_23,2025-09-01 22:08:00,0.532,0.5567,Driving,Ligeris,Reckless_Driving,1way,0,10,4G,-85,74,23,0.0052329392973101,40.305849166385144,21.807224509104017,Unintentional
User_72,2025-09-02 01:21:02,0.359,0.8058,Walking,Koila,Speeding,1way,5,50,4G,-114,70,-22,0.0071838095405264,40.32043535099922,21.791962107186453,Unintentional
User_55,2025-09-02 09:08:27,0.3,0.8634,Running,Ligeris,Reckless_Driving,2way,0,30,4G,-110,100,-25,0.0055035495439455,40.30634548215888,21.807115050687106,Unintentional
User_84,2025-09-02 18:27:12,0.488,0.6804,Running,Ligeris,Driving_Under_Influence,1way,1,70,3G,-102,85,-10,0.026,40.30622818349008,21.80749512087588,Unintentional
User_04,2025-09-02 22:32:39,0.619,0.8155,Driving,Koila,Driving_Under_Influence,2way,3,40,5G,-84,73,1,0.032,40.3223875344733,21.791516125704835,Unintentional
User_05,2025-09-02 23:09:56,0.307,0.6297,Walking,Ligeris,Reckless_Driving,2way,1,90,5G,-86,27,10,0.037,40.305034275790945,21.809088597018803,Unintentional
User_88,2025-09-03 04:22:15,0.421,0.8312,Walking,Zep,Driving_Under_Influence,2way,0,50,5G,-75,99,-21,0.0035126199527114,40.27959958661898,21.753310789999233,Unintentional
User_30,2025-09-03 04:26:05,0.478,0.6931,Running,Koila,Driving_Under_Influence,4way,0,10,WiFi,-67,78,13,0.03,40.32194764174167,21.790647503861468,Unintentional
User_07,2025-09-03 06:36:20,0.47,0.7224,Running,Zep,Driving_Under_Influence,4way,0,70,5G,-88,19,-18,0.0082217683380513,40.28062239200091,21.75221304798822,Unintentional
User_30,2025-09-03 06:55:16,0.478,0.6941,Walking,Zep,Driving_Under_Influence,4way,1,50,WiFi,-64,21,-18,0.0032808192511878,40.28016906701906,21.753127994835456,Unintentional
User_38,2025-09-03 08:35:38,0.497,0.7626,Walking,Ligeris,Speeding,1way,1,20,WiFi,-73,73,22,0.0081959572546812,40.30625685916204,21.807514505319972,Unintentional
User_22,2025-09-03 12:51:28,0.656,0.5926,Driving,Ligeris,Driving_Under_Influence,2way,0,30,WiFi,-54,49,16,0.025,40.30528975586225,21.809049925832007,Unintentional
User_06,2025-09-03 13:05:11,0.573,0.7187,Driving,Ligeris,Reckless_Driving,2way,1,20,3G,-95,36,15,0.047,40.30630184922791,21.807601982934532,Unintentional
User_67,2025-09-03 15:31:21,0.692,0.7311,Running,Zep,Driving_Under_Influence,2way,1,70,3G,-78,43,-12,0.046,40.280506472608664,21.754950801925684,Unintentional
User_95,2025-09-04 17:58:06,0.36,0.7689,Walking,Ligeris,Reckless_Driving,2way,2,20,5G,-80,2,-2,0.041,40.3053576954595,21.80938989670854,Unintentional
User_79,2025-09-04 19:10:52,0.326,0.5809,Driving,Ligeris,Speeding,1way,2,40,WiFi,-58,53,-4,0.034,40.305493783066034,21.80947067662872,Unintentional
User_15,2025-09-05 01:17:48,0.369,0.5348,Running,Zep,Driving_Under_Influence,1way,4,30,4G,-83,33,-5,0.039,40.27995362894389,21.751292601996617,Unintentional
User_42,2025-09-05 04:27:43,0.544,0.8623,Walking,Ligeris,Reckless_Driving,2way,0,90,4G,-113,87,-4,0.029,40.306657526479555,21.807983510753942,Unintentional
User_60,2025-09-05 06:55:03,0.669,0.5547,Running,Koila,Reckless_Driving,2way,0,80,5G,-71,41,24,0.0032848649205192,40.32298947438311,21.79070072462806,Unintentional
User_27,2025-09-05 09:11:24,0.33,0.699,Running,Ligeris,Speeding,4way,4,90,WiFi,-86,83,-6,0.031,40.30677474030801,21.805533071263696,Unintentional
User_62,2025-09-05 17:08:20,0.471,0.603,Driving,Zep,Driving_Under_Influence,1way,0,50,4G,-70,41,25,0.003053262114996,40.2798329503512,21.75298844268741,Unintentional
User_09,2025-09-05 21:57:40,0.444,0.5977,Running,Ligeris,Driving_Under_Influence,4way,3,10,5G,-108,33,-22,0.0074658719251131,40.306240462452024,21.807428175603615,Unintentional
User_83,2025-09-05 23:10:52,0.498,0.5787,Running,Zep,Speeding,2way,0,90,5G,-101,20,-7,0.04,40.279186369947155,21.75282655440062,Unintentional
User_55,2025-09-06 00:02:19,0.3,0.8704,Running,Koila,Speeding,1way,0,80,5G,-83,75,12,0.024,40.32256213092579,21.78966335071083,Unintentional
User_99,2025-09-06 05:50:31,0.622,0.6614,Driving,Ligeris,Driving_Under_Influence,1way,0,60,5G,-75,7,2,0.022,40.30647409018495,21.807541246651923,Unintentional
User_13,2025-09-06 06:18:00,0.738,0.7703,Driving,Koila,Driving_Under_Influence,4way,0,10,4G,-98,44,-7,0.043,40.321993695198465,21.79049313982672,Unintentional
User_96,2025-09-06 08:21:18,0.308,0.6578,Running,Ligeris,Speeding,2way,0,20,3G,-73,38,-23,0.009417681442763,40.305955479615825,21.80648212851782,Unintentional
User_22,2025-09-06 17:38:38,0.656,0.5986,Driving,Koila,Reckless_Driving,2way,1,30,5G,-98,19,10,0.04,40.32299019987393,21.79328605395094,Unintentional
User_12,2025-09-06 19:53:40,0.74,0.7791,Driving,Koila,Driving_Under_Influence,1way,0,80,3G,-116,84,18,0.0080105950296582,40.32202843013073,21.791382355890793,Unintentional
User_79,2025-09-07 01:25:45,0.326,0.5869,Walking,Zep,Driving_Under_Influence,1way,0,70,4G,-99,81,-2,0.048,40.27936526605009,21.752517739353763,Unintentional
User_22,2025-09-07 08:27:19,0.656,0.6006,Driving,Koila,Reckless_Driving,1way,1,50,4G,-110,82,18,0.0017629636492648,40.322625085607534,21.790767885504717,Unintentional
User_42,2025-09-07 11:12:16,0.544,0.8673,Driving,Zep,Reckless_Driving,4way,1,110,WiFi,-75,43,-8,0.031,40.27957299728953,21.753208669038855,Unintentional
User_58,2025-09-07 11:53:27,0.744,0.6912,Walking,Koila,Speeding,1way,0,10,WiFi,-71,1,12,0.048,40.32241535994299,21.790385679552823,Unintentional
User_38,2025-09-07 16:02:16,0.497,0.7696,Running,Koila,Speeding,2way,0,10,4G,-72,1,19,0.008398075037737,40.32323225363648,21.789781291832508,Unintentional
User_29,2025-09-08 04:30:38,0.603,0.8523,Driving,Ligeris,Reckless_Driving,2way,0,80,WiFi,-76,9,22,0.0091398976775592,40.30758713557017,21.8089226102735,Unintentional
User_46,2025-09-08 16:07:58,0.537,0.7319,Driving,Zep,Reckless_Driving,1way,0,30,4G,-85,24,-22,0.0011604576470537,40.27843587698296,21.751716883741228,Unintentional
User_25,2025-09-08 21:14:17,0.352,0.5663,Walking,Koila,Reckless_Driving,2way,0,30,WiFi,-55,46,23,0.0040565189625462,40.32244211673158,21.791506901689633,Unintentional
User_78,2025-09-08 22:56:13,0.615,0.71,Driving,Ligeris,Driving_Under_Influence,4way,0,60,4G,-70,37,6,0.048,40.30654938876328,21.808291413800216,Unintentional
User_18,2025-09-08 23:45:46,0.669,0.6604,Driving,Ligeris,Driving_Under_Influence,1way,0,20,4G,-87,53,-19,0.002780402787074,40.30669054527038,21.80773459058179,Unintentional
User_02,2025-09-09 07:12:50,0.477,0.6984,Running,Zep,Reckless_Driving,1way,1,40,4G,-109,53,-21,0.0030233929518844,40.27995199572017,21.752516223355514,Unintentional
User_15,2025-09-09 07:39:00,0.369,0.5428,Driving,Ligeris,Speeding,2way,0,90,4G,-115,0,-23,0.0062118887650659,40.306286112725985,21.809189108854778,Unintentional
User_04,2025-09-09 11:59:18,0.619,0.8295,Driving,Zep,Speeding,1way,4,70,WiFi,-50,74,6,0.04,40.27957852093563,21.752036497710492,Unintentional
User_98,2025-09-09 13:00:28,0.734,0.649,Walking,Zep,Driving_Under_Influence,2way,0,40,3G,-79,56,-18,0.0051429844862492,40.27936781005507,21.751832181973093,Unintentional
User_10,2025-09-10 16:46:34,0.35,0.7955,Driving,Zep,Driving_Under_Influence,1way,0,50,4G,-107,63,3,0.046,40.27848857201942,21.753596448980673,Unintentional
User_92,2025-09-11 06:07:33,0.622,0.5164,Walking,Ligeris,Driving_Under_Influence,4way,0,50,5G,-77,66,17,0.0012349635021463,40.30667809929261,21.808390609885585,Unintentional
User_24,2025-09-11 07:21:21,0.354,0.8468,Driving,Ligeris,Reckless_Driving,2way,0,70,WiFi,-59,29,23,0.0012575255571272,40.306424726896424,21.808067667709025,Unintentional
User_12,2025-09-11 08:13:24,0.74,0.7891,Driving,Ligeris,Speeding,2way,1,30,3G,-112,20,20,0.002959582015101,40.30750634090049,21.805951320972873,Unintentional
User_59,2025-09-11 08:35:05,0.521,0.6263,Running,Koila,Driving_Under_Influence,2way,1,50,5G,-84,77,-23,0.0023778823410808,40.32187484731805,21.792825347554192,Unintentional
User_26,2025-09-11 11:05:30,0.495,0.7543,Driving,Zep,Driving_Under_Influence,1way,0,40,WiFi,-61,15,-19,0.0090934291173848,40.27907424722449,21.752354736823285,Unintentional
User_75,2025-09-11 14:25:23,0.65,0.7944,Driving,Zep,Speeding,2way,1,50,WiFi,-61,36,8,0.026,40.280198289552175,21.7531457978213,Unintentional
User_40,2025-09-11 17:23:58,0.357,0.5951,Running,Ligeris,Speeding,2way,1,70,3G,-104,95,4,0.048,40.30610481168371,21.807576660121352,Unintentional
User_13,2025-09-11 18:40:11,0.738,0.7813,Running,Ligeris,Reckless_Driving,2way,0,10,5G,-106,62,17,0.0080340404848566,40.30611634522518,21.80778404136222,Unintentional
User_90,2025-09-12 04:09:44,0.395,0.6198,Walking,Zep,Driving_Under_Influence,2way,0,80,3G,-115,83,23,0.0042107687252176,40.28029318358727,21.75175959446957,Unintentional
User_22,2025-09-12 06:49:21,0.656,0.6096,Driving,Ligeris,Driving_Under_Influence,4way,0,50,WiFi,-87,15,21,0.0064810473826183,40.305060268728155,21.807876967503766,Unintentional
User_99,2025-09-12 12:39:11,0.622,0.6744,Walking,Ligeris,Driving_Under_Influence,2way,0,40,WiFi,-61,12,2,0.043,40.306307551786674,21.80733670993467,Unintentional
User_43,2025-09-12 17:42:35,0.407,0.7864,Driving,Ligeris,Driving_Under_Influence,1way,0,40,3G,-119,12,-18,0.0066327760181494,40.30576105226865,21.80777520870775,Unintentional
User_10,2025-09-13 06:02:29,0.35,0.8015,Running,Ligeris,Driving_Under_Influence,2way,0,20,3G,-109,91,6,0.034,40.306294024614985,21.80841838444672,Unintentional
User_41,2025-09-13 07:13:53,0.642,0.8545,Walking,Zep,Driving_Under_Influence,1way,0,60,4G,-119,87,16,0.026,40.27822248162227,21.75347076243261,Unintentional
User_67,2025-09-13 12:28:00,0.692,0.7511,Running,Koila,Reckless_Driving,1way,1,50,5G,-92,87,22,0.0085132071583045,40.32194286541302,21.791248283420465,Unintentional
User_58,2025-09-13 12:57:30,0.744,0.7032,Walking,Ligeris,Reckless_Driving,2way,1,20,WiFi,-78,10,-18,0.0019699431537928,40.306076547898385,21.807999052513782,Unintentional
User_25,2025-09-13 23:17:52,0.352,0.5763,Walking,Ligeris,Driving_Under_Influence,1way,0,60,4G,-97,31,-25,0.0049984717897183,40.30616984659645,21.80754036376152,Unintentional
User_40,2025-09-14 09:11:32,0.357,0.6001,Running,Ligeris,Driving_Under_Influence,2way,1,60,4G,-86,11,8,0.046,40.305995701791474,21.805197320542305,Unintentional
User_01,2025-09-14 11:04:18,0.581,0.8867,Driving,Ligeris,Driving_Under_Influence,4way,4,50,4G,-99,8,-25,0.0024793654498363,40.306141328936086,21.809247214229348,Unintentional
User_68,2025-09-14 11:39:29,0.402,0.7437,Running,Koila,Reckless_Driving,2way,1,80,5G,-87,20,-19,0.0020377815429039,40.323124350870735,21.790909403407316,Unintentional
User_83,2025-09-14 18:53:55,0.498,0.5957,Walking,Zep,Driving_Under_Influence,2way,0,60,5G,-97,10,19,0.0020379866190572,40.279848405457706,21.754932519811735,Unintentional
User_22,2025-09-15 02:08:13,0.656,0.6156,Driving,Zep,Speeding,2way,0,40,4G,-119,14,0,0.049,40.2781950771457,21.752760420573885,Unintentional
User_80,2025-09-15 09:17:38,0.447,0.8426,Walking,Ligeris,Reckless_Driving,2way,0,90,4G,-107,75,24,0.007669695929073,40.3062051563287,21.80788627977368,Unintentional
User_22,2025-09-15 13:46:34,0.656,0.6166,Running,Koila,Reckless_Driving,4way,0,70,WiFi,-77,42,-9,0.022,40.32257203805153,21.792239054506737,Unintentional
User_63,2025-09-16 00:02:50,0.549,0.8853,Driving,Koila,Driving_Under_Influence,2way,0,80,5G,-84,60,-9,0.024,40.321224098325054,21.79100255738658,Unintentional
User_36,2025-09-16 04:10:01,0.58,0.777,Driving,Ligeris,Driving_Under_Influence,4way,1,90,WiFi,-50,80,10,0.023,40.30674615685136,21.805313815652916,Unintentional
User_17,2025-09-16 19:24:47,0.439,0.8916,Walking,Zep,Speeding,2way,0,30,4G,-70,60,4,0.026,40.28052774291102,21.753296922047365,Unintentional
User_29,2025-09-16 20:54:40,0.603,0.8693,Running,Ligeris,Reckless_Driving,2way,0,30,4G,-84,97,9,0.023,40.30577928089043,21.80713888342007,Unintentional
User_54,2025-09-17 02:57:50,0.482,0.8949,Walking,Zep,Reckless_Driving,2way,1,60,3G,-71,6,2,0.021,40.28033695035571,21.753157592081827,Unintentional
User_69,2025-09-17 10:52:44,0.667,0.6251,Driving,Koila,Reckless_Driving,1way,0,20,3G,-119,2,8,0.022,40.3226727138656,21.79125526482704,Unintentional
User_70,2025-09-17 12:58:20,0.314,0.6901,Driving,Zep,Speeding,1way,1,80,5G,-95,68,24,0.0095936892387127,40.27831169202464,21.754714995339064,Unintentional
User_36,2025-09-17 16:32:54,0.58,0.78,Running,Ligeris,Driving_Under_Influence,1way,0,30,WiFi,-64,58,18,0.0044245012051098,40.30739413250992,21.80828471341518,Unintentional
User_82,2025-09-17 22:32:37,0.291,0.554,Walking,Zep,Speeding,2way,5,80,5G,-115,6,19,0.0026689140240405,40.27978020920418,21.754652297143775,Unintentional
User_63,2025-09-18 03:55:15,0.549,0.8893,Driving,Koila,Driving_Under_Influence,1way,1,50,3G,-120,71,20,0.0055177555430168,40.32195504107829,21.790463265660172,Unintentional
User_53,2025-09-18 05:18:05,0.703,0.7143,Driving,Koila,Driving_Under_Influence,1way,0,90,3G,-104,30,23,0.0072943554624489,40.32241216171232,21.791641780956084,Unintentional
User_69,2025-09-18 06:56:18,0.667,0.6261,Walking,Ligeris,Reckless_Driving,2way,3,40,5G,-75,51,-6,0.036,40.306632130224976,21.807217445078592,Unintentional
User_62,2025-09-18 10:04:57,0.471,0.63,Walking,Koila,Driving_Under_Influence,4way,1,80,3G,-88,98,18,0.0076374930872903,40.32160169231668,21.790454614434296,Unintentional
User_75,2025-09-18 11:20:14,0.65,0.8084,Driving,Zep,Driving_Under_Influence,2way,1,70,4G,-105,44,-4,0.046,40.28055371799396,21.75192510105449,Unintentional
User_89,2025-09-18 17:46:11,0.606,0.9122,Walking,Zep,Speeding,2way,3,10,3G,-115,33,-9,0.038,40.27938317579823,21.753149522083103,Unintentional
User_41,2025-09-19 05:22:24,0.642,0.8675,Running,Koila,Driving_Under_Influence,4way,0,20,5G,-72,54,14,0.037,40.32143628785853,21.791395660730142,Unintentional
User_54,2025-09-19 07:35:09,0.482,0.8989,Running,Koila,Reckless_Driving,2way,1,40,5G,-99,39,18,0.002653330441199,40.322168354280144,21.790874010820275,Unintentional
User_45,2025-09-19 09:18:43,0.693,0.7194,Walking,Koila,Driving_Under_Influence,1way,1,20,WiFi,-76,46,-8,0.039,40.32184117035933,21.792464854326692,Unintentional
User_100,2025-09-19 11:37:10,0.718,0.862,Driving,Zep,Reckless_Driving,4way,5,50,4G,-83,40,1,0.049,40.28063785117493,21.753035771255153,Unintentional
User_16,2025-09-19 15:07:17,0.455,0.7938,Running,Ligeris,Speeding,1way,0,30,4G,-101,64,-6,0.029,40.30703051272076,21.80637408554348,Unintentional
User_87,2025-09-19 18:57:45,0.64,0.8295,Driving,Zep,Driving_Under_Influence,1way,2,70,3G,-80,49,1,0.045,40.27955173903812,21.753258971787993,Unintentional
User_50,2025-09-19 22:42:18,0.395,0.7484,Walking,Koila,Speeding,1way,2,30,5G,-91,18,9,0.048,40.32087937959131,21.79223418986646,Unintentional
User_04,2025-09-20 09:12:23,0.619,0.8505,Driving,Zep,Speeding,2way,0,90,3G,-82,78,24,0.0029495428459457,40.28061748649544,21.75495060337743,Unintentional
User_88,2025-09-20 15:11:25,0.421,0.8662,Running,Koila,Speeding,1way,0,20,WiFi,-81,5,-6,0.025,40.32163708142085,21.79215817883434,Unintentional
User_22,2025-09-20 15:30:17,0.656,0.6266,Driving,Koila,Driving_Under_Influence,2way,1,20,WiFi,-66,39,18,0.0013135106171418,40.32246276423243,21.789196599767276,Unintentional
User_97,2025-09-20 18:16:16,0.737,0.7376,Driving,Ligeris,Driving_Under_Influence,4way,0,10,5G,-115,95,14,0.039,40.30601141850656,21.808674052571863,Unintentional
User_35,2025-09-20 23:38:44,0.301,0.5825,Walking,Zep,Reckless_Driving,1way,1,30,5G,-90,55,0,0.03,40.27927951408529,21.75272448922202,Unintentional
User_42,2025-09-21 02:17:41,0.544,0.8943,Running,Zep,Speeding,2way,1,20,WiFi,-75,31,10,0.05,40.27976445492692,21.75265739598543,Unintentional
User_33,2025-09-21 08:48:22,0.554,0.7313,Driving,Zep,Speeding,4way,0,80,5G,-91,39,-17,0.0034012172400162,40.27863656921859,21.752390836211394,Unintentional
User_31,2025-09-21 08:57:15,0.293,0.9257,Driving,Ligeris,Driving_Under_Influence,1way,0,30,5G,-100,53,-16,0.022,40.30756547287603,21.80645924176445,Unintentional
User_89,2025-09-21 09:03:56,0.606,0.9182,Driving,Ligeris,Driving_Under_Influence,2way,1,50,5G,-105,32,-12,0.026,40.30640026207104,21.805375243048996,Unintentional
User_48,2025-09-21 11:35:05,0.636,0.7199,Walking,Zep,Driving_Under_Influence,2way,0,40,4G,-110,13,7,0.029,40.27945893968966,21.752867771371584,Unintentional
User_77,2025-09-21 12:20:25,0.369,0.6133,Walking,Zep,Reckless_Driving,2way,1,60,3G,-87,32,22,0.0070753681330574,40.27992813398079,21.754127851961655,Unintentional
User_31,2025-09-21 19:09:33,0.293,0.9267,Walking,Koila,Driving_Under_Influence,2way,1,10,4G,-75,82,-11,0.023,40.32213571276377,21.791291154748247,Unintentional
User_43,2025-09-21 21:19:17,0.407,0.8054,Driving,Koila,Speeding,4way,0,80,5G,-105,89,-3,0.034,40.32205645316755,21.791198342438825,Unintentional
User_22,2025-09-22 02:46:51,0.656,0.6296,Driving,Zep,Driving_Under_Influence,4way,0,30,3G,-72,93,-21,0.0060968043963889,40.280352779187155,21.754057287253232,Unintentional
User_62,2025-09-22 05:52:25,0.471,0.638,Driving,Ligeris,Speeding,2way,0,40,WiFi,-75,70,9,0.044,40.30518261690518,21.806728220521947,Unintentional
User_61,2025-09-22 07:23:02,0.304,0.6746,Driving,Zep,Reckless_Driving,2way,0,40,4G,-99,58,22,0.0042122560082919,40.27921881200293,21.75183935979752,Unintentional
User_96,2025-09-22 09:59:46,0.308,0.6898,Running,Zep,Reckless_Driving,1way,3,30,5G,-90,12,25,0.0048449814684422,40.28066345217877,21.751966385048792,Unintentional
User_44,2025-09-22 10:42:45,0.546,0.8045,Driving,Ligeris,Driving_Under_Influence,2way,0,10,4G,-75,50,-25,0.0051976954744905,40.305928525641335,21.8067250740666,Unintentional
User_65,2025-09-22 12:32:04,0.654,0.7852,Running,Ligeris,Driving_Under_Influence,1way,0,10,3G,-108,2,-19,0.0072188913530678,40.30638824772883,21.806553922691897,Unintentional
User_23,2025-09-22 16:26:29,0.532,0.5987,Running,Zep,Reckless_Driving,2way,0,30,3G,-95,85,-20,0.0012834994224788,40.27941810257808,21.755004632682923,Unintentional
User_14,2025-09-23 00:32:19,0.533,0.6116,Walking,Ligeris,Speeding,4way,0,50,5G,-83,99,-19,0.003584697635232,40.30545819392261,21.807909359810196,Unintentional
User_59,2025-09-23 12:06:36,0.521,0.6513,Running,Ligeris,Driving_Under_Influence,4way,1,30,4G,-110,52,-17,0.0082309133418634,40.30504648359152,21.807579250378964,Unintentional
User_95,2025-09-23 13:55:26,0.36,0.8069,Running,Ligeris,Speeding,4way,1,80,4G,-71,80,8,0.039,40.307462015169776,21.808839005474734,Unintentional
User_13,2025-09-23 17:28:07,0.738,0.8043,Walking,Ligeris,Speeding,2way,0,30,WiFi,-71,67,-11,0.039,40.30575833106071,21.80935507961444,Unintentional
User_89,2025-09-23 17:45:43,0.606,0.9232,Walking,Zep,Reckless_Driving,2way,0,30,4G,-75,23,22,0.0013478023841575,40.27896206532144,21.751133723990417,Unintentional
User_81,2025-09-23 23:32:52,0.307,0.6233,Driving,Ligeris,Reckless_Driving,4way,1,40,4G,-70,35,-1,0.026,40.30619531087811,21.80868348913309,Unintentional
User_75,2025-09-24 06:05:52,0.65,0.8204,Walking,Ligeris,Reckless_Driving,2way,1,70,WiFi,-75,95,23,0.0050115478663754,40.306095271312095,21.807423398233695,Unintentional
User_12,2025-09-25 04:50:39,0.74,0.8171,Driving,Ligeris,Driving_Under_Influence,4way,1,40,3G,-96,34,-2,0.03,40.30603197055367,21.80790051478223,Unintentional
User_51,2025-09-25 08:12:13,0.574,0.6703,Walking,Ligeris,Reckless_Driving,1way,0,40,4G,-87,35,-24,0.0052185710220342,40.304562258435865,21.807189676634778,Unintentional
User_03,2025-09-25 08:15:50,0.47,0.8372,Running,Ligeris,Speeding,2way,0,40,4G,-90,57,21,0.0049232568105725,40.30496724439409,21.808951412680717,Unintentional
User_97,2025-09-25 10:49:19,0.737,0.7476,Walking,Zep,Driving_Under_Influence,4way,0,40,WiFi,-57,32,-6,0.028,40.280209943166554,21.75278515935244,Unintentional
User_28,2025-09-25 17:27:02,0.311,0.5548,Running,Koila,Driving_Under_Influence,1way,0,30,4G,-106,54,-12,0.029,40.32125553554639,21.791443527044756,Unintentional
User_21,2025-09-25 21:44:40,0.256,0.7476,Running,Ligeris,Reckless_Driving,1way,0,40,3G,-119,37,25,0.0059204445928829,40.3070817641685,21.807210948661435,Unintentional
User_45,2025-09-26 03:21:33,0.693,0.7324,Running,Koila,Speeding,2way,2,60,5G,-110,0,-21,0.0051394453584371,40.32153500614844,21.791582251678314,Unintentional
User_30,2025-09-26 10:57:51,0.478,0.7401,Walking,Ligeris,Speeding,1way,0,40,4G,-80,39,-17,0.0042669143086423,40.30489327718955,21.80654208790566,Unintentional
User_59,2025-09-26 18:30:39,0.521,0.6573,Driving,Ligeris,Driving_Under_Influence,4way,0,30,WiFi,-67,24,7,0.039,40.30490012819424,21.807933416942017,Unintentional
User_53,2025-09-27 01:09:24,0.703,0.7323,Running,Ligeris,Speeding,2way,1,60,WiFi,-88,3,-5,0.031,40.305729221454975,21.805764362701808,Unintentional
User_58,2025-09-27 04:55:03,0.744,0.7312,Walking,Koila,Speeding,2way,0,20,WiFi,-69,32,20,0.0089523496194406,40.32286843370051,21.791635803866267,Unintentional
User_11,2025-09-27 05:39:17,0.263,0.8908,Running,Zep,Speeding,1way,0,80,WiFi,-70,25,-23,0.006201990475461,40.27990819754391,21.754959400931675,Unintentional
User_10,2025-09-27 08:19:11,0.35,0.8295,Driving,Koila,Speeding,4way,0,30,5G,-111,99,-1,0.039,40.32168887682066,21.79052117429544,Unintentional
User_68,2025-09-27 10:57:47,0.402,0.7697,Running,Ligeris,Speeding,2way,1,20,3G,-112,27,21,0.0052967884950966,40.306253582065224,21.807484488918945,Unintentional
User_17,2025-09-27 11:19:45,0.439,0.9126,Walking,Zep,Speeding,2way,2,20,5G,-82,68,8,0.037,40.27898439421349,21.751146252633692,Unintentional
User_17,2025-09-27 14:27:13,0.439,0.9136,Running,Koila,Reckless_Driving,2way,1,30,5G,-74,23,-25,0.0088955414413289,40.32039353479883,21.79071351162928,Unintentional
User_87,2025-09-27 14:49:30,0.64,0.8455,Walking,Ligeris,Reckless_Driving,1way,0,80,4G,-82,21,15,0.029,40.30622603805686,21.80749983164124,Unintentional
User_22,2025-09-27 14:56:39,0.656,0.6406,Running,Ligeris,Driving_Under_Influence,4way,2,40,3G,-120,33,-18,0.0013341803918731,40.3057883192467,21.80691803614982,Unintentional
User_42,2025-09-27 17:22:29,0.544,0.9073,Walking,Zep,Speeding,1way,0,40,4G,-83,36,19,0.0026763451301219,40.27906425484062,21.751231448524685,Unintentional
User_07,2025-09-28 03:08:57,0.47,0.7714,Walking,Koila,Reckless_Driving,4way,1,60,4G,-104,70,-22,0.0088714113054998,40.32147798292584,21.791059549907033,Unintentional
User_02,2025-09-28 06:54:04,0.477,0.7374,Walking,Zep,Speeding,4way,4,10,4G,-80,16,-6,0.044,40.27942649920951,21.75328465269729,Unintentional
User_07,2025-09-28 12:33:18,0.47,0.7724,Running,Zep,Reckless_Driving,1way,0,30,4G,-83,72,24,0.0079602728229982,40.279876409140115,21.75335560529933,Unintentional
User_66,2025-09-28 13:52:02,0.551,0.6779,Driving,Zep,Driving_Under_Influence,4way,2,30,3G,-78,89,24,0.0035260944926573,40.280172341117265,21.755206105038468,Unintentional
User_77,2025-09-28 17:09:37,0.369,0.6273,Running,Koila,Driving_Under_Influence,2way,4,50,4G,-93,71,22,0.001643685019489,40.322241606038794,21.791255131896936,Unintentional
User_18,2025-09-28 21:07:03,0.669,0.7004,Walking,Zep,Driving_Under_Influence,2way,2,30,5G,-97,40,1,0.042,40.27799412574463,21.752106003153763,Unintentional
User_52,2025-09-28 22:15:22,0.706,0.9404,Running,Zep,Reckless_Driving,2way,1,90,5G,-92,56,-18,0.0094183175650547,40.28057692679363,21.752340888257443,Unintentional
User_48,2025-09-28 22:49:22,0.636,0.7349,Driving,Zep,Reckless_Driving,2way,1,10,4G,-73,96,13,0.026,40.278031012614775,21.754100642235706,Unintentional
User_68,2025-09-29 01:12:05,0.402,0.7727,Walking,Zep,Reckless_Driving,1way,1,30,3G,-94,83,-18,0.0091467199694968,40.27862105006931,21.7538974198826,Unintentional
User_57,2025-09-29 04:35:40,0.592,0.7958,Driving,Zep,Driving_Under_Influence,1way,4,70,5G,-87,91,18,0.0088938682511915,40.27933816265765,21.75344520337892,Unintentional
User_93,2025-09-29 10:25:50,0.333,0.9293,Driving,Zep,Speeding,2way,2,40,5G,-71,44,24,0.005554939370771,40.27987884794065,21.752606169732683,Unintentional
User_28,2025-09-29 13:49:09,0.311,0.5618,Running,Ligeris,Speeding,2way,3,70,3G,-73,98,-23,0.0041298133584779,40.306357622835705,21.80736145267412,Unintentional
User_49,2025-09-29 22:18:44,0.462,0.7137,Running,Ligeris,Reckless_Driving,4way,1,80,3G,-103,14,-2,0.034,40.306080189817415,21.807134631383907,Unintentional
User_71,2025-09-29 23:30:11,0.259,0.8042,Running,Ligeris,Reckless_Driving,2way,1,80,4G,-80,0,-10,0.05,40.30623867908927,21.80746228323979,Unintentional
User_35,2025-09-30 04:25:25,0.301,0.6015,Walking,Koila,Reckless_Driving,2way,2,40,3G,-95,32,16,0.034,40.32161283183453,21.790735921401676,Unintentional
User_43,2025-09-30 15:54:01,0.407,0.8224,Walking,Zep,Reckless_Driving,2way,1,30,3G,-75,28,17,0.0094820018822713,40.27922738308052,21.753282560917423,Unintentional
User_72,2025-09-30 20:04:52,0.359,0.8628,Running,Ligeris,Speeding,2way,0,60,4G,-118,69,19,0.0018738332197343,40.30608167154531,21.807679106164503,Unintentional
User_61,2025-10-01 02:47:22,0.304,0.6926,Walking,Ligeris,Speeding,4way,0,40,5G,-102,74,13,0.027,40.30563995468332,21.80772238195522,Unintentional
User_34,2025-10-01 03:09:58,0.466,0.6662,Driving,Zep,Driving_Under_Influence,4way,1,30,WiFi,-58,65,8,0.047,40.279094515759155,21.754809129664697,Unintentional
User_33,2025-10-01 10:43:56,0.554,0.7513,Driving,Ligeris,Speeding,1way,1,10,4G,-95,69,-1,0.026,40.306122427634534,21.809432732921465,Unintentional
User_84,2025-10-01 16:03:48,0.488,0.7384,Running,Zep,Driving_Under_Influence,2way,1,10,5G,-88,68,-11,0.048,40.279498123541885,21.753137978479568,Unintentional
User_07,2025-10-01 18:19:51,0.47,0.7784,Driving,Zep,Driving_Under_Influence,2way,0,60,5G,-110,26,7,0.039,40.27867318076304,21.752121039760304,Unintentional
User_49,2025-10-01 18:36:20,0.462,0.7177,Walking,Koila,Speeding,1way,0,20,4G,-80,89,11,0.026,40.32198957026113,21.793373396789704,Unintentional
User_51,2025-10-01 20:47:43,0.574,0.6823,Running,Zep,Driving_Under_Influence,2way,2,50,5G,-76,16,-20,0.0060020465452702,40.28048769046908,21.7531456844518,Unintentional
User_55,2025-10-02 10:15:54,0.3,0.9224,Walking,Koila,Driving_Under_Influence,2way,1,20,3G,-91,68,-24,0.0064860106730466,40.321401337693345,21.793321491461587,Unintentional
User_05,2025-10-02 16:38:37,0.307,0.6897,Running,Ligeris,Speeding,2way,0,90,5G,-105,35,0,0.035,40.30667146492158,21.80742931552316,Unintentional
User_60,2025-10-02 19:28:17,0.669,0.6087,Driving,Koila,Driving_Under_Influence,2way,1,40,5G,-110,21,12,0.031,40.321303753147085,21.78933058809545,Unintentional
User_13,2025-10-03 00:24:52,0.738,0.8243,Driving,Ligeris,Driving_Under_Influence,2way,1,10,3G,-108,87,17,0.0015912368484734,40.3070301437704,21.806324328352265,Unintentional
User_74,2025-10-03 09:28:20,0.564,0.72,Driving,Ligeris,Reckless_Driving,1way,1,30,4G,-87,22,19,0.0072824607267446,40.30643960842592,21.807900678580634,Unintentional
User_45,2025-10-03 10:55:40,0.693,0.7474,Walking,Koila,Reckless_Driving,1way,3,70,WiFi,-64,59,24,0.0042880173119484,40.321383756755544,21.793215665327143,Unintentional
User_45,2025-10-04 05:01:22,0.693,0.7494,Running,Zep,Driving_Under_Influence,1way,1,80,5G,-83,63,-21,0.0079664652424937,40.279680843661694,21.75328159049833,Unintentional
User_39,2025-10-04 22:41:57,0.297,0.8814,Driving,Koila,Reckless_Driving,1way,0,40,WiFi,-68,38,23,0.0077577348888414,40.32181819975015,21.792922453270737,Unintentional
User_03,2025-10-04 23:57:15,0.47,0.8552,Walking,Koila,Speeding,1way,2,20,4G,-114,64,-5,0.023,40.321628024204365,21.790585453225596,Unintentional
User_10,2025-10-05 08:30:16,0.35,0.8455,Walking,Koila,Driving_Under_Influence,1way,2,80,3G,-112,16,22,0.0054617060920675,40.32357565511654,21.791295623994767,Unintentional
User_44,2025-10-05 13:29:00,0.546,0.8315,Running,Ligeris,Speeding,2way,0,40,4G,-95,24,24,0.0040900585683124,40.30622817348378,21.80749243969653,Unintentional
User_83,2025-10-05 15:45:07,0.498,0.6377,Walking,Zep,Speeding,2way,1,80,5G,-99,5,20,0.0017716878943512,40.278412092124405,21.7550188147241,Unintentional
User_87,2025-10-05 16:01:27,0.64,0.8615,Walking,Zep,Driving_Under_Influence,4way,1,50,4G,-112,21,7,0.036,40.27941774709388,21.752984751451667,Unintentional
User_43,2025-10-06 02:42:21,0.407,0.8344,Running,Zep,Driving_Under_Influence,1way,4,10,5G,-109,13,-19,0.0097260061165473,40.279826088801016,21.75293801279211,Unintentional
User_01,2025-10-06 16:54:11,0.581,0.9297,Driving,Ligeris,Speeding,4way,4,70,5G,-92,64,9,0.031,40.30612910520124,21.80756227564022,Unintentional
User_14,2025-10-06 23:28:55,0.533,0.6386,Running,Ligeris,Driving_Under_Influence,4way,3,80,5G,-91,8,16,0.028,40.30595275189715,21.805438038638233,Unintentional
User_26,2025-10-07 07:34:49,0.495,0.8063,Running,Koila,Reckless_Driving,2way,0,60,WiFi,-68,49,-23,0.0077168213875064,40.322380959430795,21.790735051910104,Unintentional
User_44,2025-10-07 07:38:30,0.546,0.8345,Running,Ligeris,Speeding,1way,1,30,WiFi,-83,63,0,0.042,40.30687592679688,21.805385223908353,Unintentional
User_38,2025-10-07 08:10:48,0.497,0.8306,Running,Zep,Reckless_Driving,2way,1,70,3G,-114,13,2,0.026,40.27903391664892,21.75503971797084,Unintentional
User_18,2025-10-07 09:10:59,0.669,0.7174,Walking,Koila,Speeding,2way,2,40,3G,-78,27,8,0.029,40.32172597636516,21.789624881020913,Unintentional
User_74,2025-10-07 11:56:34,0.564,0.728,Running,Koila,Speeding,2way,0,30,WiFi,-71,23,20,0.0026416601207821,40.32042872521865,21.79213154315168,Unintentional
User_65,2025-10-07 20:52:46,0.654,0.8152,Running,Ligeris,Reckless_Driving,4way,4,30,5G,-85,93,-17,0.0050596571422537,40.30507545621661,21.808742895478687,Unintentional
User_46,2025-10-08 01:32:53,0.537,0.7909,Walking,Ligeris,Speeding,4way,0,90,3G,-107,86,16,0.044,40.30570666835572,21.80625337072262,Unintentional
User_18,2025-10-08 01:38:55,0.669,0.7194,Running,Koila,Driving_Under_Influence,2way,0,20,3G,-82,10,21,0.0040747883630947,40.32224066050314,21.791364555437816,Unintentional
User_96,2025-10-08 02:12:53,0.308,0.7228,Driving,Ligeris,Reckless_Driving,1way,0,70,WiFi,-83,14,19,0.0024503163018654,40.30679794261171,21.8059124826192,Unintentional
User_73,2025-10-08 07:27:02,0.343,0.9323,Walking,Koila,Reckless_Driving,4way,1,30,WiFi,-52,37,-9,0.037,40.32238177741473,21.791828143855472,Unintentional
User_17,2025-10-08 10:41:42,0.439,0.9356,Running,Zep,Reckless_Driving,2way,0,80,3G,-100,63,-11,0.05,40.28049765198492,21.755045040462957,Unintentional
User_01,2025-10-08 12:58:23,0.581,0.9337,Running,Koila,Reckless_Driving,4way,1,80,3G,-73,73,-13,0.033,40.320854688271226,21.791612498085147,Unintentional
User_98,2025-10-08 14:02:55,0.734,0.707,Driving,Zep,Speeding,1way,0,20,5G,-79,92,-22,0.004059914906856,40.28008471632175,21.753191369955225,Unintentional
User_97,2025-10-08 17:40:46,0.737,0.7736,Running,Ligeris,Speeding,4way,0,90,4G,-83,8,-18,0.003082733686312,40.306305994549376,21.806778154488445,Unintentional
User_60,2025-10-09 02:48:24,0.669,0.6227,Driving,Ligeris,Driving_Under_Influence,2way,1,40,4G,-86,11,-18,0.0025433685499519,40.30466870427857,21.808374612442083,Unintentional
User_35,2025-10-09 03:22:24,0.301,0.6195,Walking,Koila,Speeding,2way,1,70,5G,-72,95,18,0.0028514975705332,40.32216079512381,21.79117772264828,Unintentional
User_15,2025-10-09 15:09:03,0.369,0.6028,Running,Zep,Reckless_Driving,2way,0,30,WiFi,-77,41,25,0.0094798819319211,40.27998364381363,21.753956330481127,Unintentional
User_97,2025-10-09 16:24:37,0.737,0.7766,Driving,Koila,Speeding,2way,0,70,5G,-113,43,16,0.021,40.32294554044552,21.793106614353672,Unintentional
User_11,2025-10-09 20:09:19,0.263,0.9148,Running,Zep,Reckless_Driving,1way,1,50,5G,-71,4,6,0.025,40.27888721804393,21.7543473694418,Unintentional
User_38,2025-10-09 21:41:25,0.497,0.8346,Driving,Ligeris,Driving_Under_Influence,1way,0,10,WiFi,-85,40,15,0.05,40.305881669791255,21.807972237325288,Unintentional
User_70,2025-10-09 21:50:37,0.314,0.7341,Driving,Zep,Reckless_Driving,2way,2,40,3G,-78,88,17,0.0015121869041481,40.27924719009499,21.754437740437364,Unintentional
User_09,2025-10-09 23:44:22,0.444,0.6657,Walking,Koila,Reckless_Driving,2way,1,80,WiFi,-72,88,-11,0.023,40.322106301402286,21.79124087820786,Unintentional
User_25,2025-10-10 05:18:40,0.352,0.6293,Running,Ligeris,Driving_Under_Influence,4way,0,40,3G,-88,91,24,0.0084626394821989,40.305634157709655,21.806154768365506,Unintentional
User_44,2025-10-10 10:54:04,0.546,0.8405,Driving,Koila,Driving_Under_Influence,2way,1,50,3G,-70,58,-19,0.0038361255785014,40.32214061149409,21.791266516556625,Unintentional
User_56,2025-10-10 12:22:27,0.449,0.9026,Walking,Zep,Speeding,2way,0,90,5G,-79,49,14,0.04,40.277992224008145,21.753892110879836,Unintentional
User_06,2025-10-10 15:11:01,0.573,0.7937,Running,Zep,Reckless_Driving,2way,2,20,WiFi,-70,55,-17,0.0081530431542636,40.28062940218125,21.755072165442567,Unintentional
User_10,2025-10-10 23:33:42,0.35,0.8565,Walking,Zep,Driving_Under_Influence,1way,1,60,4G,-89,27,25,0.0074599894741747,40.27851809743342,21.75222318027869,Unintentional
User_11,2025-10-11 03:50:49,0.263,0.9188,Running,Ligeris,Speeding,2way,0,80,5G,-113,100,-21,0.0019481737336152,40.30660270375979,21.807766595763923,Unintentional
User_86,2025-10-11 11:19:02,0.343,0.7818,Running,Koila,Driving_Under_Influence,2way,0,50,3G,-90,34,0,0.047,40.323777737890445,21.791449469238813,Unintentional
User_14,2025-10-11 11:22:04,0.533,0.6476,Running,Zep,Speeding,2way,0,90,4G,-95,38,3,0.033,40.278766683739725,21.75313177137583,Unintentional
User_04,2025-10-11 12:26:24,0.619,0.8935,Driving,Koila,Reckless_Driving,1way,0,10,5G,-94,39,-4,0.025,40.32177620832207,21.791658052855965,Unintentional
User_28,2025-10-11 22:50:54,0.311,0.5868,Walking,Ligeris,Speeding,2way,1,30,WiFi,-70,91,19,0.0074315375427022,40.30635508724325,21.807351353433702,Unintentional
User_76,2025-10-11 23:00:23,0.251,0.7282,Driving,Koila,Reckless_Driving,2way,1,40,WiFi,-51,51,-22,0.0041680094584458,40.32145627306701,21.79293115994556,Unintentional
User_49,2025-10-12 02:37:27,0.462,0.7387,Walking,Zep,Reckless_Driving,1way,1,40,WiFi,-86,25,22,0.0032871587051738,40.27949114657207,21.75344049496188,Unintentional
User_29,2025-10-12 03:41:21,0.603,0.9203,Driving,Zep,Reckless_Driving,2way,3,60,5G,-80,75,20,0.001240414184298,40.28067996486312,21.753021186565334,Unintentional
User_63,2025-10-12 07:52:55,0.549,0.9373,Running,Koila,Speeding,1way,1,10,WiFi,-79,92,13,0.039,40.32368080503706,21.791131794792353,Unintentional
User_46,2025-10-12 09:53:33,0.537,0.7989,Walking,Zep,Speeding,2way,0,50,5G,-113,81,-9,0.024,40.27998840835532,21.75524614833626,Unintentional
User_86,2025-10-12 13:14:46,0.343,0.7828,Driving,Ligeris,Reckless_Driving,2way,1,20,4G,-118,65,-21,0.0050718334004379,40.30750618104828,21.807257522033257,Unintentional
User_85,2025-10-13 04:14:59,0.653,0.7713,Driving,Ligeris,Speeding,4way,0,20,3G,-109,59,-17,0.0025250753199751,40.306825685760536,21.80812439563837,Unintentional
User_04,2025-10-13 10:57:14,0.619,0.8965,Driving,Zep,Speeding,1way,1,40,WiFi,-72,54,23,0.0038686107093149,40.278249522349256,21.751975523318865,Unintentional
User_24,2025-10-13 17:07:08,0.354,0.9098,Running,Koila,Speeding,2way,1,30,WiFi,-59,80,2,0.025,40.32213440570505,21.79155069025766,Unintentional
User_11,2025-10-13 19:05:36,0.263,0.9228,Driving,Koila,Driving_Under_Influence,1way,0,30,WiFi,-77,77,21,0.0029110198511734,40.322659390560624,21.79165866166461,Unintentional
User_30,2025-10-14 00:58:52,0.478,0.7751,Running,Ligeris,Driving_Under_Influence,2way,2,30,5G,-87,33,17,0.0051468079659793,40.30549975050996,21.80679435248492,Unintentional
User_26,2025-10-14 04:12:56,0.495,0.8203,Walking,Zep,Reckless_Driving,2way,0,100,4G,-71,54,-14,0.049,40.27945031017378,21.753494662355056,Unintentional
User_90,2025-10-14 07:57:21,0.395,0.6848,Running,Zep,Speeding,2way,0,10,4G,-114,11,-15,0.03,40.27868508439616,21.7543352300088,Unintentional
User_02,2025-10-14 09:04:28,0.477,0.7694,Walking,Ligeris,Driving_Under_Influence,2way,0,20,WiFi,-60,5,-1,0.044,40.30583075440975,21.808904807279728,Unintentional
User_81,2025-10-14 10:07:41,0.307,0.6653,Running,Zep,Speeding,4way,5,10,4G,-114,77,-20,0.0079006834641671,40.27872895316565,21.75484632886978,Unintentional
User_54,2025-10-14 13:20:38,0.482,0.9499,Running,Koila,Speeding,4way,0,80,WiFi,-68,95,8,0.023,40.321534367637646,21.791152443415687,Unintentional
User_35,2025-10-14 14:11:52,0.301,0.6295,Walking,Koila,Speeding,2way,0,90,3G,-116,47,-19,0.0091010224035397,40.32086292852383,21.791886699719527,Unintentional
User_12,2025-10-14 14:42:13,0.74,0.8561,Running,Zep,Speeding,1way,0,60,WiFi,-78,47,18,0.0046786373732497,40.28033728640997,21.752951863939185,Unintentional
User_15,2025-10-14 21:42:28,0.369,0.6138,Walking,Koila,Speeding,2way,0,50,WiFi,-85,44,-5,0.029,40.32170122592905,21.78969679695355,Unintentional
User_35,2025-10-14 22:26:00,0.301,0.6305,Walking,Ligeris,Reckless_Driving,4way,4,60,4G,-91,90,7,0.033,40.30655050716727,21.806549214673534,Unintentional
User_76,2025-10-14 23:16:01,0.251,0.7342,Walking,Ligeris,Driving_Under_Influence,4way,0,10,3G,-112,39,0,0.03,40.30677076086874,21.80588726753987,Unintentional
User_47,2025-10-15 06:19:36,0.345,0.7,Driving,Koila,Driving_Under_Influence,4way,0,80,4G,-87,54,18,0.0092518859501859,40.32098609673882,21.790693883840724,Unintentional
User_68,2025-10-15 15:41:47,0.402,0.8057,Driving,Ligeris,Reckless_Driving,1way,1,60,3G,-75,66,15,0.039,40.30555371981031,21.8068511399816,Unintentional
User_44,2025-10-15 17:08:43,0.546,0.8515,Walking,Koila,Reckless_Driving,1way,0,60,4G,-99,71,-19,0.0022215554058146,40.322409839871966,21.79105916288937,Unintentional
User_05,2025-10-16 00:43:30,0.307,0.7167,Walking,Ligeris,Reckless_Driving,2way,2,10,5G,-80,69,-23,0.0087074848022745,40.30612632751169,21.807473460174283,Unintentional
User_84,2025-10-16 02:45:28,0.488,0.7674,Walking,Koila,Reckless_Driving,1way,1,60,4G,-91,66,17,0.0088211454263031,40.321571355514806,21.789381341346047,Unintentional
User_58,2025-10-16 03:36:34,0.744,0.7692,Walking,Zep,Driving_Under_Influence,4way,1,30,WiFi,-62,82,-17,0.0034355716889444,40.280163597831915,21.753757788446837,Unintentional
User_78,2025-10-16 04:54:39,0.615,0.785,Walking,Ligeris,Reckless_Driving,2way,0,30,3G,-108,64,1,0.04,40.30672607973014,21.805606161147015,Unintentional
User_30,2025-10-16 06:48:52,0.478,0.7791,Running,Ligeris,Speeding,4way,1,60,5G,-105,76,-24,0.0073697611518994,40.30650645103814,21.80876863528464,Unintentional
User_94,2025-10-16 07:32:06,0.459,0.581,Running,Zep,Speeding,1way,0,10,3G,-116,30,-4,0.034,40.27864139048857,21.75352657555289,Unintentional
User_18,2025-10-16 16:16:00,0.669,0.7364,Driving,Ligeris,Reckless_Driving,1way,0,40,5G,-119,16,10,0.036,40.30570593692097,21.80675555156845,Unintentional
User_48,2025-10-16 17:00:22,0.636,0.7709,Running,Koila,Driving_Under_Influence,1way,1,40,4G,-73,80,8,0.023,40.32108800566703,21.789382008896556,Unintentional
User_89,2025-10-16 17:29:28,0.606,0.9692,Walking,Koila,Driving_Under_Influence,2way,4,70,WiFi,-85,96,-20,0.0038359316618765,40.32194698807064,21.79090656197524,Unintentional
User_43,2025-10-16 22:00:43,0.407,0.8554,Running,Zep,Reckless_Driving,2way,2,40,WiFi,-70,67,-1,0.035,40.27878129029609,21.75375709040208,Unintentional
User_46,2025-10-17 03:46:10,0.537,0.8089,Driving,Ligeris,Speeding,4way,1,40,5G,-102,81,22,0.0079553539676772,40.30589790036271,21.80745455814819,Unintentional
User_34,2025-10-17 06:44:03,0.466,0.6992,Driving,Koila,Speeding,1way,0,80,4G,-116,99,-21,0.0053748423454532,40.322230141035114,21.791109764426835,Unintentional
User_13,2025-10-17 08:22:48,0.738,0.8523,Walking,Ligeris,Reckless_Driving,2way,1,50,3G,-111,77,-19,0.0086658411476074,40.30621444315886,21.807468987768615,Unintentional
User_21,2025-10-17 11:08:07,0.256,0.7916,Running,Zep,Driving_Under_Influence,1way,0,70,4G,-86,30,6,0.043,40.28051825753598,21.75251356126481,Unintentional
User_53,2025-10-17 21:09:08,0.703,0.7733,Running,Koila,Driving_Under_Influence,2way,4,90,3G,-113,29,22,0.0056180814398094,40.32198663757007,21.791179018822874,Unintentional
User_39,2025-10-17 21:52:01,0.297,0.9074,Driving,Ligeris,Reckless_Driving,1way,1,20,3G,-107,52,-5,0.05,40.30714550022123,21.80899281578971,Unintentional
User_81,2025-10-18 02:22:48,0.307,0.6723,Running,Zep,Speeding,2way,0,30,5G,-85,84,-20,0.009408793489864,40.27849306638891,21.75317019741783,Unintentional
User_20,2025-10-18 10:09:23,0.625,0.9773,Driving,Ligeris,Reckless_Driving,1way,0,70,5G,-76,36,-15,0.031,40.30563474899976,21.8074977784176,Unintentional
User_88,2025-10-18 20:38:23,0.421,0.9222,Walking,Zep,Speeding,2way,4,70,4G,-114,14,-19,0.0090046955771838,40.278641161735344,21.751264977522712,Unintentional
User_49,2025-10-18 21:23:58,0.462,0.7517,Walking,Koila,Reckless_Driving,2way,0,20,5G,-70,61,-25,0.0068096241428976,40.321719416626294,21.792018147410054,Unintentional
User_85,2025-10-18 22:33:25,0.653,0.7823,Walking,Ligeris,Speeding,2way,0,30,3G,-112,24,14,0.035,40.30596208452029,21.80787994048132,Unintentional
User_91,2025-10-19 02:01:09,0.716,0.7933,Running,Zep,Driving_Under_Influence,1way,0,40,3G,-106,24,20,0.0091445065197069,40.2790651590633,21.7543343206868,Unintentional
User_47,2025-10-19 02:39:10,0.345,0.708,Running,Zep,Reckless_Driving,2way,0,30,WiFi,-86,86,-18,0.0064819385709341,40.27996770999214,21.752766078402136,Unintentional
User_100,2025-10-19 02:53:15,0.718,0.923,Running,Zep,Speeding,2way,0,40,3G,-98,56,13,0.036,40.280313554044994,21.75426848462016,Unintentional
User_69,2025-10-19 05:02:27,0.667,0.6881,Walking,Ligeris,Reckless_Driving,4way,1,30,3G,-109,76,-7,0.049,40.304706477892495,21.806890555099407,Unintentional
User_07,2025-10-19 09:53:11,0.47,0.8134,Running,Koila,Speeding,1way,0,90,3G,-115,12,22,0.0032984485103008,40.32238082980947,21.791222314777343,Unintentional
User_60,2025-10-19 22:05:10,0.669,0.6437,Driving,Ligeris,Speeding,2way,0,60,3G,-115,96,-10,0.04,40.306833953290734,21.806203034738388,Unintentional
User_87,2025-10-20 01:43:45,0.64,0.8905,Walking,Koila,Driving_Under_Influence,1way,1,40,4G,-76,21,17,0.0021385725899461,40.32208304464738,21.79356264302194,Unintentional
User_57,2025-10-20 01:45:11,0.592,0.8378,Running,Ligeris,Speeding,1way,0,20,5G,-120,27,-3,0.045,40.30551427507048,21.80818267967472,Unintentional
User_88,2025-10-20 03:03:58,0.421,0.9252,Walking,Ligeris,Driving_Under_Influence,2way,0,40,5G,-87,35,-24,0.0023832328610577,40.3069207852279,21.8079012668307,Unintentional
User_17,2025-10-20 09:44:47,0.439,0.9586,Walking,Ligeris,Reckless_Driving,1way,0,10,WiFi,-60,82,4,0.037,40.3060784314464,21.808160777412613,Unintentional
User_60,2025-10-20 12:34:44,0.669,0.6457,Walking,Koila,Speeding,2way,0,10,3G,-94,47,2,0.039,40.32252383568483,21.792346594901808,Unintentional
User_42,2025-10-20 13:49:15,0.544,0.9523,Walking,Koila,Driving_Under_Influence,2way,0,10,3G,-113,82,-10,0.038,40.32134356343398,21.790357419670418,Unintentional
User_41,2025-10-20 17:39:55,0.642,0.9295,Driving,Koila,Speeding,4way,0,130,WiFi,-53,100,9,0.036,40.321391346298135,21.790326717239683,Unintentional
User_82,2025-10-20 18:28:47,0.291,0.619,Walking,Koila,Reckless_Driving,1way,0,20,WiFi,-61,55,-19,0.008007465793636,40.32169069965958,21.789620279778955,Unintentional
User_42,2025-10-20 20:24:58,0.544,0.9533,Running,Koila,Speeding,1way,0,10,5G,-71,21,0,0.039,40.32227838975252,21.789321466847134,Unintentional
User_02,2025-10-20 23:01:58,0.477,0.7814,Driving,Ligeris,Driving_Under_Influence,4way,1,130,4G,-117,56,-12,0.027,40.306305869969535,21.808943308878796,Unintentional
User_54,2025-10-21 10:09:20,0.482,0.9639,Walking,Zep,Speeding,1way,3,30,WiFi,-63,2,17,0.0044599916091873,40.279574149123135,21.752996367107556,Unintentional
User_32,2025-10-21 17:12:31,0.684,0.6873,Walking,Koila,Speeding,2way,1,30,5G,-97,54,14,0.033,40.322242295515544,21.7901072721031,Unintentional
User_25,2025-10-21 17:26:13,0.352,0.6513,Running,Ligeris,Reckless_Driving,4way,1,40,3G,-95,81,12,0.033,40.3055561716327,21.80612686058959,Unintentional
User_67,2025-10-21 17:49:52,0.692,0.8271,Running,Koila,Speeding,4way,0,40,3G,-84,40,-12,0.041,40.32205860635701,21.79133821797858,Unintentional
User_63,2025-10-21 23:59:46,0.549,0.9563,Walking,Koila,Reckless_Driving,2way,4,80,WiFi,-90,85,-20,0.0086613090370691,40.32240012778817,21.791287969876652,Unintentional
User_49,2025-10-22 03:17:45,0.462,0.7587,Running,Zep,Driving_Under_Influence,2way,0,70,WiFi,-78,30,-22,0.0027165095767357,40.280402967734375,21.75162763848774,Unintentional
User_03,2025-10-22 06:30:33,0.47,0.8912,Running,Zep,Driving_Under_Influence,2way,0,50,5G,-72,51,-20,0.006632117100304,40.27958260275331,21.753283285103898,Unintentional
User_63,2025-10-22 23:10:55,0.549,0.9583,Driving,Koila,Speeding,2way,0,60,5G,-91,91,23,0.0088313791006207,40.32160955238511,21.790704621934104,Unintentional
User_89,2025-10-23 05:44:35,0.606,0.9822,Running,Koila,Reckless_Driving,4way,0,40,5G,-115,38,-19,0.0027668502760816,40.32275460263121,21.7915243921007,Unintentional
User_71,2025-10-23 09:50:02,0.259,0.8512,Running,Zep,Reckless_Driving,2way,5,10,WiFi,-52,24,22,0.0095169314034558,40.27890056543949,21.75453821527007,Unintentional
User_72,2025-10-23 09:51:40,0.359,0.9078,Running,Koila,Speeding,4way,0,70,4G,-81,57,-24,0.0029741977509293,40.3216323415384,21.79350854104945,Unintentional
User_53,2025-10-23 10:10:37,0.703,0.7843,Walking,Zep,Driving_Under_Influence,1way,1,20,WiFi,-59,72,15,0.038,40.28063377987473,21.755095217708867,Unintentional
User_63,2025-10-23 12:06:32,0.549,0.9593,Driving,Koila,Speeding,4way,1,20,4G,-81,56,-24,0.0031098188509431,40.32254396837936,21.79191703089515,Unintentional
User_90,2025-10-23 15:47:06,0.395,0.7028,Walking,Koila,Reckless_Driving,4way,0,40,5G,-75,2,-25,0.009575730393997,40.32201756891266,21.791177784753906,Unintentional
User_29,2025-10-23 17:06:43,0.603,0.9433,Walking,Koila,Speeding,2way,1,30,3G,-72,42,-21,0.0097350455812283,40.32227603165545,21.79115149679442,Unintentional
User_45,2025-10-23 19:08:49,0.693,0.7874,Driving,Ligeris,Reckless_Driving,1way,0,30,WiFi,-58,26,11,0.032,40.306712152897816,21.80778514432949,Unintentional
User_02,2025-10-23 22:00:34,0.477,0.7874,Walking,Koila,Driving_Under_Influence,2way,1,10,5G,-87,29,12,0.048,40.32226216914857,21.791635022061037,Unintentional
User_09,2025-10-23 23:48:31,0.444,0.6937,Driving,Zep,Speeding,2way,0,70,4G,-114,38,-17,0.0069420491443316,40.28096744653071,21.752307638577314,Unintentional
User_41,2025-10-24 04:04:53,0.642,0.9365,Walking,Zep,Speeding,2way,3,70,WiFi,-82,28,1,0.044,40.278764652599385,21.754737526440408,Unintentional
User_12,2025-10-24 23:51:37,0.74,0.8761,Driving,Ligeris,Driving_Under_Influence,2way,1,60,3G,-94,45,-5,0.034,40.305818658045446,21.807398964918494,Unintentional
User_82,2025-10-25 02:22:48,0.291,0.629,Running,Koila,Reckless_Driving,1way,0,90,WiFi,-68,67,-21,0.0091941787304867,40.32188264902938,21.79113552442431,Unintentional
User_58,2025-10-25 05:00:53,0.744,0.7872,Walking,Koila,Driving_Under_Influence,1way,0,20,3G,-114,0,9,0.043,40.32253870738181,21.790460432321993,Unintentional
User_47,2025-10-25 06:38:18,0.345,0.72,Driving,Ligeris,Reckless_Driving,2way,3,10,5G,-71,27,13,0.024,40.30592426314617,21.80659382496732,Unintentional
User_56,2025-10-25 07:37:25,0.449,0.9326,Driving,Koila,Speeding,2way,4,80,3G,-72,97,9,0.035,40.32248899079185,21.790326322164535,Unintentional
User_53,2025-10-25 07:43:59,0.703,0.7883,Walking,Ligeris,Reckless_Driving,4way,1,30,4G,-86,27,20,0.0082999544795097,40.305312155494605,21.806278772878585,Unintentional
User_78,2025-10-25 11:10:39,0.615,0.804,Driving,Ligeris,Reckless_Driving,1way,1,80,4G,-118,83,9,0.041,40.30767584378643,21.80622984761676,Unintentional
User_28,2025-10-25 19:24:51,0.311,0.6148,Running,Zep,Reckless_Driving,1way,5,80,WiFi,-83,34,-22,0.0032080914237063,40.2808309163792,21.751661026253014,Unintentional
User_50,2025-10-25 19:27:19,0.395,0.8194,Driving,Zep,Speeding,1way,0,30,3G,-78,29,-11,0.035,40.279429880934494,21.753350044607068,Unintentional
User_62,2025-10-25 21:07:09,0.471,0.704,Driving,Koila,Reckless_Driving,2way,0,20,4G,-113,99,22,0.0034818750811172,40.322252448929824,21.79078369250609,Unintentional
User_16,2025-10-26 04:15:10,0.455,0.8668,Running,Koila,Speeding,1way,1,30,5G,-120,80,8,0.04,40.32143987566975,21.792584312819127,Unintentional
User_54,2025-10-26 08:30:16,0.482,0.9739,Walking,Zep,Reckless_Driving,1way,5,90,4G,-84,35,-10,0.047,40.280566877320005,21.752873322045513,Unintentional
User_82,2025-10-26 09:28:00,0.291,0.631,Running,Koila,Speeding,4way,1,50,5G,-87,29,-15,0.035,40.32188163127139,21.78966105139902,Unintentional
User_76,2025-10-26 10:13:35,0.251,0.7572,Walking,Koila,Reckless_Driving,2way,0,50,5G,-79,70,-18,0.0094557351417891,40.32095346607176,21.79250749400575,Unintentional
User_33,2025-10-26 14:43:00,0.554,0.8023,Walking,Zep,Reckless_Driving,1way,1,40,3G,-87,48,10,0.032,40.27945093049909,21.75257555656999,Unintentional
User_55,2025-10-26 16:55:28,0.3,0.9704,Running,Ligeris,Driving_Under_Influence,4way,0,80,5G,-117,32,-1,0.046,40.30564703257758,21.80802571329258,Unintentional
User_03,2025-10-26 18:04:44,0.47,0.8982,Driving,Koila,Speeding,1way,1,40,4G,-104,58,-23,0.0070692924216563,40.32384127589927,21.790827370637967,Unintentional
User_31,2025-10-26 18:13:08,0.293,0.9967,Walking,Ligeris,Speeding,2way,1,70,5G,-85,50,24,0.0084891032299811,40.30705495063338,21.807046517444913,Unintentional
User_08,2025-10-26 22:03:00,0.33,0.9079,Running,Ligeris,Speeding,1way,0,30,4G,-72,42,19,0.0090581289120072,40.30634459736859,21.807354809255173,Unintentional
User_55,2025-10-26 23:39:47,0.3,0.9714,Running,Zep,Speeding,1way,1,80,4G,-119,0,-9,0.027,40.27949922887822,21.754845078637175,Unintentional
User_25,2025-10-27 01:25:00,0.352,0.6633,Running,Ligeris,Driving_Under_Influence,2way,0,40,4G,-81,36,-15,0.045,40.30731934614642,21.80718962720424,Unintentional
User_85,2025-10-27 06:36:32,0.653,0.7993,Walking,Koila,Speeding,1way,2,40,WiFi,-75,78,9,0.05,40.32248112236798,21.790863137377027,Unintentional
User_48,2025-10-27 09:03:47,0.636,0.7929,Driving,Zep,Speeding,1way,0,30,3G,-78,21,-20,0.0013229443601321,40.28055322535743,21.75440398020157,Unintentional
User_56,2025-10-27 17:55:14,0.449,0.9376,Running,Koila,Driving_Under_Influence,4way,0,30,3G,-74,4,-2,0.028,40.32233716261567,21.792941790841084,Unintentional
User_66,2025-10-27 23:05:17,0.551,0.7359,Walking,Ligeris,Speeding,2way,0,50,3G,-78,56,-24,0.0039913662468714,40.30708303239385,21.807447160719363,Unintentional
User_41,2025-10-28 02:07:36,0.642,0.9445,Running,Zep,Speeding,1way,0,20,5G,-98,4,10,0.035,40.279998926223016,21.754437809917167,Unintentional
User_17,2025-10-28 02:25:14,0.439,0.9746,Walking,Koila,Speeding,2way,2,30,4G,-106,33,11,0.03,40.32252424434223,21.79041166616855,Unintentional
User_100,2025-10-28 08:31:58,0.718,0.941,Driving,Koila,Driving_Under_Influence,2way,4,10,5G,-85,79,-12,0.05,40.32288508896822,21.79170685517681,Unintentional
User_08,2025-10-28 12:43:50,0.33,0.9119,Running,Koila,Speeding,1way,0,70,3G,-97,86,-20,0.0058156130361073,40.32174221976047,21.789139959868763,Unintentional
User_21,2025-10-28 14:26:24,0.256,0.8136,Driving,Ligeris,Speeding,1way,4,20,4G,-112,81,21,0.0053632978571387,40.30662779939371,21.806145124354103,Unintentional
User_61,2025-10-28 19:58:23,0.304,0.7476,Running,Koila,Reckless_Driving,2way,0,70,WiFi,-84,45,-15,0.035,40.32253908886655,21.791478947077493,Unintentional
User_95,2025-10-28 21:15:34,0.36,0.8769,Running,Koila,Speeding,2way,0,40,3G,-98,90,-5,0.04,40.321824506845005,21.791008899610578,Unintentional
User_54,2025-10-28 23:07:32,0.482,0.9779,Driving,Ligeris,Driving_Under_Influence,2way,0,60,4G,-97,97,-12,0.024,40.305716226684055,21.80707944899688,Unintentional
User_99,2025-10-28 23:08:14,0.622,0.7664,Driving,Koila,Reckless_Driving,2way,1,130,3G,-93,10,23,0.0017138769382898,40.323699647751155,21.79069245124195,Unintentional
User_57,2025-10-28 23:09:11,0.592,0.8548,Driving,Ligeris,Driving_Under_Influence,2way,0,30,WiFi,-89,42,23,0.001025584497406,40.307271631071806,21.807300741554656,Unintentional
User_43,2025-10-29 01:28:56,0.407,0.8804,Running,Zep,Driving_Under_Influence,1way,1,20,4G,-98,15,17,0.0052889000040185,40.27935454169023,21.75274483101452,Unintentional
User_81,2025-10-29 03:11:40,0.307,0.6943,Walking,Koila,Reckless_Driving,2way,0,50,4G,-112,47,3,0.029,40.322991688707056,21.792789888292052,Unintentional
User_62,2025-10-29 08:15:20,0.471,0.712,Walking,Koila,Driving_Under_Influence,4way,0,40,WiFi,-87,32,-15,0.049,40.32213234437033,21.79120138080873,Unintentional
User_25,2025-10-29 09:08:51,0.352,0.6683,Walking,Ligeris,Speeding,1way,0,80,5G,-86,15,0,0.028,40.3058525649548,21.80837993888118,Unintentional
User_27,2025-10-29 09:23:21,0.33,0.807,Running,Koila,Driving_Under_Influence,2way,0,80,3G,-103,97,5,0.048,40.32237590066556,21.79138397263932,Unintentional
User_10,2025-10-29 11:34:41,0.35,0.8945,Running,Zep,Driving_Under_Influence,1way,1,60,WiFi,-84,7,18,0.0039253003182689,40.278893034081946,21.75212269321197,Unintentional
User_04,2025-10-29 11:36:44,0.619,0.9285,Driving,Zep,Reckless_Driving,2way,3,70,WiFi,-51,47,22,0.0051672473934067,40.28026598432596,21.753254534101817,Unintentional
User_05,2025-10-30 01:41:39,0.307,0.7447,Running,Zep,Driving_Under_Influence,2way,0,70,WiFi,-71,45,18,0.0092344817016034,40.27898589967264,21.753308256247585,Unintentional
User_97,2025-10-30 07:53:35,0.737,0.8186,Driving,Zep,Reckless_Driving,4way,1,50,5G,-112,47,17,0.005052927491227,40.28006559979785,21.75445065025929,Unintentional
User_88,2025-10-30 20:27:40,0.421,0.9462,Walking,Koila,Driving_Under_Influence,2way,1,50,5G,-104,68,-21,0.00623123152408,40.322419624841366,21.792814017651526,Unintentional
User_26,2025-10-31 00:07:40,0.495,0.8543,Running,Zep,Speeding,2way,0,50,WiFi,-54,51,-15,0.034,40.27995897487058,21.754569007185932,Unintentional
User_55,2025-10-31 06:00:17,0.3,0.9804,Driving,Koila,Speeding,1way,2,70,4G,-98,14,-4,0.028,40.322063221379096,21.79171349279243,Unintentional
User_35,2025-10-31 06:47:23,0.301,0.6645,Walking,Ligeris,Reckless_Driving,1way,3,20,5G,-103,13,-18,0.0049157715398774,40.30617046370796,21.806782509901417,Unintentional
User_100,2025-10-31 10:06:03,0.718,0.946,Driving,Ligeris,Speeding,4way,2,40,4G,-90,36,-19,0.0098519799324285,40.305384811451646,21.80597923287369,Unintentional
User_55,2025-10-31 21:12:23,0.3,0.9814,Walking,Koila,Driving_Under_Influence,2way,1,40,WiFi,-68,47,20,0.0034995284712624,40.32144193144666,21.792791127630124,Unintentional
User_83,2025-10-31 23:43:40,0.498,0.6907,Driving,Koila,Speeding,2way,4,40,3G,-95,17,-2,0.032,40.32168897623702,21.790955872579325,Unintentional
User_43,2025-11-01 02:34:57,0.407,0.8864,Walking,Koila,Driving_Under_Influence,1way,1,20,3G,-70,64,-21,0.0016117626008574,40.32180436091168,21.791066875678126,Unintentional
User_60,2025-11-01 03:33:30,0.669,0.6687,Walking,Zep,Reckless_Driving,4way,2,30,5G,-107,54,19,0.0045812011309663,40.2807626719256,21.75283785580316,Unintentional
User_32,2025-11-01 04:02:46,0.684,0.7083,Running,Zep,Driving_Under_Influence,2way,2,60,WiFi,-52,97,10,0.042,40.27869441339545,21.753717557216852,Unintentional
User_63,2025-11-01 04:54:29,0.549,0.9773,Driving,Zep,Driving_Under_Influence,4way,2,30,3G,-118,8,14,0.049,40.27923408177374,21.75467136729203,Unintentional
User_10,2025-11-01 11:23:44,0.35,0.8995,Driving,Ligeris,Driving_Under_Influence,4way,1,40,3G,-116,12,-18,0.0084321913134877,40.306517933376334,21.808542696643865,Unintentional
User_73,2025-11-01 11:45:39,0.343,0.9793,Running,Koila,Driving_Under_Influence,2way,1,80,5G,-87,0,19,0.0063706684703288,40.322603258314906,21.79055913975042,Unintentional
User_87,2025-11-01 17:26:18,0.64,0.9155,Walking,Koila,Driving_Under_Influence,1way,0,60,WiFi,-61,91,-7,0.047,40.32214225925508,21.791359157148392,Unintentional
User_71,2025-11-02 12:25:51,0.259,0.8722,Running,Zep,Driving_Under_Influence,1way,0,70,5G,-94,29,-9,0.033,40.27962644344532,21.753167542503338,Unintentional
User_44,2025-11-02 17:52:45,0.546,0.8875,Driving,Koila,Driving_Under_Influence,4way,0,60,5G,-76,33,-18,0.0063254955276659,40.32309549813644,21.79049425454974,Unintentional
User_28,2025-11-02 21:43:08,0.311,0.6308,Running,Ligeris,Speeding,2way,0,10,3G,-95,86,12,0.046,40.30633261790635,21.808105934639144,Unintentional
User_41,2025-11-03 07:46:29,0.642,0.9575,Driving,Ligeris,Reckless_Driving,2way,1,50,WiFi,-52,41,-24,0.0095191852241126,40.30695248262543,21.807676328722497,Unintentional
User_23,2025-11-04 00:49:04,0.532,0.6837,Driving,Zep,Speeding,1way,0,60,4G,-113,43,20,0.0040193859192583,40.28099001804392,21.75406304892644,Unintentional
User_65,2025-11-04 05:41:38,0.654,0.8712,Driving,Koila,Driving_Under_Influence,2way,0,60,5G,-76,49,-24,0.0086062580782792,40.32331129020413,21.792531721595523,Unintentional
User_81,2025-11-05 01:35:36,0.307,0.7083,Walking,Koila,Driving_Under_Influence,4way,1,50,WiFi,-56,62,25,0.0019923676279442,40.321991448027354,21.789530531885145,Unintentional
User_73,2025-11-05 02:39:46,0.343,0.9873,Driving,Koila,Speeding,2way,0,90,5G,-92,93,-12,0.028,40.32136961589742,21.79063650538935,Unintentional
User_31,2025-11-05 10:00:17,0.293,1.0,Walking,Zep,Reckless_Driving,4way,1,20,3G,-75,68,-11,0.025,40.27859906914823,21.754279197807048,Unintentional
User_80,2025-11-05 10:35:11,0.447,0.9446,Walking,Zep,Driving_Under_Influence,1way,1,20,3G,-76,78,11,0.028,40.27976826087962,21.751399997631314,Unintentional
User_11,2025-11-05 19:21:34,0.263,0.9698,Running,Koila,Speeding,2way,1,60,4G,-80,42,10,0.036,40.3225884288698,21.789888350370063,Unintentional
User_32,2025-11-05 19:55:26,0.684,0.7163,Driving,Koila,Reckless_Driving,2way,1,10,3G,-73,68,8,0.045,40.32150068896865,21.790739713519866,Unintentional
User_47,2025-11-06 03:31:25,0.345,0.744,Driving,Ligeris,Reckless_Driving,1way,1,90,3G,-83,29,10,0.033,40.30764294306018,21.808768557698453,Unintentional
User_77,2025-11-06 03:58:43,0.369,0.7043,Walking,Ligeris,Speeding,2way,0,10,3G,-75,5,-23,0.0065974556732395,40.306126813708595,21.80843759882919,Unintentional
User_47,2025-11-06 06:25:04,0.345,0.745,Running,Ligeris,Driving_Under_Influence,4way,0,10,4G,-114,80,7,0.025,40.30765619227691,21.80872934668314,Unintentional
User_99,2025-11-06 13:14:32,0.622,0.7834,Driving,Koila,Driving_Under_Influence,2way,0,50,3G,-96,69,-2,0.05,40.32198354329489,21.791411231645192,Unintentional
User_99,2025-11-06 14:49:22,0.622,0.7844,Walking,Koila,Driving_Under_Influence,2way,0,80,3G,-120,1,-3,0.049,40.321946226496415,21.79233828474212,Unintentional
User_70,2025-11-06 15:25:39,0.314,0.7901,Walking,Koila,Speeding,2way,1,20,5G,-94,15,-14,0.033,40.3221092425629,21.79131852994978,Unintentional
User_56,2025-11-07 01:33:34,0.449,0.9586,Walking,Zep,Speeding,2way,0,20,4G,-106,67,0,0.033,40.2796720465424,21.75234744068778,Unintentional
User_68,2025-11-07 16:48:17,0.402,0.8517,Running,Koila,Speeding,1way,3,50,5G,-96,21,-7,0.03,40.321485290934866,21.791625263224734,Unintentional
User_35,2025-11-08 01:46:39,0.301,0.6795,Walking,Ligeris,Driving_Under_Influence,1way,3,70,WiFi,-67,61,-18,0.0087923885801014,40.306853867888,21.80966209232292,Unintentional
User_42,2025-11-08 05:29:19,0.544,0.9903,Walking,Zep,Driving_Under_Influence,2way,0,30,WiFi,-67,58,19,0.005980311641233,40.27882666316996,21.75250609748101,Unintentional
User_85,2025-11-08 14:50:33,0.653,0.8243,Walking,Ligeris,Reckless_Driving,1way,0,10,3G,-110,20,-16,0.031,40.307920512647264,21.80779827796576,Unintentional
User_04,2025-11-08 23:08:20,0.619,0.9495,Driving,Koila,Speeding,4way,0,50,3G,-89,68,-14,0.036,40.32233418926376,21.792799459980746,Unintentional
User_29,2025-11-08 23:27:28,0.603,0.9753,Walking,Koila,Reckless_Driving,1way,4,70,WiFi,-56,97,23,0.0049760436292671,40.32207847213132,21.79177141932377,Unintentional
User_64,2025-11-09 07:56:00,0.287,0.6337,Walking,Koila,Reckless_Driving,2way,3,70,3G,-117,99,15,0.032,40.3228366433697,21.790372068472287,Unintentional
User_85,2025-11-09 09:07:50,0.653,0.8263,Running,Ligeris,Speeding,1way,2,10,5G,-85,100,-22,0.0052060125107085,40.30640925336947,21.8068640599023,Unintentional
User_18,2025-11-09 15:43:53,0.669,0.7844,Walking,Zep,Speeding,2way,0,10,4G,-103,48,-16,0.05,40.27949098706122,21.753537075816737,Unintentional
User_90,2025-11-09 17:53:07,0.395,0.7368,Driving,Koila,Driving_Under_Influence,2way,0,80,3G,-95,56,-12,0.035,40.322549058055976,21.79101281433603,Unintentional
User_14,2025-11-09 18:47:21,0.533,0.7056,Driving,Zep,Driving_Under_Influence,2way,1,120,WiFi,-84,61,23,0.0035835788675352,40.27817697012438,21.75418685760252,Unintentional
User_58,2025-11-09 21:46:46,0.744,0.8182,Running,Zep,Speeding,1way,1,30,4G,-96,88,22,0.0057915273159044,40.280968749183245,21.75234774493982,Unintentional
User_53,2025-11-10 01:38:23,0.703,0.8203,Walking,Koila,Speeding,2way,0,70,4G,-90,47,24,0.0048226814159722,40.32266789855034,21.79138741804513,Unintentional
User_16,2025-11-10 09:44:03,0.455,0.8968,Running,Ligeris,Driving_Under_Influence,4way,0,40,3G,-120,83,10,0.024,40.30682662912568,21.806807643698328,Unintentional
User_73,2025-11-10 10:16:08,0.343,0.9973,Running,Ligeris,Reckless_Driving,2way,1,50,5G,-88,4,1,0.049,40.3047746554368,21.80611663338917,Unintentional
User_59,2025-11-10 11:44:14,0.521,0.7463,Walking,Koila,Reckless_Driving,4way,1,30,3G,-117,17,15,0.038,40.32134893055615,21.79091613512482,Unintentional
User_09,2025-11-10 18:04:45,0.444,0.7297,Running,Koila,Speeding,2way,1,80,WiFi,-71,93,-12,0.033,40.3220935715255,21.79118826484528,Unintentional
User_03,2025-11-10 19:36:31,0.47,0.9282,Walking,Zep,Speeding,2way,1,90,4G,-75,74,1,0.044,40.27954149360094,21.753046823615456,Unintentional
User_41,2025-11-11 00:22:09,0.642,0.9725,Driving,Koila,Driving_Under_Influence,2way,1,60,5G,-89,27,-14,0.033,40.322272211498266,21.79129952674672,Unintentional
User_55,2025-11-11 06:32:41,0.3,1.0,Driving,Zep,Speeding,2way,1,60,3G,-78,58,24,0.0093163753316777,40.279552535984095,21.75324072024155,Unintentional
User_21,2025-11-11 07:24:41,0.256,0.8416,Running,Ligeris,Driving_Under_Influence,2way,0,70,WiFi,-69,83,-16,0.026,40.30556680055967,21.808084337994824,Unintentional
User_20,2025-11-11 10:11:53,0.625,1.0,Walking,Koila,Reckless_Driving,4way,0,80,5G,-118,79,-11,0.021,40.32200959561203,21.791133121487608,Unintentional
User_53,2025-11-11 16:27:06,0.703,0.8233,Walking,Koila,Speeding,2way,1,40,5G,-81,20,23,0.0010315598104435,40.32212805306759,21.791269068875422,Unintentional
User_40,2025-11-11 19:46:12,0.357,0.7171,Driving,Zep,Speeding,1way,1,30,WiFi,-80,69,23,0.0026167405795835,40.27895104666917,21.75436048149319,Unintentional
User_19,2025-11-12 03:50:50,0.361,0.9648,Driving,Zep,Reckless_Driving,1way,1,30,3G,-77,89,-5,0.028,40.27964232877857,21.753927673918064,Unintentional
User_33,2025-11-12 05:47:05,0.554,0.8363,Running,Zep,Reckless_Driving,4way,0,70,5G,-115,43,-7,0.049,40.27951884342683,21.752590159000345,Unintentional
User_22,2025-11-12 05:50:29,0.656,0.7316,Driving,Koila,Reckless_Driving,1way,1,90,5G,-85,9,-20,0.0086374930423178,40.32352436294494,21.790665666597786,Unintentional
User_91,2025-11-12 08:46:06,0.716,0.8413,Running,Koila,Speeding,2way,0,70,3G,-70,62,0,0.032,40.321291726108555,21.79021894439459,Unintentional
User_86,2025-11-12 12:12:56,0.343,0.8448,Walking,Koila,Speeding,1way,1,20,WiFi,-90,93,-9,0.043,40.32247724213293,21.790718110694705,Unintentional
User_35,2025-11-12 15:03:10,0.301,0.6885,Walking,Ligeris,Speeding,2way,0,60,WiFi,-62,34,-16,0.046,40.30638830020594,21.807411281141636,Unintentional
User_22,2025-11-13 15:46:12,0.656,0.7346,Walking,Zep,Driving_Under_Influence,2way,2,10,3G,-110,31,-7,0.023,40.2788663388744,21.752644289713487,Unintentional
User_86,2025-11-14 03:18:32,0.343,0.8498,Walking,Koila,Driving_Under_Influence,2way,0,70,4G,-120,48,19,0.0017281985864657,40.32185102204864,21.790657296955068,Unintentional
User_50,2025-11-14 06:10:52,0.395,0.8594,Driving,Ligeris,Reckless_Driving,4way,1,30,4G,-80,29,-18,0.0035339335834251,40.3067031152422,21.807914683580886,Unintentional
User_87,2025-11-14 09:02:14,0.64,0.9415,Walking,Zep,Driving_Under_Influence,1way,1,20,4G,-84,13,-2,0.033,40.27799496500579,21.753706165356657,Unintentional
User_92,2025-11-14 14:03:47,0.622,0.6444,Running,Koila,Speeding,4way,0,80,5G,-83,62,-1,0.048,40.32211757476335,21.79101151393294,Unintentional
User_04,2025-11-14 16:32:45,0.619,0.9615,Driving,Zep,Speeding,1way,4,80,3G,-118,2,23,0.0086869022733005,40.28134410535,21.75351015707203,Unintentional
User_100,2025-11-14 17:51:58,0.718,0.974,Running,Zep,Driving_Under_Influence,2way,1,20,WiFi,-63,27,-21,0.003487369163123,40.28049719000232,21.754874719994287,Unintentional
User_06,2025-11-14 22:26:38,0.573,0.8637,Walking,Zep,Reckless_Driving,2way,2,10,4G,-98,55,-6,0.048,40.280601467520306,21.75387988871929,Unintentional
User_58,2025-11-15 03:28:49,0.744,0.8292,Driving,Ligeris,Reckless_Driving,2way,3,50,4G,-109,17,9,0.028,40.305952072076096,21.8068393864032,Unintentional
User_82,2025-11-15 13:09:29,0.291,0.672,Driving,Koila,Driving_Under_Influence,4way,3,40,WiFi,-80,94,24,0.0027750197920787,40.322289235749054,21.792786912605298,Unintentional
User_42,2025-11-15 15:06:15,0.544,1.0,Walking,Ligeris,Reckless_Driving,2way,2,60,WiFi,-60,75,11,0.022,40.307565258831325,21.80897432707976,Unintentional
User_16,2025-11-15 15:31:09,0.455,0.9078,Walking,Ligeris,Driving_Under_Influence,1way,2,40,4G,-99,56,18,0.0028646327999447,40.30588475215586,21.806766726364593,Unintentional
User_28,2025-11-15 15:44:08,0.311,0.6568,Running,Ligeris,Reckless_Driving,2way,0,110,4G,-114,82,-24,0.0075640955736957,40.30791962683451,21.807525549617292,Unintentional
User_07,2025-11-16 06:36:52,0.47,0.8694,Walking,Ligeris,Speeding,1way,0,30,5G,-76,79,-14,0.048,40.3050794130989,21.806727423082773,Unintentional
User_77,2025-11-16 06:50:37,0.369,0.7243,Driving,Zep,Speeding,2way,0,70,4G,-119,23,-5,0.022,40.279622963314296,21.753609142846223,Unintentional
User_39,2025-11-16 07:21:48,0.297,0.9664,Running,Koila,Speeding,4way,1,60,WiFi,-55,86,1,0.049,40.32166954203789,21.792362615662608,Unintentional
User_07,2025-11-16 09:16:10,0.47,0.8704,Walking,Zep,Driving_Under_Influence,1way,3,40,5G,-81,11,-17,0.0080549843516022,40.27863984470229,21.752114322728136,Unintentional
User_20,2025-11-16 12:53:58,0.625,1.0,Driving,Zep,Speeding,1way,0,60,WiFi,-90,25,-21,0.0032819965617299,40.28042525891557,21.752092788119988,Unintentional
User_17,2025-11-16 16:20:08,0.439,1.0,Running,Zep,Reckless_Driving,4way,0,10,4G,-120,100,-17,0.0071311313202212,40.27939027114363,21.754953481739634,Unintentional
User_99,2025-11-16 18:36:52,0.622,0.8044,Driving,Ligeris,Speeding,2way,2,20,4G,-103,33,-3,0.042,40.30669599081226,21.80590669147942,Unintentional
User_91,2025-11-16 18:55:12,0.716,0.8503,Walking,Ligeris,Speeding,2way,1,90,4G,-119,7,18,0.0086087590892875,40.30552938017435,21.806346208343783,Unintentional
User_93,2025-11-17 04:53:29,0.333,1.0,Walking,Koila,Speeding,2way,0,70,3G,-99,15,-16,0.034,40.32265666932413,21.79041031597312,Unintentional
User_83,2025-11-17 05:52:15,0.498,0.7237,Running,Zep,Reckless_Driving,4way,0,40,3G,-85,22,-19,0.0041762331348393,40.27922987564517,21.75313483276162,Unintentional
User_52,2025-11-17 07:15:22,0.706,1.0,Running,Ligeris,Speeding,2way,0,50,4G,-113,66,4,0.048,40.3071510767078,21.8066510000362,Unintentional
User_92,2025-11-17 20:51:25,0.622,0.6514,Driving,Zep,Reckless_Driving,2way,1,70,4G,-100,87,-7,0.044,40.27988763905473,21.75212012559685,Unintentional
User_35,2025-11-18 01:50:27,0.301,0.6995,Walking,Zep,Driving_Under_Influence,2way,4,80,3G,-109,28,9,0.044,40.27816565607284,21.754453776679473,Unintentional
User_43,2025-11-18 03:24:30,0.407,0.9204,Running,Zep,Speeding,2way,0,10,5G,-100,29,-23,0.0031937576350209,40.27978895642286,21.752101341958426,Unintentional
User_46,2025-11-18 07:23:38,0.537,0.8729,Walking,Koila,Reckless_Driving,2way,0,50,4G,-103,25,1,0.046,40.32179486122874,21.789937898615644,Unintentional
User_74,2025-11-18 09:15:48,0.564,0.812,Driving,Zep,Reckless_Driving,2way,0,50,WiFi,-63,4,-19,0.0054615475411107,40.280255731744106,21.752615207926983,Unintentional
User_95,2025-11-18 18:07:09,0.36,0.9189,Driving,Zep,Speeding,2way,1,50,5G,-111,27,7,0.022,40.27981030840392,21.75330528052813,Unintentional
User_27,2025-11-19 05:27:20,0.33,0.849,Driving,Ligeris,Speeding,4way,1,30,5G,-99,32,-2,0.046,40.307204330293594,21.808746521661806,Unintentional
User_35,2025-11-19 12:33:12,0.301,0.7025,Walking,Zep,Driving_Under_Influence,2way,0,20,WiFi,-89,24,-22,0.0053860224445063,40.2794977623798,21.753473915014208,Unintentional
User_43,2025-11-19 15:00:51,0.407,0.9234,Driving,Zep,Driving_Under_Influence,4way,0,40,WiFi,-85,46,13,0.046,40.279476938869344,21.752822459557024,Unintentional
User_45,2025-11-19 16:16:35,0.693,0.8404,Running,Zep,Speeding,4way,1,30,3G,-73,47,-11,0.032,40.28057286330171,21.754551254195892,Unintentional
User_88,2025-11-19 19:20:40,0.421,0.9862,Walking,Koila,Reckless_Driving,1way,0,110,3G,-115,49,24,0.006040629435203,40.32303828509755,21.791332305731764,Unintentional
User_95,2025-11-19 20:32:12,0.36,0.9199,Running,Ligeris,Speeding,2way,0,30,3G,-95,59,-17,0.007803585344046,40.30617133101998,21.809013409080364,Unintentional
User_86,2025-11-20 05:09:30,0.343,0.8608,Driving,Ligeris,Speeding,2way,0,60,5G,-100,76,9,0.046,40.3068024139095,21.80702574382868,Unintentional
User_56,2025-11-21 03:18:19,0.449,0.9866,Driving,Koila,Speeding,1way,1,30,WiFi,-74,21,-20,0.0040537046533757,40.322438138605975,21.792376071586073,Unintentional
User_63,2025-11-21 03:42:36,0.549,1.0,Walking,Ligeris,Speeding,4way,0,60,5G,-89,13,-13,0.038,40.30623279501164,21.807433866461263,Unintentional
User_11,2025-11-21 05:27:31,0.263,1.0,Walking,Ligeris,Speeding,4way,0,60,4G,-117,63,-25,0.0019158977429572,40.30570490487326,21.805750321929057,Unintentional
User_49,2025-11-21 09:31:25,0.462,0.8197,Driving,Zep,Reckless_Driving,2way,0,40,WiFi,-72,18,20,0.0096487730250911,40.27886503007194,21.754411979532204,Unintentional
User_74,2025-11-21 13:40:58,0.564,0.819,Driving,Koila,Speeding,4way,0,40,WiFi,-83,6,-22,0.0089338668290278,40.321760813279184,21.791918610750436,Unintentional
User_81,2025-11-21 13:52:14,0.307,0.7403,Driving,Koila,Speeding,4way,3,20,5G,-78,35,16,0.029,40.32328710197486,21.791968040349083,Unintentional
User_02,2025-11-21 17:02:16,0.477,0.8454,Running,Ligeris,Reckless_Driving,4way,1,60,5G,-110,90,-5,0.046,40.30510145497464,21.80880105124268,Unintentional
User_27,2025-11-21 21:41:22,0.33,0.854,Running,Ligeris,Driving_Under_Influence,2way,0,30,4G,-88,88,-19,0.0034502851367343,40.30588069414319,21.809024509323365,Unintentional
User_09,2025-11-22 01:26:03,0.444,0.7527,Running,Koila,Speeding,4way,0,20,WiFi,-73,56,-19,0.0037188372444257,40.321091066730894,21.79044231531806,Unintentional
User_71,2025-11-22 05:47:17,0.259,0.9112,Walking,Ligeris,Reckless_Driving,2way,0,50,4G,-88,5,21,0.008790602547784,40.30675543334352,21.8093541100595,Unintentional
User_85,2025-11-22 11:44:00,0.653,0.8513,Running,Koila,Speeding,2way,0,40,5G,-80,50,-23,0.002189411439417,40.32303077761191,21.792274045967467,Unintentional
User_47,2025-11-22 13:56:07,0.345,0.776,Walking,Ligeris,Driving_Under_Influence,4way,0,40,3G,-113,86,-9,0.049,40.3065818159255,21.805723180588373,Unintentional
User_19,2025-11-22 14:21:01,0.361,0.9858,Running,Ligeris,Driving_Under_Influence,4way,3,30,4G,-86,52,11,0.047,40.30602092844675,21.80741530715403,Unintentional
User_55,2025-11-23 03:37:11,0.3,1.0,Driving,Zep,Speeding,4way,1,10,3G,-90,44,-20,0.0033863461280501,40.27871654608438,21.753785674306023,Unintentional
User_45,2025-11-23 07:31:53,0.693,0.8484,Walking,Zep,Driving_Under_Influence,1way,2,60,WiFi,-86,28,-14,0.043,40.28055176186983,21.753694677832257,Unintentional
User_72,2025-11-23 14:33:44,0.359,0.9708,Running,Zep,Driving_Under_Influence,2way,0,80,3G,-96,31,19,0.0012657041968866,40.27976705290191,21.753001584144076,Unintentional
User_81,2025-11-23 19:09:44,0.307,0.7443,Running,Zep,Speeding,2way,0,30,5G,-87,100,-10,0.049,40.27962381706395,21.752347370981,Unintentional
User_61,2025-11-23 21:57:49,0.304,0.7996,Running,Zep,Driving_Under_Influence,2way,0,70,5G,-83,99,13,0.038,40.279740572717834,21.753426135069688,Unintentional
User_55,2025-11-24 05:19:49,0.3,1.0,Running,Ligeris,Speeding,2way,2,30,5G,-88,56,-7,0.039,40.30501974196276,21.80716719152215,Unintentional
User_100,2025-11-24 11:12:15,0.718,0.995,Driving,Ligeris,Reckless_Driving,2way,0,80,5G,-107,13,-13,0.04,40.3070059844672,21.80727803451751,Unintentional
User_19,2025-11-24 12:06:05,0.361,0.9888,Driving,Zep,Reckless_Driving,4way,0,60,3G,-120,74,-14,0.039,40.279402114756586,21.753261937383737,Unintentional
User_84,2025-11-24 15:52:53,0.488,0.8464,Running,Koila,Driving_Under_Influence,2way,0,50,WiFi,-84,55,-12,0.025,40.32145276471304,21.791496999911512,Unintentional
User_29,2025-11-24 23:22:14,0.603,1.0,Walking,Zep,Reckless_Driving,4way,0,10,5G,-111,91,2,0.024,40.28049488782244,21.75139853291684,Unintentional
User_10,2025-11-24 23:54:04,0.35,0.9465,Driving,Zep,Driving_Under_Influence,4way,1,70,3G,-97,19,9,0.031,40.278948978659706,21.75342413128882,Unintentional
User_58,2025-11-25 00:02:44,0.744,0.8492,Walking,Koila,Driving_Under_Influence,2way,0,80,WiFi,-84,23,-23,0.0087191509554747,40.32232341223194,21.792210782777445,Unintentional
User_53,2025-11-25 05:20:08,0.703,0.8503,Walking,Ligeris,Driving_Under_Influence,1way,2,50,4G,-114,64,-9,0.044,40.307084348306134,21.80612523890704,Unintentional
User_84,2025-11-25 12:15:37,0.488,0.8474,Running,Ligeris,Driving_Under_Influence,4way,0,20,3G,-77,29,11,0.048,40.30622749380821,21.807162560196,Unintentional
User_75,2025-11-25 13:20:02,0.65,0.9434,Walking,Koila,Reckless_Driving,2way,1,30,5G,-102,89,23,0.0025312277705584,40.32277018204834,21.790422501295293,Unintentional
User_06,2025-11-25 19:38:57,0.573,0.8857,Walking,Zep,Speeding,2way,0,70,3G,-90,67,-25,0.0049908403409719,40.27958313952768,21.753261135782488,Unintentional
User_46,2025-11-25 21:15:32,0.537,0.8879,Running,Zep,Reckless_Driving,2way,0,30,3G,-74,99,22,0.0031025346096569,40.27931029373895,21.75507150143109,Unintentional
User_52,2025-11-26 04:58:48,0.706,1.0,Walking,Ligeris,Driving_Under_Influence,2way,1,10,4G,-106,73,-22,0.0023546897315798,40.306225624756784,21.80752921706044,Unintentional
User_31,2025-11-26 06:28:56,0.293,1.0,Walking,Zep,Driving_Under_Influence,4way,0,20,4G,-118,16,13,0.041,40.27958564707962,21.75243414236222,Unintentional
User_69,2025-11-26 16:03:57,0.667,0.7651,Walking,Ligeris,Reckless_Driving,2way,1,70,3G,-87,61,-22,0.0082052923156175,40.30718940829903,21.807426754819105,Unintentional
User_22,2025-11-26 21:00:26,0.656,0.7606,Walking,Zep,Speeding,2way,0,90,5G,-99,0,23,0.0048861808933736,40.27926391467698,21.75252140433117,Unintentional
User_31,2025-11-27 08:31:52,0.293,1.0,Driving,Ligeris,Speeding,4way,4,20,4G,-90,87,-24,0.0055061250816288,40.306479459579336,21.807436980798403,Unintentional
User_77,2025-11-27 15:42:00,0.369,0.7473,Driving,Ligeris,Driving_Under_Influence,4way,0,20,5G,-108,57,-17,0.0093145831545983,40.304886259901274,21.808170388895263,Unintentional
User_75,2025-11-27 20:51:39,0.65,0.9484,Driving,Zep,Driving_Under_Influence,2way,1,40,5G,-86,76,-21,0.0082118644906548,40.27852277404082,21.753571782759924,Unintentional
User_87,2025-11-28 01:36:46,0.64,0.9685,Driving,Zep,Driving_Under_Influence,4way,1,90,WiFi,-76,27,6,0.04,40.2809319594919,21.75297693871463,Unintentional
User_64,2025-11-28 04:06:56,0.287,0.6717,Walking,Ligeris,Speeding,4way,1,50,3G,-93,76,-18,0.0092325564181725,40.30574560948249,21.807691074398583,Unintentional
User_02,2025-11-28 06:56:09,0.477,0.8584,Running,Ligeris,Speeding,2way,0,30,4G,-107,90,-16,0.028,40.30578615547107,21.806410029421365,Unintentional
User_17,2025-11-28 13:13:34,0.439,1.0,Running,Koila,Speeding,1way,1,50,WiFi,-81,37,-24,0.0025959381826852,40.32147115843683,21.791278839345907,Unintentional
User_96,2025-11-28 13:21:02,0.308,0.8238,Driving,Zep,Reckless_Driving,4way,0,30,4G,-115,9,-20,0.0031509842492839,40.27885324280034,21.75132077237266,Unintentional
User_78,2025-11-28 18:32:23,0.615,0.872,Walking,Koila,Driving_Under_Influence,1way,4,30,5G,-113,65,19,0.0013879716555701,40.3225489592033,21.790582833798037,Unintentional
User_53,2025-11-28 19:23:32,0.703,0.8563,Driving,Zep,Driving_Under_Influence,4way,0,60,WiFi,-79,90,18,0.0037909544576988,40.27941712140595,21.753210010648125,Unintentional
User_78,2025-11-29 00:53:58,0.615,0.873,Running,Koila,Driving_Under_Influence,1way,0,10,3G,-103,21,18,0.0039522396296673,40.32249531319327,21.791361021929717,Unintentional
User_42,2025-11-29 03:54:16,0.544,1.0,Running,Koila,Speeding,1way,0,30,5G,-80,48,-15,0.023,40.32233288062539,21.790581868834643,Unintentional
User_86,2025-11-29 14:21:16,0.343,0.8798,Walking,Zep,Driving_Under_Influence,1way,1,50,3G,-100,50,15,0.029,40.28053390562223,21.754798868511127,Unintentional
User_80,2025-11-29 22:30:09,0.447,0.9926,Walking,Zep,Speeding,4way,0,40,5G,-120,72,16,0.026,40.278410768969934,21.754411229652774,Unintentional
User_78,2025-11-30 02:21:34,0.615,0.875,Running,Ligeris,Speeding,2way,3,70,3G,-107,47,1,0.041,40.30627052494677,21.80737454330141,Unintentional
User_27,2025-11-30 06:54:10,0.33,0.872,Walking,Koila,Speeding,2way,2,20,5G,-105,91,-24,0.0091965765861082,40.32216241640903,21.79288533704605,Unintentional
User_61,2025-11-30 08:09:26,0.304,0.8136,Driving,Ligeris,Speeding,2way,1,30,4G,-92,60,3,0.022,40.30511088153528,21.809337277124563,Unintentional
User_68,2025-11-30 11:42:55,0.402,0.8967,Driving,Zep,Reckless_Driving,2way,0,80,3G,-114,9,23,0.0081794090091503,40.280463116600586,21.75228263401201,Unintentional
User_92,2025-11-30 22:21:32,0.622,0.6774,Walking,Zep,Reckless_Driving,2way,3,40,4G,-117,17,-24,0.0033510697502239,40.278305521841,21.75349220068012,Unintentional
User_41,2025-11-30 23:20:15,0.642,1.0,Running,Koila,Speeding,2way,0,80,5G,-109,46,-1,0.023,40.32089434304273,21.79058440215769,Unintentional
User_18,2025-12-01 00:49:17,0.669,0.8274,Walking,Ligeris,Speeding,2way,1,10,5G,-107,97,18,0.0095679875052315,40.30505664175438,21.807498651463643,Unintentional
User_39,2025-12-01 03:00:06,0.297,0.9964,Running,Koila,Speeding,1way,2,80,5G,-72,2,-5,0.029,40.32217654142766,21.790622597104782,Unintentional
User_80,2025-12-01 07:47:59,0.447,0.9956,Walking,Ligeris,Reckless_Driving,4way,1,30,WiFi,-74,18,24,0.0057258763573537,40.307873946744415,21.807872691981338,Unintentional
User_64,2025-12-01 11:39:03,0.287,0.6787,Driving,Koila,Speeding,4way,0,50,3G,-79,32,-22,0.0094016095738592,40.32178270047632,21.791294996329217,Unintentional
User_82,2025-12-01 14:10:11,0.291,0.704,Walking,Koila,Reckless_Driving,2way,0,90,4G,-78,79,-9,0.039,40.32261006318275,21.791262098678253,Unintentional
User_41,2025-12-01 14:21:58,0.642,1.0,Running,Ligeris,Speeding,2way,1,90,WiFi,-69,19,-4,0.043,40.30633808536456,21.80759404818845,Unintentional
User_69,2025-12-01 15:25:11,0.667,0.7751,Walking,Ligeris,Driving_Under_Influence,2way,0,50,3G,-105,64,-11,0.035,40.30689589714116,21.80790075458202,Unintentional
User_49,2025-12-02 00:29:35,0.462,0.8407,Walking,Ligeris,Speeding,1way,0,80,WiFi,-54,96,4,0.038,40.30615454556591,21.805997188695333,Unintentional
User_89,2025-12-02 02:05:19,0.606,1.0,Walking,Ligeris,Speeding,1way,3,60,5G,-106,26,24,0.0019374856361148,40.30762399282028,21.80884146155048,Unintentional
User_71,2025-12-02 06:26:15,0.259,0.9312,Driving,Ligeris,Speeding,2way,0,40,4G,-90,52,6,0.046,40.30627603572572,21.807237425300663,Unintentional
User_14,2025-12-02 10:06:47,0.533,0.7516,Driving,Zep,Speeding,1way,0,10,WiFi,-78,38,-18,0.0020799856764672,40.27876458518658,21.754394603289047,Unintentional
User_05,2025-12-02 10:15:04,0.307,0.8107,Driving,Zep,Speeding,2way,2,60,4G,-93,5,17,0.0047814130095618,40.27848327565436,21.75281842792585,Unintentional
User_72,2025-12-02 10:48:24,0.359,0.9888,Running,Koila,Speeding,1way,0,50,WiFi,-58,3,-6,0.024,40.32106306921397,21.792496024690976,Unintentional
User_66,2025-12-02 11:57:53,0.551,0.8079,Driving,Zep,Speeding,1way,2,10,5G,-72,56,-8,0.047,40.279384587036525,21.753868673174367,Unintentional
User_02,2025-12-02 15:04:11,0.477,0.8674,Running,Ligeris,Reckless_Driving,2way,0,70,WiFi,-75,56,-24,0.0056879627895812,40.30698794719504,21.80880523132428,Unintentional
User_92,2025-12-02 16:21:49,0.622,0.6804,Driving,Zep,Driving_Under_Influence,2way,0,20,5G,-100,3,25,0.0072477981915121,40.27940690478251,21.75321990228763,Unintentional
User_28,2025-12-02 16:27:36,0.311,0.6898,Running,Ligeris,Speeding,4way,1,60,3G,-80,36,-21,0.0061371210113095,40.30714283161102,21.80786010331864,Unintentional
User_16,2025-12-02 19:15:22,0.455,0.9418,Driving,Zep,Speeding,2way,1,30,5G,-101,41,15,0.024,40.28014859960034,21.75114939806075,Unintentional
User_66,2025-12-03 07:01:37,0.551,0.8089,Running,Ligeris,Reckless_Driving,1way,1,80,4G,-109,86,21,0.0016248955139916,40.306604142884154,21.808848771534244,Unintentional
User_27,2025-12-03 20:37:54,0.33,0.878,Driving,Zep,Reckless_Driving,2way,0,70,3G,-99,85,-4,0.048,40.28028576251373,21.754007725431837,Unintentional
User_41,2025-12-03 21:36:40,0.642,1.0,Running,Ligeris,Driving_Under_Influence,2way,0,40,WiFi,-79,69,-11,0.036,40.305567594311704,21.808244518363757,Unintentional
User_50,2025-12-03 23:03:28,0.395,0.8984,Walking,Koila,Reckless_Driving,4way,0,50,3G,-81,67,-18,0.0098233087572747,40.32242559955531,21.79114423472004,Unintentional
User_81,2025-12-04 01:14:53,0.307,0.7663,Walking,Ligeris,Speeding,4way,1,70,5G,-81,66,12,0.05,40.30741722703383,21.808026958625316,Unintentional
User_30,2025-12-04 01:34:46,0.478,0.8781,Running,Zep,Driving_Under_Influence,2way,2,60,3G,-117,78,22,0.006353946973017,40.27947973871761,21.753292495502738,Unintentional
User_64,2025-12-04 03:28:09,0.287,0.6847,Driving,Ligeris,Reckless_Driving,2way,0,40,WiFi,-73,80,18,0.0054888774965018,40.30738934838412,21.807821048936745,Unintentional
User_77,2025-12-04 05:26:36,0.369,0.7603,Running,Koila,Reckless_Driving,2way,0,70,3G,-88,21,8,0.03,40.32218829943429,21.791159261936095,Unintentional
User_73,2025-12-04 06:40:41,0.343,1.0,Walking,Koila,Driving_Under_Influence,1way,2,20,WiFi,-80,23,-3,0.024,40.322271675049,21.790052321169295,Unintentional
User_33,2025-12-04 09:22:31,0.554,0.8793,Walking,Ligeris,Driving_Under_Influence,2way,0,20,4G,-95,94,-10,0.041,40.30511740482637,21.809054415058306,Unintentional
User_27,2025-12-04 17:50:15,0.33,0.88,Driving,Zep,Speeding,1way,0,30,WiFi,-67,22,8,0.034,40.279448788661,21.752676241249414,Unintentional
User_74,2025-12-04 18:38:19,0.564,0.845,Running,Koila,Speeding,2way,4,80,4G,-73,33,20,0.0036627611723943,40.32259214893835,21.791355368484755,Unintentional
User_05,2025-12-04 22:27:40,0.307,0.8157,Walking,Zep,Speeding,4way,1,60,WiFi,-55,83,12,0.042,40.27942407009709,21.751621903808804,Unintentional
User_50,2025-12-05 05:49:29,0.395,0.9014,Walking,Koila,Driving_Under_Influence,2way,0,60,3G,-108,94,5,0.028,40.32261767733249,21.790528466760755,Unintentional
User_07,2025-12-05 06:57:14,0.47,0.9084,Running,Ligeris,Reckless_Driving,1way,2,50,4G,-89,96,9,0.031,40.30523291105022,21.80913842257136,Unintentional
User_49,2025-12-05 09:17:53,0.462,0.8467,Running,Ligeris,Reckless_Driving,1way,0,90,4G,-101,53,-14,0.029,40.30562278458181,21.80933244418817,Unintentional
User_19,2025-12-05 10:54:00,0.361,1.0,Running,Ligeris,Reckless_Driving,1way,5,40,WiFi,-62,27,-24,0.0025057419816072,40.306348349878675,21.807426106684865,Unintentional
User_61,2025-12-05 14:01:05,0.304,0.8226,Running,Zep,Speeding,1way,0,30,4G,-120,7,13,0.028,40.27897414045585,21.7551286654348,Unintentional
User_93,2025-12-06 00:38:05,0.333,1.0,Walking,Ligeris,Speeding,2way,0,40,WiFi,-67,82,-24,0.0010256922960066,40.30575759934162,21.807671562434475,Unintentional
User_40,2025-12-06 03:38:07,0.357,0.7661,Running,Ligeris,Reckless_Driving,2way,1,20,5G,-104,18,10,0.033,40.305890717940855,21.80679332066928,Unintentional
User_60,2025-12-06 09:13:03,0.669,0.7387,Walking,Koila,Speeding,2way,3,40,WiFi,-58,21,-24,0.0083078456166423,40.32159282257043,21.79200259231,Unintentional
User_73,2025-12-06 11:52:14,0.343,1.0,Walking,Zep,Reckless_Driving,2way,1,30,WiFi,-73,38,-13,0.029,40.27813736975415,21.7539987677828,Unintentional
User_38,2025-12-06 14:17:31,0.497,0.9506,Driving,Ligeris,Speeding,1way,1,80,5G,-91,93,-22,0.004447085905759,40.3069213805641,21.80573467381726,Unintentional
User_04,2025-12-06 19:02:44,0.619,1.0,Driving,Koila,Reckless_Driving,1way,3,20,4G,-93,19,-17,0.0078926716538231,40.32211413400142,21.79207562966299,Unintentional
User_61,2025-12-06 23:19:19,0.304,0.8256,Running,Ligeris,Driving_Under_Influence,4way,1,20,WiFi,-86,46,-23,0.0030698296379635,40.30647513618366,21.807585828436142,Unintentional
User_37,2025-12-07 07:17:10,0.696,0.6967,Driving,Ligeris,Reckless_Driving,2way,0,30,3G,-70,94,22,0.0094965161124632,40.30506861260218,21.808868287363733,Unintentional
User_50,2025-12-07 10:46:33,0.395,0.9054,Running,Ligeris,Speeding,2way,0,60,4G,-100,82,-12,0.024,40.30543190940353,21.807285406204016,Unintentional
User_58,2025-12-07 14:45:26,0.744,0.8732,Driving,Zep,Speeding,4way,1,60,4G,-108,27,-9,0.049,40.279523510808126,21.75317894168789,Unintentional
User_13,2025-12-08 01:11:07,0.738,0.9563,Running,Koila,Reckless_Driving,2way,0,70,5G,-83,46,-25,0.0012237008550284,40.32299684418912,21.78998517403218,Unintentional
User_83,2025-12-08 08:42:06,0.498,0.7657,Walking,Koila,Speeding,2way,0,120,3G,-98,40,-6,0.047,40.32070788386426,21.792187694219013,Unintentional
User_42,2025-12-08 10:22:46,0.544,1.0,Walking,Koila,Reckless_Driving,2way,3,130,5G,-83,15,-20,0.0015210546762075,40.32233178204844,21.79147366467291,Unintentional
User_79,2025-12-08 10:35:06,0.326,0.7709,Walking,Ligeris,Speeding,4way,2,10,5G,-113,8,-18,0.0053147566327733,40.30592180012199,21.807632380806066,Unintentional
User_32,2025-12-08 12:16:15,0.684,0.7833,Driving,Koila,Driving_Under_Influence,1way,1,10,4G,-120,35,-13,0.037,40.32156853871333,21.79132317710399,Unintentional
User_11,2025-12-08 17:09:54,0.263,1.0,Running,Koila,Driving_Under_Influence,1way,1,80,4G,-88,82,5,0.036,40.32238850027879,21.79042018333468,Unintentional
User_54,2025-12-08 18:25:11,0.482,1.0,Walking,Ligeris,Reckless_Driving,2way,0,10,4G,-104,28,-17,0.0057995637097869,40.307012994977065,21.806668559378345,Unintentional
User_05,2025-12-08 19:38:46,0.307,0.8237,Running,Koila,Speeding,4way,1,20,5G,-107,57,-20,0.0095417108475804,40.32330765351016,21.792705811683515,Unintentional
User_31,2025-12-08 22:12:04,0.293,1.0,Driving,Ligeris,Reckless_Driving,4way,1,30,WiFi,-68,1,-18,0.0072125527479524,40.3069435528432,21.806692370515755,Unintentional
User_95,2025-12-09 02:08:51,0.36,0.9599,Walking,Ligeris,Driving_Under_Influence,1way,0,10,4G,-103,78,-14,0.043,40.30712540908808,21.807393439008212,Unintentional
User_86,2025-12-09 10:30:18,0.343,0.8988,Walking,Koila,Driving_Under_Influence,4way,0,20,5G,-84,73,-5,0.025,40.32140286610622,21.791843675684923,Unintentional
User_72,2025-12-09 11:28:46,0.359,1.0,Walking,Zep,Reckless_Driving,1way,0,10,4G,-120,10,-16,0.031,40.28003396502032,21.75258941039197,Unintentional
User_80,2025-12-09 12:34:44,0.447,1.0,Walking,Koila,Reckless_Driving,2way,0,70,5G,-71,58,16,0.049,40.32262210334587,21.7902728936682,Unintentional
User_05,2025-12-09 17:02:14,0.307,0.8257,Driving,Koila,Speeding,1way,2,10,5G,-93,88,25,0.0017063643999662,40.3216844336573,21.790581218759076,Unintentional
User_75,2025-12-10 04:11:22,0.65,0.9734,Walking,Zep,Driving_Under_Influence,1way,2,10,5G,-82,55,13,0.041,40.279532570442214,21.753162046908677,Unintentional
User_16,2025-12-10 08:56:33,0.455,0.9568,Walking,Zep,Reckless_Driving,2way,0,80,WiFi,-82,24,24,0.0067491225934678,40.2797256339338,21.752744088942613,Unintentional
User_30,2025-12-10 19:34:28,0.478,0.8901,Walking,Koila,Reckless_Driving,2way,1,40,5G,-119,5,-21,0.0029102255110699,40.32134556534509,21.7904822319799,Unintentional
User_25,2025-12-10 21:58:32,0.352,0.7523,Running,Koila,Reckless_Driving,2way,0,30,4G,-73,76,18,0.0090558953354181,40.32332124191794,21.79148889872461,Unintentional
User_100,2025-12-11 00:17:36,0.718,1.0,Walking,Ligeris,Driving_Under_Influence,2way,0,40,3G,-74,74,-3,0.042,40.30558142099407,21.808121864811135,Unintentional
User_72,2025-12-11 13:29:31,0.359,1.0,Driving,Zep,Reckless_Driving,2way,0,40,3G,-70,12,19,0.0094683565968961,40.27969174887971,21.752830535356452,Unintentional
User_77,2025-12-11 15:38:36,0.369,0.7753,Running,Zep,Driving_Under_Influence,4way,1,40,WiFi,-90,87,-25,0.002883608816754,40.27885772683803,21.754012226219743,Unintentional
User_92,2025-12-11 19:23:46,0.622,0.6984,Driving,Zep,Reckless_Driving,1way,2,50,4G,-87,15,-17,0.0044793844338509,40.27951404181307,21.753241484470426,Unintentional
User_14,2025-12-11 23:00:29,0.533,0.7706,Walking,Ligeris,Driving_Under_Influence,2way,1,40,5G,-89,78,0,0.037,40.305463686185824,21.807131785893297,Unintentional
User_38,2025-12-11 23:06:06,0.497,0.9606,Driving,Koila,Reckless_Driving,2way,3,20,5G,-84,56,-18,0.0064394391374811,40.321187714175565,21.79222648465015,Unintentional
User_36,2025-12-11 23:51:38,0.58,0.95,Walking,Zep,Driving_Under_Influence,2way,0,70,5G,-76,6,-21,0.0066210515349369,40.278834504701685,21.75369697385413,Unintentional
User_88,2025-12-12 06:53:11,0.421,1.0,Walking,Koila,Driving_Under_Influence,2way,0,10,4G,-98,49,-11,0.033,40.32346914871222,21.790370585787656,Unintentional
User_24,2025-12-12 07:17:21,0.354,1.0,Running,Ligeris,Speeding,1way,1,50,4G,-87,88,-19,0.0091060795993341,40.30664397053616,21.80743545260322,Unintentional
User_10,2025-12-13 00:52:07,0.35,0.9835,Walking,Koila,Reckless_Driving,1way,0,80,5G,-117,22,-25,0.0056678568002356,40.32222726070728,21.79276122385132,Unintentional
User_15,2025-12-13 02:13:05,0.369,0.7328,Driving,Ligeris,Speeding,4way,1,20,WiFi,-60,86,-25,0.0052922010385418,40.306327676526216,21.80767057646356,Unintentional
User_15,2025-12-13 06:42:52,0.369,0.7338,Driving,Koila,Reckless_Driving,1way,0,10,WiFi,-68,18,2,0.049,40.32138276570901,21.790218267482768,Unintentional
User_28,2025-12-13 08:40:45,0.311,0.7128,Walking,Zep,Driving_Under_Influence,4way,0,60,WiFi,-56,55,-8,0.042,40.27846072942916,21.753110577914228,Unintentional
User_07,2025-12-13 11:11:22,0.47,0.9234,Running,Koila,Reckless_Driving,2way,0,50,4G,-86,97,23,0.0032613761249544,40.32350122116325,21.790810415806657,Unintentional
User_83,2025-12-13 12:47:46,0.498,0.7767,Walking,Zep,Driving_Under_Influence,1way,0,80,4G,-71,44,7,0.047,40.280595665388866,21.754193093629187,Unintentional
User_47,2025-12-13 12:54:50,0.345,0.818,Running,Ligeris,Driving_Under_Influence,4way,1,10,3G,-115,43,16,0.035,40.30610055000114,21.80749307597658,Unintentional
User_75,2025-12-13 14:48:02,0.65,0.9804,Driving,Koila,Speeding,1way,0,50,3G,-106,74,-6,0.041,40.32147390730772,21.789536921387953,Unintentional
User_17,2025-12-13 19:26:30,0.439,1.0,Driving,Koila,Driving_Under_Influence,1way,0,50,5G,-108,99,12,0.05,40.32285093127273,21.792481810871593,Unintentional
User_41,2025-12-14 01:54:31,0.642,1.0,Walking,Koila,Speeding,1way,1,50,4G,-79,6,18,0.0025857319838482,40.32211482102594,21.789898672651077,Unintentional
User_93,2025-12-14 08:31:08,0.333,1.0,Running,Ligeris,Driving_Under_Influence,1way,1,90,3G,-114,54,24,0.0026198587001789,40.306510506888046,21.806889143882103,Unintentional
User_06,2025-12-14 13:30:22,0.573,0.9227,Walking,Koila,Reckless_Driving,1way,0,10,3G,-120,75,23,0.0041002489478595,40.322071093822395,21.79177774013234,Unintentional
User_37,2025-12-15 02:29:24,0.696,0.7117,Walking,Koila,Reckless_Driving,2way,1,60,4G,-81,60,-22,0.0081838011107964,40.3214807785732,21.789597122456307,Unintentional
User_98,2025-12-15 05:10:16,0.734,0.843,Running,Koila,Reckless_Driving,2way,2,30,5G,-74,37,19,0.0070545760741739,40.32240513001412,21.79284310806858,Unintentional
User_04,2025-12-15 05:36:32,0.619,1.0,Driving,Ligeris,Reckless_Driving,4way,2,80,5G,-120,23,-7,0.048,40.30658734554411,21.8064871827483,Unintentional
User_41,2025-12-15 07:52:38,0.642,1.0,Driving,Ligeris,Reckless_Driving,2way,1,10,5G,-91,56,-17,0.0072257644336698,40.30527290507933,21.80946250159343,Unintentional
User_54,2025-12-15 07:59:46,0.482,1.0,Driving,Koila,Driving_Under_Influence,2way,0,80,4G,-105,33,-2,0.036,40.322724382994174,21.790922275898833,Unintentional
User_94,2025-12-15 11:46:26,0.459,0.701,Walking,Koila,Speeding,1way,4,80,3G,-89,62,-1,0.031,40.3221002043896,21.791190682085983,Unintentional
User_21,2025-12-15 19:21:09,0.256,0.9096,Running,Koila,Speeding,2way,0,70,5G,-104,89,-7,0.029,40.32177097522611,21.790610065851556,Unintentional
User_46,2025-12-15 23:21:35,0.537,0.9279,Running,Koila,Driving_Under_Influence,1way,3,90,5G,-86,24,-25,0.0043300273710146,40.32231402776699,21.79133708556256,Unintentional
User_99,2025-12-16 02:35:01,0.622,0.8634,Walking,Ligeris,Reckless_Driving,2way,1,40,4G,-77,78,-17,0.0048556242854146,40.30593313425534,21.80834108925603,Unintentional
User_71,2025-12-16 15:59:33,0.259,0.9602,Walking,Koila,Speeding,1way,0,50,5G,-86,1,22,0.0044359750517021,40.32208401929731,21.79132746307783,Unintentional
User_60,2025-12-16 22:38:20,0.669,0.7597,Driving,Ligeris,Driving_Under_Influence,2way,5,80,WiFi,-90,83,8,0.048,40.305412519753034,21.80818356282691,Unintentional
User_02,2025-12-17 02:54:55,0.477,0.8964,Running,Ligeris,Reckless_Driving,4way,0,40,4G,-74,30,18,0.0065692551046218,40.30590216522319,21.80588421567518,Unintentional
User_09,2025-12-17 04:05:14,0.444,0.8027,Driving,Ligeris,Driving_Under_Influence,1way,1,20,WiFi,-68,92,21,0.005549860842066,40.305711170515266,21.807994559806076,Unintentional
User_50,2025-12-17 13:29:22,0.395,0.9264,Running,Zep,Driving_Under_Influence,1way,3,60,5G,-71,54,-2,0.026,40.27853749444745,21.754111007450064,Unintentional
User_22,2025-12-17 16:58:08,0.656,0.8026,Driving,Koila,Driving_Under_Influence,1way,2,20,3G,-94,72,15,0.022,40.322397102343906,21.791094993819204,Unintentional
User_58,2025-12-17 18:50:18,0.744,0.8932,Driving,Koila,Speeding,2way,1,30,4G,-92,65,18,0.0042431447272111,40.32157186406942,21.78989654469866,Unintentional
User_67,2025-12-17 21:04:51,0.692,0.9411,Driving,Koila,Driving_Under_Influence,1way,0,40,4G,-95,92,20,0.0020176694965632,40.322457412805754,21.79270072685666,Unintentional
User_100,2025-12-17 22:04:17,0.718,1.0,Running,Zep,Speeding,4way,2,50,5G,-86,32,-19,0.0067857437716083,40.28086354860409,21.754241651769256,Unintentional
User_19,2025-12-17 23:41:12,0.361,1.0,Driving,Koila,Reckless_Driving,1way,0,20,5G,-115,65,7,0.028,40.32221175238214,21.79129847321999,Unintentional
User_37,2025-12-17 23:52:44,0.696,0.7167,Running,Zep,Speeding,2way,0,30,WiFi,-87,46,-19,0.0036130716407844,40.27983027575221,21.752849741958425,Unintentional
User_22,2025-12-18 08:05:17,0.656,0.8046,Driving,Ligeris,Driving_Under_Influence,2way,1,60,5G,-110,89,-23,0.0093177769641699,40.307290965658346,21.80838101271887,Unintentional
User_23,2025-12-18 14:59:20,0.532,0.7727,Running,Zep,Speeding,2way,0,90,3G,-112,55,21,0.001137839109596,40.27874792680538,21.754129524181785,Unintentional
User_59,2025-12-18 15:23:32,0.521,0.8233,Running,Zep,Reckless_Driving,1way,0,90,5G,-80,93,9,0.027,40.27868596618499,21.75468123852159,Unintentional
User_18,2025-12-18 18:54:27,0.669,0.8614,Running,Koila,Speeding,1way,0,10,3G,-108,44,-25,0.0016705183723573,40.32160954125626,21.791799545332527,Unintentional
User_21,2025-12-18 20:23:14,0.256,0.9156,Driving,Ligeris,Reckless_Driving,1way,1,90,WiFi,-69,5,-22,0.0065825635360951,40.305952512603625,21.80828248512741,Unintentional
User_21,2025-12-19 03:34:50,0.256,0.9166,Driving,Ligeris,Speeding,2way,0,60,3G,-107,11,20,0.0044034210035408,40.30490121568593,21.808312469805248,Unintentional
User_78,2025-12-19 05:55:50,0.615,0.913,Running,Koila,Reckless_Driving,2way,0,40,5G,-79,48,19,0.0083459572632073,40.322058238243535,21.792449440887495,Unintentional
User_96,2025-12-19 06:21:59,0.308,0.8658,Running,Koila,Speeding,1way,1,30,4G,-89,50,-22,0.0012916692989365,40.32159590703468,21.790317832730363,Unintentional
User_10,2025-12-19 15:02:15,0.35,0.9965,Walking,Koila,Speeding,1way,0,60,WiFi,-52,51,9,0.027,40.32233191179259,21.79086298089698,Unintentional
User_46,2025-12-19 17:00:42,0.537,0.9349,Walking,Koila,Speeding,2way,0,40,5G,-95,39,21,0.0082331339207534,40.32260506329208,21.79085560696303,Unintentional
User_77,2025-12-20 02:34:02,0.369,0.7923,Driving,Zep,Driving_Under_Influence,2way,1,80,5G,-112,59,-14,0.024,40.279543675793875,21.75386471039323,Unintentional
User_60,2025-12-20 06:15:16,0.669,0.7667,Walking,Koila,Reckless_Driving,2way,1,60,3G,-102,69,25,0.0092989256402959,40.32199537848784,21.791108822808894,Unintentional
User_08,2025-12-20 13:27:51,0.33,1.0,Walking,Koila,Speeding,2way,0,70,WiFi,-90,58,-5,0.038,40.32269239643368,21.792437843396193,Unintentional
User_19,2025-12-20 17:30:24,0.361,1.0,Running,Zep,Reckless_Driving,1way,1,30,5G,-111,24,-3,0.05,40.280311199891706,21.75161279565979,Unintentional
User_61,2025-12-20 18:01:41,0.304,0.8536,Running,Zep,Speeding,2way,0,120,4G,-119,26,17,0.0022207556743778,40.278121642041015,21.753070391006823,Unintentional
User_36,2025-12-20 19:15:47,0.58,0.968,Walking,Koila,Speeding,2way,3,60,4G,-93,87,19,0.0057294600429392,40.321476480701,21.79182540672912,Unintentional
User_14,2025-12-21 01:03:16,0.533,0.7896,Driving,Koila,Driving_Under_Influence,2way,1,20,5G,-75,42,-17,0.0048106810313911,40.322350979414445,21.791517630369537,Unintentional
User_12,2025-12-21 02:19:08,0.74,0.9911,Walking,Ligeris,Reckless_Driving,2way,0,30,5G,-73,28,21,0.0091693163539817,40.306548252490856,21.807969582065994,Unintentional
User_54,2025-12-21 06:37:01,0.482,1.0,Running,Koila,Speeding,1way,1,50,3G,-111,36,1,0.022,40.32174816720272,21.790744191635447,Unintentional
User_33,2025-12-21 08:08:43,0.554,0.9133,Running,Koila,Speeding,1way,0,30,5G,-71,48,-24,0.0042568761633459,40.32281716177207,21.791545908388716,Unintentional
User_28,2025-12-21 08:20:08,0.311,0.7278,Running,Zep,Speeding,2way,4,60,4G,-70,95,-9,0.042,40.280165509907455,21.753069167182247,Unintentional
User_88,2025-12-21 10:04:19,0.421,1.0,Running,Ligeris,Driving_Under_Influence,2way,5,40,5G,-113,30,25,0.0084583977498752,40.305472558160275,21.80760122271189,Unintentional
User_49,2025-12-21 18:55:00,0.462,0.8797,Driving,Koila,Speeding,2way,0,60,5G,-87,5,4,0.043,40.32141157257862,21.790601614713523,Unintentional
User_41,2025-12-21 21:10:59,0.642,1.0,Driving,Ligeris,Driving_Under_Influence,4way,0,40,5G,-83,43,-12,0.033,40.30520101280525,21.809164397137184,Unintentional
User_97,2025-12-21 22:11:47,0.737,0.9226,Running,Koila,Reckless_Driving,2way,1,70,5G,-112,22,-20,0.0063762275869542,40.32203032354402,21.79147238456613,Unintentional
User_05,2025-12-22 03:34:43,0.307,0.8507,Walking,Zep,Driving_Under_Influence,1way,0,40,5G,-102,91,-22,0.0046797133921542,40.27965937374723,21.753527300004787,Unintentional
User_69,2025-12-22 07:08:02,0.667,0.8171,Running,Ligeris,Reckless_Driving,4way,1,10,5G,-99,96,23,0.0058778464272457,40.30624216947879,21.807240578536597,Unintentional
User_70,2025-12-22 09:41:41,0.314,0.8811,Running,Ligeris,Speeding,1way,1,50,4G,-105,49,-14,0.029,40.305692048225254,21.80738549907283,Unintentional
User_97,2025-12-22 11:54:40,0.737,0.9236,Running,Koila,Driving_Under_Influence,2way,1,30,3G,-118,86,18,0.0032455996603743,40.32160599741174,21.791288660396084,Unintentional
User_100,2025-12-22 13:22:03,0.718,1.0,Walking,Ligeris,Driving_Under_Influence,1way,1,90,3G,-70,96,-22,0.0076858392980448,40.30582200519414,21.80602466298008,Unintentional
User_98,2025-12-22 15:08:21,0.734,0.858,Driving,Ligeris,Driving_Under_Influence,2way,1,20,WiFi,-87,42,9,0.033,40.30522391441757,21.806669138684548,Unintentional
User_48,2025-12-22 20:21:04,0.636,0.9049,Running,Ligeris,Speeding,4way,2,40,3G,-99,75,-6,0.033,40.307754524624265,21.808203582332627,Unintentional
User_22,2025-12-23 00:10:57,0.656,0.8136,Driving,Zep,Speeding,2way,0,30,WiFi,-65,83,17,0.008308667365119,40.279422457775645,21.75366391306913,Unintentional
User_16,2025-12-23 12:38:57,0.455,0.9828,Driving,Zep,Reckless_Driving,2way,1,60,4G,-81,72,22,0.006346268983613,40.2795870044706,21.753293208298174,Unintentional
User_80,2025-12-23 13:32:58,0.447,1.0,Driving,Ligeris,Reckless_Driving,2way,1,80,4G,-95,23,-24,0.0074432731996883,40.30638082390858,21.807370944805207,Unintentional
User_46,2025-12-23 18:02:55,0.537,0.9439,Running,Koila,Reckless_Driving,2way,0,20,4G,-92,80,-11,0.045,40.32137137714617,21.792711906922204,Unintentional
User_05,2025-12-24 14:41:24,0.307,0.8547,Driving,Zep,Speeding,2way,0,40,5G,-112,0,20,0.0017717203867186,40.27982654306381,21.752973970852864,Unintentional
User_43,2025-12-24 16:48:38,0.407,0.9934,Walking,Koila,Speeding,2way,0,60,5G,-113,43,0,0.043,40.32183990815524,21.78983153185325,Unintentional
User_47,2025-12-24 17:46:25,0.345,0.84,Walking,Zep,Reckless_Driving,2way,0,50,5G,-103,74,19,0.0097739796398075,40.28013531066651,21.752628601235468,Unintentional
User_09,2025-12-24 18:06:05,0.444,0.8177,Running,Koila,Reckless_Driving,2way,1,130,5G,-79,44,2,0.043,40.32171860258153,21.789616897543937,Unintentional
User_48,2025-12-24 19:39:57,0.636,0.9089,Running,Koila,Speeding,2way,0,60,3G,-73,78,23,0.0010846782805114,40.321728416165435,21.791912588936047,Unintentional
User_33,2025-12-24 20:11:17,0.554,0.9193,Walking,Koila,Speeding,1way,0,60,4G,-91,90,-24,0.0087524552765301,40.32180247705403,21.79166155612526,Unintentional
User_51,2025-12-24 20:32:11,0.574,0.8503,Driving,Koila,Reckless_Driving,4way,0,80,WiFi,-72,55,-9,0.044,40.3237253811338,21.791526926388705,Unintentional
User_82,2025-12-25 01:37:54,0.291,0.751,Running,Zep,Reckless_Driving,4way,1,60,WiFi,-56,37,18,0.0041619707971404,40.279568018645726,21.75380746821879,Unintentional
User_97,2025-12-25 06:21:54,0.737,0.9296,Driving,Zep,Speeding,2way,0,20,5G,-80,6,19,0.00968627749831,40.27967449344515,21.752509780536126,Unintentional
User_94,2025-12-25 09:33:44,0.459,0.722,Walking,Zep,Reckless_Driving,2way,2,20,5G,-72,95,2,0.025,40.28118044142848,21.753191334382784,Unintentional
User_49,2025-12-25 09:37:54,0.462,0.8877,Driving,Zep,Speeding,1way,1,10,5G,-77,54,-18,0.009687075772288,40.279399798668365,21.75299458362152,Unintentional
User_25,2025-12-25 20:17:23,0.352,0.7823,Walking,Zep,Reckless_Driving,1way,2,60,WiFi,-80,20,-18,0.0082802380436648,40.27839803061174,21.752899912621587,Unintentional
User_86,2025-12-26 09:11:38,0.343,0.9328,Driving,Koila,Speeding,4way,0,80,4G,-88,46,-21,0.0069484920704829,40.32267343802535,21.791977676645963,Unintentional
User_55,2025-12-26 09:53:11,0.3,1.0,Walking,Zep,Speeding,2way,0,60,3G,-94,42,-9,0.048,40.279473535164094,21.753204519622525,Unintentional
User_70,2025-12-26 15:49:11,0.314,0.8891,Running,Koila,Driving_Under_Influence,2way,1,60,3G,-119,27,22,0.0023758177974837,40.321510739584625,21.79032819645214,Unintentional
User_82,2025-12-27 01:52:43,0.291,0.755,Walking,Ligeris,Speeding,2way,1,60,5G,-101,64,-17,0.0040178392507902,40.306170054113466,21.807507911613698,Unintentional
User_87,2025-12-27 05:26:03,0.64,1.0,Driving,Ligeris,Speeding,2way,2,30,5G,-90,81,10,0.044,40.30618868505019,21.805358358676756,Unintentional
User_84,2025-12-27 06:37:13,0.488,0.9124,Walking,Ligeris,Reckless_Driving,1way,0,70,4G,-104,70,13,0.023,40.30587684503229,21.80604942762852,Unintentional
User_72,2025-12-27 08:03:08,0.359,1.0,Walking,Ligeris,Reckless_Driving,2way,0,50,3G,-105,45,21,0.0064662196037966,40.304964597385435,21.808004457952073,Unintentional
User_34,2025-12-27 09:42:09,0.466,0.8402,Running,Koila,Driving_Under_Influence,1way,0,30,4G,-77,96,-19,0.0019043977970099,40.3220785449862,21.79184752572201,Unintentional
User_27,2025-12-27 11:16:16,0.33,0.925,Walking,Zep,Speeding,2way,0,20,3G,-72,100,-20,0.0078958943964665,40.27966049835198,21.75300168866936,Unintentional
User_64,2025-12-27 16:51:27,0.287,0.7307,Walking,Koila,Driving_Under_Influence,1way,2,10,5G,-97,28,14,0.033,40.32241686467734,21.789488622358785,Unintentional
User_68,2025-12-27 22:18:54,0.402,0.9517,Driving,Zep,Reckless_Driving,1way,0,70,4G,-101,73,-19,0.0040136601883246,40.28016298176142,21.753564005818284,Unintentional
User_82,2025-12-28 15:08:13,0.291,0.757,Running,Koila,Speeding,2way,0,80,3G,-78,63,-14,0.047,40.321013344257864,21.792118221675164,Unintentional
User_44,2025-12-28 20:39:01,0.546,0.9995,Running,Zep,Reckless_Driving,1way,1,70,4G,-91,1,13,0.03,40.27955545569154,21.753228093932172,Unintentional
User_03,2025-12-28 22:55:53,0.47,1.0,Driving,Ligeris,Driving_Under_Influence,1way,1,60,5G,-73,35,-10,0.034,40.30689207801643,21.80909747066723,Unintentional
User_81,2025-12-29 01:19:29,0.307,0.8163,Driving,Ligeris,Speeding,2way,0,80,4G,-86,46,2,0.032,40.30612812112703,21.80775098293281,Unintentional
User_43,2025-12-29 05:00:12,0.407,1.0,Running,Zep,Speeding,1way,2,40,WiFi,-79,93,-23,0.0013244873600297,40.279251207682584,21.753374649227112,Unintentional
User_100,2025-12-29 05:01:00,0.718,1.0,Walking,Zep,Speeding,2way,0,20,4G,-101,73,16,0.025,40.279759858948346,21.753098170475496,Unintentional
User_07,2025-12-29 06:33:03,0.47,0.9554,Walking,Zep,Speeding,2way,1,70,3G,-73,52,-10,0.039,40.28041521449607,21.751996832022954,Unintentional
User_38,2025-12-29 07:46:20,0.497,0.9966,Walking,Ligeris,Driving_Under_Influence,4way,0,80,WiFi,-57,4,21,0.0067558831005409,40.306047059905445,21.805463761211193,Unintentional
User_18,2025-12-29 12:14:05,0.669,0.8834,Running,Zep,Driving_Under_Influence,2way,0,60,3G,-71,51,6,0.031,40.27997598753737,21.753892095171754,Unintentional
User_52,2025-12-29 19:04:56,0.706,1.0,Driving,Zep,Driving_Under_Influence,4way,0,20,WiFi,-80,61,15,0.047,40.28032882942403,21.753051972797813,Unintentional
User_87,2025-12-29 20:41:32,0.64,1.0,Driving,Zep,Driving_Under_Influence,2way,1,30,3G,-72,74,-19,0.0025033786731828,40.27919522035927,21.754754108020236,Unintentional
User_75,2025-12-30 03:51:16,0.65,1.0,Running,Ligeris,Reckless_Driving,4way,0,70,3G,-101,96,-14,0.021,40.30583114104043,21.80728106242343,Unintentional
User_15,2025-12-30 08:53:27,0.369,0.7678,Running,Ligeris,Reckless_Driving,2way,0,30,4G,-110,56,-1,0.045,40.30722202325399,21.80598365394486,Unintentional
User_69,2025-12-30 16:40:35,0.667,0.8331,Running,Zep,Reckless_Driving,4way,2,20,4G,-91,67,-23,0.0058690123740389,40.279563268705424,21.75339567086995,Unintentional
User_49,2025-12-30 18:26:28,0.462,0.8977,Running,Ligeris,Reckless_Driving,2way,2,20,4G,-103,71,-1,0.046,40.30665314007945,21.808020222398607,Unintentional
User_09,2025-12-30 20:11:32,0.444,0.8297,Running,Koila,Speeding,4way,1,10,5G,-107,81,-22,0.0026100439494574,40.32236563019125,21.791862424496312,Unintentional
User_21,2025-12-30 22:01:50,0.256,0.9396,Driving,Koila,Driving_Under_Influence,2way,1,60,WiFi,-52,34,-22,0.0093034176541505,40.32286565725961,21.79064473589152,Unintentional
User_92,2025-12-31 07:17:41,0.622,0.7384,Driving,Ligeris,Driving_Under_Influence,2way,0,70,4G,-72,2,-10,0.026,40.30651325639228,21.807225451548,Unintentional
User_42,2025-12-31 12:19:01,0.544,1.0,Running,Ligeris,Speeding,1way,1,10,4G,-94,10,19,0.0075203094572693,40.30657319692907,21.808085388907543,Unintentional
User_100,2025-12-31 14:22:08,0.718,1.0,Running,Zep,Driving_Under_Influence,2way,0,40,5G,-119,91,25,0.0078975804570638,40.28078271032049,21.753397933954737,Unintentional
User_08,2025-12-31 15:39:00,0.33,1.0,Walking,Koila,Driving_Under_Influence,4way,1,40,WiFi,-84,38,3,0.025,40.32083782032921,21.792940970327265,Unintentional
User_06,2025-12-31 16:39:35,0.573,0.9577,Driving,Koila,Driving_Under_Influence,2way,2,40,3G,-77,71,11,0.028,40.32184382521653,21.79108375007522,Unintentional
User_13,2025-12-31 17:51:18,0.738,1.0,Running,Zep,Speeding,4way,4,30,WiFi,-72,58,6,0.035,40.278966785439685,21.75391479100276,Unintentional
