User_Id,Timestamp,User_Reputation,User_Experience,User_Activity,University_Area,Violation_Type,Road_Type,Road_Accident,Speed_Limit,Internet_Connection,Internet_Signal_Strength,Battery_Percentage,Accelerometer_Range,Accelerometer_Resolution,Latitude,Longitude,True_Class
User_53,2025-01-01 00:10:23,0.313,0.0996,Driving,Koila,Speeding,6way,1.0,60,WiFi,-57,3.0,-6.0,0.044,40.32274052888873,21.791877904810818,Intentional
User_65,2025-01-01 03:13:53,0.448,0.0761,Driving,Spinari,Reckless_Driving,2way,2.0,80,WiFi,-75,45.0,-14.0,0.0055715476089871,40.280029917117794,21.751558916805752,Intentional
User_100,2025-01-01 06:46:48,0.46,0.254,Swimming,Ligeris,Reckless_Driving,2way,0.0,30,119,-104,69.0,-4.0,0.0059945296513388,40.30599204584828,21.80847920464283,Intentional
User_29,2025-01-01 10:31:34,0.415,0.1654,Flying,Ligeris,Reckless_Driving,2way,1.0,30,5G,-79,68.0,4.0,0.042,40.306230115631266,21.80740948795033,Intentional
User_88,2025-01-01 11:19:39,0.471,0.1267,Swimming,Ligeris,Driving_Under_Influence,1way,0.0,50,WiFi,-59,70.0,5.0,0.005653142335994,40.30594584377501,21.807502499593724,Intentional
User_03,2025-01-01 13:48:29,0.568,0.0304,Running,Spinari,Reckless_Driving,1way,0.0,20,WiFi,-79,94.0,6.0,0.0014375589913863,40.30528681516377,21.791256784153244,Intentional
User_70,2025-01-01 15:14:03,0.601,0.0949,Walking,Spinari,Reckless_Driving,2way,3.0,30,3G,-110,95.0,-19.0,0.0024152943000427,40.279282697965634,21.75510849569114,Intentional
User_69,2025-01-01 16:24:01,0.34,0.3601,Walking,Spinari,Reckless_Driving,4way,1.0,60,5G,-103,62.0,4.0,0.009683691528496,40.32184888762569,21.791272471896303,Intentional
User_50,2025-01-01 18:57:53,0.398,0.2336,Swimming,Ligeris,Driving_Under_Influence,1way,0.0,20,5G,-84,72.0,10.0,0.0022198435113365,40.3063987302838,21.807776321569847,Intentional
User_84,2025-01-01 23:53:14,0.527,0.0747,Flying,Zep,Driving_Under_Influence,4way,1.0,80,4G,-80,27.0,0.0,0.0047837134510808,40.27913764765052,21.754931361394178,Intentional
User_27,2025-01-02 01:29:32,0.535,0.2541,Driving,Zep,Speeding,5way,1.0,130,3G,-84,51.0,11.0,0.0011973166325485,40.27862048258845,21.753679569132057,Intentional
User_20,2025-01-02 08:38:01,0.334,0.3241,Swimming,Ligeris,Reckless_Driving,2way,0.0,30,WiFi,-86,88.0,-2.0,0.0051254344012638,40.30629723322413,21.807146346603385,Intentional
User_84,2025-01-02 09:36:53,0.527,0.0767,Running,Center,Reckless_Driving,2way,1.0,10,4G,-120,2.0,12.0,0.0073574436429819,42.616341,21.751447718146423,Intentional
User_06,2025-01-02 10:15:31,0.584,0.3715,Walking,Koila,Speeding,5way,0.0,40,3G,-76,19.0,-10.0,0.0066322710220538,40.306230115631266,23.05138,Intentional
User_25,2025-01-02 10:57:19,0.408,0.1388,Running,Koila,Speeding,5way,1.0,40,4G,-106,80.0,3.0,0.0077053996155979,40.322451188684354,21.78969590671409,Intentional
User_92,2025-01-02 15:28:44,0.694,0.1792,Swimming,Zep,Reckless_Driving,2way,1.0,10,4G,Ethernet,31.0,-10.0,0.0080028670288902,40.27880230748841,21.753104444676584,Intentional
User_58,2025-01-02 21:51:25,0.465,0.037,Running,Spinari,Driving_Under_Influence,2way,0.0,10,WiFi,-82,22.0,13.0,0.0065084293296363,40.30563379571157,21.808300634626352,Intentional
User_81,2025-01-03 07:59:12,0.376,0.2885,Flying,Ligeris,Driving_Under_Influence,2way,0.0,40,3G,-111,-45.0,-2.0,0.005653142335994,40.30660339281691,21.805398501268225,Intentional
User_24,2025-01-03 08:34:46,0.445,0.0866,Walking,Ligeris,Speeding,5way,0.0,10,WiFi,-61,22.0,24.0,0.0089640577942757,40.30667501280308,21.808485156200096,Intentional
User_35,2025-01-03 09:59:41,0.274,0.0842,Swimming,Ligeris,Reckless_Driving,2way,1.0,30,4G,-76,50.0,-5.0,0.0054362041693345,40.306125106765506,21.80696524464278,Intentional
User_11,2025-01-03 10:51:19,0.602,0.321,Walking,Koila,Driving_Under_Influence,5way,0.0,20,4G,-96,6.0,-8.0,0.007679995113805,40.32152265138683,21.791104889655184,Intentional
User_31,2025-01-03 13:43:07,0.56,0.3574,Running,Spinari,Speeding,4way,1.0,20,5G,-78,60.0,8.0,0.0018577150267823,40.30618475258382,21.80792721119126,Intentional
User_49,2025-01-03 16:12:59,0.637,0.3463,Running,Spinari,Driving_Under_Influence,4way,1.0,70,5G,-115,90.0,7.0,0.0083088206653185,40.30693196443984,21.80616847493281,Intentional
User_70,2025-01-03 17:19:22,0.601,0.0999,Running,Center,Reckless_Driving,2way,0.0,20,3G,Ethernet,74.0,-3.0,0.0098213868643596,40.27934401047821,21.752547849693457,Intentional
User_65,2025-01-03 19:43:08,0.448,0.0811,Flying,Koila,Driving_Under_Influence,1way,1.0,30,5G,-82,44.0,0.0,0.0096518496496216,40.32225710664063,21.79277439443292,Intentional
User_60,2025-01-03 21:15:12,0.353,0.3708,Running,Zep,Driving_Under_Influence,6way,0.0,70,3G,-100,8.0,8.0,0.0047466138739646,40.27966651421192,21.755388747827254,Intentional
User_69,2025-01-04 00:19:16,0.34,0.3661,Running,Spinari,Driving_Under_Influence,4way,2.0,60,5G,-98,50.0,-4.0,0.0029531613495407,40.322703506109136,21.79124001075276,Intentional
User_70,2025-01-04 01:04:20,0.601,0.1009,Running,Zep,Reckless_Driving,5way,0.0,20,5G,-113,51.0,-14.0,0.0054036858312931,40.27895110041732,21.75322811985958,Intentional
User_58,2025-01-04 03:52:25,0.465,0.04,Running,Koila,Reckless_Driving,6way,0.0,50,4G,-97,100.0,-6.0,0.029,40.304711274164184,21.807088401301833,Intentional
User_80,2025-01-04 04:16:28,0.704,0.1667,Driving,Center,Driving_Under_Influence,4way,0.0,30,4G,-73,23.0,12.0,0.0051231806792234,40.27907999256521,18.81316,Intentional
User_83,2025-01-04 05:10:32,0.309,0.3655,Flying,Ligeris,Driving_Under_Influence,2way,1.0,30,3G,-111,71.0,-2.0,0.0052442044717022,42.681239,21.80609308355021,Intentional
User_83,2025-01-04 06:30:36,0.309,0.3665,Flying,Ligeris,Reckless_Driving,1way,0.0,30,101,-113,63.0,4.0,0.0049265138169685,40.3062795993217,21.808483438172708,Intentional
User_95,2025-01-04 06:41:23,0.545,0.2809,Running,Koila,Driving_Under_Influence,6way,1.0,30,104,-109,79.0,9.0,0.0061248034246893,40.32363630117735,21.79183183497785,Intentional
User_03,2025-01-04 07:20:36,0.568,0.0354,Walking,Zep,Reckless_Driving,5way,0.0,40,WiFi,-82,19.0,-14.0,0.0012464635607178,40.28047315843462,21.753338020151237,Intentional
User_62,2025-01-04 09:54:39,0.366,0.1152,Running,Spinari,Driving_Under_Influence,2way,2.0,40,4G,-110,32.0,6.0,0.0094348543848719,40.306080578078415,21.807502269157222,Intentional
User_50,2025-01-04 15:55:43,0.398,0.2386,Walking,Spinari,Speeding,1way,3.0,50,WiFi,-65,7.0,-2.0,0.037,40.280100900299914,21.755471353778493,Intentional
User_77,2025-01-04 16:18:30,0.428,0.0245,Swimming,Zep,Reckless_Driving,2way,0.0,80,5G,-89,19.0,14.0,0.0022070267267477,40.279293389934814,21.752920990422787,Intentional
User_17,2025-01-04 16:44:28,0.631,0.1468,Swimming,Ligeris,Driving_Under_Influence,2way,0.0,60,119,-88,19.0,8.0,0.0015414246756518,40.306672672964496,21.80852795010087,Intentional
User_43,2025-01-04 17:11:07,0.416,0.1667,Running,Koila,Reckless_Driving,6way,1.0,50,WiFi,-90,71.0,-8.0,0.0089310657824422,40.32246620339812,17.694779,Intentional
User_47,2025-01-04 17:29:02,0.585,0.1152,Walking,Spinari,Reckless_Driving,2way,1.0,20,5G,-100,87.0,-10.0,0.006898354232815,40.32196354668694,21.790833454949187,Intentional
User_66,2025-01-04 18:27:08,0.28,0.2357,Walking,Spinari,Speeding,4way,1.0,70,WiFi,-90,81.0,5.0,0.007588904783326,40.30614321504717,21.809502070994448,Intentional
User_75,2025-01-04 19:58:47,0.409,0.1801,Swimming,Ligeris,Driving_Under_Influence,2way,0.0,80,4G,Ethernet,22.0,1.0,0.0044475442948761,40.30619381302846,21.8075318541615,Intentional
User_17,2025-01-04 21:16:07,0.631,0.1478,Walking,Spinari,Speeding,2way,0.0,90,WiFi,-65,95.0,23.0,0.0063867838653184,40.30633301697815,21.809312558938423,Intentional
User_72,2025-01-05 05:35:03,0.567,0.0495,Running,Zep,Driving_Under_Influence,5way,1.0,30,WiFi,Ethernet,72.0,10.0,0.0055445521266347,40.27861679180894,21.755110264978526,Intentional
User_08,2025-01-05 05:44:23,0.347,0.3668,Walking,Ligeris,Driving_Under_Influence,5way,1.0,20,WiFi,-81,23.0,-4.0,0.0021871198824003,40.30717307353881,21.808503152587384,Intentional
User_75,2025-01-05 10:12:13,0.409,0.1811,Driving,Ligeris,Driving_Under_Influence,5way,0.0,80,4G,-88,10.0,0.0,0.0039685168154694,40.30581837160928,21.80795662064329,Intentional
User_45,2025-01-05 11:39:45,0.285,0.2813,Walking,Koila,Driving_Under_Influence,5way,4.0,80,WiFi,-65,43.0,23.0,0.0059307274747521,40.32152601070773,21.79274746427505,Intentional
User_78,2025-01-05 18:13:05,0.347,0.2486,Running,Spinari,Reckless_Driving,1way,0.0,20,4G,-89,97.0,-4.0,0.033,40.27880827139348,21.75289559894575,Intentional
User_89,2025-01-05 19:41:16,0.336,0.0221,Flying,Koila,Driving_Under_Influence,4way,1.0,60,5G,-77,80.0,0.0,0.0089424174144961,40.32212774648132,21.7912076845725,Intentional
User_73,2025-01-05 21:51:42,0.325,0.1997,Flying,Zep,Speeding,2way,0.0,40,5G,-105,19.0,6.0,0.0013548315674161,40.27812082137876,21.753062228537665,Intentional
User_60,2025-01-06 00:49:59,0.353,0.3758,Running,Koila,Speeding,5way,0.0,20,5G,-106,42.0,18.0,0.0045415540562229,40.32289029048077,21.789893359326115,Intentional
User_95,2025-01-06 01:00:34,0.545,0.2839,Walking,Zep,Speeding,5way,1.0,80,3G,-94,84.0,10.0,0.0030098416124599,42.352079,21.75447808648065,Intentional
User_40,2025-01-06 04:24:20,0.482,0.3777,Walking,Koila,Driving_Under_Influence,6way,1.0,70,WiFi,-64,53.0,-12.0,0.032,40.32272508850696,21.790653704184106,Intentional
User_16,2025-01-06 05:22:31,0.513,0.2167,Driving,Center,Reckless_Driving,4way,0.0,20,5G,-96,73.0,-13.0,0.0040252426769183,40.306780858594585,17.148763,Intentional
User_53,2025-01-06 05:59:06,0.313,0.1096,Swimming,Ligeris,Driving_Under_Influence,4way,1.0,50,5G,-113,61.0,-16.0,0.0082500217227044,40.306945826778325,21.807408140536268,Intentional
User_01,2025-01-06 08:31:18,0.619,0.2828,Swimming,Ligeris,Driving_Under_Influence,2way,0.0,10,3G,-84,59.0,9.0,0.0015710646509235,40.305113793939555,21.807777371263068,Intentional
User_04,2025-01-06 11:24:34,0.662,0.0627,Flying,Koila,Driving_Under_Influence,4way,0.0,80,WiFi,-84,48.0,0.0,0.0069160514057764,40.32078846164936,21.791401357882805,Intentional
User_43,2025-01-06 12:34:53,0.416,0.1707,Flying,Zep,Speeding,2way,4.0,20,WiFi,-88,-130.0,13.0,0.0095595450332653,40.27926742562951,21.753745964808953,Intentional
User_86,2025-01-06 14:27:29,0.469,0.0131,Running,Center,Driving_Under_Influence,4way,4.0,10,5G,-88,83.0,3.0,0.0015956663702063,40.278734224197336,18.320278,Intentional
User_48,2025-01-06 15:40:45,0.599,0.2794,Flying,Ligeris,Driving_Under_Influence,4way,0.0,60,WiFi,-85,58.0,-16.0,0.0050466934791017,40.30674641358071,21.808489436987383,Intentional
User_08,2025-01-06 17:00:31,0.347,0.3698,Flying,Koila,Reckless_Driving,2way,1.0,70,5G,-103,40.0,-15.0,0.0040207752369959,40.32204580345125,21.791015982936955,Intentional
User_19,2025-01-06 19:59:30,0.745,0.3915,Driving,Zep,Reckless_Driving,5way,1.0,70,5G,-74,71.0,9.0,0.0055939593955797,40.27995669191425,21.755083532554128,Intentional
User_42,2025-01-06 23:31:41,0.738,0.1246,Walking,Spinari,Speeding,1way,1.0,80,WiFi,-64,89.0,11.0,0.0083369785816583,40.28012712476957,21.753230104977774,Intentional
User_15,2025-01-07 00:00:27,0.627,0.3191,Driving,Koila,Driving_Under_Influence,6way,0.0,70,WiFi,-85,88.0,8.0,0.0052349767688606,40.32125950269585,17.118785,Intentional
User_92,2025-01-07 01:39:45,0.694,0.1882,Flying,Zep,Driving_Under_Influence,2way,0.0,30,4G,-97,92.0,15.0,0.003021265441834,41.556336,21.751871536998664,Intentional
User_27,2025-01-07 04:18:43,0.535,0.2651,Driving,Spinari,Driving_Under_Influence,2way,1.0,80,4G,-74,29.0,-10.0,0.0045855906123276,40.279637120330385,22.336486,Intentional
User_09,2025-01-07 08:51:13,0.307,0.3988,Walking,Spinari,Reckless_Driving,4way,1.0,30,3G,-80,-156.0,6.0,0.0033832373195264,40.306203584789685,21.807492874134887,Intentional
User_11,2025-01-07 15:56:59,0.602,0.33,Walking,Ligeris,Reckless_Driving,5way,0.0,50,4G,-101,8.0,10.0,0.0063025463598351,40.30680205483601,21.806847424241177,Intentional
User_25,2025-01-07 21:33:08,0.408,0.1498,Driving,Spinari,Driving_Under_Influence,2way,0.0,30,103,-85,20.0,0.0,0.0079527824562187,40.27851981263419,21.754085513424805,Intentional
User_07,2025-01-07 22:52:11,0.625,0.0944,Driving,Center,Reckless_Driving,4way,2.0,40,4G,-75,-21.0,-14.0,0.0064489758851064,40.305098358208355,21.806750650844737,Intentional
User_49,2025-01-08 05:36:25,0.637,0.3553,Swimming,Koila,Reckless_Driving,4way,0.0,50,WiFi,-70,61.0,15.0,0.0064926785220117,40.32154550200627,21.792298807360613,Intentional
User_95,2025-01-08 06:51:06,0.545,0.2889,Driving,Koila,Reckless_Driving,5way,0.0,40,5G,-106,35.0,-3.0,0.03,40.320874833550526,21.79248100375756,Intentional
User_71,2025-01-08 08:08:59,0.256,0.0173,Flying,Koila,Reckless_Driving,4way,1.0,80,WiFi,-63,-18.0,0.0,0.008844967276887,40.32204587217991,21.791294406794492,Intentional
User_23,2025-01-08 16:29:25,0.458,0.164,Running,Spinari,Speeding,4way,1.0,20,WiFi,-69,83.0,-1.0,0.0030186039145419,40.322062866499586,21.791452718713813,Intentional
User_11,2025-01-09 00:56:54,0.602,0.333,Flying,Koila,Driving_Under_Influence,4way,1.0,90,4G,-87,61.0,14.0,0.0034442254097336,40.27964287161649,21.75305141831335,Intentional
User_47,2025-01-09 04:06:07,0.585,0.1242,Flying,Ligeris,Reckless_Driving,4way,0.0,40,4G,-84,18.0,12.0,0.0015307460960449,40.30508455019156,21.806427270981647,Intentional
User_11,2025-01-09 06:01:19,0.602,0.334,Driving,Ligeris,Driving_Under_Influence,5way,1.0,50,5G,-115,44.0,19.0,0.0076698559831099,40.30571963779047,21.806176284306577,Intentional
User_77,2025-01-09 07:48:51,0.428,0.0335,Flying,Ligeris,Speeding,2way,0.0,60,4G,-73,34.0,10.0,0.004668016345346,40.3062865635884,21.807494585547477,Intentional
User_53,2025-01-09 09:38:06,0.313,0.1156,Flying,Koila,Driving_Under_Influence,4way,1.0,20,5G,Satellite,10.0,2.0,0.0010985741227621,40.32267820020434,21.792584107106215,Intentional
User_27,2025-01-09 12:58:25,0.535,0.2681,Walking,Koila,Driving_Under_Influence,6way,0.0,10,3G,-92,30.0,-2.0,0.046,40.32281616972104,21.79328273064386,Intentional
User_01,2025-01-09 13:35:15,0.619,0.2898,Swimming,Koila,Reckless_Driving,4way,0.0,40,WiFi,-70,70.0,-14.0,0.0090788399836031,40.32241705478284,21.79160040358557,Intentional
User_72,2025-01-09 17:45:21,0.567,0.0585,Walking,Spinari,Driving_Under_Influence,1way,1.0,90,3G,-100,5.0,14.0,0.0099972807798726,40.32188799913314,21.79057425256696,Intentional
User_83,2025-01-09 18:07:09,0.309,0.3765,Running,Spinari,Driving_Under_Influence,1way,1.0,40,WiFi,Satellite,80.0,-15.0,0.0075331102975763,40.27778227790047,21.7535991629905,Intentional
User_74,2025-01-09 19:31:20,0.497,0.3734,Swimming,Koila,Reckless_Driving,1way,0.0,40,5G,-74,24.0,15.0,0.0029172858163519,40.32219780444106,21.791199135080525,Intentional
User_99,2025-01-09 20:02:13,0.465,0.2274,Driving,Spinari,Speeding,1way,0.0,70,WiFi,-78,75.0,-16.0,0.0039763824952133,40.306230115631266,21.753203622088822,Intentional
User_51,2025-01-09 21:43:26,0.613,0.397,Running,Zep,Speeding,5way,0.0,20,WiFi,-82,91.0,-3.0,0.0013110269271801,40.27926829218935,17.177952,Intentional
User_17,2025-01-09 22:40:27,0.631,0.1578,Running,Spinari,Driving_Under_Influence,4way,0.0,120,WiFi,-75,92.0,-15.0,0.0011382948913877,40.32148784224742,21.79224668483988,Intentional
User_43,2025-01-10 00:34:33,0.416,0.1777,Walking,Zep,Reckless_Driving,5way,1.0,30,3G,-77,16.0,-1.0,0.0080566239595363,40.27918159963448,21.75258045835832,Intentional
User_67,2025-01-10 00:50:17,0.529,0.2296,Swimming,Zep,Driving_Under_Influence,4way,1.0,60,4G,-73,77.0,2.0,0.0035258626546835,40.27896713638839,21.75448141235034,Intentional
User_57,2025-01-10 02:37:54,0.372,0.1302,Swimming,Ligeris,Speeding,2way,0.0,40,5G,-74,64.0,20.0,0.0080977803975137,40.30764707477062,21.806447306423426,Intentional
User_79,2025-01-10 09:29:30,0.389,0.5641,Driving,Koila,Speeding,5way,0.0,90,WiFi,-79,25.0,0.0,0.0089704599257899,41.275971,21.792558498799387,Intentional
User_76,2025-01-10 09:38:41,0.355,0.2181,Flying,Ligeris,Reckless_Driving,2way,1.0,50,4G,-100,80.0,5.0,0.0021276560097036,40.306498003235845,22.332304,Intentional
User_41,2025-01-10 12:42:25,0.628,0.1801,Running,Ligeris,Reckless_Driving,6way,4.0,10,5G,-92,26.0,0.0,0.0083964245117295,40.30540605776875,21.80927673279243,Intentional
User_92,2025-01-10 15:07:12,0.694,0.1952,Running,Spinari,Reckless_Driving,4way,1.0,50,5G,-117,14.0,-16.0,0.0063077116443923,42.879945,21.751945893472776,Intentional
User_07,2025-01-10 15:11:30,0.625,0.1004,Walking,Center,Driving_Under_Influence,2way,0.0,20,WiFi,-62,94.0,4.0,0.0073994110146193,40.305260177807206,21.806909883383575,Intentional
User_59,2025-01-10 21:20:55,0.265,0.1972,Walking,Zep,Reckless_Driving,6way,0.0,20,4G,-103,62.0,7.0,0.028,40.280086446276,21.75491479933016,Intentional
User_87,2025-01-10 23:00:46,0.709,0.4002,Walking,Spinari,Reckless_Driving,4way,0.0,20,5G,-111,-134.0,-3.0,0.0040698330469628,40.3064323666844,21.809701306398367,Intentional
User_51,2025-01-10 23:51:23,0.613,0.4,Running,Center,Driving_Under_Influence,2way,1.0,70,5G,-88,19.0,12.0,0.0044255745538928,40.32221381893946,21.79011057851173,Intentional
User_69,2025-01-11 01:35:58,0.34,0.3801,Walking,Spinari,Driving_Under_Influence,2way,2.0,60,5G,Satellite,90.0,15.0,0.0091282975915242,40.305204142131,21.808209684626917,Intentional
User_28,2025-01-11 08:29:08,0.348,0.3303,Flying,Koila,Reckless_Driving,2way,0.0,20,110,-85,84.0,2.0,0.0017084919617703,40.322088154399005,21.79126648862365,Intentional
User_61,2025-01-11 09:30:36,0.546,0.1007,Running,Zep,Reckless_Driving,5way,1.0,50,4G,-73,59.0,-11.0,0.0038126868885015,42.912772,21.75251743067591,Intentional
User_90,2025-01-11 10:33:41,0.525,0.0808,Walking,Center,Speeding,4way,1.0,40,4G,-91,83.0,24.0,0.0033157096950795,40.30614249698397,21.809775850405913,Intentional
User_66,2025-01-11 11:15:02,0.28,0.2507,Swimming,Zep,Reckless_Driving,1way,0.0,30,104,-120,76.0,-14.0,0.0067266185826384,40.27937629962624,21.753532946857444,Intentional
User_24,2025-01-11 11:52:48,0.445,0.1036,Running,Spinari,Driving_Under_Influence,2way,1.0,90,3G,-75,9.0,-14.0,0.0026981242770723,37.525451,21.808016837011653,Intentional
User_05,2025-01-11 12:46:58,0.743,0.3177,Walking,Koila,Driving_Under_Influence,5way,1.0,80,5G,-117,-19.0,-8.0,0.007155141443471,40.321414858814826,21.790696504081165,Intentional
User_19,2025-01-11 13:19:35,0.745,0.4015,Flying,Koila,Reckless_Driving,2way,0.0,50,WiFi,-58,-150.0,8.0,0.0077752531731643,40.32183214574878,21.791575176593906,Intentional
User_04,2025-01-11 13:40:33,0.662,0.0727,Driving,Koila,Speeding,6way,0.0,30,WiFi,-67,66.0,6.0,0.0032162462299595,37.777641,21.793321021090108,Intentional
User_32,2025-01-11 17:43:45,0.464,0.041,Driving,Zep,Driving_Under_Influence,6way,1.0,20,5G,-97,67.0,-9.0,0.0057412026362814,40.280922790151465,21.752554479322207,Intentional
User_45,2025-01-11 22:10:41,0.285,0.2943,Flying,Koila,Driving_Under_Influence,2way,0.0,20,WiFi,-54,96.0,1.0,0.008004509409559,40.27973481892752,21.75310369678825,Intentional
User_95,2025-01-11 22:11:05,0.545,0.2949,Running,Koila,Driving_Under_Influence,5way,0.0,70,WiFi,-57,98.0,-12.0,0.0060480751848344,40.32096419591453,21.79252228495605,Intentional
User_96,2025-01-11 22:18:19,0.261,0.2791,Swimming,Koila,Driving_Under_Influence,2way,0.0,20,4G,-111,86.0,-18.0,0.0062887497177033,40.32270150883205,21.789430929859012,Intentional
User_40,2025-01-12 04:44:36,0.482,0.3897,Driving,Koila,Speeding,5way,0.0,20,3G,-116,38.0,1.0,0.0087027617656981,40.32305559691057,21.790274251492935,Intentional
User_17,2025-01-12 09:09:17,0.631,0.1628,Flying,Ligeris,Speeding,2way,1.0,30,3G,-97,98.0,-8.0,0.0047899948194643,38.129077,21.80751698901869,Intentional
User_87,2025-01-12 13:34:31,0.709,0.4042,Running,Spinari,Reckless_Driving,2way,1.0,30,4G,-99,87.0,-2.0,0.0075216339586903,41.81088,21.75494942987715,Intentional
User_46,2025-01-12 15:59:25,0.519,0.3646,Running,Center,Driving_Under_Influence,4way,0.0,80,4G,-76,24.0,-4.0,0.023,40.27927881983551,21.75329084728365,Intentional
User_10,2025-01-12 18:47:59,0.315,0.3738,Walking,Ligeris,Reckless_Driving,6way,0.0,10,4G,-109,19.0,11.0,0.0061226257997647,40.306551063837816,21.807575956489433,Intentional
User_07,2025-01-12 19:20:14,0.625,0.1034,Swimming,Koila,Driving_Under_Influence,2way,0.0,80,WiFi,-62,81.0,4.0,0.0088759136947068,40.32202111767189,18.799398,Intentional
User_72,2025-01-12 19:45:23,0.567,0.0645,Walking,Koila,Reckless_Driving,6way,0.0,20,4G,-88,24.0,13.0,0.0069256095712111,40.322229582008745,21.79099345675687,Intentional
User_58,2025-01-12 20:38:48,0.465,0.057,Driving,Koila,Speeding,6way,0.0,40,WiFi,-87,59.0,-7.0,0.0021177595484549,40.32340962060359,21.79064934586087,Intentional
User_97,2025-01-12 20:47:02,0.337,0.3033,Flying,Ligeris,Speeding,4way,0.0,90,WiFi,-69,-40.0,15.0,0.0055672970038194,40.306995677086114,21.809164139310376,Intentional
User_42,2025-01-12 22:17:48,0.738,0.1366,Running,Koila,Speeding,6way,1.0,10,WiFi,-64,56.0,14.0,0.023,40.32207522125423,21.791263389370545,Intentional
User_81,2025-01-12 23:28:34,0.376,0.3065,Flying,Koila,Reckless_Driving,2way,0.0,50,3G,-104,15.0,5.0,0.0018751979097291,40.32236164026945,21.793136281984143,Intentional
User_43,2025-01-13 05:54:51,0.416,0.1837,Flying,Ligeris,Driving_Under_Influence,4way,4.0,20,5G,-75,-146.0,-4.0,0.0061209294604143,40.30569362606679,21.80613717523029,Intentional
User_66,2025-01-13 08:10:07,0.28,0.2537,Walking,Ligeris,Speeding,6way,0.0,10,4G,-92,32.0,1.0,0.0047228369882075,40.3052131633542,21.808711283252332,Intentional
User_96,2025-01-13 14:04:46,0.261,0.2821,Driving,Zep,Speeding,6way,1.0,50,WiFi,-71,7.0,12.0,0.0043434616363773,42.985364,21.75341816597184,Intentional
User_93,2025-01-13 15:34:33,0.588,0.0462,Running,Spinari,Speeding,2way,1.0,50,5G,-79,83.0,8.0,0.007974832743469,40.27974570095628,21.752795218513988,Intentional
User_96,2025-01-13 18:50:04,0.261,0.2831,Driving,Center,Reckless_Driving,2way,0.0,40,WiFi,-57,-142.0,14.0,0.0085212335721558,40.27936517882031,21.75245309773504,Intentional
User_44,2025-01-13 21:42:35,0.332,0.1086,Flying,Zep,Reckless_Driving,2way,2.0,90,5G,-87,20.0,-2.0,0.0080720985068559,40.2804796142122,21.752730447257058,Intentional
User_72,2025-01-13 22:17:00,0.46,0.0665,Swimming,Koila,Reckless_Driving,2way,0.0,30,WiFi,-68,33.0,-14.0,0.0018086834470935,40.321592145425264,17.158637,Intentional
User_21,2025-01-13 22:25:54,0.303,0.0382,Driving,Spinari,Reckless_Driving,1way,0.0,40,3G,-72,20.0,-13.0,0.0038023769238252,40.3047291347033,21.8080904056588,Intentional
User_92,2025-01-14 00:53:18,0.46,0.2022,Swimming,Koila,Reckless_Driving,2way,0.0,10,3G,-88,30.0,14.0,0.0097805972788611,40.32160416790398,21.791595868822252,Intentional
User_47,2025-01-14 00:59:54,0.585,0.1342,Running,Ligeris,Reckless_Driving,5way,1.0,50,105,-101,66.0,9.0,0.0042336780463108,40.30749448600263,21.806194203153535,Intentional
User_86,2025-01-14 06:36:53,0.469,0.0291,Running,Spinari,Speeding,2way,0.0,60,5G,-90,16.0,9.0,0.005653142335994,40.32202065311577,21.790330258344145,Intentional
User_73,2025-01-14 07:06:43,0.325,0.2167,Walking,Spinari,Reckless_Driving,1way,0.0,70,WiFi,-50,71.0,0.0,0.0031703739567827,38.159186,21.75274157191829,Intentional
User_44,2025-01-14 07:19:02,0.332,0.1106,Swimming,Zep,Speeding,2way,0.0,20,5G,-92,39.0,-6.0,0.0046045761260667,40.28035239271125,22.775062,Intentional
User_39,2025-01-14 08:48:38,0.598,0.1747,Flying,Zep,Reckless_Driving,2way,0.0,80,5G,-94,93.0,-19.0,0.0010241559319581,40.27990403943648,21.75375779658777,Intentional
User_76,2025-01-14 09:18:27,0.355,0.2251,Swimming,Ligeris,Speeding,4way,1.0,40,WiFi,Ethernet,76.0,9.0,0.0082415978679121,40.305489994924585,21.807828037010943,Intentional
User_17,2025-01-14 09:47:53,0.631,0.1668,Driving,Ligeris,Reckless_Driving,5way,2.0,10,3G,-102,0.0,-1.0,0.0063955504691769,40.30796736900246,21.80708138831173,Intentional
User_09,2025-01-14 11:20:04,0.307,0.4118,Walking,Spinari,Speeding,4way,0.0,40,4G,-82,33.0,14.0,0.0067205460333424,40.28056057577181,21.75429702381918,Intentional
User_69,2025-01-14 21:04:03,0.34,0.3861,Swimming,Ligeris,Driving_Under_Influence,4way,0.0,10,5G,-105,12.0,16.0,0.005653142335994,41.356183,21.80792977076023,Intentional
User_43,2025-01-14 21:31:09,0.416,0.1867,Swimming,Koila,Driving_Under_Influence,1way,1.0,90,WiFi,-54,37.0,14.0,0.0091343994393168,37.505021,21.79191222646728,Intentional
User_26,2025-01-14 22:35:12,0.408,0.2755,Running,Koila,Reckless_Driving,5way,5.0,60,4G,-97,66.0,9.0,0.0050379940723852,40.321727036154314,21.791660799363317,Intentional
User_51,2025-01-15 04:14:29,0.613,0.5641,Walking,Koila,Reckless_Driving,5way,1.0,40,5G,-77,45.0,-21.0,0.0013781117255248,40.32036939324352,21.79165892388642,Intentional
User_81,2025-01-15 16:52:23,0.376,0.3115,Running,Ligeris,Speeding,5way,0.0,20,4G,-107,98.0,-5.0,0.0045268596690051,40.30647742121954,21.807194106608293,Intentional
User_18,2025-01-15 17:40:07,0.251,0.4195,Running,Center,Reckless_Driving,2way,0.0,40,5G,-92,-150.0,-7.0,0.005653142335994,40.30579796824856,21.808693209065567,Intentional
User_82,2025-01-15 18:59:02,0.324,0.5641,Walking,Ligeris,Speeding,6way,1.0,70,3G,-84,27.0,-15.0,0.0037771276864143,40.30625605925713,21.807706313724537,Intentional
User_56,2025-01-15 19:54:45,0.374,0.0417,Driving,Ligeris,Driving_Under_Influence,5way,3.0,50,WiFi,-72,40.0,-14.0,0.0032158069665354,40.3053439324764,21.808149781249348,Intentional
User_98,2025-01-15 22:05:40,0.46,0.1808,Flying,Koila,Driving_Under_Influence,1way,0.0,40,4G,-77,84.0,9.0,0.009284491136474,40.32125003280208,21.791294120071576,Intentional
User_05,2025-01-16 04:35:36,0.743,0.5641,Swimming,Ligeris,Reckless_Driving,2way,4.0,30,4G,-90,21.0,-12.0,0.0048419219236596,40.306360414613025,21.80709936468547,Intentional
User_23,2025-01-16 05:35:07,0.458,0.179,Driving,Koila,Reckless_Driving,5way,0.0,20,4G,-73,67.0,-14.0,0.045,40.32344096221711,21.792424852650537,Intentional
User_38,2025-01-16 06:45:10,0.306,0.3361,Walking,Spinari,Driving_Under_Influence,2way,4.0,50,5G,-91,-22.0,7.0,0.0074599749366122,40.2796022187501,21.75458832714935,Intentional
User_51,2025-01-16 08:10:18,0.613,0.412,Running,Ligeris,Driving_Under_Influence,5way,0.0,40,WiFi,-74,26.0,1.0,0.0081431501062938,40.30687219936599,21.80686715205796,Intentional
User_33,2025-01-16 08:52:22,0.634,0.2452,Flying,Ligeris,Speeding,2way,0.0,30,4G,-87,68.0,11.0,0.0072259087397138,40.30647803103898,21.80888737942343,Intentional
User_93,2025-01-16 14:48:17,0.588,0.0512,Walking,Koila,Reckless_Driving,6way,3.0,80,3G,-93,54.0,12.0,0.0089702275899382,40.32120744794427,21.793005180595205,Intentional
User_14,2025-01-16 18:13:44,0.393,0.2384,Flying,Zep,Driving_Under_Influence,4way,0.0,30,5G,Satellite,49.0,6.0,0.0098785217412281,40.280167034248095,21.752466844473997,Intentional
User_24,2025-01-17 00:54:42,0.445,0.1146,Swimming,Ligeris,Reckless_Driving,4way,0.0,20,4G,-94,68.0,-4.0,0.0048022051737484,40.30594961147428,22.719926,Intentional
User_40,2025-01-17 01:56:04,0.482,0.3997,Flying,Koila,Speeding,4way,0.0,50,4G,-70,-11.0,-5.0,0.0064006072241389,40.32208167279323,21.791299410664855,Intentional
User_46,2025-01-17 03:35:12,0.519,0.3736,Running,Zep,Speeding,5way,0.0,80,3G,-90,52.0,-6.0,0.0030045480732887,40.27928369975845,17.803179,Intentional
User_40,2025-01-17 04:48:20,0.482,0.4007,Swimming,Koila,Driving_Under_Influence,2way,2.0,90,WiFi,-70,6.0,-1.0,0.005653142335994,40.322121176681904,21.791286844623357,Intentional
User_39,2025-01-17 08:08:46,0.46,0.1807,Walking,Ligeris,Speeding,5way,0.0,50,3G,-107,62.0,8.0,0.007999417717862,40.30549466547573,21.806385072201873,Intentional
User_74,2025-01-17 08:34:01,0.497,0.3894,Flying,Koila,Driving_Under_Influence,2way,0.0,30,5G,-115,34.0,-2.0,0.0062950558473755,40.321117207320206,21.7917500637873,Intentional
User_13,2025-01-17 14:47:40,0.75,0.2764,Walking,Spinari,Speeding,1way,1.0,40,WiFi,-75,66.0,6.0,0.0061385331595393,40.279370794823265,21.753018134279657,Intentional
User_11,2025-01-17 15:43:22,0.602,0.35,Walking,Center,Driving_Under_Influence,2way,2.0,20,WiFi,-76,65.0,0.0,0.0038786192708749,40.27894431798721,21.753633254395908,Intentional
User_96,2025-01-17 17:50:25,0.261,0.2911,Walking,Zep,Reckless_Driving,5way,4.0,50,WiFi,-56,39.0,-8.0,0.0053435788580925,40.27980499140048,21.753432757910858,Intentional
User_76,2025-01-17 18:02:36,0.355,0.2321,Walking,Zep,Reckless_Driving,6way,0.0,10,3G,-79,28.0,18.0,0.0070119931365037,40.27979007789725,21.75461290841345,Intentional
User_98,2025-01-17 18:30:20,0.46,0.1858,Walking,Center,Speeding,4way,0.0,20,3G,-82,35.0,2.0,0.0031071312384013,40.30554230736098,21.80739507405561,Intentional
User_80,2025-01-17 22:10:27,0.704,0.1937,Walking,Spinari,Driving_Under_Influence,4way,0.0,20,4G,-71,60.0,0.0,0.0070450799358682,40.322660615331,21.791636285531045,Intentional
User_64,2025-01-17 23:06:51,0.511,0.3848,Flying,Zep,Reckless_Driving,2way,0.0,80,3G,-110,-155.0,10.0,0.0077711956562219,40.27863828453966,21.7529596975512,Intentional
User_14,2025-01-18 02:37:19,0.393,0.2414,Walking,Koila,Speeding,6way,0.0,80,5G,-92,48.0,-2.0,0.0036976656514691,40.3227975269276,22.5205,Intentional
User_16,2025-01-18 06:59:49,0.513,0.2407,Driving,Koila,Reckless_Driving,5way,0.0,30,WiFi,Ethernet,86.0,9.0,0.0078486804052102,40.32174841066098,21.789942924131253,Intentional
User_14,2025-01-18 07:22:32,0.393,0.2424,Swimming,Ligeris,Reckless_Driving,2way,0.0,50,WiFi,-71,4.0,-14.0,0.0076679937266184,40.305860352789274,21.806705551443248,Intentional
User_07,2025-01-18 07:47:16,0.625,0.1154,Running,Center,Driving_Under_Influence,1way,0.0,70,3G,-91,39.0,2.0,0.0059713848669049,40.3046653541845,21.80824894816074,Intentional
User_02,2025-01-18 15:55:58,0.529,0.3356,Flying,Zep,Reckless_Driving,4way,0.0,20,4G,-107,78.0,7.0,0.0082794073636383,40.279741997738,21.753221960402275,Intentional
User_61,2025-01-18 17:11:01,0.546,0.1157,Flying,Zep,Driving_Under_Influence,2way,2.0,50,3G,Satellite,92.0,9.0,0.0083429007960213,40.279827212243056,21.752212945487184,Intentional
User_93,2025-01-18 20:31:28,0.588,0.0562,Driving,Center,Speeding,2way,2.0,50,115,-119,75.0,5.0,0.0073286229855574,40.32277527000063,21.79305273352699,Intentional
User_58,2025-01-18 23:42:48,0.465,0.069,Running,Spinari,Reckless_Driving,1way,0.0,70,3G,-107,27.0,1.0,0.0059914963416149,40.30660732894231,21.80787075291928,Intentional
User_92,2025-01-18 23:58:59,0.694,0.2112,Swimming,Koila,Speeding,1way,0.0,40,5G,-84,76.0,-12.0,0.0073795336747927,40.32171252833443,21.790034533438376,Intentional
User_09,2025-01-19 04:25:51,0.307,0.4218,Walking,Center,Reckless_Driving,4way,0.0,80,WiFi,-62,-23.0,15.0,0.0016345212030426,40.27871749303545,21.75204132101977,Intentional
User_03,2025-01-19 04:40:32,0.568,0.0654,Flying,Ligeris,Speeding,2way,4.0,70,WiFi,-55,52.0,6.0,0.043,40.3044933617313,21.80699473139491,Intentional
User_100,2025-01-19 05:48:58,0.37,0.29,Swimming,Koila,Driving_Under_Influence,2way,2.0,30,3G,-110,94.0,-12.0,0.0098985654577861,40.321870335394486,21.791092092487094,Intentional
User_87,2025-01-19 06:41:40,0.709,0.4182,Swimming,Ligeris,Reckless_Driving,1way,1.0,20,WiFi,-86,3.0,23.0,0.003557395925671,40.30598897166924,21.805787325231865,Intentional
User_07,2025-01-19 09:56:02,0.625,0.1174,Walking,Spinari,Speeding,1way,1.0,40,WiFi,-63,14.0,-15.0,0.0066007371800322,40.278928727915414,21.754069819622156,Intentional
User_56,2025-01-19 10:59:38,0.374,0.0497,Swimming,Ligeris,Reckless_Driving,2way,1.0,70,113,-113,37.0,16.0,0.0019618245722193,40.30515702576428,21.80761441902898,Intentional
User_25,2025-01-19 11:46:38,0.408,0.1728,Driving,Spinari,Reckless_Driving,1way,4.0,90,5G,Ethernet,92.0,7.0,0.0039389099550877,40.32303425684961,21.791463104218128,Intentional
User_75,2025-01-19 18:09:49,0.409,0.2101,Flying,Zep,Speeding,2way,1.0,30,5G,-115,84.0,-13.0,0.0036783256689974,40.27966118513542,21.75362709275644,Intentional
User_29,2025-01-20 00:21:18,0.415,0.2024,Driving,Ligeris,Speeding,6way,0.0,80,WiFi,-90,57.0,-1.0,0.0092796788317073,40.3060884997014,21.808317671367114,Intentional
User_57,2025-01-20 04:13:19,0.372,0.1512,Driving,Zep,Driving_Under_Influence,5way,0.0,80,WiFi,-58,58.0,13.0,0.0086454615148751,38.783473,21.754215425729612,Intentional
User_49,2025-01-20 07:58:52,0.637,0.3803,Driving,Ligeris,Reckless_Driving,5way,2.0,50,5G,-115,75.0,-3.0,0.043,40.306230115631266,21.80722854311045,Intentional
User_24,2025-01-20 14:19:03,0.445,0.1216,Driving,Center,Driving_Under_Influence,1way,0.0,50,4G,-92,-27.0,-9.0,0.007551396837944,40.27908591544247,21.75366107770867,Intentional
User_51,2025-01-20 14:33:21,0.613,0.42,Walking,Zep,Driving_Under_Influence,5way,2.0,80,WiFi,-87,97.0,16.0,0.0047000038893602,40.27939773942767,21.752204526664904,Intentional
User_61,2025-01-20 14:43:32,0.546,0.1187,Running,Spinari,Speeding,2way,3.0,40,3G,-119,22.0,5.0,0.0019315107625896,41.413619,21.75239258619573,Intentional
User_74,2025-01-20 19:42:53,0.497,0.3954,Walking,Spinari,Reckless_Driving,1way,0.0,40,3G,-89,-47.0,13.0,0.0064779937181961,40.27948550989445,21.75216180743968,Intentional
User_41,2025-01-20 22:53:14,0.628,0.2011,Walking,Spinari,Reckless_Driving,2way,0.0,80,4G,Ethernet,4.0,-8.0,0.0043558827424702,40.30628224060746,21.80874979007695,Intentional
User_24,2025-01-21 01:16:14,0.445,0.1226,Walking,Zep,Speeding,6way,0.0,90,3G,-104,45.0,-15.0,0.0089022902721576,40.27931735329257,21.751515040489696,Intentional
User_07,2025-01-21 04:05:42,0.625,0.1214,Swimming,Zep,Speeding,2way,3.0,60,4G,-77,47.0,-8.0,0.0015465155159511,40.27850895962221,21.752019103284077,Intentional
User_52,2025-01-21 05:36:33,0.544,0.1172,Swimming,Koila,Speeding,2way,0.0,60,3G,-104,-146.0,13.0,0.0035660029701272,40.32043863708143,21.791118981163866,Intentional
User_05,2025-01-21 08:33:10,0.743,0.3367,Running,Spinari,Driving_Under_Influence,1way,0.0,20,4G,-80,58.0,-23.0,0.0013056397801348,40.321894206600405,21.791253831212615,Intentional
User_80,2025-01-21 12:52:16,0.704,0.2007,Driving,Spinari,Driving_Under_Influence,1way,0.0,70,5G,-75,58.0,15.0,0.0017723717385388,42.301707,21.75302260414718,Intentional
User_01,2025-01-21 13:28:21,0.619,0.3128,Running,Center,Speeding,2way,0.0,60,4G,-89,91.0,-19.0,0.0017444866683405,40.30629202918139,21.807763139989017,Intentional
User_93,2025-01-21 16:30:20,0.588,0.0612,Swimming,Ligeris,Driving_Under_Influence,2way,4.0,40,5G,-88,52.0,2.0,0.0024919339242486,40.304694985704984,23.104539,Intentional
User_05,2025-01-21 16:32:21,0.743,0.3377,Swimming,Ligeris,Speeding,1way,2.0,50,WiFi,Ethernet,51.0,16.0,0.0086189409751929,40.30667453672902,21.806738314226912,Intentional
User_89,2025-01-21 21:35:09,0.336,0.0541,Swimming,Zep,Driving_Under_Influence,1way,1.0,60,5G,-96,83.0,-4.0,0.0084679226002428,40.28021528610303,21.752754308538773,Intentional
User_85,2025-01-21 22:01:08,0.254,0.1673,Walking,Center,Driving_Under_Influence,2way,0.0,20,3G,-106,25.0,12.0,0.043,40.27858809095381,21.75297280555356,Intentional
User_25,2025-01-21 22:02:56,0.408,0.1778,Swimming,Ligeris,Reckless_Driving,2way,0.0,60,WiFi,-76,62.0,4.0,0.0068157259252897,40.30624279023071,21.80752496500899,Intentional
User_60,2025-01-22 03:44:07,0.353,0.4088,Swimming,Koila,Driving_Under_Influence,1way,0.0,80,5G,-78,48.0,-5.0,0.0055586761952961,41.271543,21.791025047557003,Intentional
User_95,2025-01-22 05:22:24,0.545,0.3159,Driving,Spinari,Driving_Under_Influence,1way,1.0,20,4G,-82,78.0,-6.0,0.0036871504740221,42.016991,21.80746561969958,Intentional
User_100,2025-01-22 07:08:29,0.37,0.296,Walking,Koila,Driving_Under_Influence,6way,1.0,60,3G,-96,75.0,-3.0,0.0082773750111938,40.323644843171195,21.79044893137679,Intentional
User_77,2025-01-22 08:56:26,0.428,0.0605,Running,Koila,Speeding,5way,2.0,70,WiFi,-79,28.0,-9.0,0.0043233505696396,40.32207857534024,21.791741347381688,Intentional
User_46,2025-01-22 14:02:56,0.519,0.3836,Driving,Koila,Reckless_Driving,6way,2.0,80,4G,Satellite,37.0,-3.0,0.0069191330253431,40.32196479409388,21.79134045341577,Intentional
User_01,2025-01-22 16:39:34,0.619,0.3158,Flying,Zep,Speeding,2way,1.0,90,5G,Ethernet,90.0,-8.0,0.0085269662064179,40.27921367596399,21.751555797260753,Intentional
User_18,2025-01-22 19:49:26,0.251,0.4335,Flying,Zep,Reckless_Driving,2way,0.0,30,3G,-85,63.0,-3.0,0.0011186118548865,40.27913600113463,21.75369252095999,Intentional
User_22,2025-01-22 22:15:39,0.413,0.0889,Driving,Spinari,Driving_Under_Influence,1way,0.0,100,WiFi,-76,70.0,-1.0,0.0050590338437585,40.32171237668308,21.792764842093582,Intentional
User_87,2025-01-23 03:56:46,0.709,0.4252,Flying,Ligeris,Speeding,2way,1.0,10,3G,-99,1.0,-10.0,0.0017671857730016,40.30787028329509,21.80828359057576,Intentional
User_73,2025-01-23 09:18:58,0.325,0.2357,Running,Zep,Speeding,6way,1.0,70,5G,-111,71.0,-19.0,0.0046176662028963,40.27963145699103,21.753058346614836,Intentional
User_75,2025-01-23 09:53:58,0.409,0.2171,Running,Center,Driving_Under_Influence,2way,1.0,50,4G,-111,39.0,6.0,0.0090336846968935,40.32277975276892,21.79155025618932,Intentional
User_14,2025-01-23 14:43:45,0.393,0.2514,Walking,Spinari,Speeding,1way,0.0,70,3G,-79,49.0,12.0,0.0099203940870873,40.28067486251634,21.752963953517547,Intentional
User_87,2025-01-23 17:17:55,0.709,0.4262,Running,Spinari,Driving_Under_Influence,1way,0.0,40,WiFi,-113,44.0,2.0,0.0011338858716146,40.280160557364525,21.752214760270416,Intentional
User_38,2025-01-24 03:29:41,0.306,0.3521,Running,Zep,Speeding,5way,0.0,70,5G,-118,73.0,16.0,0.0086503706998727,40.27918384586991,21.75276159482788,Intentional
User_02,2025-01-24 04:12:32,0.529,0.3476,Driving,Center,Driving_Under_Influence,2way,2.0,60,5G,Satellite,64.0,6.0,0.0098619945326913,40.3221809908677,21.790897339356224,Intentional
User_06,2025-01-24 04:27:31,0.584,0.4145,Swimming,Ligeris,Driving_Under_Influence,4way,0.0,60,4G,-96,32.0,-3.0,0.0076814768852038,37.93766,21.806601358361913,Intentional
User_88,2025-01-24 06:29:04,0.471,0.1727,Running,Koila,Driving_Under_Influence,5way,0.0,80,4G,-92,29.0,-10.0,0.0069398795110446,40.32076335791232,21.79130019701236,Intentional
User_100,2025-01-24 07:09:22,0.37,0.3,Flying,Koila,Driving_Under_Influence,2way,0.0,20,4G,-106,64.0,-6.0,0.0024024806144749,40.322385713684795,21.790452636184508,Intentional
User_37,2025-01-24 07:29:09,0.306,0.3234,Swimming,Koila,Driving_Under_Influence,2way,1.0,70,WiFi,-88,9.0,18.0,0.0032439839568696,40.323327242136706,21.792392868380496,Intentional
User_18,2025-01-24 11:21:24,0.251,0.4365,Driving,Zep,Speeding,5way,5.0,50,3G,-100,96.0,15.0,0.0024625246969067,40.27997397844256,21.754894709509056,Intentional
User_50,2025-01-24 18:15:02,0.398,0.2796,Running,Koila,Reckless_Driving,5way,0.0,80,3G,-96,90.0,13.0,0.0075068629176474,40.3212855975271,21.79137274822453,Intentional
User_52,2025-01-24 19:45:14,0.544,0.1232,Flying,Zep,Speeding,2way,4.0,70,5G,-71,52.0,-7.0,0.0067763176173805,40.27879435268657,21.751997300255542,Intentional
User_49,2025-01-24 21:09:43,0.637,0.3873,Swimming,Zep,Speeding,1way,1.0,70,4G,-109,43.0,1.0,0.0051282325806461,40.2790217581422,21.75508933964363,Intentional
User_41,2025-01-24 21:17:23,0.628,0.2091,Running,Spinari,Reckless_Driving,1way,1.0,20,111,-104,90.0,-5.0,0.0045013883760775,40.306106921382394,21.807886021338103,Intentional
User_07,2025-01-25 00:04:02,0.625,0.1294,Swimming,Ligeris,Speeding,2way,0.0,40,107,-72,34.0,-14.0,0.0078130955534321,40.305123214299336,21.806348664151184,Intentional
User_03,2025-01-25 01:22:52,0.568,0.0784,Running,Spinari,Speeding,1way,0.0,50,5G,-82,57.0,13.0,0.005653142335994,40.27821831739364,17.713238,Intentional
User_28,2025-01-25 06:28:35,0.348,0.3583,Running,Center,Reckless_Driving,2way,0.0,40,4G,-72,20.0,-3.0,0.0051029307498894,40.30487152877683,21.80655179645353,Intentional
User_55,2025-01-25 07:48:39,0.447,0.3854,Running,Zep,Driving_Under_Influence,5way,0.0,50,WiFi,-50,-138.0,4.0,0.0064353110518077,40.27859922320712,21.75353122381247,Intentional
User_33,2025-01-25 09:54:36,0.634,0.2632,Driving,Center,Speeding,1way,0.0,80,5G,-106,30.0,11.0,0.0037770636116389,40.32227640835709,22.840512,Intentional
User_79,2025-01-25 11:05:15,0.389,0.166,Swimming,Koila,Speeding,4way,0.0,60,5G,-86,-12.0,-8.0,0.006798031916383,40.32136224412925,21.792330058872984,Intentional
User_77,2025-01-25 16:24:33,0.428,0.0665,Flying,Ligeris,Reckless_Driving,1way,1.0,40,WiFi,-115,-143.0,14.0,0.0013493084197695,40.30598593620264,21.80919099932683,Intentional
User_41,2025-01-25 17:39:25,0.628,0.2111,Driving,Koila,Driving_Under_Influence,5way,1.0,50,3G,-115,21.0,6.0,0.0070151132343735,40.32281175719446,21.79161932258016,Intentional
User_57,2025-01-25 19:22:18,0.372,0.1612,Running,Center,Speeding,2way,1.0,40,4G,-110,5.0,16.0,0.0028555094543216,40.32166537996054,21.79051853864523,Intentional
User_34,2025-01-25 22:56:48,0.431,0.2029,Driving,Center,Reckless_Driving,4way,0.0,70,3G,-99,67.0,-8.0,0.0096872402906449,40.30557251159928,21.80935908943272,Intentional
User_83,2025-01-25 23:21:37,0.309,0.4085,Running,Center,Speeding,2way,0.0,60,5G,Ethernet,69.0,16.0,0.0052209770982948,40.30622631112654,21.80749635130716,Intentional
User_04,2025-01-26 00:20:56,0.662,0.1027,Driving,Center,Speeding,4way,1.0,40,5G,-106,77.0,23.0,0.0098173011236798,40.320730103149394,21.790403465773263,Intentional
User_69,2025-01-26 14:58:04,0.34,0.4111,Driving,Ligeris,Speeding,5way,0.0,10,WiFi,Satellite,42.0,9.0,0.0037008669320894,40.30619089598082,21.80721950966723,Intentional
User_30,2025-01-26 15:10:55,0.413,0.1414,Running,Zep,Speeding,5way,1.0,30,5G,-94,58.0,1.0,0.0065727696749865,40.27941113643461,18.987598,Intentional
User_35,2025-01-26 17:16:43,0.274,0.1302,Swimming,Zep,Speeding,1way,1.0,40,3G,Satellite,50.0,-7.0,0.0074989161603174,40.27931127541176,21.753028976237506,Intentional
User_52,2025-01-26 18:12:22,0.544,0.1282,Flying,Ligeris,Driving_Under_Influence,2way,3.0,30,5G,-91,55.0,17.0,0.0034323753477249,40.30692065464496,21.807760081328404,Intentional
User_24,2025-01-26 20:36:10,0.445,0.5641,Driving,Center,Speeding,2way,1.0,20,WiFi,-108,72.0,4.0,0.0015905408209263,40.27806204013316,21.752748235000016,Intentional
User_54,2025-01-26 20:47:36,0.327,0.3259,Flying,Ligeris,Speeding,2way,1.0,50,4G,-71,92.0,4.0,0.005653142335994,40.30643379089036,21.80735784912544,Intentional
User_07,2025-01-26 23:49:24,0.625,0.1324,Running,Ligeris,Driving_Under_Influence,5way,1.0,30,WiFi,-52,90.0,-15.0,0.0074744121786671,40.306923504823466,21.807149443967425,Intentional
User_91,2025-01-27 01:27:49,0.587,0.3568,Flying,Koila,Speeding,4way,3.0,20,WiFi,-75,1.0,11.0,0.0061208460484479,40.32200401491705,21.790668321659087,Intentional
User_11,2025-01-27 03:57:56,0.602,0.369,Driving,Center,Speeding,1way,0.0,110,WiFi,-50,-21.0,1.0,0.0044589271538995,40.306585154941374,21.807501455579345,Intentional
User_77,2025-01-27 06:40:50,0.428,0.0695,Flying,Zep,Reckless_Driving,1way,2.0,50,4G,-99,-40.0,10.0,0.005653142335994,40.2792440770617,21.753245649835986,Intentional
User_51,2025-01-27 08:03:10,0.613,0.433,Flying,Koila,Reckless_Driving,1way,0.0,20,3G,-108,-154.0,12.0,0.0013023651143336,40.30706177469306,21.805790661145096,Intentional
User_27,2025-01-27 12:03:55,0.535,0.3041,Running,Ligeris,Speeding,5way,1.0,50,4G,-101,64.0,-16.0,0.0090662638429832,40.3072777330209,21.80654242575394,Intentional
User_51,2025-01-27 15:30:59,0.613,0.434,Walking,Spinari,Driving_Under_Influence,1way,1.0,40,WiFi,-78,56.0,-5.0,0.0082855699791805,40.305381841183845,21.806685300314673,Intentional
User_71,2025-01-27 17:19:58,0.256,0.0563,Walking,Ligeris,Speeding,5way,4.0,50,3G,Ethernet,71.0,-7.0,0.0037882033484915,40.30723112734916,21.805913507046935,Intentional
User_100,2025-01-27 21:26:40,0.37,0.307,Walking,Koila,Driving_Under_Influence,5way,0.0,20,4G,-114,55.0,7.0,0.00543175479938,40.3220575392394,21.791365378956808,Intentional
User_06,2025-01-28 03:23:11,0.584,0.4225,Running,Spinari,Reckless_Driving,1way,0.0,40,3G,-99,49.0,15.0,0.0074937969261975,40.30545352281721,21.806253410874405,Intentional
User_14,2025-01-28 04:34:16,0.393,0.2614,Driving,Spinari,Reckless_Driving,4way,1.0,60,WiFi,-57,40.0,-15.0,0.0085018170897141,40.27955580870273,21.7530420484753,Intentional
User_42,2025-01-28 05:39:50,0.738,0.1686,Walking,Koila,Driving_Under_Influence,6way,2.0,50,5G,-107,85.0,14.0,0.0016977408387346,40.32263295393723,21.79069109427919,Intentional
User_08,2025-01-28 06:46:58,0.347,0.4128,Swimming,Koila,Speeding,1way,1.0,50,WiFi,-85,91.0,-2.0,0.0065786940842059,40.32206659192287,21.792026140708213,Intentional
User_45,2025-01-28 07:18:00,0.285,0.3273,Driving,Center,Driving_Under_Influence,4way,0.0,20,4G,-77,46.0,-17.0,0.0066479876704601,40.306879196485745,21.806422071266567,Intentional
User_67,2025-01-28 08:06:16,0.529,0.5641,Flying,Zep,Reckless_Driving,1way,1.0,20,3G,-113,7.0,-9.0,0.0098829688607754,40.27985713782481,21.75457128552219,Intentional
User_89,2025-01-28 11:42:28,0.336,0.0671,Walking,Zep,Driving_Under_Influence,5way,0.0,20,5G,-88,78.0,-18.0,0.0099237492833128,40.28045649190079,21.75366773858388,Intentional
User_72,2025-01-28 12:39:28,0.567,0.0965,Swimming,Ligeris,Speeding,1way,1.0,40,WiFi,-54,76.0,1.0,0.0013410205939466,40.30548719515136,21.791256784153244,Intentional
User_30,2025-01-28 15:31:39,0.413,0.1454,Walking,Spinari,Reckless_Driving,2way,1.0,40,4G,-109,77.0,1.0,0.0092987045189386,40.3222438855116,21.79134754993787,Intentional
User_56,2025-01-28 15:40:55,0.374,0.0667,Driving,Koila,Speeding,5way,0.0,90,3G,-113,85.0,-11.0,0.0049938096477772,40.32255100234807,21.791522987294975,Intentional
User_35,2025-01-28 15:53:33,0.274,0.1342,Flying,Zep,Reckless_Driving,2way,0.0,30,4G,-91,100.0,-5.0,0.0082971637863111,40.279423291253586,21.75394167398277,Intentional
User_26,2025-01-28 16:01:47,0.408,0.3035,Walking,Koila,Reckless_Driving,6way,0.0,80,4G,Ethernet,97.0,14.0,0.0075795097529452,40.32269462697745,21.79263498135702,Intentional
User_17,2025-01-28 17:32:25,0.631,0.1958,Running,Center,Reckless_Driving,1way,1.0,50,3G,Ethernet,15.0,-12.0,0.0054760681520214,40.32082556136177,21.790283835216375,Intentional
User_86,2025-01-28 17:46:14,0.469,0.0571,Driving,Center,Driving_Under_Influence,4way,0.0,50,5G,-88,80.0,-11.0,0.0035516061255399,40.27930277839445,22.535859,Intentional
User_46,2025-01-28 20:03:47,0.519,0.3966,Running,Spinari,Driving_Under_Influence,1way,0.0,30,3G,-112,37.0,-4.0,0.0013229759974889,40.322259903842415,21.791013562963297,Intentional
User_79,2025-01-28 23:46:01,0.389,0.173,Flying,Zep,Speeding,4way,0.0,30,WiFi,Ethernet,34.0,6.0,0.0022287267634315,40.27996527041597,21.753315715288704,Intentional
User_01,2025-01-29 00:45:12,0.619,0.3288,Flying,Ligeris,Driving_Under_Influence,2way,0.0,40,5G,-111,55.0,14.0,0.033,40.3046449034015,21.808221370283174,Intentional
User_33,2025-01-29 03:08:25,0.634,0.2702,Driving,Koila,Speeding,6way,1.0,10,4G,-99,36.0,-13.0,0.0064259706104004,40.32281622222338,21.791360046447338,Intentional
User_94,2025-01-29 07:37:35,0.681,0.157,Driving,Spinari,Speeding,2way,0.0,30,3G,-89,30.0,0.0,0.029,40.32248912849761,21.790587006077704,Intentional
User_57,2025-01-29 12:54:42,0.372,0.1692,Walking,Spinari,Speeding,4way,1.0,80,WiFi,-72,39.0,-20.0,0.0024984795968616,40.30623416374652,21.80749717634229,Intentional
User_45,2025-01-29 14:06:40,0.285,0.3293,Flying,Zep,Reckless_Driving,2way,0.0,40,120,-72,89.0,14.0,0.0075662797405418,40.2797501173752,21.754553474157035,Intentional
User_21,2025-01-29 15:44:05,0.303,0.0702,Driving,Center,Driving_Under_Influence,2way,3.0,30,3G,-95,42.0,3.0,0.0016445857215961,40.32295330624735,21.79278108477402,Intentional
User_83,2025-01-29 18:44:19,0.309,0.4155,Flying,Ligeris,Speeding,2way,5.0,10,5G,Ethernet,76.0,-16.0,0.0035039217070257,40.306127924958226,21.808631675606375,Intentional
User_17,2025-01-29 18:47:29,0.631,0.1978,Walking,Ligeris,Driving_Under_Influence,5way,1.0,70,4G,-102,24.0,-6.0,0.0043709270612588,40.30607668442149,21.80638452727785,Intentional
User_04,2025-01-29 19:15:54,0.662,0.1087,Driving,Zep,Speeding,6way,0.0,30,WiFi,-72,42.0,-19.0,0.002853157359418,40.2791807296158,21.754903586804083,Intentional
User_24,2025-01-30 02:30:32,0.46,0.1406,Driving,Zep,Reckless_Driving,6way,1.0,90,5G,-89,18.0,-14.0,0.0036576930916057,40.278203958653286,21.7537865748325,Intentional
User_42,2025-01-30 04:23:42,0.738,0.1716,Driving,Zep,Reckless_Driving,6way,0.0,30,3G,-85,71.0,11.0,0.0086092382876396,41.289559,21.75379850984654,Intentional
User_63,2025-01-30 11:59:14,0.543,0.1746,Walking,Spinari,Reckless_Driving,4way,0.0,20,107,-116,73.0,-16.0,0.0052945529105999,40.32151569959452,21.793252839055825,Intentional
User_13,2025-01-30 12:32:28,0.75,0.3034,Running,Zep,Reckless_Driving,6way,0.0,40,5G,-87,-151.0,-13.0,0.0027660633083662,40.27879636797668,21.791256784153244,Intentional
User_01,2025-01-30 13:00:20,0.619,0.3308,Driving,Koila,Driving_Under_Influence,5way,1.0,80,WiFi,-65,43.0,-24.0,0.005653142335994,40.320982933247734,21.792134728612496,Intentional
User_29,2025-01-30 20:27:31,0.415,0.2224,Walking,Ligeris,Speeding,6way,0.0,60,3G,-85,-154.0,2.0,0.0041908625714201,40.30740139798346,21.806743340565937,Intentional
User_05,2025-01-31 02:30:54,0.743,0.3567,Running,Zep,Driving_Under_Influence,5way,0.0,80,5G,-86,49.0,-21.0,0.002522301338295,40.279367657382586,21.753046826362,Intentional
User_30,2025-01-31 02:49:50,0.413,0.1504,Running,Center,Reckless_Driving,1way,4.0,60,5G,-94,0.0,-8.0,0.0095037104733907,40.279673830917375,21.753072629201483,Intentional
User_02,2025-01-31 03:23:15,0.529,0.3606,Driving,Spinari,Speeding,2way,2.0,40,4G,-100,29.0,22.0,0.0047269196093513,40.27877081469845,21.75207913451476,Intentional
User_71,2025-01-31 04:36:50,0.256,0.0633,Driving,Center,Reckless_Driving,1way,0.0,60,3G,-114,53.0,9.0,0.0088093840698321,40.27895328502039,21.75387682038237,Intentional
User_04,2025-01-31 04:54:35,0.662,0.1127,Driving,Ligeris,Speeding,6way,2.0,60,105,-93,0.0,13.0,0.0054689734756748,40.30596057756128,21.808507098589452,Intentional
User_11,2025-01-31 06:17:55,0.602,0.377,Flying,Koila,Speeding,4way,0.0,80,WiFi,-67,55.0,5.0,0.0080240036104231,40.32149944232259,21.790668511695447,Intentional
User_38,2025-01-31 11:31:33,0.306,0.3671,Walking,Koila,Speeding,6way,0.0,40,5G,-111,25.0,22.0,0.0074332142405793,40.322239443504166,21.79128034997744,Intentional
User_49,2025-01-31 12:01:08,0.637,0.4013,Walking,Spinari,Speeding,2way,0.0,20,3G,-82,61.0,-10.0,0.0098877188015719,40.27949323990918,21.75406501462522,Intentional
User_93,2025-01-31 12:06:41,0.588,0.0822,Running,Ligeris,Driving_Under_Influence,6way,4.0,80,114,-115,77.0,12.0,0.0085028246556939,40.30524337435817,21.791256784153244,Intentional
User_87,2025-01-31 13:10:46,0.709,0.4412,Swimming,Koila,Speeding,2way,0.0,20,5G,-81,96.0,-5.0,0.0082455903251097,40.321875291674,21.7918030944212,Intentional
User_49,2025-01-31 18:48:55,0.637,0.4023,Driving,Center,Reckless_Driving,1way,0.0,70,4G,-81,35.0,2.0,0.0071245580144752,40.32196784532227,21.78937872276698,Intentional
User_74,2025-01-31 19:40:08,0.497,0.4174,Driving,Koila,Speeding,6way,0.0,30,4G,-79,70.0,-4.0,0.0058729439525136,40.32187405011001,17.231396,Intentional
User_10,2025-01-31 19:53:32,0.315,0.4118,Walking,Zep,Speeding,5way,0.0,10,WiFi,-76,2.0,0.0,0.0035313118643416,40.279527153790475,21.753353278524525,Intentional
User_72,2025-01-31 23:01:03,0.567,0.1025,Swimming,Koila,Driving_Under_Influence,1way,1.0,90,106,-109,56.0,-15.0,0.0082905938914485,40.321930320031534,21.791922062525728,Intentional
User_83,2025-02-01 00:09:59,0.309,0.4215,Running,Spinari,Speeding,4way,1.0,80,104,-73,58.0,-7.0,0.0031312302752175,40.30631058321027,21.80784102927124,Intentional
User_02,2025-02-01 03:18:09,0.529,0.3626,Walking,Spinari,Driving_Under_Influence,2way,1.0,70,4G,-93,67.0,-23.0,0.0013976171358427,40.307110678753794,21.80716106477067,Intentional
User_03,2025-02-01 06:47:45,0.568,0.0914,Flying,Zep,Reckless_Driving,2way,0.0,20,3G,-110,93.0,-12.0,0.0034411448741745,40.28014787986151,21.75451878705541,Intentional
User_45,2025-02-01 07:16:06,0.285,0.3353,Running,Center,Driving_Under_Influence,2way,3.0,70,4G,-95,42.0,-16.0,0.0027162657470346,40.306230115631266,21.790377040126693,Intentional
User_03,2025-02-01 13:00:57,0.568,0.0924,Walking,Spinari,Reckless_Driving,2way,1.0,10,3G,-104,94.0,0.0,0.0069987051881404,40.28026829586697,21.754865840924243,Intentional
User_79,2025-02-01 19:41:11,0.389,0.181,Driving,Center,Speeding,1way,4.0,20,WiFi,-89,58.0,-2.0,0.005653142335994,40.27947340001146,21.753127707138503,Intentional
User_72,2025-02-01 22:31:06,0.567,0.1045,Walking,Spinari,Reckless_Driving,1way,0.0,10,WiFi,-52,92.0,-2.0,0.0099936313767213,40.32195108231566,21.790422152783055,Intentional
User_68,2025-02-02 00:58:28,0.472,0.0969,Swimming,Koila,Reckless_Driving,2way,1.0,30,5G,-82,27.0,11.0,0.0092605362851588,40.322097317385435,21.791268645597945,Intentional
User_22,2025-02-02 09:40:33,0.413,0.1109,Swimming,Koila,Reckless_Driving,2way,1.0,50,5G,-104,8.0,-19.0,0.0040206752132161,40.32218604542714,21.790102473764534,Intentional
User_88,2025-02-02 13:37:24,0.471,0.1917,Walking,Spinari,Driving_Under_Influence,1way,1.0,90,5G,-100,6.0,9.0,0.0069119109112503,40.30565736788281,21.806387986277453,Intentional
User_74,2025-02-02 16:55:54,0.497,0.4224,Running,Spinari,Speeding,2way,0.0,10,4G,-110,97.0,9.0,0.0070896398749017,40.278557598597615,21.751567983772272,Intentional
User_06,2025-02-02 17:36:47,0.584,0.4325,Driving,Koila,Speeding,6way,0.0,40,5G,-93,97.0,15.0,0.045,40.323347309782434,21.790980269036545,Intentional
User_89,2025-02-02 19:11:09,0.336,0.0781,Walking,Center,Reckless_Driving,1way,1.0,30,5G,-70,51.0,13.0,0.006188340338778,40.3219081702861,21.789342322678575,Intentional
User_46,2025-02-02 21:17:06,0.519,0.4066,Running,Spinari,Driving_Under_Influence,2way,0.0,70,WiFi,-53,93.0,3.0,0.0039304688661619,42.47325,21.75365728741209,Intentional
User_05,2025-02-02 21:19:51,0.743,0.3617,Running,Spinari,Driving_Under_Influence,4way,1.0,70,4G,Satellite,78.0,7.0,0.0013550159726777,40.32188119999791,21.79189297154924,Intentional
User_02,2025-02-02 23:41:09,0.529,0.3656,Walking,Zep,Driving_Under_Influence,5way,1.0,40,4G,-112,69.0,4.0,0.047,40.27936231185192,21.75323820782081,Intentional
User_71,2025-02-03 00:28:02,0.256,0.0693,Flying,Koila,Speeding,4way,1.0,80,117,-105,45.0,5.0,0.009407403164145,40.32270574861784,21.79303781093753,Intentional
User_02,2025-02-03 02:36:07,0.529,0.3666,Running,Center,Driving_Under_Influence,2way,1.0,70,WiFi,-53,20.0,4.0,0.0055760479898353,40.28114594446025,21.753869096378526,Intentional
User_03,2025-02-03 04:00:34,0.568,0.0954,Running,Zep,Reckless_Driving,5way,3.0,70,5G,-110,88.0,-6.0,0.023,40.28030768751512,21.75495566114187,Intentional
User_58,2025-02-03 04:55:07,0.465,0.1,Running,Koila,Reckless_Driving,6way,0.0,50,3G,-93,41.0,8.0,0.044,40.322279300611406,21.791356068818377,Intentional
User_10,2025-02-03 07:41:39,0.315,0.4168,Driving,Spinari,Speeding,2way,1.0,60,WiFi,-58,64.0,3.0,0.005653142335994,40.32249582446705,21.7920132787178,Intentional
User_52,2025-02-03 10:02:03,0.544,0.1432,Driving,Ligeris,Reckless_Driving,6way,1.0,80,4G,-94,98.0,2.0,0.0083623823389509,40.306198777561264,21.807294628407153,Intentional
User_46,2025-02-03 13:00:59,0.519,0.4086,Walking,Spinari,Driving_Under_Influence,4way,0.0,30,WiFi,-85,3.0,-16.0,0.007885641595455,40.27983054719292,21.752674185973,Intentional
User_35,2025-02-03 18:39:21,0.274,0.5641,Flying,Zep,Speeding,2way,0.0,50,WiFi,-69,34.0,12.0,0.0079654358143536,40.28092948338103,21.753401678794877,Intentional
User_21,2025-02-03 19:46:40,0.303,0.0802,Driving,Spinari,Speeding,2way,4.0,40,5G,Satellite,63.0,10.0,0.0051722972027483,40.279078377023446,21.752854938210135,Intentional
User_99,2025-02-03 23:32:43,0.465,0.2774,Running,Center,Speeding,1way,0.0,20,4G,-103,94.0,0.0,0.0039804474801704,40.27977779403398,21.75449502449691,Intentional
User_24,2025-02-04 03:05:44,0.445,0.1506,Walking,Ligeris,Speeding,5way,0.0,10,5G,-86,64.0,-16.0,0.0094158000590739,40.306230115631266,21.80758208580953,Intentional
User_78,2025-02-04 06:04:55,0.347,0.3076,Walking,Ligeris,Speeding,5way,1.0,70,3G,-115,41.0,-20.0,0.0035148077831922,40.30683821462503,21.8078883274414,Intentional
User_50,2025-02-04 06:42:02,0.398,0.3006,Walking,Spinari,Reckless_Driving,2way,1.0,60,4G,-117,43.0,-6.0,0.0098024893496972,38.284272,21.809078910520903,Intentional
User_77,2025-02-04 11:54:33,0.428,0.0865,Running,Ligeris,Speeding,5way,1.0,60,5G,Satellite,68.0,-13.0,0.0022399621664039,40.30632085363642,21.8066767459394,Intentional
User_16,2025-02-04 14:45:24,0.513,0.2747,Driving,Ligeris,Speeding,5way,3.0,50,5G,-110,86.0,-15.0,0.0075307698873988,40.30575223280877,21.80706042957441,Intentional
User_51,2025-02-04 14:47:10,0.613,0.45,Flying,Koila,Reckless_Driving,4way,1.0,70,5G,-84,22.0,-3.0,0.026,40.32219317923334,21.791256784153244,Intentional
User_74,2025-02-04 21:30:19,0.497,0.4264,Walking,Spinari,Reckless_Driving,4way,4.0,80,WiFi,-84,35.0,-5.0,0.0043697955702094,38.820637,21.75181250687048,Intentional
User_55,2025-02-04 21:59:18,0.447,0.4054,Driving,Koila,Reckless_Driving,6way,1.0,50,5G,-99,6.0,15.0,0.0044583219878509,40.32231141439606,21.79112676356082,Intentional
User_60,2025-02-04 23:47:22,0.353,0.4348,Driving,Koila,Speeding,6way,0.0,60,3G,-93,47.0,8.0,0.0081762668450969,40.32232855856733,21.792092813357463,Intentional
User_60,2025-02-05 05:38:59,0.353,0.4358,Walking,Spinari,Reckless_Driving,1way,4.0,70,WiFi,-63,81.0,2.0,0.0038398139481177,40.30632227356539,21.807452127058227,Intentional
User_01,2025-02-05 08:35:20,0.619,0.3438,Running,Koila,Driving_Under_Influence,5way,0.0,20,3G,-99,34.0,-16.0,0.0072367573257553,40.32154640298825,21.79344654779579,Intentional
User_11,2025-02-05 08:35:41,0.602,0.387,Driving,Spinari,Speeding,2way,1.0,80,5G,-90,80.0,9.0,0.0083899013493586,40.27889100234699,21.752961008159193,Intentional
User_47,2025-02-05 09:32:53,0.585,0.1782,Flying,Zep,Speeding,4way,1.0,50,5G,-111,23.0,16.0,0.0034912937424494,40.2808966582155,21.75422124018471,Intentional
User_55,2025-02-05 09:44:04,0.447,0.4064,Driving,Zep,Reckless_Driving,6way,0.0,70,WiFi,-59,73.0,11.0,0.0020987127765167,40.27877719997083,21.75371368688499,Intentional
User_86,2025-02-05 14:11:30,0.469,0.0721,Swimming,Ligeris,Speeding,4way,3.0,40,WiFi,-61,10.0,12.0,0.0028032733934466,40.306450188385526,21.807596033866236,Intentional
User_20,2025-02-05 16:15:58,0.334,0.3931,Walking,Center,Speeding,1way,2.0,50,5G,-93,59.0,5.0,0.0015483672959952,40.28020555810073,21.755191216556213,Intentional
User_04,2025-02-05 19:36:21,0.662,0.1237,Swimming,Ligeris,Reckless_Driving,4way,5.0,10,WiFi,-51,31.0,9.0,0.0057403629329048,40.30590757660293,21.809742333044003,Intentional
User_75,2025-02-05 19:39:09,0.409,0.2441,Walking,Center,Driving_Under_Influence,2way,0.0,90,WiFi,-76,5.0,-13.0,0.039,40.2808657548415,21.751822952086133,Intentional
User_79,2025-02-05 21:10:41,0.389,0.189,Flying,Zep,Driving_Under_Influence,4way,1.0,80,5G,-118,65.0,-8.0,0.0052787002182566,40.280095975860434,21.75103614288964,Intentional
User_24,2025-02-05 22:58:03,0.445,0.1536,Flying,Zep,Reckless_Driving,2way,1.0,70,5G,-70,46.0,-8.0,0.0097184817086442,38.134919,21.75301577707781,Intentional
User_69,2025-02-05 23:03:49,0.34,0.4311,Flying,Ligeris,Reckless_Driving,1way,0.0,30,WiFi,-63,21.0,-2.0,0.05,40.30616143131059,21.80740032035802,Intentional
User_77,2025-02-05 23:44:45,0.428,0.0885,Running,Zep,Reckless_Driving,6way,0.0,90,104,-54,79.0,6.0,0.0094950513959487,40.280089164799335,21.75328056581311,Intentional
User_99,2025-02-05 23:51:44,0.465,0.2814,Flying,Koila,Speeding,4way,0.0,40,WiFi,-58,37.0,16.0,0.0058460533959863,40.32198976541178,21.79145502219962,Intentional
User_61,2025-02-06 01:18:47,0.546,0.1527,Flying,Ligeris,Speeding,2way,0.0,30,4G,-78,25.0,-2.0,0.0033400842961852,40.30447974738109,21.807226028690835,Intentional
User_48,2025-02-06 04:23:53,0.599,0.3404,Driving,Spinari,Driving_Under_Influence,2way,0.0,20,4G,-114,29.0,-7.0,0.038,40.28089548944044,21.751715780120048,Intentional
User_40,2025-02-06 05:54:14,0.482,0.4397,Swimming,Zep,Speeding,2way,0.0,20,WiFi,-59,28.0,-1.0,0.029,40.27934021073485,21.75543491563066,Intentional
User_07,2025-02-06 06:05:48,0.625,0.1534,Driving,Zep,Driving_Under_Influence,5way,2.0,30,3G,-92,29.0,-8.0,0.0016877705153847,40.2780712018028,21.752907620734845,Intentional
User_90,2025-02-06 11:38:24,0.525,0.1338,Walking,Zep,Speeding,5way,2.0,30,4G,-92,98.0,-2.0,0.0064739785399628,40.2789800844289,21.791256784153244,Intentional
User_11,2025-02-06 14:33:05,0.602,0.389,Swimming,Zep,Speeding,1way,5.0,10,5G,-75,57.0,15.0,0.0013005664188516,40.2782185296957,21.753574951360704,Intentional
User_56,2025-02-06 15:39:18,0.374,0.0857,Running,Center,Speeding,1way,0.0,50,WiFi,-64,79.0,7.0,0.0086446496053205,40.28063614222295,21.75156599472348,Intentional
User_31,2025-02-06 16:58:15,0.56,0.4264,Flying,Zep,Driving_Under_Influence,4way,0.0,30,119,-72,82.0,7.0,0.0043934372264771,40.280243799784714,21.754414977985252,Intentional
User_37,2025-02-06 19:17:58,0.306,0.3494,Running,Center,Speeding,2way,1.0,20,5G,-90,43.0,1.0,0.0045032784546332,40.28031116574363,21.753368767967185,Intentional
User_80,2025-02-06 19:50:20,0.704,0.2337,Flying,Koila,Speeding,2way,0.0,30,5G,-112,75.0,-1.0,0.0046722123251596,40.32217957934161,21.790610715506514,Intentional
User_53,2025-02-06 22:18:52,0.313,0.1726,Driving,Zep,Reckless_Driving,5way,1.0,10,3G,-117,6.0,-8.0,0.0046409879281812,40.27881211443251,21.754837764799657,Intentional
User_93,2025-02-07 00:00:15,0.588,0.0952,Walking,Spinari,Driving_Under_Influence,1way,0.0,70,3G,-115,77.0,11.0,0.0063015736570422,40.30594609758729,19.716628,Intentional
User_88,2025-02-07 02:23:11,0.471,0.2017,Driving,Spinari,Driving_Under_Influence,2way,3.0,40,3G,Ethernet,91.0,3.0,0.0057971292391952,40.278403173930656,21.75418108880413,Intentional
User_34,2025-02-07 03:33:51,0.431,0.2279,Flying,Ligeris,Reckless_Driving,4way,0.0,50,4G,-109,33.0,16.0,0.0015264281432223,40.306230115631266,21.807517128304543,Intentional
User_82,2025-02-07 04:45:22,0.324,0.2869,Running,Spinari,Reckless_Driving,2way,1.0,30,3G,-109,83.0,-6.0,0.0074471948917503,40.30642550683661,21.80905134498362,Intentional
User_48,2025-02-07 08:39:57,0.599,0.3424,Running,Koila,Driving_Under_Influence,6way,1.0,20,5G,-93,-23.0,-11.0,0.0053279326094139,40.32142304983665,21.79309769538336,Intentional
User_76,2025-02-07 08:52:28,0.355,0.2741,Running,Spinari,Speeding,2way,1.0,30,5G,-77,91.0,12.0,0.0031573576454787,40.27955878259261,21.75326007168471,Intentional
User_54,2025-02-07 14:43:25,0.327,0.3489,Flying,Ligeris,Speeding,1way,0.0,80,WiFi,-89,5.0,12.0,0.0039598683296319,40.30603725791034,21.8094635100985,Intentional
User_33,2025-02-07 16:44:08,0.634,0.2882,Driving,Zep,Speeding,6way,0.0,30,WiFi,-78,4.0,-5.0,0.0094612220486724,40.27973400064099,21.752058368792756,Intentional
User_35,2025-02-07 18:43:10,0.274,0.1552,Walking,Spinari,Driving_Under_Influence,1way,0.0,40,WiFi,-84,57.0,2.0,0.0029552068046727,40.30607080542574,21.807268080631697,Intentional
User_12,2025-02-07 20:21:09,0.67,0.4272,Driving,Center,Reckless_Driving,4way,2.0,110,3G,-86,67.0,-1.0,0.0060547746493374,40.306403137987694,21.80717159306363,Intentional
User_47,2025-02-08 00:08:13,0.585,0.1842,Flying,Ligeris,Speeding,2way,0.0,40,WiFi,-87,23.0,6.0,0.0071750240526886,40.30625102420248,21.80726266910788,Intentional
User_59,2025-02-08 00:49:40,0.265,0.2542,Swimming,Ligeris,Reckless_Driving,2way,0.0,20,3G,-119,14.0,-8.0,0.0031000103271225,40.3045599698038,21.807083954927915,Intentional
User_26,2025-02-08 03:12:45,0.408,0.3245,Running,Spinari,Driving_Under_Influence,2way,0.0,70,5G,-116,36.0,12.0,0.0086815512163597,40.279887147577384,21.753094871536284,Intentional
User_90,2025-02-08 05:31:01,0.525,0.1368,Driving,Center,Speeding,2way,0.0,10,5G,Ethernet,51.0,-8.0,0.0041946639703716,40.32260612148197,21.79163325877512,Intentional
User_82,2025-02-08 08:34:12,0.324,0.2889,Flying,Zep,Driving_Under_Influence,2way,0.0,20,WiFi,-66,50.0,16.0,0.0048048907959595,40.28040805354673,21.7515322069171,Intentional
User_36,2025-02-08 10:17:55,0.563,0.4649,Flying,Koila,Reckless_Driving,2way,1.0,60,5G,-99,48.0,12.0,0.0021956997762025,40.32188580024748,21.790152507653428,Intentional
User_21,2025-02-08 12:13:16,0.303,0.0902,Swimming,Zep,Speeding,2way,2.0,50,3G,-89,-40.0,-14.0,0.0095915344349919,40.28122550314597,21.7537739778949,Intentional
User_51,2025-02-08 13:42:18,0.613,0.457,Walking,Center,Driving_Under_Influence,2way,1.0,30,3G,-115,87.0,1.0,0.0044869776571597,40.322140129750515,21.79127435005543,Intentional
User_01,2025-02-08 17:51:16,0.619,0.3498,Driving,Spinari,Speeding,1way,1.0,90,WiFi,-89,43.0,10.0,0.0036771246622348,40.3222696140012,23.723788,Intentional
User_61,2025-02-08 18:51:55,0.546,0.1577,Walking,Koila,Reckless_Driving,5way,2.0,30,WiFi,-71,64.0,9.0,0.0062973320795982,40.321364412788455,21.791755824894825,Intentional
User_72,2025-02-09 02:58:12,0.567,0.1195,Flying,Zep,Driving_Under_Influence,1way,0.0,50,WiFi,-90,56.0,-2.0,0.039,40.27970263936141,21.75551623282442,Intentional
User_03,2025-02-09 03:01:37,0.568,0.1074,Flying,Koila,Speeding,1way,2.0,30,4G,-83,-20.0,6.0,0.0095603660643918,40.32191477296429,21.79088278303097,Intentional
User_31,2025-02-09 03:35:16,0.56,0.4314,Flying,Ligeris,Driving_Under_Influence,4way,1.0,50,5G,-88,97.0,4.0,0.0068057172196675,40.3053676547179,21.80682974978357,Intentional
User_97,2025-02-09 04:27:49,0.337,0.3593,Running,Center,Reckless_Driving,1way,4.0,60,4G,-115,69.0,0.0,0.0056949092085793,40.305328471573986,21.80755221965687,Intentional
User_04,2025-02-09 04:34:38,0.662,0.1307,Driving,Spinari,Driving_Under_Influence,2way,0.0,90,5G,-118,89.0,13.0,0.0055874989043432,40.279713332351264,21.75318194231385,Intentional
User_61,2025-02-09 04:46:06,0.546,0.1587,Walking,Spinari,Speeding,2way,0.0,80,4G,-110,69.0,-8.0,0.0087286329041706,40.32180666370396,21.792438837030947,Intentional
User_40,2025-02-09 05:17:37,0.482,0.4457,Driving,Zep,Reckless_Driving,6way,0.0,20,112,-78,40.0,-13.0,0.0067883209163192,40.28030437256523,21.752634627966177,Intentional
User_52,2025-02-09 06:20:29,0.544,0.1552,Running,Spinari,Speeding,4way,0.0,10,4G,-82,41.0,-6.0,0.009829296268254,40.27915301851348,21.754353092131726,Intentional
User_98,2025-02-09 19:35:36,0.46,0.2318,Running,Center,Reckless_Driving,2way,0.0,30,WiFi,-119,79.0,14.0,0.0033575666608748,40.32158748265001,22.598969,Intentional
User_03,2025-02-09 21:28:28,0.568,0.1084,Walking,Spinari,Driving_Under_Influence,1way,0.0,20,WiFi,-79,33.0,12.0,0.0028626986308404,40.2795975353798,21.753523592092336,Intentional
User_44,2025-02-09 22:23:12,0.332,0.1626,Flying,Ligeris,Driving_Under_Influence,2way,0.0,20,WiFi,-59,55.0,-3.0,0.0091953439328361,40.30685916234982,21.808230532490725,Intentional
User_81,2025-02-09 23:49:26,0.376,0.3625,Flying,Zep,Driving_Under_Influence,4way,1.0,10,WiFi,-67,35.0,5.0,0.0089868093963263,40.27926352061928,21.75326378033495,Intentional
User_25,2025-02-10 09:00:01,0.408,0.2168,Driving,Spinari,Driving_Under_Influence,1way,1.0,40,WiFi,-54,84.0,16.0,0.0023612921609309,40.28019603711654,21.752644845622367,Intentional
User_54,2025-02-10 11:09:06,0.327,0.3549,Running,Ligeris,Speeding,5way,2.0,60,WiFi,-87,22.0,-1.0,0.0059111581201709,40.30582752833349,21.80666291155798,Intentional
User_02,2025-02-10 15:02:35,0.529,0.3806,Driving,Ligeris,Driving_Under_Influence,6way,0.0,70,WiFi,-77,-25.0,3.0,0.0022502174614179,40.30452403498031,21.80764256994384,Intentional
User_32,2025-02-10 18:08:53,0.464,0.101,Walking,Zep,Reckless_Driving,6way,3.0,80,5G,-105,55.0,14.0,0.0035050166874111,42.714516,21.753335978258647,Intentional
User_05,2025-02-10 20:32:28,0.743,0.3777,Driving,Zep,Reckless_Driving,6way,2.0,40,4G,-106,75.0,6.0,0.031,40.27958359013244,21.75333673184336,Intentional
User_34,2025-02-10 23:07:55,0.431,0.2349,Walking,Ligeris,Reckless_Driving,5way,1.0,110,5G,-116,21.0,1.0,0.039,40.30745838502828,21.80679642724044,Intentional
User_77,2025-02-11 00:19:32,0.428,0.0995,Walking,Koila,Speeding,5way,0.0,30,4G,-88,78.0,-13.0,0.0012215383025552,42.654987,21.78983817255337,Intentional
User_87,2025-02-11 08:11:08,0.709,0.4632,Driving,Spinari,Speeding,2way,0.0,20,5G,-76,-139.0,-3.0,0.005653142335994,40.30746229180243,21.80875055150802,Intentional
User_76,2025-02-11 08:37:03,0.355,0.2811,Flying,Ligeris,Reckless_Driving,2way,0.0,40,5G,-75,8.0,10.0,0.0048762826905354,40.307026252435186,21.80862817485087,Intentional
User_19,2025-02-11 08:46:28,0.745,0.4635,Walking,Zep,Speeding,6way,0.0,90,5G,-74,39.0,-3.0,0.0067132138229471,40.27957896822238,21.7516102227184,Intentional
User_61,2025-02-11 12:16:09,0.546,0.1627,Walking,Center,Reckless_Driving,2way,0.0,80,4G,-72,67.0,2.0,0.0015926744224392,40.30668479383143,21.80873104693948,Intentional
User_55,2025-02-11 12:43:16,0.447,0.4194,Running,Center,Driving_Under_Influence,4way,0.0,30,WiFi,-76,43.0,-8.0,0.0078421364001501,40.3224157403104,21.79034128579031,Intentional
User_68,2025-02-11 15:11:42,0.472,0.1159,Running,Ligeris,Speeding,5way,3.0,40,5G,-84,27.0,0.0,0.0032561592204903,40.30539342323534,21.80750392726721,Intentional
User_12,2025-02-11 17:05:02,0.67,0.4352,Running,Center,Driving_Under_Influence,2way,2.0,10,3G,-80,16.0,17.0,0.0060475502222415,40.27956520483307,21.75344929696496,Intentional
User_45,2025-02-11 20:08:06,0.285,0.3563,Swimming,Ligeris,Speeding,1way,0.0,50,4G,-80,21.0,2.0,0.002164599414243,40.306095008244995,21.808103639515256,Intentional
User_17,2025-02-11 20:53:50,0.631,0.2238,Running,Spinari,Driving_Under_Influence,4way,0.0,30,3G,-101,60.0,-2.0,0.0085955628582246,38.189123,21.808025801870784,Intentional
User_92,2025-02-11 21:14:44,0.694,0.2592,Walking,Center,Reckless_Driving,2way,4.0,40,5G,-101,6.0,15.0,0.035,40.27927927040765,21.75467600337692,Intentional
User_42,2025-02-12 04:58:22,0.738,0.1986,Walking,Ligeris,Driving_Under_Influence,6way,0.0,10,4G,-97,18.0,-8.0,0.0052891193605729,40.30607989573157,21.80750683014132,Intentional
User_85,2025-02-12 09:44:37,0.254,0.2103,Swimming,Koila,Reckless_Driving,2way,4.0,70,WiFi,-80,33.0,9.0,0.0093227077216541,40.32272308888108,21.78934897953256,Intentional
User_31,2025-02-12 11:21:55,0.56,0.4374,Flying,Zep,Driving_Under_Influence,4way,0.0,20,WiFi,-77,9.0,-13.0,0.0061524899367168,40.27954508078221,21.791256784153244,Intentional
User_22,2025-02-12 16:57:01,0.413,0.1309,Swimming,Zep,Driving_Under_Influence,2way,1.0,30,4G,-118,68.0,10.0,0.0033223015752033,40.27951256148744,19.595472,Intentional
User_23,2025-02-12 17:56:32,0.458,0.5641,Walking,Koila,Speeding,5way,0.0,20,107,-73,33.0,-9.0,0.00824727608404,40.321834494688744,21.79197600431647,Intentional
User_96,2025-02-12 18:50:25,0.261,0.3431,Walking,Spinari,Speeding,1way,1.0,30,5G,-96,5.0,-10.0,0.0045495241342567,40.30642758481129,21.80807181216629,Intentional
User_24,2025-02-12 19:30:13,0.445,0.1676,Running,Koila,Speeding,5way,0.0,60,119,-110,8.0,-8.0,0.0047674855695064,40.32175955128759,21.79126542482095,Intentional
User_20,2025-02-12 21:28:44,0.334,0.4071,Swimming,Koila,Speeding,4way,0.0,40,WiFi,-87,49.0,-15.0,0.043,40.322906165841026,21.79164079247752,Intentional
User_51,2025-02-12 22:08:22,0.613,0.466,Driving,Spinari,Reckless_Driving,1way,1.0,10,5G,-90,94.0,25.0,0.0036539637485097,40.32208219024496,21.79126689203195,Intentional
User_97,2025-02-12 22:37:32,0.337,0.3653,Flying,Koila,Speeding,2way,0.0,90,5G,-89,58.0,-7.0,0.0037849366015182,40.32221299214122,21.79125643565593,Intentional
User_07,2025-02-13 02:54:11,0.625,0.1674,Walking,Koila,Driving_Under_Influence,6way,0.0,50,4G,-93,77.0,1.0,0.0085305180678544,40.32180237037423,21.79159231299667,Intentional
User_11,2025-02-13 03:17:40,0.602,0.403,Driving,Koila,Driving_Under_Influence,5way,1.0,50,5G,-117,16.0,5.0,0.002473610963442,40.321682592193,21.7906439858574,Intentional
User_63,2025-02-13 03:32:41,0.543,0.2026,Running,Ligeris,Driving_Under_Influence,5way,1.0,40,WiFi,-60,32.0,1.0,0.022,40.3054896723593,21.80609440116888,Intentional
User_18,2025-02-13 10:47:04,0.251,0.4765,Flying,Koila,Speeding,2way,1.0,40,3G,-120,60.0,2.0,0.0055468191645325,38.070226,21.792375051485035,Intentional
User_76,2025-02-13 11:03:17,0.355,0.2861,Walking,Spinari,Reckless_Driving,1way,0.0,60,3G,-93,95.0,12.0,0.007220680832956,40.27954809005399,21.753281821571168,Intentional
User_15,2025-02-13 11:23:28,0.627,0.3931,Swimming,Zep,Speeding,4way,1.0,30,3G,-117,96.0,-9.0,0.0054625645358233,40.27875383060029,21.751986520417148,Intentional
User_09,2025-02-13 13:14:25,0.307,0.4728,Swimming,Ligeris,Speeding,2way,1.0,20,4G,-75,9.0,4.0,0.0085060538205923,40.30647547545468,21.80743052450732,Intentional
User_53,2025-02-13 15:58:17,0.313,0.1856,Swimming,Koila,Reckless_Driving,4way,2.0,30,4G,-111,8.0,3.0,0.0045829995602692,40.321765531782155,21.79089730992484,Intentional
User_98,2025-02-13 16:18:42,0.46,0.2398,Walking,Koila,Driving_Under_Influence,5way,0.0,10,3G,-106,1.0,2.0,0.026,40.3203434603365,21.791067689283167,Intentional
User_61,2025-02-13 16:42:34,0.546,0.1667,Driving,Center,Driving_Under_Influence,1way,1.0,20,WiFi,-71,60.0,7.0,0.0031810891437772,40.30589252593508,21.80803000055544,Intentional
User_35,2025-02-13 17:41:48,0.274,0.1662,Walking,Ligeris,Driving_Under_Influence,6way,3.0,30,5G,-102,30.0,-12.0,0.0029198155700961,40.30646938592418,21.80698773877649,Intentional
User_52,2025-02-13 18:09:58,0.544,0.1642,Swimming,Zep,Speeding,2way,0.0,40,105,-87,93.0,16.0,0.005653142335994,40.27807990862938,21.75298103913403,Intentional
User_77,2025-02-13 19:29:13,0.428,0.1045,Walking,Spinari,Reckless_Driving,2way,2.0,90,4G,-95,8.0,-15.0,0.0062333968080044,40.28056505357087,21.754333451389492,Intentional
User_32,2025-02-14 07:03:53,0.464,0.108,Driving,Ligeris,Driving_Under_Influence,6way,0.0,30,4G,-108,98.0,-22.0,0.0090000460520681,40.307297249756715,21.807541523355365,Intentional
User_78,2025-02-14 07:33:39,0.347,0.3276,Running,Spinari,Driving_Under_Influence,1way,3.0,50,WiFi,-69,58.0,-6.0,0.0054292690957488,40.27987847631731,21.752760047034084,Intentional
User_44,2025-02-14 09:36:03,0.332,0.1726,Flying,Ligeris,Speeding,1way,0.0,30,4G,-74,28.0,8.0,0.0029809006394852,40.304831480628344,21.80766595335158,Intentional
User_64,2025-02-14 09:56:17,0.511,0.4398,Driving,Koila,Driving_Under_Influence,6way,1.0,60,5G,-119,2.0,-9.0,0.0075676280741621,40.32315509231088,21.789949155342505,Intentional
User_43,2025-02-14 15:21:34,0.416,0.2477,Running,Koila,Reckless_Driving,6way,0.0,50,4G,-92,-35.0,-1.0,0.0052692943210386,40.32124535552276,21.791207572393397,Intentional
User_58,2025-02-14 18:20:19,0.465,0.123,Flying,Ligeris,Driving_Under_Influence,1way,4.0,10,4G,-74,96.0,15.0,0.0034790019417547,40.30533346930133,21.80946351488682,Intentional
User_08,2025-02-14 22:55:42,0.347,0.4478,Flying,Ligeris,Reckless_Driving,2way,3.0,30,WiFi,-75,50.0,3.0,0.0027335742933207,40.30717739781068,21.80797611301394,Intentional
User_08,2025-02-15 01:37:18,0.347,0.4488,Driving,Ligeris,Reckless_Driving,6way,3.0,50,WiFi,-90,67.0,6.0,0.0043663926919803,40.30621340583019,21.807761565879783,Intentional
User_07,2025-02-15 02:30:42,0.625,0.1714,Running,Spinari,Speeding,2way,1.0,30,4G,-109,32.0,-4.0,0.0011220950989415,38.434306,21.80721176287182,Intentional
User_88,2025-02-15 02:32:13,0.471,0.2167,Driving,Spinari,Speeding,2way,0.0,30,3G,-101,60.0,-12.0,0.028,40.30506615354095,21.806426878953552,Intentional
User_66,2025-02-15 03:45:49,0.28,0.3197,Driving,Spinari,Speeding,1way,0.0,80,5G,-78,19.0,-21.0,0.0071041902926338,40.30574652345149,21.80909455980552,Intentional
User_91,2025-02-15 08:31:00,0.587,0.3948,Walking,Koila,Reckless_Driving,6way,0.0,70,3G,-107,16.0,7.0,0.04,40.3234534720509,21.790608058860848,Intentional
User_77,2025-02-15 11:33:00,0.428,0.1075,Driving,Zep,Driving_Under_Influence,5way,0.0,30,3G,-105,70.0,-11.0,0.0084392025041271,40.279279118805654,21.75103761229087,Intentional
User_29,2025-02-15 16:19:39,0.415,0.2554,Swimming,Zep,Driving_Under_Influence,2way,1.0,30,WiFi,-82,34.0,6.0,0.008569671721401,40.27863725632646,21.75212381026224,Intentional
User_44,2025-02-15 17:02:17,0.332,0.1746,Running,Koila,Speeding,5way,0.0,50,4G,-99,79.0,-8.0,0.0030999478703292,40.32231645105017,18.862112,Intentional
User_69,2025-02-15 17:32:26,0.34,0.4511,Flying,Koila,Reckless_Driving,4way,0.0,30,WiFi,-53,70.0,-1.0,0.0025022143129627,40.32249797922088,21.790835694282457,Intentional
User_64,2025-02-15 21:09:54,0.511,0.4428,Walking,Spinari,Driving_Under_Influence,1way,0.0,60,3G,-95,91.0,-13.0,0.032,40.3231170403249,21.79045457575471,Intentional
User_86,2025-02-15 21:36:05,0.469,0.0931,Walking,Center,Reckless_Driving,2way,0.0,60,5G,-119,8.0,17.0,0.0031053587467103,40.279179869920696,21.751948616181934,Intentional
User_10,2025-02-15 23:59:47,0.315,0.4418,Walking,Spinari,Reckless_Driving,2way,1.0,80,5G,-71,28.0,-5.0,0.0069231007419031,40.32052858150442,21.790273693056953,Intentional
User_36,2025-02-16 05:06:53,0.563,0.4809,Walking,Spinari,Driving_Under_Influence,2way,5.0,40,5G,-106,32.0,-10.0,0.0065305998642135,40.32084874818363,21.79039867181065,Intentional
User_45,2025-02-16 05:08:36,0.285,0.3653,Flying,Koila,Speeding,4way,0.0,50,5G,-82,53.0,-11.0,0.0096169919977374,40.32197747214031,21.791224934107436,Intentional
User_86,2025-02-16 05:55:11,0.469,0.0941,Driving,Spinari,Reckless_Driving,1way,1.0,60,WiFi,-72,25.0,16.0,0.0033338598822626,40.27961487743069,21.752276442018353,Intentional
User_50,2025-02-16 13:10:26,0.398,0.3246,Driving,Center,Driving_Under_Influence,2way,0.0,20,WiFi,-81,11.0,-7.0,0.0076815857901265,40.32039772859877,21.79123973292288,Intentional
User_91,2025-02-16 15:19:50,0.587,0.3978,Walking,Koila,Reckless_Driving,5way,2.0,40,3G,-103,33.0,15.0,0.044,40.32196818411918,21.791077085773445,Intentional
User_72,2025-02-16 15:37:15,0.567,0.1345,Flying,Zep,Driving_Under_Influence,1way,0.0,10,5G,-115,32.0,1.0,0.0058354383115926,40.27989012621977,21.75283206222631,Intentional
User_13,2025-02-16 18:40:38,0.75,0.3374,Running,Koila,Speeding,5way,0.0,60,4G,-79,49.0,8.0,0.039,40.32232881330776,21.789648771189835,Intentional
User_56,2025-02-16 22:51:39,0.374,0.1057,Walking,Spinari,Driving_Under_Influence,1way,1.0,10,3G,-118,-17.0,3.0,0.0061105443504002,40.32278697691619,21.79282647422408,Intentional
User_27,2025-02-17 01:33:38,0.535,0.3461,Swimming,Ligeris,Reckless_Driving,1way,0.0,30,5G,-86,47.0,-11.0,0.005653142335994,40.30558939912743,21.806279113156,Intentional
User_07,2025-02-17 09:45:51,0.625,0.1764,Swimming,Koila,Driving_Under_Influence,2way,1.0,60,118,-94,87.0,-12.0,0.0068489289881431,40.32098831960643,21.79121627276862,Intentional
User_69,2025-02-17 10:38:44,0.34,0.4551,Swimming,Ligeris,Speeding,2way,0.0,20,104,-106,70.0,14.0,0.0093784367736335,40.30610095825604,21.791256784153244,Intentional
User_91,2025-02-17 16:33:07,0.587,0.3988,Flying,Koila,Reckless_Driving,2way,0.0,50,119,-79,82.0,15.0,0.0073834752614526,40.32302269694823,21.790508740656986,Intentional
User_44,2025-02-17 17:04:37,0.332,0.1786,Driving,Koila,Speeding,5way,0.0,50,WiFi,-53,-141.0,0.0,0.0041472378123699,40.32352216275971,21.791256784153244,Intentional
User_88,2025-02-17 17:37:22,0.471,0.2217,Driving,Ligeris,Driving_Under_Influence,6way,0.0,10,WiFi,-86,45.0,-13.0,0.0098925481689152,40.30753027739178,21.80783491557424,Intentional
User_23,2025-02-17 17:50:11,0.458,0.244,Running,Center,Driving_Under_Influence,2way,1.0,10,5G,-120,41.0,-16.0,0.0079756629751908,40.278017785629075,21.752206953291637,Intentional
User_47,2025-02-17 18:59:06,0.585,0.2032,Swimming,Ligeris,Reckless_Driving,2way,1.0,70,118,-112,12.0,10.0,0.0067510511692961,40.30637707373001,21.80733619718886,Intentional
User_49,2025-02-17 19:01:39,0.637,0.4363,Flying,Koila,Reckless_Driving,2way,0.0,30,4G,-116,-38.0,-6.0,0.0044635880357304,40.32348724630821,21.79218851997769,Intentional
User_16,2025-02-17 19:28:17,0.513,0.3017,Running,Zep,Speeding,5way,0.0,40,WiFi,-88,72.0,6.0,0.0070892213675634,40.27926128530604,21.752986363876857,Intentional
User_05,2025-02-17 20:36:21,0.743,0.3917,Flying,Ligeris,Reckless_Driving,2way,1.0,40,WiFi,-69,20.0,4.0,0.0083624454271141,40.30648241946027,21.807276584857693,Intentional
User_75,2025-02-17 21:43:38,0.409,0.2681,Driving,Spinari,Driving_Under_Influence,2way,0.0,20,5G,-104,36.0,14.0,0.0058172295124814,40.32324058937308,17.390592,Intentional
User_06,2025-02-17 23:01:54,0.584,0.4635,Flying,Koila,Speeding,4way,0.0,40,5G,-99,74.0,1.0,0.041,40.32188939410898,21.792989718256493,Intentional
User_02,2025-02-18 01:35:24,0.529,0.3966,Driving,Koila,Driving_Under_Influence,6way,0.0,90,3G,-119,70.0,10.0,0.045,40.32350677408731,21.79040441700564,Intentional
User_33,2025-02-18 07:05:24,0.634,0.3102,Flying,Koila,Driving_Under_Influence,4way,0.0,30,3G,-110,12.0,-16.0,0.0088086577734355,40.3214036615192,21.790540211198916,Intentional
User_27,2025-02-18 08:25:38,0.535,0.3481,Walking,Ligeris,Driving_Under_Influence,5way,1.0,50,3G,-77,81.0,-11.0,0.0038040969593574,40.30682645510598,19.653144,Intentional
User_84,2025-02-18 11:30:43,0.527,0.1697,Driving,Spinari,Speeding,1way,1.0,70,3G,-81,31.0,8.0,0.0074541427814197,40.306447881487685,21.80735915751581,Intentional
User_19,2025-02-18 11:46:34,0.745,0.4785,Swimming,Ligeris,Reckless_Driving,2way,1.0,40,4G,-97,56.0,-1.0,0.008627433769556,40.3059000795928,21.8078584475077,Intentional
User_01,2025-02-18 11:48:58,0.619,0.3698,Driving,Koila,Driving_Under_Influence,6way,3.0,40,4G,-116,41.0,-6.0,0.0076543524395443,40.32189418086395,21.789488515784264,Intentional
User_81,2025-02-18 17:16:40,0.376,0.3805,Running,Spinari,Reckless_Driving,2way,1.0,70,WiFi,-118,40.0,10.0,0.0046245884782162,40.32117218814888,21.792889575556156,Intentional
User_47,2025-02-19 00:19:47,0.585,0.2062,Walking,Center,Driving_Under_Influence,2way,1.0,20,3G,-105,100.0,14.0,0.0013982148123426,40.306225707003776,21.807500394993216,Intentional
User_16,2025-02-19 01:51:00,0.513,0.3047,Swimming,Ligeris,Speeding,4way,1.0,30,5G,-83,22.0,16.0,0.0050557215179745,40.30646579528211,21.807711856808147,Intentional
User_55,2025-02-19 05:08:31,0.447,0.4354,Running,Koila,Driving_Under_Influence,5way,0.0,60,WiFi,-83,-136.0,9.0,0.0080602083376011,40.32281430959844,21.79159304738736,Intentional
User_29,2025-02-19 05:27:54,0.415,0.2624,Walking,Center,Speeding,1way,0.0,30,4G,-95,9.0,-5.0,0.0081029659939745,40.27987815867273,21.75503976684833,Intentional
User_15,2025-02-19 07:14:59,0.627,0.4061,Running,Koila,Driving_Under_Influence,5way,0.0,30,3G,-77,65.0,-5.0,0.0099783514067769,40.32353792931862,21.79199044341518,Intentional
User_32,2025-02-19 08:52:23,0.464,0.119,Running,Koila,Reckless_Driving,5way,1.0,40,3G,-94,50.0,2.0,0.0020691371743046,40.32048965264176,21.790212529120108,Intentional
User_25,2025-02-19 10:24:39,0.46,0.2348,Driving,Zep,Speeding,5way,0.0,90,4G,-102,48.0,17.0,0.0012229459699925,40.27956610913015,21.751364085656142,Intentional
User_06,2025-02-19 16:52:16,0.584,0.4675,Driving,Zep,Speeding,5way,0.0,10,4G,-73,92.0,15.0,0.0054781990032265,40.28051982417482,21.752221796021143,Intentional
User_89,2025-02-19 19:27:47,0.336,0.1121,Walking,Ligeris,Reckless_Driving,6way,1.0,60,5G,-84,4.0,12.0,0.0072408874101888,40.30591843925991,21.808007864327763,Intentional
User_12,2025-02-20 00:45:27,0.67,0.4522,Flying,Zep,Speeding,2way,1.0,30,3G,-90,17.0,0.0,0.046,40.27967621892404,21.75287193601453,Intentional
User_06,2025-02-20 01:10:12,0.584,0.4685,Running,Center,Reckless_Driving,2way,3.0,60,WiFi,-73,39.0,-7.0,0.043,40.32184847565909,21.789864649410426,Intentional
User_98,2025-02-20 03:57:21,0.46,0.2528,Running,Center,Reckless_Driving,2way,0.0,90,5G,-104,43.0,1.0,0.0073665938572484,40.306796035307634,21.80816083782681,Intentional
User_73,2025-02-20 05:47:02,0.325,0.2907,Flying,Koila,Reckless_Driving,2way,2.0,30,5G,-118,12.0,-14.0,0.0023006964857014,40.32201140647998,21.790478464228517,Intentional
User_37,2025-02-20 06:39:48,0.306,0.3764,Running,Center,Driving_Under_Influence,2way,1.0,90,3G,-77,-137.0,-14.0,0.0037644003644949,40.27980875139955,21.754240422472243,Intentional
User_80,2025-02-20 06:45:37,0.704,0.2607,Running,Ligeris,Speeding,6way,0.0,80,5G,-113,77.0,-16.0,0.0081968412601196,40.306801857431864,21.807553070584017,Intentional
User_15,2025-02-20 10:15:39,0.627,0.4081,Driving,Spinari,Driving_Under_Influence,2way,0.0,20,5G,-101,64.0,8.0,0.0097686551953568,40.321282338652765,18.212064,Intentional
User_96,2025-02-20 11:14:27,0.261,0.3581,Flying,Ligeris,Driving_Under_Influence,4way,3.0,10,4G,-80,49.0,8.0,0.0072690721069419,40.30635703197005,21.807909868742858,Intentional
User_63,2025-02-20 12:09:48,0.543,0.2166,Running,Center,Speeding,4way,2.0,40,WiFi,Ethernet,61.0,-13.0,0.0097256143660353,40.32276015618318,21.79207014919008,Intentional
User_61,2025-02-20 12:37:23,0.546,0.1817,Swimming,Zep,Speeding,2way,1.0,40,3G,-98,24.0,-1.0,0.0093113212464612,40.279903774022074,21.75367443405432,Intentional
User_75,2025-02-20 17:32:08,0.409,0.2731,Driving,Zep,Reckless_Driving,5way,0.0,20,5G,-81,96.0,-9.0,0.0058596834462287,40.279755343990395,21.75355530471819,Intentional
User_37,2025-02-20 18:27:01,0.306,0.3774,Swimming,Koila,Speeding,1way,1.0,30,4G,-72,16.0,11.0,0.0043599655346373,40.32116536947597,18.45198,Intentional
User_34,2025-02-20 19:45:45,0.431,0.2549,Flying,Zep,Speeding,2way,0.0,50,5G,-109,75.0,2.0,0.0042220905391225,40.27962517802209,21.75337099533925,Intentional
User_32,2025-02-20 21:44:29,0.464,0.121,Flying,Koila,Reckless_Driving,2way,0.0,90,4G,-98,38.0,10.0,0.0013019387220894,40.32214935153353,18.768218,Intentional
User_20,2025-02-20 23:46:32,0.334,0.4231,Running,Spinari,Speeding,2way,0.0,50,5G,-97,35.0,-17.0,0.0050285022221242,40.32314097244796,21.790140916047072,Intentional
User_41,2025-02-21 00:12:24,0.628,0.2641,Running,Spinari,Speeding,4way,1.0,50,4G,-98,35.0,-8.0,0.0029399645427378,37.898187,21.754398575237676,Intentional
User_75,2025-02-21 00:54:51,0.409,0.2751,Driving,Zep,Speeding,5way,0.0,30,WiFi,-70,70.0,-4.0,0.002177424359648,40.27784339143403,21.7526399963035,Intentional
User_61,2025-02-21 01:46:54,0.546,0.1837,Driving,Center,Driving_Under_Influence,4way,1.0,60,4G,Satellite,33.0,-13.0,0.0092300802125632,40.30621932736592,21.807518806618653,Intentional
User_88,2025-02-21 02:49:46,0.46,0.2287,Flying,Ligeris,Reckless_Driving,1way,2.0,20,106,-85,100.0,16.0,0.0070502347491206,40.306914338167914,21.808965606275752,Intentional
User_60,2025-02-21 03:10:16,0.353,0.4688,Flying,Zep,Speeding,4way,0.0,40,3G,-113,74.0,9.0,0.0037268005695768,40.279585640138414,21.754785386983983,Intentional
User_49,2025-02-21 05:25:59,0.637,0.4433,Driving,Center,Speeding,4way,2.0,80,108,-105,31.0,7.0,0.0095068164660529,40.30600551789824,21.80784348159334,Intentional
User_77,2025-02-21 09:09:53,0.428,0.1205,Swimming,Zep,Speeding,1way,0.0,10,3G,-78,49.0,7.0,0.023,40.28019580375275,21.75116937204617,Intentional
User_17,2025-02-21 10:41:28,0.631,0.2438,Driving,Koila,Speeding,6way,0.0,30,5G,Ethernet,99.0,-13.0,0.0083368925883649,40.3226834107318,21.79111503760156,Intentional
User_53,2025-02-21 12:26:30,0.313,0.2026,Running,Zep,Driving_Under_Influence,5way,1.0,60,WiFi,-73,97.0,14.0,0.0065010993732415,40.278573187312354,22.132009,Intentional
User_80,2025-02-21 19:35:47,0.704,0.2637,Walking,Spinari,Reckless_Driving,2way,1.0,50,3G,-88,4.0,0.0,0.006475606381562,40.28017093208785,21.791256784153244,Intentional
User_87,2025-02-21 19:58:29,0.709,0.4842,Walking,Ligeris,Speeding,5way,0.0,40,5G,-95,67.0,14.0,0.0060343875128355,40.30510976975586,21.806328356008457,Intentional
User_57,2025-02-21 23:36:40,0.372,0.2152,Running,Koila,Speeding,5way,3.0,70,5G,-97,100.0,-2.0,0.0017501467293625,40.32198561268834,21.79156557113589,Intentional
User_12,2025-02-22 03:39:24,0.67,0.4562,Swimming,Koila,Speeding,2way,0.0,50,5G,-111,64.0,-5.0,0.0095957946069524,40.321125705741856,21.789363797278096,Intentional
User_62,2025-02-22 05:05:59,0.366,0.2132,Driving,Zep,Reckless_Driving,6way,0.0,50,5G,-115,83.0,1.0,0.0058892541869028,40.280303106703855,21.753359704260085,Intentional
User_41,2025-02-22 06:02:35,0.628,0.2661,Walking,Zep,Reckless_Driving,5way,0.0,20,WiFi,-79,87.0,-10.0,0.0046297099456665,40.27799096827764,21.752705013990123,Intentional
User_26,2025-02-22 07:41:33,0.408,0.3525,Running,Zep,Driving_Under_Influence,6way,1.0,30,4G,-115,18.0,13.0,0.0095300594842226,40.28060109509937,21.755107984408035,Intentional
User_58,2025-02-22 09:56:41,0.465,0.138,Running,Zep,Speeding,5way,0.0,40,WiFi,-74,49.0,10.0,0.0075879106813862,40.28051067617065,21.754267121140995,Intentional
User_55,2025-02-22 13:51:43,0.447,0.4414,Driving,Zep,Driving_Under_Influence,5way,0.0,30,3G,-94,63.0,3.0,0.021,40.28017152596865,21.75325133253344,Intentional
User_72,2025-02-22 14:03:39,0.567,0.1455,Flying,Zep,Reckless_Driving,1way,0.0,40,4G,-94,50.0,11.0,0.0063581866331599,40.27887237182696,21.754297932856083,Intentional
User_77,2025-02-22 18:23:41,0.428,0.1225,Running,Center,Speeding,1way,3.0,60,WiFi,Ethernet,35.0,7.0,0.00178698389673,40.279533940336215,21.75315857699787,Intentional
User_23,2025-02-22 19:27:09,0.458,0.254,Driving,Spinari,Reckless_Driving,1way,0.0,60,4G,-71,93.0,-13.0,0.0054761809667793,40.279606003950654,18.549022,Intentional
User_54,2025-02-22 19:41:39,0.327,0.3799,Running,Zep,Driving_Under_Influence,5way,0.0,20,5G,Satellite,40.0,-1.0,0.004138879610661,40.27866511769133,21.75331044325549,Intentional
User_63,2025-02-22 21:58:35,0.543,0.2216,Swimming,Ligeris,Reckless_Driving,2way,1.0,60,5G,-80,99.0,-12.0,0.0092834841664505,38.743591,21.806368773945515,Intentional
User_46,2025-02-23 00:35:25,0.519,0.4476,Walking,Koila,Reckless_Driving,6way,0.0,40,5G,-110,20.0,-3.0,0.005653142335994,38.27264,21.790880174933005,Intentional
User_62,2025-02-23 01:19:58,0.366,0.2152,Swimming,Koila,Driving_Under_Influence,2way,1.0,40,4G,Ethernet,57.0,-1.0,0.004814327922111,40.322117481773255,21.79053480534511,Intentional
User_01,2025-02-23 01:28:41,0.619,0.3788,Flying,Koila,Reckless_Driving,2way,0.0,50,3G,-84,-148.0,3.0,0.0066130032397684,40.32132633784154,21.790712232530783,Intentional
User_90,2025-02-23 04:38:28,0.525,0.1668,Walking,Ligeris,Speeding,5way,1.0,80,WiFi,-59,69.0,-12.0,0.0050373747641338,40.30563208677557,21.80702256530891,Intentional
User_18,2025-02-23 05:25:16,0.251,0.4965,Walking,Ligeris,Reckless_Driving,6way,0.0,40,4G,-97,93.0,4.0,0.04,40.30581516560538,21.80815884515216,Intentional
User_71,2025-02-23 12:01:53,0.256,0.1103,Running,Ligeris,Driving_Under_Influence,6way,0.0,80,4G,-77,47.0,-16.0,0.0049111667365591,40.305344316196845,21.808382568078265,Intentional
User_61,2025-02-23 21:46:37,0.546,0.1877,Driving,Spinari,Speeding,4way,2.0,90,3G,-80,-40.0,9.0,0.0021652119849188,40.3056483811169,21.806825973237046,Intentional
User_50,2025-02-23 23:16:13,0.398,0.3396,Flying,Zep,Driving_Under_Influence,2way,2.0,10,WiFi,-85,34.0,11.0,0.0037460961543348,40.27947899446849,21.791256784153244,Intentional
User_74,2025-02-23 23:31:36,0.497,0.4644,Swimming,Ligeris,Speeding,4way,1.0,60,WiFi,-79,35.0,17.0,0.0095297757721668,40.30763650218551,21.80636823809693,Intentional
User_03,2025-02-24 03:25:53,0.568,0.1374,Swimming,Ligeris,Driving_Under_Influence,4way,1.0,50,3G,Ethernet,15.0,-7.0,0.0097307124149721,40.30661060601733,21.8072107654587,Intentional
User_96,2025-02-24 07:03:59,0.261,0.3661,Flying,Koila,Driving_Under_Influence,1way,0.0,40,4G,-115,44.0,-10.0,0.0090602951536969,40.32119770368353,21.79069121287768,Intentional
User_09,2025-02-24 10:04:06,0.307,0.4938,Walking,Spinari,Reckless_Driving,1way,0.0,10,WiFi,-90,91.0,2.0,0.0014929151092672,40.27909087877232,21.754580822768432,Intentional
User_69,2025-02-24 11:07:34,0.34,0.4691,Running,Center,Driving_Under_Influence,2way,0.0,60,WiFi,-87,1.0,-1.0,0.0049786024528311,40.27964315062251,21.751532161264016,Intentional
User_97,2025-02-24 11:49:48,0.337,0.3883,Flying,Koila,Driving_Under_Influence,2way,4.0,40,4G,-107,58.0,-9.0,0.0086207127703921,40.32114484104514,21.7911381542174,Intentional
User_08,2025-02-24 13:52:18,0.347,0.5641,Walking,Center,Speeding,1way,0.0,50,3G,-104,92.0,0.0,0.0053180074166275,40.321141973143135,21.79305200631923,Intentional
User_04,2025-02-24 15:47:44,0.662,0.1617,Driving,Spinari,Reckless_Driving,2way,1.0,20,3G,-119,72.0,10.0,0.0085425167874657,40.27958915576055,21.754126112092564,Intentional
User_80,2025-02-24 15:55:24,0.704,0.2687,Flying,Koila,Driving_Under_Influence,2way,3.0,50,WiFi,-69,90.0,-9.0,0.0016950267299906,42.12013,21.792707374647275,Intentional
User_54,2025-02-24 16:07:24,0.327,0.3839,Driving,Spinari,Driving_Under_Influence,1way,1.0,50,3G,-78,29.0,-10.0,0.025,40.32170819940623,21.7914702666965,Intentional
User_24,2025-02-24 16:18:27,0.445,0.1916,Driving,Koila,Reckless_Driving,5way,0.0,50,3G,-102,14.0,-16.0,0.0075233387823907,40.32213393486262,21.793014738604512,Intentional
User_59,2025-02-24 21:59:18,0.265,0.2872,Swimming,Koila,Speeding,4way,4.0,60,114,-51,53.0,-9.0,0.0032660517994503,40.32087592008127,21.789636507643394,Intentional
User_06,2025-02-24 22:19:26,0.584,0.4775,Walking,Center,Driving_Under_Influence,2way,0.0,70,108,-92,42.0,-2.0,0.0033413137131875,40.30616411158551,21.807268251807823,Intentional
User_33,2025-02-25 05:23:44,0.634,0.3242,Walking,Koila,Driving_Under_Influence,5way,0.0,20,102,-88,24.0,2.0,0.0088069651712151,40.32263402146171,21.793148901873725,Intentional
User_55,2025-02-25 05:37:53,0.447,0.4464,Walking,Ligeris,Reckless_Driving,5way,0.0,10,5G,-83,68.0,8.0,0.0055854025523739,40.30450694945696,21.807184709826,Intentional
User_54,2025-02-25 07:00:52,0.327,0.3859,Walking,Spinari,Reckless_Driving,4way,1.0,80,3G,-108,49.0,14.0,0.0098314828525853,40.27945586331036,21.752218776214228,Intentional
User_45,2025-02-25 12:11:00,0.285,0.3843,Driving,Center,Reckless_Driving,2way,0.0,40,104,-76,74.0,-6.0,0.0038473320960311,40.306356240194376,21.80915780971023,Intentional
User_11,2025-02-25 15:45:30,0.602,0.428,Swimming,Ligeris,Reckless_Driving,2way,0.0,70,3G,Satellite,80.0,4.0,0.0073100411603287,40.30632531785662,21.80802187899481,Intentional
User_10,2025-02-25 15:54:57,0.315,0.4608,Walking,Spinari,Reckless_Driving,1way,3.0,30,4G,-89,42.0,-6.0,0.0072584937949107,40.27941007205367,21.754261489912253,Intentional
User_09,2025-02-25 22:43:52,0.307,0.4968,Driving,Spinari,Reckless_Driving,2way,0.0,80,119,-104,55.0,7.0,0.0054462527345813,40.32267811142855,21.79224627477786,Intentional
User_13,2025-02-25 23:06:42,0.75,0.3554,Swimming,Zep,Reckless_Driving,1way,1.0,10,5G,-80,26.0,16.0,0.003832326681786,40.27944144600438,21.752135532199915,Intentional
User_76,2025-02-26 02:06:22,0.355,0.3111,Flying,Zep,Speeding,2way,0.0,70,WiFi,-56,35.0,-11.0,0.0015395197741158,42.818746,21.75152097540468,Intentional
User_13,2025-02-26 03:33:59,0.75,0.3564,Running,Ligeris,Reckless_Driving,5way,1.0,90,106,-103,39.0,4.0,0.005484932300993,40.30519411530165,21.80752582385888,Intentional
User_44,2025-02-26 04:05:03,0.332,0.1956,Walking,Zep,Driving_Under_Influence,5way,1.0,50,5G,-115,17.0,5.0,0.0069407150339706,40.27909421079157,21.753065666174223,Intentional
User_02,2025-02-26 05:36:14,0.529,0.4126,Running,Center,Driving_Under_Influence,1way,0.0,60,5G,-82,1.0,-1.0,0.007539239758213,40.27960124706558,21.75292650184858,Intentional
User_75,2025-02-26 07:57:10,0.409,0.2851,Flying,Ligeris,Speeding,2way,2.0,80,3G,-83,29.0,2.0,0.0070748739640279,37.396457,21.806825432337376,Intentional
User_63,2025-02-26 08:19:56,0.543,0.2296,Driving,Center,Speeding,4way,1.0,60,WiFi,-57,16.0,-12.0,0.009743085258179,40.30567674050317,21.806680064884866,Intentional
User_68,2025-02-26 09:27:26,0.472,0.1459,Flying,Koila,Speeding,1way,0.0,10,5G,-112,93.0,-7.0,0.0026125644447781,40.32099422893285,21.78981797242459,Intentional
User_92,2025-02-26 09:44:41,0.694,0.2882,Swimming,Zep,Reckless_Driving,4way,1.0,40,5G,-81,86.0,9.0,0.0084141869458652,40.281005217467566,21.753209107413912,Intentional
User_23,2025-02-26 11:31:23,0.458,0.262,Running,Center,Speeding,2way,0.0,40,WiFi,-53,49.0,4.0,0.0071113677706179,40.30544958950668,21.80785855471093,Intentional
User_41,2025-02-26 14:44:50,0.628,0.5641,Driving,Zep,Driving_Under_Influence,5way,1.0,30,5G,-109,56.0,14.0,0.0087376119523775,40.27967385736657,19.371118,Intentional
User_71,2025-02-26 17:18:35,0.256,0.1163,Running,Center,Driving_Under_Influence,1way,1.0,80,WiFi,-79,26.0,15.0,0.004940418870751,40.27955499076019,21.75326096161249,Intentional
User_64,2025-02-26 18:44:14,0.511,0.4648,Driving,Spinari,Driving_Under_Influence,2way,4.0,80,WiFi,-76,90.0,-1.0,0.007931746541122,40.27953913335229,21.75302878255551,Intentional
User_38,2025-02-26 18:49:04,0.306,0.4191,Walking,Spinari,Speeding,2way,1.0,40,5G,-91,59.0,-13.0,0.0070220563999467,40.280362558807546,21.75276391645825,Intentional
User_19,2025-02-26 18:51:31,0.745,0.4945,Walking,Center,Speeding,1way,1.0,80,4G,-75,55.0,10.0,0.0076554357782492,37.058914,21.75107807687679,Intentional
User_51,2025-02-26 20:10:15,0.613,0.494,Walking,Zep,Driving_Under_Influence,6way,1.0,20,3G,-105,19.0,-25.0,0.0015719481631282,40.27957034208839,21.752232776731905,Intentional
User_06,2025-02-26 20:19:33,0.584,0.4815,Flying,Koila,Speeding,1way,0.0,40,3G,-80,5.0,6.0,0.0053819177030366,40.320574847103344,21.790944312236476,Intentional
User_83,2025-02-26 23:23:27,0.309,0.4725,Running,Zep,Driving_Under_Influence,6way,1.0,70,WiFi,-60,25.0,1.0,0.0033376685603762,41.96286,21.755071654583773,Intentional
User_90,2025-02-26 23:31:43,0.525,0.1738,Driving,Spinari,Reckless_Driving,2way,3.0,40,WiFi,-67,-125.0,-5.0,0.0040686194786776,40.30589067612497,21.805361414629427,Intentional
User_23,2025-02-27 01:06:06,0.458,0.263,Driving,Ligeris,Driving_Under_Influence,5way,1.0,50,4G,Ethernet,15.0,-11.0,0.0054871416456663,40.30649146348239,21.80865494950392,Intentional
User_82,2025-02-27 01:37:25,0.324,0.3269,Driving,Center,Speeding,2way,3.0,80,3G,-77,85.0,3.0,0.0083448349908414,40.321151501503216,21.792953501057013,Intentional
User_69,2025-02-27 03:36:22,0.34,0.4741,Running,Spinari,Speeding,1way,0.0,20,3G,-109,57.0,3.0,0.0099910095667079,40.322265226882514,21.790878329944576,Intentional
User_80,2025-02-27 05:43:43,0.704,0.2747,Flying,Koila,Driving_Under_Influence,2way,2.0,40,105,-60,55.0,-9.0,0.0060834364876384,40.322361554035005,21.792887211545672,Intentional
User_60,2025-02-27 06:01:12,0.353,0.4798,Walking,Ligeris,Reckless_Driving,6way,0.0,40,3G,-72,20.0,-4.0,0.0063579273989591,40.30629717147037,18.99931,Intentional
User_73,2025-02-27 07:03:19,0.325,0.3047,Running,Zep,Speeding,5way,0.0,40,4G,-82,96.0,-15.0,0.0069875734509046,40.2793150116896,21.753832756005806,Intentional
User_92,2025-02-27 08:08:30,0.694,0.2912,Driving,Zep,Speeding,5way,0.0,10,WiFi,-76,86.0,-15.0,0.0084830286190018,38.404291,21.755090962051536,Intentional
User_41,2025-02-27 09:11:01,0.628,0.2761,Driving,Ligeris,Reckless_Driving,6way,1.0,40,3G,-73,9.0,3.0,0.0063014143530904,40.30636476253363,21.80649282217904,Intentional
User_75,2025-02-27 10:15:58,0.409,0.2871,Swimming,Koila,Reckless_Driving,1way,0.0,40,3G,Ethernet,100.0,6.0,0.0091074396771977,40.32190494729824,21.790730825572528,Intentional
User_24,2025-02-27 18:48:23,0.445,0.1976,Running,Center,Driving_Under_Influence,2way,1.0,80,WiFi,-62,17.0,-10.0,0.026,40.32181336468432,21.792568301244135,Intentional
User_64,2025-02-27 19:23:59,0.511,0.4668,Driving,Spinari,Reckless_Driving,2way,1.0,80,4G,-108,3.0,14.0,0.0094543787217281,40.32209179829773,21.791482272470184,Intentional
User_11,2025-02-27 23:12:00,0.602,0.432,Driving,Zep,Speeding,5way,1.0,20,3G,-97,100.0,-12.0,0.005653142335994,40.2791325556658,21.755279782937052,Intentional
User_62,2025-02-28 06:12:16,0.366,0.2262,Walking,Spinari,Reckless_Driving,1way,0.0,50,WiFi,-84,79.0,-14.0,0.038,40.307855100461616,21.80661241469215,Intentional
User_15,2025-02-28 09:34:44,0.627,0.4241,Walking,Zep,Reckless_Driving,5way,1.0,20,110,-103,24.0,1.0,0.0023821488139934,40.27992452973681,21.791256784153244,Intentional
User_83,2025-02-28 11:34:29,0.309,0.4755,Flying,Zep,Speeding,1way,5.0,50,5G,-80,91.0,1.0,0.005872128783847,40.280127459659624,21.754570688840086,Intentional
User_01,2025-02-28 18:25:47,0.619,0.3888,Driving,Ligeris,Reckless_Driving,6way,0.0,40,4G,-119,50.0,1.0,0.0091655951802534,40.30517926490345,21.808134376292266,Intentional
User_96,2025-02-28 20:26:32,0.261,0.3751,Driving,Spinari,Reckless_Driving,2way,1.0,10,4G,-90,-40.0,-13.0,0.0063698314551117,40.32240933805336,21.79290973836562,Intentional
User_53,2025-02-28 22:31:01,0.313,0.2166,Walking,Ligeris,Speeding,6way,0.0,50,WiFi,-56,71.0,21.0,0.0052900306173846,40.307178820996654,21.80617375396487,Intentional
User_12,2025-02-28 23:09:07,0.67,0.4692,Walking,Center,Reckless_Driving,4way,0.0,10,WiFi,-83,68.0,-11.0,0.03,40.306230115631266,21.807467902724383,Intentional
User_41,2025-03-01 00:59:05,0.628,0.2801,Running,Center,Reckless_Driving,2way,0.0,50,WiFi,-72,51.0,5.0,0.0035232761408773,40.27851358417374,21.753111488577385,Intentional
User_92,2025-03-01 01:01:32,0.694,0.2942,Walking,Zep,Driving_Under_Influence,5way,1.0,30,5G,-88,30.0,14.0,0.005653142335994,40.27994100632099,22.632998,Intentional
User_87,2025-03-01 01:06:49,0.709,0.4992,Driving,Zep,Speeding,6way,2.0,10,WiFi,-74,45.0,-7.0,0.0030352179027825,40.27890285409899,21.754433693120692,Intentional
User_88,2025-03-01 06:42:35,0.471,0.2447,Swimming,Zep,Speeding,4way,0.0,80,3G,-90,25.0,5.0,0.046,40.27961044222511,21.753741846220993,Intentional
User_30,2025-03-01 10:50:41,0.413,0.2094,Swimming,Ligeris,Driving_Under_Influence,2way,0.0,30,5G,-73,58.0,-14.0,0.0097721533622217,40.30524284130138,21.806340370328673,Intentional
User_37,2025-03-02 04:05:45,0.306,0.3964,Driving,Center,Driving_Under_Influence,2way,0.0,20,WiFi,-60,67.0,-5.0,0.0023132014012876,40.30593782645379,21.80783173369369,Intentional
User_67,2025-03-02 07:08:50,0.529,0.3316,Walking,Center,Speeding,4way,0.0,40,102,-100,17.0,13.0,0.0045618025212716,40.30742066602178,21.809205663119727,Intentional
User_68,2025-03-02 08:02:35,0.472,0.1539,Driving,Koila,Driving_Under_Influence,5way,0.0,80,3G,-87,50.0,-12.0,0.0035552165414869,40.32135862375037,21.790113512206357,Intentional
User_57,2025-03-02 08:11:14,0.372,0.2322,Driving,Center,Speeding,2way,3.0,80,5G,-112,13.0,-5.0,0.0081893480151743,40.27968512931672,21.75262051990482,Intentional
User_07,2025-03-02 12:11:54,0.625,0.2014,Driving,Koila,Speeding,6way,0.0,10,3G,-120,39.0,16.0,0.0087838826810229,40.322404419069045,21.79120160863157,Intentional
User_01,2025-03-02 23:40:54,0.619,0.3938,Flying,Koila,Reckless_Driving,1way,2.0,20,3G,-88,38.0,11.0,0.0053788933163909,40.27970913808705,21.75207940214091,Intentional
User_54,2025-03-03 01:51:24,0.327,0.3969,Driving,Koila,Speeding,6way,5.0,80,4G,-79,62.0,-3.0,0.0041563473937177,40.32215798374642,21.792262142268925,Intentional
User_82,2025-03-03 04:25:33,0.324,0.3349,Walking,Ligeris,Speeding,5way,2.0,80,5G,-82,93.0,-20.0,0.0011082108467348,40.30631935516343,21.807720310631765,Intentional
User_24,2025-03-03 11:17:43,0.445,0.2046,Driving,Spinari,Reckless_Driving,4way,0.0,60,4G,-81,-133.0,-7.0,0.0062413785707957,40.30625604662119,21.80758204046336,Intentional
User_31,2025-03-03 14:27:19,0.56,0.5641,Running,Center,Speeding,1way,0.0,80,3G,-109,41.0,-10.0,0.0061038608977842,40.27822512712027,21.75470206670064,Intentional
User_53,2025-03-03 16:28:24,0.313,0.2216,Driving,Zep,Driving_Under_Influence,6way,0.0,50,5G,-86,41.0,-4.0,0.0072691024005232,40.27911479131772,21.755433313613132,Intentional
User_94,2025-03-03 20:24:45,0.681,0.223,Driving,Spinari,Speeding,4way,2.0,10,116,-103,47.0,-9.0,0.0064368020145196,40.32140814579197,21.792466391353997,Intentional
User_58,2025-03-04 04:18:01,0.465,0.159,Swimming,Ligeris,Driving_Under_Influence,4way,0.0,90,5G,-94,39.0,-8.0,0.0028692239267687,40.30633910999885,21.80728352084173,Intentional
User_92,2025-03-04 05:42:26,0.694,0.3012,Running,Center,Driving_Under_Influence,2way,0.0,10,5G,Satellite,58.0,-5.0,0.0028799963090027,40.27921859066488,21.753579655121772,Intentional
User_71,2025-03-04 07:15:59,0.256,0.1283,Driving,Koila,Reckless_Driving,5way,1.0,70,WiFi,-73,19.0,-16.0,0.0028035848248353,40.32282457352363,21.79022116477993,Intentional
User_55,2025-03-04 09:01:31,0.46,0.4604,Walking,Spinari,Driving_Under_Influence,2way,0.0,50,WiFi,-56,68.0,-3.0,0.0023621980567217,40.32209203285745,21.791237133321115,Intentional
User_94,2025-03-04 10:45:03,0.681,0.224,Swimming,Ligeris,Driving_Under_Influence,4way,1.0,10,4G,-96,25.0,-18.0,0.0023138463390134,40.307739063307835,21.80634734412563,Intentional
User_19,2025-03-04 14:46:04,0.745,0.5065,Swimming,Zep,Speeding,1way,1.0,50,WiFi,-60,32.0,3.0,0.0076130747155179,40.27996672574647,21.752968881812563,Intentional
User_35,2025-03-04 15:02:42,0.274,0.2042,Walking,Center,Speeding,1way,3.0,40,3G,-104,85.0,-5.0,0.0083842715221464,40.280449102801306,21.751539129554622,Intentional
User_16,2025-03-04 17:51:40,0.513,0.3317,Flying,Koila,Speeding,2way,2.0,90,4G,-116,33.0,6.0,0.021,40.32257495573392,21.79074377117655,Intentional
User_86,2025-03-04 19:36:35,0.469,0.1271,Swimming,Zep,Reckless_Driving,2way,0.0,10,5G,Ethernet,71.0,-9.0,0.009551593020553,40.28031438957685,21.753494913217768,Intentional
User_63,2025-03-04 20:28:57,0.543,0.2416,Driving,Ligeris,Reckless_Driving,5way,2.0,50,WiFi,-88,32.0,6.0,0.0027824229090894,40.30652596497068,21.80739534609991,Intentional
User_14,2025-03-04 21:01:56,0.393,0.5641,Walking,Zep,Driving_Under_Influence,6way,3.0,40,WiFi,Ethernet,86.0,-16.0,0.0054422561195365,40.2805053899079,21.791256784153244,Intentional
User_47,2025-03-05 02:01:02,0.585,0.2342,Walking,Spinari,Speeding,1way,0.0,90,5G,-100,93.0,-15.0,0.0043040548537157,40.277828700498496,22.126155,Intentional
User_41,2025-03-05 08:08:27,0.628,0.2891,Running,Ligeris,Driving_Under_Influence,5way,1.0,20,5G,-89,97.0,14.0,0.0049248432374873,40.307181460597064,21.806156211903165,Intentional
User_02,2025-03-05 18:36:43,0.529,0.4276,Swimming,Zep,Reckless_Driving,2way,0.0,70,5G,-70,5.0,-24.0,0.0094302151821818,40.278761040205126,21.75131354615697,Intentional
User_55,2025-03-05 20:54:01,0.46,0.5641,Flying,Zep,Speeding,2way,0.0,30,WiFi,-54,40.0,-12.0,0.005701460205588,40.27824462503771,21.751743680164846,Intentional
User_47,2025-03-05 21:04:03,0.585,0.2352,Driving,Center,Speeding,1way,1.0,50,4G,-82,69.0,-6.0,0.0018076196377367,40.32273439195109,21.78990268110616,Intentional
User_40,2025-03-05 21:21:57,0.482,0.4947,Flying,Ligeris,Reckless_Driving,1way,0.0,10,3G,-115,55.0,15.0,0.0087558657855142,40.306230115631266,21.8072207353848,Intentional
User_50,2025-03-05 23:37:52,0.398,0.3596,Walking,Zep,Reckless_Driving,6way,0.0,20,3G,-87,49.0,-5.0,0.0080876042219659,40.2796608664036,21.75339101671361,Intentional
User_93,2025-03-06 01:36:07,0.588,0.1492,Swimming,Ligeris,Reckless_Driving,4way,1.0,70,107,-58,82.0,-2.0,0.0086200045671054,40.306072325449826,21.809545966934092,Intentional
User_21,2025-03-06 01:54:34,0.303,0.1412,Running,Zep,Reckless_Driving,5way,1.0,50,4G,-116,16.0,-2.0,0.0076597743685305,40.28044079876985,21.75456395494271,Intentional
User_76,2025-03-06 05:02:26,0.355,0.3281,Driving,Koila,Driving_Under_Influence,6way,0.0,20,WiFi,-89,38.0,0.0,0.0060836665314826,40.32157478829181,23.757661,Intentional
User_69,2025-03-06 16:00:06,0.34,0.5641,Flying,Koila,Speeding,2way,0.0,70,5G,-118,6.0,6.0,0.0071475241309058,42.795591,21.791338132831893,Intentional
User_80,2025-03-06 19:34:16,0.704,0.2887,Walking,Koila,Driving_Under_Influence,5way,0.0,10,5G,-93,91.0,4.0,0.005653142335994,40.280537620656354,21.75398426704397,Intentional
User_41,2025-03-06 19:49:45,0.628,0.2911,Driving,Spinari,Reckless_Driving,1way,0.0,70,3G,-108,19.0,-2.0,0.0070878230711585,40.27958697229904,21.753207355198654,Intentional
User_63,2025-03-06 20:11:36,0.543,0.2456,Flying,Ligeris,Reckless_Driving,4way,3.0,30,4G,Satellite,78.0,7.0,0.0024096871277178,40.30532355549409,21.806621462066396,Intentional
User_02,2025-03-06 22:25:43,0.529,0.4296,Flying,Koila,Reckless_Driving,2way,1.0,40,WiFi,-78,19.0,6.0,0.0024501899806262,40.32206291549322,21.791256784153244,Intentional
User_16,2025-03-07 10:23:41,0.513,0.3377,Walking,Spinari,Speeding,1way,0.0,70,WiFi,-114,39.0,9.0,0.0024487391171843,40.304564298146424,21.808243662635423,Intentional
User_51,2025-03-07 13:34:10,0.613,0.511,Running,Spinari,Driving_Under_Influence,2way,0.0,80,4G,-95,31.0,16.0,0.0060862673892727,41.835929,21.79242007407435,Intentional
User_39,2025-03-07 14:43:07,0.598,0.2797,Driving,Center,Driving_Under_Influence,4way,1.0,30,5G,-72,17.0,-21.0,0.0096602802789063,40.27847174002476,21.751493924812088,Intentional
User_24,2025-03-07 15:28:56,0.445,0.2126,Swimming,Ligeris,Reckless_Driving,4way,2.0,30,3G,-107,-129.0,-2.0,0.0061865431960735,40.307705928265825,21.808747634072205,Intentional
User_97,2025-03-07 16:41:13,0.337,0.4113,Walking,Spinari,Driving_Under_Influence,4way,0.0,60,3G,-113,24.0,-19.0,0.0065810045093719,40.30715270003179,21.80606381891073,Intentional
User_73,2025-03-07 19:54:21,0.325,0.3217,Flying,Koila,Reckless_Driving,2way,0.0,50,4G,Ethernet,2.0,-15.0,0.0022078011553519,40.32180347300015,21.791586969482275,Intentional
User_66,2025-03-07 20:49:24,0.28,0.3607,Walking,Spinari,Speeding,4way,0.0,50,3G,-100,24.0,14.0,0.037,40.321921810665856,21.792370512840737,Intentional
User_24,2025-03-07 21:58:11,0.445,0.2136,Walking,Spinari,Reckless_Driving,2way,1.0,10,4G,-100,79.0,7.0,0.0087646717816727,40.28033614543671,21.753708374634904,Intentional
User_74,2025-03-07 22:52:55,0.497,0.5641,Flying,Zep,Speeding,2way,0.0,30,3G,-83,24.0,-10.0,0.0056836706343564,40.28039909668588,21.753529020203473,Intentional
User_01,2025-03-07 23:02:50,0.619,0.4038,Driving,Spinari,Reckless_Driving,4way,0.0,30,5G,-86,13.0,0.0,0.031,40.32209810775395,21.790723768915967,Intentional
User_59,2025-03-07 23:08:50,0.265,0.3092,Driving,Spinari,Reckless_Driving,2way,0.0,80,4G,Ethernet,83.0,5.0,0.0019580538712022,40.279468111473506,21.75402032434704,Intentional
User_32,2025-03-08 00:13:54,0.464,0.152,Flying,Zep,Driving_Under_Influence,2way,1.0,30,WiFi,-62,63.0,13.0,0.0034271474466065,40.27919683346314,21.754521079613248,Intentional
User_74,2025-03-08 02:38:15,0.497,0.4894,Flying,Ligeris,Driving_Under_Influence,2way,0.0,10,5G,-81,91.0,-8.0,0.0024858077987208,40.30792363841092,21.808197554358483,Intentional
User_51,2025-03-08 05:55:07,0.613,0.513,Swimming,Koila,Driving_Under_Influence,2way,2.0,70,104,-113,75.0,11.0,0.0068117612573039,40.27949426405062,21.75332016046311,Intentional
User_72,2025-03-08 07:07:34,0.567,0.1745,Flying,Koila,Reckless_Driving,2way,1.0,40,3G,-96,57.0,24.0,0.0042648402900434,40.322519379046895,21.79054959864047,Intentional
User_51,2025-03-08 08:03:44,0.613,0.514,Flying,Koila,Reckless_Driving,1way,0.0,40,WiFi,-90,23.0,2.0,0.0028229954104376,40.322382423808506,21.790490086763004,Intentional
User_50,2025-03-08 13:35:44,0.398,0.3656,Running,Center,Driving_Under_Influence,4way,0.0,10,WiFi,-61,77.0,-5.0,0.0045061447283726,40.279365152730115,21.755237607757827,Intentional
User_57,2025-03-08 14:27:36,0.372,0.2452,Driving,Ligeris,Driving_Under_Influence,6way,1.0,50,5G,-83,19.0,15.0,0.0062438197950268,41.880624,21.807517792863965,Intentional
User_87,2025-03-08 15:31:31,0.709,0.5132,Driving,Spinari,Reckless_Driving,2way,1.0,40,5G,-105,90.0,2.0,0.005653142335994,40.27973640142467,21.75295634932244,Intentional
User_82,2025-03-08 17:07:26,0.324,0.3459,Swimming,Zep,Speeding,1way,1.0,20,104,-85,49.0,12.0,0.0094275544057458,40.27880501340152,21.75514052279276,Intentional
User_17,2025-03-08 22:57:53,0.631,0.2738,Running,Koila,Driving_Under_Influence,5way,0.0,90,WiFi,Satellite,65.0,5.0,0.0094423525603883,40.322187905492854,21.79101810162407,Intentional
User_91,2025-03-08 23:36:51,0.587,0.4378,Swimming,Koila,Reckless_Driving,4way,0.0,90,5G,-93,-149.0,-16.0,0.006341990781254,40.3218475565972,21.792037859187236,Intentional
User_42,2025-03-09 03:44:23,0.738,0.2476,Running,Koila,Speeding,5way,2.0,30,WiFi,-70,42.0,-12.0,0.0017261072600891,40.322402068046955,21.791873774423483,Intentional
User_85,2025-03-09 07:55:32,0.254,0.2603,Running,Center,Driving_Under_Influence,2way,1.0,80,WiFi,-68,32.0,3.0,0.001102805760877,40.30504259705678,21.807637146349055,Intentional
User_89,2025-03-09 17:20:38,0.336,0.1481,Running,Spinari,Reckless_Driving,2way,1.0,30,5G,-101,84.0,-4.0,0.0082529968355894,40.28048340679643,18.680995,Intentional
User_13,2025-03-10 00:24:12,0.75,0.3804,Flying,Koila,Driving_Under_Influence,2way,1.0,20,5G,-112,36.0,-5.0,0.0033963366921738,40.32268536309315,21.7891763808543,Intentional
User_14,2025-03-10 00:55:42,0.393,0.3434,Running,Ligeris,Reckless_Driving,5way,1.0,40,WiFi,-61,49.0,11.0,0.0030892420267539,37.058184,21.80695711333018,Intentional
User_97,2025-03-10 06:01:27,0.337,0.4163,Walking,Koila,Driving_Under_Influence,5way,1.0,30,3G,-117,7.0,15.0,0.0064423475910862,40.32159510012885,21.789591811333356,Intentional
User_74,2025-03-10 08:40:46,0.497,0.4934,Driving,Ligeris,Speeding,5way,1.0,60,3G,-92,98.0,9.0,0.0024339311303805,40.3072799220782,21.806415386549865,Intentional
User_83,2025-03-10 09:47:47,0.309,0.4965,Walking,Center,Driving_Under_Influence,1way,1.0,50,WiFi,-60,74.0,-2.0,0.0081048266601688,40.3227472902397,21.793194822440523,Intentional
User_43,2025-03-10 13:35:57,0.416,0.2957,Running,Spinari,Reckless_Driving,1way,0.0,30,4G,-103,18.0,12.0,0.0023488405918171,40.306230115631266,21.79017101824095,Intentional
User_45,2025-03-10 16:18:31,0.285,0.4093,Driving,Center,Driving_Under_Influence,1way,0.0,30,5G,-119,7.0,-10.0,0.0028041377000978,40.279263938162735,21.753409112084935,Intentional
User_84,2025-03-10 16:47:36,0.527,0.2107,Flying,Koila,Driving_Under_Influence,2way,0.0,30,WiFi,-60,22.0,10.0,0.026,40.32256809791799,21.789243676382867,Intentional
User_88,2025-03-10 17:39:27,0.471,0.2627,Flying,Koila,Speeding,2way,0.0,70,WiFi,-85,76.0,-5.0,0.0094609827710915,40.321490044609305,21.790055941016043,Intentional
User_86,2025-03-10 21:41:59,0.469,0.1391,Swimming,Ligeris,Speeding,1way,1.0,10,WiFi,-73,44.0,-9.0,0.041,40.30490296698325,21.806222985745556,Intentional
User_02,2025-03-11 06:05:00,0.529,0.4386,Driving,Koila,Reckless_Driving,5way,1.0,60,WiFi,-85,51.0,0.0,0.05,40.32142937483945,21.791914707423672,Intentional
User_35,2025-03-11 12:52:50,0.274,0.2182,Swimming,Zep,Speeding,2way,0.0,10,3G,-112,48.0,-3.0,0.0040903329618179,40.306230115631266,22.179864,Intentional
User_22,2025-03-11 13:13:36,0.413,0.1859,Walking,Spinari,Driving_Under_Influence,2way,0.0,20,104,-71,8.0,11.0,0.0081601743992926,40.321940220385144,21.791387667437196,Intentional
User_30,2025-03-11 19:55:16,0.413,0.2294,Swimming,Koila,Driving_Under_Influence,4way,1.0,90,104,-82,84.0,3.0,0.0027522840927134,40.321306110828665,21.791433935399592,Intentional
User_66,2025-03-11 21:22:37,0.28,0.3687,Driving,Ligeris,Driving_Under_Influence,5way,0.0,110,4G,-73,28.0,-12.0,0.0095353261972928,40.30659608921551,21.807368477789325,Intentional
User_97,2025-03-12 06:57:35,0.337,0.4203,Running,Zep,Reckless_Driving,6way,0.0,50,5G,-106,61.0,0.0,0.0056550434660616,40.27824285728483,21.75265686263967,Intentional
User_55,2025-03-12 12:13:22,0.447,0.4764,Flying,Ligeris,Reckless_Driving,4way,1.0,50,106,-118,41.0,-13.0,0.0065446510380849,40.306540829252725,21.807766811659672,Intentional
User_93,2025-03-12 14:47:06,0.588,0.1622,Swimming,Koila,Reckless_Driving,1way,4.0,70,WiFi,-79,19.0,1.0,0.0048233711433233,40.32234684490504,21.792996542916157,Intentional
User_43,2025-03-12 16:55:09,0.416,0.3007,Driving,Ligeris,Speeding,6way,0.0,70,3G,-105,61.0,-10.0,0.021,40.3075999438392,21.80723999329939,Intentional
User_73,2025-03-12 17:09:55,0.325,0.3317,Walking,Spinari,Speeding,1way,0.0,40,5G,-93,-15.0,7.0,0.0084300760921717,40.322302572119554,21.7898605053287,Intentional
User_84,2025-03-12 19:25:38,0.527,0.2147,Running,Spinari,Driving_Under_Influence,1way,2.0,40,5G,-120,40.0,6.0,0.0014899399216934,40.306224894890605,21.8069995891812,Intentional
User_74,2025-03-12 19:50:25,0.497,0.4984,Running,Koila,Driving_Under_Influence,5way,0.0,30,3G,-110,44.0,-12.0,0.037,40.32197756018019,21.7915092780932,Intentional
User_37,2025-03-12 20:56:41,0.306,0.4174,Driving,Center,Reckless_Driving,1way,0.0,60,5G,-73,13.0,-14.0,0.0059898763013101,40.32254222018702,22.329883,Intentional
User_91,2025-03-13 07:11:07,0.587,0.4468,Driving,Koila,Reckless_Driving,6way,0.0,20,4G,-114,-142.0,-7.0,0.0038487064942165,40.32106727101629,21.791961464817824,Intentional
User_60,2025-03-13 14:00:24,0.353,0.5088,Running,Spinari,Speeding,2way,0.0,80,5G,-99,5.0,-9.0,0.0017569444725715,38.002279,21.75494473062289,Intentional
User_24,2025-03-13 16:45:14,0.445,0.2256,Swimming,Koila,Driving_Under_Influence,1way,0.0,100,WiFi,-79,100.0,-6.0,0.0039530971233131,40.32067043779388,21.79255874132809,Intentional
User_97,2025-03-13 17:47:13,0.337,0.4223,Running,Spinari,Driving_Under_Influence,2way,0.0,30,3G,-112,61.0,-12.0,0.0051410250074175,40.28062249971488,21.7530203292417,Intentional
User_49,2025-03-13 19:18:49,0.637,0.4833,Running,Koila,Speeding,6way,0.0,30,5G,-95,-153.0,14.0,0.0086540244885167,40.32190082535742,21.789639957767665,Intentional
User_12,2025-03-13 20:37:05,0.67,0.4952,Driving,Spinari,Driving_Under_Influence,2way,0.0,90,5G,-88,7.0,-16.0,0.0099608132451297,40.30550850787217,21.80809788191536,Intentional
User_80,2025-03-13 23:21:08,0.704,0.3037,Flying,Zep,Speeding,1way,0.0,30,WiFi,-72,36.0,-20.0,0.0018417553219181,40.278374104842015,21.752501072110647,Intentional
User_21,2025-03-13 23:32:47,0.303,0.1562,Running,Spinari,Reckless_Driving,2way,1.0,70,3G,-83,3.0,7.0,0.0047957505529324,40.32218610704064,21.791206648269927,Intentional
User_03,2025-03-13 23:48:33,0.568,0.1724,Driving,Spinari,Driving_Under_Influence,2way,0.0,30,WiFi,-52,87.0,7.0,0.022,40.30573226966484,21.808194120499437,Intentional
User_47,2025-03-13 23:52:25,0.585,0.2512,Walking,Koila,Driving_Under_Influence,5way,0.0,50,5G,-72,11.0,4.0,0.028,40.32163800079451,21.78992645333186,Intentional
User_88,2025-03-14 02:06:09,0.471,0.2707,Driving,Koila,Reckless_Driving,6way,0.0,40,4G,-102,74.0,-14.0,0.0035806636345726,38.634302,21.79124021491692,Intentional
User_41,2025-03-14 02:45:44,0.46,0.3061,Running,Center,Speeding,1way,2.0,40,4G,-113,10.0,13.0,0.0047720302953936,38.039727,21.79145031662993,Intentional
User_55,2025-03-14 03:57:08,0.447,0.4804,Flying,Ligeris,Driving_Under_Influence,2way,0.0,30,5G,Satellite,86.0,3.0,0.0033538253775354,40.30661104522717,21.809396946962003,Intentional
User_31,2025-03-14 07:10:51,0.56,0.4974,Running,Koila,Driving_Under_Influence,6way,1.0,80,WiFi,-86,67.0,13.0,0.0031326362118801,40.32241124541564,21.789948234368644,Intentional
User_60,2025-03-14 09:27:16,0.353,0.5098,Swimming,Zep,Reckless_Driving,2way,0.0,70,WiFi,-52,69.0,19.0,0.0078813969911183,40.279551031632984,21.753321767720813,Intentional
User_47,2025-03-14 09:27:58,0.585,0.2522,Flying,Zep,Driving_Under_Influence,4way,0.0,100,3G,-96,6.0,-16.0,0.039,40.28074984747661,21.75407964928073,Intentional
User_28,2025-03-14 09:58:30,0.348,0.5641,Flying,Koila,Speeding,4way,1.0,70,5G,-71,29.0,-22.0,0.0076475356646634,40.3220724302657,21.789748746916104,Intentional
User_36,2025-03-14 10:59:41,0.563,0.5339,Driving,Spinari,Driving_Under_Influence,2way,1.0,40,WiFi,-71,79.0,9.0,0.026,40.3069913907006,21.80684771428965,Intentional
User_17,2025-03-14 11:14:11,0.631,0.2848,Swimming,Koila,Reckless_Driving,2way,0.0,50,5G,-70,-152.0,-15.0,0.0098899916484154,40.32336050580066,21.792314197774623,Intentional
User_76,2025-03-14 11:16:38,0.355,0.3441,Driving,Ligeris,Driving_Under_Influence,5way,0.0,10,4G,-109,2.0,2.0,0.05,40.30592883136365,21.807325207635273,Intentional
User_94,2025-03-14 12:00:30,0.681,0.245,Running,Spinari,Reckless_Driving,1way,0.0,20,5G,-114,77.0,-3.0,0.0041734753889384,40.3062302229032,21.807035182768207,Intentional
User_12,2025-03-14 12:08:08,0.67,0.4972,Flying,Ligeris,Reckless_Driving,2way,2.0,80,WiFi,-60,16.0,0.0,0.0028892338192251,40.30505481337695,21.807370536000768,Intentional
User_96,2025-03-14 15:11:04,0.261,0.4031,Swimming,Ligeris,Driving_Under_Influence,1way,0.0,40,WiFi,-77,17.0,0.0,0.0060978923811994,37.806976,21.807381436003045,Intentional
User_09,2025-03-14 16:38:57,0.307,0.5308,Walking,Ligeris,Driving_Under_Influence,5way,1.0,80,4G,-87,48.0,2.0,0.0052225019410515,40.30600382950071,21.809085283559984,Intentional
User_20,2025-03-14 20:55:09,0.334,0.4671,Walking,Zep,Speeding,5way,0.0,60,4G,-114,28.0,16.0,0.042,40.2793330080914,21.75456042168739,Intentional
User_22,2025-03-14 21:11:38,0.413,0.1919,Running,Zep,Speeding,5way,1.0,30,4G,-74,39.0,13.0,0.0033826682978015,40.28014074078837,21.75498367938505,Intentional
User_81,2025-03-14 22:35:57,0.376,0.4285,Driving,Center,Reckless_Driving,1way,1.0,60,3G,-79,41.0,-3.0,0.0094244962116683,40.32199422385515,21.79147671168511,Intentional
User_22,2025-03-15 02:39:13,0.413,0.1929,Walking,Spinari,Reckless_Driving,1way,0.0,50,3G,-80,33.0,8.0,0.0029086971475873,42.228018,21.752156247332195,Intentional
User_83,2025-03-15 04:54:25,0.309,0.5065,Running,Zep,Speeding,5way,0.0,20,5G,Ethernet,38.0,-1.0,0.0092400079628452,40.27937665127725,21.75259784866509,Intentional
User_16,2025-03-15 06:50:00,0.513,0.3527,Driving,Ligeris,Reckless_Driving,6way,0.0,10,119,-88,96.0,3.0,0.0065713935151127,40.30522102109639,21.805801154672224,Intentional
User_56,2025-03-15 11:40:16,0.374,0.1587,Driving,Ligeris,Reckless_Driving,6way,1.0,20,110,-114,88.0,5.0,0.0015012459147493,40.30624355944556,21.80876700905238,Intentional
User_71,2025-03-15 13:02:17,0.256,0.1503,Running,Spinari,Reckless_Driving,2way,1.0,10,5G,-118,88.0,-4.0,0.0072090761250254,40.32120223863411,21.790703485534294,Intentional
User_67,2025-03-15 15:36:12,0.529,0.3576,Driving,Koila,Reckless_Driving,5way,0.0,30,5G,-113,15.0,11.0,0.0032833902149685,40.32216881020221,21.791256784153244,Intentional
User_41,2025-03-15 20:43:33,0.628,0.3091,Swimming,Ligeris,Driving_Under_Influence,2way,1.0,50,5G,-79,4.0,-13.0,0.0013007496099718,40.30757258804138,21.808326251139956,Intentional
User_17,2025-03-16 01:40:19,0.631,0.2888,Walking,Center,Driving_Under_Influence,1way,0.0,30,3G,Satellite,36.0,3.0,0.0080297830114993,40.279515174681826,21.754695496617114,Intentional
User_10,2025-03-16 03:05:10,0.315,0.4988,Walking,Center,Driving_Under_Influence,2way,2.0,10,5G,-110,51.0,8.0,0.0063630909522046,40.30533296481707,21.80885602889845,Intentional
User_86,2025-03-16 07:47:42,0.469,0.1511,Running,Zep,Speeding,6way,1.0,40,WiFi,-67,73.0,19.0,0.0068049558037089,40.280031663578136,21.75245138229403,Intentional
User_55,2025-03-16 08:19:22,0.447,0.4844,Walking,Spinari,Speeding,1way,2.0,40,4G,Satellite,9.0,4.0,0.0050938130720258,40.32151885322258,21.79140188419508,Intentional
User_55,2025-03-16 10:00:29,0.447,0.4854,Running,Koila,Speeding,5way,5.0,10,4G,-113,49.0,15.0,0.0030788091930109,40.32156254614856,21.791522017499886,Intentional
User_49,2025-03-16 12:37:11,0.637,0.4903,Swimming,Koila,Speeding,2way,0.0,70,4G,-120,86.0,-5.0,0.0030978642116758,40.32217567449647,21.791659139423597,Intentional
User_28,2025-03-16 13:57:23,0.348,0.4593,Running,Koila,Driving_Under_Influence,5way,1.0,40,3G,-104,77.0,-11.0,0.0095973491797191,40.32331504356781,21.79020369098504,Intentional
User_36,2025-03-16 14:30:36,0.563,0.5379,Running,Spinari,Speeding,2way,2.0,40,WiFi,-52,51.0,16.0,0.0042197903797404,40.28016314113286,21.75283758280487,Intentional
User_73,2025-03-16 19:07:37,0.325,0.3387,Running,Zep,Reckless_Driving,5way,1.0,30,3G,-76,36.0,10.0,0.0069750805864674,40.28038223820448,21.753780383555796,Intentional
User_91,2025-03-16 21:50:49,0.587,0.4538,Running,Zep,Reckless_Driving,5way,0.0,70,5G,-78,74.0,-5.0,0.0046564474560135,40.27887834246424,21.752108340912127,Intentional
User_10,2025-03-16 21:57:04,0.315,0.4998,Running,Ligeris,Driving_Under_Influence,6way,3.0,20,5G,-95,87.0,-20.0,0.0073694851266906,40.30635502050411,21.805893691832537,Intentional
User_62,2025-03-17 00:55:41,0.366,0.2592,Walking,Spinari,Driving_Under_Influence,1way,0.0,10,101,-61,86.0,0.0,0.0043088301042026,40.306184083833195,21.80665962787304,Intentional
User_39,2025-03-17 01:19:58,0.598,0.2987,Driving,Ligeris,Driving_Under_Influence,6way,0.0,10,5G,-87,4.0,-16.0,0.0090543828469143,40.306712797802184,21.791256784153244,Intentional
User_88,2025-03-17 07:01:25,0.471,0.2767,Swimming,Koila,Speeding,4way,2.0,90,5G,-85,72.0,-1.0,0.0015622333068367,40.3232841211779,21.791090584898615,Intentional
User_37,2025-03-17 08:52:26,0.306,0.4264,Swimming,Koila,Driving_Under_Influence,2way,0.0,50,5G,Ethernet,0.0,4.0,0.0082742128702077,40.32089440872711,21.792358846091112,Intentional
User_25,2025-03-17 13:26:50,0.408,0.2878,Driving,Koila,Driving_Under_Influence,6way,0.0,40,3G,-70,97.0,13.0,0.0070252306836218,40.321649244417024,21.790494405028735,Intentional
User_16,2025-03-17 15:39:31,0.513,0.3577,Running,Zep,Reckless_Driving,6way,0.0,70,3G,-73,61.0,0.0,0.0047892350089397,40.28071441964829,21.75175844205398,Intentional
User_52,2025-03-17 17:58:22,0.544,0.2282,Walking,Ligeris,Reckless_Driving,6way,1.0,30,4G,-112,69.0,1.0,0.0041777150802186,40.306509517593085,21.806757946242083,Intentional
User_78,2025-03-17 18:45:02,0.347,0.3896,Driving,Zep,Reckless_Driving,6way,0.0,80,4G,-92,68.0,8.0,0.005136408588039,40.27920020361262,21.753601180056915,Intentional
User_59,2025-03-17 19:58:03,0.265,0.3292,Flying,Zep,Speeding,1way,1.0,10,WiFi,-73,19.0,9.0,0.0088684325741343,40.27859916128305,21.75256559355574,Intentional
User_71,2025-03-17 20:07:39,0.256,0.1543,Running,Koila,Speeding,6way,0.0,50,5G,-90,67.0,-6.0,0.0034387068972785,40.32338840649289,21.79133967994847,Intentional
User_01,2025-03-17 21:38:33,0.619,0.4238,Walking,Center,Reckless_Driving,4way,0.0,20,3G,-90,74.0,-14.0,0.0089476821097615,40.3048967240993,23.047672,Intentional
User_40,2025-03-17 23:29:28,0.482,0.5187,Flying,Koila,Reckless_Driving,4way,1.0,60,5G,-76,41.0,16.0,0.0059163964866243,37.522294,21.790245961600764,Intentional
User_96,2025-03-18 03:40:47,0.261,0.4101,Walking,Zep,Driving_Under_Influence,6way,0.0,80,5G,-88,69.0,4.0,0.0048024021309765,40.28025756861464,21.7535436451176,Intentional
User_05,2025-03-18 04:32:46,0.743,0.4487,Swimming,Ligeris,Driving_Under_Influence,2way,3.0,30,3G,-108,-123.0,-10.0,0.0049418694359505,40.305965089243585,21.806837917417212,Intentional
User_95,2025-03-18 06:17:40,0.545,0.4259,Running,Ligeris,Reckless_Driving,6way,0.0,60,WiFi,-64,27.0,19.0,0.001025485291903,40.30694704568708,21.80772431723412,Intentional
User_72,2025-03-18 08:24:52,0.567,0.1945,Running,Center,Speeding,2way,0.0,20,4G,-71,97.0,-2.0,0.0081105884423991,40.27890478541325,21.754768128935773,Intentional
User_91,2025-03-18 14:12:45,0.587,0.4578,Driving,Zep,Reckless_Driving,5way,0.0,20,WiFi,-75,19.0,8.0,0.0044022973964904,40.27948256090583,21.75326735266321,Intentional
User_53,2025-03-18 15:35:36,0.313,0.2526,Running,Zep,Reckless_Driving,6way,0.0,90,5G,-108,40.0,0.0,0.0023387408768839,37.929567,21.752459599932457,Intentional
User_43,2025-03-18 16:10:39,0.416,0.3117,Swimming,Koila,Speeding,2way,0.0,30,3G,-107,30.0,10.0,0.004400373108487,40.321358827000175,21.789506713495307,Intentional
User_40,2025-03-19 01:33:38,0.482,0.5217,Driving,Koila,Reckless_Driving,5way,0.0,10,WiFi,-63,32.0,-8.0,0.0057022555743704,42.901128,21.791448088767915,Intentional
User_67,2025-03-19 03:50:05,0.529,0.3656,Swimming,Koila,Speeding,2way,1.0,70,3G,-115,5.0,6.0,0.0064190175693343,40.321353399081474,21.79318508062235,Intentional
User_43,2025-03-19 04:59:17,0.416,0.3137,Running,Spinari,Speeding,1way,1.0,80,4G,-91,2.0,-11.0,0.0022735592114588,40.32178601687629,17.496213,Intentional
User_06,2025-03-19 10:17:44,0.584,0.5225,Running,Center,Driving_Under_Influence,2way,1.0,20,3G,-77,17.0,-17.0,0.0057731033448483,40.30683605290464,21.806715007343435,Intentional
User_32,2025-03-19 10:29:27,0.464,0.175,Swimming,Ligeris,Driving_Under_Influence,2way,1.0,10,WiFi,Satellite,24.0,4.0,0.0087698028298341,40.30510944553671,21.808352809239295,Intentional
User_61,2025-03-19 13:38:55,0.546,0.2357,Driving,Koila,Speeding,5way,0.0,40,5G,-110,65.0,7.0,0.0022738271368775,41.461126,21.79086910433836,Intentional
User_100,2025-03-19 19:56:06,0.37,0.409,Running,Spinari,Driving_Under_Influence,2way,0.0,80,WiFi,-88,84.0,-8.0,0.025,40.30623970099856,21.8074185379015,Intentional
User_39,2025-03-20 00:55:15,0.598,0.3047,Running,Zep,Driving_Under_Influence,6way,0.0,80,5G,-95,100.0,-7.0,0.0091374118200844,40.27962507921831,21.753116303450895,Intentional
User_29,2025-03-20 01:49:07,0.415,0.3204,Flying,Ligeris,Reckless_Driving,2way,1.0,10,WiFi,-54,92.0,-2.0,0.0033238390812393,40.30500837238929,21.807367826498112,Intentional
User_22,2025-03-20 02:24:58,0.413,0.2029,Swimming,Koila,Driving_Under_Influence,4way,0.0,30,3G,-120,95.0,-15.0,0.0075130154000063,40.32190050262795,21.790739745717108,Intentional
User_31,2025-03-20 02:37:06,0.56,0.5104,Driving,Center,Reckless_Driving,1way,0.0,50,106,-102,67.0,-9.0,0.0014312331017243,40.306230115631266,21.752698320760324,Intentional
User_54,2025-03-20 09:19:19,0.327,0.4319,Swimming,Zep,Reckless_Driving,4way,0.0,40,WiFi,-54,38.0,-2.0,0.0012297820032299,40.27838175910769,21.75385453181589,Intentional
User_79,2025-03-20 13:29:08,0.389,0.5641,Flying,Koila,Reckless_Driving,2way,2.0,80,5G,-111,94.0,-10.0,0.0093085345673825,40.32189512671651,21.791045411477448,Intentional
User_72,2025-03-20 15:15:41,0.567,0.1985,Walking,Ligeris,Driving_Under_Influence,6way,1.0,20,WiFi,-103,25.0,8.0,0.0024130279364258,40.30475937080752,21.806663365451012,Intentional
User_92,2025-03-20 16:21:29,0.694,0.3332,Walking,Center,Reckless_Driving,2way,2.0,20,4G,-90,49.0,-7.0,0.0044357143208468,40.27832339765122,17.131051,Intentional
User_53,2025-03-20 21:00:03,0.313,0.2566,Driving,Center,Reckless_Driving,1way,1.0,50,5G,-105,31.0,15.0,0.0044584706192712,40.30513170912852,21.80867487895779,Intentional
User_90,2025-03-21 04:07:44,0.525,0.2198,Running,Center,Reckless_Driving,1way,1.0,20,5G,-99,14.0,-5.0,0.001758308858735,40.30555034834386,21.809064296910233,Intentional
User_08,2025-03-21 04:18:54,0.347,0.5168,Walking,Center,Speeding,2way,0.0,50,5G,-88,96.0,4.0,0.029,40.2794172034382,21.75169153153812,Intentional
User_29,2025-03-21 05:55:15,0.415,0.3234,Flying,Zep,Driving_Under_Influence,2way,3.0,40,4G,-88,28.0,5.0,0.0015676249240463,40.27845402596769,21.751850618256352,Intentional
User_68,2025-03-21 06:01:01,0.472,0.1919,Flying,Ligeris,Driving_Under_Influence,2way,1.0,40,WiFi,-59,100.0,12.0,0.0092734304902956,40.30678757350398,21.80534194835529,Intentional
User_16,2025-03-21 12:17:19,0.513,0.3657,Driving,Center,Speeding,2way,2.0,60,WiFi,-59,18.0,-21.0,0.0088669373191046,40.32033210748565,21.7908668352391,Intentional
User_72,2025-03-21 18:29:54,0.567,0.2005,Flying,Zep,Driving_Under_Influence,1way,0.0,40,3G,-115,34.0,21.0,0.0071457399702654,40.279651216797234,21.751290837024825,Intentional
User_33,2025-03-21 19:12:10,0.634,0.3732,Driving,Zep,Driving_Under_Influence,6way,0.0,80,WiFi,-82,62.0,7.0,0.0031656146225147,40.28077577582239,21.75235541537197,Intentional
User_53,2025-03-21 23:58:06,0.313,0.2586,Swimming,Ligeris,Driving_Under_Influence,2way,4.0,20,3G,-100,68.0,-2.0,0.0065183193513877,40.30534378245941,21.807873987193524,Intentional
User_90,2025-03-22 03:33:02,0.525,0.2208,Driving,Ligeris,Speeding,6way,0.0,90,4G,-112,59.0,-13.0,0.0092356738915601,42.099205,21.806697698542735,Intentional
User_14,2025-03-22 07:33:50,0.393,0.3674,Swimming,Koila,Driving_Under_Influence,4way,0.0,20,WiFi,-78,49.0,-13.0,0.0079761143323189,40.32182233466203,21.791518075079615,Intentional
User_74,2025-03-22 10:54:35,0.497,0.5174,Flying,Koila,Driving_Under_Influence,2way,2.0,30,WiFi,-63,8.0,1.0,0.0038363055897415,40.32106994221935,21.790338462808283,Intentional
User_96,2025-03-22 10:59:56,0.261,0.4191,Walking,Ligeris,Speeding,6way,2.0,30,4G,Satellite,68.0,-12.0,0.004801523223865,40.30623220303997,21.807400853621505,Intentional
User_46,2025-03-22 11:53:56,0.519,0.5016,Walking,Center,Driving_Under_Influence,2way,1.0,20,3G,-107,2.0,8.0,0.0029663862869848,40.30532362391625,21.808491124045656,Intentional
User_71,2025-03-22 12:42:56,0.256,0.1633,Driving,Zep,Speeding,6way,0.0,20,5G,-97,9.0,-4.0,0.0019633828907634,40.279250912311376,21.754110284193512,Intentional
User_35,2025-03-22 16:55:29,0.274,0.2412,Flying,Zep,Driving_Under_Influence,4way,1.0,20,4G,-72,1.0,-2.0,0.008261695317169,40.28049007718969,21.75350027859221,Intentional
User_66,2025-03-22 20:55:15,0.46,0.3907,Flying,Zep,Reckless_Driving,2way,1.0,50,4G,-86,10.0,6.0,0.009521266371164,40.2794774721789,21.7511869378519,Intentional
User_37,2025-03-22 23:16:28,0.306,0.4374,Walking,Center,Speeding,4way,0.0,80,4G,-86,17.0,-23.0,0.0090515485737124,40.306260100213315,21.80973008147765,Intentional
User_94,2025-03-22 23:20:12,0.681,0.261,Walking,Spinari,Reckless_Driving,2way,0.0,120,WiFi,Ethernet,70.0,-8.0,0.0080258488971973,40.32208474634442,21.791269090830596,Intentional
User_68,2025-03-23 00:53:42,0.472,0.1949,Running,Center,Speeding,1way,0.0,20,4G,-83,55.0,-11.0,0.0053980634524835,40.32308905827799,21.78942048444724,Intentional
User_63,2025-03-23 02:23:24,0.543,0.2786,Driving,Ligeris,Driving_Under_Influence,6way,3.0,10,3G,-80,18.0,-22.0,0.0085098337411054,40.30762997480229,21.806391563832253,Intentional
User_76,2025-03-23 02:52:34,0.355,0.3611,Flying,Koila,Reckless_Driving,4way,1.0,30,5G,-92,49.0,6.0,0.0076344507817585,40.32202881599414,21.791256784153244,Intentional
User_22,2025-03-23 06:58:53,0.413,0.2089,Swimming,Koila,Driving_Under_Influence,1way,1.0,20,WiFi,-89,-19.0,-12.0,0.0048003491285668,40.322221566888,21.790765730076856,Intentional
User_90,2025-03-23 07:36:28,0.525,0.2228,Walking,Spinari,Reckless_Driving,4way,0.0,30,4G,-74,23.0,6.0,0.044,40.306348936174224,21.806913040668164,Intentional
User_71,2025-03-23 09:12:00,0.256,0.1653,Walking,Koila,Driving_Under_Influence,6way,0.0,50,WiFi,-70,62.0,-16.0,0.0097475201533574,41.592048,21.79225056345197,Intentional
User_50,2025-03-23 13:06:49,0.398,0.3946,Flying,Zep,Driving_Under_Influence,1way,1.0,80,3G,Ethernet,73.0,13.0,0.002122260573497,40.28002725955214,21.755028338507437,Intentional
User_62,2025-03-23 13:53:44,0.366,0.2722,Running,Center,Reckless_Driving,1way,0.0,80,WiFi,-116,11.0,2.0,0.0047174853790501,38.864563,21.753447275970387,Intentional
User_17,2025-03-23 14:56:00,0.631,0.3038,Running,Zep,Driving_Under_Influence,5way,1.0,80,4G,-92,33.0,17.0,0.0048203414074086,40.27994835217822,21.751009361901332,Intentional
User_98,2025-03-23 16:41:30,0.46,0.3158,Running,Spinari,Reckless_Driving,2way,1.0,40,5G,-77,2.0,-5.0,0.0014827071390855,40.30484183858642,21.806812020899184,Intentional
User_30,2025-03-23 23:03:01,0.413,0.2534,Driving,Koila,Reckless_Driving,6way,2.0,30,4G,-79,22.0,5.0,0.0041797942963975,40.32202379706908,21.791089026010432,Intentional
User_70,2025-03-24 02:41:13,0.601,0.2589,Running,Zep,Reckless_Driving,6way,3.0,10,5G,-115,95.0,1.0,0.0032177202696332,40.27940888607999,21.791256784153244,Intentional
User_45,2025-03-24 03:18:53,0.285,0.5641,Walking,Spinari,Reckless_Driving,2way,1.0,40,3G,-85,90.0,9.0,0.0012883928013989,40.27964281649597,21.751538885696316,Intentional
User_24,2025-03-24 09:46:55,0.445,0.2466,Running,Spinari,Speeding,4way,0.0,30,3G,-109,50.0,0.0,0.0047044028735663,40.32248925681672,21.79162322016355,Intentional
User_98,2025-03-24 13:39:28,0.46,0.3168,Driving,Center,Reckless_Driving,2way,0.0,60,WiFi,-75,52.0,-16.0,0.0043004526242365,40.27953962669381,23.595059,Intentional
User_71,2025-03-24 15:05:01,0.256,0.1683,Driving,Spinari,Reckless_Driving,2way,0.0,20,WiFi,-62,69.0,-15.0,0.0028712571355982,40.27856364939922,21.752527308049487,Intentional
User_82,2025-03-24 16:11:31,0.324,0.3779,Swimming,Zep,Reckless_Driving,2way,0.0,10,3G,-102,91.0,-9.0,0.0053593317866099,40.27890777830543,21.752765425580773,Intentional
User_47,2025-03-24 17:30:49,0.585,0.2722,Running,Center,Driving_Under_Influence,1way,1.0,50,5G,-85,53.0,-9.0,0.034,40.32279743064449,21.789951461146813,Intentional
User_87,2025-03-24 17:32:10,0.709,0.5462,Flying,Zep,Reckless_Driving,2way,1.0,40,3G,-70,59.0,12.0,0.0074054499585081,40.306230115631266,21.75306245931049,Intentional
User_05,2025-03-24 17:45:07,0.743,0.4617,Driving,Zep,Reckless_Driving,6way,3.0,40,3G,-99,9.0,-6.0,0.0069550545196936,40.280041289990145,21.75272595519517,Intentional
User_85,2025-03-24 22:25:10,0.254,0.2913,Flying,Ligeris,Speeding,4way,4.0,70,WiFi,-62,100.0,0.0,0.0077478855097664,40.30603129494089,21.805733613476978,Intentional
User_49,2025-03-24 22:59:12,0.637,0.5053,Walking,Zep,Reckless_Driving,5way,3.0,60,WiFi,-73,99.0,13.0,0.0041284728863003,40.279287438839155,21.75346014763248,Intentional
User_96,2025-03-24 23:19:20,0.261,0.4231,Running,Ligeris,Driving_Under_Influence,5way,0.0,30,4G,-75,79.0,6.0,0.0040097731897914,40.30653644167082,21.80949267520795,Intentional
User_09,2025-03-25 01:36:21,0.307,0.5518,Driving,Koila,Reckless_Driving,5way,1.0,80,4G,-111,44.0,2.0,0.0061921879785082,40.32226328052999,21.791091150632855,Intentional
User_48,2025-03-25 04:33:30,0.599,0.4344,Walking,Koila,Reckless_Driving,6way,0.0,10,WiFi,-53,81.0,22.0,0.0075223305842365,40.32127951161042,21.79089497209186,Intentional
User_44,2025-03-25 09:00:26,0.332,0.2496,Running,Center,Driving_Under_Influence,4way,0.0,90,WiFi,-70,77.0,16.0,0.0087670698630839,40.32144041743633,21.791752995361907,Intentional
User_68,2025-03-25 10:24:42,0.472,0.1999,Driving,Ligeris,Speeding,5way,1.0,20,WiFi,-69,59.0,6.0,0.0074477403784684,40.305062361167046,21.8070926580386,Intentional
User_93,2025-03-25 12:47:17,0.588,0.1872,Flying,Koila,Speeding,1way,0.0,10,WiFi,-77,51.0,4.0,0.0095533984807397,40.32336866453064,21.792794091234583,Intentional
User_05,2025-03-25 13:17:10,0.743,0.4627,Swimming,Koila,Driving_Under_Influence,4way,0.0,40,4G,-115,4.0,-6.0,0.0031064125474072,40.32107447134777,18.548702,Intentional
User_22,2025-03-25 13:39:38,0.46,0.2139,Walking,Ligeris,Speeding,5way,1.0,40,4G,-83,35.0,-7.0,0.0058292504826892,40.307551607934506,21.80880686571975,Intentional
User_77,2025-03-25 15:20:22,0.428,0.1845,Swimming,Koila,Reckless_Driving,4way,1.0,10,3G,-72,7.0,21.0,0.0036890289304171,40.32050955548017,21.790762988082676,Intentional
User_53,2025-03-25 21:05:37,0.313,0.2666,Driving,Center,Reckless_Driving,2way,2.0,50,3G,-78,-135.0,9.0,0.0032250029495203,40.30727254698544,21.791256784153244,Intentional
User_94,2025-03-26 03:55:32,0.681,0.268,Flying,Ligeris,Driving_Under_Influence,1way,2.0,70,WiFi,-54,36.0,-9.0,0.0014009843289055,40.30683308427802,21.80849457748638,Intentional
User_93,2025-03-26 05:07:08,0.588,0.1892,Swimming,Ligeris,Driving_Under_Influence,4way,0.0,80,3G,-80,76.0,7.0,0.0048966324437156,40.30614400925497,21.80804967653244,Intentional
User_12,2025-03-26 05:15:27,0.67,0.5202,Swimming,Koila,Driving_Under_Influence,2way,1.0,30,4G,-111,15.0,-12.0,0.0071124400484606,40.322762106885264,21.791727246515123,Intentional
User_59,2025-03-26 07:42:18,0.265,0.3462,Walking,Center,Reckless_Driving,2way,0.0,60,WiFi,-60,26.0,6.0,0.005653142335994,40.27896355687727,21.75329962081412,Intentional
User_77,2025-03-26 08:43:24,0.428,0.1855,Walking,Center,Driving_Under_Influence,4way,0.0,40,3G,Satellite,2.0,-14.0,0.0096848010735831,40.32210152428029,21.79132272671629,Intentional
User_40,2025-03-26 09:42:47,0.482,0.5357,Driving,Koila,Speeding,6way,1.0,20,WiFi,-69,53.0,-14.0,0.0032685550351848,40.32189295849724,21.79040023612356,Intentional
User_43,2025-03-26 13:27:19,0.416,0.3277,Running,Spinari,Speeding,1way,0.0,10,4G,-91,68.0,14.0,0.04,40.2802592295392,21.754156657672933,Intentional
User_15,2025-03-26 17:55:15,0.627,0.4761,Driving,Koila,Driving_Under_Influence,5way,0.0,90,WiFi,-78,67.0,15.0,0.0042176580844256,40.321924930826306,21.791219352114513,Intentional
User_92,2025-03-26 19:00:19,0.694,0.3452,Driving,Spinari,Reckless_Driving,4way,1.0,20,WiFi,-96,53.0,-2.0,0.0042843936816335,40.27895824489389,21.752213970097536,Intentional
User_68,2025-03-26 22:14:26,0.472,0.2019,Walking,Center,Reckless_Driving,2way,0.0,40,3G,-105,-135.0,-9.0,0.0094136961780342,40.279553672533574,21.75250436100868,Intentional
User_52,2025-03-27 00:18:20,0.544,0.2472,Running,Spinari,Driving_Under_Influence,1way,2.0,40,4G,-95,100.0,-2.0,0.0035585699353378,40.30609004267529,21.806630547089284,Intentional
User_46,2025-03-27 00:53:56,0.519,0.5116,Walking,Spinari,Speeding,4way,4.0,40,3G,-113,78.0,-5.0,0.0033666117409203,40.30614392296027,21.80772001737818,Intentional
User_49,2025-03-27 01:01:41,0.637,0.5113,Walking,Zep,Driving_Under_Influence,5way,0.0,60,WiFi,-85,68.0,7.0,0.002272078089187,40.27965238135708,21.753082028208325,Intentional
User_67,2025-03-27 01:42:49,0.529,0.3816,Flying,Ligeris,Driving_Under_Influence,1way,2.0,30,4G,-87,15.0,12.0,0.0027370000857075,40.305474608735445,21.807350473238927,Intentional
User_61,2025-03-27 03:05:56,0.546,0.2507,Running,Koila,Reckless_Driving,5way,1.0,30,109,-95,64.0,-7.0,0.0022628386863324,40.323094796459486,21.789850714304567,Intentional
User_94,2025-03-27 08:50:51,0.681,0.271,Walking,Center,Speeding,4way,1.0,30,WiFi,-65,26.0,-3.0,0.0049131407243154,40.30613984798737,22.389155,Intentional
User_31,2025-03-27 13:14:24,0.56,0.5234,Walking,Koila,Reckless_Driving,5way,0.0,40,110,-88,49.0,12.0,0.0034207463605242,40.32279233881246,21.79082372481027,Intentional
User_04,2025-03-27 14:37:41,0.662,0.2227,Driving,Spinari,Reckless_Driving,2way,0.0,40,3G,-99,50.0,-12.0,0.034,40.278433694484086,21.754901582117434,Intentional
User_54,2025-03-27 15:41:31,0.327,0.4449,Walking,Center,Reckless_Driving,1way,0.0,40,WiFi,-88,59.0,-7.0,0.005653142335994,40.323069955115415,21.790856211840865,Intentional
User_37,2025-03-27 16:41:35,0.306,0.4474,Swimming,Zep,Driving_Under_Influence,2way,0.0,30,WiFi,-52,-18.0,10.0,0.0066864805416311,40.278947831548834,21.753035766848686,Intentional
User_45,2025-03-27 19:27:51,0.285,0.4443,Swimming,Zep,Speeding,4way,2.0,50,WiFi,-77,90.0,9.0,0.0091375527608126,40.280872178074056,17.188538,Intentional
User_75,2025-03-27 19:45:17,0.46,0.3431,Walking,Center,Driving_Under_Influence,2way,0.0,80,WiFi,-50,-143.0,-3.0,0.0018662584443095,40.306230115631266,21.79107075512058,Intentional
User_75,2025-03-27 20:48:28,0.409,0.3441,Flying,Zep,Driving_Under_Influence,2way,0.0,50,3G,-102,10.0,-2.0,0.0025625998811871,40.27882180642777,21.752129028688497,Intentional
User_05,2025-03-27 22:13:02,0.743,0.4677,Walking,Center,Reckless_Driving,1way,1.0,50,113,-88,66.0,-16.0,0.0045244854284324,40.27966307442816,21.752846089550523,Intentional
User_46,2025-03-28 02:19:19,0.519,0.5136,Flying,Zep,Speeding,2way,0.0,30,WiFi,-61,86.0,9.0,0.005184221068304,40.27951699619991,21.753264149586652,Intentional
User_09,2025-03-28 04:27:36,0.307,0.5578,Walking,Koila,Speeding,6way,2.0,20,4G,-99,38.0,8.0,0.0093601328083076,40.32382399224434,21.79131611531517,Intentional
User_96,2025-03-28 06:17:04,0.261,0.4301,Flying,Zep,Driving_Under_Influence,2way,0.0,60,4G,-84,30.0,-15.0,0.0026699355171574,40.27967368223063,21.752965838003472,Intentional
User_84,2025-03-28 06:39:17,0.527,0.2467,Running,Spinari,Speeding,2way,0.0,40,4G,-110,27.0,12.0,0.0059695629342875,38.611687,21.75282440489388,Intentional
User_32,2025-03-28 07:10:20,0.464,0.192,Driving,Spinari,Speeding,2way,0.0,40,111,-104,83.0,-8.0,0.0039859247610607,40.322806454684915,21.791256784153244,Intentional
User_82,2025-03-28 09:28:04,0.324,0.3849,Driving,Zep,Speeding,5way,0.0,20,WiFi,-81,78.0,-12.0,0.0075267358693878,40.27994525782034,21.75227056300469,Intentional
User_75,2025-03-28 12:35:22,0.409,0.3461,Running,Ligeris,Reckless_Driving,5way,4.0,20,4G,-110,86.0,1.0,0.005653142335994,40.30497964385694,21.80843360222989,Intentional
User_92,2025-03-28 12:48:00,0.694,0.3492,Driving,Spinari,Speeding,1way,1.0,30,5G,-82,61.0,-1.0,0.001608101207048,40.279010457367434,21.754897028287314,Intentional
User_79,2025-03-28 14:58:35,0.389,0.291,Running,Spinari,Speeding,1way,0.0,30,102,-102,33.0,-4.0,0.0070965756702693,40.279206854753106,21.75501021815498,Intentional
User_61,2025-03-28 15:53:27,0.546,0.5641,Driving,Koila,Speeding,6way,1.0,90,WiFi,-55,100.0,-21.0,0.001898942293536,40.3220628049749,21.791256784153244,Intentional
User_69,2025-03-28 15:57:21,0.34,0.5321,Driving,Spinari,Speeding,2way,1.0,50,3G,-114,73.0,10.0,0.0045220648056338,40.32092797275242,21.79173488812399,Intentional
User_28,2025-03-28 17:20:44,0.348,0.4833,Running,Ligeris,Driving_Under_Influence,6way,0.0,60,WiFi,-76,45.0,-6.0,0.0073994025700226,40.30710752592539,21.806129593740195,Intentional
User_82,2025-03-28 17:31:27,0.324,0.3859,Driving,Zep,Speeding,5way,5.0,10,4G,-83,36.0,-15.0,0.0015138038805504,40.28081790991765,21.753821262556148,Intentional
User_95,2025-03-28 21:15:42,0.545,0.4469,Running,Ligeris,Speeding,6way,3.0,60,WiFi,-61,51.0,-2.0,0.0092681893608827,40.307435326908575,21.805949610626676,Intentional
User_27,2025-03-29 03:58:31,0.535,0.4271,Walking,Koila,Driving_Under_Influence,6way,2.0,40,4G,-96,14.0,-3.0,0.0085047725073026,37.521099,21.792786569177157,Intentional
User_26,2025-03-29 04:26:17,0.408,0.4225,Flying,Zep,Reckless_Driving,2way,0.0,60,3G,-108,61.0,16.0,0.001479060206182,40.27860163112827,21.753026259175048,Intentional
User_64,2025-03-29 06:37:25,0.511,0.5258,Running,Ligeris,Reckless_Driving,5way,1.0,50,119,-78,26.0,-13.0,0.0045780900203485,40.30625769994445,21.807482052281184,Intentional
User_77,2025-03-29 07:11:36,0.428,0.1925,Swimming,Koila,Driving_Under_Influence,2way,0.0,60,4G,-99,100.0,-6.0,0.021,40.32088658548688,21.792778202482783,Intentional
User_04,2025-03-29 09:57:46,0.662,0.2277,Driving,Spinari,Driving_Under_Influence,2way,0.0,50,5G,-71,26.0,-3.0,0.004932991995494,40.28040162085798,21.752079951380686,Intentional
User_57,2025-03-29 10:10:59,0.372,0.2872,Running,Center,Speeding,1way,1.0,70,WiFi,-62,18.0,16.0,0.0020753388638133,40.323330814548605,21.791083105489907,Intentional
User_66,2025-03-29 10:13:48,0.28,0.4047,Running,Zep,Speeding,5way,1.0,90,WiFi,-78,76.0,-13.0,0.0014054135911553,40.279396916171095,21.75472001117104,Intentional
User_49,2025-03-29 10:31:43,0.637,0.5163,Running,Ligeris,Reckless_Driving,6way,4.0,20,WiFi,-52,86.0,0.0,0.045,40.30532245058298,21.806811626273777,Intentional
User_06,2025-03-29 14:50:10,0.584,0.5435,Driving,Koila,Driving_Under_Influence,5way,0.0,70,119,-70,54.0,13.0,0.0080333865902892,40.32195058573323,21.79123938200691,Intentional
User_73,2025-03-29 17:56:00,0.325,0.3657,Walking,Koila,Driving_Under_Influence,6way,0.0,40,3G,-77,12.0,-19.0,0.0014652218207303,40.32169796302095,21.79101471655661,Intentional
User_19,2025-03-29 19:02:51,0.745,0.5565,Running,Ligeris,Driving_Under_Influence,5way,4.0,80,WiFi,-82,96.0,14.0,0.0053262516571474,40.304720298917914,21.80861735651187,Intentional
User_08,2025-03-29 22:13:08,0.347,0.5338,Driving,Ligeris,Reckless_Driving,6way,4.0,50,5G,-83,39.0,17.0,0.008552410830764,40.306512254327586,21.807574472935748,Intentional
User_92,2025-03-30 03:24:19,0.694,0.3532,Swimming,Zep,Speeding,2way,1.0,60,4G,-72,-141.0,-3.0,0.0099571806640698,40.27982068354681,21.753649176159776,Intentional
User_45,2025-03-30 04:30:17,0.285,0.4493,Swimming,Zep,Driving_Under_Influence,1way,1.0,10,5G,-77,49.0,-11.0,0.045,40.27864502877845,21.75327322154477,Intentional
User_14,2025-03-30 06:31:48,0.393,0.3844,Walking,Center,Speeding,1way,0.0,30,5G,-120,85.0,14.0,0.0063747894927099,40.30603450130427,21.80648681042534,Intentional
User_73,2025-03-30 08:25:58,0.325,0.3667,Flying,Koila,Speeding,2way,1.0,30,5G,-71,29.0,7.0,0.0015166828307989,40.32153069607557,21.79046175786816,Intentional
User_100,2025-03-30 09:38:25,0.37,0.43,Driving,Spinari,Speeding,1way,0.0,100,5G,-103,98.0,3.0,0.046,40.30509753620774,21.806699761058,Intentional
User_71,2025-03-30 09:40:37,0.256,0.1793,Walking,Spinari,Driving_Under_Influence,2way,1.0,70,4G,-71,80.0,3.0,0.0063093420398511,40.30534386310529,21.80658035964013,Intentional
User_52,2025-03-30 11:52:32,0.544,0.2532,Driving,Koila,Reckless_Driving,5way,0.0,20,3G,-71,79.0,8.0,0.0038971431007189,40.32339821417974,21.792539551062376,Intentional
User_100,2025-03-30 12:27:59,0.37,0.431,Driving,Center,Driving_Under_Influence,1way,0.0,40,3G,-94,85.0,21.0,0.0071516955915776,40.32125279155574,21.78937158418089,Intentional
User_66,2025-03-30 13:05:00,0.28,0.4067,Driving,Center,Speeding,1way,2.0,80,WiFi,-72,77.0,5.0,0.0027323901564746,40.28067150862521,21.752625637115337,Intentional
User_91,2025-03-30 13:21:51,0.587,0.4818,Running,Spinari,Speeding,1way,1.0,30,3G,-110,15.0,0.0,0.0021781535180872,40.279070702520535,21.753272890641572,Intentional
User_60,2025-03-30 13:44:11,0.353,0.5418,Walking,Koila,Driving_Under_Influence,5way,0.0,50,WiFi,-55,73.0,-1.0,0.0053524055710143,41.182362,21.790316682518693,Intentional
User_58,2025-03-30 16:46:45,0.465,0.211,Swimming,Ligeris,Speeding,1way,0.0,40,3G,-98,39.0,15.0,0.0054475973318618,40.30585234284126,21.80744353502638,Intentional
User_68,2025-03-30 17:10:37,0.472,0.2099,Walking,Spinari,Reckless_Driving,1way,0.0,30,4G,-98,43.0,-3.0,0.0029791826457563,40.32166714146488,21.79182239392074,Intentional
User_87,2025-03-30 19:28:18,0.709,0.5582,Flying,Ligeris,Speeding,4way,2.0,30,4G,-76,29.0,15.0,0.0016356626341034,40.306069159682096,21.80867428390602,Intentional
User_32,2025-03-31 01:01:42,0.464,0.198,Running,Ligeris,Driving_Under_Influence,6way,4.0,40,WiFi,-69,-35.0,-14.0,0.0058752650522912,40.30520119796659,21.806252310470015,Intentional
User_79,2025-03-31 13:11:32,0.389,0.297,Walking,Ligeris,Driving_Under_Influence,6way,4.0,30,WiFi,-51,17.0,0.0,0.0086669219673612,42.085321,21.808806724771554,Intentional
User_34,2025-03-31 14:05:26,0.431,0.3329,Walking,Spinari,Reckless_Driving,4way,1.0,40,WiFi,-52,56.0,-10.0,0.0082804113099049,40.321096074193385,21.791192800617495,Intentional
User_44,2025-03-31 14:38:19,0.332,0.2626,Walking,Center,Speeding,1way,1.0,40,WiFi,-62,39.0,1.0,0.0042790831210973,40.28063275431323,21.75236931629244,Intentional
User_59,2025-03-31 16:52:02,0.265,0.3562,Flying,Koila,Reckless_Driving,2way,1.0,50,WiFi,-58,0.0,3.0,0.0018036911461673,40.32277961086359,19.11933,Intentional
User_100,2025-03-31 18:19:57,0.37,0.433,Walking,Ligeris,Driving_Under_Influence,6way,0.0,10,5G,-87,-130.0,-7.0,0.0048311159529558,40.30579493991283,21.807790898789353,Intentional
User_59,2025-03-31 19:28:32,0.46,0.3572,Flying,Koila,Reckless_Driving,2way,2.0,10,4G,Ethernet,13.0,3.0,0.0047116202267065,40.322079409437194,21.792870092174088,Intentional
User_74,2025-03-31 20:07:27,0.497,0.5364,Running,Zep,Speeding,6way,0.0,10,108,-111,97.0,-8.0,0.005467925188471,40.279279218112976,21.75292636009533,Intentional
User_30,2025-03-31 20:11:16,0.413,0.2684,Flying,Ligeris,Speeding,2way,1.0,40,3G,-108,49.0,20.0,0.005653142335994,40.30694980527709,21.80704006772313,Intentional
User_23,2025-03-31 21:12:52,0.458,0.328,Flying,Zep,Reckless_Driving,4way,1.0,30,3G,-71,76.0,-11.0,0.0027616602100988,40.279981324782,21.7546053324511,Intentional
User_21,2025-04-01 00:02:55,0.303,0.1932,Driving,Center,Reckless_Driving,1way,3.0,40,4G,-78,81.0,5.0,0.0069992104370418,40.306320138926985,18.707344,Intentional
User_56,2025-04-01 15:08:46,0.374,0.1937,Swimming,Ligeris,Speeding,2way,0.0,60,5G,-80,-122.0,-16.0,0.0023002342289303,40.306825732953484,21.807940182728192,Intentional
User_83,2025-04-01 17:47:59,0.309,0.5405,Walking,Ligeris,Speeding,5way,2.0,50,5G,-92,99.0,-12.0,0.039,40.3066096798654,21.807355809259597,Intentional
User_28,2025-04-01 19:48:13,0.348,0.4913,Running,Spinari,Reckless_Driving,4way,0.0,10,4G,-86,47.0,6.0,0.0046861754046177,40.321304473878754,21.793021714115557,Intentional
User_42,2025-04-01 20:16:56,0.738,0.2946,Swimming,Koila,Driving_Under_Influence,2way,0.0,70,WiFi,-65,28.0,14.0,0.0081727851779839,40.321608607201,21.791282710430956,Intentional
User_39,2025-04-01 21:08:54,0.598,0.3287,Running,Ligeris,Reckless_Driving,5way,1.0,80,WiFi,-85,25.0,-9.0,0.0030788750803301,40.306446481816266,21.80729990674497,Intentional
User_83,2025-04-02 00:17:37,0.309,0.5415,Driving,Koila,Driving_Under_Influence,5way,0.0,20,4G,-74,20.0,20.0,0.0022835159164153,40.322216984199606,21.79263410658869,Intentional
User_99,2025-04-02 00:32:42,0.465,0.3924,Flying,Koila,Reckless_Driving,4way,0.0,60,4G,-70,-13.0,12.0,0.0086432280674373,40.30688864924701,21.809243684107063,Intentional
User_73,2025-04-02 02:17:52,0.325,0.3727,Walking,Zep,Speeding,6way,1.0,90,5G,-114,21.0,14.0,0.0044788455773775,40.27948734568024,21.752999675088677,Intentional
User_29,2025-04-02 02:53:18,0.415,0.3464,Flying,Zep,Speeding,2way,5.0,80,WiFi,-80,8.0,-11.0,0.048,40.27890835882164,21.75460781692829,Intentional
User_12,2025-04-02 11:25:20,0.67,0.5352,Driving,Center,Reckless_Driving,4way,0.0,20,4G,-77,29.0,-11.0,0.0090798575602016,40.27823198502843,21.752537493208404,Intentional
User_59,2025-04-02 11:38:19,0.46,0.3612,Driving,Spinari,Driving_Under_Influence,2way,0.0,40,5G,-100,-47.0,-9.0,0.0058156034357775,40.322469416751005,21.792987643762267,Intentional
User_84,2025-04-02 12:05:32,0.527,0.2557,Running,Ligeris,Speeding,5way,1.0,40,4G,-84,97.0,-6.0,0.0028064962986043,40.306347710592526,21.809184864771744,Intentional
User_74,2025-04-02 12:51:51,0.497,0.5404,Flying,Koila,Reckless_Driving,2way,3.0,90,4G,-111,27.0,13.0,0.0056923358674636,40.321971262581805,21.791616441373133,Intentional
User_43,2025-04-02 13:39:40,0.416,0.3427,Running,Koila,Reckless_Driving,5way,0.0,30,4G,-71,68.0,-1.0,0.0099417536411764,40.32370536526239,23.271443,Intentional
User_33,2025-04-02 14:35:58,0.634,0.5641,Walking,Koila,Reckless_Driving,6way,0.0,40,4G,-89,76.0,3.0,0.0023698604882277,40.27844249517938,23.760403,Intentional
User_04,2025-04-02 16:15:45,0.662,0.2357,Driving,Zep,Reckless_Driving,5way,0.0,70,3G,-104,48.0,0.0,0.0018108346492422,40.27935186451405,21.754334643827296,Intentional
User_66,2025-04-02 16:21:38,0.28,0.4117,Flying,Zep,Reckless_Driving,4way,0.0,10,4G,-94,28.0,-1.0,0.0034833746530769,40.278882461574995,21.75275198728511,Intentional
User_79,2025-04-02 18:12:03,0.389,0.3,Running,Zep,Reckless_Driving,6way,0.0,30,3G,-70,10.0,-4.0,0.025,40.27988514062598,21.75430785034093,Intentional
User_28,2025-04-02 19:22:25,0.348,0.4923,Running,Center,Speeding,1way,0.0,30,119,-113,66.0,-12.0,0.0052487086907368,40.322803282910584,21.793133290325095,Intentional
User_24,2025-04-02 20:30:37,0.445,0.2656,Flying,Koila,Driving_Under_Influence,1way,1.0,50,3G,-74,98.0,-12.0,0.0041429975633179,40.322275951822114,22.184644,Intentional
User_02,2025-04-02 20:33:56,0.529,0.4836,Running,Spinari,Reckless_Driving,2way,0.0,40,4G,-117,4.0,12.0,0.0065040622996026,40.32156953322981,21.792568066443117,Intentional
User_85,2025-04-02 21:11:31,0.254,0.3093,Swimming,Ligeris,Reckless_Driving,1way,1.0,90,5G,-97,97.0,-9.0,0.0073188088963584,40.30626621702306,21.80748200665329,Intentional
User_41,2025-04-02 22:07:00,0.628,0.3451,Walking,Zep,Driving_Under_Influence,6way,0.0,50,WiFi,-70,49.0,-8.0,0.0052629440324184,40.2791652327722,21.753476261753782,Intentional
User_14,2025-04-03 01:45:02,0.393,0.3914,Running,Ligeris,Reckless_Driving,5way,0.0,20,5G,-80,26.0,6.0,0.0073293143447571,40.30663364700901,21.80520988293688,Intentional
User_75,2025-04-03 04:55:40,0.409,0.3571,Walking,Koila,Driving_Under_Influence,6way,1.0,20,105,-112,61.0,-2.0,0.0076807104737532,40.32239718336972,21.793247478320357,Intentional
User_51,2025-04-03 04:56:05,0.46,0.565,Flying,Zep,Speeding,2way,0.0,70,5G,-76,50.0,7.0,0.0080172552907039,40.27965173353125,17.437308,Intentional
User_71,2025-04-03 04:58:44,0.256,0.1873,Running,Center,Driving_Under_Influence,4way,2.0,90,4G,-119,34.0,2.0,0.00660496912867,40.32326326733103,21.791337751752433,Intentional
User_51,2025-04-03 07:22:11,0.613,0.566,Walking,Zep,Reckless_Driving,6way,1.0,80,3G,Satellite,34.0,10.0,0.0061822012992783,40.28009766777223,21.7534218691348,Intentional
User_77,2025-04-03 10:18:48,0.428,0.2015,Running,Center,Speeding,2way,0.0,80,3G,-87,6.0,0.0,0.0084809530865768,42.08558,21.75328948141209,Intentional
User_07,2025-04-03 12:39:51,0.625,0.2654,Driving,Koila,Driving_Under_Influence,6way,2.0,40,4G,Ethernet,56.0,-15.0,0.0016653552945509,40.32079892171777,21.79108194070148,Intentional
User_11,2025-04-03 13:56:39,0.602,0.502,Flying,Koila,Speeding,1way,1.0,50,4G,-117,85.0,-12.0,0.0082043551074862,40.32228773805121,21.79185896639022,Intentional
User_19,2025-04-03 14:06:11,0.745,0.5655,Flying,Ligeris,Reckless_Driving,2way,0.0,30,3G,-81,58.0,15.0,0.0065190169861936,40.30570986695311,21.80882852765238,Intentional
User_87,2025-04-03 16:24:01,0.709,0.5652,Flying,Koila,Reckless_Driving,2way,0.0,30,5G,-70,45.0,7.0,0.046,40.32332233104681,21.791295916872997,Intentional
User_80,2025-04-03 18:11:03,0.704,0.3457,Flying,Koila,Speeding,2way,1.0,30,5G,-115,32.0,-3.0,0.0011555778935262,40.32341677202536,21.791919140069375,Intentional
User_30,2025-04-03 18:45:08,0.413,0.2754,Driving,Koila,Reckless_Driving,6way,0.0,20,3G,-84,100.0,2.0,0.036,40.32206730769072,21.791488552958377,Intentional
User_98,2025-04-03 21:02:12,0.46,0.3378,Walking,Zep,Driving_Under_Influence,6way,1.0,30,4G,-81,41.0,17.0,0.0038908137689681,40.28051632706797,21.754072535485967,Intentional
User_15,2025-04-03 23:25:20,0.627,0.4921,Running,Spinari,Driving_Under_Influence,2way,1.0,80,5G,-70,-15.0,15.0,0.0095827249670258,40.30590628726229,21.80764691272229,Intentional
User_81,2025-04-04 00:39:02,0.376,0.4695,Driving,Zep,Reckless_Driving,5way,1.0,60,5G,-98,56.0,8.0,0.003864238605567,40.278469645494255,21.753010540195728,Intentional
User_50,2025-04-04 03:37:27,0.398,0.4186,Flying,Koila,Reckless_Driving,2way,0.0,10,5G,-115,91.0,16.0,0.025,40.32199424301898,21.790238123906477,Intentional
User_80,2025-04-04 11:38:06,0.704,0.3477,Swimming,Koila,Driving_Under_Influence,2way,0.0,50,120,-107,86.0,-12.0,0.0026466406915509,40.32258138478064,21.78952743350203,Intentional
User_95,2025-04-04 15:05:17,0.545,0.4609,Driving,Koila,Speeding,5way,0.0,50,WiFi,-50,0.0,14.0,0.0099889594701874,40.322313909474886,21.793575702099993,Intentional
User_83,2025-04-04 15:07:01,0.309,0.5465,Running,Zep,Speeding,5way,0.0,50,WiFi,-84,85.0,14.0,0.0067072740779231,40.27906272088956,21.753060006548527,Intentional
User_43,2025-04-04 15:53:14,0.416,0.3467,Driving,Center,Driving_Under_Influence,2way,0.0,20,WiFi,-73,-122.0,-2.0,0.0044802759608873,40.27869990903533,21.755159014335703,Intentional
User_30,2025-04-04 15:59:39,0.413,0.2774,Running,Spinari,Driving_Under_Influence,2way,0.0,130,101,-76,50.0,0.0,0.0043970123780587,40.279049113815,21.753839136047997,Intentional
User_34,2025-04-05 04:40:45,0.431,0.3429,Flying,Ligeris,Speeding,2way,0.0,40,WiFi,-50,79.0,-15.0,0.0039598647538044,40.30490413226095,17.032786,Intentional
User_58,2025-04-05 07:58:54,0.465,0.222,Flying,Ligeris,Driving_Under_Influence,4way,1.0,70,WiFi,-87,84.0,12.0,0.0021789811624801,40.30748966368302,21.8088834800374,Intentional
User_77,2025-04-05 08:30:44,0.428,0.2055,Walking,Zep,Reckless_Driving,6way,0.0,60,4G,-110,65.0,-3.0,0.0066067389710783,40.27922226894004,21.753981409086567,Intentional
User_13,2025-04-05 12:14:26,0.75,0.5641,Flying,Zep,Driving_Under_Influence,2way,0.0,10,WiFi,-59,95.0,6.0,0.0025508079057786,40.279288274124,21.754513493441504,Intentional
User_83,2025-04-05 16:40:33,0.309,0.5485,Swimming,Koila,Driving_Under_Influence,1way,0.0,50,3G,-93,10.0,0.0,0.026,40.32180092900177,21.791545483591623,Intentional
User_100,2025-04-05 19:43:45,0.37,0.443,Flying,Koila,Speeding,2way,3.0,20,4G,-91,88.0,6.0,0.0096567814893397,40.32202369063068,21.791763495754115,Intentional
User_03,2025-04-05 20:14:44,0.568,0.2184,Walking,Spinari,Reckless_Driving,2way,0.0,20,4G,-110,56.0,1.0,0.0099806999307438,40.32229074653239,21.79119512249423,Intentional
User_55,2025-04-05 20:28:36,0.447,0.5254,Walking,Ligeris,Speeding,5way,2.0,20,5G,Satellite,39.0,1.0,0.0040121079511341,40.306831647591494,21.80690575128895,Intentional
User_21,2025-04-05 22:21:48,0.303,0.2022,Swimming,Zep,Driving_Under_Influence,4way,0.0,60,3G,-97,44.0,-17.0,0.0085624634605533,40.27825985015544,21.752281763208504,Intentional
User_40,2025-04-05 22:57:57,0.482,0.5567,Walking,Zep,Driving_Under_Influence,5way,0.0,90,3G,-91,51.0,-7.0,0.001404153234575,40.279511802285704,21.753830429878818,Intentional
User_89,2025-04-06 01:49:55,0.336,0.2031,Driving,Zep,Reckless_Driving,5way,1.0,80,WiFi,-70,84.0,-5.0,0.048,40.279152198895815,21.75296115718436,Intentional
User_30,2025-04-06 01:59:32,0.413,0.2804,Walking,Koila,Driving_Under_Influence,6way,2.0,70,3G,-88,80.0,-24.0,0.0054275522266951,40.32271178483366,21.791086804544147,Intentional
User_54,2025-04-06 09:11:03,0.327,0.4649,Walking,Ligeris,Reckless_Driving,6way,1.0,60,5G,-120,70.0,7.0,0.0048412553316463,41.496745,21.807059590490816,Intentional
User_26,2025-04-06 09:24:00,0.408,0.4385,Walking,Koila,Driving_Under_Influence,6way,0.0,70,WiFi,-70,-153.0,-16.0,0.0088416956430365,40.321850894872235,21.791836481152984,Intentional
User_58,2025-04-06 10:26:16,0.465,0.225,Flying,Zep,Driving_Under_Influence,1way,0.0,30,4G,-74,49.0,10.0,0.0011679739354269,40.280240098887624,21.754940176987866,Intentional
User_74,2025-04-06 11:28:13,0.497,0.5484,Walking,Center,Driving_Under_Influence,2way,0.0,30,4G,-116,83.0,2.0,0.0024644596892552,40.306710087751185,21.80686506994588,Intentional
User_41,2025-04-06 14:40:05,0.628,0.3531,Driving,Spinari,Speeding,1way,1.0,40,WiFi,-66,93.0,7.0,0.005653142335994,40.3058627321305,21.807260639205232,Intentional
User_33,2025-04-06 14:56:45,0.634,0.4052,Running,Center,Reckless_Driving,1way,2.0,60,WiFi,-61,60.0,2.0,0.043,40.30623753840641,21.80736660310179,Intentional
User_13,2025-04-06 17:38:20,0.75,0.4354,Driving,Koila,Reckless_Driving,6way,1.0,70,4G,-89,29.0,1.0,0.032,40.321529025107154,21.79201973350133,Intentional
User_48,2025-04-07 03:17:57,0.599,0.4604,Driving,Spinari,Driving_Under_Influence,1way,0.0,90,3G,-107,45.0,15.0,0.005653142335994,40.306230115631266,21.753719751473795,Intentional
User_89,2025-04-07 04:14:30,0.336,0.2051,Walking,Zep,Reckless_Driving,6way,2.0,10,4G,-98,50.0,1.0,0.0095932787892596,40.27876409165009,21.753300332253698,Intentional
User_57,2025-04-07 07:27:05,0.372,0.3052,Swimming,Zep,Driving_Under_Influence,2way,0.0,70,5G,-105,46.0,10.0,0.006600942613502,40.280336901542555,21.754154784871936,Intentional
User_96,2025-04-07 12:14:26,0.261,0.4501,Running,Center,Reckless_Driving,2way,1.0,80,3G,-112,85.0,-1.0,0.0033068070311438,40.28012231742465,21.75392349999324,Intentional
User_91,2025-04-07 13:07:51,0.46,0.4968,Flying,Koila,Driving_Under_Influence,2way,3.0,10,4G,-120,72.0,5.0,0.0051499264452558,40.32186861703353,21.79077600377883,Intentional
User_27,2025-04-07 14:08:20,0.535,0.4451,Driving,Zep,Speeding,6way,4.0,60,5G,-89,97.0,18.0,0.0045026051826554,40.2796624432401,21.752882859257895,Intentional
User_24,2025-04-07 17:21:01,0.445,0.2756,Running,Ligeris,Driving_Under_Influence,5way,1.0,50,3G,-90,49.0,4.0,0.0067869331907684,37.232072,21.807419679215293,Intentional
User_17,2025-04-07 18:36:52,0.631,0.3338,Walking,Spinari,Reckless_Driving,2way,1.0,30,3G,-116,55.0,-7.0,0.0058494163259371,40.30684234940804,21.80901334504511,Intentional
User_58,2025-04-07 21:37:55,0.465,0.5641,Driving,Ligeris,Driving_Under_Influence,6way,1.0,50,3G,-94,69.0,-13.0,0.039,40.306230115631266,21.806896020495383,Intentional
User_53,2025-04-07 21:54:35,0.313,0.2926,Driving,Koila,Driving_Under_Influence,6way,1.0,50,WiFi,-63,6.0,6.0,0.0063549573137415,40.32168695377542,21.791668466304092,Intentional
User_95,2025-04-08 06:29:38,0.545,0.4679,Driving,Zep,Driving_Under_Influence,5way,0.0,70,5G,-118,98.0,18.0,0.008726535841157,40.2802929922062,21.754012384240863,Intentional
User_67,2025-04-08 08:17:06,0.529,0.4056,Flying,Ligeris,Reckless_Driving,2way,0.0,20,3G,-90,76.0,6.0,0.005653142335994,40.30615328444121,21.80768026029256,Intentional
User_04,2025-04-08 10:47:40,0.662,0.2477,Driving,Ligeris,Driving_Under_Influence,5way,0.0,30,5G,-88,1.0,6.0,0.0033173711753093,40.30548444215435,21.806905150762613,Intentional
User_10,2025-04-08 12:03:00,0.315,0.5458,Flying,Koila,Speeding,2way,0.0,50,3G,-92,33.0,-1.0,0.0018466134461249,40.32131659826811,21.790727973928867,Intentional
User_33,2025-04-08 13:43:52,0.634,0.4092,Walking,Koila,Driving_Under_Influence,5way,0.0,70,3G,-117,82.0,8.0,0.0085823074330689,40.32216795641412,21.790730186090254,Intentional
User_03,2025-04-08 16:18:14,0.568,0.2244,Driving,Koila,Reckless_Driving,6way,0.0,60,3G,-112,90.0,-2.0,0.0065391501674938,40.320543032460975,21.792118166321632,Intentional
User_57,2025-04-08 19:54:16,0.372,0.3072,Walking,Spinari,Driving_Under_Influence,4way,3.0,50,5G,-105,49.0,0.0,0.0010757407594818,38.654334,21.75262380917745,Intentional
User_11,2025-04-08 22:35:59,0.602,0.512,Flying,Zep,Speeding,2way,1.0,40,4G,-75,68.0,-3.0,0.0031848362549145,40.279304845513735,21.75236175443577,Intentional
User_70,2025-04-09 04:04:12,0.601,0.2919,Flying,Zep,Driving_Under_Influence,2way,0.0,40,5G,-83,23.0,-14.0,0.0047649106014873,40.279682769334435,21.753549979570153,Intentional
User_08,2025-04-09 04:36:46,0.347,0.5548,Driving,Center,Driving_Under_Influence,2way,0.0,50,WiFi,-51,94.0,1.0,0.0090658272373235,40.27963480780222,21.75136915593044,Intentional
User_58,2025-04-09 04:55:15,0.465,0.23,Running,Center,Speeding,4way,0.0,90,5G,-102,62.0,2.0,0.0098151875414449,40.321604665725566,21.79206480873172,Intentional
User_100,2025-04-09 05:21:09,0.37,0.45,Driving,Ligeris,Speeding,6way,1.0,80,5G,-98,96.0,-16.0,0.0029351466380467,40.30598008104589,21.808670146934055,Intentional
User_69,2025-04-09 12:09:32,0.34,0.5561,Driving,Spinari,Reckless_Driving,1way,0.0,30,117,-96,18.0,-5.0,0.0036605903178998,40.27901129211662,21.752359668815693,Intentional
User_58,2025-04-09 12:36:11,0.465,0.231,Swimming,Ligeris,Reckless_Driving,2way,0.0,30,3G,Satellite,47.0,1.0,0.0024783222361347,40.3047846295289,21.807599660876228,Intentional
User_72,2025-04-09 14:15:22,0.567,0.2385,Flying,Koila,Driving_Under_Influence,2way,1.0,90,5G,-102,76.0,0.0,0.0046278347948092,40.32152798329711,22.846737,Intentional
User_29,2025-04-09 16:17:03,0.415,0.3614,Driving,Center,Speeding,2way,0.0,40,4G,-117,78.0,16.0,0.0066992751140946,37.722414,21.80930321589028,Intentional
User_23,2025-04-09 18:25:30,0.458,0.346,Swimming,Koila,Driving_Under_Influence,2way,3.0,10,WiFi,-53,72.0,-14.0,0.0039520795185337,40.32193878420514,21.79137548323496,Intentional
User_54,2025-04-09 19:01:12,0.327,0.4709,Flying,Ligeris,Driving_Under_Influence,2way,0.0,30,WiFi,Ethernet,49.0,-8.0,0.0010228634076789,40.306178331781894,21.80519650782703,Intentional
User_79,2025-04-09 21:40:29,0.389,0.315,Driving,Koila,Driving_Under_Influence,5way,3.0,50,WiFi,-77,12.0,8.0,0.0081539290683217,40.32053088796592,21.79232465399049,Intentional
User_99,2025-04-10 00:39:25,0.465,0.4084,Running,Center,Speeding,2way,0.0,40,4G,-114,-36.0,10.0,0.0089611683512793,40.280769811601004,21.75342899590385,Intentional
User_54,2025-04-10 00:55:06,0.327,0.4729,Walking,Ligeris,Driving_Under_Influence,6way,3.0,50,5G,-80,-149.0,14.0,0.0099566555550179,40.30629635854413,21.807492975904996,Intentional
User_57,2025-04-10 02:08:41,0.372,0.3102,Flying,Zep,Reckless_Driving,2way,0.0,10,WiFi,-51,29.0,-12.0,0.0059847432348167,40.27978299008113,17.883139,Intentional
User_75,2025-04-10 02:23:18,0.409,0.3711,Walking,Zep,Reckless_Driving,6way,0.0,90,WiFi,-74,63.0,-13.0,0.0073336391544524,40.27886925119488,21.75324711239435,Intentional
User_44,2025-04-10 03:23:00,0.332,0.2826,Driving,Center,Driving_Under_Influence,2way,0.0,80,4G,-72,99.0,-8.0,0.0062603948704612,40.30620023861851,21.80755193883679,Intentional
User_02,2025-04-10 03:30:45,0.529,0.4986,Swimming,Zep,Speeding,2way,1.0,70,3G,-72,68.0,-1.0,0.0024010206847301,40.278480392233334,21.752784825128373,Intentional
User_32,2025-04-10 04:54:49,0.464,0.218,Swimming,Zep,Driving_Under_Influence,2way,2.0,50,WiFi,-73,93.0,13.0,0.0022277127115279,40.27853793412832,21.753850534848937,Intentional
User_36,2025-04-10 05:17:42,0.563,0.5869,Driving,Ligeris,Reckless_Driving,5way,1.0,40,WiFi,-56,23.0,6.0,0.0026934289228217,40.30646063862853,21.807892434720223,Intentional
User_55,2025-04-10 16:44:46,0.447,0.5344,Flying,Koila,Speeding,4way,0.0,60,3G,-106,63.0,-3.0,0.0082071334959025,40.3219323380756,21.79085047250776,Intentional
User_01,2025-04-10 17:38:26,0.619,0.4718,Swimming,Koila,Driving_Under_Influence,1way,0.0,40,3G,-95,84.0,9.0,0.0042402426923453,40.323147582919134,21.78946314171049,Intentional
User_26,2025-04-10 19:41:41,0.408,0.4465,Walking,Zep,Reckless_Driving,5way,4.0,50,3G,-85,91.0,2.0,0.0083971608103325,40.27959124242366,21.753562554447495,Intentional
User_41,2025-04-10 20:17:58,0.628,0.3611,Walking,Koila,Speeding,5way,0.0,30,4G,-87,14.0,1.0,0.0031082144632271,40.30670896328698,19.787604,Intentional
User_49,2025-04-10 20:57:18,0.637,0.5403,Flying,Zep,Driving_Under_Influence,2way,0.0,60,4G,-88,28.0,-4.0,0.0063678825367239,40.27958858255974,18.128,Intentional
User_14,2025-04-10 21:55:11,0.393,0.4064,Driving,Spinari,Reckless_Driving,2way,1.0,30,3G,-91,67.0,-14.0,0.0033920061435752,42.97073,21.808337203301697,Intentional
User_79,2025-04-11 02:54:04,0.389,0.318,Walking,Ligeris,Driving_Under_Influence,6way,0.0,20,4G,-93,88.0,8.0,0.0016274990597423,40.306474412653095,21.808664045167017,Intentional
User_22,2025-04-11 05:19:43,0.413,0.2479,Driving,Center,Driving_Under_Influence,1way,0.0,40,3G,-116,-144.0,7.0,0.0077433360262275,40.28022756738144,21.753776853910228,Intentional
User_83,2025-04-11 08:05:43,0.309,0.5595,Swimming,Ligeris,Speeding,2way,0.0,120,5G,-111,53.0,4.0,0.0083635510458483,37.145988,21.80680049378773,Intentional
User_07,2025-04-11 10:10:51,0.625,0.2814,Running,Koila,Driving_Under_Influence,5way,1.0,20,WiFi,-81,71.0,10.0,0.0020018286662984,40.32195034878811,21.79095891293347,Intentional
User_37,2025-04-11 10:47:38,0.306,0.4764,Swimming,Zep,Reckless_Driving,2way,1.0,30,4G,-107,-129.0,14.0,0.0048930464503562,40.27879166980344,21.753187523414095,Intentional
User_51,2025-04-11 11:56:01,0.613,0.581,Walking,Zep,Reckless_Driving,5way,0.0,40,WiFi,-68,28.0,-7.0,0.0046200680826539,40.27950121120945,21.791256784153244,Intentional
User_90,2025-04-11 11:58:54,0.525,0.2618,Flying,Koila,Reckless_Driving,2way,0.0,50,WiFi,Ethernet,73.0,-13.0,0.0011205599733384,40.32233057621458,21.791162557539103,Intentional
User_13,2025-04-11 13:01:09,0.75,0.4454,Running,Koila,Driving_Under_Influence,6way,0.0,80,4G,-103,23.0,12.0,0.0068724638784047,37.669327,21.789939819177658,Intentional
User_93,2025-04-11 13:37:31,0.588,0.2222,Driving,Center,Driving_Under_Influence,2way,0.0,30,115,-70,27.0,9.0,0.0087635370222072,40.32214569502656,21.79095134079481,Intentional
User_29,2025-04-11 18:11:40,0.415,0.3654,Running,Center,Reckless_Driving,1way,0.0,30,4G,-89,5.0,-4.0,0.0056774591511239,40.279762648098966,23.590352,Intentional
User_69,2025-04-11 20:06:29,0.34,0.5611,Flying,Koila,Speeding,4way,0.0,10,WiFi,-53,95.0,-11.0,0.0013167578992645,40.32169622284568,21.791138881024093,Intentional
User_14,2025-04-11 20:08:09,0.393,0.4084,Walking,Spinari,Speeding,1way,0.0,30,WiFi,-57,48.0,-19.0,0.0018231788583051,40.30689537303603,21.808212269043068,Intentional
User_68,2025-04-11 22:14:19,0.472,0.2339,Flying,Koila,Speeding,2way,0.0,50,5G,-95,50.0,-11.0,0.0098356293367303,40.322199571375165,21.7892025853033,Intentional
User_65,2025-04-11 23:54:06,0.448,0.2771,Running,Ligeris,Reckless_Driving,5way,2.0,20,5G,-117,-158.0,-12.0,0.0069062849720091,40.30577832394777,21.809004830940506,Intentional
User_31,2025-04-12 08:06:56,0.56,0.5554,Driving,Center,Driving_Under_Influence,2way,0.0,50,5G,-72,-49.0,-1.0,0.0013073439063759,40.28006417194448,21.75384073319868,Intentional
User_68,2025-04-12 08:15:11,0.472,0.2359,Running,Ligeris,Reckless_Driving,5way,1.0,10,5G,-119,91.0,-5.0,0.0021796025550658,40.30559997920424,21.80658200906194,Intentional
User_80,2025-04-12 08:49:01,0.704,0.3627,Flying,Zep,Reckless_Driving,2way,1.0,90,3G,-109,43.0,0.0,0.0097518315162794,42.459588,21.754009826245714,Intentional
User_09,2025-04-12 09:24:08,0.307,0.5878,Running,Zep,Reckless_Driving,6way,0.0,40,5G,-97,30.0,-7.0,0.0078191017542318,40.27914946218412,21.755003918672383,Intentional
User_64,2025-04-12 11:58:36,0.511,0.5548,Flying,Ligeris,Speeding,2way,0.0,40,5G,-85,64.0,1.0,0.0013289014650661,40.30774215653487,21.791256784153244,Intentional
User_10,2025-04-12 14:15:14,0.315,0.5528,Running,Ligeris,Reckless_Driving,5way,0.0,30,3G,Ethernet,91.0,8.0,0.007471997972858,40.30660169076183,21.80684311872172,Intentional
User_26,2025-04-12 15:53:12,0.408,0.4505,Driving,Koila,Driving_Under_Influence,6way,0.0,60,5G,-108,12.0,3.0,0.0076863904432609,40.3232143282071,21.791560014083785,Intentional
User_31,2025-04-12 16:24:41,0.56,0.5564,Running,Center,Speeding,2way,0.0,20,WiFi,-70,40.0,-6.0,0.0098359945270183,40.306161986305725,21.809832771913214,Intentional
User_17,2025-04-12 18:35:59,0.631,0.3438,Walking,Zep,Speeding,5way,0.0,50,5G,-116,77.0,-9.0,0.0087159236700336,40.27817732868687,21.7521558232117,Intentional
User_85,2025-04-12 18:40:50,0.254,0.5641,Running,Ligeris,Reckless_Driving,5way,1.0,60,4G,-106,88.0,-16.0,0.0017404907475537,40.30764155766723,21.807384912407564,Intentional
User_01,2025-04-12 21:19:28,0.619,0.4758,Driving,Zep,Speeding,6way,1.0,30,4G,-103,79.0,-9.0,0.005358194812064,40.2795328433975,21.753365318427356,Intentional
User_54,2025-04-12 23:20:44,0.327,0.4779,Walking,Center,Reckless_Driving,2way,1.0,60,4G,-71,5.0,-6.0,0.005653142335994,40.32144248971226,21.79170545470276,Intentional
User_03,2025-04-12 23:36:00,0.568,0.2324,Walking,Center,Driving_Under_Influence,1way,1.0,20,WiFi,Ethernet,12.0,-1.0,0.0062604845058709,40.27924349108423,21.754269502979454,Intentional
User_86,2025-04-13 01:33:44,0.469,0.2061,Driving,Spinari,Driving_Under_Influence,1way,0.0,50,5G,-75,35.0,25.0,0.0051855365610811,40.322402458781,21.791762256357305,Intentional
User_81,2025-04-13 05:20:58,0.376,0.4875,Walking,Koila,Driving_Under_Influence,6way,0.0,70,WiFi,-69,99.0,13.0,0.0032830316880022,40.306230115631266,21.7905170217635,Intentional
User_100,2025-04-13 08:11:01,0.37,0.459,Swimming,Koila,Driving_Under_Influence,4way,1.0,10,5G,-100,18.0,13.0,0.0024242974209502,40.322377476186944,21.79064132399664,Intentional
User_62,2025-04-13 08:59:46,0.366,0.3132,Running,Spinari,Reckless_Driving,4way,0.0,70,3G,-109,19.0,7.0,0.0024226586070875,40.32352444933871,21.79101886052844,Intentional
User_94,2025-04-13 10:57:07,0.681,0.305,Flying,Koila,Speeding,2way,3.0,50,WiFi,-63,68.0,13.0,0.0054996761911499,40.32242731262834,17.660834,Intentional
User_29,2025-04-13 17:10:44,0.415,0.3694,Running,Center,Driving_Under_Influence,4way,0.0,40,5G,-118,94.0,16.0,0.0048274861897634,40.30683300772743,21.806945677079433,Intentional
User_34,2025-04-13 20:31:37,0.431,0.3589,Running,Spinari,Speeding,2way,0.0,40,5G,-74,9.0,1.0,0.002757801090571,40.306112957294935,21.805493705669157,Intentional
User_90,2025-04-14 01:03:49,0.525,0.2668,Driving,Center,Speeding,2way,1.0,40,4G,-94,48.0,-7.0,0.0069841443746771,40.32257789272064,21.79095331738029,Intentional
User_13,2025-04-14 02:21:27,0.75,0.4514,Driving,Zep,Reckless_Driving,5way,1.0,50,5G,-105,37.0,-2.0,0.0051841113735426,40.2789096988668,21.752929774958773,Intentional
User_71,2025-04-14 04:00:26,0.256,0.2093,Walking,Center,Driving_Under_Influence,1way,0.0,10,3G,-97,53.0,-3.0,0.002596684806496,40.32227754510625,21.792894855776744,Intentional
User_52,2025-04-14 05:20:15,0.544,0.2842,Driving,Ligeris,Driving_Under_Influence,6way,1.0,40,4G,-88,68.0,-4.0,0.0053121145477891,38.728375,21.808441816002446,Intentional
User_49,2025-04-14 05:38:13,0.637,0.5473,Walking,Center,Speeding,1way,1.0,40,WiFi,-87,8.0,-11.0,0.0072675625183781,40.27950738323568,21.75429095869312,Intentional
User_06,2025-04-14 15:29:09,0.584,0.5755,Walking,Spinari,Speeding,1way,4.0,80,WiFi,-84,93.0,-4.0,0.0073256306689201,40.28005320124361,21.753364437128113,Intentional
User_57,2025-04-14 15:29:56,0.372,0.3192,Driving,Ligeris,Reckless_Driving,5way,0.0,20,3G,-115,8.0,-6.0,0.0064061248493359,40.30680303130392,21.80791035609159,Intentional
User_76,2025-04-14 17:01:47,0.355,0.4061,Swimming,Ligeris,Reckless_Driving,2way,0.0,40,WiFi,-75,5.0,12.0,0.0035081172572632,38.61922,21.809332960477363,Intentional
User_41,2025-04-14 20:06:22,0.628,0.3691,Running,Spinari,Driving_Under_Influence,2way,1.0,10,104,-91,58.0,9.0,0.0051719257587957,40.32193311656089,21.791906407680884,Intentional
User_98,2025-04-14 20:15:49,0.46,0.3598,Running,Spinari,Driving_Under_Influence,1way,1.0,20,5G,-96,83.0,23.0,0.0017237207308531,40.32183444048828,21.789217318831938,Intentional
User_62,2025-04-15 01:26:34,0.366,0.3172,Walking,Spinari,Reckless_Driving,2way,1.0,50,109,-76,90.0,-4.0,0.0014728062097069,40.3066943154547,21.80782027632412,Intentional
User_81,2025-04-15 04:01:11,0.376,0.4915,Running,Zep,Speeding,6way,0.0,80,101,-79,64.0,11.0,0.0084437298155687,40.27936232880289,21.753970163164023,Intentional
User_33,2025-04-15 04:37:57,0.634,0.4222,Walking,Center,Reckless_Driving,4way,1.0,50,5G,-87,62.0,-7.0,0.0024307147786278,40.32153883806591,21.78930371665104,Intentional
User_56,2025-04-15 11:15:05,0.374,0.2217,Running,Spinari,Driving_Under_Influence,2way,1.0,20,5G,-77,86.0,13.0,0.0031034196822446,40.322097425444106,21.79126312660944,Intentional
User_96,2025-04-15 12:35:30,0.261,0.4671,Flying,Ligeris,Speeding,2way,1.0,50,WiFi,-82,69.0,12.0,0.0069806493861792,40.30662283402533,22.893202,Intentional
User_59,2025-04-15 13:29:40,0.265,0.3862,Swimming,Zep,Driving_Under_Influence,2way,4.0,70,3G,-117,46.0,7.0,0.0072165098659668,42.553261,21.752195540619763,Intentional
User_28,2025-04-15 15:02:25,0.348,0.5193,Driving,Center,Reckless_Driving,2way,1.0,80,3G,-95,19.0,6.0,0.041,40.30755036183858,21.806659345700055,Intentional
User_66,2025-04-15 15:02:53,0.28,0.4377,Walking,Spinari,Reckless_Driving,4way,2.0,80,3G,Satellite,69.0,-5.0,0.0089886875279744,40.306230115631266,21.791372328759717,Intentional
User_19,2025-04-15 15:26:11,0.745,0.5905,Walking,Koila,Reckless_Driving,5way,1.0,70,102,-88,95.0,2.0,0.008458453425297,40.322435606093165,21.790956344275894,Intentional
User_70,2025-04-15 15:41:45,0.601,0.3029,Walking,Center,Speeding,2way,2.0,30,WiFi,-58,-150.0,15.0,0.0018448645084089,40.32161614132468,21.79041567844003,Intentional
User_65,2025-04-15 16:16:58,0.448,0.2851,Walking,Spinari,Reckless_Driving,4way,0.0,50,3G,-111,98.0,0.0,0.0052910780470683,40.32316432014125,21.79268762236607,Intentional
User_70,2025-04-15 20:20:03,0.601,0.3039,Walking,Center,Reckless_Driving,1way,1.0,30,WiFi,-84,32.0,-5.0,0.0033156124736895,40.30645127255884,21.8072142655317,Intentional
User_75,2025-04-15 23:24:02,0.409,0.3821,Walking,Koila,Reckless_Driving,6way,1.0,40,5G,-94,9.0,-20.0,0.0091588181809044,40.3235356176407,21.79000383430986,Intentional
User_03,2025-04-15 23:47:33,0.568,0.2384,Driving,Spinari,Speeding,1way,0.0,10,5G,-93,76.0,11.0,0.0078308454072718,40.32278626899762,21.791096914340905,Intentional
User_12,2025-04-16 02:18:14,0.46,0.5622,Driving,Center,Driving_Under_Influence,2way,1.0,40,5G,Satellite,64.0,2.0,0.0065877472030276,40.279278587536346,21.753438060098244,Intentional
User_21,2025-04-16 02:42:01,0.303,0.2232,Swimming,Koila,Speeding,2way,0.0,50,5G,-90,68.0,-12.0,0.0082226767510904,40.32226770683022,21.79123122036755,Intentional
User_36,2025-04-16 04:58:07,0.563,0.5989,Driving,Zep,Reckless_Driving,5way,0.0,60,4G,-104,88.0,15.0,0.0032255671223929,38.147612,21.75300193817861,Intentional
User_46,2025-04-16 06:58:38,0.519,0.5516,Running,Center,Reckless_Driving,1way,0.0,50,3G,Satellite,76.0,1.0,0.0099073454182011,40.32209605785385,21.791252794421304,Intentional
User_98,2025-04-16 10:45:58,0.46,0.3628,Driving,Zep,Speeding,6way,0.0,30,WiFi,-66,75.0,0.0,0.036,40.27958769348556,21.753393168563743,Intentional
User_26,2025-04-16 11:16:27,0.408,0.4595,Walking,Center,Reckless_Driving,1way,1.0,80,WiFi,-54,41.0,25.0,0.0016055189381197,40.32187401419589,21.79108269797663,Intentional
User_87,2025-04-16 12:02:14,0.709,0.5912,Walking,Zep,Reckless_Driving,6way,5.0,30,5G,-74,-143.0,-1.0,0.0062555265554117,40.27912407424013,21.755029548886213,Intentional
User_59,2025-04-16 16:54:22,0.265,0.3892,Running,Zep,Speeding,5way,1.0,80,5G,-99,28.0,-2.0,0.0043905416298034,40.27954269466737,21.791256784153244,Intentional
User_94,2025-04-16 18:20:55,0.681,0.31,Walking,Center,Reckless_Driving,2way,2.0,90,5G,-98,56.0,10.0,0.0050744077803958,40.3220952513364,21.791269997636824,Intentional
User_84,2025-04-16 18:45:38,0.527,0.2847,Running,Koila,Speeding,5way,0.0,80,3G,-107,75.0,13.0,0.0060213192557379,40.32210955933439,22.115875,Intentional
User_31,2025-04-16 20:54:03,0.56,0.5644,Walking,Koila,Reckless_Driving,5way,1.0,80,4G,-88,-147.0,8.0,0.0037729247094939,40.32122809470659,21.79098905284169,Intentional
User_99,2025-04-16 21:06:23,0.465,0.4204,Driving,Ligeris,Reckless_Driving,5way,1.0,30,WiFi,-52,98.0,12.0,0.0085896490722548,40.30651410560582,21.80959048815596,Intentional
User_03,2025-04-16 22:20:18,0.568,0.2404,Flying,Zep,Reckless_Driving,2way,0.0,80,4G,-120,65.0,5.0,0.0070900795902984,40.27993514712747,21.75530362807057,Intentional
User_61,2025-04-16 22:59:09,0.546,0.2917,Driving,Koila,Reckless_Driving,6way,0.0,10,4G,-116,98.0,0.0,0.0060485497391732,40.32145978590317,21.790582709219244,Intentional
User_62,2025-04-16 23:45:19,0.366,0.3202,Flying,Ligeris,Speeding,2way,1.0,10,WiFi,-71,58.0,5.0,0.023,40.30677298282865,21.806796830505668,Intentional
User_53,2025-04-17 00:38:15,0.313,0.3116,Swimming,Ligeris,Speeding,2way,0.0,30,5G,-105,99.0,-10.0,0.0090782260374372,40.30483661107715,21.807951070380785,Intentional
User_33,2025-04-17 03:38:12,0.634,0.4262,Driving,Koila,Speeding,5way,0.0,40,4G,-91,47.0,-2.0,0.0050874876158507,40.32259205869343,21.790272364669423,Intentional
User_21,2025-04-17 04:35:32,0.303,0.2252,Walking,Center,Driving_Under_Influence,1way,1.0,50,3G,-100,35.0,13.0,0.0039914508938968,40.27910464776119,17.208656,Intentional
User_90,2025-04-17 05:25:02,0.525,0.2728,Swimming,Ligeris,Driving_Under_Influence,4way,1.0,30,4G,-87,41.0,13.0,0.0023255425757773,40.30447738301445,21.807723378316236,Intentional
User_32,2025-04-17 07:33:30,0.464,0.232,Flying,Koila,Speeding,4way,1.0,30,3G,-101,-136.0,15.0,0.005317986784038,40.32330646015852,21.79058030603321,Intentional
User_66,2025-04-17 07:58:02,0.28,0.4417,Swimming,Koila,Speeding,1way,0.0,40,3G,-99,47.0,3.0,0.0079004603968839,40.306230115631266,21.792444479351776,Intentional
User_95,2025-04-17 08:40:18,0.545,0.4859,Flying,Ligeris,Driving_Under_Influence,2way,1.0,20,3G,-115,49.0,-10.0,0.026,40.307274834931434,21.80849543949754,Intentional
User_41,2025-04-17 09:34:37,0.628,0.3751,Swimming,Ligeris,Driving_Under_Influence,2way,0.0,60,5G,-99,56.0,1.0,0.0037458673524671,40.30446865293642,21.8077808740688,Intentional
User_01,2025-04-17 14:42:47,0.619,0.4848,Running,Zep,Reckless_Driving,6way,0.0,30,5G,-73,-47.0,-3.0,0.0022144902569165,40.279600870978335,21.754256621415713,Intentional
User_62,2025-04-17 16:14:03,0.366,0.3222,Running,Spinari,Speeding,2way,0.0,40,5G,-76,51.0,-4.0,0.0016403750806572,40.32209967106548,21.791156913766432,Intentional
User_77,2025-04-17 17:27:56,0.428,0.2305,Walking,Spinari,Driving_Under_Influence,2way,2.0,30,5G,-120,43.0,-1.0,0.0015933864354056,40.27921305258662,21.75289670989369,Intentional
User_30,2025-04-17 18:21:32,0.413,0.3034,Running,Center,Reckless_Driving,4way,2.0,40,3G,-105,-159.0,-13.0,0.0091226066876148,40.306803736127904,21.80656262912392,Intentional
User_01,2025-04-17 21:18:39,0.619,0.4858,Walking,Spinari,Driving_Under_Influence,1way,1.0,30,WiFi,-66,22.0,3.0,0.022,40.2809876736268,21.752580504474523,Intentional
User_61,2025-04-17 21:55:45,0.546,0.2937,Walking,Center,Reckless_Driving,4way,0.0,50,4G,-94,100.0,-2.0,0.0091187818358502,40.3055923034771,21.80861482470925,Intentional
User_94,2025-04-18 08:19:08,0.681,0.314,Flying,Koila,Driving_Under_Influence,2way,0.0,30,WiFi,-56,4.0,14.0,0.0072014931782265,40.32272616408236,21.78913846381217,Intentional
User_35,2025-04-18 11:17:24,0.274,0.2952,Walking,Ligeris,Speeding,6way,4.0,50,WiFi,-88,40.0,-8.0,0.044,40.3069956486551,21.80821010410901,Intentional
User_18,2025-04-18 15:42:25,0.251,0.6055,Flying,Zep,Reckless_Driving,2way,1.0,10,4G,-88,48.0,-7.0,0.0059891478841649,40.27825843169954,21.752213384587055,Intentional
User_25,2025-04-18 15:55:38,0.408,0.3518,Swimming,Zep,Driving_Under_Influence,1way,1.0,60,5G,-74,71.0,-2.0,0.0070187928079968,40.27953913456127,21.75336870781729,Intentional
User_33,2025-04-18 22:29:25,0.634,0.4292,Walking,Koila,Driving_Under_Influence,6way,3.0,70,5G,-72,56.0,10.0,0.0068112575531305,40.32185908320539,21.791278910303312,Intentional
User_64,2025-04-18 23:14:49,0.511,0.5668,Walking,Zep,Speeding,5way,2.0,40,5G,-79,31.0,-5.0,0.0024721144073647,40.28007008912708,21.75159064800006,Intentional
User_07,2025-04-18 23:28:27,0.625,0.2964,Flying,Koila,Speeding,2way,0.0,50,3G,-105,36.0,13.0,0.0077305529999765,40.322579534719395,21.793374011367387,Intentional
User_56,2025-04-19 00:52:06,0.374,0.2287,Driving,Center,Speeding,2way,0.0,10,5G,-78,63.0,19.0,0.0055117437832741,40.30729812131182,21.80879503413842,Intentional
User_84,2025-04-19 04:44:14,0.527,0.2897,Driving,Ligeris,Reckless_Driving,6way,0.0,30,3G,-80,40.0,-15.0,0.04,40.30567067056037,21.80727619323516,Intentional
User_93,2025-04-19 07:06:15,0.588,0.2372,Driving,Center,Speeding,1way,1.0,60,5G,-79,76.0,1.0,0.0087136073490501,40.30575008226456,21.8085317991126,Intentional
User_85,2025-04-19 07:23:51,0.254,0.3423,Driving,Zep,Speeding,5way,2.0,40,3G,-103,35.0,5.0,0.008372558874596,40.27990944750431,21.754347968238573,Intentional
User_19,2025-04-19 11:37:16,0.745,0.5985,Swimming,Ligeris,Speeding,2way,0.0,60,WiFi,-73,12.0,-14.0,0.001610355146928,40.305849910926504,21.80593232801055,Intentional
User_22,2025-04-19 13:02:23,0.413,0.2629,Driving,Spinari,Reckless_Driving,2way,0.0,50,4G,-108,79.0,13.0,0.004811773192063,40.32311717477645,21.789546940542262,Intentional
User_16,2025-04-19 13:32:37,0.513,0.4227,Flying,Zep,Speeding,4way,0.0,40,WiFi,-115,51.0,-12.0,0.0053862921195714,38.559947,21.753184418438327,Intentional
User_98,2025-04-19 15:23:58,0.46,0.3698,Flying,Ligeris,Reckless_Driving,2way,2.0,50,3G,-72,85.0,16.0,0.0048959838461109,40.307150578816575,21.80703475565292,Intentional
User_32,2025-04-19 15:42:22,0.464,0.236,Swimming,Zep,Speeding,2way,0.0,10,5G,-120,-26.0,16.0,0.009041979726681,40.27852693150214,21.754700245170177,Intentional
User_70,2025-04-19 16:17:56,0.601,0.3119,Running,Center,Speeding,2way,1.0,30,WiFi,-54,92.0,-13.0,0.0095172655615436,40.32209717115368,21.78985322110305,Intentional
User_72,2025-04-19 17:41:34,0.567,0.2585,Driving,Ligeris,Speeding,5way,0.0,80,5G,-103,38.0,3.0,0.0057966605721092,40.307411512157735,21.806976647771528,Intentional
User_32,2025-04-19 19:45:56,0.464,0.237,Running,Zep,Speeding,5way,0.0,50,4G,-117,41.0,-12.0,0.0078069557353743,40.279735035252926,21.753716321575123,Intentional
User_14,2025-04-19 21:05:15,0.393,0.4244,Flying,Zep,Driving_Under_Influence,2way,1.0,80,3G,-73,73.0,18.0,0.0057155837862918,40.278857819304825,21.75252415275533,Intentional
User_03,2025-04-19 21:13:17,0.568,0.2464,Swimming,Zep,Reckless_Driving,1way,0.0,70,3G,-79,44.0,-13.0,0.0014759654919152,40.28002319401457,21.75321163494426,Intentional
User_06,2025-04-19 23:05:32,0.584,0.5855,Running,Center,Speeding,2way,0.0,30,3G,-106,59.0,-7.0,0.002336804149158,40.32215485972083,21.791328565981733,Intentional
User_70,2025-04-20 00:55:27,0.601,0.3129,Flying,Koila,Reckless_Driving,1way,4.0,10,4G,-88,94.0,-16.0,0.03,40.32048451574504,21.79208123621,Intentional
User_37,2025-04-20 06:55:46,0.306,0.4954,Swimming,Koila,Reckless_Driving,2way,0.0,40,WiFi,-52,64.0,22.0,0.0085209713799159,40.32199291076937,21.79006742631301,Intentional
User_98,2025-04-20 07:17:12,0.46,0.3708,Flying,Ligeris,Speeding,4way,0.0,60,3G,-104,53.0,1.0,0.0082412193777969,40.306007491760816,21.806599872218793,Intentional
User_27,2025-04-20 11:01:19,0.535,0.4701,Driving,Ligeris,Reckless_Driving,5way,4.0,20,3G,-113,72.0,-7.0,0.0051490905516075,40.30595787644665,23.583969,Intentional
User_87,2025-04-20 11:09:29,0.709,0.5992,Swimming,Ligeris,Reckless_Driving,2way,1.0,30,3G,-106,-134.0,1.0,0.0039776934190422,40.306242973426464,21.8075833970995,Intentional
User_33,2025-04-20 14:47:34,0.634,0.4332,Walking,Zep,Speeding,5way,0.0,60,WiFi,-63,-40.0,4.0,0.0053675347660731,40.27974584781669,21.75366865874715,Intentional
User_13,2025-04-20 23:07:57,0.75,0.4634,Driving,Spinari,Speeding,4way,2.0,40,WiFi,-87,10.0,13.0,0.0070676061948241,40.32247387663537,21.790357746540856,Intentional
User_45,2025-04-21 01:24:27,0.285,0.4933,Swimming,Koila,Driving_Under_Influence,1way,1.0,10,5G,-87,33.0,9.0,0.0066542877779328,40.32070673485941,21.79138420731996,Intentional
User_43,2025-04-21 05:56:26,0.416,0.3797,Swimming,Zep,Speeding,1way,0.0,80,4G,Satellite,26.0,0.0,0.0058511703590664,40.27955346694563,21.7531598288914,Intentional
User_89,2025-04-21 08:13:23,0.336,0.2331,Walking,Zep,Speeding,5way,0.0,60,WiFi,-50,12.0,-15.0,0.0040378025513607,40.2784114674032,21.75377212797298,Intentional
User_83,2025-04-21 09:04:13,0.309,0.5805,Walking,Spinari,Reckless_Driving,2way,0.0,40,5G,-76,36.0,-13.0,0.0097437573972525,40.32113392364365,21.792402151496063,Intentional
User_92,2025-04-21 14:14:55,0.694,0.3962,Running,Zep,Speeding,6way,0.0,10,3G,-91,16.0,11.0,0.0095484201417259,40.27975677558814,21.754664821417503,Intentional
User_90,2025-04-21 17:00:40,0.525,0.2818,Running,Zep,Reckless_Driving,6way,0.0,20,WiFi,-80,56.0,7.0,0.0080353652565586,40.28039670862113,21.752835886528143,Intentional
User_64,2025-04-21 18:10:46,0.511,0.5728,Running,Koila,Speeding,5way,1.0,20,WiFi,-104,80.0,-23.0,0.0088582192301192,40.322138882951045,21.79035743321287,Intentional
User_33,2025-04-21 19:54:05,0.634,0.4342,Running,Spinari,Reckless_Driving,2way,0.0,30,WiFi,-78,68.0,-13.0,0.0090757676615127,40.2809269969069,21.753673708496613,Intentional
User_28,2025-04-22 00:50:26,0.348,0.5323,Swimming,Koila,Reckless_Driving,2way,1.0,10,WiFi,Ethernet,49.0,-16.0,0.0089374199725773,40.321222324825214,21.792741487232917,Intentional
User_30,2025-04-22 02:06:05,0.413,0.3124,Swimming,Koila,Reckless_Driving,4way,1.0,60,WiFi,-81,49.0,-7.0,0.0075914081089198,40.3226321108551,21.792069231895724,Intentional
User_37,2025-04-22 06:13:02,0.306,0.4984,Flying,Zep,Speeding,4way,1.0,10,3G,-74,62.0,-12.0,0.0080873137333401,40.27930416446424,21.754044365731456,Intentional
User_94,2025-04-22 10:27:42,0.681,0.323,Flying,Koila,Driving_Under_Influence,2way,4.0,80,WiFi,-74,-145.0,-15.0,0.0066116003825547,40.321674412000675,21.79190662341795,Intentional
User_71,2025-04-22 10:46:13,0.256,0.2253,Swimming,Koila,Reckless_Driving,1way,1.0,60,3G,-72,24.0,-5.0,0.0047134699439543,40.321496498925285,22.447281,Intentional
User_75,2025-04-22 14:05:22,0.409,0.3951,Swimming,Zep,Speeding,1way,1.0,50,WiFi,-59,62.0,-12.0,0.0086879295985948,40.2784159260037,19.876671,Intentional
User_85,2025-04-22 18:05:55,0.254,0.3493,Driving,Zep,Reckless_Driving,6way,0.0,40,3G,-72,60.0,-8.0,0.0060562051029089,40.27976047348316,21.753188382140173,Intentional
User_54,2025-04-22 19:33:30,0.327,0.4969,Driving,Center,Speeding,1way,1.0,30,4G,-118,37.0,-8.0,0.0036497262736067,40.2805004979783,21.753987605251343,Intentional
User_37,2025-04-22 20:12:39,0.306,0.4994,Walking,Center,Reckless_Driving,2way,0.0,70,WiFi,-75,5.0,-9.0,0.0021845638227527,40.32178362176517,21.792882382255105,Intentional
User_57,2025-04-22 20:28:47,0.372,0.3352,Running,Center,Speeding,2way,4.0,90,5G,-80,13.0,19.0,0.0064425488712796,40.306230115631266,21.791043536930232,Intentional
User_62,2025-04-22 21:50:30,0.366,0.3312,Swimming,Ligeris,Speeding,2way,0.0,50,WiFi,-73,20.0,9.0,0.0010757154753188,40.306789776979166,21.809142717279517,Intentional
User_70,2025-04-23 01:46:52,0.601,0.3189,Running,Ligeris,Speeding,5way,2.0,20,4G,-70,31.0,3.0,0.0058985765782719,40.305839371765224,21.80628582525339,Intentional
User_45,2025-04-23 03:42:20,0.285,0.4973,Running,Spinari,Reckless_Driving,2way,1.0,30,3G,-102,52.0,-6.0,0.0046101017300528,40.3230605961957,21.792482986716468,Intentional
User_48,2025-04-23 05:41:20,0.599,0.4934,Running,Spinari,Reckless_Driving,2way,2.0,60,4G,-120,53.0,13.0,0.032,40.321702243409675,21.792579990735145,Intentional
User_05,2025-04-23 08:57:05,0.743,0.5641,Swimming,Koila,Reckless_Driving,2way,1.0,80,3G,-105,54.0,4.0,0.0052121294801304,40.32134981543457,17.218976,Intentional
User_88,2025-04-23 09:34:19,0.471,0.3507,Swimming,Koila,Reckless_Driving,1way,2.0,60,WiFi,Ethernet,66.0,-7.0,0.0086888519849606,40.32110572755756,21.791034827713577,Intentional
User_15,2025-04-23 09:50:02,0.627,0.5321,Walking,Center,Driving_Under_Influence,1way,0.0,50,4G,-78,30.0,-10.0,0.007911981513111,37.881201,21.754052033103054,Intentional
User_93,2025-04-23 12:33:35,0.588,0.2462,Running,Ligeris,Speeding,5way,0.0,30,WiFi,-89,49.0,16.0,0.0082782576483901,38.144764,21.80628118065595,Intentional
User_76,2025-04-23 20:04:49,0.355,0.4231,Swimming,Koila,Reckless_Driving,4way,1.0,30,3G,-80,1.0,-12.0,0.0011397062618174,40.32192575775269,21.791246331171983,Intentional
User_85,2025-04-23 20:49:38,0.254,0.3513,Running,Koila,Reckless_Driving,5way,3.0,80,3G,-114,4.0,-6.0,0.032,40.32094775328564,21.79264267934525,Intentional
User_93,2025-04-24 03:44:09,0.588,0.2472,Running,Center,Reckless_Driving,1way,0.0,80,3G,-87,30.0,9.0,0.0022050270390476,40.32083661829126,21.79185003277318,Intentional
User_99,2025-04-24 06:20:37,0.465,0.4374,Swimming,Koila,Speeding,1way,1.0,50,WiFi,-51,16.0,9.0,0.005653142335994,40.27944722387127,21.75390774257858,Intentional
User_81,2025-04-24 07:32:29,0.376,0.5095,Flying,Zep,Speeding,2way,2.0,20,3G,-96,49.0,6.0,0.0044146102696455,40.279579960605425,21.753303898610252,Intentional
User_54,2025-04-24 08:44:56,0.327,0.5009,Flying,Koila,Driving_Under_Influence,2way,1.0,80,5G,-98,92.0,1.0,0.0085705625722564,40.322112959673355,21.79121642024766,Intentional
User_08,2025-04-24 09:05:27,0.347,0.5858,Flying,Koila,Driving_Under_Influence,1way,1.0,70,4G,-108,1.0,-9.0,0.0065583415746865,40.32208158027469,21.789401986700515,Intentional
User_44,2025-04-24 09:13:31,0.332,0.3096,Swimming,Ligeris,Reckless_Driving,2way,0.0,60,WiFi,-86,92.0,6.0,0.0011516052822852,40.30625385355426,21.807559320545753,Intentional
User_98,2025-04-24 10:28:53,0.46,0.3788,Running,Center,Speeding,1way,0.0,60,WiFi,-78,0.0,5.0,0.0053176151779207,40.30717377945077,21.808795319686386,Intentional
User_49,2025-04-24 15:09:50,0.637,0.5683,Running,Koila,Reckless_Driving,6way,0.0,30,3G,-115,76.0,-13.0,0.0088461362491621,40.32223213831656,18.291419,Intentional
User_59,2025-04-24 21:12:40,0.265,0.4052,Driving,Spinari,Reckless_Driving,2way,0.0,80,5G,-87,34.0,0.0,0.0018523708069608,40.27952398545752,21.753265986905472,Intentional
User_46,2025-04-24 22:04:17,0.519,0.5686,Walking,Center,Reckless_Driving,4way,1.0,70,3G,-104,3.0,4.0,0.0069483297766877,40.27902661443846,21.75395312326949,Intentional
User_68,2025-04-25 03:30:42,0.472,0.2609,Flying,Koila,Speeding,2way,1.0,40,WiFi,-90,18.0,1.0,0.0092039172554527,40.3228920036914,21.79235408785533,Intentional
User_37,2025-04-25 07:36:04,0.306,0.5044,Running,Ligeris,Reckless_Driving,6way,1.0,40,4G,Satellite,77.0,1.0,0.0062938580874165,40.30571085146821,21.808903089543342,Intentional
User_77,2025-04-25 09:45:52,0.428,0.2465,Running,Center,Reckless_Driving,2way,0.0,40,4G,Satellite,65.0,8.0,0.0077097861862237,40.32137494962844,21.792320899524473,Intentional
User_32,2025-04-25 10:22:29,0.464,0.248,Walking,Center,Reckless_Driving,2way,1.0,30,4G,-87,64.0,-9.0,0.0065975095109235,40.32186530895881,17.378109,Intentional
User_94,2025-04-25 14:19:28,0.681,0.328,Driving,Spinari,Driving_Under_Influence,2way,1.0,80,3G,-107,57.0,10.0,0.0021164123805574,41.431805,21.790887403630617,Intentional
User_07,2025-04-25 16:07:10,0.625,0.5641,Walking,Koila,Speeding,5way,1.0,60,3G,-77,83.0,8.0,0.0094021840531021,40.32238722769552,19.265568,Intentional
User_87,2025-04-26 02:59:27,0.709,0.6112,Driving,Center,Reckless_Driving,2way,0.0,20,5G,-108,46.0,-4.0,0.0042897203475048,40.27923207560617,21.75464255207614,Intentional
User_36,2025-04-26 03:47:15,0.563,0.6189,Driving,Spinari,Driving_Under_Influence,2way,1.0,30,3G,-86,51.0,14.0,0.005653142335994,37.189359,21.807370113722744,Intentional
User_93,2025-04-26 05:03:42,0.588,0.2512,Flying,Koila,Speeding,4way,0.0,50,WiFi,-89,91.0,-8.0,0.0026758188009523,40.32205583297888,21.79062669822369,Intentional
User_69,2025-04-26 08:31:21,0.34,0.5901,Swimming,Ligeris,Reckless_Driving,2way,0.0,70,5G,-98,16.0,-5.0,0.0017466240629638,40.30655103981291,21.807098522680366,Intentional
User_23,2025-04-26 11:07:30,0.458,0.379,Flying,Zep,Reckless_Driving,1way,2.0,10,3G,-79,37.0,-15.0,0.0044322876722207,40.27988634574987,21.755476638383612,Intentional
User_12,2025-04-26 12:26:15,0.67,0.5832,Walking,Center,Driving_Under_Influence,2way,0.0,70,WiFi,-80,53.0,-10.0,0.0057956148640678,40.2786575308171,21.75293743053042,Intentional
User_75,2025-04-26 15:31:40,0.409,0.4031,Walking,Koila,Driving_Under_Influence,5way,0.0,50,5G,-83,73.0,-11.0,0.0026234410718562,42.080396,21.79005467808609,Intentional
User_08,2025-04-26 15:39:19,0.347,0.5898,Flying,Zep,Speeding,2way,0.0,40,3G,Ethernet,6.0,-14.0,0.0053539292208674,40.28069720382232,21.752064970952684,Intentional
User_83,2025-04-26 18:26:39,0.309,0.5905,Walking,Center,Speeding,2way,1.0,30,4G,-70,79.0,-11.0,0.0058225687435707,40.306487019071454,21.80733074426164,Intentional
User_55,2025-04-26 21:17:27,0.447,0.5674,Driving,Spinari,Reckless_Driving,1way,0.0,80,5G,-116,39.0,-18.0,0.0075071084210989,40.30675554831366,21.809704005368104,Intentional
User_10,2025-04-26 21:48:47,0.315,0.5818,Walking,Koila,Driving_Under_Influence,5way,0.0,20,WiFi,-73,80.0,-13.0,0.0035587585740841,40.32140752252023,17.518888,Intentional
User_38,2025-04-27 03:00:13,0.306,0.5381,Walking,Zep,Speeding,6way,1.0,50,4G,-108,83.0,13.0,0.0081913786831904,40.28003447827134,21.753255454435095,Intentional
User_62,2025-04-27 04:15:09,0.366,0.3412,Walking,Spinari,Driving_Under_Influence,2way,2.0,70,WiFi,-54,96.0,10.0,0.0052197289412115,42.905052,21.806450736682432,Intentional
User_48,2025-04-27 05:05:08,0.599,0.5004,Flying,Ligeris,Speeding,1way,1.0,10,4G,-105,35.0,1.0,0.005993099090929,38.130582,21.807617294448836,Intentional
User_33,2025-04-27 08:31:10,0.634,0.4462,Swimming,Zep,Speeding,2way,1.0,10,4G,-115,28.0,9.0,0.043,40.28090525769208,21.752823121823184,Intentional
User_30,2025-04-27 08:59:16,0.413,0.3224,Flying,Zep,Reckless_Driving,4way,0.0,50,WiFi,-71,49.0,-11.0,0.0071858724302137,40.27796806993278,21.752991152398497,Intentional
User_22,2025-04-27 10:17:33,0.413,0.2789,Walking,Zep,Speeding,6way,1.0,30,5G,-105,99.0,-7.0,0.023,40.278364448260625,21.75156769083184,Intentional
User_80,2025-04-27 12:52:12,0.704,0.3937,Driving,Koila,Reckless_Driving,6way,0.0,50,5G,-86,39.0,-10.0,0.0044250669301693,40.32125336902386,23.117688,Intentional
User_44,2025-04-27 14:45:41,0.332,0.3156,Driving,Center,Speeding,2way,2.0,20,4G,-96,76.0,0.0,0.005653142335994,40.30666991836605,21.807075578458026,Intentional
User_42,2025-04-27 17:42:48,0.738,0.3466,Walking,Center,Driving_Under_Influence,1way,0.0,80,116,-80,22.0,9.0,0.0013710976601269,40.30694132947084,21.80744861408697,Intentional
User_57,2025-04-27 19:28:00,0.372,0.3452,Running,Center,Driving_Under_Influence,1way,3.0,30,5G,-90,0.0,-4.0,0.0068775784643589,37.45722,21.75297957672279,Intentional
User_18,2025-04-28 00:23:15,0.251,0.6245,Running,Koila,Reckless_Driving,6way,3.0,20,WiFi,-74,58.0,-7.0,0.024,40.3057814536383,21.807389922586907,Intentional
User_72,2025-04-28 00:27:47,0.567,0.2755,Running,Koila,Driving_Under_Influence,5way,1.0,50,112,-78,67.0,2.0,0.0013688778614122,40.32223904341212,21.789912704449357,Intentional
User_07,2025-04-28 08:56:23,0.625,0.3154,Walking,Center,Driving_Under_Influence,4way,3.0,30,4G,-98,95.0,1.0,0.0024950746890515,41.357677,21.75359003924568,Intentional
User_75,2025-04-28 09:51:29,0.409,0.4071,Walking,Koila,Driving_Under_Influence,6way,0.0,40,5G,-88,79.0,2.0,0.0054030654792754,40.32178968428248,21.791583081624044,Intentional
User_30,2025-04-28 09:58:57,0.413,0.3244,Swimming,Koila,Speeding,2way,0.0,10,3G,-106,67.0,8.0,0.0016261828717825,40.323708962998715,21.791524756416084,Intentional
User_64,2025-04-28 15:58:00,0.511,0.5868,Swimming,Ligeris,Speeding,2way,1.0,50,5G,-96,47.0,-8.0,0.0055578438864629,40.30535569712036,21.805754625986143,Intentional
User_46,2025-04-28 16:16:03,0.46,0.5641,Swimming,Koila,Speeding,1way,0.0,40,4G,Ethernet,99.0,-12.0,0.002022966612259,40.322535741972345,21.790764063985623,Intentional
User_45,2025-04-28 18:34:37,0.285,0.5073,Walking,Center,Reckless_Driving,4way,1.0,70,4G,-106,64.0,-15.0,0.005653142335994,40.30616092433627,21.807424832434094,Intentional
User_27,2025-04-28 21:00:23,0.535,0.4871,Driving,Zep,Reckless_Driving,6way,0.0,20,5G,-104,82.0,-6.0,0.0089436679396917,40.27873762855147,21.755094799282254,Intentional
User_10,2025-04-28 21:09:13,0.315,0.5858,Driving,Koila,Reckless_Driving,6way,0.0,60,5G,-80,-153.0,-9.0,0.0087425098402532,40.32306606144541,21.7923158055712,Intentional
User_34,2025-04-28 22:20:59,0.431,0.3889,Running,Ligeris,Reckless_Driving,6way,1.0,10,WiFi,-61,49.0,0.0,0.0060178055712873,40.30578507054436,21.809148133046943,Intentional
User_95,2025-04-29 01:28:32,0.545,0.5099,Flying,Ligeris,Speeding,2way,0.0,10,WiFi,-71,83.0,-2.0,0.003574966126358,40.30573301510146,22.281217,Intentional
User_62,2025-04-29 01:43:59,0.366,0.3452,Running,Spinari,Driving_Under_Influence,2way,0.0,20,WiFi,-88,37.0,12.0,0.005959690589857,40.32292343357177,21.79011593124785,Intentional
User_83,2025-04-29 05:40:43,0.309,0.5955,Walking,Spinari,Driving_Under_Influence,2way,1.0,20,WiFi,-57,69.0,-17.0,0.0044797177711093,40.3067736429438,21.807275673951622,Intentional
User_97,2025-04-29 06:38:47,0.337,0.5173,Running,Center,Speeding,2way,0.0,10,5G,-111,17.0,2.0,0.0066094294005155,41.192742,21.789533048822776,Intentional
User_80,2025-04-29 07:20:29,0.46,0.3967,Walking,Ligeris,Reckless_Driving,5way,0.0,40,5G,-113,43.0,-18.0,0.0056857358539701,40.30623328642209,21.80755017264901,Intentional
User_08,2025-04-29 08:58:41,0.347,0.5948,Walking,Center,Driving_Under_Influence,4way,0.0,20,3G,Satellite,87.0,-9.0,0.0097089927641936,40.278175293732865,21.75370564855244,Intentional
User_04,2025-04-29 09:22:17,0.662,0.2887,Driving,Zep,Reckless_Driving,5way,0.0,90,4G,-116,100.0,7.0,0.0098020096272128,40.27910496623667,21.75336015141527,Intentional
User_49,2025-04-29 09:53:32,0.637,0.5783,Driving,Center,Speeding,1way,0.0,40,3G,-108,16.0,-2.0,0.0010072600977156,38.470638,21.80709952524823,Intentional
User_16,2025-04-29 10:05:18,0.513,0.4427,Running,Koila,Reckless_Driving,6way,1.0,10,5G,-72,16.0,14.0,0.0031724113641639,40.32283667806662,21.79240437383454,Intentional
User_39,2025-04-29 21:57:53,0.598,0.3857,Flying,Koila,Speeding,2way,1.0,30,3G,-76,86.0,-12.0,0.0073193266796878,40.32110705743145,21.792420752905603,Intentional
User_49,2025-04-30 00:58:23,0.637,0.5793,Running,Center,Reckless_Driving,2way,0.0,30,4G,-111,65.0,-2.0,0.0044557504042997,40.280186370172075,21.75360603379784,Intentional
User_96,2025-04-30 01:20:00,0.261,0.4961,Swimming,Zep,Speeding,2way,1.0,40,5G,-91,54.0,-2.0,0.0039494277079995,40.28087940276488,21.75441855978923,Intentional
User_91,2025-04-30 04:26:58,0.587,0.5428,Driving,Koila,Reckless_Driving,5way,0.0,40,5G,-88,42.0,12.0,0.004568248381428,40.32290373960372,21.79132554560132,Intentional
User_11,2025-04-30 05:29:06,0.602,0.555,Walking,Center,Driving_Under_Influence,4way,4.0,60,WiFi,-58,65.0,13.0,0.0014087600730343,40.3055218601019,21.80653503548818,Intentional
User_16,2025-04-30 08:22:56,0.513,0.4447,Swimming,Zep,Reckless_Driving,1way,1.0,40,4G,-120,73.0,-9.0,0.0088487853240081,40.27881094656567,21.75369669776794,Intentional
User_41,2025-04-30 08:50:43,0.628,0.4001,Driving,Zep,Driving_Under_Influence,5way,1.0,30,5G,-111,65.0,5.0,0.0056777127040304,40.27970358827687,21.753573787088595,Intentional
User_55,2025-04-30 09:01:56,0.447,0.5744,Running,Ligeris,Driving_Under_Influence,5way,0.0,30,WiFi,-64,76.0,-12.0,0.0095661053243706,40.30573256449805,21.806048144460693,Intentional
User_36,2025-04-30 10:32:04,0.563,0.6269,Walking,Ligeris,Speeding,6way,0.0,30,WiFi,-55,17.0,4.0,0.0097010258011858,40.30569220098146,21.806225950927914,Intentional
User_86,2025-04-30 17:20:11,0.469,0.2411,Flying,Ligeris,Reckless_Driving,2way,1.0,40,WiFi,-89,26.0,-17.0,0.0089573449003262,40.30491116401639,21.806323325702877,Intentional
User_93,2025-04-30 20:02:08,0.588,0.2602,Swimming,Zep,Speeding,2way,0.0,20,4G,Satellite,50.0,10.0,0.0044363842028663,40.279588967542054,21.752673566767385,Intentional
User_91,2025-05-01 01:30:50,0.587,0.5448,Swimming,Koila,Driving_Under_Influence,1way,1.0,50,WiFi,-84,83.0,-6.0,0.0097939566138566,40.32091003876012,21.79086711277864,Intentional
User_84,2025-05-01 01:36:52,0.527,0.3137,Walking,Spinari,Speeding,4way,0.0,50,3G,-75,36.0,-3.0,0.004542532532656,42.612583,21.791335559052474,Intentional
User_76,2025-05-01 03:04:32,0.355,0.4391,Walking,Center,Driving_Under_Influence,2way,5.0,80,WiFi,-53,75.0,4.0,0.0087632311669523,40.30618082559479,21.80730142921382,Intentional
User_47,2025-05-01 03:20:01,0.585,0.3482,Driving,Koila,Reckless_Driving,6way,0.0,60,5G,-101,94.0,6.0,0.00848904985578,40.32310296596761,21.79305016486856,Intentional
User_07,2025-05-01 04:49:03,0.625,0.3214,Running,Zep,Driving_Under_Influence,6way,1.0,40,5G,-89,-139.0,-1.0,0.0037540812996108,40.27931486890378,21.75316807100356,Intentional
User_46,2025-05-01 06:01:24,0.519,0.5816,Driving,Center,Reckless_Driving,2way,1.0,30,106,-95,19.0,16.0,0.0036197327708384,40.27961691142718,21.753161237972005,Intentional
User_05,2025-05-01 10:31:18,0.743,0.5377,Swimming,Ligeris,Driving_Under_Influence,2way,3.0,20,WiFi,Satellite,65.0,5.0,0.0057477395881413,40.3051493053819,21.808224755918168,Intentional
User_33,2025-05-01 13:23:04,0.634,0.4542,Flying,Ligeris,Driving_Under_Influence,4way,0.0,80,WiFi,-77,55.0,21.0,0.0056271442871252,40.30618120678699,21.80738381534031,Intentional
User_18,2025-05-01 13:50:38,0.251,0.6315,Flying,Koila,Speeding,2way,0.0,40,WiFi,-72,-32.0,-2.0,0.0083333061942433,40.32185376597841,21.792792479070048,Intentional
User_43,2025-05-01 14:30:07,0.416,0.3997,Swimming,Zep,Speeding,1way,0.0,80,4G,-100,35.0,-23.0,0.0033661737802559,40.27959879836168,21.755261921803275,Intentional
User_48,2025-05-01 15:41:07,0.599,0.5084,Flying,Zep,Driving_Under_Influence,1way,0.0,90,WiFi,Satellite,39.0,-3.0,0.0011069757270718,40.27915927080838,21.753573564378897,Intentional
User_30,2025-05-01 15:47:13,0.46,0.3314,Swimming,Ligeris,Reckless_Driving,1way,1.0,70,WiFi,-89,73.0,-2.0,0.0042971064167669,40.30694498118905,21.806714992635182,Intentional
User_40,2025-05-01 20:27:33,0.482,0.6087,Driving,Koila,Speeding,6way,0.0,30,3G,Satellite,49.0,-1.0,0.002637344208965,40.323459116024125,21.78974323708596,Intentional
User_59,2025-05-01 21:27:57,0.265,0.4192,Walking,Spinari,Speeding,1way,0.0,40,5G,-72,11.0,-11.0,0.0071381835035504,40.306244260149306,21.80691390134056,Intentional
User_79,2025-05-01 21:30:15,0.389,0.359,Driving,Spinari,Speeding,2way,1.0,30,4G,-108,78.0,-15.0,0.0078262328064933,38.320996,21.7926967414657,Intentional
User_47,2025-05-01 21:36:11,0.585,0.3492,Walking,Spinari,Reckless_Driving,2way,1.0,50,WiFi,-81,27.0,-2.0,0.0067103619431487,40.32077879432139,21.79160648820006,Intentional
User_53,2025-05-01 23:40:13,0.313,0.3406,Flying,Ligeris,Speeding,4way,0.0,40,4G,-74,85.0,25.0,0.0028628594624417,40.3064654809558,21.807142236691952,Intentional
User_91,2025-05-02 02:06:44,0.587,0.5468,Driving,Center,Speeding,2way,0.0,130,5G,-113,87.0,0.0,0.0062722385114077,40.30643625351864,21.80741626613664,Intentional
User_73,2025-05-02 02:18:04,0.325,0.4327,Walking,Spinari,Reckless_Driving,2way,0.0,30,WiFi,-82,-155.0,-16.0,0.0054538020880118,40.322935263275134,21.791552016742713,Intentional
User_72,2025-05-02 06:51:17,0.567,0.2835,Running,Center,Speeding,4way,1.0,50,5G,-89,45.0,7.0,0.0055614543749071,41.725692,21.791221943016733,Intentional
User_52,2025-05-02 06:55:23,0.544,0.3202,Swimming,Koila,Speeding,1way,0.0,40,4G,-108,7.0,4.0,0.0083066431357729,41.231649,21.792562350544543,Intentional
User_92,2025-05-02 09:24:50,0.694,0.4182,Walking,Center,Driving_Under_Influence,1way,1.0,70,4G,Ethernet,64.0,1.0,0.005997804125564,40.32266459772374,21.79172703705156,Intentional
User_90,2025-05-02 12:20:42,0.525,0.3028,Swimming,Koila,Speeding,4way,0.0,80,4G,-106,77.0,-12.0,0.0098118645756814,40.322391630351305,21.79274270508246,Intentional
User_01,2025-05-02 12:40:44,0.619,0.5148,Swimming,Ligeris,Reckless_Driving,1way,3.0,20,4G,-110,79.0,21.0,0.003540052968288,40.30587059897505,21.8076740195007,Intentional
User_49,2025-05-02 23:53:42,0.637,0.5843,Driving,Zep,Speeding,6way,0.0,40,114,-83,14.0,-9.0,0.0030682093311552,40.306230115631266,21.752892055771987,Intentional
User_07,2025-05-03 01:59:09,0.625,0.3254,Flying,Ligeris,Driving_Under_Influence,2way,0.0,40,112,-77,2.0,6.0,0.0028615223594897,40.30554459558301,21.807695725123743,Intentional
User_60,2025-05-03 04:23:33,0.353,0.6108,Swimming,Koila,Speeding,1way,0.0,80,4G,-83,72.0,0.0,0.0087525094805771,40.32197882517516,21.79134601221041,Intentional
User_99,2025-05-03 08:10:45,0.465,0.4544,Swimming,Zep,Reckless_Driving,2way,0.0,20,5G,-95,46.0,4.0,0.009365355671422,40.27875878015121,21.754644455588856,Intentional
User_12,2025-05-03 09:40:28,0.67,0.5962,Driving,Ligeris,Driving_Under_Influence,5way,0.0,20,4G,-92,28.0,-9.0,0.0094127500202451,40.3062035013934,21.80738800893175,Intentional
User_87,2025-05-03 11:45:28,0.709,0.6252,Flying,Koila,Speeding,2way,2.0,50,WiFi,-88,-42.0,-14.0,0.0065479190488859,40.321555483780585,21.793480077747855,Intentional
User_75,2025-05-03 12:04:36,0.409,0.4181,Swimming,Ligeris,Reckless_Driving,2way,0.0,50,4G,-117,59.0,8.0,0.0090388603060894,40.30748263941107,21.80743512895051,Intentional
User_47,2025-05-03 13:03:37,0.585,0.3522,Running,Spinari,Driving_Under_Influence,2way,0.0,110,4G,-102,63.0,9.0,0.0053517431460176,40.27814429721577,23.937569,Intentional
User_11,2025-05-03 13:27:31,0.602,0.561,Flying,Koila,Driving_Under_Influence,2way,0.0,80,5G,-95,26.0,4.0,0.0024752822854575,40.323477222754335,21.790298402231443,Intentional
User_90,2025-05-03 13:54:48,0.525,0.3048,Driving,Spinari,Speeding,4way,0.0,50,WiFi,-75,40.0,-12.0,0.044,40.321156643210664,21.79273953706448,Intentional
User_99,2025-05-03 16:03:04,0.465,0.4554,Swimming,Ligeris,Reckless_Driving,1way,0.0,30,WiFi,-60,70.0,16.0,0.0053210349618076,40.30527096427176,21.808909400828824,Intentional
User_18,2025-05-03 17:51:02,0.251,0.6355,Swimming,Zep,Driving_Under_Influence,2way,0.0,40,109,-89,43.0,11.0,0.0085244936613738,40.27850132549426,21.752535494427015,Intentional
User_52,2025-05-04 01:57:33,0.544,0.3232,Swimming,Ligeris,Driving_Under_Influence,4way,0.0,30,3G,-119,6.0,10.0,0.0088334986714606,37.05099,21.80819260941917,Intentional
User_88,2025-05-04 03:24:51,0.471,0.3727,Flying,Ligeris,Driving_Under_Influence,1way,0.0,20,5G,-99,77.0,-4.0,0.0010691786572994,40.30537264589265,21.80660590936197,Intentional
User_28,2025-05-04 09:29:32,0.348,0.5573,Swimming,Koila,Driving_Under_Influence,4way,1.0,50,3G,-107,66.0,0.0,0.0047820932275828,40.322864499597486,21.79278401380269,Intentional
User_64,2025-05-04 10:55:14,0.511,0.5988,Walking,Ligeris,Reckless_Driving,6way,1.0,10,WiFi,-56,13.0,-12.0,0.032,40.30785930549351,21.80734809081102,Intentional
User_69,2025-05-04 14:20:13,0.34,0.6071,Flying,Zep,Reckless_Driving,2way,0.0,70,4G,-115,76.0,21.0,0.0064084592218433,40.278743152596974,21.75536031975517,Intentional
User_78,2025-05-04 15:28:32,0.347,0.4856,Swimming,Zep,Speeding,2way,1.0,50,115,-107,22.0,7.0,0.0042975266580335,40.27923310347023,21.75288680087044,Intentional
User_89,2025-05-04 22:06:53,0.336,0.2601,Swimming,Koila,Driving_Under_Influence,1way,1.0,70,5G,-84,76.0,8.0,0.0098382943512028,40.32172476904014,21.79027603789583,Intentional
User_37,2025-05-04 22:33:00,0.306,0.5234,Driving,Center,Speeding,1way,2.0,50,3G,-71,73.0,15.0,0.006318342148078,40.278671627126634,21.752794255318197,Intentional
User_18,2025-05-04 23:03:25,0.251,0.6375,Running,Zep,Reckless_Driving,5way,1.0,70,4G,-73,23.0,2.0,0.0058429136170968,40.27959548903036,21.75262304825532,Intentional
User_85,2025-05-05 06:58:16,0.46,0.3753,Driving,Center,Driving_Under_Influence,2way,1.0,50,5G,-89,92.0,11.0,0.0033348349530156,40.2791619889031,21.75421365909178,Intentional
User_21,2025-05-05 11:12:29,0.303,0.2612,Flying,Ligeris,Reckless_Driving,4way,0.0,20,5G,-71,49.0,-6.0,0.008881966613551,40.306452851780655,21.80922029742328,Intentional
User_04,2025-05-05 13:57:55,0.662,0.3017,Flying,Zep,Speeding,1way,0.0,80,WiFi,-76,16.0,19.0,0.0041622086130011,40.279296776165694,21.751701936332367,Intentional
User_98,2025-05-05 20:05:13,0.46,0.4018,Walking,Ligeris,Speeding,5way,3.0,90,4G,-78,94.0,-8.0,0.0065465551562515,40.30486320169229,21.808674613460074,Intentional
User_37,2025-05-05 20:58:51,0.306,0.5254,Walking,Koila,Speeding,5way,0.0,60,4G,-108,95.0,4.0,0.0033502466513882,40.321505170920055,21.79133287503558,Intentional
User_54,2025-05-05 22:45:44,0.327,0.5239,Swimming,Zep,Reckless_Driving,1way,2.0,10,5G,-116,77.0,-24.0,0.0066159951799674,40.27943408279404,21.752581107673915,Intentional
User_76,2025-05-05 22:46:52,0.355,0.4471,Flying,Koila,Driving_Under_Influence,4way,1.0,50,WiFi,-55,0.0,-2.0,0.039,40.3217706395675,21.79103134007964,Intentional
User_72,2025-05-06 01:39:17,0.567,0.2915,Swimming,Zep,Reckless_Driving,4way,0.0,10,4G,-84,95.0,-2.0,0.004686371864087,40.28017189485777,21.75357140818559,Intentional
User_44,2025-05-06 02:07:33,0.332,0.3336,Swimming,Ligeris,Driving_Under_Influence,4way,2.0,70,5G,-84,82.0,-15.0,0.0038467414792057,40.30630788379893,21.80616886327648,Intentional
User_46,2025-05-06 04:29:32,0.519,0.5916,Driving,Spinari,Driving_Under_Influence,1way,0.0,80,4G,-116,30.0,-7.0,0.0063369482657731,40.32202274537149,17.195926,Intentional
User_51,2025-05-06 10:40:51,0.613,0.632,Driving,Center,Driving_Under_Influence,2way,1.0,30,3G,-109,93.0,-25.0,0.0042664414685933,40.279933003567464,21.75384658084344,Intentional
User_93,2025-05-06 12:00:49,0.588,0.2722,Swimming,Koila,Driving_Under_Influence,2way,0.0,10,5G,-96,38.0,6.0,0.022,40.32208665194223,21.7912539403259,Intentional
User_05,2025-05-06 12:27:22,0.743,0.5467,Flying,Zep,Driving_Under_Influence,2way,3.0,30,WiFi,-87,45.0,0.0,0.045,40.2798772141863,21.755093790422517,Intentional
User_45,2025-05-06 12:48:23,0.285,0.5233,Driving,Ligeris,Reckless_Driving,5way,4.0,20,3G,-93,68.0,-5.0,0.0098768668525228,40.30650210487345,21.807465043015757,Intentional
User_91,2025-05-06 14:32:15,0.587,0.5558,Walking,Spinari,Reckless_Driving,2way,1.0,40,4G,-120,42.0,-14.0,0.0043771632328309,40.306230115631266,21.792893389453067,Intentional
User_81,2025-05-06 21:27:42,0.376,0.5345,Driving,Zep,Driving_Under_Influence,5way,4.0,40,5G,-96,84.0,-10.0,0.006978009948498,40.27933013524178,21.75310229281416,Intentional
User_44,2025-05-06 21:33:23,0.332,0.3346,Walking,Zep,Speeding,5way,1.0,40,3G,-70,34.0,-4.0,0.0012299686510449,40.306230115631266,21.752515175142797,Intentional
User_68,2025-05-06 23:39:10,0.472,0.2839,Flying,Ligeris,Reckless_Driving,4way,2.0,60,5G,-113,37.0,7.0,0.0087211369170774,38.845007,21.80756768955754,Intentional
User_92,2025-05-07 02:45:38,0.694,0.4282,Flying,Zep,Speeding,1way,1.0,60,3G,-93,86.0,13.0,0.047,40.28026777093787,21.75293367001127,Intentional
User_60,2025-05-07 05:07:52,0.353,0.6178,Driving,Center,Speeding,2way,1.0,20,3G,-85,80.0,14.0,0.0075612432097977,40.278526921692226,21.75418844936254,Intentional
User_37,2025-05-07 05:50:47,0.306,0.5284,Walking,Center,Reckless_Driving,2way,0.0,90,WiFi,-80,66.0,-15.0,0.0094223036612626,40.32157569156991,21.791734559654714,Intentional
User_87,2025-05-07 06:10:00,0.709,0.6332,Flying,Ligeris,Driving_Under_Influence,2way,1.0,30,4G,-105,99.0,0.0,0.0088832860576286,40.30554557044908,21.808632897873572,Intentional
User_82,2025-05-07 12:08:58,0.324,0.4649,Running,Koila,Driving_Under_Influence,5way,0.0,40,5G,-108,85.0,21.0,0.0022656347859381,40.32201895778139,21.791412952764396,Intentional
User_42,2025-05-07 17:38:11,0.738,0.3666,Flying,Ligeris,Speeding,2way,0.0,80,WiFi,-82,73.0,-9.0,0.0033122040004656,40.307484734502005,21.80600692329183,Intentional
User_10,2025-05-07 18:28:04,0.315,0.6038,Flying,Ligeris,Driving_Under_Influence,2way,2.0,80,5G,-97,30.0,-7.0,0.004048475259108,40.30580746023523,23.805673,Intentional
User_18,2025-05-07 19:46:31,0.251,0.6435,Walking,Zep,Reckless_Driving,6way,0.0,40,3G,Ethernet,49.0,3.0,0.0017343135999253,40.280047236014155,21.7521873038057,Intentional
User_64,2025-05-08 01:22:29,0.511,0.6058,Driving,Ligeris,Speeding,5way,0.0,80,4G,-100,59.0,-8.0,0.0020707367239202,40.306229899377,22.31745,Intentional
User_49,2025-05-08 02:50:53,0.637,0.5953,Running,Ligeris,Driving_Under_Influence,5way,0.0,40,WiFi,-68,-43.0,-7.0,0.0024783504958552,40.306223202314015,21.80906518623266,Intentional
User_72,2025-05-08 05:25:52,0.567,0.2955,Swimming,Ligeris,Reckless_Driving,1way,0.0,20,3G,-77,49.0,-14.0,0.009347181960706,40.30541339006868,21.808235246137244,Intentional
User_31,2025-05-08 05:43:47,0.56,0.6074,Walking,Ligeris,Driving_Under_Influence,5way,5.0,50,WiFi,-64,79.0,24.0,0.0047446488200303,40.30560383908803,21.80795166900507,Intentional
User_06,2025-05-08 06:57:14,0.584,0.6235,Running,Zep,Reckless_Driving,5way,0.0,30,5G,-73,96.0,-12.0,0.0024051667899184,40.27991167029663,21.753036417603592,Intentional
User_90,2025-05-08 08:18:53,0.525,0.3158,Swimming,Ligeris,Speeding,4way,0.0,40,3G,-113,59.0,15.0,0.0071238299917506,40.30641214427116,21.80769100757482,Intentional
User_21,2025-05-08 13:06:02,0.303,0.2682,Running,Ligeris,Reckless_Driving,5way,0.0,20,4G,-74,65.0,14.0,0.0030051150506272,40.306299955076945,21.807347922698973,Intentional
User_47,2025-05-08 17:38:16,0.585,0.3632,Walking,Zep,Reckless_Driving,5way,5.0,80,WiFi,-64,45.0,20.0,0.0057607460261727,40.27866507070887,21.753837415978015,Intentional
User_05,2025-05-08 19:09:37,0.743,0.5517,Driving,Ligeris,Speeding,6way,3.0,60,5G,Satellite,94.0,5.0,0.0042854588548476,40.30607293965614,21.806362634480767,Intentional
User_62,2025-05-08 20:21:02,0.366,0.3642,Running,Ligeris,Driving_Under_Influence,5way,1.0,20,WiFi,-59,70.0,4.0,0.0090944956865046,40.30670345121036,21.807674637712008,Intentional
User_62,2025-05-09 00:18:02,0.366,0.3652,Walking,Zep,Speeding,6way,2.0,50,3G,-109,98.0,5.0,0.0031540823263925,37.206764,21.751865498201095,Intentional
User_10,2025-05-09 04:05:24,0.315,0.6068,Driving,Zep,Reckless_Driving,6way,0.0,30,WiFi,-63,38.0,-8.0,0.0018131462132941,40.28004191138128,21.75190214897439,Intentional
User_59,2025-05-09 07:28:26,0.265,0.4342,Flying,Zep,Reckless_Driving,1way,0.0,30,5G,-114,81.0,25.0,0.0035031326090901,40.28099362862044,21.753863342454448,Intentional
User_28,2025-05-09 08:17:18,0.348,0.5663,Running,Center,Driving_Under_Influence,2way,0.0,30,3G,-119,85.0,-16.0,0.0083993963653808,40.27853640201879,21.753707024661768,Intentional
User_87,2025-05-09 11:56:58,0.709,0.6372,Swimming,Ligeris,Driving_Under_Influence,1way,0.0,70,5G,-100,10.0,-13.0,0.0037752297178991,40.3061743990027,21.807481875784525,Intentional
User_77,2025-05-09 16:11:09,0.428,0.2745,Walking,Koila,Driving_Under_Influence,5way,0.0,90,WiFi,-70,90.0,0.0,0.0028915420562529,40.32190078703094,21.791190807272343,Intentional
User_09,2025-05-09 19:54:34,0.307,0.6428,Driving,Zep,Driving_Under_Influence,6way,2.0,30,4G,-98,31.0,17.0,0.0067112252707472,40.2808015059956,21.753677591697635,Intentional
User_35,2025-05-09 20:20:49,0.274,0.3372,Walking,Koila,Driving_Under_Influence,5way,0.0,80,3G,-73,18.0,7.0,0.0012729526136491,40.32208648755472,21.79344568052979,Intentional
User_33,2025-05-09 21:28:25,0.634,0.5641,Flying,Zep,Driving_Under_Influence,2way,1.0,50,4G,-93,71.0,2.0,0.0078527751661763,40.27969188527812,21.753553773257924,Intentional
User_28,2025-05-09 21:53:59,0.348,0.5673,Flying,Zep,Reckless_Driving,1way,1.0,20,4G,-87,31.0,16.0,0.0018056516791582,40.27871565237909,21.75473972570454,Intentional
User_51,2025-05-09 23:23:46,0.613,0.638,Walking,Spinari,Driving_Under_Influence,2way,2.0,50,WiFi,-78,41.0,5.0,0.0073436526588032,40.27939213243284,21.75339266490041,Intentional
User_71,2025-05-10 00:03:43,0.256,0.2613,Flying,Ligeris,Reckless_Driving,1way,1.0,10,WiFi,Ethernet,92.0,-8.0,0.0035901054315663,40.30615907817741,21.80749485697004,Intentional
User_85,2025-05-10 00:20:54,0.254,0.3843,Driving,Center,Reckless_Driving,1way,1.0,40,3G,-100,18.0,-4.0,0.0027987205094568,40.32279888419242,21.790781909080188,Intentional
User_36,2025-05-10 02:40:09,0.563,0.6469,Running,Ligeris,Driving_Under_Influence,5way,0.0,40,4G,-91,-33.0,10.0,0.0025945941810718,40.30617088598033,21.80896253653011,Intentional
User_13,2025-05-10 02:40:57,0.75,0.5024,Swimming,Ligeris,Driving_Under_Influence,2way,1.0,50,4G,-119,25.0,-3.0,0.005899859504403,42.859515,21.807302573390484,Intentional
User_24,2025-05-10 05:51:49,0.445,0.3406,Swimming,Ligeris,Reckless_Driving,1way,0.0,50,4G,-72,49.0,-16.0,0.0091758120624068,40.3067417353433,21.806336085701194,Intentional
User_73,2025-05-10 08:11:35,0.325,0.4487,Walking,Koila,Reckless_Driving,5way,0.0,70,4G,-96,6.0,-6.0,0.0099156149447378,40.32275654368263,21.791256784153244,Intentional
User_01,2025-05-10 09:09:31,0.619,0.5308,Flying,Koila,Reckless_Driving,1way,1.0,40,3G,-92,0.0,-1.0,0.0069640891936695,40.32152344615834,21.792151357756335,Intentional
User_94,2025-05-10 13:21:12,0.681,0.358,Swimming,Koila,Reckless_Driving,4way,0.0,40,3G,-76,6.0,1.0,0.0055102905074846,40.32201570855774,21.792956121050928,Intentional
User_100,2025-05-10 17:32:59,0.37,0.512,Running,Koila,Reckless_Driving,6way,2.0,30,4G,-105,16.0,15.0,0.0051407691140077,40.32209263524144,21.791152692474316,Intentional
User_46,2025-05-10 19:46:22,0.519,0.6006,Running,Spinari,Speeding,4way,0.0,30,5G,-91,69.0,4.0,0.0089801032792205,40.321746780949994,21.792592827949814,Intentional
User_17,2025-05-10 20:20:22,0.631,0.3998,Swimming,Koila,Speeding,2way,0.0,10,3G,-103,13.0,0.0,0.0090666213582671,40.30685559716842,21.806191232594607,Intentional
User_78,2025-05-10 21:07:15,0.347,0.4986,Driving,Spinari,Reckless_Driving,1way,2.0,60,4G,-105,56.0,-22.0,0.0056501902293334,40.320683189304056,21.791829470006327,Intentional
User_36,2025-05-11 00:06:20,0.563,0.6489,Walking,Center,Speeding,1way,0.0,10,4G,-106,41.0,-5.0,0.0012423708577369,40.30448552469834,21.808002923379817,Intentional
User_66,2025-05-11 00:07:53,0.28,0.4897,Walking,Ligeris,Driving_Under_Influence,6way,0.0,50,4G,-89,81.0,-10.0,0.0087276912692284,40.30681699274028,21.80612475253421,Intentional
User_65,2025-05-11 00:58:29,0.448,0.3361,Driving,Ligeris,Speeding,6way,0.0,60,3G,-107,9.0,-9.0,0.0011629192000233,40.3052008858258,21.808603741149447,Intentional
User_85,2025-05-11 06:48:52,0.254,0.3863,Driving,Ligeris,Reckless_Driving,6way,1.0,40,4G,-97,81.0,0.0,0.0089246233494769,40.30561255414563,21.80849103111509,Intentional
User_90,2025-05-11 19:27:10,0.525,0.3218,Driving,Spinari,Speeding,4way,1.0,10,4G,-102,55.0,-9.0,0.0049229581509717,40.28110747153061,21.75272638515508,Intentional
User_63,2025-05-12 06:33:44,0.543,0.3796,Running,Center,Reckless_Driving,2way,0.0,30,5G,-100,49.0,-15.0,0.0049532515295201,40.32167810124875,21.789367732665895,Intentional
User_10,2025-05-12 07:20:00,0.315,0.6128,Swimming,Ligeris,Driving_Under_Influence,2way,0.0,40,WiFi,Ethernet,98.0,0.0,0.0099847597260261,40.30682948988515,21.805298388996757,Intentional
User_68,2025-05-12 07:24:22,0.472,0.2949,Walking,Koila,Speeding,5way,0.0,30,5G,-95,17.0,-14.0,0.0026516371177531,41.927729,21.791167332989396,Intentional
User_47,2025-05-12 07:44:22,0.585,0.3702,Running,Ligeris,Speeding,5way,0.0,40,WiFi,-51,-149.0,1.0,0.0041661069282211,40.3061253908545,21.807603882500413,Intentional
User_84,2025-05-12 13:45:31,0.527,0.3357,Driving,Koila,Speeding,5way,0.0,90,5G,-73,15.0,4.0,0.0086327551425532,40.321893837805646,21.79156660995125,Intentional
User_46,2025-05-12 22:01:58,0.519,0.6046,Running,Center,Speeding,4way,2.0,60,WiFi,Ethernet,74.0,8.0,0.0025031065897071,40.306185190740216,21.80743156547969,Intentional
User_91,2025-05-13 00:18:42,0.587,0.5688,Running,Center,Reckless_Driving,1way,0.0,10,5G,-102,20.0,-15.0,0.007278163509924,40.27932781773686,21.752182365872088,Intentional
User_03,2025-05-13 00:23:03,0.568,0.2934,Running,Ligeris,Reckless_Driving,5way,1.0,10,4G,-89,64.0,-6.0,0.007593922606445,40.30602543368515,21.80741121151081,Intentional
User_89,2025-05-13 01:41:13,0.336,0.2771,Running,Center,Reckless_Driving,2way,0.0,60,4G,-99,80.0,-5.0,0.0041696360045973,40.306297409547035,21.806837970077417,Intentional
User_23,2025-05-13 01:51:11,0.458,0.413,Walking,Spinari,Reckless_Driving,2way,0.0,10,WiFi,-88,-39.0,-13.0,0.0098369407049443,40.2811436716674,21.752939743045243,Intentional
User_22,2025-05-13 05:10:46,0.413,0.3109,Swimming,Zep,Speeding,1way,2.0,70,3G,-86,20.0,-4.0,0.0061840273499769,40.28100625004424,21.753992785151368,Intentional
User_38,2025-05-13 13:36:13,0.306,0.5711,Driving,Zep,Speeding,6way,1.0,80,3G,-82,55.0,15.0,0.0076731755247249,40.27914510035238,21.75514098520188,Intentional
User_77,2025-05-13 14:12:48,0.428,0.2825,Walking,Zep,Speeding,5way,3.0,30,4G,-112,-131.0,8.0,0.0063513402313748,40.280457551567025,21.75228531385302,Intentional
User_23,2025-05-13 17:43:34,0.458,0.414,Flying,Zep,Reckless_Driving,1way,2.0,30,5G,-96,61.0,-10.0,0.0016791055083093,40.28076431141637,21.752708762962012,Intentional
User_84,2025-05-13 19:47:22,0.527,0.3377,Walking,Spinari,Driving_Under_Influence,2way,1.0,90,5G,-78,69.0,3.0,0.009246894311928,40.27879584291692,21.753381862383304,Intentional
User_91,2025-05-13 22:55:55,0.587,0.5698,Swimming,Koila,Driving_Under_Influence,2way,1.0,30,3G,-70,-159.0,16.0,0.0034166072225195,40.32273797336754,21.790024946531904,Intentional
User_63,2025-05-14 00:31:06,0.543,0.3826,Running,Zep,Speeding,6way,5.0,40,4G,-80,15.0,-4.0,0.0015322628712406,40.306230115631266,21.752827323007395,Intentional
User_97,2025-05-14 00:44:34,0.337,0.5463,Driving,Center,Reckless_Driving,4way,1.0,60,3G,-73,52.0,-11.0,0.006649165607793,40.27801867276435,21.75243904492497,Intentional
User_34,2025-05-14 01:52:36,0.431,0.4199,Running,Ligeris,Speeding,6way,1.0,70,3G,-84,54.0,11.0,0.008693882168803,40.306383558999336,21.807736623354632,Intentional
User_86,2025-05-14 03:11:15,0.469,0.2681,Driving,Koila,Driving_Under_Influence,5way,0.0,60,4G,-99,69.0,7.0,0.0060311520017521,41.424291,21.791175633876893,Intentional
User_73,2025-05-14 03:22:29,0.325,0.4567,Swimming,Koila,Speeding,2way,0.0,50,5G,-105,27.0,-4.0,0.0031056133199455,40.32210648429475,21.791311582121267,Intentional
User_67,2025-05-14 05:50:49,0.529,0.4776,Flying,Koila,Driving_Under_Influence,2way,1.0,80,4G,-120,67.0,-7.0,0.0083733096346929,40.32226332909666,21.791061351535177,Intentional
User_70,2025-05-14 09:12:52,0.601,0.3609,Swimming,Ligeris,Speeding,1way,0.0,30,5G,Satellite,81.0,-7.0,0.0091002947213321,40.306383490256074,21.80752626554155,Intentional
User_59,2025-05-14 09:45:28,0.265,0.4442,Walking,Spinari,Driving_Under_Influence,2way,0.0,30,3G,-81,65.0,9.0,0.0091799631267505,38.417038,21.752646948023116,Intentional
User_99,2025-05-14 09:59:38,0.465,0.4764,Swimming,Ligeris,Driving_Under_Influence,2way,0.0,80,4G,-98,10.0,15.0,0.0085524003622545,40.30665276242352,21.809310092245457,Intentional
User_79,2025-05-14 11:36:07,0.389,0.385,Running,Center,Driving_Under_Influence,1way,2.0,40,5G,-103,-33.0,2.0,0.0018791293914006,40.30622499290459,21.80770803389153,Intentional
User_40,2025-05-14 13:24:46,0.482,0.6347,Walking,Ligeris,Driving_Under_Influence,5way,1.0,60,4G,-120,15.0,22.0,0.0078493747758358,40.30624192864862,21.807950891430995,Intentional
User_33,2025-05-14 15:28:23,0.634,0.4812,Running,Center,Speeding,2way,0.0,10,4G,-91,66.0,12.0,0.0044531035599757,40.30635992149251,21.806663179774088,Intentional
User_89,2025-05-14 16:54:37,0.336,0.2801,Driving,Spinari,Reckless_Driving,2way,3.0,60,WiFi,-65,46.0,7.0,0.0094691467244706,40.27973057338305,21.753665300265112,Intentional
User_32,2025-05-15 03:30:44,0.464,0.288,Swimming,Zep,Speeding,4way,0.0,50,115,-83,73.0,0.0,0.0063250980463913,40.28049658043005,21.752873786991827,Intentional
User_11,2025-05-15 04:23:38,0.602,0.585,Running,Ligeris,Speeding,6way,0.0,30,3G,-106,95.0,12.0,0.0083394250356832,40.30595260346489,21.80776058977267,Intentional
User_56,2025-05-15 05:38:59,0.374,0.2807,Walking,Center,Reckless_Driving,2way,1.0,70,3G,-117,72.0,-4.0,0.023,40.322597812549105,21.79001525872815,Intentional
User_01,2025-05-15 06:06:05,0.619,0.5408,Driving,Center,Driving_Under_Influence,1way,1.0,40,WiFi,-52,98.0,11.0,0.001523764377501,40.3220337990449,21.79150173066865,Intentional
User_91,2025-05-15 10:36:52,0.587,0.5738,Driving,Center,Speeding,2way,1.0,50,5G,-114,-36.0,16.0,0.0079398640921074,40.30651504836597,21.808009134812224,Intentional
User_94,2025-05-15 11:19:36,0.681,0.369,Driving,Koila,Reckless_Driving,5way,4.0,50,3G,Ethernet,90.0,0.0,0.0036374993034001,40.32158733922166,21.79161122541654,Intentional
User_25,2025-05-15 11:24:21,0.408,0.4058,Driving,Zep,Reckless_Driving,5way,1.0,80,3G,-86,31.0,-19.0,0.0088192014255367,40.2796085478701,21.75319573415592,Intentional
User_07,2025-05-15 16:25:30,0.625,0.3504,Driving,Spinari,Reckless_Driving,2way,1.0,70,4G,-115,48.0,17.0,0.0056230727488157,40.27914425961475,21.75201126049276,Intentional
User_75,2025-05-15 19:29:02,0.409,0.4421,Walking,Koila,Driving_Under_Influence,6way,1.0,50,5G,-108,49.0,-14.0,0.009184474222194,40.32217174385515,21.79133640411342,Intentional
User_63,2025-05-15 21:33:20,0.543,0.3856,Driving,Ligeris,Speeding,5way,0.0,70,WiFi,-59,26.0,2.0,0.0014147007714519,40.30665234011676,21.80724917909657,Intentional
User_89,2025-05-15 21:36:42,0.336,0.2821,Driving,Koila,Reckless_Driving,6way,1.0,20,4G,-120,1.0,-10.0,0.0026892313389386,40.27991345825298,21.753556848064864,Intentional
User_46,2025-05-15 21:56:58,0.519,0.6106,Driving,Spinari,Speeding,4way,1.0,20,WiFi,-67,23.0,-13.0,0.0092386897418292,40.27894116435838,21.753368336268014,Intentional
User_23,2025-05-16 02:53:40,0.458,0.419,Driving,Ligeris,Reckless_Driving,5way,0.0,50,4G,-82,-42.0,-3.0,0.0061843932922288,40.30774073825984,21.807983365449896,Intentional
User_56,2025-05-16 03:31:05,0.374,0.2827,Driving,Spinari,Reckless_Driving,2way,1.0,90,WiFi,-59,49.0,2.0,0.0039921702614317,40.306279811896566,21.80846241960175,Intentional
User_48,2025-05-16 05:09:01,0.599,0.5394,Driving,Center,Driving_Under_Influence,2way,0.0,80,4G,-91,56.0,12.0,0.007753567002884,40.280176478890425,21.752160636052466,Intentional
User_87,2025-05-16 11:04:06,0.709,0.6522,Walking,Ligeris,Reckless_Driving,6way,1.0,30,4G,-119,77.0,-14.0,0.0038194200273169,40.30608515020589,23.013092,Intentional
User_18,2025-05-16 12:48:59,0.251,0.6605,Walking,Center,Reckless_Driving,4way,1.0,30,WiFi,-70,0.0,-2.0,0.0011939392919295,40.30554971165353,21.80801325960096,Intentional
User_27,2025-05-16 20:31:35,0.535,0.5231,Flying,Koila,Speeding,2way,0.0,40,108,-112,100.0,-16.0,0.0087446307041513,40.322581339095734,21.79132863286247,Intentional
User_84,2025-05-16 22:29:24,0.527,0.3447,Driving,Spinari,Driving_Under_Influence,1way,0.0,30,5G,-92,81.0,-12.0,0.0090798039037947,40.323039104098754,21.792622558473543,Intentional
User_24,2025-05-17 00:55:06,0.445,0.3546,Walking,Zep,Reckless_Driving,5way,1.0,10,4G,-108,16.0,-16.0,0.033,40.279971270710234,21.753286422663596,Intentional
User_93,2025-05-17 01:31:44,0.588,0.2932,Swimming,Zep,Driving_Under_Influence,4way,0.0,40,WiFi,-57,4.0,-15.0,0.0017326629098489,40.27809711025879,21.754337072591117,Intentional
User_85,2025-05-17 01:34:08,0.254,0.3983,Swimming,Koila,Speeding,1way,0.0,10,WiFi,-78,19.0,-15.0,0.0041256953432715,40.320983454075645,21.79036020374469,Intentional
User_93,2025-05-17 04:20:26,0.588,0.2942,Driving,Koila,Reckless_Driving,5way,0.0,20,5G,-111,75.0,16.0,0.0017233651148611,40.32213324707418,21.789738070328458,Intentional
User_87,2025-05-17 05:13:34,0.709,0.6532,Driving,Center,Reckless_Driving,2way,0.0,40,WiFi,-85,3.0,-10.0,0.0073914596006107,40.321844260601246,21.789808078032717,Intentional
User_53,2025-05-17 10:39:32,0.313,0.3726,Flying,Ligeris,Speeding,4way,0.0,90,120,-88,84.0,0.0,0.007945348064351,40.30702033005756,21.80782546563735,Intentional
User_77,2025-05-17 17:04:50,0.428,0.2905,Running,Spinari,Speeding,2way,0.0,80,WiFi,-50,61.0,15.0,0.0019020160923635,40.320990478343795,21.791244088957445,Intentional
User_16,2025-05-17 17:28:36,0.513,0.4787,Running,Koila,Speeding,6way,1.0,60,5G,-92,100.0,-13.0,0.0033290530681877,40.32078201912392,21.789830114757574,Intentional
User_15,2025-05-17 19:41:19,0.627,0.5791,Swimming,Zep,Reckless_Driving,4way,1.0,50,5G,-82,46.0,11.0,0.0065171899466715,40.27946039972859,21.75462979996207,Intentional
User_22,2025-05-17 21:30:15,0.413,0.3199,Walking,Ligeris,Driving_Under_Influence,5way,0.0,30,5G,-98,34.0,-4.0,0.009201418063522,40.30567742232455,21.806024231257695,Intentional
User_49,2025-05-17 22:21:48,0.637,0.6143,Driving,Spinari,Driving_Under_Influence,2way,0.0,90,WiFi,-66,49.0,-9.0,0.028,40.322055824706375,21.791458462209985,Intentional
User_72,2025-05-18 04:26:43,0.567,0.3165,Running,Center,Reckless_Driving,1way,0.0,40,WiFi,-77,49.0,-2.0,0.0049890031626833,40.28084675366748,17.685118,Intentional
User_11,2025-05-18 04:49:01,0.602,0.591,Swimming,Koila,Reckless_Driving,2way,2.0,10,3G,-93,95.0,-6.0,0.002710119895171,40.32237627474198,21.793028690090622,Intentional
User_87,2025-05-18 08:56:27,0.709,0.6552,Running,Zep,Speeding,6way,2.0,90,5G,-96,54.0,-13.0,0.0075958538321995,40.27981558112421,21.753422548911388,Intentional
User_86,2025-05-18 10:50:05,0.469,0.2761,Swimming,Zep,Driving_Under_Influence,2way,0.0,30,WiFi,-90,34.0,-12.0,0.0058214958670856,40.279893160989225,21.75370636503883,Intentional
User_11,2025-05-18 19:16:30,0.602,0.592,Walking,Koila,Driving_Under_Influence,5way,1.0,60,3G,-84,75.0,11.0,0.0051234187108892,40.321905334593744,21.79292573665456,Intentional
User_27,2025-05-18 20:48:22,0.535,0.5261,Swimming,Zep,Driving_Under_Influence,2way,0.0,40,5G,-91,-17.0,10.0,0.0042732938959199,40.278685574499605,21.754168901927553,Intentional
User_69,2025-05-18 22:06:35,0.34,0.6351,Running,Spinari,Driving_Under_Influence,2way,1.0,40,WiFi,-65,49.0,0.0,0.0076795728724158,40.30692602123549,21.80897682898661,Intentional
User_80,2025-05-18 23:11:30,0.704,0.4357,Driving,Ligeris,Reckless_Driving,6way,0.0,90,111,-78,98.0,-11.0,0.0057262492985554,40.306141665477725,21.806050060777835,Intentional
User_27,2025-05-18 23:50:06,0.535,0.5271,Driving,Spinari,Reckless_Driving,4way,1.0,10,110,-85,95.0,-15.0,0.0073599232672742,40.279778642286544,21.753027613994007,Intentional
User_96,2025-05-19 02:14:16,0.261,0.5341,Running,Center,Driving_Under_Influence,1way,0.0,40,4G,-92,53.0,13.0,0.0098836009868092,40.30674161792931,21.80718558168208,Intentional
User_27,2025-05-19 05:30:38,0.535,0.5291,Flying,Koila,Speeding,4way,1.0,20,WiFi,-67,-32.0,7.0,0.0066446515889378,40.323433114898705,21.78988989873964,Intentional
User_39,2025-05-19 06:48:40,0.598,0.4247,Running,Zep,Driving_Under_Influence,6way,1.0,40,5G,-109,35.0,14.0,0.0076437884215547,40.27954779188013,21.75103126481789,Intentional
User_75,2025-05-19 06:55:49,0.409,0.4501,Walking,Zep,Speeding,5way,0.0,60,3G,Ethernet,10.0,-8.0,0.0035064517807154,40.27915976092045,21.752267064138675,Intentional
User_87,2025-05-19 12:11:02,0.709,0.6572,Running,Spinari,Reckless_Driving,2way,0.0,70,3G,Ethernet,13.0,12.0,0.0024948798648531,40.28028575363875,21.752398511396592,Intentional
User_14,2025-05-19 15:27:57,0.393,0.4844,Swimming,Koila,Speeding,4way,1.0,40,5G,-119,11.0,-14.0,0.0050739138219211,40.32142921169368,21.791313900234467,Intentional
User_97,2025-05-19 20:54:17,0.337,0.5573,Swimming,Zep,Driving_Under_Influence,4way,0.0,10,3G,-90,1.0,15.0,0.0090224212699245,40.28048871582845,21.754809107260247,Intentional
User_98,2025-05-20 01:15:25,0.46,0.4308,Running,Center,Driving_Under_Influence,2way,0.0,30,5G,Ethernet,18.0,9.0,0.0051726472593617,40.306140678732966,21.807731866689373,Intentional
User_04,2025-05-20 01:36:38,0.662,0.3307,Driving,Spinari,Speeding,2way,0.0,80,WiFi,-80,11.0,14.0,0.0086465467897248,40.30632195043385,21.808599408039353,Intentional
User_49,2025-05-20 04:52:00,0.637,0.6203,Swimming,Ligeris,Speeding,4way,5.0,40,5G,-113,78.0,16.0,0.0064669796906229,40.30700891857896,21.808690135077107,Intentional
User_24,2025-05-20 10:12:08,0.445,0.3616,Walking,Spinari,Reckless_Driving,4way,0.0,30,3G,-88,36.0,-9.0,0.0044770875169073,40.32137738316719,21.791256784153244,Intentional
User_55,2025-05-20 11:15:33,0.447,0.6144,Driving,Ligeris,Reckless_Driving,5way,0.0,30,4G,-120,6.0,13.0,0.0049781841129103,37.570392,21.80700275574298,Intentional
User_78,2025-05-20 11:31:05,0.347,0.5176,Driving,Center,Speeding,4way,0.0,40,5G,Ethernet,88.0,-5.0,0.0032007076530808,40.321896400525794,21.79144519094815,Intentional
User_97,2025-05-20 12:13:44,0.337,0.5583,Swimming,Koila,Driving_Under_Influence,2way,2.0,30,4G,-79,30.0,4.0,0.0072272412648482,40.3217944637039,21.79065546253677,Intentional
User_12,2025-05-20 14:29:21,0.67,0.6312,Swimming,Zep,Reckless_Driving,4way,1.0,30,5G,Satellite,64.0,5.0,0.0030266851818703,40.27962738654817,21.753067031851376,Intentional
User_85,2025-05-20 14:34:51,0.254,0.4053,Flying,Ligeris,Reckless_Driving,2way,0.0,80,3G,-116,92.0,0.0,0.05,40.305876832328146,21.80643256227596,Intentional
User_64,2025-05-20 18:03:49,0.511,0.6308,Walking,Koila,Reckless_Driving,6way,0.0,120,4G,-78,47.0,-5.0,0.0089345163886116,40.323263763868425,21.791316209208524,Intentional
User_72,2025-05-20 19:58:10,0.567,0.3205,Swimming,Koila,Reckless_Driving,2way,3.0,20,5G,-77,15.0,5.0,0.042,40.32086741529803,21.79129908203825,Intentional
User_28,2025-05-21 01:22:22,0.348,0.5641,Flying,Ligeris,Speeding,1way,0.0,10,4G,-85,8.0,2.0,0.0079005724713654,40.3066608547571,21.805839696130903,Intentional
User_61,2025-05-21 01:55:04,0.546,0.3607,Driving,Koila,Driving_Under_Influence,6way,1.0,70,4G,-90,77.0,7.0,0.0017961282399949,40.323620378825915,21.79063591412538,Intentional
User_54,2025-05-21 06:50:57,0.327,0.5549,Walking,Koila,Driving_Under_Influence,6way,0.0,70,WiFi,-70,14.0,7.0,0.0066261306913678,40.32208034798076,21.79173485968356,Intentional
User_17,2025-05-21 10:35:01,0.631,0.4218,Driving,Ligeris,Speeding,5way,1.0,20,WiFi,-67,97.0,-2.0,0.0034027862237267,40.30633285177392,23.804991,Intentional
User_02,2025-05-21 12:09:31,0.529,0.5806,Walking,Spinari,Reckless_Driving,2way,3.0,10,WiFi,-72,39.0,-7.0,0.0033658525475376,40.32258248017742,21.79231768864108,Intentional
User_90,2025-05-21 16:17:44,0.525,0.3418,Driving,Center,Reckless_Driving,2way,0.0,50,5G,-100,24.0,-11.0,0.0063341591428305,40.30550035093739,21.8091599734022,Intentional
User_75,2025-05-21 18:50:22,0.409,0.4541,Walking,Koila,Reckless_Driving,5way,0.0,40,4G,-100,64.0,5.0,0.0038003582982063,40.321142832050995,21.78966551597842,Intentional
User_56,2025-05-21 19:02:15,0.374,0.2937,Driving,Zep,Driving_Under_Influence,6way,0.0,60,112,-102,3.0,3.0,0.0075749068566474,40.27836460442239,21.75447709108467,Intentional
User_04,2025-05-21 20:24:01,0.662,0.3337,Driving,Center,Reckless_Driving,2way,0.0,40,WiFi,-86,25.0,5.0,0.0079634225421258,40.3221319155755,23.384378,Intentional
User_84,2025-05-21 20:48:51,0.527,0.3547,Walking,Zep,Driving_Under_Influence,5way,0.0,40,5G,-88,51.0,8.0,0.037,40.27921569519747,21.753338732717875,Intentional
User_50,2025-05-22 01:06:21,0.398,0.5146,Walking,Zep,Reckless_Driving,5way,0.0,50,4G,-120,49.0,-14.0,0.0040848392039823,40.28056982071019,23.606394,Intentional
User_79,2025-05-22 01:37:25,0.389,0.4,Driving,Zep,Driving_Under_Influence,5way,0.0,10,5G,-115,85.0,-3.0,0.0028469153540163,40.280565962822614,21.751707844305795,Intentional
User_74,2025-05-22 06:46:50,0.497,0.5641,Walking,Spinari,Reckless_Driving,1way,0.0,50,103,-87,4.0,-11.0,0.004381993871213,40.30571831674349,21.807721765558956,Intentional
User_100,2025-05-22 08:27:17,0.37,0.536,Walking,Zep,Reckless_Driving,6way,0.0,60,3G,Satellite,62.0,-11.0,0.008335697080059,40.27777834835784,21.75317017308489,Intentional
User_73,2025-05-22 10:55:12,0.325,0.4737,Driving,Spinari,Driving_Under_Influence,1way,0.0,30,WiFi,-82,71.0,-15.0,0.0010837564931218,40.30496028756979,22.483136,Intentional
User_51,2025-05-22 11:12:22,0.613,0.663,Running,Ligeris,Speeding,6way,0.0,10,3G,-93,75.0,22.0,0.0011687931377,40.306859567199275,21.809433403064816,Intentional
User_100,2025-05-22 11:46:56,0.37,0.537,Driving,Zep,Driving_Under_Influence,6way,1.0,70,WiFi,-53,81.0,-9.0,0.0041886108104276,40.278906123448,21.754835252307384,Intentional
User_29,2025-05-22 12:17:52,0.415,0.4474,Driving,Ligeris,Speeding,5way,0.0,20,5G,-83,-135.0,-11.0,0.0062008991918882,40.30663622886924,21.806147108375903,Intentional
User_93,2025-05-23 00:15:49,0.588,0.3052,Running,Center,Driving_Under_Influence,1way,1.0,80,3G,-72,61.0,1.0,0.0030657595120189,40.32270154501857,21.792172822906497,Intentional
User_96,2025-05-23 01:33:13,0.261,0.5431,Driving,Koila,Driving_Under_Influence,6way,1.0,10,5G,-91,54.0,-20.0,0.0040055841035607,40.32209424141912,21.790995028610848,Intentional
User_15,2025-05-23 01:59:08,0.627,0.5911,Swimming,Ligeris,Reckless_Driving,2way,0.0,110,4G,-108,61.0,14.0,0.045,40.305211273023566,21.80661416637609,Intentional
User_58,2025-05-23 02:12:39,0.465,0.318,Driving,Zep,Speeding,5way,0.0,50,110,-114,18.0,-9.0,0.0026771348916324,40.27830423030214,21.751860171802495,Intentional
User_35,2025-05-23 02:24:41,0.274,0.3642,Walking,Center,Speeding,1way,0.0,30,3G,-107,76.0,-10.0,0.0070813760657164,40.27804685013318,21.753102638423716,Intentional
User_66,2025-05-23 06:37:00,0.28,0.5147,Walking,Ligeris,Speeding,6way,1.0,20,4G,-73,24.0,9.0,0.0011265399454296,37.049526,21.807326193903123,Intentional
User_68,2025-05-23 09:05:33,0.472,0.3179,Walking,Ligeris,Reckless_Driving,5way,1.0,50,4G,-70,77.0,19.0,0.0095801434780982,40.30475585427926,21.80711376120815,Intentional
User_62,2025-05-23 21:43:26,0.366,0.3942,Swimming,Zep,Speeding,2way,1.0,10,4G,-83,73.0,-14.0,0.027,40.27981958918045,21.752687317319232,Intentional
User_22,2025-05-24 03:48:41,0.413,0.3339,Walking,Koila,Driving_Under_Influence,5way,2.0,30,4G,-105,49.0,-17.0,0.0070171610252572,40.32279244737711,21.78970841434664,Intentional
User_67,2025-05-24 03:58:28,0.529,0.4986,Swimming,Koila,Speeding,4way,0.0,40,3G,Satellite,64.0,-7.0,0.006475912160909,40.322085667933145,21.791254516007733,Intentional
User_17,2025-05-24 06:07:47,0.631,0.4268,Walking,Spinari,Driving_Under_Influence,1way,0.0,30,WiFi,-84,12.0,-9.0,0.047,40.32172473739317,21.790430970623383,Intentional
User_12,2025-05-24 10:05:08,0.67,0.6392,Flying,Koila,Driving_Under_Influence,2way,1.0,100,4G,-89,79.0,-5.0,0.0061235928161983,40.32183307457825,19.489369,Intentional
User_84,2025-05-24 10:21:43,0.527,0.3597,Swimming,Zep,Driving_Under_Influence,2way,0.0,40,WiFi,-53,90.0,-8.0,0.041,40.278668123887215,21.752445018541263,Intentional
User_37,2025-05-24 16:24:50,0.306,0.5624,Driving,Ligeris,Driving_Under_Influence,5way,0.0,50,3G,-119,65.0,15.0,0.0023920465334653,40.30604210200746,21.807485988154113,Intentional
User_02,2025-05-24 19:12:34,0.529,0.5866,Walking,Spinari,Speeding,4way,1.0,30,5G,-110,63.0,-13.0,0.009948744484089,40.32239938512097,21.789338736321618,Intentional
User_95,2025-05-24 19:52:07,0.545,0.5599,Running,Koila,Driving_Under_Influence,6way,0.0,80,104,-112,2.0,-4.0,0.0090566942375606,40.322206420504386,21.792010094453016,Intentional
User_40,2025-05-24 21:28:42,0.482,0.6547,Walking,Spinari,Speeding,1way,2.0,30,5G,-102,54.0,-6.0,0.0074225399225135,40.279492865641465,21.753314311010556,Intentional
User_73,2025-05-25 04:18:19,0.325,0.4787,Driving,Spinari,Driving_Under_Influence,1way,3.0,30,4G,-99,92.0,-1.0,0.0037852245139595,40.32116734509626,21.789573108289417,Intentional
User_46,2025-05-25 07:21:04,0.519,0.6296,Swimming,Ligeris,Reckless_Driving,1way,1.0,30,WiFi,-61,88.0,0.0,0.0081617882088684,40.304960413606565,21.807526698979633,Intentional
User_48,2025-05-25 10:14:56,0.599,0.5564,Driving,Koila,Driving_Under_Influence,5way,1.0,20,4G,-82,46.0,13.0,0.0012175962649986,40.3222225527665,21.789214876968664,Intentional
User_14,2025-05-25 12:12:54,0.393,0.4954,Walking,Spinari,Driving_Under_Influence,1way,0.0,30,4G,-79,95.0,22.0,0.0098194143279403,40.28002550403205,21.752838207064023,Intentional
User_38,2025-05-25 12:51:25,0.306,0.5941,Running,Spinari,Speeding,1way,0.0,70,WiFi,-71,57.0,-3.0,0.009793412441633,37.153626,21.807819327447188,Intentional
User_81,2025-05-25 15:32:27,0.376,0.5715,Driving,Center,Driving_Under_Influence,2way,1.0,80,WiFi,Ethernet,30.0,15.0,0.0029133446466417,40.321804754586815,21.791508623963807,Intentional
User_13,2025-05-25 16:01:11,0.75,0.5334,Flying,Ligeris,Reckless_Driving,2way,1.0,70,WiFi,-88,27.0,-24.0,0.0015252622924777,40.30533721261477,21.80924547087607,Intentional
User_83,2025-05-25 20:21:06,0.309,0.6485,Flying,Zep,Reckless_Driving,1way,0.0,10,3G,-103,62.0,-1.0,0.0040740208868745,41.618328,21.754414048160648,Intentional
User_70,2025-05-25 22:23:22,0.601,0.3839,Flying,Koila,Driving_Under_Influence,1way,2.0,60,4G,-99,23.0,-16.0,0.0052368169169996,40.32232221581695,21.790687447908216,Intentional
User_100,2025-05-25 23:41:54,0.37,0.543,Running,Center,Speeding,2way,0.0,20,4G,-73,33.0,3.0,0.0048684769174982,40.279316009639146,17.418232,Intentional
User_23,2025-05-26 04:14:06,0.458,0.439,Driving,Center,Reckless_Driving,2way,3.0,50,WiFi,-66,18.0,-8.0,0.0044697981009718,40.305381370455535,21.808725546437227,Intentional
User_62,2025-05-26 10:27:00,0.366,0.4002,Swimming,Zep,Reckless_Driving,2way,3.0,70,110,-77,21.0,8.0,0.003882971023869,40.27996496248143,21.75177480722852,Intentional
User_73,2025-05-26 11:13:46,0.325,0.4807,Swimming,Ligeris,Speeding,1way,0.0,90,5G,-82,77.0,2.0,0.033,40.306412053078944,21.80741438971072,Intentional
User_78,2025-05-26 11:31:27,0.347,0.5296,Running,Spinari,Speeding,4way,1.0,70,WiFi,-87,39.0,-7.0,0.0015099081043728,40.305446387629544,17.615417,Intentional
User_73,2025-05-26 17:06:07,0.325,0.4817,Swimming,Zep,Speeding,4way,1.0,40,3G,-88,73.0,-9.0,0.0083154801107422,40.279491701201735,21.75371477709759,Intentional
User_66,2025-05-26 19:20:01,0.28,0.5197,Swimming,Koila,Speeding,2way,1.0,40,5G,-113,53.0,0.0,0.0077551103760415,40.32110918595297,23.828342,Intentional
User_37,2025-05-26 22:07:46,0.306,0.5674,Swimming,Zep,Reckless_Driving,1way,1.0,30,3G,-86,3.0,-4.0,0.0018525302817317,40.280076611798265,21.751830413210985,Intentional
User_17,2025-05-26 23:48:45,0.631,0.4318,Swimming,Koila,Speeding,1way,1.0,20,3G,Satellite,46.0,2.0,0.0046551722087123,40.32234536715949,21.792682528993097,Intentional
User_87,2025-05-27 01:00:34,0.709,0.6732,Walking,Spinari,Speeding,1way,0.0,10,4G,-90,76.0,12.0,0.0046428981062725,40.306343150394206,21.807557327898696,Intentional
User_93,2025-05-27 05:56:27,0.588,0.3132,Driving,Center,Speeding,1way,1.0,10,4G,Satellite,82.0,-1.0,0.0038385352418713,40.27821901005913,21.753345237329857,Intentional
User_65,2025-05-27 11:26:30,0.448,0.3691,Walking,Center,Speeding,2way,1.0,120,4G,-85,88.0,-6.0,0.03,40.32104901393046,21.79214580341858,Intentional
User_18,2025-05-27 15:04:28,0.251,0.6835,Swimming,Zep,Speeding,1way,0.0,30,WiFi,-77,42.0,7.0,0.009075759914602,40.280429871779184,22.412515,Intentional
User_48,2025-05-27 15:13:44,0.599,0.5614,Swimming,Koila,Driving_Under_Influence,4way,3.0,40,WiFi,-76,36.0,5.0,0.0045226166730678,40.322089572780506,21.790935791109113,Intentional
User_33,2025-05-27 20:00:10,0.634,0.5072,Running,Spinari,Reckless_Driving,2way,0.0,80,5G,-96,73.0,4.0,0.043,40.28009145126829,21.75120399577495,Intentional
User_96,2025-05-27 20:43:28,0.261,0.5511,Driving,Ligeris,Driving_Under_Influence,6way,0.0,90,3G,-75,9.0,-12.0,0.0063941015574041,40.30714203521469,21.80602344468869,Intentional
User_64,2025-05-27 20:50:46,0.511,0.6448,Walking,Spinari,Speeding,1way,2.0,30,4G,-108,23.0,-7.0,0.0021696645085314,40.30581027242862,21.807792319376144,Intentional
User_83,2025-05-27 22:40:19,0.309,0.6525,Walking,Koila,Speeding,6way,2.0,20,WiFi,Ethernet,3.0,4.0,0.008280592114692,40.32213439196087,21.79319404596659,Intentional
User_61,2025-05-27 23:21:43,0.546,0.3737,Swimming,Ligeris,Speeding,1way,1.0,60,5G,-88,95.0,-8.0,0.0027527230091458,40.3063198849501,21.807290392331097,Intentional
User_04,2025-05-28 04:11:14,0.46,0.3477,Swimming,Zep,Speeding,2way,0.0,60,4G,-77,0.0,-11.0,0.0088911201545633,40.28032250085354,21.754768807359596,Intentional
User_87,2025-05-28 09:03:51,0.709,0.6762,Driving,Koila,Reckless_Driving,5way,0.0,40,5G,-71,79.0,-13.0,0.0041864145644179,40.32238750190075,21.789928947749814,Intentional
User_55,2025-05-28 10:45:06,0.447,0.6304,Running,Center,Speeding,2way,1.0,60,WiFi,-64,71.0,-7.0,0.0060894451501255,38.881495,21.80783327198026,Intentional
User_89,2025-05-28 12:54:41,0.336,0.3071,Walking,Spinari,Speeding,2way,0.0,70,3G,-70,49.0,-13.0,0.0051334559865335,40.30559287943997,21.808410081388256,Intentional
User_58,2025-05-28 14:13:03,0.465,0.329,Swimming,Koila,Reckless_Driving,1way,1.0,20,WiFi,-60,42.0,-5.0,0.0051580660641371,40.32157147946929,23.761493,Intentional
User_08,2025-05-28 15:41:51,0.347,0.6538,Flying,Zep,Reckless_Driving,2way,0.0,60,WiFi,-51,55.0,-9.0,0.047,40.280484628140215,21.75241971850574,Intentional
User_92,2025-05-28 16:23:32,0.694,0.4712,Driving,Koila,Driving_Under_Influence,5way,0.0,40,3G,-78,15.0,-10.0,0.0062983312028587,40.32122265846075,22.383032,Intentional
User_43,2025-05-28 20:57:05,0.416,0.4537,Walking,Koila,Driving_Under_Influence,5way,1.0,30,5G,-80,63.0,-17.0,0.0024702757364863,40.322244127425385,21.791500414245753,Intentional
User_10,2025-05-28 21:00:56,0.315,0.6458,Flying,Ligeris,Speeding,4way,0.0,30,4G,-79,96.0,-4.0,0.0028411919947633,40.30632205816181,21.80738148507315,Intentional
User_76,2025-05-28 23:19:47,0.355,0.4941,Running,Koila,Reckless_Driving,6way,0.0,10,4G,-92,-33.0,10.0,0.0099043317393399,40.323021869678485,21.790331532670137,Intentional
User_62,2025-05-28 23:24:13,0.366,0.4042,Walking,Ligeris,Speeding,6way,1.0,80,4G,-81,76.0,-6.0,0.0082067638103978,40.30515853606631,21.806550451741508,Intentional
User_60,2025-05-29 00:47:58,0.353,0.6618,Flying,Ligeris,Driving_Under_Influence,2way,0.0,20,4G,-78,80.0,-4.0,0.0082227824638812,40.30625143308297,21.807627237008656,Intentional
User_98,2025-05-29 03:04:42,0.46,0.4488,Running,Center,Speeding,4way,2.0,60,5G,-116,99.0,8.0,0.0057399482935205,40.28110899365112,21.752716323829464,Intentional
User_98,2025-05-29 12:42:27,0.46,0.4498,Running,Ligeris,Speeding,6way,0.0,50,5G,-85,98.0,-13.0,0.0022802512219212,40.3068050497691,21.807960870849513,Intentional
User_92,2025-05-29 13:11:31,0.694,0.4732,Swimming,Zep,Reckless_Driving,2way,1.0,10,5G,-97,74.0,-16.0,0.0085713735620275,40.278871574965905,21.752081081897984,Intentional
User_82,2025-05-29 15:23:23,0.324,0.5089,Walking,Spinari,Driving_Under_Influence,2way,1.0,50,3G,-90,28.0,-16.0,0.0055966276844645,40.321402432169755,21.791185908721967,Intentional
User_40,2025-05-29 19:53:03,0.482,0.6647,Walking,Center,Driving_Under_Influence,1way,1.0,70,4G,-90,36.0,-18.0,0.0051649122852819,40.30717914862635,21.808844611279127,Intentional
User_02,2025-05-29 21:34:00,0.529,0.5976,Driving,Spinari,Speeding,1way,0.0,90,4G,-120,99.0,14.0,0.0024650133671698,40.30531741202051,22.321615,Intentional
User_91,2025-05-29 21:42:42,0.587,0.6018,Running,Koila,Speeding,6way,1.0,20,5G,-83,34.0,-19.0,0.0076930926095662,40.32189384944992,21.793585837358854,Intentional
User_32,2025-05-29 22:04:32,0.464,0.317,Walking,Zep,Driving_Under_Influence,5way,0.0,20,5G,-82,27.0,-12.0,0.0080779979261179,40.27862519301426,21.75427295849482,Intentional
User_74,2025-05-30 02:04:16,0.497,0.6554,Swimming,Zep,Reckless_Driving,1way,3.0,50,4G,-83,52.0,-1.0,0.037,40.27920166942942,21.753556019427663,Intentional
User_63,2025-05-30 02:52:25,0.543,0.4146,Running,Center,Speeding,2way,0.0,30,WiFi,Satellite,11.0,13.0,0.0090307488278386,40.30618060201535,21.807623274800484,Intentional
User_91,2025-05-30 04:25:39,0.587,0.6028,Flying,Koila,Reckless_Driving,2way,1.0,50,WiFi,-72,21.0,6.0,0.033,40.32219146358091,21.79140551984433,Intentional
User_03,2025-05-30 04:25:47,0.568,0.3284,Driving,Ligeris,Driving_Under_Influence,5way,0.0,10,5G,-86,49.0,-16.0,0.0077839335225104,40.305210567684725,21.808540486741943,Intentional
User_40,2025-05-30 06:47:23,0.482,0.6657,Walking,Ligeris,Driving_Under_Influence,6way,0.0,40,3G,-109,54.0,3.0,0.0023792598284718,40.30712635203546,21.807000767246283,Intentional
User_14,2025-05-30 09:59:23,0.46,0.5054,Walking,Koila,Reckless_Driving,5way,0.0,20,4G,-80,38.0,20.0,0.009463208195664,40.306230115631266,21.79075738897409,Intentional
User_99,2025-05-30 10:16:54,0.465,0.5641,Running,Zep,Driving_Under_Influence,6way,1.0,90,5G,-96,70.0,14.0,0.007476047315511,42.910755,21.753193230049806,Intentional
User_42,2025-05-30 11:55:28,0.738,0.5641,Walking,Zep,Speeding,6way,0.0,70,4G,-112,68.0,-4.0,0.0033671443955334,40.27811055054606,21.753563974806557,Intentional
User_66,2025-05-30 16:49:10,0.28,0.5287,Flying,Ligeris,Speeding,4way,0.0,40,WiFi,-67,95.0,-5.0,0.0063112787945368,40.307345189709544,21.806137389264748,Intentional
User_40,2025-05-30 17:09:34,0.482,0.6667,Walking,Zep,Reckless_Driving,6way,0.0,80,5G,-109,67.0,-6.0,0.0044319287441078,40.27863201233832,21.753755048659663,Intentional
User_39,2025-05-30 17:50:05,0.598,0.4477,Walking,Ligeris,Reckless_Driving,6way,0.0,40,5G,-71,78.0,16.0,0.049,40.305914984990466,21.808194335581103,Intentional
User_20,2025-05-30 18:13:27,0.334,0.6211,Walking,Spinari,Speeding,2way,0.0,50,5G,-100,4.0,-13.0,0.0084903227292356,40.27966446529722,21.75106491046981,Intentional
User_90,2025-05-30 19:56:56,0.525,0.3598,Swimming,Koila,Speeding,4way,0.0,70,119,-106,64.0,9.0,0.0089217870094273,40.32234251144802,21.79184796142628,Intentional
User_56,2025-05-30 21:02:28,0.374,0.3117,Running,Spinari,Driving_Under_Influence,2way,1.0,60,3G,Satellite,33.0,-6.0,0.0039715463250309,40.30646857364864,21.80549618995157,Intentional
User_75,2025-05-31 00:57:57,0.409,0.4731,Running,Spinari,Reckless_Driving,1way,0.0,40,WiFi,-71,7.0,-12.0,0.0076108624592456,40.32338262868841,21.79179732799915,Intentional
User_89,2025-05-31 01:31:33,0.336,0.3131,Flying,Koila,Driving_Under_Influence,1way,1.0,50,WiFi,-86,16.0,-11.0,0.0070868137743672,40.32252649474752,21.790565958635515,Intentional
User_24,2025-05-31 03:56:19,0.445,0.3836,Flying,Koila,Speeding,2way,3.0,70,105,-89,12.0,8.0,0.0013085971788246,40.322979118414565,21.791347929562978,Intentional
User_01,2025-05-31 04:13:19,0.619,0.5728,Flying,Koila,Speeding,4way,2.0,20,3G,-96,44.0,9.0,0.0068076994200879,40.321685848208325,21.7923651783922,Intentional
User_86,2025-05-31 05:07:33,0.469,0.3021,Swimming,Koila,Speeding,4way,0.0,30,3G,-81,-23.0,-13.0,0.0059492149668898,40.32214222054173,21.792478780386233,Intentional
User_12,2025-05-31 07:02:35,0.67,0.6532,Swimming,Koila,Speeding,2way,1.0,80,3G,-89,95.0,-16.0,0.0065028519184116,40.32155890406419,21.79010710281755,Intentional
User_70,2025-05-31 10:41:30,0.601,0.3959,Flying,Koila,Driving_Under_Influence,2way,1.0,80,WiFi,Ethernet,4.0,-13.0,0.0067428891520318,40.32276576501154,21.79033656503513,Intentional
User_83,2025-05-31 15:01:59,0.309,0.6605,Driving,Ligeris,Reckless_Driving,6way,0.0,60,4G,-88,-153.0,-3.0,0.0060169932722398,40.30673826953822,21.807038684687452,Intentional
User_33,2025-05-31 15:35:38,0.634,0.5641,Driving,Spinari,Speeding,1way,1.0,30,4G,-78,44.0,-12.0,0.0088940112609195,40.27840716425904,21.752695734560696,Intentional
User_25,2025-05-31 18:11:40,0.408,0.4368,Running,Center,Driving_Under_Influence,1way,4.0,40,3G,Ethernet,33.0,1.0,0.0089664509275836,40.27994438872677,21.753445795737512,Intentional
User_64,2025-05-31 18:14:19,0.511,0.6528,Flying,Zep,Reckless_Driving,2way,1.0,60,5G,-78,-145.0,3.0,0.0056281965667666,40.27835847548275,21.752436212614253,Intentional
User_71,2025-05-31 18:37:18,0.256,0.3043,Driving,Spinari,Speeding,2way,0.0,40,WiFi,-55,49.0,0.0,0.043,40.321337265246115,21.789576359800336,Intentional
User_13,2025-05-31 19:10:24,0.75,0.5454,Running,Zep,Driving_Under_Influence,6way,1.0,70,WiFi,-88,27.0,22.0,0.0024669656197143,40.28126016522805,21.75329262568765,Intentional
User_01,2025-05-31 19:22:25,0.619,0.5738,Swimming,Koila,Speeding,2way,1.0,80,WiFi,-79,52.0,8.0,0.0018931859624282,40.322774450694894,21.791756153442456,Intentional
User_73,2025-05-31 20:15:13,0.325,0.4917,Driving,Spinari,Driving_Under_Influence,2way,1.0,60,3G,-100,68.0,-7.0,0.0072618100352675,42.9113,21.753595313235763,Intentional
User_61,2025-05-31 20:55:15,0.546,0.3807,Walking,Center,Reckless_Driving,2way,3.0,10,119,-114,12.0,3.0,0.0086860207068477,40.30684335830888,21.809575027277912,Intentional
User_49,2025-06-01 04:25:07,0.637,0.6433,Running,Center,Speeding,1way,1.0,30,WiFi,Ethernet,72.0,-2.0,0.0028127515885938,40.28010695008056,21.75444506615704,Intentional
User_87,2025-06-01 05:30:23,0.709,0.6832,Driving,Center,Reckless_Driving,1way,0.0,80,WiFi,Ethernet,80.0,-14.0,0.0071687572517814,40.27989603174456,21.75401801249312,Intentional
User_07,2025-06-01 05:38:05,0.625,0.3834,Flying,Ligeris,Reckless_Driving,1way,1.0,50,WiFi,Satellite,65.0,-10.0,0.0027378069465091,40.30601137869215,21.80869079124302,Intentional
User_33,2025-06-01 14:38:15,0.634,0.5172,Swimming,Zep,Speeding,2way,0.0,30,3G,-102,66.0,2.0,0.0085929010782545,40.27962138660664,21.753528185537988,Intentional
User_29,2025-06-01 14:56:02,0.415,0.4664,Walking,Koila,Reckless_Driving,6way,1.0,10,WiFi,-69,29.0,23.0,0.0025095439190459,40.32295881072445,21.790899748048975,Intentional
User_32,2025-06-01 17:15:44,0.464,0.323,Flying,Ligeris,Reckless_Driving,1way,0.0,40,5G,-72,37.0,6.0,0.0081563048927241,40.30571182009027,21.806515486142445,Intentional
User_59,2025-06-01 19:24:57,0.265,0.4802,Running,Center,Reckless_Driving,2way,0.0,30,5G,-82,12.0,15.0,0.007066769899667,38.825041,21.790491542580117,Intentional
User_29,2025-06-01 21:09:16,0.415,0.4674,Running,Center,Speeding,1way,2.0,70,112,-66,90.0,-4.0,0.0039528725121979,40.27863227523931,21.753628616809745,Intentional
User_28,2025-06-02 04:09:05,0.348,0.6143,Driving,Zep,Reckless_Driving,6way,0.0,60,4G,-117,31.0,-16.0,0.0062395574703388,40.2779136334422,22.709697,Intentional
User_95,2025-06-02 06:48:34,0.545,0.5779,Running,Koila,Speeding,5way,1.0,30,4G,-94,91.0,-14.0,0.0025172391131473,42.959643,21.80729340513247,Intentional
User_36,2025-06-02 07:45:35,0.563,0.6929,Walking,Zep,Reckless_Driving,5way,2.0,40,5G,-95,44.0,15.0,0.024,40.28000433889141,21.75243882115352,Intentional
User_16,2025-06-02 08:08:00,0.513,0.5117,Driving,Center,Driving_Under_Influence,2way,1.0,50,4G,-112,39.0,-14.0,0.0068497261487922,40.30737626402294,21.791256784153244,Intentional
User_03,2025-06-02 12:03:44,0.568,0.3334,Walking,Center,Reckless_Driving,4way,0.0,20,WiFi,-81,-149.0,-9.0,0.0051394932675867,40.321402336301645,21.791256784153244,Intentional
User_14,2025-06-02 12:37:00,0.393,0.5124,Running,Center,Speeding,2way,1.0,30,WiFi,-62,-158.0,1.0,0.0017729852858369,40.30728044429139,21.808136849520828,Intentional
User_01,2025-06-02 17:00:48,0.619,0.5778,Running,Zep,Speeding,5way,0.0,20,3G,-109,13.0,15.0,0.0040147934900114,40.28074667063396,21.75340775245793,Intentional
User_68,2025-06-02 17:17:35,0.472,0.3369,Flying,Ligeris,Driving_Under_Influence,2way,0.0,80,118,-86,5.0,-13.0,0.0081894289623368,40.30576180908598,21.807657555926312,Intentional
User_07,2025-06-02 17:26:49,0.625,0.3864,Driving,Zep,Speeding,5way,1.0,50,5G,-85,99.0,-4.0,0.0022514410578914,40.280392962317805,21.753051418416277,Intentional
User_60,2025-06-02 18:10:02,0.353,0.5641,Flying,Koila,Driving_Under_Influence,4way,2.0,30,WiFi,-51,49.0,-18.0,0.0070087047901958,40.32208362058804,21.792065291130875,Intentional
User_18,2025-06-02 23:04:38,0.251,0.6945,Running,Center,Driving_Under_Influence,2way,1.0,20,5G,-97,-150.0,7.0,0.0071873228284062,40.27875284536062,21.753466697597535,Intentional
User_14,2025-06-03 00:52:24,0.393,0.5134,Swimming,Koila,Driving_Under_Influence,4way,0.0,90,4G,-81,74.0,16.0,0.005653142335994,40.32264324638916,21.792038094575204,Intentional
User_05,2025-06-03 02:13:39,0.743,0.6027,Running,Koila,Reckless_Driving,6way,0.0,20,WiFi,-81,34.0,2.0,0.005393830705604,40.32203314573871,21.79125141726667,Intentional
User_67,2025-06-03 03:16:17,0.529,0.5176,Running,Spinari,Driving_Under_Influence,2way,0.0,30,WiFi,Ethernet,19.0,6.0,0.0055872005301165,40.27868232105705,21.753055978285616,Intentional
User_04,2025-06-03 05:13:52,0.662,0.3587,Flying,Koila,Reckless_Driving,2way,0.0,40,113,-110,89.0,-3.0,0.0093888034520203,40.32212936746601,21.791256784153244,Intentional
User_42,2025-06-03 07:55:29,0.738,0.4206,Running,Center,Driving_Under_Influence,4way,0.0,80,3G,-77,74.0,18.0,0.0070269944687802,40.27964453237835,21.75557380185472,Intentional
User_56,2025-06-03 13:52:52,0.374,0.3187,Running,Ligeris,Reckless_Driving,6way,0.0,20,WiFi,-57,4.0,-14.0,0.0056211010238743,40.30607882171191,22.136453,Intentional
User_49,2025-06-03 15:54:03,0.637,0.6483,Running,Center,Speeding,2way,2.0,40,WiFi,-69,81.0,4.0,0.0041605704709817,40.30669253200356,21.80617034079431,Intentional
User_60,2025-06-03 17:50:56,0.353,0.6728,Driving,Spinari,Driving_Under_Influence,1way,0.0,30,3G,-81,50.0,-9.0,0.0085824664712734,40.279100633545,21.753293620178997,Intentional
User_44,2025-06-04 00:27:50,0.332,0.3916,Swimming,Koila,Reckless_Driving,1way,1.0,90,5G,-88,93.0,-10.0,0.0067070478665659,40.322114610308994,21.792897054501857,Intentional
User_30,2025-06-04 10:28:55,0.413,0.3984,Running,Center,Speeding,1way,0.0,60,3G,-104,12.0,13.0,0.0073323338872002,40.30489263929265,21.80776196723659,Intentional
User_23,2025-06-04 14:12:01,0.458,0.458,Running,Center,Driving_Under_Influence,2way,0.0,10,WiFi,-75,20.0,-7.0,0.008584912018672,40.32146615460529,21.791419163799233,Intentional
User_51,2025-06-04 17:56:12,0.613,0.69,Running,Zep,Driving_Under_Influence,5way,0.0,30,4G,-90,31.0,-9.0,0.0059873394889304,42.781821,21.754773413964227,Intentional
User_17,2025-06-04 19:09:35,0.631,0.4498,Driving,Spinari,Driving_Under_Influence,2way,2.0,30,5G,-90,93.0,-11.0,0.0097567436660855,41.97071,21.789501593661225,Intentional
User_12,2025-06-04 20:51:03,0.67,0.6602,Swimming,Koila,Driving_Under_Influence,2way,0.0,20,WiFi,-80,46.0,12.0,0.0010559073067829,40.321730720403615,21.78925849821093,Intentional
User_62,2025-06-04 23:18:13,0.366,0.4182,Walking,Spinari,Driving_Under_Influence,1way,0.0,50,5G,-89,54.0,3.0,0.0023344397252505,40.321686453103,21.79057304586813,Intentional
User_07,2025-06-05 03:45:15,0.625,0.3914,Walking,Center,Reckless_Driving,4way,3.0,30,4G,-105,27.0,-9.0,0.03,40.306075673038045,21.807607895695483,Intentional
User_41,2025-06-05 05:43:26,0.628,0.4721,Driving,Center,Speeding,2way,0.0,30,3G,-101,52.0,-11.0,0.0056874137536019,40.30692419878752,21.80649549207364,Intentional
User_63,2025-06-05 07:33:30,0.543,0.4276,Running,Center,Speeding,2way,0.0,70,101,-50,91.0,10.0,0.0066944407177706,40.322633086816445,21.790867036415733,Intentional
User_47,2025-06-05 08:17:56,0.585,0.4182,Walking,Ligeris,Speeding,5way,1.0,80,5G,-85,45.0,-6.0,0.0027269156179694,40.30592477157865,21.808256277404695,Intentional
User_03,2025-06-05 10:49:02,0.568,0.3394,Swimming,Koila,Driving_Under_Influence,2way,1.0,30,WiFi,-50,37.0,9.0,0.0059332193966126,40.32210839174016,21.790969512106077,Intentional
User_67,2025-06-05 11:49:33,0.529,0.5226,Swimming,Ligeris,Reckless_Driving,1way,2.0,30,5G,-103,60.0,13.0,0.0030366768729877,40.306618802849705,21.806348589744047,Intentional
User_20,2025-06-05 21:16:27,0.334,0.6331,Running,Center,Driving_Under_Influence,2way,0.0,30,4G,-88,77.0,12.0,0.0022810443507826,40.30627123407214,21.80736975143296,Intentional
User_53,2025-06-05 23:25:14,0.313,0.4106,Swimming,Zep,Speeding,2way,0.0,40,3G,-103,84.0,-5.0,0.0084068939740234,40.27979832880386,21.75338545855105,Intentional
User_100,2025-06-06 04:06:14,0.37,0.566,Walking,Koila,Speeding,5way,2.0,30,5G,-88,13.0,0.0,0.0084556213615324,40.32248893844015,21.79066101587963,Intentional
User_51,2025-06-06 09:51:18,0.613,0.694,Walking,Spinari,Driving_Under_Influence,1way,4.0,40,4G,-70,60.0,9.0,0.0092328377569954,40.28068630714749,21.752934389666745,Intentional
User_88,2025-06-06 17:50:23,0.471,0.4387,Running,Koila,Reckless_Driving,6way,0.0,10,5G,-105,7.0,12.0,0.006046386513319,40.32078750948982,21.79035563273225,Intentional
User_03,2025-06-06 19:25:18,0.568,0.3424,Walking,Zep,Reckless_Driving,5way,0.0,90,3G,-93,49.0,0.0,0.0036198476548054,40.28003256394919,21.754614330078113,Intentional
User_53,2025-06-06 19:53:30,0.313,0.4126,Running,Center,Speeding,1way,0.0,60,5G,-77,-155.0,0.0,0.0086217539410438,40.3218032491296,21.79130001963346,Intentional
User_73,2025-06-06 20:22:55,0.325,0.5037,Flying,Koila,Speeding,2way,1.0,30,4G,-101,66.0,14.0,0.0068986323373846,40.32093533255569,21.791176667559014,Intentional
User_55,2025-06-06 21:20:40,0.447,0.6494,Running,Ligeris,Speeding,5way,1.0,20,4G,-92,70.0,8.0,0.034,40.30669653622309,21.808089166680237,Intentional
User_05,2025-06-06 23:45:14,0.743,0.6097,Running,Zep,Driving_Under_Influence,5way,5.0,90,3G,-85,38.0,-14.0,0.037,40.28090427189913,21.752057436983197,Intentional
User_60,2025-06-07 02:00:00,0.353,0.6798,Driving,Zep,Speeding,6way,1.0,70,5G,Satellite,17.0,7.0,0.0034526379594288,40.28100573588785,21.753951475433556,Intentional
User_77,2025-06-07 05:41:16,0.428,0.3315,Swimming,Zep,Speeding,4way,0.0,10,3G,-82,16.0,-7.0,0.0055782066235111,40.28031123564439,21.75237866182564,Intentional
User_31,2025-06-07 06:35:34,0.56,0.6674,Flying,Zep,Speeding,2way,1.0,40,3G,-98,84.0,-14.0,0.0031245840853708,40.27931161055685,21.75319721793321,Intentional
User_30,2025-06-07 10:20:32,0.413,0.4044,Running,Ligeris,Speeding,5way,0.0,10,119,-119,96.0,14.0,0.0023829723588986,40.307713314822365,21.80752407956701,Intentional
User_50,2025-06-07 14:08:50,0.398,0.5466,Swimming,Ligeris,Reckless_Driving,2way,0.0,70,3G,-98,43.0,-13.0,0.0057464850537576,40.307213332793495,21.80641726765229,Intentional
User_81,2025-06-07 15:41:50,0.376,0.5985,Swimming,Koila,Speeding,1way,5.0,20,4G,-98,91.0,3.0,0.0083164368709322,40.32271968741088,21.791218283559378,Intentional
User_26,2025-06-07 18:14:21,0.408,0.5635,Flying,Zep,Driving_Under_Influence,2way,3.0,70,WiFi,-88,72.0,-11.0,0.0013051463208189,40.27957085230585,21.753288959153046,Intentional
User_76,2025-06-07 18:17:59,0.355,0.5141,Driving,Zep,Driving_Under_Influence,5way,0.0,20,3G,-104,54.0,10.0,0.0016166601383657,40.27989909984321,21.754568737283595,Intentional
User_41,2025-06-07 19:15:13,0.628,0.4771,Swimming,Zep,Reckless_Driving,2way,0.0,10,4G,-103,42.0,1.0,0.0060144588174061,38.390201,21.753704884670466,Intentional
User_99,2025-06-07 20:47:57,0.465,0.5254,Driving,Center,Reckless_Driving,4way,0.0,10,113,-108,9.0,7.0,0.0099244798143701,40.28082542808372,21.752596168463754,Intentional
User_07,2025-06-07 21:05:14,0.625,0.3964,Running,Spinari,Reckless_Driving,4way,2.0,50,5G,-83,14.0,12.0,0.0011008281860483,40.30599062653872,21.80540383011162,Intentional
User_34,2025-06-08 03:29:51,0.431,0.4699,Running,Center,Reckless_Driving,1way,0.0,90,5G,-92,76.0,10.0,0.0021032088833795,40.321577517317486,21.791084293233705,Intentional
User_53,2025-06-08 04:27:24,0.313,0.4166,Walking,Spinari,Speeding,4way,0.0,60,5G,-107,61.0,-12.0,0.0028938086113912,40.30616256238637,21.805225739982028,Intentional
User_22,2025-06-08 07:32:59,0.413,0.3629,Driving,Koila,Reckless_Driving,5way,0.0,60,112,-92,78.0,-9.0,0.0038423106183269,40.32274956366536,21.792944547927288,Intentional
User_93,2025-06-08 13:05:58,0.588,0.3382,Flying,Ligeris,Driving_Under_Influence,2way,0.0,10,3G,-72,8.0,8.0,0.008360883503572,40.30771910413568,21.806490106900966,Intentional
User_18,2025-06-08 16:22:43,0.251,0.7075,Walking,Koila,Speeding,5way,3.0,30,3G,-75,15.0,15.0,0.0050276039322506,40.321826938008755,21.791433383427982,Intentional
User_24,2025-06-08 22:33:46,0.445,0.3996,Driving,Ligeris,Driving_Under_Influence,5way,0.0,10,105,-80,26.0,-11.0,0.002049050053998,40.30632140720357,21.80767475670534,Intentional
User_97,2025-06-09 01:21:30,0.337,0.5983,Running,Spinari,Speeding,4way,0.0,10,5G,-81,37.0,25.0,0.0016884100116255,40.3205208396244,21.79222931374079,Intentional
User_21,2025-06-09 02:01:29,0.303,0.3312,Swimming,Zep,Speeding,2way,0.0,50,4G,-75,97.0,13.0,0.042,40.27975243734281,21.752625932582703,Intentional
User_55,2025-06-09 02:11:35,0.447,0.6544,Flying,Zep,Reckless_Driving,2way,0.0,50,3G,-89,89.0,2.0,0.0050818654784433,40.2801993344386,21.75299853606044,Intentional
User_38,2025-06-09 05:30:53,0.306,0.6241,Walking,Koila,Reckless_Driving,5way,1.0,60,3G,-82,30.0,15.0,0.0022654475060146,40.32225783321678,21.789845684206384,Intentional
User_39,2025-06-09 12:33:24,0.598,0.4677,Driving,Spinari,Speeding,2way,1.0,20,3G,-70,32.0,-6.0,0.0096555119991111,40.27960118087652,21.753630466763447,Intentional
User_92,2025-06-09 14:38:52,0.694,0.4952,Driving,Spinari,Speeding,2way,1.0,10,3G,-88,13.0,-15.0,0.0066950377218853,40.32218730342394,21.79102929865486,Intentional
User_98,2025-06-09 16:18:30,0.46,0.4718,Driving,Ligeris,Driving_Under_Influence,6way,2.0,80,4G,-83,14.0,-1.0,0.005653142335994,38.181927,21.806908218158803,Intentional
User_55,2025-06-09 19:05:45,0.447,0.6554,Flying,Ligeris,Driving_Under_Influence,1way,1.0,20,3G,-112,69.0,3.0,0.0082156643722618,40.305975665050646,21.808034691830464,Intentional
User_95,2025-06-09 19:54:30,0.545,0.5929,Running,Center,Driving_Under_Influence,2way,1.0,40,3G,-93,-159.0,-1.0,0.0060120283173783,40.30592822891283,21.807322634972586,Intentional
User_88,2025-06-09 19:58:17,0.471,0.4457,Flying,Koila,Speeding,2way,0.0,40,5G,-77,65.0,-16.0,0.0072467570213226,40.320731379895626,21.79203244609589,Intentional
User_97,2025-06-09 20:34:52,0.337,0.5993,Driving,Center,Driving_Under_Influence,2way,0.0,20,3G,-88,29.0,0.0,0.048,40.30516364452172,21.806163045185816,Intentional
User_63,2025-06-09 23:58:43,0.543,0.4356,Running,Ligeris,Reckless_Driving,6way,0.0,50,4G,-102,91.0,3.0,0.0018390303565307,40.30530480933747,22.73346,Intentional
User_06,2025-06-10 01:29:54,0.584,0.6885,Flying,Zep,Driving_Under_Influence,1way,2.0,60,3G,-98,6.0,-15.0,0.0075864900978265,40.279994519594275,21.755339856580072,Intentional
User_90,2025-06-10 02:24:38,0.525,0.3818,Walking,Koila,Driving_Under_Influence,6way,0.0,10,WiFi,-79,31.0,12.0,0.0031920927037508,42.920932,21.79111930818012,Intentional
User_49,2025-06-10 08:19:22,0.637,0.6613,Running,Ligeris,Driving_Under_Influence,6way,0.0,20,120,-83,16.0,-16.0,0.0028322139732817,40.30622683488234,21.807493860369338,Intentional
User_70,2025-06-10 12:46:03,0.601,0.4149,Running,Koila,Speeding,5way,1.0,30,105,-88,71.0,1.0,0.0080919626006359,40.32060033779325,21.790502379759705,Intentional
User_42,2025-06-10 14:34:17,0.738,0.4336,Running,Center,Reckless_Driving,4way,1.0,50,4G,-104,68.0,11.0,0.005067684478717,40.32193154870926,21.79133564639903,Intentional
User_83,2025-06-10 14:39:29,0.309,0.6795,Running,Spinari,Speeding,4way,0.0,10,WiFi,-76,60.0,-3.0,0.00410408088001,40.32226261401328,23.351005,Intentional
User_58,2025-06-10 15:42:42,0.465,0.354,Flying,Ligeris,Speeding,2way,1.0,30,4G,-97,11.0,2.0,0.0054063527560815,40.30588632927915,21.807417274643925,Intentional
User_05,2025-06-10 16:35:41,0.743,0.6177,Flying,Koila,Speeding,4way,0.0,20,5G,-77,-49.0,7.0,0.0045309554045831,40.322799242676275,21.79032787233806,Intentional
User_51,2025-06-10 18:42:41,0.613,0.5641,Flying,Koila,Reckless_Driving,2way,0.0,60,4G,Satellite,23.0,-4.0,0.0043182786320969,40.32197337132893,21.792558670336813,Intentional
User_55,2025-06-10 19:01:13,0.447,0.6574,Running,Koila,Reckless_Driving,5way,0.0,80,WiFi,-83,74.0,14.0,0.05,40.32285800440634,21.792393305326375,Intentional
User_40,2025-06-10 21:49:24,0.482,0.6877,Walking,Zep,Reckless_Driving,5way,0.0,20,5G,Ethernet,2.0,9.0,0.0087509422443878,40.279678554857746,21.75149994054573,Intentional
User_09,2025-06-11 04:53:31,0.307,0.7078,Swimming,Ligeris,Speeding,1way,0.0,80,WiFi,-86,50.0,0.0,0.001581792085866,40.30639610267615,21.807834300351104,Intentional
User_91,2025-06-11 09:38:21,0.587,0.6278,Flying,Ligeris,Driving_Under_Influence,4way,0.0,10,3G,Satellite,64.0,-15.0,0.0091322188157415,40.3062337180734,21.807484361621515,Intentional
User_38,2025-06-11 12:32:26,0.306,0.6281,Running,Spinari,Driving_Under_Influence,1way,0.0,60,4G,-75,10.0,-15.0,0.0039783948874632,40.32291781922469,17.003099,Intentional
User_31,2025-06-11 12:50:47,0.56,0.6754,Flying,Ligeris,Driving_Under_Influence,2way,0.0,20,4G,-107,28.0,4.0,0.005631024458918,40.30606046071385,21.807274338701564,Intentional
User_66,2025-06-11 16:33:41,0.28,0.5517,Driving,Center,Driving_Under_Influence,4way,1.0,50,5G,-113,1.0,-14.0,0.0017842936090036,40.30534089408905,18.349522,Intentional
User_28,2025-06-11 18:39:05,0.348,0.6333,Swimming,Koila,Reckless_Driving,2way,0.0,20,3G,-117,21.0,-13.0,0.0078241110366988,42.811637,21.79011106306381,Intentional
User_18,2025-06-11 18:44:57,0.251,0.7135,Swimming,Koila,Reckless_Driving,2way,0.0,110,WiFi,-67,73.0,-7.0,0.0011627981494966,40.3220743091963,21.793549531495884,Intentional
User_27,2025-06-11 20:21:30,0.535,0.5751,Walking,Center,Driving_Under_Influence,2way,1.0,40,4G,-118,63.0,1.0,0.0086776736697982,40.30686062939833,21.807366003350023,Intentional
User_64,2025-06-11 22:59:34,0.511,0.6748,Walking,Zep,Reckless_Driving,5way,1.0,40,4G,-80,3.0,1.0,0.0017620733189427,40.28036692640126,19.423313,Intentional
User_27,2025-06-12 00:16:23,0.535,0.5761,Walking,Zep,Speeding,5way,0.0,40,4G,-107,69.0,4.0,0.0068784800065154,40.279777059540535,21.753226114364868,Intentional
User_96,2025-06-12 02:52:19,0.261,0.5831,Running,Center,Driving_Under_Influence,4way,2.0,70,103,-86,35.0,-2.0,0.0054190020871724,40.30590318746225,21.805314476399246,Intentional
User_41,2025-06-12 03:50:56,0.628,0.4861,Swimming,Koila,Reckless_Driving,2way,0.0,80,5G,-102,86.0,19.0,0.006714933229142,40.321170564029146,21.79324495661068,Intentional
User_82,2025-06-12 04:52:33,0.324,0.5369,Driving,Center,Reckless_Driving,2way,1.0,40,WiFi,-73,13.0,-7.0,0.0059333536526928,40.3061899712879,21.807283390543468,Intentional
User_62,2025-06-12 06:59:37,0.366,0.4332,Swimming,Ligeris,Speeding,1way,0.0,60,3G,-82,74.0,-17.0,0.0021333644775825,40.30603336112601,21.807352425561927,Intentional
User_03,2025-06-12 07:16:27,0.568,0.3534,Driving,Center,Driving_Under_Influence,2way,0.0,60,4G,-89,45.0,10.0,0.0075987905040997,40.279346199120866,21.75404150922622,Intentional
User_94,2025-06-12 07:57:46,0.681,0.425,Driving,Ligeris,Reckless_Driving,6way,1.0,30,WiFi,-67,19.0,0.0,0.0064923313211795,40.305089624689415,21.807363090917285,Intentional
User_56,2025-06-12 08:47:55,0.374,0.3367,Flying,Ligeris,Reckless_Driving,1way,4.0,20,WiFi,-79,46.0,21.0,0.0094439650632753,40.30726870975216,21.80728824237157,Intentional
User_09,2025-06-12 12:48:39,0.46,0.7098,Running,Zep,Driving_Under_Influence,6way,1.0,60,5G,-84,-148.0,2.0,0.0068539054883982,40.279516209609874,21.752162928012492,Intentional
User_06,2025-06-12 15:10:16,0.584,0.6935,Flying,Zep,Reckless_Driving,2way,0.0,40,4G,-81,97.0,17.0,0.0074903027386969,40.27954580078383,21.752620306083205,Intentional
User_71,2025-06-12 16:00:38,0.256,0.3273,Flying,Zep,Driving_Under_Influence,1way,0.0,90,4G,Ethernet,28.0,14.0,0.0036605026704744,40.279295627966526,21.75329095707252,Intentional
User_53,2025-06-12 16:15:40,0.313,0.4236,Walking,Center,Driving_Under_Influence,1way,0.0,10,3G,-103,5.0,-11.0,0.0054376480167986,40.32167778186041,21.79146249949933,Intentional
User_79,2025-06-12 23:31:51,0.389,0.443,Running,Spinari,Speeding,4way,1.0,40,4G,-110,93.0,1.0,0.0023379206178976,40.30722693101551,21.805774375751753,Intentional
User_48,2025-06-13 02:09:14,0.599,0.5944,Walking,Ligeris,Driving_Under_Influence,6way,2.0,80,4G,-115,-159.0,9.0,0.0089808380850055,40.306816537044234,21.808158730302782,Intentional
User_81,2025-06-13 02:22:51,0.376,0.6095,Running,Spinari,Reckless_Driving,2way,1.0,40,5G,-119,25.0,14.0,0.0024181086084449,40.322637328551984,21.79063774104492,Intentional
User_75,2025-06-13 03:35:13,0.409,0.4991,Walking,Zep,Reckless_Driving,6way,2.0,10,3G,-72,83.0,0.0,0.0031282586294657,40.27997327720121,21.75361695079324,Intentional
User_36,2025-06-13 04:00:34,0.563,0.7149,Swimming,Ligeris,Speeding,1way,1.0,80,4G,-99,56.0,23.0,0.0093226905777491,40.306230115631266,21.805961169827988,Intentional
User_16,2025-06-13 04:43:07,0.513,0.5327,Swimming,Koila,Speeding,1way,2.0,40,5G,-109,47.0,7.0,0.0096293098064088,40.322040098855915,21.7913546918216,Intentional
User_25,2025-06-13 14:57:02,0.408,0.4628,Walking,Koila,Driving_Under_Influence,6way,1.0,30,108,-61,30.0,-2.0,0.0086418570100757,40.32131092007005,21.791604197814344,Intentional
User_41,2025-06-13 18:20:51,0.628,0.4891,Driving,Spinari,Speeding,2way,1.0,40,5G,-92,67.0,-10.0,0.003065219941195,40.2795546124116,17.780329,Intentional
User_30,2025-06-14 00:21:27,0.413,0.4184,Driving,Center,Driving_Under_Influence,2way,4.0,20,3G,-76,66.0,14.0,0.00315875827322,40.278945600394806,21.75418170707108,Intentional
User_22,2025-06-14 07:37:14,0.413,0.3749,Driving,Ligeris,Speeding,6way,1.0,40,5G,-84,67.0,15.0,0.007518713718916,40.306314841575215,21.807544079996863,Intentional
User_89,2025-06-14 14:11:12,0.336,0.3421,Driving,Zep,Driving_Under_Influence,5way,0.0,40,4G,-118,8.0,7.0,0.0039934827401584,42.584425,21.753710914219347,Intentional
User_03,2025-06-14 15:29:08,0.568,0.3584,Walking,Spinari,Reckless_Driving,2way,3.0,20,WiFi,-78,15.0,2.0,0.0032104818200817,40.32142185565359,21.79007844876065,Intentional
User_29,2025-06-14 15:34:10,0.415,0.4934,Walking,Center,Speeding,2way,0.0,50,5G,Ethernet,49.0,0.0,0.0086238866791777,40.307847842832665,21.80740149922601,Intentional
User_06,2025-06-14 17:43:52,0.584,0.6975,Driving,Ligeris,Speeding,5way,0.0,40,4G,-105,-15.0,5.0,0.0081570277310068,40.306230115631266,21.80748020229191,Intentional
User_65,2025-06-14 18:32:27,0.448,0.4051,Running,Ligeris,Reckless_Driving,6way,1.0,80,3G,-93,48.0,-14.0,0.0071866199262583,40.3061554440653,21.80694834337067,Intentional
User_34,2025-06-14 23:14:44,0.431,0.4829,Swimming,Zep,Driving_Under_Influence,1way,0.0,60,WiFi,-60,79.0,-12.0,0.0024702293210624,40.2790719085204,17.301409,Intentional
User_100,2025-06-15 01:15:22,0.37,0.584,Driving,Koila,Reckless_Driving,6way,0.0,60,119,-81,17.0,1.0,0.0047708690299108,40.320526020237395,21.791988999227065,Intentional
User_67,2025-06-15 02:31:17,0.529,0.5416,Walking,Ligeris,Speeding,5way,5.0,60,5G,-104,67.0,-9.0,0.0047478218202578,40.30700621193919,22.532416,Intentional
User_56,2025-06-15 03:13:19,0.374,0.3427,Running,Ligeris,Driving_Under_Influence,5way,3.0,40,4G,-113,16.0,-1.0,0.0070296542950428,40.30670789795386,21.806904533618777,Intentional
User_62,2025-06-15 03:31:58,0.366,0.4392,Walking,Ligeris,Reckless_Driving,6way,0.0,30,WiFi,-89,99.0,8.0,0.044,40.3061770517434,21.791256784153244,Intentional
User_08,2025-06-15 05:42:54,0.347,0.6898,Running,Koila,Driving_Under_Influence,5way,1.0,60,5G,-104,39.0,-14.0,0.0019197353129751,37.393025,21.789803242214585,Intentional
User_05,2025-06-15 05:51:43,0.743,0.6267,Running,Koila,Reckless_Driving,5way,2.0,30,WiFi,-103,77.0,-5.0,0.0063436097525579,40.32202585248034,21.791047443493632,Intentional
User_87,2025-06-15 09:56:08,0.709,0.7112,Running,Koila,Speeding,6way,1.0,50,5G,-76,-144.0,10.0,0.005653142335994,40.321366801752674,21.78926001355938,Intentional
User_99,2025-06-15 11:16:13,0.465,0.5414,Running,Center,Reckless_Driving,2way,1.0,40,WiFi,-84,26.0,-19.0,0.007370803093578,40.30611333637349,21.807621488108268,Intentional
User_28,2025-06-15 12:18:23,0.348,0.6403,Driving,Zep,Driving_Under_Influence,6way,1.0,50,5G,-88,100.0,-4.0,0.008809967393192,40.279167738714285,18.79151,Intentional
User_77,2025-06-15 12:53:59,0.428,0.3475,Swimming,Zep,Speeding,2way,0.0,60,3G,-103,29.0,3.0,0.0052897628689455,40.279703213007565,21.753039541078017,Intentional
User_75,2025-06-15 13:40:44,0.409,0.5041,Running,Spinari,Reckless_Driving,2way,0.0,70,112,-100,24.0,7.0,0.00347861984543,40.32193232228355,21.790617740455986,Intentional
User_44,2025-06-15 17:48:23,0.332,0.4146,Swimming,Koila,Reckless_Driving,1way,0.0,60,4G,-84,44.0,4.0,0.0031601207086622,42.81128,21.79263929192254,Intentional
User_07,2025-06-15 22:13:04,0.625,0.4124,Flying,Zep,Speeding,2way,1.0,90,WiFi,-57,29.0,2.0,0.0027732268342013,40.27909694289535,21.75289539686276,Intentional
User_21,2025-06-16 00:39:33,0.303,0.3452,Flying,Zep,Speeding,2way,0.0,60,5G,-76,68.0,4.0,0.0056325305267836,40.27954350428149,23.799454,Intentional
User_03,2025-06-16 00:44:33,0.568,0.3614,Driving,Center,Speeding,2way,1.0,70,3G,-103,41.0,14.0,0.044,40.27953265552273,21.75376637845462,Intentional
User_39,2025-06-16 03:30:32,0.598,0.4807,Flying,Zep,Speeding,2way,3.0,50,5G,-103,40.0,21.0,0.0050645783312247,40.27829918234771,21.751804686010843,Intentional
User_32,2025-06-16 04:28:21,0.464,0.352,Running,Zep,Speeding,5way,3.0,20,4G,-109,62.0,-13.0,0.0059074259222766,40.28113780873362,21.75295268239468,Intentional
User_56,2025-06-16 06:42:46,0.374,0.3457,Swimming,Ligeris,Speeding,1way,0.0,10,WiFi,-70,-14.0,4.0,0.0012862717104172,40.304447205533606,21.807141019794116,Intentional
User_49,2025-06-16 07:07:38,0.637,0.6743,Driving,Ligeris,Reckless_Driving,6way,3.0,90,4G,-71,53.0,-13.0,0.0024458990036789,40.30591509745061,21.80763165223325,Intentional
User_57,2025-06-16 11:42:08,0.372,0.4452,Running,Zep,Speeding,5way,1.0,50,4G,-74,9.0,-9.0,0.0078804605381603,40.28122169889952,21.754092028858473,Intentional
User_03,2025-06-16 14:04:23,0.568,0.3624,Driving,Koila,Speeding,5way,0.0,80,4G,-119,37.0,5.0,0.044,40.32199622001493,21.792282866291476,Intentional
User_100,2025-06-16 15:57:09,0.37,0.587,Running,Spinari,Reckless_Driving,2way,1.0,60,117,-74,18.0,0.0,0.0022343232526682,40.30642380096128,21.80729202718289,Intentional
User_12,2025-06-16 16:47:05,0.67,0.6852,Flying,Ligeris,Speeding,2way,1.0,20,WiFi,Satellite,49.0,9.0,0.0075071475501361,40.306283886726106,21.807407076632703,Intentional
User_45,2025-06-16 23:53:23,0.285,0.6063,Running,Center,Speeding,2way,0.0,50,3G,-96,49.0,13.0,0.0083823716348811,40.30550885685926,21.806309541486836,Intentional
User_24,2025-06-17 08:20:47,0.445,0.4166,Swimming,Ligeris,Driving_Under_Influence,1way,1.0,20,WiFi,-55,9.0,3.0,0.0032416072708524,40.305771616977275,21.808578345543328,Intentional
User_95,2025-06-17 09:22:34,0.545,0.6079,Flying,Koila,Reckless_Driving,1way,4.0,10,3G,-107,20.0,18.0,0.007412541022406,40.322226400844166,21.791755592738006,Intentional
User_32,2025-06-17 11:53:10,0.464,0.355,Walking,Ligeris,Driving_Under_Influence,5way,2.0,20,WiFi,Ethernet,5.0,5.0,0.0036795612444092,40.306979515546,21.808300463233003,Intentional
User_90,2025-06-17 13:36:09,0.525,0.3958,Swimming,Zep,Reckless_Driving,1way,0.0,10,109,-97,56.0,7.0,0.0014826079638143,40.27950612338903,21.751019674739563,Intentional
User_66,2025-06-17 16:21:43,0.28,0.5647,Running,Center,Reckless_Driving,2way,0.0,80,3G,-81,-13.0,8.0,0.004001915213437,40.3067845255931,21.805717015825408,Intentional
User_63,2025-06-17 16:25:04,0.543,0.4516,Flying,Koila,Speeding,1way,1.0,40,3G,-96,16.0,-14.0,0.0060700873880882,40.32068421452871,21.79013303066769,Intentional
User_90,2025-06-18 00:16:43,0.525,0.3968,Flying,Zep,Reckless_Driving,4way,1.0,80,4G,-114,10.0,-7.0,0.0068363656667487,40.279062309369266,21.754315233342997,Intentional
User_49,2025-06-18 03:26:51,0.637,0.6783,Running,Center,Speeding,1way,1.0,20,105,-85,8.0,2.0,0.0091192850520923,40.30657372095838,21.807340273766325,Intentional
User_28,2025-06-18 03:52:42,0.348,0.6463,Driving,Koila,Speeding,5way,3.0,40,3G,-71,38.0,15.0,0.0049598048192244,40.32229992427,21.79205454998577,Intentional
User_33,2025-06-18 06:30:26,0.634,0.5502,Running,Ligeris,Driving_Under_Influence,6way,1.0,60,3G,-82,39.0,-4.0,0.0024768131350642,37.382704,21.80767519405205,Intentional
User_91,2025-06-18 07:53:24,0.587,0.6418,Flying,Koila,Reckless_Driving,4way,0.0,20,5G,-112,40.0,16.0,0.025,40.32074561499899,21.79005643019805,Intentional
User_89,2025-06-18 13:04:13,0.336,0.3491,Walking,Koila,Reckless_Driving,6way,1.0,20,4G,-101,-17.0,-9.0,0.0053576240557444,40.320543014603274,21.79179698185588,Intentional
User_75,2025-06-18 15:07:01,0.409,0.5091,Walking,Ligeris,Reckless_Driving,6way,2.0,60,105,-98,20.0,-3.0,0.0090752906485843,40.30522961438682,21.806170920883563,Intentional
User_05,2025-06-18 16:59:20,0.743,0.6337,Swimming,Zep,Driving_Under_Influence,2way,4.0,20,4G,-120,89.0,-10.0,0.0036490906202409,40.27974566930732,21.75272357421732,Intentional
User_71,2025-06-18 22:29:00,0.256,0.3403,Swimming,Ligeris,Driving_Under_Influence,2way,0.0,40,5G,-112,12.0,-4.0,0.034,40.30580076238633,21.807306022515696,Intentional
User_44,2025-06-18 23:45:30,0.332,0.4206,Flying,Zep,Driving_Under_Influence,2way,1.0,50,3G,-91,43.0,-11.0,0.0023505664718166,40.27887509682933,21.753096933664324,Intentional
User_84,2025-06-19 00:43:31,0.527,0.4117,Running,Ligeris,Speeding,5way,5.0,40,4G,-85,49.0,-3.0,0.0012232429989863,40.30642414496912,21.808860812592844,Intentional
User_46,2025-06-19 03:06:40,0.519,0.6796,Running,Spinari,Reckless_Driving,4way,3.0,40,4G,-93,79.0,16.0,0.0029357605290087,40.27936550182189,21.751125618250786,Intentional
User_24,2025-06-19 03:36:33,0.445,0.4206,Driving,Center,Driving_Under_Influence,2way,0.0,30,3G,-70,96.0,-14.0,0.033,40.32205497237046,21.791147226588855,Intentional
User_83,2025-06-19 04:04:56,0.309,0.6985,Swimming,Zep,Speeding,1way,0.0,20,106,-99,46.0,-6.0,0.006664398558541,40.28073248697313,21.752119527529477,Intentional
User_42,2025-06-19 07:08:23,0.738,0.4526,Running,Spinari,Speeding,2way,0.0,20,5G,-113,89.0,-2.0,0.0023288599119871,40.30590298497792,21.80658591020752,Intentional
User_44,2025-06-19 10:17:07,0.332,0.4216,Flying,Zep,Driving_Under_Influence,1way,0.0,60,WiFi,-51,26.0,7.0,0.0056755356515926,40.27913073351923,21.752636874547065,Intentional
User_31,2025-06-19 11:31:58,0.56,0.6924,Driving,Center,Reckless_Driving,2way,4.0,30,108,-88,98.0,-11.0,0.0094453351906173,40.32138045607245,21.790588587258952,Intentional
User_24,2025-06-19 12:01:58,0.445,0.4216,Running,Zep,Driving_Under_Influence,6way,0.0,40,3G,-88,61.0,-13.0,0.0058927699956076,40.27811377759069,21.754267956896697,Intentional
User_40,2025-06-19 16:25:50,0.482,0.7057,Flying,Zep,Reckless_Driving,2way,0.0,40,118,-51,58.0,-1.0,0.0052291700757915,40.2793697761848,21.753437066609948,Intentional
User_49,2025-06-19 16:55:40,0.637,0.6803,Flying,Ligeris,Reckless_Driving,2way,1.0,60,3G,-105,51.0,10.0,0.028,40.30513220612747,21.807687652397416,Intentional
User_82,2025-06-19 18:37:42,0.324,0.5509,Walking,Spinari,Driving_Under_Influence,2way,2.0,40,3G,-110,44.0,2.0,0.0044653953649229,40.28088327476703,19.237864,Intentional
User_38,2025-06-19 21:50:50,0.306,0.6451,Walking,Koila,Reckless_Driving,6way,4.0,30,3G,-117,24.0,9.0,0.001912554963703,40.306230115631266,21.790167419226275,Intentional
User_78,2025-06-19 23:54:31,0.347,0.5786,Driving,Ligeris,Speeding,6way,0.0,60,4G,-106,13.0,19.0,0.0030465786736597,40.30603912140046,21.806460011562052,Intentional
User_10,2025-06-20 00:13:37,0.315,0.6908,Running,Zep,Speeding,5way,3.0,60,119,-87,33.0,-11.0,0.0084063267335059,40.279562495284665,21.752834193232808,Intentional
User_77,2025-06-20 04:03:06,0.428,0.3585,Running,Spinari,Driving_Under_Influence,2way,0.0,40,5G,-73,59.0,8.0,0.0022213895832971,40.32228622405599,21.79296821864311,Intentional
User_89,2025-06-20 08:27:59,0.336,0.3541,Walking,Zep,Driving_Under_Influence,5way,0.0,70,5G,-101,9.0,-6.0,0.049,40.279526705408,21.75349365461854,Intentional
User_65,2025-06-20 13:41:22,0.448,0.4161,Running,Koila,Reckless_Driving,6way,0.0,40,WiFi,-71,-139.0,2.0,0.0042312886069216,40.320425953285095,21.791631489369404,Intentional
User_01,2025-06-20 22:00:07,0.619,0.6138,Driving,Koila,Reckless_Driving,5way,2.0,40,WiFi,-76,71.0,20.0,0.0069023158083851,40.32188858748291,21.789512374792963,Intentional
User_83,2025-06-20 23:17:10,0.309,0.6995,Flying,Koila,Speeding,2way,3.0,10,3G,-100,95.0,11.0,0.005083086560821,37.1959,21.790528008310517,Intentional
User_70,2025-06-21 02:37:27,0.601,0.4369,Driving,Spinari,Speeding,4way,1.0,10,WiFi,-53,17.0,6.0,0.0052637424008175,40.320345558607535,21.791289340803655,Intentional
User_60,2025-06-21 09:00:39,0.353,0.7078,Running,Spinari,Driving_Under_Influence,4way,0.0,70,5G,-97,7.0,16.0,0.0089510948678785,40.30660602764418,21.807096173710185,Intentional
User_97,2025-06-21 12:22:34,0.337,0.6233,Flying,Koila,Reckless_Driving,4way,2.0,30,WiFi,-74,18.0,-14.0,0.005653142335994,40.3234295967474,21.792052764896052,Intentional
User_11,2025-06-21 13:10:50,0.602,0.659,Flying,Ligeris,Speeding,2way,0.0,60,4G,-79,49.0,9.0,0.0085626580611855,40.30681468090829,21.809202983492064,Intentional
User_71,2025-06-21 14:57:14,0.256,0.3463,Walking,Koila,Speeding,6way,0.0,30,108,-119,11.0,0.0,0.0080569539889433,40.32112620964435,21.791256784153244,Intentional
User_10,2025-06-21 17:34:55,0.315,0.6938,Running,Zep,Speeding,6way,0.0,60,4G,-92,70.0,7.0,0.0080313799240769,40.27834139428482,21.75164659749322,Intentional
User_22,2025-06-22 00:44:51,0.413,0.3909,Running,Spinari,Speeding,1way,3.0,10,107,-116,92.0,1.0,0.0027889071592142,40.32119904057765,21.792290881286796,Intentional
User_70,2025-06-22 04:55:40,0.601,0.4389,Walking,Ligeris,Driving_Under_Influence,6way,0.0,20,3G,-97,3.0,17.0,0.0065824934731304,40.306062036844,21.8067741356606,Intentional
User_49,2025-06-22 06:13:05,0.637,0.6853,Walking,Spinari,Driving_Under_Influence,2way,1.0,30,3G,-118,30.0,25.0,0.0094193901380793,40.30596053419345,21.8073722627768,Intentional
User_47,2025-06-22 06:23:37,0.585,0.4522,Walking,Koila,Driving_Under_Influence,6way,0.0,80,WiFi,-51,34.0,-10.0,0.0093023623623519,40.32279677468995,21.793156680516347,Intentional
User_89,2025-06-22 14:01:50,0.336,0.3571,Walking,Center,Driving_Under_Influence,2way,2.0,100,WiFi,-56,86.0,-1.0,0.0041295031853877,40.28042624661765,21.755077788022305,Intentional
User_25,2025-06-22 16:12:57,0.408,0.4818,Flying,Koila,Reckless_Driving,4way,0.0,70,WiFi,-54,53.0,9.0,0.0060410449504424,40.320891456513394,22.401687,Intentional
User_27,2025-06-23 00:30:05,0.535,0.5981,Flying,Zep,Speeding,1way,0.0,20,WiFi,-58,96.0,2.0,0.0086453214229096,40.28008976220864,21.752378324153295,Intentional
User_21,2025-06-23 10:06:18,0.303,0.3592,Swimming,Ligeris,Speeding,2way,1.0,60,WiFi,-56,27.0,-14.0,0.0059551951628593,40.30625106437057,21.807856898103,Intentional
User_24,2025-06-23 13:50:03,0.445,0.4296,Driving,Ligeris,Reckless_Driving,5way,1.0,80,3G,-73,68.0,13.0,0.0064821478785107,40.30513647879594,21.808287321529612,Intentional
User_05,2025-06-23 14:50:25,0.743,0.5641,Flying,Zep,Speeding,2way,0.0,10,5G,Satellite,65.0,-4.0,0.006934979790039,40.27947674672719,21.75150949285871,Intentional
User_64,2025-06-23 20:43:09,0.511,0.6988,Walking,Ligeris,Reckless_Driving,6way,0.0,50,3G,-76,54.0,9.0,0.0031614679473355,40.30646129155203,17.228636,Intentional
User_99,2025-06-23 20:56:42,0.465,0.5641,Running,Center,Speeding,1way,1.0,20,WiFi,-60,61.0,-7.0,0.0013443343341778,40.32186510854807,21.79253801514396,Intentional
User_28,2025-06-23 20:57:13,0.348,0.6573,Walking,Spinari,Reckless_Driving,2way,0.0,20,WiFi,-70,25.0,12.0,0.0042612097087253,40.32287771721378,21.791256784153244,Intentional
User_89,2025-06-24 00:45:30,0.336,0.3611,Driving,Spinari,Driving_Under_Influence,2way,2.0,20,112,-79,59.0,11.0,0.0072456988370279,40.32136195919573,21.79242063165104,Intentional
User_84,2025-06-24 01:10:24,0.527,0.4217,Swimming,Koila,Speeding,1way,4.0,30,5G,-97,14.0,-7.0,0.0055781931764413,40.323010537572415,21.789743869650017,Intentional
User_84,2025-06-24 06:23:51,0.527,0.4227,Walking,Spinari,Speeding,2way,1.0,80,4G,-101,58.0,15.0,0.0036593316120341,40.30708344216711,21.807219254393168,Intentional
User_13,2025-06-24 07:14:01,0.75,0.5934,Running,Center,Driving_Under_Influence,4way,2.0,80,5G,-95,93.0,-4.0,0.0070476624553145,40.2804249952342,21.752484083261773,Intentional
User_17,2025-06-24 08:17:01,0.631,0.4888,Flying,Ligeris,Driving_Under_Influence,4way,1.0,70,4G,-82,-147.0,4.0,0.0035325314712475,40.30610355080464,21.806473506769088,Intentional
User_69,2025-06-24 17:45:57,0.34,0.7081,Flying,Zep,Speeding,4way,1.0,80,4G,-73,95.0,-6.0,0.0061167624907069,40.279661612754914,21.753150576162714,Intentional
User_41,2025-06-24 23:51:41,0.628,0.5111,Driving,Center,Reckless_Driving,2way,2.0,80,4G,-76,10.0,2.0,0.0093950866903664,37.638244,21.80701747612376,Intentional
User_89,2025-06-25 05:19:20,0.336,0.3631,Running,Spinari,Speeding,1way,1.0,80,WiFi,-89,90.0,9.0,0.0061969997907975,40.2781629927261,21.791256784153244,Intentional
User_54,2025-06-25 06:00:40,0.327,0.6249,Driving,Spinari,Driving_Under_Influence,2way,0.0,20,WiFi,-88,0.0,22.0,0.0025583702826305,40.32184965521789,21.790430434468608,Intentional
User_88,2025-06-25 08:28:01,0.471,0.4767,Running,Spinari,Driving_Under_Influence,2way,1.0,20,WiFi,-67,-139.0,-2.0,0.0026692572330466,40.30635284943408,21.791256784153244,Intentional
User_97,2025-06-25 11:28:41,0.337,0.6303,Walking,Spinari,Driving_Under_Influence,4way,0.0,10,WiFi,-63,39.0,-1.0,0.0030990842908396,40.27944677862812,21.753047792763564,Intentional
User_86,2025-06-25 11:39:07,0.46,0.3521,Driving,Koila,Speeding,5way,0.0,40,5G,-89,72.0,-16.0,0.026,40.32115830598445,21.78974437127697,Intentional
User_65,2025-06-25 11:53:18,0.448,0.4271,Walking,Koila,Speeding,6way,1.0,40,5G,-81,44.0,-4.0,0.0092002279921387,40.322432880185346,21.79204972184016,Intentional
User_70,2025-06-25 16:35:56,0.601,0.4459,Swimming,Ligeris,Reckless_Driving,2way,0.0,30,4G,-71,56.0,8.0,0.0066383134980858,40.306759269092176,21.805987452021885,Intentional
User_41,2025-06-25 20:09:50,0.46,0.5131,Walking,Ligeris,Driving_Under_Influence,5way,0.0,30,3G,-76,49.0,6.0,0.033,40.30654756616523,21.80621537153893,Intentional
User_68,2025-06-25 21:59:37,0.472,0.3839,Running,Center,Reckless_Driving,2way,1.0,10,101,-88,92.0,8.0,0.0090921041806083,40.27964818738578,21.75259965683438,Intentional
User_76,2025-06-26 02:35:31,0.355,0.5641,Running,Center,Speeding,2way,4.0,40,112,-96,33.0,0.0,0.0075719131090588,40.30624026060979,21.80833542519483,Intentional
User_47,2025-06-26 04:14:50,0.585,0.4602,Driving,Spinari,Speeding,1way,0.0,70,4G,-100,35.0,2.0,0.0043457249837334,40.32218400960557,21.789652087408644,Intentional
User_84,2025-06-26 11:34:04,0.527,0.4267,Walking,Spinari,Driving_Under_Influence,4way,0.0,70,108,-98,19.0,-3.0,0.0047181152659264,40.32249896180413,21.791256784153244,Intentional
User_70,2025-06-26 15:49:44,0.601,0.4479,Walking,Koila,Driving_Under_Influence,6way,0.0,30,WiFi,-73,88.0,-3.0,0.031,40.32236588329544,21.790297806285817,Intentional
User_21,2025-06-26 17:55:44,0.303,0.3662,Walking,Center,Driving_Under_Influence,2way,1.0,20,3G,Ethernet,30.0,3.0,0.0083886032192575,40.30465047223671,21.8072920340903,Intentional
User_59,2025-06-26 18:06:46,0.265,0.5302,Flying,Ligeris,Driving_Under_Influence,1way,0.0,70,WiFi,-76,97.0,-3.0,0.024,40.306562151124,21.806809542634586,Intentional
User_82,2025-06-26 19:43:18,0.324,0.5659,Flying,Koila,Reckless_Driving,1way,2.0,30,WiFi,-90,24.0,0.0,0.0062542681203235,40.32207441637524,21.789813674361227,Intentional
User_29,2025-06-26 20:02:18,0.415,0.5174,Driving,Ligeris,Driving_Under_Influence,5way,2.0,30,5G,-83,73.0,-6.0,0.0044451657422239,40.306338839881995,23.03783,Intentional
User_40,2025-06-26 20:08:09,0.482,0.7207,Walking,Center,Driving_Under_Influence,1way,0.0,80,116,-78,89.0,0.0,0.0037699282071182,40.32198549467468,21.78917794423459,Intentional
User_56,2025-06-26 20:14:23,0.374,0.3657,Swimming,Zep,Driving_Under_Influence,2way,1.0,30,4G,-110,87.0,22.0,0.0096096085795233,40.28006437512375,21.753062174617032,Intentional
User_72,2025-06-26 20:31:43,0.567,0.3945,Driving,Koila,Speeding,5way,0.0,60,3G,Ethernet,90.0,0.0,0.0063313261794854,40.32180339993731,21.7914603224532,Intentional
User_06,2025-06-26 20:48:18,0.46,0.7215,Walking,Zep,Driving_Under_Influence,6way,1.0,40,5G,-98,34.0,-13.0,0.009750927739617,37.894948,21.7539408766928,Intentional
User_10,2025-06-26 23:46:13,0.315,0.7038,Swimming,Koila,Reckless_Driving,2way,2.0,50,3G,-101,97.0,4.0,0.0051635222814607,40.32213951802312,21.791777781089536,Intentional
User_23,2025-06-27 00:30:09,0.458,0.5641,Swimming,Koila,Driving_Under_Influence,4way,1.0,40,5G,-118,100.0,16.0,0.0022383505761261,40.323778531216234,21.791788903302695,Intentional
User_32,2025-06-27 02:17:35,0.464,0.374,Running,Spinari,Driving_Under_Influence,1way,0.0,120,3G,-87,35.0,-7.0,0.0066171780514757,40.30496950276123,21.805890713014,Intentional
User_05,2025-06-27 04:37:46,0.743,0.5641,Swimming,Zep,Driving_Under_Influence,2way,0.0,50,5G,-90,25.0,-14.0,0.048,40.27962714946612,21.75325047623867,Intentional
User_64,2025-06-27 05:32:46,0.511,0.7068,Walking,Spinari,Speeding,2way,1.0,10,4G,-81,100.0,-7.0,0.0061264466352683,41.153885,21.751130152826885,Intentional
User_59,2025-06-27 11:11:00,0.265,0.5322,Swimming,Ligeris,Reckless_Driving,1way,0.0,80,4G,-80,18.0,3.0,0.0022109401992325,40.30568172925124,23.876326,Intentional
User_100,2025-06-27 18:53:19,0.37,0.608,Walking,Center,Reckless_Driving,1way,0.0,20,WiFi,-51,73.0,2.0,0.0042257241936886,40.32239369977152,17.798204,Intentional
User_27,2025-06-27 20:11:09,0.535,0.6071,Walking,Zep,Speeding,5way,0.0,70,5G,-95,70.0,-3.0,0.0052559144097634,40.28036616706101,21.753470114111156,Intentional
User_48,2025-06-27 21:42:32,0.599,0.6234,Driving,Koila,Speeding,6way,3.0,30,WiFi,-50,99.0,-8.0,0.0016766866633427,40.30717335979557,18.237153,Intentional
User_90,2025-06-27 22:50:34,0.525,0.4158,Walking,Spinari,Driving_Under_Influence,2way,1.0,50,4G,-82,-26.0,-1.0,0.0093588127970052,40.279593897816184,21.754301199746344,Intentional
User_19,2025-06-28 03:02:16,0.745,0.7375,Running,Spinari,Driving_Under_Influence,1way,0.0,80,3G,-93,51.0,10.0,0.002339811803515,40.279583099032415,21.751930183585028,Intentional
User_16,2025-06-28 03:50:00,0.513,0.5627,Running,Zep,Reckless_Driving,6way,0.0,40,5G,-73,73.0,10.0,0.0096553959481952,40.27954533422528,21.75324511068154,Intentional
User_21,2025-06-28 03:51:53,0.303,0.3692,Driving,Spinari,Speeding,4way,0.0,30,4G,-78,37.0,-3.0,0.0058114262251164,40.280244826228675,21.753386472958713,Intentional
User_14,2025-06-28 05:47:15,0.393,0.5634,Running,Zep,Driving_Under_Influence,5way,5.0,20,5G,-98,87.0,-7.0,0.005653142335994,40.279497829592096,22.927689,Intentional
User_51,2025-06-28 11:50:31,0.613,0.738,Swimming,Ligeris,Speeding,1way,3.0,60,WiFi,-115,59.0,-13.0,0.0087867448445251,40.306836652486915,21.808158927946774,Intentional
User_44,2025-06-28 12:56:35,0.332,0.4396,Swimming,Ligeris,Driving_Under_Influence,1way,0.0,40,5G,-82,0.0,-8.0,0.0015264548350825,40.30629307944392,21.80713992568305,Intentional
User_25,2025-06-28 14:18:06,0.408,0.4938,Driving,Koila,Reckless_Driving,5way,2.0,20,3G,-73,18.0,4.0,0.027,40.32342111111649,21.79233672897128,Intentional
User_60,2025-06-28 17:33:20,0.353,0.7228,Flying,Koila,Reckless_Driving,2way,1.0,30,4G,-96,14.0,5.0,0.0043543844061757,40.32158140199209,21.790651222781605,Intentional
User_82,2025-06-28 18:19:31,0.324,0.5689,Running,Ligeris,Reckless_Driving,5way,0.0,50,WiFi,-88,44.0,0.0,0.023,40.30560238694911,21.80611547923329,Intentional
User_28,2025-06-28 19:10:35,0.348,0.6673,Running,Spinari,Reckless_Driving,4way,1.0,20,3G,-76,3.0,12.0,0.0082172665768568,40.32113668031187,21.790950432571147,Intentional
User_19,2025-06-28 19:26:07,0.745,0.7385,Walking,Zep,Speeding,5way,1.0,50,3G,-79,35.0,18.0,0.0055685667231913,40.278359443532715,21.75214026040257,Intentional
User_74,2025-06-28 20:37:45,0.497,0.7144,Flying,Koila,Speeding,4way,0.0,10,WiFi,-53,57.0,0.0,0.0091792814651491,40.322388021665226,21.79091578426845,Intentional
User_86,2025-06-28 21:15:59,0.469,0.3591,Running,Ligeris,Speeding,5way,0.0,30,101,-89,69.0,9.0,0.0085087776170903,40.30627821332631,21.807719535480647,Intentional
User_43,2025-06-28 22:15:44,0.416,0.5167,Swimming,Zep,Speeding,2way,0.0,10,5G,-109,71.0,14.0,0.0087962921713847,40.27970577228858,21.75295928889405,Intentional
User_100,2025-06-28 22:17:13,0.37,0.611,Running,Zep,Reckless_Driving,6way,0.0,10,5G,-99,69.0,7.0,0.0039148675163449,40.27976014833611,21.753718479224265,Intentional
User_43,2025-06-29 04:35:12,0.416,0.5177,Running,Ligeris,Reckless_Driving,6way,0.0,60,106,-92,26.0,-13.0,0.0015840663901032,40.304926947095794,21.806722929366277,Intentional
User_48,2025-06-29 06:08:48,0.599,0.6264,Running,Spinari,Driving_Under_Influence,1way,0.0,30,4G,Satellite,57.0,12.0,0.0030624982015426,40.30584878019031,21.8073429612828,Intentional
User_30,2025-06-29 09:34:16,0.413,0.4494,Flying,Zep,Reckless_Driving,4way,1.0,20,4G,-71,97.0,2.0,0.0083313859606563,40.27928407577251,21.751132106190877,Intentional
User_14,2025-06-29 10:35:00,0.393,0.5654,Flying,Ligeris,Driving_Under_Influence,1way,1.0,30,4G,-81,78.0,-8.0,0.0091130673584502,40.3060738935416,19.340055,Intentional
User_27,2025-06-29 14:49:18,0.535,0.6101,Walking,Ligeris,Driving_Under_Influence,6way,0.0,10,5G,-77,12.0,7.0,0.005422852486088,40.306504050384554,21.80731263065097,Intentional
User_88,2025-06-29 15:13:45,0.471,0.4847,Driving,Ligeris,Driving_Under_Influence,5way,1.0,50,103,-115,54.0,15.0,0.0093287155646725,40.305781266928115,21.80898563689656,Intentional
User_50,2025-06-29 17:29:25,0.398,0.5641,Driving,Koila,Driving_Under_Influence,5way,0.0,20,5G,-98,81.0,14.0,0.0086216122834598,40.32287306840465,21.791241050956096,Intentional
User_85,2025-06-29 19:14:32,0.46,0.4843,Running,Ligeris,Reckless_Driving,5way,1.0,40,5G,-98,4.0,3.0,0.0028118007719329,42.391752,21.80694878937041,Intentional
User_68,2025-06-29 23:50:16,0.472,0.3919,Walking,Ligeris,Reckless_Driving,6way,0.0,90,WiFi,-60,67.0,-12.0,0.04,40.30661592443918,21.8063606117701,Intentional
User_36,2025-06-30 01:49:53,0.563,0.7489,Walking,Spinari,Driving_Under_Influence,2way,0.0,20,3G,-108,97.0,-3.0,0.0021236678404469,40.305990260667976,21.80737793864826,Intentional
User_32,2025-06-30 02:01:18,0.464,0.5641,Walking,Zep,Driving_Under_Influence,5way,1.0,80,5G,-108,77.0,-2.0,0.0022519891865777,40.279642907221195,21.75499751870585,Intentional
User_25,2025-06-30 03:50:19,0.408,0.4968,Walking,Koila,Driving_Under_Influence,5way,0.0,50,5G,-116,62.0,15.0,0.0022846905447453,40.321051452483395,21.79130378207269,Intentional
User_08,2025-06-30 05:11:36,0.347,0.7188,Driving,Koila,Reckless_Driving,5way,0.0,90,3G,-114,71.0,-14.0,0.0091326605466554,40.321586079886735,21.79075520923851,Intentional
User_39,2025-06-30 06:20:33,0.598,0.5087,Swimming,Ligeris,Reckless_Driving,2way,1.0,90,4G,-88,72.0,-12.0,0.0013242607299278,40.306230115631266,21.80852435161411,Intentional
User_69,2025-06-30 07:07:24,0.34,0.7201,Swimming,Koila,Reckless_Driving,2way,0.0,70,5G,-83,12.0,-8.0,0.0029856536761486,40.322236034793704,21.790785021558136,Intentional
User_13,2025-06-30 08:33:23,0.75,0.6054,Running,Center,Driving_Under_Influence,2way,0.0,10,105,-108,56.0,8.0,0.0057885365847489,40.32187230938296,21.79239856448576,Intentional
User_52,2025-06-30 08:34:39,0.544,0.4382,Walking,Koila,Reckless_Driving,6way,0.0,60,105,-120,31.0,0.0,0.0053704512116574,40.3220592067816,21.790454432065225,Intentional
User_59,2025-06-30 10:48:55,0.265,0.5382,Walking,Zep,Reckless_Driving,5way,0.0,60,3G,-92,16.0,1.0,0.024,40.278793229211736,21.751446691545787,Intentional
User_87,2025-06-30 12:44:38,0.709,0.7412,Swimming,Koila,Driving_Under_Influence,4way,0.0,80,4G,-75,56.0,-4.0,0.005653142335994,40.32234163342864,21.79227150018363,Intentional
User_50,2025-06-30 13:44:28,0.398,0.5926,Running,Spinari,Reckless_Driving,4way,1.0,90,5G,-100,54.0,0.0,0.0088572206400521,37.371314,21.75450522141611,Intentional
User_72,2025-06-30 14:19:43,0.567,0.4025,Swimming,Zep,Speeding,2way,1.0,80,5G,-97,33.0,12.0,0.0074157647697938,40.27934964431006,21.75454536102156,Intentional
User_78,2025-06-30 18:28:04,0.347,0.5996,Swimming,Koila,Speeding,2way,2.0,80,3G,-100,12.0,1.0,0.0094973718681688,40.32156297487868,21.792862847121903,Intentional
User_70,2025-06-30 22:28:46,0.601,0.4559,Walking,Center,Reckless_Driving,1way,0.0,50,4G,-96,82.0,-14.0,0.005071140781596,40.27951931003278,21.751427738660492,Intentional
User_90,2025-07-01 03:49:27,0.525,0.4228,Walking,Koila,Reckless_Driving,6way,0.0,80,WiFi,-80,23.0,-2.0,0.005653142335994,40.32127273011874,21.792023487775115,Intentional
User_30,2025-07-01 05:41:55,0.413,0.4534,Swimming,Ligeris,Speeding,1way,0.0,40,5G,-71,11.0,-5.0,0.031,40.30776527784464,21.806611581589245,Intentional
User_47,2025-07-01 06:20:14,0.585,0.4712,Flying,Koila,Reckless_Driving,1way,2.0,20,WiFi,-81,86.0,-6.0,0.0039485217005394,40.32215352846944,21.791328328144772,Intentional
User_22,2025-07-01 11:16:45,0.413,0.4089,Walking,Ligeris,Driving_Under_Influence,5way,0.0,10,WiFi,Ethernet,2.0,-15.0,0.0053736282893383,40.30668032999171,21.807277447290662,Intentional
User_36,2025-07-01 11:41:34,0.563,0.7509,Flying,Ligeris,Driving_Under_Influence,4way,3.0,80,4G,Ethernet,89.0,-2.0,0.005637148855038,40.3063494040722,21.807915295842925,Intentional
User_76,2025-07-01 14:53:24,0.355,0.5611,Walking,Spinari,Reckless_Driving,1way,1.0,40,WiFi,Ethernet,42.0,-13.0,0.0098803597430746,40.32199325588745,21.79152335592036,Intentional
User_70,2025-07-01 14:55:47,0.601,0.4569,Running,Zep,Speeding,6way,0.0,40,WiFi,-98,88.0,-16.0,0.0026835574363152,40.279290372845544,21.75538700188372,Intentional
User_40,2025-07-01 15:01:51,0.482,0.7307,Running,Spinari,Driving_Under_Influence,2way,0.0,40,WiFi,-110,58.0,3.0,0.0090892349074426,40.30680755158609,21.807820414436705,Intentional
User_12,2025-07-01 17:10:03,0.67,0.7152,Walking,Center,Speeding,4way,4.0,20,3G,-82,90.0,-3.0,0.005653142335994,40.28051199725914,21.754389851175432,Intentional
User_79,2025-07-01 17:43:32,0.389,0.48,Running,Spinari,Reckless_Driving,2way,2.0,30,4G,Satellite,50.0,9.0,0.0078817371395092,40.30472614809888,21.808790633320054,Intentional
User_22,2025-07-01 21:12:06,0.413,0.4099,Flying,Ligeris,Speeding,4way,0.0,60,5G,-80,81.0,-2.0,0.0039963461624575,40.30665750614343,21.808695951807593,Intentional
User_51,2025-07-01 21:35:47,0.613,0.744,Driving,Ligeris,Driving_Under_Influence,5way,0.0,30,3G,Ethernet,83.0,3.0,0.0023399915928005,40.30520150931737,21.80863157569787,Intentional
User_38,2025-07-01 23:38:48,0.306,0.6691,Walking,Spinari,Driving_Under_Influence,4way,3.0,50,4G,-75,-154.0,-12.0,0.0072285468238652,40.278959242840735,21.753524147381132,Intentional
User_76,2025-07-01 23:51:13,0.355,0.5621,Driving,Spinari,Reckless_Driving,2way,1.0,80,117,-109,36.0,-8.0,0.0016681764546597,40.27825488124904,21.754367857667447,Intentional
User_81,2025-07-02 00:17:20,0.376,0.6475,Flying,Zep,Driving_Under_Influence,2way,0.0,10,3G,Satellite,38.0,-6.0,0.0049153773101769,40.278884230630744,21.75216649764422,Intentional
User_01,2025-07-02 02:15:55,0.619,0.6368,Walking,Koila,Reckless_Driving,5way,0.0,60,WiFi,-84,-149.0,11.0,0.0073905073558641,40.32079278075516,21.79245683637439,Intentional
User_46,2025-07-02 06:19:35,0.519,0.7056,Flying,Zep,Driving_Under_Influence,2way,0.0,80,WiFi,-63,100.0,14.0,0.0050907567889386,40.27899343383483,21.751691892119982,Intentional
User_07,2025-07-02 09:24:58,0.625,0.4464,Driving,Ligeris,Driving_Under_Influence,5way,5.0,40,4G,-112,49.0,-4.0,0.044,40.305830725411234,21.805914545319823,Intentional
User_42,2025-07-02 09:42:10,0.738,0.4786,Driving,Spinari,Driving_Under_Influence,2way,0.0,70,5G,-108,-42.0,-9.0,0.0075884878883039,40.32253016743041,21.78908540863308,Intentional
User_03,2025-07-02 09:49:41,0.568,0.3934,Swimming,Koila,Reckless_Driving,4way,0.0,70,101,-106,82.0,-16.0,0.005653142335994,40.32124314629882,21.791570666867795,Intentional
User_84,2025-07-02 12:18:26,0.527,0.4377,Walking,Koila,Reckless_Driving,5way,0.0,30,3G,-102,5.0,6.0,0.0045909190056525,40.3227606428656,21.79164931411436,Intentional
User_17,2025-07-02 17:51:39,0.631,0.5058,Walking,Spinari,Reckless_Driving,1way,1.0,80,WiFi,-86,28.0,-10.0,0.0094734583359927,40.305759666991904,21.807870984485938,Intentional
User_99,2025-07-02 20:03:00,0.465,0.5754,Flying,Koila,Driving_Under_Influence,2way,1.0,60,3G,-107,36.0,10.0,0.041,40.322059205016515,21.79127712968864,Intentional
User_60,2025-07-02 20:37:27,0.353,0.7308,Running,Spinari,Speeding,2way,1.0,50,103,-54,57.0,-6.0,0.0031923098670302,40.306230115631266,21.809381393650177,Intentional
User_09,2025-07-02 22:57:17,0.307,0.7508,Swimming,Koila,Driving_Under_Influence,2way,2.0,20,4G,-92,-155.0,12.0,0.0019852804153984,40.32120364735242,21.793247208530833,Intentional
User_54,2025-07-03 02:51:35,0.327,0.6409,Swimming,Ligeris,Driving_Under_Influence,2way,0.0,40,4G,-78,87.0,14.0,0.0057449242029338,40.30741866844155,21.807884604890223,Intentional
User_22,2025-07-03 06:45:43,0.413,0.4129,Walking,Zep,Driving_Under_Influence,6way,3.0,60,3G,-87,85.0,-14.0,0.0088892145511216,40.27889758634677,21.75164808006638,Intentional
User_20,2025-07-03 06:52:46,0.334,0.6881,Swimming,Ligeris,Speeding,1way,0.0,10,5G,-98,87.0,3.0,0.004790972678159,40.30650619933681,21.80825912324084,Intentional
User_22,2025-07-03 08:10:13,0.413,0.4139,Walking,Zep,Speeding,5way,1.0,70,107,-90,20.0,-16.0,0.0041273843348252,40.279177866701104,21.791256784153244,Intentional
User_77,2025-07-03 11:00:14,0.428,0.3845,Flying,Zep,Reckless_Driving,4way,3.0,60,WiFi,Ethernet,61.0,10.0,0.005484673983377,40.27991581437495,21.75432246923056,Intentional
User_33,2025-07-03 12:20:47,0.634,0.5802,Driving,Center,Speeding,2way,1.0,90,3G,Ethernet,72.0,10.0,0.0017602043705514,40.279661860582934,21.75348439715527,Intentional
User_40,2025-07-03 12:48:39,0.482,0.7337,Swimming,Koila,Speeding,1way,0.0,80,WiFi,-81,80.0,7.0,0.0082149984533194,40.32225586074376,21.790667022493615,Intentional
User_59,2025-07-03 13:06:02,0.265,0.5452,Running,Spinari,Driving_Under_Influence,2way,1.0,10,4G,-90,39.0,2.0,0.007945819209444,40.28020421192508,21.75485967814783,Intentional
User_41,2025-07-03 23:28:02,0.628,0.5291,Flying,Zep,Reckless_Driving,2way,0.0,30,3G,-112,40.0,-15.0,0.046,40.279780239577704,21.752462145897113,Intentional
User_75,2025-07-03 23:54:36,0.409,0.5401,Driving,Ligeris,Reckless_Driving,5way,0.0,50,4G,-96,-156.0,13.0,0.0034830798925439,40.30617658960401,21.807569735494308,Intentional
User_03,2025-07-04 00:48:37,0.568,0.3974,Swimming,Koila,Speeding,2way,0.0,60,3G,-103,29.0,16.0,0.0099640171567847,40.32266144172771,21.78967196798727,Intentional
User_41,2025-07-04 01:19:30,0.628,0.5301,Swimming,Zep,Reckless_Driving,4way,0.0,70,5G,-90,54.0,2.0,0.0052697506356954,40.27887827082764,21.752286195923652,Intentional
User_14,2025-07-04 09:29:58,0.393,0.5754,Walking,Zep,Reckless_Driving,6way,1.0,10,3G,-112,26.0,-14.0,0.0096388883144177,40.27913916817384,21.75286757672396,Intentional
User_44,2025-07-04 14:16:32,0.332,0.4526,Running,Spinari,Speeding,2way,1.0,70,5G,Ethernet,23.0,-12.0,0.0034130895393664,40.28016403869925,21.751095250877924,Intentional
User_25,2025-07-04 15:07:04,0.408,0.5048,Driving,Koila,Speeding,5way,0.0,20,109,-58,99.0,-15.0,0.0030418995028375,40.322042338669334,21.79102519818637,Intentional
User_58,2025-07-04 16:43:26,0.465,0.403,Flying,Zep,Driving_Under_Influence,1way,1.0,50,WiFi,-70,57.0,-20.0,0.0086786108247064,40.28018889682741,21.75289005472198,Intentional
User_89,2025-07-04 21:34:38,0.336,0.3821,Flying,Koila,Driving_Under_Influence,4way,0.0,30,3G,-81,62.0,6.0,0.0014481925845604,40.306230115631266,21.789535593956185,Intentional
User_64,2025-07-04 23:28:05,0.511,0.7208,Driving,Spinari,Driving_Under_Influence,2way,0.0,60,WiFi,-65,39.0,1.0,0.0098599882395765,40.279264230383525,21.754097185661617,Intentional
User_66,2025-07-05 01:42:26,0.28,0.5997,Swimming,Zep,Speeding,4way,0.0,80,3G,-90,32.0,5.0,0.0076243984765246,40.280312912143025,19.490719,Intentional
User_65,2025-07-05 03:41:08,0.448,0.4461,Walking,Zep,Reckless_Driving,6way,0.0,30,5G,Satellite,40.0,12.0,0.0031620346019895,40.280067180482654,21.752659170229645,Intentional
User_43,2025-07-05 10:49:08,0.416,0.5297,Walking,Zep,Reckless_Driving,5way,2.0,70,4G,-102,14.0,0.0,0.0066172952285933,40.2808478906048,21.75409040270093,Intentional
User_77,2025-07-05 18:12:36,0.428,0.3885,Driving,Center,Speeding,1way,0.0,30,3G,-105,32.0,4.0,0.0044662790719201,40.32148079777859,21.790907478786433,Intentional
User_64,2025-07-05 18:39:22,0.511,0.7228,Driving,Koila,Driving_Under_Influence,5way,0.0,80,5G,-70,49.0,-11.0,0.0042594906656648,40.32174482115122,21.79235948984971,Intentional
User_22,2025-07-05 19:04:07,0.413,0.4169,Driving,Center,Driving_Under_Influence,2way,0.0,10,5G,-90,10.0,9.0,0.0050255095490792,40.27904596677653,21.75320210551279,Intentional
User_96,2025-07-05 19:08:26,0.261,0.6291,Walking,Koila,Speeding,5way,0.0,70,4G,-120,27.0,-5.0,0.0075777828304552,40.32221976384804,19.53405,Intentional
User_25,2025-07-05 19:41:40,0.408,0.5078,Flying,Koila,Reckless_Driving,2way,2.0,20,4G,-82,72.0,-16.0,0.026,40.322883280589856,21.78997669491779,Intentional
User_84,2025-07-05 19:59:03,0.527,0.4447,Driving,Koila,Driving_Under_Influence,5way,0.0,30,WiFi,-59,37.0,3.0,0.0040104705789631,40.32210320615741,21.79274670269537,Intentional
User_88,2025-07-05 20:11:38,0.471,0.4977,Driving,Spinari,Speeding,2way,1.0,50,3G,-108,100.0,19.0,0.0065845971756506,40.30542884625914,21.806574882665927,Intentional
User_85,2025-07-05 20:40:10,0.254,0.4973,Running,Koila,Speeding,5way,0.0,50,115,-111,74.0,15.0,0.007031140321109,40.32240433307733,21.790594716160975,Intentional
User_55,2025-07-05 21:09:24,0.447,0.7074,Running,Center,Driving_Under_Influence,1way,0.0,10,WiFi,-67,54.0,4.0,0.003506296869999,40.27932592204396,21.75291756377569,Intentional
User_15,2025-07-05 22:11:37,0.627,0.6781,Swimming,Ligeris,Driving_Under_Influence,2way,1.0,70,3G,-88,-135.0,-14.0,0.0090405075956779,40.30639931484911,21.808480748562204,Intentional
User_42,2025-07-05 22:43:24,0.738,0.4846,Walking,Zep,Driving_Under_Influence,6way,1.0,90,4G,-75,9.0,4.0,0.0099970979190582,40.27914695980608,17.085503,Intentional
User_08,2025-07-06 02:55:47,0.347,0.7308,Running,Center,Speeding,2way,0.0,10,3G,Satellite,69.0,14.0,0.0073394326947566,40.32180772501871,21.793502426367652,Intentional
User_100,2025-07-06 03:54:28,0.37,0.626,Walking,Koila,Speeding,5way,1.0,60,5G,-93,81.0,-14.0,0.0053762653980391,40.32142159412788,21.79079316328202,Intentional
User_51,2025-07-06 09:28:36,0.613,0.753,Walking,Center,Reckless_Driving,4way,2.0,20,WiFi,-73,85.0,5.0,0.0055938267937785,40.27976345009243,21.752974459211043,Intentional
User_95,2025-07-06 13:04:17,0.545,0.6469,Running,Koila,Speeding,6way,1.0,20,4G,-110,19.0,15.0,0.0055599261981563,40.32136061332163,21.790646646548424,Intentional
User_50,2025-07-06 14:49:00,0.398,0.6046,Driving,Center,Reckless_Driving,1way,2.0,20,3G,-97,54.0,-17.0,0.0029252339650424,40.30597562268093,21.80754984163859,Intentional
User_79,2025-07-06 18:04:52,0.389,0.491,Flying,Ligeris,Speeding,2way,0.0,30,5G,-101,49.0,-3.0,0.0051462019976827,40.306528869729874,21.80807748567412,Intentional
User_28,2025-07-06 19:04:48,0.348,0.6833,Running,Zep,Driving_Under_Influence,5way,0.0,60,111,-70,1.0,12.0,0.0073978904618967,40.27908521655884,21.753498211598263,Intentional
User_91,2025-07-06 20:48:46,0.587,0.6778,Swimming,Koila,Reckless_Driving,1way,1.0,70,3G,-90,47.0,-12.0,0.0078570010604889,40.3227073334799,21.78933627060424,Intentional
User_72,2025-07-06 22:24:17,0.46,0.4145,Driving,Koila,Reckless_Driving,6way,0.0,90,4G,-77,48.0,-2.0,0.005557867772379,40.32252919749155,21.78913324446803,Intentional
User_24,2025-07-07 07:02:54,0.445,0.4576,Flying,Zep,Reckless_Driving,2way,0.0,20,3G,-120,-135.0,-6.0,0.009594012679247,40.277925097750135,21.753492780302093,Intentional
User_69,2025-07-07 07:11:52,0.34,0.7341,Running,Center,Reckless_Driving,4way,1.0,40,116,-63,11.0,-3.0,0.004561836904392,40.32235617043334,21.791683988309543,Intentional
User_11,2025-07-07 10:12:42,0.602,0.691,Running,Ligeris,Reckless_Driving,6way,1.0,20,5G,-115,21.0,-6.0,0.00787181733982,40.305464117895546,21.806197113957545,Intentional
User_05,2025-07-07 12:01:14,0.743,0.6707,Driving,Ligeris,Reckless_Driving,5way,0.0,40,WiFi,-68,24.0,9.0,0.028,40.306209281995066,21.80758128009355,Intentional
User_97,2025-07-07 17:28:46,0.337,0.6553,Swimming,Ligeris,Driving_Under_Influence,2way,0.0,70,3G,-88,89.0,-6.0,0.0098540685206004,40.306089001402675,21.80793163671873,Intentional
User_45,2025-07-07 18:39:04,0.285,0.6473,Flying,Koila,Driving_Under_Influence,1way,1.0,30,WiFi,-61,91.0,-11.0,0.0058548544895286,40.32164441692593,21.790766090736415,Intentional
User_33,2025-07-07 19:11:23,0.634,0.5892,Walking,Center,Speeding,1way,1.0,40,WiFi,Satellite,18.0,-13.0,0.0035113451593303,40.27891969501886,21.753359833601788,Intentional
User_69,2025-07-07 21:06:04,0.34,0.7351,Swimming,Koila,Speeding,4way,0.0,20,WiFi,Ethernet,83.0,4.0,0.0023317332750061,40.32376901265333,21.791216872931056,Intentional
User_28,2025-07-07 22:22:01,0.348,0.6853,Driving,Center,Reckless_Driving,1way,1.0,70,111,-60,16.0,0.0,0.0094722427791022,40.27960412067578,21.75334344362367,Intentional
User_76,2025-07-08 01:49:07,0.355,0.5751,Driving,Koila,Driving_Under_Influence,6way,0.0,30,4G,-97,24.0,3.0,0.0062503470106922,40.32223225411578,21.791111237410163,Intentional
User_14,2025-07-08 04:18:59,0.393,0.5834,Running,Center,Speeding,1way,0.0,80,WiFi,-69,5.0,10.0,0.0032884437415791,40.30534783858012,21.807186494857177,Intentional
User_46,2025-07-08 04:20:23,0.519,0.7186,Running,Ligeris,Driving_Under_Influence,6way,3.0,60,106,-114,36.0,8.0,0.0092037303939116,40.30631384502437,21.80598773004153,Intentional
User_48,2025-07-08 08:36:11,0.599,0.6444,Swimming,Zep,Driving_Under_Influence,2way,0.0,40,5G,-79,36.0,-6.0,0.0043956618223976,40.281074276812106,22.124505,Intentional
User_49,2025-07-08 11:28:02,0.637,0.7173,Running,Koila,Reckless_Driving,5way,0.0,40,WiFi,-66,59.0,8.0,0.0028562816606176,40.3213150310586,21.792451592420857,Intentional
User_64,2025-07-08 17:18:17,0.511,0.7288,Running,Spinari,Driving_Under_Influence,1way,4.0,50,WiFi,Satellite,30.0,-9.0,0.0087825207049999,40.27832020803938,21.753336243839545,Intentional
User_66,2025-07-08 17:18:17,0.28,0.6057,Running,Spinari,Speeding,1way,1.0,60,5G,-82,57.0,20.0,0.0037110766205599,40.28012354936095,21.75287727730774,Intentional
User_27,2025-07-08 17:47:11,0.535,0.6291,Driving,Koila,Reckless_Driving,5way,0.0,60,104,-110,53.0,-5.0,0.0071553866008125,40.322070278670786,21.791418313817452,Intentional
User_04,2025-07-08 20:00:20,0.662,0.4297,Driving,Ligeris,Reckless_Driving,6way,0.0,70,110,-69,61.0,4.0,0.0078231257611886,40.30774912536983,21.80700410557801,Intentional
User_25,2025-07-08 20:51:13,0.408,0.5138,Walking,Spinari,Speeding,2way,0.0,60,WiFi,-52,23.0,-23.0,0.0032108228448453,40.32173521087581,21.79109630303052,Intentional
User_33,2025-07-08 20:59:03,0.634,0.5902,Flying,Koila,Speeding,4way,0.0,90,WiFi,-87,46.0,15.0,0.0026121681319014,40.322093220028414,21.791801152125252,Intentional
User_45,2025-07-08 21:26:55,0.285,0.6503,Running,Center,Reckless_Driving,2way,3.0,40,113,-115,75.0,11.0,0.0030192678587623,40.3222733166767,21.79261723901911,Intentional
User_78,2025-07-09 02:03:19,0.347,0.6176,Running,Center,Speeding,4way,0.0,70,3G,-106,65.0,-14.0,0.0081470778713623,38.198771,21.791325074430045,Intentional
User_52,2025-07-09 02:33:17,0.544,0.4552,Flying,Ligeris,Speeding,1way,2.0,70,120,-76,27.0,6.0,0.0056019435923589,40.30700905610442,21.80673448622124,Intentional
User_47,2025-07-09 02:54:23,0.585,0.4862,Driving,Spinari,Driving_Under_Influence,2way,0.0,30,5G,-86,84.0,-9.0,0.0065353611242245,40.278816090070166,21.75385046955934,Intentional
User_23,2025-07-09 05:14:45,0.458,0.528,Walking,Koila,Speeding,6way,0.0,90,4G,-88,38.0,-25.0,0.0072311979854684,40.32217024109696,21.789404735222675,Intentional
User_21,2025-07-09 06:05:18,0.303,0.3912,Walking,Zep,Reckless_Driving,5way,0.0,70,3G,-74,25.0,-11.0,0.0038012784688701,38.240847,21.75308914256776,Intentional
User_76,2025-07-09 06:38:13,0.355,0.5771,Running,Spinari,Speeding,4way,1.0,20,4G,-97,58.0,21.0,0.0063425893463734,40.30621312703629,21.807704386952704,Intentional
User_42,2025-07-09 07:03:24,0.738,0.4916,Flying,Zep,Driving_Under_Influence,4way,0.0,90,4G,-80,29.0,-1.0,0.0054769383204348,40.278520614661055,21.75404862300928,Intentional
User_18,2025-07-09 10:44:16,0.251,0.7695,Running,Center,Speeding,2way,0.0,50,3G,-117,-134.0,3.0,0.0057482241226827,40.27837589931505,21.754257301710723,Intentional
User_29,2025-07-09 12:35:53,0.415,0.5434,Running,Koila,Reckless_Driving,6way,1.0,50,4G,-118,71.0,13.0,0.0033774048865728,40.3203597002174,19.371846,Intentional
User_53,2025-07-09 12:59:51,0.313,0.4786,Flying,Koila,Speeding,2way,0.0,20,4G,-88,29.0,25.0,0.0043812276109394,40.32228505661007,21.791782142541827,Intentional
User_69,2025-07-09 18:37:37,0.46,0.7391,Driving,Center,Speeding,2way,0.0,60,4G,-115,89.0,5.0,0.0088421053649964,40.32167601530876,21.79096331757643,Intentional
User_100,2025-07-09 20:46:38,0.37,0.633,Flying,Ligeris,Reckless_Driving,2way,0.0,40,113,-115,67.0,2.0,0.0083187292426622,40.30669584443024,21.80963830115268,Intentional
User_92,2025-07-09 22:49:07,0.694,0.5552,Driving,Spinari,Driving_Under_Influence,1way,0.0,80,5G,-72,81.0,-8.0,0.0083515806541087,40.3049577625052,21.80722852252952,Intentional
User_68,2025-07-10 02:14:01,0.472,0.4129,Running,Spinari,Reckless_Driving,2way,1.0,30,WiFi,-70,40.0,-24.0,0.0060496304841364,40.27868330102702,21.752584241639344,Intentional
User_92,2025-07-10 06:03:21,0.694,0.5572,Driving,Center,Driving_Under_Influence,2way,0.0,50,3G,-98,56.0,-13.0,0.0035325055758435,40.27961790867355,21.753361329071385,Intentional
User_30,2025-07-10 07:23:33,0.413,0.4704,Swimming,Zep,Speeding,2way,3.0,60,WiFi,Satellite,1.0,-3.0,0.0033086302497288,40.27907611173977,21.751883059616933,Intentional
User_17,2025-07-10 17:02:14,0.631,0.5218,Driving,Spinari,Reckless_Driving,2way,0.0,60,5G,-80,-142.0,4.0,0.0063697519802414,40.279720545385366,21.75165735556994,Intentional
User_30,2025-07-10 18:50:55,0.413,0.4714,Running,Zep,Speeding,5way,2.0,60,3G,-111,-46.0,-4.0,0.0091307212042056,40.2804106122023,21.752080822403244,Intentional
User_42,2025-07-10 21:09:29,0.738,0.4946,Flying,Zep,Driving_Under_Influence,1way,0.0,60,3G,-80,55.0,1.0,0.0092754049960226,40.28042455879697,21.75147601800744,Intentional
User_61,2025-07-10 23:37:57,0.546,0.4617,Walking,Zep,Speeding,5way,0.0,50,5G,Satellite,56.0,9.0,0.0072027845241638,40.27841750303831,21.754489819689265,Intentional
User_50,2025-07-11 00:18:32,0.398,0.6146,Running,Zep,Speeding,5way,0.0,10,3G,-119,11.0,-9.0,0.0045224674933679,40.27931207082367,21.75456316899234,Intentional
User_73,2025-07-11 03:18:33,0.325,0.5727,Running,Zep,Reckless_Driving,5way,1.0,60,WiFi,-58,72.0,-10.0,0.0010579852559414,38.76866,21.75336811598928,Intentional
User_40,2025-07-11 03:29:59,0.482,0.7497,Flying,Zep,Speeding,1way,0.0,20,WiFi,-53,58.0,-20.0,0.0021189176127656,40.27989519468103,21.753288935217466,Intentional
User_30,2025-07-11 08:42:30,0.413,0.4724,Swimming,Ligeris,Reckless_Driving,2way,0.0,10,5G,-118,93.0,4.0,0.0068682020990889,40.30571300419175,21.809225624421742,Intentional
User_12,2025-07-11 10:28:52,0.67,0.7352,Swimming,Ligeris,Speeding,1way,0.0,60,3G,-120,25.0,15.0,0.0022724675271223,40.30678288008477,21.808241136473985,Intentional
User_46,2025-07-11 11:55:14,0.519,0.7236,Driving,Center,Reckless_Driving,4way,0.0,90,4G,-74,79.0,16.0,0.0050524601405973,40.306071931054305,21.806271053574797,Intentional
User_14,2025-07-11 14:04:20,0.393,0.5904,Walking,Ligeris,Speeding,5way,1.0,70,3G,-103,56.0,12.0,0.0093005197832846,40.306682184189064,21.80681093699607,Intentional
User_62,2025-07-11 18:12:17,0.366,0.4922,Driving,Center,Driving_Under_Influence,1way,1.0,50,101,-85,56.0,7.0,0.0010136532718684,40.30610130267864,21.808981640403964,Intentional
User_33,2025-07-11 20:11:50,0.634,0.5972,Driving,Spinari,Reckless_Driving,2way,0.0,40,4G,-111,5.0,-11.0,0.0092277610807496,40.32316356504928,22.42586,Intentional
User_93,2025-07-11 22:38:52,0.588,0.4042,Swimming,Ligeris,Speeding,2way,1.0,50,3G,-81,49.0,16.0,0.008129227263247,40.30656322974964,21.808820243503895,Intentional
User_73,2025-07-11 23:51:35,0.325,0.5737,Swimming,Ligeris,Reckless_Driving,4way,0.0,50,115,-71,8.0,-15.0,0.0089698575049159,40.307523266691334,21.808827533986285,Intentional
User_76,2025-07-12 00:43:44,0.355,0.5831,Walking,Zep,Reckless_Driving,5way,0.0,70,5G,-86,6.0,0.0,0.0032149949449786,40.279531416963934,21.751603539484357,Intentional
User_69,2025-07-12 05:28:09,0.34,0.7451,Walking,Zep,Reckless_Driving,5way,0.0,10,3G,-99,47.0,15.0,0.0075474533530685,40.279835403593275,21.75281239660689,Intentional
User_75,2025-07-12 08:55:58,0.409,0.5571,Swimming,Ligeris,Speeding,2way,0.0,50,WiFi,-60,-125.0,14.0,0.0076871396628305,40.305303199369654,21.80923762939511,Intentional
User_67,2025-07-12 10:40:51,0.529,0.5966,Walking,Zep,Driving_Under_Influence,6way,1.0,20,5G,Ethernet,71.0,13.0,0.0012833506670161,40.27918693454124,21.75121962005158,Intentional
User_81,2025-07-12 18:13:11,0.376,0.6685,Running,Koila,Driving_Under_Influence,6way,1.0,30,4G,-88,31.0,-9.0,0.0086445029185797,40.306230115631266,21.792479026314993,Intentional
User_29,2025-07-12 18:23:55,0.415,0.5494,Walking,Center,Speeding,4way,0.0,20,WiFi,-79,62.0,-5.0,0.0027217397402459,40.30612500887843,21.80810068885349,Intentional
User_46,2025-07-12 18:51:22,0.519,0.7266,Driving,Spinari,Speeding,2way,4.0,60,3G,Ethernet,39.0,-1.0,0.0040009318839685,40.322081621132256,21.79123045195334,Intentional
User_49,2025-07-12 21:28:54,0.637,0.7263,Driving,Ligeris,Speeding,6way,2.0,30,WiFi,-75,67.0,-6.0,0.0051420544013329,40.30605627618652,21.805172282059853,Intentional
User_96,2025-07-12 22:56:13,0.261,0.6431,Driving,Center,Speeding,4way,1.0,70,WiFi,-63,1.0,-4.0,0.0085054448462102,40.27928643095773,21.75285991526034,Intentional
User_39,2025-07-12 23:12:41,0.598,0.5337,Driving,Spinari,Reckless_Driving,2way,0.0,30,WiFi,-83,81.0,-13.0,0.0050594499282989,40.27940328391199,21.753354451911733,Intentional
User_46,2025-07-13 01:23:02,0.519,0.7276,Driving,Center,Driving_Under_Influence,4way,0.0,70,WiFi,-76,50.0,11.0,0.0048874103665308,40.306977275090304,21.807303830747273,Intentional
User_20,2025-07-13 01:27:14,0.334,0.7081,Walking,Zep,Reckless_Driving,6way,0.0,60,3G,-106,87.0,-10.0,0.0030932122008495,40.27952650394463,22.157552,Intentional
User_63,2025-07-13 04:26:51,0.543,0.5036,Driving,Zep,Speeding,6way,4.0,70,109,-111,42.0,10.0,0.003290662473251,40.27980361996212,21.753458708997144,Intentional
User_79,2025-07-13 04:48:57,0.389,0.504,Running,Center,Speeding,2way,1.0,90,WiFi,-65,52.0,14.0,0.0035925929732054,40.27849340004237,21.75407120232021,Intentional
User_91,2025-07-13 08:50:21,0.587,0.6908,Swimming,Ligeris,Driving_Under_Influence,2way,0.0,50,WiFi,-55,100.0,-17.0,0.0010044721822067,40.30572329787063,21.80643113990874,Intentional
User_73,2025-07-13 11:55:41,0.325,0.5777,Driving,Center,Speeding,2way,0.0,40,5G,-78,-144.0,5.0,0.0020900104817555,40.30605663138247,21.806234093349016,Intentional
User_48,2025-07-13 18:55:58,0.599,0.6554,Running,Zep,Speeding,5way,0.0,30,4G,-88,87.0,-8.0,0.0095141124479958,40.27946982396751,21.755393674471694,Intentional
User_88,2025-07-13 19:40:33,0.471,0.5137,Driving,Spinari,Driving_Under_Influence,1way,3.0,10,3G,Satellite,46.0,-4.0,0.0056948677696593,40.27955805269996,21.753251030517895,Intentional
User_84,2025-07-13 21:05:36,0.527,0.4607,Swimming,Ligeris,Driving_Under_Influence,2way,1.0,40,4G,-105,20.0,5.0,0.0026335780869106,40.306627460176294,21.80802832452914,Intentional
User_49,2025-07-13 21:51:53,0.637,0.7283,Running,Spinari,Speeding,4way,1.0,40,WiFi,-63,46.0,23.0,0.007939776792455,40.30769768092861,21.80790658685742,Intentional
User_55,2025-07-13 22:11:18,0.447,0.7234,Driving,Spinari,Speeding,2way,0.0,10,107,-87,92.0,-13.0,0.0022107131799628,40.32191024353046,21.79159237672908,Intentional
User_94,2025-07-14 02:35:33,0.681,0.488,Swimming,Zep,Reckless_Driving,1way,2.0,70,5G,-94,57.0,-3.0,0.0071700530190641,40.27928476051585,21.75249093082489,Intentional
User_01,2025-07-14 05:11:40,0.619,0.6608,Running,Spinari,Reckless_Driving,2way,0.0,50,5G,Satellite,2.0,-6.0,0.0079306563513409,40.27897657717388,21.75303561673412,Intentional
User_22,2025-07-14 13:13:33,0.413,0.4349,Driving,Spinari,Speeding,2way,0.0,90,5G,-115,1.0,10.0,0.0057834099645671,40.279527343079714,21.75341343580469,Intentional
User_19,2025-07-14 17:03:19,0.745,0.7705,Driving,Zep,Reckless_Driving,6way,0.0,60,4G,-103,-42.0,-10.0,0.0071925039577651,40.27978879336365,21.754032169162624,Intentional
User_44,2025-07-14 21:25:12,0.332,0.4726,Swimming,Koila,Reckless_Driving,1way,0.0,10,102,-75,97.0,4.0,0.0057210449055586,40.322045367405,21.791231130566352,Intentional
User_63,2025-07-14 23:15:25,0.543,0.5056,Running,Koila,Speeding,6way,0.0,50,WiFi,-84,0.0,6.0,0.0061901141113525,40.32316486032498,21.792526826467437,Intentional
User_50,2025-07-14 23:52:40,0.398,0.5641,Running,Spinari,Speeding,2way,0.0,30,4G,-116,91.0,-14.0,0.0013649246783198,40.306145530750726,21.80717741367934,Intentional
User_08,2025-07-15 00:01:57,0.347,0.7488,Running,Koila,Reckless_Driving,5way,1.0,50,WiFi,-88,88.0,-4.0,0.0027374653799911,37.454455,21.79120408227895,Intentional
User_17,2025-07-15 12:39:53,0.631,0.5318,Driving,Spinari,Reckless_Driving,1way,0.0,40,3G,-88,75.0,10.0,0.0041935187597116,40.32180405785605,21.79113309242252,Intentional
User_48,2025-07-15 17:30:15,0.599,0.6594,Walking,Zep,Driving_Under_Influence,6way,0.0,40,4G,-95,37.0,-18.0,0.006061179620111,40.27955297417323,21.752908885929106,Intentional
User_60,2025-07-15 21:23:12,0.353,0.7568,Walking,Zep,Reckless_Driving,6way,0.0,20,115,-103,65.0,7.0,0.002703863581544,40.27987364210068,21.75402598812876,Intentional
User_04,2025-07-15 22:19:21,0.662,0.4437,Swimming,Zep,Driving_Under_Influence,2way,0.0,10,114,-115,56.0,-12.0,0.009108548490619,40.278626174277285,21.7547673573842,Intentional
User_82,2025-07-15 23:39:47,0.324,0.6039,Walking,Koila,Driving_Under_Influence,6way,1.0,70,4G,-80,54.0,8.0,0.0017385462508179,40.32315593789833,21.791104023139212,Intentional
User_53,2025-07-16 01:32:34,0.313,0.4916,Flying,Koila,Reckless_Driving,1way,0.0,30,4G,-117,24.0,-7.0,0.0025025159599429,40.306230115631266,21.791100976719147,Intentional
User_93,2025-07-16 02:17:08,0.588,0.4142,Running,Center,Driving_Under_Influence,2way,0.0,80,4G,-114,44.0,-7.0,0.0013646083643804,40.32215071818438,17.237308,Intentional
User_25,2025-07-16 03:48:43,0.408,0.5288,Driving,Zep,Driving_Under_Influence,5way,0.0,10,WiFi,-56,90.0,11.0,0.0082903159603661,40.27825015863517,21.754641894510947,Intentional
User_11,2025-07-16 04:33:38,0.602,0.709,Flying,Koila,Reckless_Driving,4way,1.0,70,107,-71,80.0,-4.0,0.00729413569654,40.3232785830476,21.789631463887737,Intentional
User_58,2025-07-16 06:14:27,0.465,0.426,Driving,Koila,Speeding,5way,1.0,10,4G,Satellite,66.0,16.0,0.0044710824497938,40.32217273063787,21.791218980619256,Intentional
User_64,2025-07-16 07:44:38,0.511,0.7438,Driving,Center,Speeding,2way,1.0,110,119,-108,49.0,16.0,0.0013556494423028,40.279561061392045,21.753338801895683,Intentional
User_65,2025-07-16 10:38:13,0.448,0.4681,Swimming,Ligeris,Reckless_Driving,2way,0.0,10,3G,-109,64.0,-8.0,0.0052031956451599,40.30566309334209,21.807094382417752,Intentional
User_11,2025-07-16 11:26:49,0.602,0.71,Running,Spinari,Speeding,2way,1.0,70,WiFi,-56,-32.0,6.0,0.0014836606866661,40.27902584142527,21.753160034891614,Intentional
User_86,2025-07-16 12:48:18,0.469,0.3951,Running,Spinari,Reckless_Driving,2way,1.0,30,5G,-97,44.0,-13.0,0.0070596167874509,40.30631332972599,21.80677882627877,Intentional
User_08,2025-07-16 13:04:15,0.347,0.7518,Swimming,Koila,Reckless_Driving,2way,0.0,40,3G,-96,97.0,12.0,0.0038763046029208,40.32318307406389,21.7894619576931,Intentional
User_64,2025-07-16 14:44:03,0.511,0.7448,Running,Center,Speeding,1way,0.0,40,WiFi,-82,2.0,-10.0,0.0077479706455678,40.306262803872755,21.806797814963105,Intentional
User_06,2025-07-16 15:12:45,0.584,0.7605,Flying,Koila,Speeding,1way,2.0,50,4G,-113,11.0,-10.0,0.0078774914372637,40.32197042177918,21.791256784153244,Intentional
User_65,2025-07-16 22:39:49,0.448,0.4691,Walking,Spinari,Reckless_Driving,4way,3.0,10,3G,Satellite,47.0,-14.0,0.0012832248886999,40.30524136239056,21.808451798408587,Intentional
User_01,2025-07-17 02:01:55,0.619,0.6668,Walking,Spinari,Reckless_Driving,1way,0.0,30,4G,-91,16.0,7.0,0.004741085747425,40.278997600388315,21.753526894116792,Intentional
User_71,2025-07-17 07:28:11,0.256,0.3983,Driving,Ligeris,Driving_Under_Influence,5way,0.0,50,3G,Satellite,57.0,-5.0,0.0033705515089542,40.30662118091228,21.809058385961713,Intentional
User_36,2025-07-17 08:46:19,0.563,0.5641,Running,Zep,Driving_Under_Influence,6way,0.0,30,WiFi,-81,39.0,6.0,0.0023295731821107,40.27871928408712,21.7544821039231,Intentional
User_44,2025-07-17 10:03:04,0.332,0.4786,Flying,Koila,Speeding,2way,0.0,20,WiFi,-68,86.0,-15.0,0.0093268352039556,40.32324823390846,21.790650320739516,Intentional
User_67,2025-07-17 10:06:59,0.529,0.6066,Flying,Ligeris,Reckless_Driving,2way,1.0,10,WiFi,-87,49.0,10.0,0.0067109675100161,40.3074103165672,21.80816630509946,Intentional
User_25,2025-07-17 11:18:53,0.408,0.5318,Running,Spinari,Speeding,1way,1.0,40,5G,-112,52.0,4.0,0.0099426406137066,37.870528,21.79126388864722,Intentional
User_53,2025-07-17 12:06:46,0.313,0.4936,Running,Koila,Speeding,6way,3.0,20,WiFi,-69,-156.0,11.0,0.0084595781605078,40.32168703768544,21.79162924376208,Intentional
User_84,2025-07-17 15:01:55,0.527,0.4687,Driving,Zep,Driving_Under_Influence,6way,4.0,60,WiFi,-71,73.0,5.0,0.0036516844454323,40.27955773708395,21.75369188811886,Intentional
User_40,2025-07-17 17:06:03,0.482,0.7627,Swimming,Zep,Speeding,1way,0.0,40,3G,-101,87.0,4.0,0.0082865405252347,40.27970117259534,18.865597,Intentional
User_38,2025-07-17 22:32:16,0.306,0.7011,Swimming,Ligeris,Driving_Under_Influence,4way,0.0,30,4G,-119,20.0,-5.0,0.0051095125887427,40.307838375691816,21.807302154236325,Intentional
User_87,2025-07-18 03:51:26,0.709,0.7782,Running,Ligeris,Speeding,6way,4.0,30,5G,-98,73.0,15.0,0.029,40.30572397904566,21.80752336629532,Intentional
User_72,2025-07-18 06:27:09,0.567,0.4385,Walking,Zep,Reckless_Driving,5way,1.0,30,4G,-98,49.0,-7.0,0.0037773698084957,38.087447,21.75314657564107,Intentional
User_48,2025-07-18 07:12:05,0.599,0.6654,Walking,Ligeris,Speeding,6way,0.0,10,WiFi,-90,53.0,0.0,0.0037164371432582,40.305986588241225,21.80858775151266,Intentional
User_60,2025-07-18 08:35:08,0.353,0.7618,Running,Koila,Speeding,6way,0.0,80,WiFi,-62,54.0,-11.0,0.0091678324402478,40.32323634490404,21.790878297368753,Intentional
User_32,2025-07-18 12:10:07,0.464,0.416,Flying,Ligeris,Driving_Under_Influence,2way,1.0,30,5G,-76,0.0,12.0,0.0079541234909451,40.30573139127297,21.80787039079564,Intentional
User_36,2025-07-18 12:33:22,0.563,0.7859,Driving,Zep,Reckless_Driving,5way,0.0,70,WiFi,-72,41.0,0.0,0.0081974629948168,40.27821081241464,19.244382,Intentional
User_40,2025-07-18 14:14:06,0.482,0.7647,Running,Center,Driving_Under_Influence,2way,3.0,20,3G,-103,39.0,6.0,0.001573422215452,40.28064823630165,17.042466,Intentional
User_63,2025-07-18 15:34:25,0.543,0.5126,Flying,Koila,Speeding,2way,0.0,80,5G,-88,49.0,12.0,0.0078136475879344,40.30621787291638,18.952395,Intentional
User_55,2025-07-18 16:02:30,0.447,0.7334,Swimming,Zep,Driving_Under_Influence,2way,0.0,80,4G,-107,0.0,-13.0,0.0068038537254863,40.27826227442455,21.75182600356271,Intentional
User_21,2025-07-18 16:53:22,0.303,0.4092,Flying,Zep,Reckless_Driving,4way,4.0,40,WiFi,-70,53.0,11.0,0.0055721596727383,40.281005629966224,21.753532540957345,Intentional
User_28,2025-07-18 20:39:41,0.348,0.5641,Walking,Center,Speeding,2way,1.0,40,WiFi,-63,-21.0,-8.0,0.0016701170754806,40.28082872032231,21.752358045584455,Intentional
User_91,2025-07-18 22:40:48,0.587,0.5641,Running,Center,Driving_Under_Influence,2way,1.0,30,4G,-86,69.0,0.0,0.0062784876966006,40.306581768651256,21.80547097730909,Intentional
User_79,2025-07-19 06:25:56,0.389,0.516,Walking,Center,Driving_Under_Influence,4way,2.0,70,5G,-104,95.0,11.0,0.021,40.32179809826684,21.79211670842366,Intentional
User_36,2025-07-19 07:04:53,0.563,0.7869,Walking,Koila,Driving_Under_Influence,6way,0.0,40,3G,-74,13.0,4.0,0.0022068306307363,40.322966225378565,21.79023469074508,Intentional
User_03,2025-07-19 10:16:49,0.568,0.4274,Walking,Koila,Reckless_Driving,6way,0.0,50,WiFi,-81,0.0,-16.0,0.0029090342500462,40.32193046108112,21.789595364464343,Intentional
User_73,2025-07-19 10:17:45,0.325,0.5887,Walking,Ligeris,Driving_Under_Influence,6way,1.0,10,4G,-117,10.0,0.0,0.0079606185069986,40.30639793025887,21.80905394507022,Intentional
User_79,2025-07-19 10:49:14,0.389,0.517,Walking,Koila,Speeding,6way,0.0,50,5G,Ethernet,57.0,15.0,0.0021137570929153,40.32330263871052,21.79276365249503,Intentional
User_88,2025-07-19 11:56:58,0.471,0.5257,Driving,Spinari,Driving_Under_Influence,4way,2.0,20,WiFi,-65,77.0,-11.0,0.0019747896894382,42.887679,21.808350625293095,Intentional
User_100,2025-07-19 12:39:48,0.37,0.653,Flying,Koila,Driving_Under_Influence,2way,4.0,50,WiFi,-80,13.0,-7.0,0.0084429012311899,40.3224537280158,21.79232877553712,Intentional
User_53,2025-07-19 16:19:01,0.313,0.4976,Driving,Ligeris,Speeding,5way,0.0,90,WiFi,-86,80.0,18.0,0.0015620196200359,40.305706691619726,21.80680092086628,Intentional
User_50,2025-07-19 16:36:11,0.398,0.6306,Swimming,Koila,Speeding,2way,0.0,20,3G,-89,36.0,15.0,0.0029781271386865,40.32200568466334,21.79130445084062,Intentional
User_39,2025-07-19 16:41:07,0.598,0.5467,Driving,Spinari,Speeding,1way,0.0,80,4G,-85,6.0,9.0,0.0031960149578972,40.3061241954558,21.808095304292973,Intentional
User_20,2025-07-19 20:22:38,0.334,0.7211,Flying,Zep,Driving_Under_Influence,1way,1.0,20,WiFi,-54,2.0,-3.0,0.0071720939971175,40.28025921693495,21.75293129625241,Intentional
User_57,2025-07-20 05:27:44,0.372,0.5122,Swimming,Zep,Speeding,1way,0.0,30,3G,-70,9.0,-9.0,0.0077852721624633,41.295151,21.753340786309906,Intentional
User_10,2025-07-20 07:18:10,0.315,0.7508,Running,Zep,Speeding,5way,0.0,80,4G,-94,97.0,0.0,0.0025857507625498,40.28015339894934,21.755424105390915,Intentional
User_49,2025-07-20 12:43:36,0.637,0.7413,Walking,Center,Speeding,2way,0.0,30,5G,-113,-149.0,-8.0,0.0029423929971501,40.322196496844185,21.791758441439203,Intentional
User_04,2025-07-20 17:49:17,0.662,0.4537,Flying,Zep,Speeding,2way,1.0,10,3G,-91,49.0,9.0,0.0093154918925174,40.278952777765774,21.752847144694105,Intentional
User_66,2025-07-20 17:58:50,0.28,0.6297,Swimming,Koila,Speeding,1way,0.0,60,WiFi,-68,12.0,-2.0,0.0080023315378085,38.895578,21.789418116553662,Intentional
User_24,2025-07-20 18:57:14,0.445,0.4826,Walking,Spinari,Speeding,2way,1.0,70,4G,-111,6.0,0.0,0.0063123478593791,40.28009629923939,21.753361871931247,Intentional
User_85,2025-07-20 20:53:43,0.254,0.5273,Swimming,Koila,Speeding,2way,1.0,20,WiFi,-73,-15.0,6.0,0.0075600878930182,40.32331292735977,21.79093422370783,Intentional
User_66,2025-07-20 23:00:41,0.28,0.6307,Driving,Zep,Speeding,5way,1.0,20,5G,-109,40.0,7.0,0.004787667053718,40.27941116043703,18.604609,Intentional
User_06,2025-07-20 23:36:56,0.584,0.7695,Flying,Zep,Driving_Under_Influence,4way,0.0,20,5G,-73,76.0,-12.0,0.0010272458409973,40.27933128409651,21.75275878472901,Intentional
User_96,2025-07-21 04:54:11,0.261,0.6601,Driving,Center,Driving_Under_Influence,2way,0.0,20,4G,-100,65.0,-5.0,0.023,40.279750868177786,21.75379585606647,Intentional
User_06,2025-07-21 05:59:20,0.584,0.7715,Driving,Koila,Driving_Under_Influence,5way,0.0,60,5G,-95,30.0,-5.0,0.0051174043963186,40.322231978812816,21.791168121008123,Intentional
User_08,2025-07-21 13:22:00,0.347,0.7608,Swimming,Koila,Driving_Under_Influence,1way,0.0,30,5G,Satellite,86.0,-4.0,0.003536309437794,40.32231960703614,21.792463074100297,Intentional
User_71,2025-07-21 13:32:14,0.256,0.4063,Walking,Center,Speeding,2way,0.0,20,5G,-104,51.0,8.0,0.005653142335994,40.32210948549104,21.791335352783214,Intentional
User_81,2025-07-21 15:04:52,0.376,0.6865,Swimming,Zep,Speeding,2way,0.0,40,WiFi,-84,-38.0,-2.0,0.0048638420051142,40.2796593076181,21.753602154153835,Intentional
User_55,2025-07-21 15:45:31,0.447,0.7394,Swimming,Ligeris,Driving_Under_Influence,4way,4.0,30,5G,-84,64.0,8.0,0.0038145808473484,40.30556528060468,17.001399,Intentional
User_95,2025-07-21 16:18:39,0.545,0.6769,Walking,Center,Speeding,4way,1.0,50,4G,-117,31.0,9.0,0.0031508790583183,40.30625100414021,21.80938008699172,Intentional
User_92,2025-07-22 00:05:28,0.694,0.5802,Walking,Center,Reckless_Driving,4way,0.0,70,WiFi,Satellite,25.0,15.0,0.0067498005993196,40.32195900749237,21.78988110786507,Intentional
User_69,2025-07-22 01:26:23,0.34,0.7641,Running,Spinari,Speeding,2way,0.0,70,5G,-87,72.0,-12.0,0.0061767907183953,40.32271781424579,21.790647454740288,Intentional
User_76,2025-07-22 01:37:43,0.355,0.6031,Flying,Ligeris,Reckless_Driving,2way,0.0,60,5G,-87,20.0,-4.0,0.0045143958838578,40.30551697197722,21.80758362588949,Intentional
User_26,2025-07-22 02:20:15,0.408,0.6525,Swimming,Ligeris,Speeding,2way,1.0,40,3G,-85,41.0,14.0,0.0057432322529478,40.305891905769705,22.899659,Intentional
User_09,2025-07-22 03:31:13,0.307,0.7898,Walking,Koila,Reckless_Driving,6way,1.0,30,WiFi,-64,62.0,14.0,0.0010162201977418,40.322472357194385,21.790673278317016,Intentional
User_33,2025-07-22 11:08:48,0.634,0.6192,Flying,Ligeris,Reckless_Driving,1way,0.0,60,3G,-93,67.0,0.0,0.0056818147114623,40.306319289195535,21.806819522341183,Intentional
User_40,2025-07-22 16:15:10,0.482,0.7717,Running,Ligeris,Driving_Under_Influence,5way,2.0,60,WiFi,-52,1.0,5.0,0.0028936336007551,40.30629570565437,21.80749387138457,Intentional
User_82,2025-07-22 19:27:56,0.324,0.6169,Walking,Koila,Speeding,5way,0.0,70,5G,-95,87.0,-16.0,0.0050640619693747,40.32191362901919,21.792557010951093,Intentional
User_14,2025-07-23 00:25:29,0.393,0.6134,Driving,Ligeris,Reckless_Driving,5way,0.0,90,3G,-86,5.0,9.0,0.002354829916143,40.30624638825272,21.791256784153244,Intentional
User_76,2025-07-23 02:10:17,0.355,0.6051,Driving,Zep,Speeding,5way,1.0,120,5G,-117,2.0,-7.0,0.001684356632529,40.27898748424011,21.75187919204505,Intentional
User_80,2025-07-23 05:50:22,0.704,0.5667,Walking,Spinari,Reckless_Driving,2way,3.0,90,5G,-86,36.0,5.0,0.0013854246413838,40.306230115631266,21.75124041495997,Intentional
User_15,2025-07-23 07:51:40,0.627,0.7131,Running,Koila,Driving_Under_Influence,5way,0.0,20,3G,-91,30.0,-8.0,0.0036043441717196,40.32222377281559,21.79128161757819,Intentional
User_61,2025-07-23 18:36:53,0.546,0.4877,Walking,Center,Driving_Under_Influence,2way,0.0,20,5G,-112,74.0,15.0,0.0066700139113147,40.30523282470685,21.80810994151844,Intentional
User_09,2025-07-23 21:35:32,0.307,0.7918,Driving,Center,Reckless_Driving,2way,2.0,60,108,-106,81.0,-6.0,0.0060939638742212,40.27923457682608,21.751429571498335,Intentional
User_49,2025-07-23 23:59:37,0.637,0.7483,Walking,Spinari,Reckless_Driving,2way,0.0,10,5G,Ethernet,22.0,7.0,0.0083003280145301,40.30604607249782,21.806599972511663,Intentional
User_16,2025-07-24 01:47:51,0.513,0.6147,Walking,Zep,Driving_Under_Influence,5way,1.0,30,WiFi,-83,72.0,-16.0,0.0043375105036654,40.2785542338149,21.755030356301063,Intentional
User_04,2025-07-24 05:33:42,0.662,0.4607,Swimming,Zep,Speeding,4way,1.0,40,3G,-91,1.0,-20.0,0.0076958012122273,40.27935187956347,21.791256784153244,Intentional
User_58,2025-07-24 09:21:45,0.465,0.442,Driving,Center,Driving_Under_Influence,2way,1.0,80,WiFi,-64,3.0,-11.0,0.0099727298113156,40.30585623393011,21.808498761631903,Intentional
User_01,2025-07-24 11:04:53,0.619,0.6808,Flying,Ligeris,Reckless_Driving,4way,0.0,70,5G,-118,57.0,-4.0,0.039,40.30549337818552,21.806273808771913,Intentional
User_80,2025-07-24 11:24:08,0.704,0.5697,Running,Center,Reckless_Driving,2way,2.0,80,5G,-94,59.0,-2.0,0.0039249561714087,40.305966900400485,21.8072194685886,Intentional
User_58,2025-07-24 12:08:57,0.465,0.443,Walking,Zep,Speeding,6way,0.0,30,5G,-112,62.0,-13.0,0.0027193232039133,40.27812618027646,22.438463,Intentional
User_26,2025-07-24 14:48:48,0.408,0.6575,Running,Koila,Driving_Under_Influence,6way,0.0,50,4G,-80,88.0,4.0,0.035,40.322742088881526,21.790185075296783,Intentional
User_69,2025-07-24 20:36:18,0.34,0.7691,Running,Spinari,Driving_Under_Influence,2way,5.0,30,4G,-83,12.0,25.0,0.0086934560123318,40.32179105642028,21.791236359447456,Intentional
User_49,2025-07-24 23:14:50,0.637,0.7503,Walking,Zep,Reckless_Driving,5way,3.0,10,4G,Ethernet,26.0,2.0,0.0033125322710819,40.27943487081465,21.755531439624004,Intentional
User_07,2025-07-25 03:25:30,0.625,0.4914,Running,Center,Speeding,2way,0.0,80,5G,-102,63.0,-13.0,0.0050990813003881,40.280489126830645,21.754866830532062,Intentional
User_94,2025-07-25 04:58:25,0.681,0.51,Walking,Center,Driving_Under_Influence,2way,3.0,90,3G,-73,-23.0,0.0,0.0096475604309959,40.30756292296955,21.807377811751717,Intentional
User_01,2025-07-25 06:49:51,0.619,0.6828,Walking,Koila,Reckless_Driving,5way,5.0,30,WiFi,-64,85.0,-8.0,0.0061056210438859,40.32133337819349,21.789856735279407,Intentional
User_50,2025-07-25 11:03:57,0.398,0.6436,Walking,Spinari,Reckless_Driving,2way,1.0,50,3G,-108,59.0,4.0,0.021,40.27920877081824,21.75358597303136,Intentional
User_66,2025-07-25 11:56:32,0.28,0.6407,Driving,Ligeris,Speeding,6way,2.0,40,WiFi,-84,46.0,10.0,0.0041572759698746,40.30740443094526,21.807553158914065,Intentional
User_91,2025-07-25 15:11:14,0.587,0.7158,Walking,Zep,Speeding,6way,0.0,10,5G,-105,6.0,0.0,0.025,40.28017129250414,21.75377472008356,Intentional
User_19,2025-07-25 15:27:11,0.745,0.7925,Walking,Koila,Speeding,5way,1.0,80,3G,-101,35.0,-3.0,0.0017916250150604,40.32298001082288,21.791964223819175,Intentional
User_90,2025-07-25 17:16:50,0.525,0.4718,Running,Ligeris,Driving_Under_Influence,6way,2.0,50,WiFi,-94,-141.0,12.0,0.0062362241588234,40.3058687637875,21.80750107181698,Intentional
User_58,2025-07-25 17:37:05,0.465,0.445,Driving,Zep,Speeding,6way,5.0,30,3G,-116,54.0,13.0,0.0033685439939278,40.279707609845346,21.753728953901778,Intentional
User_69,2025-07-25 19:26:34,0.34,0.7711,Driving,Spinari,Driving_Under_Influence,4way,1.0,30,WiFi,Ethernet,91.0,5.0,0.0043414192599036,40.306230115631266,21.79149804485723,Intentional
User_50,2025-07-26 01:42:40,0.398,0.6446,Flying,Zep,Speeding,2way,2.0,20,WiFi,-89,-128.0,15.0,0.0034185975285358,40.306230115631266,21.75308571627574,Intentional
User_84,2025-07-26 01:48:35,0.527,0.4857,Walking,Ligeris,Reckless_Driving,5way,0.0,10,5G,-110,11.0,-9.0,0.005653142335994,40.307247750356865,21.80772990813485,Intentional
User_83,2025-07-26 09:21:26,0.309,0.7715,Driving,Spinari,Reckless_Driving,2way,1.0,90,WiFi,-51,44.0,-14.0,0.023,40.32230653842648,21.791141023927977,Intentional
User_59,2025-07-26 14:03:51,0.265,0.5912,Walking,Center,Reckless_Driving,1way,1.0,10,5G,-106,23.0,-13.0,0.0043188097668082,40.32209204433448,21.789988962587177,Intentional
User_96,2025-07-26 14:44:08,0.261,0.6711,Running,Spinari,Driving_Under_Influence,2way,5.0,60,5G,-84,29.0,15.0,0.009990649521816,40.30751170624492,21.806230043329176,Intentional
User_03,2025-07-26 16:56:56,0.568,0.4414,Driving,Spinari,Speeding,1way,0.0,30,4G,-95,8.0,3.0,0.0016538707898483,40.32119416955407,19.683389,Intentional
User_18,2025-07-26 19:27:30,0.251,0.8035,Running,Koila,Driving_Under_Influence,6way,4.0,10,107,-104,82.0,-12.0,0.0038621990409346,40.32150736604773,21.792985491588738,Intentional
User_47,2025-07-26 23:48:17,0.585,0.5212,Driving,Koila,Speeding,6way,1.0,20,WiFi,-54,6.0,13.0,0.0072191108567006,40.322149465773805,21.791212880553843,Intentional
User_88,2025-07-26 23:50:43,0.471,0.5397,Driving,Center,Reckless_Driving,4way,0.0,40,5G,-97,7.0,4.0,0.005653142335994,37.370726,21.75290356639453,Intentional
User_50,2025-07-27 01:10:14,0.398,0.6466,Running,Spinari,Driving_Under_Influence,2way,1.0,30,3G,-110,-146.0,-15.0,0.002073694082307,40.2808635626661,21.752375986597546,Intentional
User_24,2025-07-27 03:11:32,0.445,0.4966,Running,Zep,Reckless_Driving,6way,0.0,130,4G,-75,2.0,2.0,0.0054046967629421,40.27908676555166,23.375326,Intentional
User_71,2025-07-27 07:58:38,0.256,0.4183,Driving,Ligeris,Driving_Under_Influence,5way,1.0,30,5G,-72,56.0,3.0,0.0038433864167998,40.30725346503568,21.808437258627947,Intentional
User_52,2025-07-27 08:22:27,0.544,0.4912,Running,Koila,Speeding,6way,1.0,10,4G,-113,28.0,0.0,0.0013795309389155,40.32207470217306,21.791264996097865,Intentional
User_99,2025-07-27 09:26:05,0.465,0.6254,Driving,Zep,Reckless_Driving,6way,1.0,130,4G,-118,95.0,9.0,0.0042061448695874,38.645706,21.754167704516338,Intentional
User_47,2025-07-27 15:17:20,0.585,0.5232,Flying,Koila,Speeding,2way,0.0,80,111,-86,40.0,1.0,0.0047538586846618,40.32170865238828,21.79081439082867,Intentional
User_56,2025-07-27 17:00:35,0.374,0.4277,Running,Koila,Speeding,5way,0.0,40,3G,-99,48.0,-22.0,0.0053535295554918,40.32240274570741,21.791986222032097,Intentional
User_07,2025-07-27 18:44:50,0.625,0.4964,Swimming,Koila,Reckless_Driving,2way,1.0,70,5G,-85,85.0,5.0,0.0028853159513995,37.590736,21.791407187152902,Intentional
User_82,2025-07-27 19:58:35,0.324,0.6279,Walking,Center,Reckless_Driving,2way,0.0,70,3G,-119,49.0,-15.0,0.0036658748871635,40.323824738230456,21.79128908803232,Intentional
User_93,2025-07-27 20:37:16,0.588,0.4362,Swimming,Ligeris,Speeding,4way,0.0,70,WiFi,-79,47.0,-13.0,0.0069665647418916,40.306394263583464,21.80852787189624,Intentional
User_45,2025-07-27 20:42:09,0.285,0.6873,Driving,Center,Reckless_Driving,1way,1.0,80,3G,-111,99.0,4.0,0.0066647637300446,40.30595102534634,21.791256784153244,Intentional
User_76,2025-07-28 09:09:23,0.355,0.6161,Driving,Center,Driving_Under_Influence,2way,2.0,20,WiFi,-72,19.0,7.0,0.047,40.305515095219405,21.808046631194863,Intentional
User_87,2025-07-28 11:13:52,0.709,0.7972,Running,Center,Reckless_Driving,2way,1.0,20,4G,-99,28.0,-4.0,0.0075488182002419,40.28099620429842,21.754347628457033,Intentional
User_75,2025-07-28 12:44:14,0.409,0.5641,Running,Center,Reckless_Driving,4way,1.0,40,4G,-88,87.0,-12.0,0.0013930535745172,40.3062161347722,21.807490899801,Intentional
User_41,2025-07-28 15:35:56,0.628,0.5781,Walking,Zep,Reckless_Driving,5way,0.0,40,WiFi,-55,12.0,-16.0,0.0082566039324659,40.27830734312083,21.751677607758076,Intentional
User_20,2025-07-28 16:00:46,0.334,0.7391,Walking,Spinari,Reckless_Driving,1way,0.0,80,4G,-103,24.0,1.0,0.0025709462440932,40.279612425874696,21.75224129976631,Intentional
User_71,2025-07-28 19:04:40,0.256,0.4193,Swimming,Zep,Reckless_Driving,1way,1.0,20,3G,-104,100.0,-11.0,0.005156565389456,40.280566201707416,21.753539211586055,Intentional
User_52,2025-07-28 22:55:08,0.544,0.4942,Flying,Koila,Reckless_Driving,1way,2.0,40,3G,-84,29.0,-14.0,0.0068799590997362,40.32100549469536,21.792130741896663,Intentional
User_38,2025-07-28 23:47:37,0.306,0.7231,Walking,Spinari,Reckless_Driving,2way,1.0,90,3G,-98,89.0,-13.0,0.0044871154297396,40.306653502837314,21.8076896524284,Intentional
User_98,2025-07-29 02:56:53,0.46,0.5708,Running,Spinari,Speeding,2way,0.0,30,3G,-107,40.0,2.0,0.0019217168590483,40.32387449624151,17.448014,Intentional
User_63,2025-07-29 07:03:25,0.543,0.5356,Swimming,Zep,Driving_Under_Influence,2way,1.0,130,3G,-94,25.0,16.0,0.0079613917408296,40.2799432792909,21.753384265847185,Intentional
User_69,2025-07-29 07:54:23,0.34,0.7781,Swimming,Ligeris,Reckless_Driving,4way,3.0,50,4G,-103,74.0,6.0,0.0099251544265275,40.3053309501798,21.805613682699207,Intentional
User_74,2025-07-29 10:25:25,0.497,0.7764,Swimming,Koila,Driving_Under_Influence,1way,1.0,40,4G,-96,32.0,0.0,0.04,40.322987601121085,21.79152284847773,Intentional
User_21,2025-07-29 12:04:47,0.303,0.4322,Walking,Spinari,Reckless_Driving,2way,1.0,60,4G,-115,78.0,15.0,0.0015355645095138,42.620224,21.75420150523202,Intentional
User_41,2025-07-29 12:46:45,0.628,0.5811,Flying,Zep,Speeding,1way,1.0,30,3G,Ethernet,64.0,0.0,0.0022604024584011,40.27930500758878,21.75297288612002,Intentional
User_72,2025-07-29 16:59:45,0.567,0.4605,Swimming,Zep,Speeding,1way,0.0,50,3G,-104,46.0,1.0,0.0072067935480154,40.27898665311541,21.752790553841383,Intentional
User_82,2025-07-29 20:14:14,0.324,0.6319,Driving,Ligeris,Speeding,6way,0.0,30,WiFi,-104,46.0,10.0,0.0045683643175842,40.306927306613666,21.8069945520748,Intentional
User_63,2025-07-30 03:53:34,0.543,0.5366,Driving,Spinari,Speeding,4way,0.0,50,3G,-103,15.0,10.0,0.005240230400949,40.2800376355353,21.754891807662155,Intentional
User_44,2025-07-30 04:30:39,0.332,0.5036,Driving,Zep,Driving_Under_Influence,6way,1.0,20,WiFi,-51,18.0,-10.0,0.0057276025853246,40.27797639565915,21.75330457605525,Intentional
User_29,2025-07-30 05:57:23,0.415,0.5844,Walking,Spinari,Speeding,1way,1.0,50,4G,-102,46.0,5.0,0.022,40.32335010729463,21.790769768079652,Intentional
User_63,2025-07-30 07:48:39,0.543,0.5376,Running,Koila,Speeding,5way,0.0,20,5G,-81,69.0,-4.0,0.0095706618211136,40.32207375185605,21.7901284006962,Intentional
User_70,2025-07-30 18:36:04,0.601,0.5159,Driving,Koila,Driving_Under_Influence,6way,0.0,60,5G,-112,16.0,18.0,0.0068107174804984,40.32293480826108,21.789655126762025,Intentional
User_73,2025-07-30 19:02:37,0.325,0.6107,Swimming,Zep,Speeding,2way,1.0,30,3G,-98,63.0,-22.0,0.007590128229889,40.278153428159406,21.752460428604294,Intentional
User_77,2025-07-30 21:46:31,0.428,0.4385,Driving,Koila,Driving_Under_Influence,6way,2.0,30,5G,-110,96.0,0.0,0.0038653868718867,40.3229586886407,21.79139246422837,Intentional
User_62,2025-07-31 00:20:40,0.366,0.5312,Swimming,Ligeris,Speeding,4way,1.0,80,4G,-78,25.0,16.0,0.0073409132671312,40.3051511270445,21.807076578660173,Intentional
User_97,2025-07-31 01:30:45,0.337,0.7023,Driving,Center,Reckless_Driving,1way,0.0,50,5G,-119,19.0,2.0,0.0050363469340522,40.27901311951603,21.753430550179367,Intentional
User_07,2025-07-31 04:16:47,0.625,0.5034,Walking,Koila,Reckless_Driving,6way,0.0,40,5G,-101,65.0,-19.0,0.0036552744110659,40.32220506334141,21.79194079735914,Intentional
User_16,2025-07-31 06:06:07,0.513,0.6297,Swimming,Ligeris,Speeding,4way,1.0,10,WiFi,-70,69.0,10.0,0.0076936863757016,37.350267,21.807953842162572,Intentional
User_67,2025-07-31 07:39:42,0.529,0.6336,Walking,Koila,Speeding,6way,0.0,20,4G,-96,89.0,11.0,0.0016708446078047,40.321977231185755,21.791018784427244,Intentional
User_41,2025-07-31 14:30:08,0.628,0.5851,Running,Zep,Driving_Under_Influence,6way,1.0,90,3G,-109,65.0,-7.0,0.002287243475948,40.28022365670287,17.223303,Intentional
User_84,2025-07-31 14:41:03,0.527,0.4957,Walking,Zep,Speeding,6way,0.0,70,3G,-84,59.0,6.0,0.004439949359967,40.27949816418021,21.753129538224627,Intentional
User_79,2025-07-31 18:52:21,0.389,0.541,Walking,Ligeris,Driving_Under_Influence,5way,1.0,60,4G,-110,45.0,-6.0,0.0015725064066873,40.30643662607233,21.80711555305058,Intentional
User_98,2025-07-31 18:58:57,0.46,0.5748,Running,Ligeris,Reckless_Driving,6way,1.0,10,5G,-103,47.0,1.0,0.0033202633893788,40.30680153886881,21.807913727569897,Intentional
User_93,2025-07-31 23:27:56,0.588,0.4442,Running,Zep,Reckless_Driving,6way,1.0,20,115,-91,81.0,13.0,0.0047423824091641,40.277870060033855,21.753812727249137,Intentional
User_73,2025-07-31 23:28:18,0.325,0.6137,Driving,Ligeris,Speeding,6way,4.0,40,5G,-88,76.0,15.0,0.0038821804224793,37.398858,21.808821787904396,Intentional
User_93,2025-08-01 02:27:03,0.588,0.4452,Flying,Ligeris,Driving_Under_Influence,2way,0.0,40,WiFi,-75,22.0,4.0,0.00131072465563,40.304899164363015,21.807818737769143,Intentional
User_86,2025-08-01 02:47:11,0.469,0.4261,Walking,Koila,Driving_Under_Influence,5way,1.0,70,5G,-109,99.0,14.0,0.0015865309049371,40.32277535453217,21.79242227454569,Intentional
User_10,2025-08-01 07:00:11,0.315,0.7748,Flying,Zep,Driving_Under_Influence,1way,0.0,50,5G,-72,92.0,-16.0,0.005653142335994,40.27995053650965,23.496535,Intentional
User_27,2025-08-01 08:52:24,0.535,0.6761,Swimming,Zep,Reckless_Driving,2way,0.0,80,3G,-72,71.0,19.0,0.0022220064315042,40.278672032423614,21.75444636923964,Intentional
User_68,2025-08-01 09:39:24,0.472,0.4579,Running,Koila,Speeding,6way,0.0,40,104,-84,36.0,-9.0,0.009740722766587,40.32155977674257,21.7902104710548,Intentional
User_30,2025-08-01 12:56:31,0.413,0.5154,Driving,Spinari,Reckless_Driving,1way,1.0,30,WiFi,-83,36.0,-4.0,0.0080286018079793,40.27818206759839,21.75223035602371,Intentional
User_64,2025-08-01 13:56:44,0.511,0.7758,Driving,Spinari,Reckless_Driving,2way,0.0,70,3G,-99,33.0,-21.0,0.005653142335994,40.306898086983544,21.80852279058397,Intentional
User_72,2025-08-01 15:04:24,0.567,0.4655,Walking,Zep,Speeding,5way,1.0,10,4G,-74,57.0,10.0,0.0014370844362536,40.2797060344065,21.753601869843205,Intentional
User_27,2025-08-01 15:08:45,0.535,0.6771,Walking,Spinari,Reckless_Driving,2way,0.0,80,4G,-96,83.0,-15.0,0.0050106640008336,40.27800056528431,21.753598585848575,Intentional
User_100,2025-08-01 15:53:12,0.37,0.679,Driving,Zep,Driving_Under_Influence,5way,1.0,30,WiFi,-62,22.0,4.0,0.0031424031712522,40.27963388471427,21.75281023914338,Intentional
User_34,2025-08-01 16:37:32,0.431,0.5789,Walking,Spinari,Driving_Under_Influence,2way,0.0,20,5G,Ethernet,16.0,3.0,0.002763081812588,40.32213319385393,21.791163772769735,Intentional
User_38,2025-08-01 16:54:21,0.306,0.7311,Flying,Zep,Speeding,4way,4.0,30,3G,-105,81.0,14.0,0.0044738621690731,40.28074796481992,21.751711021506697,Intentional
User_80,2025-08-01 17:02:06,0.704,0.5857,Walking,Center,Reckless_Driving,4way,0.0,40,4G,-100,-33.0,-1.0,0.0048175395506954,40.32097167956481,21.789653063117235,Intentional
User_84,2025-08-01 19:14:24,0.527,0.4987,Driving,Ligeris,Speeding,5way,2.0,60,5G,-94,69.0,-16.0,0.049,40.30706130404522,21.807666058683225,Intentional
User_61,2025-08-01 21:05:21,0.546,0.5057,Swimming,Zep,Speeding,4way,0.0,20,4G,-99,41.0,4.0,0.0094251432314224,40.2783265772532,19.480122,Intentional
User_81,2025-08-01 22:58:40,0.376,0.7085,Running,Spinari,Speeding,2way,0.0,30,WiFi,-88,16.0,0.0,0.0068817754940311,40.30650821669266,21.805551639092403,Intentional
User_100,2025-08-02 04:25:33,0.37,0.68,Running,Spinari,Driving_Under_Influence,2way,0.0,70,WiFi,-60,94.0,6.0,0.0055160340565506,40.32237223992225,21.791271252904178,Intentional
User_76,2025-08-02 05:31:24,0.355,0.6251,Flying,Ligeris,Reckless_Driving,2way,0.0,30,WiFi,-65,96.0,0.0,0.0053999377175192,40.305513612668946,21.807580028074018,Intentional
User_34,2025-08-02 17:27:14,0.431,0.5809,Driving,Koila,Reckless_Driving,6way,2.0,80,5G,-88,45.0,-15.0,0.023,40.320916086680114,21.791918190416443,Intentional
User_10,2025-08-02 18:42:09,0.315,0.7768,Running,Spinari,Reckless_Driving,2way,1.0,90,WiFi,-75,16.0,2.0,0.05,40.305735942674126,21.80669468836834,Intentional
User_17,2025-08-03 00:46:42,0.631,0.5688,Flying,Koila,Speeding,2way,0.0,70,WiFi,-78,71.0,1.0,0.0059088606768616,40.323201139732994,21.79246772227311,Intentional
User_24,2025-08-03 00:56:51,0.445,0.5106,Flying,Ligeris,Reckless_Driving,1way,0.0,20,WiFi,Ethernet,95.0,-3.0,0.0020450723453309,40.304785206810635,21.80783365460095,Intentional
User_35,2025-08-03 03:28:44,0.274,0.5082,Flying,Zep,Reckless_Driving,2way,1.0,40,4G,-83,8.0,5.0,0.003218030275778,40.27876707098929,21.751236772034552,Intentional
User_38,2025-08-03 09:24:37,0.306,0.7341,Swimming,Ligeris,Driving_Under_Influence,1way,1.0,40,5G,-102,91.0,19.0,0.0086244687379308,40.30500220014688,21.791256784153244,Intentional
User_33,2025-08-03 10:12:07,0.634,0.6432,Walking,Spinari,Speeding,1way,1.0,30,3G,-103,84.0,-5.0,0.0058092205500856,40.322923578736805,21.792106714655652,Intentional
User_86,2025-08-03 15:10:55,0.469,0.4301,Driving,Center,Speeding,2way,1.0,60,4G,-85,24.0,-9.0,0.0074403738749944,40.27870381380615,21.7534820649618,Intentional
User_11,2025-08-03 16:02:30,0.602,0.745,Swimming,Zep,Driving_Under_Influence,1way,3.0,60,3G,-99,86.0,5.0,0.0090884109682565,40.27802876732976,21.75242964169936,Intentional
User_36,2025-08-03 23:51:55,0.563,0.8179,Running,Ligeris,Reckless_Driving,6way,0.0,30,119,-90,37.0,-14.0,0.0042223766849054,40.30647729334037,21.80800570741041,Intentional
User_52,2025-08-04 02:11:49,0.544,0.5641,Swimming,Koila,Driving_Under_Influence,2way,1.0,70,104,-70,49.0,9.0,0.0060798304468066,40.32147987374232,21.78983725939282,Intentional
User_94,2025-08-04 03:52:50,0.681,0.531,Flying,Koila,Speeding,1way,4.0,70,WiFi,-72,81.0,19.0,0.0057765895377331,40.32338681122037,21.790412886816775,Intentional
User_12,2025-08-04 08:00:55,0.67,0.7822,Walking,Spinari,Reckless_Driving,2way,0.0,10,4G,-117,98.0,9.0,0.043,40.27968248051218,21.754353339296756,Intentional
User_23,2025-08-04 15:51:58,0.458,0.58,Walking,Spinari,Driving_Under_Influence,1way,0.0,50,4G,-104,9.0,11.0,0.0034862334546637,40.30615147909049,22.771126,Intentional
User_66,2025-08-04 17:15:10,0.28,0.6607,Walking,Spinari,Driving_Under_Influence,2way,1.0,40,3G,-72,83.0,0.0,0.0072756333567935,40.30676368586646,21.807078401410877,Intentional
User_92,2025-08-04 19:01:28,0.694,0.6072,Walking,Center,Reckless_Driving,4way,2.0,40,113,-50,62.0,8.0,0.0078864657875637,40.32214806838613,21.791852621502944,Intentional
User_90,2025-08-04 19:26:26,0.525,0.4918,Walking,Center,Reckless_Driving,4way,0.0,40,3G,-120,11.0,-4.0,0.0047922601300009,40.32218431808477,21.79132328484609,Intentional
User_88,2025-08-04 22:45:49,0.471,0.5577,Driving,Spinari,Reckless_Driving,2way,4.0,80,WiFi,-57,62.0,11.0,0.0087296524996254,40.322294292731314,21.792326031577034,Intentional
User_68,2025-08-05 01:05:43,0.472,0.4649,Running,Ligeris,Speeding,5way,3.0,40,3G,-116,62.0,-11.0,0.002818100991553,40.30624708327919,21.80748742495758,Intentional
User_90,2025-08-05 02:29:20,0.525,0.4938,Walking,Koila,Speeding,5way,0.0,50,3G,-88,53.0,5.0,0.0097725008196062,40.32280000197279,21.79104092573836,Intentional
User_48,2025-08-05 02:29:51,0.599,0.7004,Running,Spinari,Driving_Under_Influence,1way,1.0,90,4G,-96,53.0,7.0,0.0040017694076367,40.3221809758404,21.791256784153244,Intentional
User_92,2025-08-05 06:42:33,0.694,0.6082,Running,Ligeris,Reckless_Driving,5way,0.0,10,3G,-70,27.0,2.0,0.028,40.30580780082902,21.809238771185115,Intentional
User_38,2025-08-05 06:53:38,0.306,0.7381,Swimming,Koila,Speeding,1way,0.0,70,5G,-110,16.0,-1.0,0.0059625467912165,40.322026132982984,21.791233898990356,Intentional
User_24,2025-08-05 08:39:20,0.445,0.5156,Swimming,Ligeris,Reckless_Driving,2way,2.0,80,3G,-102,75.0,10.0,0.0067198865107763,37.858198,21.807445987384416,Intentional
User_25,2025-08-05 08:43:33,0.408,0.5698,Walking,Koila,Driving_Under_Influence,6way,1.0,30,3G,-107,84.0,-4.0,0.005457467479638,40.32247720124777,21.78956361338153,Intentional
User_17,2025-08-05 11:29:58,0.631,0.5738,Flying,Koila,Driving_Under_Influence,2way,0.0,40,WiFi,-51,49.0,5.0,0.0095274094761694,38.169077,21.791281433399057,Intentional
User_16,2025-08-05 13:20:16,0.513,0.5641,Flying,Ligeris,Reckless_Driving,2way,1.0,60,5G,-118,12.0,9.0,0.0078833777490758,40.30623872638237,21.807265271411147,Intentional
User_93,2025-08-05 17:26:11,0.588,0.4532,Driving,Ligeris,Reckless_Driving,6way,0.0,30,WiFi,-67,69.0,10.0,0.0087999748938218,40.30488722215278,21.807430029234016,Intentional
User_86,2025-08-05 19:25:32,0.469,0.4341,Swimming,Koila,Speeding,2way,0.0,60,5G,-111,95.0,6.0,0.0054313730617714,40.322080820726185,21.791295601078858,Intentional
User_33,2025-08-06 01:23:08,0.634,0.6482,Walking,Ligeris,Driving_Under_Influence,6way,0.0,60,4G,Ethernet,23.0,4.0,0.0026381040061253,40.30748742038287,21.791256784153244,Intentional
User_25,2025-08-06 04:18:36,0.408,0.5708,Driving,Zep,Driving_Under_Influence,5way,0.0,40,WiFi,-75,83.0,0.0,0.002058713385819,40.27985043322643,22.796075,Intentional
User_40,2025-08-06 07:36:42,0.482,0.8027,Swimming,Ligeris,Speeding,1way,0.0,60,5G,Ethernet,87.0,-14.0,0.0098059992123661,40.30707484552574,21.80845032914101,Intentional
User_31,2025-08-06 09:37:41,0.46,0.7874,Walking,Center,Speeding,2way,2.0,30,3G,-93,56.0,-10.0,0.007771744485684,40.28112520448876,21.753371822582444,Intentional
User_76,2025-08-06 09:58:16,0.355,0.6331,Swimming,Ligeris,Reckless_Driving,4way,0.0,50,4G,-75,45.0,-16.0,0.0079922638989557,40.30599123576923,21.806180202399553,Intentional
User_27,2025-08-06 18:02:21,0.535,0.6861,Running,Ligeris,Driving_Under_Influence,6way,0.0,10,WiFi,-77,52.0,7.0,0.0091482139490379,40.30651307889947,21.807624274150488,Intentional
User_53,2025-08-06 19:42:36,0.313,0.5346,Flying,Zep,Speeding,2way,0.0,30,4G,-95,9.0,1.0,0.041,40.279389002797664,21.75307198502226,Intentional
User_36,2025-08-06 21:21:36,0.46,0.8239,Walking,Koila,Driving_Under_Influence,6way,1.0,60,5G,Ethernet,21.0,16.0,0.0059745980524367,40.323701369680016,21.79163612089176,Intentional
User_38,2025-08-06 21:59:55,0.306,0.7411,Running,Ligeris,Reckless_Driving,6way,1.0,50,WiFi,-90,66.0,-12.0,0.0054829793804403,40.30730976072922,21.809193645754014,Intentional
User_62,2025-08-07 01:58:24,0.366,0.5452,Running,Ligeris,Driving_Under_Influence,5way,1.0,50,WiFi,-65,21.0,-2.0,0.0067484875901689,40.30578218126805,21.80782335997895,Intentional
User_84,2025-08-07 03:24:17,0.527,0.5097,Driving,Center,Reckless_Driving,2way,0.0,60,5G,-76,8.0,10.0,0.027,40.30777823826794,21.80658725591344,Intentional
User_64,2025-08-07 06:04:27,0.511,0.7878,Flying,Ligeris,Driving_Under_Influence,4way,1.0,120,5G,-91,62.0,-8.0,0.0086470276763814,40.30673490430066,21.80721171148816,Intentional
User_88,2025-08-07 07:22:25,0.471,0.5627,Walking,Spinari,Driving_Under_Influence,2way,1.0,10,4G,-119,24.0,-1.0,0.0012309816699848,40.32337746473067,21.792680608583716,Intentional
User_85,2025-08-07 08:45:29,0.254,0.5623,Running,Center,Driving_Under_Influence,2way,2.0,50,5G,-114,17.0,3.0,0.0052946316926698,40.28043365988816,22.553358,Intentional
User_46,2025-08-07 12:21:21,0.519,0.7786,Running,Koila,Reckless_Driving,6way,0.0,30,5G,-102,14.0,-6.0,0.048,40.32215102516809,21.79125008982926,Intentional
User_24,2025-08-07 12:57:45,0.445,0.5196,Swimming,Ligeris,Reckless_Driving,4way,3.0,80,3G,-81,5.0,-12.0,0.021,40.305625404671055,21.808252247016572,Intentional
User_14,2025-08-07 18:31:58,0.393,0.6444,Swimming,Koila,Driving_Under_Influence,2way,0.0,60,WiFi,-83,-159.0,-16.0,0.0026807029315352,40.3220474707461,21.791290701717156,Intentional
User_16,2025-08-07 18:42:25,0.513,0.6437,Running,Center,Speeding,4way,1.0,90,WiFi,-52,72.0,10.0,0.0091155526464586,40.30752895093612,21.807416001895294,Intentional
User_29,2025-08-07 20:38:12,0.415,0.6014,Driving,Zep,Driving_Under_Influence,6way,1.0,30,4G,Satellite,80.0,-3.0,0.0094643591107296,40.27974347261346,21.752928312149574,Intentional
User_55,2025-08-07 21:06:36,0.447,0.7724,Driving,Ligeris,Driving_Under_Influence,5way,4.0,40,4G,-72,92.0,-6.0,0.0084274730739749,40.30607226063617,21.808281151863177,Intentional
User_03,2025-08-07 23:07:11,0.568,0.4664,Swimming,Ligeris,Speeding,2way,0.0,50,104,-104,15.0,-7.0,0.005256375126509,40.30635905091891,21.806962561715473,Intentional
User_24,2025-08-08 01:55:36,0.445,0.5206,Running,Ligeris,Speeding,6way,2.0,70,3G,-115,23.0,-8.0,0.0043722403879081,40.30510659971088,21.80875526041265,Intentional
User_13,2025-08-08 03:52:30,0.75,0.6824,Swimming,Ligeris,Speeding,2way,1.0,20,WiFi,-87,90.0,-19.0,0.0011252755950182,40.3071436383669,21.80805958036671,Intentional
User_62,2025-08-08 04:02:52,0.366,0.5472,Walking,Koila,Speeding,5way,2.0,70,WiFi,-76,86.0,0.0,0.0019518938084711,40.32121489360469,21.790191685621465,Intentional
User_97,2025-08-08 04:07:16,0.337,0.7183,Swimming,Ligeris,Speeding,2way,1.0,60,WiFi,-72,-154.0,8.0,0.0091754396862536,40.3076689376874,21.80889991620605,Intentional
User_70,2025-08-08 07:42:56,0.601,0.5339,Driving,Zep,Speeding,5way,1.0,60,WiFi,-72,72.0,-7.0,0.005653142335994,40.27930039901815,21.752136531582956,Intentional
User_74,2025-08-08 09:07:32,0.497,0.7964,Walking,Koila,Driving_Under_Influence,6way,0.0,20,3G,Satellite,77.0,-8.0,0.0049719462340554,40.3222193233482,21.79244832924578,Intentional
User_01,2025-08-08 12:59:58,0.619,0.7108,Walking,Koila,Speeding,6way,1.0,40,3G,-79,22.0,18.0,0.004126936394015,40.3221198091971,21.791546339526946,Intentional
User_07,2025-08-08 13:11:37,0.625,0.5204,Running,Spinari,Reckless_Driving,4way,1.0,40,WiFi,-79,16.0,8.0,0.0086179954561137,40.30606596908914,21.80755571920354,Intentional
User_35,2025-08-08 14:30:48,0.274,0.5182,Walking,Spinari,Speeding,2way,5.0,50,5G,-78,9.0,11.0,0.0060579833505102,40.28038696178411,21.75196844317695,Intentional
User_33,2025-08-08 15:24:13,0.634,0.6522,Driving,Ligeris,Driving_Under_Influence,6way,0.0,90,109,-87,85.0,16.0,0.0081861719811768,40.30785916102019,21.80699117491838,Intentional
User_71,2025-08-08 15:56:42,0.256,0.4423,Walking,Spinari,Reckless_Driving,2way,0.0,60,111,-88,13.0,-12.0,0.0010350809381821,40.32304204298209,21.790885026751248,Intentional
User_22,2025-08-08 16:32:41,0.413,0.4859,Walking,Koila,Speeding,6way,0.0,30,WiFi,-71,17.0,5.0,0.0042308424893454,40.32228147897115,21.79322222968374,Intentional
User_26,2025-08-09 01:02:20,0.408,0.6885,Walking,Zep,Driving_Under_Influence,6way,0.0,20,4G,-94,71.0,13.0,0.0077810228094764,37.616884,21.75275743529236,Intentional
User_59,2025-08-09 07:03:46,0.265,0.6182,Walking,Center,Speeding,1way,0.0,50,5G,-119,49.0,12.0,0.0017002209774431,40.323018769811505,21.79143487787536,Intentional
User_79,2025-08-09 09:59:59,0.389,0.558,Running,Zep,Driving_Under_Influence,5way,0.0,40,5G,-78,-135.0,10.0,0.0022490205876859,40.27997426653465,21.75317663113795,Intentional
User_21,2025-08-09 12:37:19,0.303,0.4532,Swimming,Zep,Reckless_Driving,1way,0.0,20,5G,-115,71.0,0.0,0.044,40.27909414066093,21.75450213324039,Intentional
User_95,2025-08-09 14:41:21,0.545,0.7149,Running,Koila,Speeding,5way,2.0,30,WiFi,-72,21.0,-7.0,0.0058655029146021,40.323141834066575,21.79138979499007,Intentional
User_66,2025-08-09 15:47:02,0.28,0.6707,Running,Koila,Driving_Under_Influence,6way,1.0,40,3G,-75,29.0,3.0,0.0062037655401789,40.32322864833508,21.790312387571184,Intentional
User_05,2025-08-09 21:04:12,0.743,0.7377,Walking,Zep,Speeding,5way,1.0,60,3G,-88,72.0,-11.0,0.0071077319772402,40.28026103591576,21.75285249326844,Intentional
User_53,2025-08-10 07:22:07,0.313,0.5416,Running,Zep,Driving_Under_Influence,6way,2.0,30,3G,-116,70.0,-3.0,0.0014145395474237,40.28025701069891,21.791256784153244,Intentional
User_89,2025-08-10 07:53:36,0.336,0.4551,Walking,Zep,Reckless_Driving,5way,0.0,20,4G,-105,65.0,-16.0,0.0057338641131991,40.2779704608041,21.752543810732792,Intentional
User_90,2025-08-10 08:55:46,0.525,0.5038,Swimming,Ligeris,Speeding,2way,0.0,80,WiFi,Satellite,44.0,-9.0,0.0096608895115515,40.307554775110354,21.806116888344818,Intentional
User_26,2025-08-10 12:28:03,0.408,0.6905,Flying,Zep,Reckless_Driving,2way,1.0,60,4G,-114,46.0,8.0,0.0033284183715716,40.27886586339833,21.791256784153244,Intentional
User_24,2025-08-10 13:00:40,0.445,0.5246,Swimming,Zep,Speeding,1way,0.0,50,3G,-107,10.0,-3.0,0.002828746160666,40.27995963260627,22.692544,Intentional
User_45,2025-08-10 13:40:21,0.285,0.7153,Flying,Koila,Reckless_Driving,4way,0.0,30,106,-103,31.0,-15.0,0.0041329831957509,40.3212846366968,21.79058615387163,Intentional
User_68,2025-08-10 13:54:42,0.472,0.4759,Driving,Zep,Speeding,6way,0.0,70,112,-72,84.0,0.0,0.0094077287653194,40.28034202398511,21.75410605116027,Intentional
User_10,2025-08-10 14:03:32,0.315,0.7928,Walking,Zep,Driving_Under_Influence,6way,0.0,110,3G,-75,-10.0,8.0,0.0040761969944026,40.28025024051858,21.753203110109514,Intentional
User_26,2025-08-10 15:07:29,0.408,0.6915,Walking,Center,Speeding,4way,0.0,90,4G,-102,33.0,-22.0,0.0061709935352422,40.32246249490076,21.791637223509035,Intentional
User_79,2025-08-10 21:35:01,0.389,0.561,Running,Spinari,Speeding,4way,0.0,40,WiFi,-88,88.0,0.0,0.0064471681017387,40.28028279952024,21.755302715209016,Intentional
User_17,2025-08-11 00:23:23,0.631,0.5848,Flying,Koila,Speeding,4way,2.0,70,4G,-71,96.0,-15.0,0.0012306180512058,40.32202546426447,19.303374,Intentional
User_12,2025-08-11 01:33:26,0.67,0.7962,Swimming,Koila,Speeding,2way,1.0,10,5G,-70,84.0,5.0,0.0050674221615179,40.32309086783227,21.79181131475409,Intentional
User_53,2025-08-11 01:40:42,0.313,0.5446,Driving,Spinari,Reckless_Driving,2way,0.0,50,WiFi,Ethernet,65.0,-12.0,0.0045859766475881,40.306230115631266,21.807774204631315,Intentional
User_85,2025-08-11 04:16:16,0.254,0.5703,Flying,Koila,Reckless_Driving,4way,1.0,60,115,-78,41.0,-10.0,0.0082504978800275,40.32196458341767,21.791488486021997,Intentional
User_03,2025-08-11 05:39:31,0.568,0.4734,Swimming,Ligeris,Driving_Under_Influence,2way,0.0,80,5G,Ethernet,47.0,0.0,0.005653142335994,40.30588498429909,21.791256784153244,Intentional
User_28,2025-08-11 12:42:07,0.348,0.7543,Running,Center,Speeding,2way,1.0,40,WiFi,-89,18.0,-5.0,0.0028723823892664,40.2801577099285,21.751402440853877,Intentional
User_57,2025-08-11 13:38:27,0.372,0.5562,Running,Center,Reckless_Driving,1way,0.0,60,WiFi,-83,29.0,-9.0,0.041,40.30589343858815,21.80566741677207,Intentional
User_98,2025-08-11 18:20:34,0.46,0.5978,Walking,Koila,Driving_Under_Influence,6way,2.0,20,4G,-106,35.0,8.0,0.0088951024528503,40.32090769488751,21.789699460805892,Intentional
User_78,2025-08-11 19:42:00,0.46,0.6836,Swimming,Ligeris,Speeding,2way,1.0,40,WiFi,-73,38.0,5.0,0.0048577547239101,40.306412006415854,21.807598949861088,Intentional
User_67,2025-08-11 22:01:43,0.529,0.6566,Flying,Ligeris,Reckless_Driving,2way,0.0,80,WiFi,-57,65.0,-10.0,0.002689215005172,40.30613437107569,21.80675916033457,Intentional
User_52,2025-08-12 00:40:17,0.544,0.5232,Walking,Center,Reckless_Driving,1way,0.0,10,WiFi,-90,32.0,1.0,0.0071819387531041,40.28014369839697,21.75523043542963,Intentional
User_100,2025-08-12 01:13:24,0.37,0.7,Driving,Zep,Reckless_Driving,5way,4.0,10,119,-87,5.0,-4.0,0.009453311847886,40.280239475235746,21.753564226582277,Intentional
User_72,2025-08-12 06:14:18,0.567,0.4885,Swimming,Koila,Speeding,2way,0.0,80,4G,-93,4.0,-5.0,0.006857771979593,40.2786836391253,21.75390219743876,Intentional
User_60,2025-08-12 16:37:59,0.353,0.8118,Running,Center,Driving_Under_Influence,4way,1.0,50,5G,Ethernet,100.0,-15.0,0.0039870172606406,40.3217901392167,21.791256784153244,Intentional
User_28,2025-08-12 16:47:01,0.46,0.7573,Walking,Center,Driving_Under_Influence,4way,0.0,40,4G,-88,37.0,6.0,0.027,40.30664161246606,21.809126797370123,Intentional
User_48,2025-08-12 17:36:47,0.599,0.7154,Walking,Zep,Speeding,6way,0.0,30,3G,-95,66.0,-17.0,0.0025323407307681,40.280303860926864,21.752702362646552,Intentional
User_78,2025-08-12 17:46:33,0.347,0.6866,Running,Ligeris,Driving_Under_Influence,6way,0.0,70,WiFi,-55,7.0,9.0,0.0052419585367811,40.306450886871495,21.807065517887548,Intentional
User_82,2025-08-12 19:39:42,0.324,0.6599,Swimming,Koila,Speeding,2way,0.0,20,WiFi,-67,69.0,12.0,0.0067315784462974,40.321782031223506,21.793287656153275,Intentional
User_56,2025-08-13 08:16:39,0.374,0.4617,Flying,Zep,Driving_Under_Influence,1way,1.0,30,WiFi,-62,62.0,-16.0,0.006874552774458,40.278005151679295,21.75374902188972,Intentional
User_93,2025-08-13 20:17:05,0.588,0.4702,Driving,Koila,Reckless_Driving,5way,0.0,50,3G,-78,2.0,6.0,0.0068932703159579,40.32207153401257,23.560139,Intentional
User_70,2025-08-13 20:50:16,0.601,0.5439,Walking,Koila,Driving_Under_Influence,6way,0.0,40,3G,-104,50.0,-13.0,0.0082052809777348,40.322897175129064,23.720623,Intentional
User_04,2025-08-13 23:58:48,0.662,0.5017,Driving,Zep,Driving_Under_Influence,5way,0.0,40,5G,-105,31.0,1.0,0.0091420247435056,40.28022677788779,17.916868,Intentional
User_78,2025-08-14 01:52:29,0.347,0.6896,Walking,Koila,Reckless_Driving,6way,1.0,50,103,-108,76.0,1.0,0.0044102490022568,40.3232142948984,21.79232738358231,Intentional
User_98,2025-08-14 02:20:54,0.46,0.6028,Swimming,Zep,Driving_Under_Influence,2way,1.0,80,3G,-117,22.0,-4.0,0.0020852361627586,40.2794887480699,21.753261743048192,Intentional
User_59,2025-08-14 04:07:39,0.265,0.6282,Driving,Center,Reckless_Driving,1way,0.0,70,WiFi,-68,-18.0,-15.0,0.0018537361463248,40.27840764016183,21.754497439440662,Intentional
User_75,2025-08-14 04:24:23,0.409,0.6231,Running,Center,Speeding,1way,0.0,40,5G,-92,21.0,-5.0,0.004807153410948,40.28000607459014,21.753983897756303,Intentional
User_71,2025-08-14 07:57:04,0.256,0.4533,Walking,Koila,Driving_Under_Influence,6way,0.0,60,3G,-72,90.0,2.0,0.005050216917054,40.307092917122915,17.613988,Intentional
User_85,2025-08-14 11:19:29,0.254,0.5763,Driving,Koila,Speeding,5way,1.0,30,WiFi,-84,-121.0,-9.0,0.0023226146080482,40.323010127089745,21.791162294009787,Intentional
User_69,2025-08-14 11:23:41,0.34,0.8111,Running,Center,Driving_Under_Influence,1way,0.0,50,WiFi,-65,88.0,24.0,0.0072101044671122,40.278751245840446,21.75488366121873,Intentional
User_87,2025-08-14 11:31:59,0.709,0.8312,Running,Center,Reckless_Driving,2way,1.0,30,WiFi,-67,17.0,0.0,0.0070372687466586,38.864919,21.80747735035665,Intentional
User_99,2025-08-14 11:34:39,0.465,0.6614,Flying,Koila,Reckless_Driving,4way,2.0,80,3G,-115,55.0,-15.0,0.0027902684974984,40.32124109076683,21.791144604067597,Intentional
User_58,2025-08-14 12:11:36,0.465,0.485,Swimming,Ligeris,Driving_Under_Influence,1way,0.0,40,5G,-71,29.0,-9.0,0.008650930481171,40.30633207158637,21.807737872752476,Intentional
User_82,2025-08-14 13:51:16,0.324,0.6639,Driving,Zep,Reckless_Driving,5way,1.0,30,WiFi,-63,64.0,0.0,0.0095572782023171,37.219555,21.75326170882102,Intentional
User_74,2025-08-14 15:27:28,0.497,0.8074,Flying,Koila,Reckless_Driving,1way,0.0,10,5G,-72,25.0,-24.0,0.003929608068625,40.3218277054851,21.79076214369635,Intentional
User_29,2025-08-14 16:56:37,0.415,0.6154,Walking,Center,Reckless_Driving,2way,0.0,60,WiFi,-60,35.0,11.0,0.0039873785365814,40.32357737145371,21.790933980021535,Intentional
User_85,2025-08-14 18:33:12,0.254,0.5773,Walking,Zep,Driving_Under_Influence,6way,0.0,10,4G,-88,92.0,-16.0,0.0051564725188679,40.279674902203,21.7538441297503,Intentional
User_71,2025-08-14 21:30:13,0.256,0.4543,Walking,Zep,Reckless_Driving,5way,1.0,80,WiFi,-55,75.0,16.0,0.0079314217369952,40.28036026622485,21.752936735668648,Intentional
User_46,2025-08-14 23:54:34,0.519,0.7926,Driving,Center,Speeding,2way,0.0,20,4G,-77,83.0,-16.0,0.0013601300860516,40.3052329534531,21.807518724368983,Intentional
User_29,2025-08-15 02:17:30,0.46,0.6164,Walking,Zep,Driving_Under_Influence,5way,0.0,20,WiFi,-89,54.0,12.0,0.0048582432886127,40.279200504394865,21.753461141271444,Intentional
User_94,2025-08-15 05:11:47,0.681,0.5641,Walking,Zep,Reckless_Driving,6way,0.0,20,4G,-100,83.0,-4.0,0.0047278603616163,41.689944,21.752093046847516,Intentional
User_45,2025-08-15 07:12:00,0.285,0.7263,Driving,Center,Speeding,2way,0.0,60,3G,-94,18.0,-10.0,0.0064828102212248,40.280730114533405,21.791256784153244,Intentional
User_96,2025-08-15 10:50:20,0.261,0.7101,Running,Spinari,Speeding,1way,0.0,50,5G,-118,9.0,16.0,0.0078761626012321,40.305596868251705,21.80767648037403,Intentional
User_34,2025-08-15 13:33:31,0.431,0.6069,Flying,Koila,Speeding,2way,0.0,30,WiFi,-90,49.0,24.0,0.0059752544089509,40.32126623054839,21.790290233784233,Intentional
User_56,2025-08-15 15:01:38,0.374,0.4657,Swimming,Ligeris,Speeding,1way,0.0,30,4G,-75,32.0,6.0,0.044,40.30642228351453,21.807383340011516,Intentional
User_76,2025-08-15 15:14:31,0.355,0.6511,Walking,Zep,Driving_Under_Influence,5way,0.0,30,WiFi,-77,17.0,2.0,0.026,40.28045258485801,21.75425849904361,Intentional
User_10,2025-08-15 17:33:04,0.315,0.8038,Flying,Zep,Driving_Under_Influence,2way,0.0,30,5G,-96,28.0,-7.0,0.0095990221754564,40.28054070959267,21.752994723998444,Intentional
User_65,2025-08-15 17:42:04,0.448,0.5291,Walking,Ligeris,Reckless_Driving,6way,0.0,80,4G,-72,64.0,-8.0,0.0059112535306345,37.431307,21.807203115818066,Intentional
User_03,2025-08-15 19:14:33,0.568,0.4824,Swimming,Ligeris,Driving_Under_Influence,1way,2.0,60,4G,-93,88.0,-7.0,0.0060833215349692,40.306272582725754,18.44475,Intentional
User_79,2025-08-15 19:15:01,0.389,0.571,Running,Zep,Speeding,6way,1.0,10,4G,-110,60.0,5.0,0.0026184636050638,40.279844991667815,22.622053,Intentional
User_93,2025-08-15 22:51:04,0.588,0.4742,Flying,Koila,Reckless_Driving,1way,0.0,40,4G,-86,90.0,-15.0,0.007049790762219,40.32104473943035,17.883847,Intentional
User_39,2025-08-16 03:58:59,0.598,0.6027,Driving,Zep,Driving_Under_Influence,6way,3.0,50,4G,-107,52.0,14.0,0.009018097591791,40.27878622979415,21.75256078575021,Intentional
User_71,2025-08-16 08:47:31,0.256,0.4583,Running,Koila,Speeding,6way,0.0,40,5G,-100,17.0,-16.0,0.007389366764534,42.448951,21.791235387235265,Intentional
User_31,2025-08-16 13:47:26,0.56,0.8074,Driving,Center,Driving_Under_Influence,1way,0.0,30,3G,-89,36.0,14.0,0.0098056193877441,40.32091787955889,22.104786,Intentional
User_12,2025-08-16 14:32:34,0.67,0.8062,Swimming,Ligeris,Driving_Under_Influence,2way,2.0,50,105,-84,23.0,-11.0,0.0069577610734294,40.305477290781255,21.806307362110623,Intentional
User_46,2025-08-16 15:19:21,0.519,0.7966,Running,Ligeris,Driving_Under_Influence,5way,4.0,20,118,-71,56.0,-1.0,0.0083469013302835,40.30612211040679,21.807695113778813,Intentional
User_48,2025-08-16 19:41:23,0.599,0.7234,Running,Koila,Speeding,6way,1.0,60,5G,-92,93.0,5.0,0.001662119261102,40.32147754598316,21.7900888078106,Intentional
User_36,2025-08-16 20:41:53,0.563,0.8439,Driving,Koila,Reckless_Driving,5way,1.0,60,WiFi,-78,24.0,24.0,0.0039622895045027,40.323353530697446,21.791591042870778,Intentional
User_35,2025-08-16 21:22:25,0.274,0.5352,Walking,Koila,Driving_Under_Influence,6way,1.0,40,WiFi,Satellite,87.0,-13.0,0.0055742121836146,40.32206772780309,21.791229430481796,Intentional
User_32,2025-08-17 05:23:32,0.464,0.476,Running,Center,Speeding,1way,0.0,30,3G,-89,58.0,-5.0,0.0041135436556068,41.250451,21.80750391404153,Intentional
User_38,2025-08-17 06:30:04,0.306,0.7621,Walking,Spinari,Speeding,4way,2.0,40,5G,-106,50.0,2.0,0.042,40.30598915416875,21.807909164812912,Intentional
User_10,2025-08-17 08:37:35,0.315,0.8078,Driving,Center,Reckless_Driving,4way,0.0,80,3G,-88,-34.0,-14.0,0.0087310082731818,40.32164722133921,21.79135486868922,Intentional
User_26,2025-08-17 10:16:44,0.408,0.7055,Walking,Spinari,Speeding,4way,1.0,40,3G,-101,49.0,8.0,0.0072945317226413,40.322616773996785,21.79100050629138,Intentional
User_34,2025-08-17 11:38:53,0.431,0.6109,Swimming,Ligeris,Driving_Under_Influence,4way,1.0,10,109,-61,42.0,1.0,0.0027721760645741,40.30694121206201,21.80659705813864,Intentional
User_80,2025-08-17 12:37:27,0.704,0.6167,Swimming,Ligeris,Speeding,2way,0.0,70,WiFi,Satellite,96.0,-15.0,0.0029544614636257,40.3063848080466,21.807641920696415,Intentional
User_16,2025-08-17 12:50:28,0.513,0.6637,Walking,Center,Reckless_Driving,2way,0.0,80,WiFi,-102,43.0,12.0,0.0069607593080623,40.30562591350521,21.80814368855453,Intentional
User_03,2025-08-17 13:00:12,0.568,0.4854,Driving,Spinari,Driving_Under_Influence,2way,0.0,30,3G,-96,68.0,-1.0,0.0034971446830951,40.279431571593065,21.7537408478454,Intentional
User_08,2025-08-17 13:02:11,0.347,0.8148,Running,Center,Speeding,2way,0.0,30,WiFi,-89,-135.0,7.0,0.0099573423032433,40.3059779070279,21.80779476405616,Intentional
User_86,2025-08-17 15:48:34,0.469,0.4581,Swimming,Ligeris,Reckless_Driving,2way,1.0,30,WiFi,-52,71.0,-13.0,0.0015174513084942,38.244778,21.80732100002579,Intentional
User_40,2025-08-17 15:58:02,0.482,0.8237,Running,Spinari,Reckless_Driving,2way,0.0,40,4G,-120,3.0,12.0,0.0020043438938349,40.30637991803418,21.8075493805712,Intentional
User_93,2025-08-17 16:31:00,0.588,0.4782,Walking,Ligeris,Reckless_Driving,6way,1.0,60,5G,-117,99.0,12.0,0.0068741346937202,40.30535630327161,21.80739541891646,Intentional
User_33,2025-08-17 19:14:41,0.634,0.6702,Driving,Koila,Driving_Under_Influence,6way,0.0,40,5G,-96,51.0,-15.0,0.0030567982956886,42.090153,21.78942896170206,Intentional
User_21,2025-08-17 20:20:29,0.303,0.4702,Walking,Center,Reckless_Driving,1way,2.0,70,4G,-99,43.0,4.0,0.0044302774035502,40.27888304830558,21.752559817913188,Intentional
User_94,2025-08-18 00:04:21,0.681,0.558,Walking,Zep,Driving_Under_Influence,6way,0.0,60,5G,-115,83.0,-10.0,0.0091449638406844,37.759278,21.75469807171033,Intentional
User_68,2025-08-18 00:46:16,0.472,0.4909,Flying,Ligeris,Driving_Under_Influence,1way,0.0,10,WiFi,-82,83.0,-15.0,0.0052102902082442,40.30531150979583,21.80891792011819,Intentional
User_36,2025-08-18 03:10:48,0.563,0.5641,Flying,Ligeris,Speeding,2way,0.0,60,5G,-100,19.0,-13.0,0.0067477851219804,40.306340957178655,21.80765896797872,Intentional
User_71,2025-08-18 03:28:18,0.256,0.4613,Flying,Ligeris,Reckless_Driving,4way,4.0,20,WiFi,-77,92.0,-15.0,0.009649986788461,40.30495395237914,21.808666557654423,Intentional
User_41,2025-08-18 05:49:09,0.628,0.6201,Driving,Spinari,Speeding,2way,2.0,70,5G,-103,18.0,-2.0,0.0066445028677155,40.32164279965699,21.79263335865161,Intentional
User_88,2025-08-18 07:28:10,0.471,0.5847,Walking,Center,Speeding,4way,0.0,40,103,-99,56.0,10.0,0.0046571715971854,40.27993770141312,21.754013518147097,Intentional
User_31,2025-08-18 08:57:26,0.46,0.8124,Walking,Spinari,Driving_Under_Influence,1way,1.0,80,3G,-118,48.0,-23.0,0.0056516972633423,40.30518030646619,21.807439949615123,Intentional
User_74,2025-08-18 10:59:23,0.497,0.8154,Swimming,Koila,Speeding,2way,0.0,10,5G,-106,1.0,-4.0,0.0068966894525484,40.32034084715697,21.791031673978395,Intentional
User_39,2025-08-18 20:25:42,0.598,0.6077,Running,Koila,Speeding,6way,3.0,40,3G,-113,96.0,15.0,0.006369986644503,40.322788735813496,21.790734357228896,Intentional
User_76,2025-08-18 23:48:43,0.355,0.6581,Flying,Zep,Reckless_Driving,1way,1.0,50,3G,-109,74.0,6.0,0.0087407752557424,42.133197,21.7526791535739,Intentional
User_19,2025-08-18 23:56:01,0.745,0.8405,Running,Zep,Speeding,6way,0.0,80,119,-84,10.0,5.0,0.0097769780920347,40.278981458041265,21.754265061891846,Intentional
User_80,2025-08-19 06:10:12,0.704,0.6217,Driving,Koila,Reckless_Driving,6way,0.0,60,WiFi,-58,62.0,0.0,0.0064751281176759,40.32182993115323,21.790778971108928,Intentional
User_47,2025-08-19 06:33:13,0.585,0.5682,Walking,Spinari,Reckless_Driving,4way,3.0,10,3G,-80,100.0,-9.0,0.0087440851486456,40.32256130731577,21.793272374651192,Intentional
User_94,2025-08-19 10:52:24,0.681,0.561,Flying,Zep,Driving_Under_Influence,4way,1.0,80,5G,-104,48.0,12.0,0.0053267224052655,40.279460508240035,21.75386881188853,Intentional
User_73,2025-08-19 11:08:24,0.325,0.6507,Running,Koila,Speeding,6way,2.0,60,WiFi,-53,54.0,16.0,0.0028204800917508,40.32137972876794,21.791518455356375,Intentional
User_88,2025-08-19 12:54:30,0.471,0.5877,Flying,Ligeris,Driving_Under_Influence,4way,0.0,60,5G,-110,90.0,-14.0,0.0031093327775216,40.306590738535085,21.808426481531264,Intentional
User_25,2025-08-19 13:01:53,0.408,0.5978,Flying,Koila,Reckless_Driving,2way,1.0,30,5G,-79,85.0,11.0,0.0080513311332256,40.321514488022785,21.790059312937057,Intentional
User_67,2025-08-19 15:17:08,0.529,0.6716,Flying,Koila,Speeding,4way,5.0,20,4G,-82,46.0,1.0,0.0030389491553195,40.32131989747939,21.79115788471853,Intentional
User_37,2025-08-19 15:21:20,0.306,0.7364,Swimming,Zep,Speeding,2way,0.0,90,WiFi,-83,50.0,16.0,0.003613161087561,38.618117,21.751546109217234,Intentional
User_20,2025-08-19 16:57:40,0.334,0.7821,Driving,Spinari,Speeding,2way,1.0,30,3G,-78,22.0,12.0,0.032,40.32188828293421,21.791268939313408,Intentional
User_41,2025-08-19 22:36:50,0.628,0.6231,Swimming,Zep,Reckless_Driving,1way,2.0,30,3G,-75,26.0,0.0,0.009351495666834,40.28075179828123,21.75420543093791,Intentional
User_11,2025-08-20 01:29:13,0.602,0.779,Walking,Center,Reckless_Driving,2way,4.0,110,WiFi,-78,57.0,1.0,0.0049797860162514,40.27957159683118,21.753143026756938,Intentional
User_42,2025-08-20 01:34:23,0.738,0.5766,Flying,Koila,Reckless_Driving,4way,0.0,40,5G,-120,8.0,-6.0,0.0016219153716915,40.32190144842217,21.791256784153244,Intentional
User_07,2025-08-20 02:24:27,0.625,0.5434,Walking,Center,Speeding,1way,1.0,20,WiFi,-89,7.0,-13.0,0.0086019954892297,40.27967038218163,21.753307582349127,Intentional
User_59,2025-08-20 02:47:00,0.265,0.6402,Swimming,Koila,Speeding,4way,0.0,20,5G,-105,53.0,24.0,0.0028716481089544,40.32221290306653,21.78916414819425,Intentional
User_97,2025-08-20 04:20:39,0.337,0.7423,Driving,Center,Driving_Under_Influence,1way,0.0,80,5G,-112,-17.0,-6.0,0.005653142335994,40.32246825647949,21.791256784153244,Intentional
User_87,2025-08-20 05:41:06,0.709,0.8432,Walking,Center,Speeding,2way,0.0,60,4G,-100,-18.0,-12.0,0.0030209437329985,40.32173630243374,21.791949099642363,Intentional
User_39,2025-08-20 06:10:33,0.598,0.6117,Flying,Zep,Reckless_Driving,1way,0.0,50,5G,-89,81.0,-1.0,0.004364645847717,40.27897752591108,23.152346,Intentional
User_67,2025-08-20 06:38:49,0.529,0.6736,Running,Ligeris,Reckless_Driving,6way,0.0,40,5G,Satellite,50.0,-6.0,0.0017083566317402,40.30651369883034,21.808252410692052,Intentional
User_44,2025-08-20 07:01:44,0.332,0.5456,Walking,Spinari,Driving_Under_Influence,2way,1.0,40,WiFi,-68,-48.0,-11.0,0.0036860014290016,40.32288154063383,21.79169519745011,Intentional
User_25,2025-08-20 11:01:44,0.408,0.5988,Running,Center,Reckless_Driving,2way,0.0,110,119,-71,49.0,-6.0,0.00327048267912,40.280014429915504,21.752530062832378,Intentional
User_67,2025-08-20 11:37:53,0.529,0.6746,Walking,Center,Speeding,1way,0.0,20,3G,Satellite,32.0,3.0,0.0080543839859656,40.280223181046296,21.751666636366515,Intentional
User_56,2025-08-20 15:04:33,0.374,0.4747,Walking,Koila,Speeding,6way,1.0,20,WiFi,-55,4.0,-16.0,0.004912667058602,40.32229881663514,21.791975932704627,Intentional
User_50,2025-08-20 17:38:58,0.398,0.6956,Walking,Center,Driving_Under_Influence,2way,0.0,50,WiFi,-79,30.0,11.0,0.0092870675613641,40.321327442695825,18.55551,Intentional
User_38,2025-08-21 00:21:14,0.306,0.7701,Swimming,Koila,Driving_Under_Influence,2way,0.0,60,WiFi,-59,10.0,15.0,0.0011998256791665,40.32254059886665,21.791941127841937,Intentional
User_44,2025-08-21 01:40:45,0.332,0.5476,Driving,Koila,Speeding,6way,1.0,70,113,-81,72.0,11.0,0.0064593620694065,40.322339857874304,21.791424097998444,Intentional
User_19,2025-08-21 03:02:42,0.745,0.8455,Driving,Koila,Reckless_Driving,6way,0.0,60,3G,-97,49.0,-5.0,0.0066598764724217,40.32190031054527,21.79192471536986,Intentional
User_14,2025-08-21 05:10:18,0.393,0.6714,Driving,Spinari,Driving_Under_Influence,2way,1.0,20,5G,-72,28.0,22.0,0.0011384350654573,40.27949158874578,21.753472535394092,Intentional
User_100,2025-08-21 06:57:02,0.37,0.718,Driving,Ligeris,Reckless_Driving,6way,2.0,30,3G,-85,77.0,13.0,0.0048034213513414,40.30613192236504,21.80749618629669,Intentional
User_12,2025-08-21 08:56:58,0.67,0.8172,Running,Koila,Driving_Under_Influence,6way,1.0,20,WiFi,-83,51.0,-3.0,0.0027659889110414,40.32197788729738,21.790597245463072,Intentional
User_96,2025-08-21 09:56:54,0.261,0.7221,Walking,Ligeris,Driving_Under_Influence,5way,1.0,80,4G,-70,80.0,6.0,0.0068541596938418,40.3061396709458,21.807244021464257,Intentional
User_48,2025-08-21 10:01:44,0.599,0.7334,Running,Center,Driving_Under_Influence,2way,1.0,10,4G,-75,70.0,11.0,0.0085363785486377,40.3062932760423,21.80744584263392,Intentional
User_25,2025-08-21 15:15:02,0.408,0.6018,Flying,Ligeris,Reckless_Driving,2way,1.0,30,103,-58,61.0,12.0,0.0040359365892627,40.3064633629427,21.806132744047034,Intentional
User_65,2025-08-21 17:03:17,0.448,0.5411,Walking,Spinari,Driving_Under_Influence,2way,0.0,30,WiFi,Ethernet,43.0,-15.0,0.0090103531677402,40.30684003300683,21.80772833657474,Intentional
User_11,2025-08-21 20:02:59,0.602,0.782,Walking,Ligeris,Reckless_Driving,5way,1.0,50,3G,Ethernet,4.0,-3.0,0.0055473964836781,40.30724760333037,21.806785272971464,Intentional
User_05,2025-08-21 20:56:41,0.743,0.7617,Running,Koila,Driving_Under_Influence,6way,1.0,30,4G,-117,16.0,-7.0,0.0073333544458693,42.483737,21.751468864817557,Intentional
User_11,2025-08-22 07:00:28,0.602,0.783,Swimming,Koila,Reckless_Driving,2way,0.0,70,4G,-78,72.0,-8.0,0.0028425967266317,40.32222609307174,21.791237866201463,Intentional
User_34,2025-08-22 14:39:08,0.431,0.6199,Driving,Zep,Speeding,5way,0.0,60,4G,-113,99.0,0.0,0.027,40.279121085386315,21.753258246497538,Intentional
User_54,2025-08-22 15:00:27,0.327,0.5641,Running,Spinari,Driving_Under_Influence,4way,0.0,50,3G,-86,78.0,1.0,0.036,40.30691174263048,21.80693209651451,Intentional
User_98,2025-08-22 15:30:35,0.46,0.6198,Walking,Ligeris,Reckless_Driving,6way,1.0,50,3G,-94,2.0,-13.0,0.0053937053312776,37.308669,21.807025213860577,Intentional
User_50,2025-08-22 17:47:55,0.398,0.6996,Swimming,Zep,Driving_Under_Influence,4way,0.0,70,WiFi,-101,16.0,-7.0,0.009412480572368,40.27995459153429,22.718437,Intentional
User_23,2025-08-22 19:48:54,0.458,0.616,Running,Center,Driving_Under_Influence,1way,1.0,60,5G,-97,77.0,5.0,0.0023729437867721,40.32109011256026,21.789804160315324,Intentional
User_16,2025-08-22 20:31:15,0.513,0.6737,Flying,Koila,Speeding,2way,0.0,30,3G,-79,78.0,-15.0,0.0038568235864983,40.306230115631266,21.79148456218931,Intentional
User_56,2025-08-22 23:21:41,0.374,0.4797,Walking,Center,Reckless_Driving,2way,0.0,60,WiFi,-75,69.0,16.0,0.0058193929724981,40.30717963463535,21.80907745871517,Intentional
User_17,2025-08-23 00:02:07,0.631,0.6088,Swimming,Ligeris,Speeding,2way,0.0,40,WiFi,-71,8.0,21.0,0.004821264055754,40.30526035048657,21.80649788700629,Intentional
User_91,2025-08-23 00:18:47,0.587,0.7728,Running,Koila,Speeding,6way,0.0,30,4G,-72,56.0,10.0,0.0055088314691207,40.32309489200064,21.79041278941372,Intentional
User_13,2025-08-23 04:21:28,0.75,0.7134,Swimming,Zep,Driving_Under_Influence,2way,1.0,90,5G,-93,12.0,6.0,0.0046277741083894,40.306230115631266,21.753312886290622,Intentional
User_94,2025-08-23 04:57:04,0.681,0.568,Running,Spinari,Driving_Under_Influence,4way,0.0,30,WiFi,-88,35.0,-2.0,0.0045599037667041,40.279355373890795,21.75335605143833,Intentional
User_86,2025-08-23 05:45:08,0.469,0.4701,Driving,Spinari,Speeding,2way,1.0,50,5G,-85,88.0,-6.0,0.0012096845282355,40.323024828444616,21.791098016338147,Intentional
User_47,2025-08-23 09:04:18,0.585,0.5762,Running,Zep,Speeding,5way,1.0,70,4G,-117,87.0,2.0,0.0052022449631915,40.27862468316791,21.752676629465835,Intentional
User_74,2025-08-23 12:38:08,0.497,0.8254,Driving,Zep,Driving_Under_Influence,5way,0.0,30,3G,-117,45.0,3.0,0.002724933451405,40.27962246400829,21.75341747677846,Intentional
User_27,2025-08-23 13:13:39,0.535,0.7211,Running,Zep,Reckless_Driving,6way,3.0,70,3G,-100,43.0,-6.0,0.0068640342628708,40.27973417598749,21.751665218145625,Intentional
User_72,2025-08-23 13:32:50,0.567,0.5105,Swimming,Ligeris,Speeding,2way,0.0,30,4G,-108,58.0,-11.0,0.0086228663720319,40.30497011824361,21.807502799838858,Intentional
User_28,2025-08-23 15:50:29,0.348,0.7793,Driving,Ligeris,Driving_Under_Influence,6way,1.0,60,4G,-79,40.0,12.0,0.0090502007447957,40.30619106298663,22.104369,Intentional
User_77,2025-08-23 23:29:03,0.428,0.4865,Walking,Ligeris,Speeding,6way,2.0,40,4G,-97,81.0,-21.0,0.0066606953805206,40.306739398349734,21.807632999530608,Intentional
User_99,2025-08-24 02:09:45,0.46,0.6804,Flying,Zep,Reckless_Driving,1way,1.0,30,3G,-78,61.0,-8.0,0.0035353861652511,40.28060682682071,21.752719836462077,Intentional
User_33,2025-08-24 03:00:05,0.634,0.6842,Flying,Zep,Driving_Under_Influence,1way,1.0,20,5G,-108,14.0,3.0,0.005653142335994,42.632011,21.754178541640457,Intentional
User_61,2025-08-24 06:00:26,0.546,0.5517,Walking,Spinari,Driving_Under_Influence,2way,1.0,30,WiFi,-50,70.0,20.0,0.0012672924622458,40.27966610919517,21.753309429170695,Intentional
User_18,2025-08-24 07:36:16,0.251,0.8605,Walking,Center,Reckless_Driving,2way,0.0,50,3G,-118,88.0,-7.0,0.0087632410036299,40.27998440013562,21.752818000036974,Intentional
User_40,2025-08-24 08:26:34,0.482,0.8377,Swimming,Ligeris,Reckless_Driving,1way,2.0,50,4G,-118,35.0,19.0,0.00444548229643,40.30534119870144,21.8061065308368,Intentional
User_16,2025-08-24 13:59:13,0.513,0.6777,Running,Center,Speeding,2way,1.0,70,4G,-97,64.0,10.0,0.042,40.30665241686814,21.80827296890129,Intentional
User_54,2025-08-24 14:50:28,0.327,0.7459,Swimming,Ligeris,Speeding,2way,1.0,10,3G,-98,88.0,-15.0,0.0046927612269401,40.30650896710391,21.80784200290011,Intentional
User_58,2025-08-24 19:31:09,0.465,0.505,Driving,Koila,Reckless_Driving,6way,1.0,30,4G,-83,78.0,-7.0,0.0027669196218689,41.794267,21.792851991043825,Intentional
User_18,2025-08-25 00:44:26,0.251,0.8625,Swimming,Zep,Driving_Under_Influence,1way,0.0,130,3G,-89,73.0,6.0,0.001309044575915,40.27817281007888,21.752796447389745,Intentional
User_38,2025-08-25 00:46:08,0.306,0.7781,Flying,Zep,Reckless_Driving,4way,0.0,50,4G,-91,89.0,-5.0,0.046,40.280290180621,21.7516569580319,Intentional
User_60,2025-08-25 08:33:42,0.353,0.8388,Swimming,Koila,Reckless_Driving,4way,0.0,80,WiFi,-80,77.0,0.0,0.0013882229235299,41.469855,21.791256784153244,Intentional
User_10,2025-08-25 08:41:21,0.315,0.5641,Driving,Koila,Reckless_Driving,6way,1.0,20,WiFi,-89,2.0,-12.0,0.0039647894792333,40.322186861251865,21.791610298011182,Intentional
User_99,2025-08-25 10:11:24,0.465,0.6824,Swimming,Zep,Speeding,2way,1.0,40,115,-101,86.0,-9.0,0.0085333199110393,40.279494246886664,21.753338694039456,Intentional
User_31,2025-08-25 12:28:09,0.56,0.8264,Driving,Koila,Reckless_Driving,6way,1.0,30,106,-89,78.0,-2.0,0.0059768417314566,40.321493782182266,21.792360441733543,Intentional
User_27,2025-08-25 13:27:42,0.535,0.7241,Driving,Ligeris,Speeding,5way,0.0,60,3G,-107,4.0,-5.0,0.0098934833364139,40.3074332129218,21.809000076806885,Intentional
User_35,2025-08-25 16:23:16,0.274,0.5532,Flying,Zep,Speeding,4way,3.0,40,3G,-71,93.0,-14.0,0.0058656439653391,37.017192,21.753263118606423,Intentional
User_91,2025-08-25 22:18:01,0.587,0.7768,Walking,Center,Driving_Under_Influence,2way,2.0,30,WiFi,-62,51.0,10.0,0.0071119287440241,40.27973465543788,21.753033888132776,Intentional
User_24,2025-08-25 23:06:06,0.445,0.5556,Walking,Center,Driving_Under_Influence,2way,1.0,60,3G,-101,-145.0,-3.0,0.0016516010143831,40.30650073609307,21.807323643405752,Intentional
User_42,2025-08-26 06:28:04,0.738,0.5886,Flying,Zep,Reckless_Driving,4way,0.0,30,4G,-119,25.0,-3.0,0.005653142335994,40.2800939256438,21.751035108915683,Intentional
User_31,2025-08-26 13:23:18,0.56,0.8284,Walking,Center,Speeding,4way,0.0,30,4G,-71,28.0,-11.0,0.026,40.32185239850661,21.79135277722649,Intentional
User_92,2025-08-26 16:00:28,0.694,0.5641,Walking,Koila,Reckless_Driving,5way,0.0,40,3G,-88,91.0,-9.0,0.0049916716607601,40.32241592035384,22.44261,Intentional
User_81,2025-08-26 16:48:30,0.376,0.7585,Running,Koila,Driving_Under_Influence,6way,0.0,30,3G,-104,18.0,-4.0,0.0086179857096489,40.3229445674503,21.791863503896614,Intentional
User_22,2025-08-26 17:56:17,0.413,0.5219,Walking,Center,Speeding,1way,2.0,10,4G,-86,-153.0,-14.0,0.008160467827193,40.30637043614345,21.808806390104323,Intentional
User_62,2025-08-26 19:04:34,0.366,0.5842,Running,Spinari,Reckless_Driving,2way,2.0,50,112,-78,97.0,-6.0,0.0077828892344744,40.30577454907864,21.80975371348441,Intentional
User_83,2025-08-26 20:33:00,0.309,0.8345,Walking,Koila,Speeding,6way,1.0,80,5G,-109,79.0,8.0,0.0056022158209738,37.782089,21.790334839554323,Intentional
User_61,2025-08-26 22:30:12,0.546,0.5557,Driving,Center,Speeding,1way,0.0,80,4G,-107,77.0,16.0,0.0095750662100058,40.2805543783813,21.7515773658034,Intentional
User_10,2025-08-26 22:30:59,0.315,0.8258,Driving,Spinari,Speeding,2way,1.0,20,WiFi,-60,14.0,-8.0,0.009665156014115,40.30709499473907,21.8072888877804,Intentional
User_94,2025-08-26 23:16:31,0.681,0.575,Driving,Zep,Speeding,5way,0.0,90,3G,-98,71.0,6.0,0.045,40.27937093051631,21.751272610304405,Intentional
User_56,2025-08-27 01:31:03,0.374,0.4887,Walking,Ligeris,Driving_Under_Influence,5way,0.0,60,WiFi,-50,67.0,3.0,0.0047979308625969,40.30671203309125,21.807122433830877,Intentional
User_64,2025-08-27 03:42:22,0.511,0.8278,Driving,Ligeris,Reckless_Driving,5way,1.0,90,WiFi,-84,-23.0,-5.0,0.0030381007195874,40.306230115631266,21.808331122211516,Intentional
User_91,2025-08-27 07:25:19,0.587,0.7808,Flying,Zep,Driving_Under_Influence,2way,0.0,50,5G,-97,68.0,-24.0,0.0057402342831443,40.28011578486002,21.75532479853149,Intentional
User_26,2025-08-27 12:36:34,0.408,0.7255,Flying,Ligeris,Reckless_Driving,2way,1.0,80,4G,-88,-14.0,-11.0,0.0031923895708725,40.306230115631266,21.80799610055388,Intentional
User_35,2025-08-27 16:01:33,0.274,0.5572,Walking,Koila,Reckless_Driving,6way,2.0,70,5G,-96,-14.0,9.0,0.0072170362716272,40.32186512716846,21.79094582874901,Intentional
User_40,2025-08-27 17:19:20,0.482,0.8447,Flying,Zep,Speeding,2way,0.0,10,4G,-75,1.0,-16.0,0.0081944795182691,40.280087428291864,21.75369818717541,Intentional
User_07,2025-08-27 21:25:28,0.625,0.5584,Driving,Ligeris,Driving_Under_Influence,6way,1.0,20,3G,-84,16.0,14.0,0.005653142335994,40.3050289556189,21.809030559173543,Intentional
User_37,2025-08-27 23:37:11,0.306,0.7534,Running,Zep,Speeding,5way,1.0,90,WiFi,-51,6.0,4.0,0.0013539017820038,40.27900679960575,21.752297375006385,Intentional
User_59,2025-08-27 23:48:54,0.265,0.6552,Swimming,Ligeris,Reckless_Driving,4way,3.0,40,102,-97,80.0,13.0,0.0041394341831045,40.30583754862837,21.791256784153244,Intentional
User_28,2025-08-28 04:14:22,0.348,0.7883,Driving,Ligeris,Reckless_Driving,5way,0.0,60,5G,-82,75.0,-9.0,0.0037597654265078,40.30525201447499,21.8074263285463,Intentional
User_80,2025-08-28 04:47:46,0.704,0.6387,Driving,Zep,Reckless_Driving,6way,0.0,50,WiFi,-68,98.0,3.0,0.034,40.279606541675186,21.753237979469315,Intentional
User_54,2025-08-28 04:59:02,0.327,0.7529,Swimming,Ligeris,Driving_Under_Influence,1way,3.0,70,3G,-116,88.0,-6.0,0.0089408745483675,40.30777621694728,21.807411471096103,Intentional
User_43,2025-08-28 09:47:52,0.416,0.5641,Driving,Koila,Speeding,6way,0.0,80,3G,-84,80.0,-16.0,0.0061647181537972,40.323434173549956,19.346387,Intentional
User_21,2025-08-28 10:45:26,0.303,0.4922,Walking,Center,Speeding,2way,1.0,40,WiFi,-83,-158.0,-3.0,0.0032112443950319,40.30716639869315,21.806449694460152,Intentional
User_42,2025-08-28 10:59:06,0.738,0.5916,Walking,Center,Speeding,4way,0.0,10,103,-90,27.0,2.0,0.0093843086157885,40.32170014006558,21.79027561834116,Intentional
User_05,2025-08-28 13:14:32,0.743,0.7747,Running,Center,Speeding,1way,0.0,20,4G,-83,64.0,13.0,0.042,40.306587009908235,21.808801123521786,Intentional
User_45,2025-08-28 13:43:33,0.285,0.7523,Flying,Zep,Speeding,2way,0.0,60,WiFi,-83,82.0,-14.0,0.005653142335994,40.2795181345513,21.753285872959676,Intentional
User_05,2025-08-28 13:50:35,0.743,0.7757,Driving,Spinari,Driving_Under_Influence,4way,0.0,80,4G,-74,49.0,7.0,0.0066752207183747,40.27967810124298,21.75514967491006,Intentional
User_90,2025-08-28 18:40:08,0.525,0.5398,Running,Ligeris,Driving_Under_Influence,5way,0.0,70,WiFi,-102,70.0,-6.0,0.0084139799200034,40.30628153710291,21.808160725760285,Intentional
User_49,2025-08-29 00:42:20,0.637,0.8213,Walking,Ligeris,Speeding,5way,1.0,70,5G,-86,100.0,-5.0,0.0085560946452082,40.30612984889236,22.635167,Intentional
User_55,2025-08-29 02:18:38,0.447,0.8164,Running,Spinari,Speeding,4way,0.0,60,4G,-87,55.0,14.0,0.0030994861497416,40.306786367128595,21.80705326379888,Intentional
User_42,2025-08-29 02:33:07,0.738,0.5936,Driving,Ligeris,Speeding,5way,0.0,90,5G,-99,-156.0,5.0,0.001017590558483,40.306991615993965,21.80821070837848,Intentional
User_57,2025-08-29 04:00:44,0.372,0.5922,Driving,Center,Reckless_Driving,2way,0.0,60,102,-119,68.0,4.0,0.0021627936771663,40.30639614245278,21.80761909578566,Intentional
User_26,2025-08-29 04:50:15,0.408,0.7285,Swimming,Zep,Speeding,1way,0.0,30,3G,-92,47.0,-9.0,0.041,40.279775817855864,21.754197344245295,Intentional
User_42,2025-08-29 08:16:59,0.738,0.5946,Swimming,Koila,Reckless_Driving,2way,1.0,50,4G,-120,52.0,10.0,0.004567470914412,40.32255828427952,21.79096591514991,Intentional
User_84,2025-08-29 10:53:49,0.527,0.5547,Swimming,Zep,Reckless_Driving,4way,2.0,50,4G,-95,85.0,11.0,0.0034925768707968,40.27971975132993,21.754085383241645,Intentional
User_83,2025-08-29 12:49:53,0.309,0.8405,Walking,Spinari,Reckless_Driving,1way,1.0,40,4G,Ethernet,98.0,9.0,0.0086533243502633,40.304535563180245,21.807695082915004,Intentional
User_60,2025-08-29 14:05:06,0.353,0.8458,Running,Spinari,Speeding,2way,0.0,50,106,-103,73.0,16.0,0.0029777987397634,40.3221255768875,21.791025153631,Intentional
User_89,2025-08-29 17:05:04,0.336,0.4941,Running,Ligeris,Reckless_Driving,5way,1.0,20,4G,-81,44.0,14.0,0.0028746458635971,40.30579906410065,21.80930939007791,Intentional
User_91,2025-08-29 18:44:38,0.587,0.7858,Swimming,Zep,Speeding,1way,1.0,50,WiFi,-88,66.0,0.0,0.0093656348707152,37.862398,21.753319040437503,Intentional
User_71,2025-08-29 18:55:38,0.256,0.4833,Running,Ligeris,Reckless_Driving,6way,0.0,70,4G,-89,64.0,-16.0,0.0034814881203477,40.305891236324065,21.807545953875447,Intentional
User_70,2025-08-29 19:51:30,0.601,0.5749,Walking,Spinari,Driving_Under_Influence,1way,1.0,20,4G,-101,19.0,20.0,0.0069086021124931,40.3063075106642,21.807694341070583,Intentional
User_63,2025-08-29 21:40:08,0.543,0.5976,Running,Center,Reckless_Driving,1way,0.0,70,5G,-82,99.0,-5.0,0.0081321493660592,40.32187636594633,21.789909041772624,Intentional
User_77,2025-08-30 11:52:39,0.428,0.4995,Running,Ligeris,Driving_Under_Influence,5way,0.0,60,5G,-82,52.0,0.0,0.0051820723300206,38.097171,21.80840452820071,Intentional
User_18,2025-08-30 12:05:02,0.251,0.8735,Swimming,Ligeris,Reckless_Driving,2way,1.0,30,3G,-76,80.0,8.0,0.0034987789609576,40.30602518999983,21.809569316838672,Intentional
User_79,2025-08-30 14:09:39,0.389,0.6,Driving,Center,Driving_Under_Influence,1way,1.0,40,102,-71,27.0,-8.0,0.0089284424203723,40.28056280069864,21.75262835657414,Intentional
User_17,2025-08-30 15:09:32,0.631,0.6238,Walking,Spinari,Speeding,2way,0.0,30,3G,-83,24.0,-3.0,0.0032203011440336,40.30654481710555,21.807050434618645,Intentional
User_64,2025-08-30 20:22:48,0.511,0.8338,Walking,Ligeris,Speeding,5way,0.0,50,4G,-89,29.0,-12.0,0.02,40.30699977000705,21.807962752575623,Intentional
User_53,2025-08-30 23:54:11,0.313,0.5826,Walking,Ligeris,Reckless_Driving,6way,1.0,50,5G,-102,20.0,-15.0,0.0011213618155723,40.306381831130665,21.809701868951414,Intentional
User_98,2025-08-31 02:47:26,0.46,0.6368,Walking,Zep,Speeding,5way,0.0,70,5G,-110,-160.0,3.0,0.0038649942819379,40.28003568857727,21.75341681180204,Intentional
User_51,2025-08-31 04:21:48,0.613,0.865,Walking,Koila,Reckless_Driving,6way,3.0,50,WiFi,-81,95.0,-2.0,0.034,40.32175770411651,21.79118149900926,Intentional
User_60,2025-08-31 10:36:00,0.353,0.8498,Walking,Spinari,Driving_Under_Influence,1way,1.0,40,WiFi,Ethernet,46.0,-2.0,0.0075859382574653,40.30632753986821,21.80628322345624,Intentional
User_94,2025-08-31 11:25:02,0.681,0.584,Walking,Zep,Reckless_Driving,5way,2.0,50,WiFi,-65,59.0,10.0,0.0073232564611115,40.28133783306027,21.752990453051183,Intentional
User_44,2025-08-31 12:58:24,0.332,0.5676,Running,Zep,Driving_Under_Influence,5way,0.0,90,4G,-115,13.0,15.0,0.027,40.27967543695249,21.753214814387466,Intentional
User_36,2025-08-31 18:14:16,0.563,0.8739,Driving,Spinari,Reckless_Driving,2way,1.0,20,4G,-111,-121.0,14.0,0.006876890119158,40.321715886513005,21.791038244974317,Intentional
User_35,2025-09-01 01:48:03,0.274,0.5662,Walking,Center,Speeding,4way,4.0,60,WiFi,-64,98.0,2.0,0.0078572513059698,40.28016658335405,22.966725,Intentional
User_31,2025-09-01 02:49:12,0.56,0.8394,Driving,Zep,Reckless_Driving,6way,3.0,70,WiFi,Ethernet,49.0,15.0,0.005653142335994,40.28025328323266,21.752550211373052,Intentional
User_01,2025-09-01 03:40:37,0.619,0.7588,Flying,Zep,Driving_Under_Influence,2way,0.0,90,4G,-104,69.0,2.0,0.00537755242466,40.27975202433817,21.75331415105323,Intentional
User_06,2025-09-01 04:08:23,0.584,0.8545,Running,Center,Speeding,1way,0.0,80,4G,-107,41.0,4.0,0.0013078863165047,40.3066073214756,19.750285,Intentional
User_23,2025-09-01 09:19:33,0.458,0.635,Driving,Koila,Reckless_Driving,5way,1.0,10,3G,-82,83.0,-5.0,0.0097346524571464,40.32067677569763,21.791032612448813,Intentional
User_33,2025-09-01 18:02:05,0.634,0.7012,Driving,Ligeris,Speeding,5way,1.0,50,3G,-101,23.0,7.0,0.0018111777967113,40.30607176615474,21.807103915277494,Intentional
User_63,2025-09-01 19:37:32,0.543,0.6036,Flying,Ligeris,Driving_Under_Influence,1way,1.0,60,WiFi,-68,4.0,18.0,0.0047629780895878,40.304529294139506,21.80766684397741,Intentional
User_85,2025-09-02 03:10:58,0.254,0.6143,Flying,Koila,Reckless_Driving,2way,3.0,20,3G,-95,81.0,18.0,0.0065377711810375,40.321606852487605,21.78954020266393,Intentional
User_68,2025-09-02 03:23:17,0.472,0.5209,Swimming,Zep,Speeding,2way,0.0,90,WiFi,-72,-46.0,6.0,0.0018170803669957,40.279376017283745,21.752911686212716,Intentional
User_17,2025-09-02 09:07:18,0.631,0.6298,Driving,Zep,Driving_Under_Influence,5way,0.0,60,WiFi,-88,16.0,-5.0,0.0019785666117107,40.27822729450082,21.753462645482593,Intentional
User_14,2025-09-02 13:09:18,0.393,0.6954,Swimming,Zep,Speeding,4way,0.0,40,5G,-82,37.0,7.0,0.0064341539272097,40.279797211716726,23.780795,Intentional
User_63,2025-09-02 14:04:01,0.543,0.6056,Running,Spinari,Reckless_Driving,2way,1.0,60,5G,-73,68.0,12.0,0.0028041252858733,40.32203822256836,21.79108520335225,Intentional
User_69,2025-09-02 15:07:36,0.34,0.8491,Running,Zep,Reckless_Driving,6way,0.0,30,WiFi,-88,45.0,-8.0,0.0017776309966469,40.280521165443794,21.75456590549116,Intentional
User_52,2025-09-02 19:19:23,0.544,0.5662,Walking,Center,Speeding,1way,1.0,60,4G,-105,23.0,-20.0,0.0076701186661624,40.32286412015447,21.790605764845033,Intentional
User_18,2025-09-02 21:47:27,0.251,0.8795,Walking,Ligeris,Speeding,5way,0.0,90,4G,-83,83.0,14.0,0.0088459602182829,40.306184404288246,21.80744955877028,Intentional
User_94,2025-09-02 22:18:26,0.681,0.588,Running,Koila,Speeding,5way,3.0,60,4G,-89,0.0,-14.0,0.0070695819464575,40.32206179085605,21.790859702678773,Intentional
User_05,2025-09-02 23:09:31,0.743,0.7857,Driving,Center,Speeding,2way,0.0,40,4G,-95,-127.0,-1.0,0.0084606133774084,40.30616043250219,21.806868494173628,Intentional
User_90,2025-09-03 01:39:33,0.525,0.5508,Driving,Zep,Reckless_Driving,5way,1.0,30,4G,-118,52.0,-5.0,0.0059573486596882,40.280159662200546,21.753461414189445,Intentional
User_57,2025-09-03 06:57:17,0.372,0.6022,Walking,Center,Speeding,1way,1.0,110,4G,-86,17.0,11.0,0.0042770084774521,40.322042905971024,21.78929978732265,Intentional
User_30,2025-09-03 08:32:03,0.413,0.5804,Flying,Koila,Speeding,1way,0.0,80,WiFi,-88,51.0,-22.0,0.0064637973529442,40.32275303092654,21.791989589181103,Intentional
User_95,2025-09-03 09:04:13,0.545,0.7639,Driving,Zep,Driving_Under_Influence,5way,0.0,60,4G,-78,3.0,13.0,0.0053632229982951,40.27885815425347,18.577593,Intentional
User_39,2025-09-03 11:02:42,0.598,0.6387,Swimming,Zep,Reckless_Driving,2way,0.0,60,3G,-100,58.0,-2.0,0.0040837052152142,40.27923875609555,21.753442231946146,Intentional
User_48,2025-09-03 11:46:44,0.599,0.7594,Swimming,Zep,Reckless_Driving,1way,4.0,40,4G,-108,-158.0,-3.0,0.0033745620065938,40.27932353052777,21.75396810903404,Intentional
User_25,2025-09-03 11:49:23,0.408,0.6268,Walking,Koila,Reckless_Driving,5way,0.0,70,5G,-82,11.0,-2.0,0.0011048539870447,40.322424273762664,21.789990995557403,Intentional
User_87,2025-09-03 13:51:17,0.709,0.8712,Swimming,Zep,Reckless_Driving,2way,0.0,80,5G,-92,49.0,-12.0,0.0093373322561962,40.27907608754941,21.75505380160284,Intentional
User_40,2025-09-03 16:53:37,0.482,0.8577,Walking,Zep,Speeding,5way,4.0,80,WiFi,-57,80.0,11.0,0.0071202709061475,40.27939252588331,21.75296718065339,Intentional
User_20,2025-09-03 17:12:27,0.46,0.8131,Driving,Koila,Reckless_Driving,6way,1.0,130,3G,-79,56.0,3.0,0.0075783539765857,40.2809855881384,21.752559976580127,Intentional
User_34,2025-09-03 17:53:27,0.431,0.6449,Running,Zep,Speeding,6way,1.0,20,WiFi,-87,45.0,6.0,0.0077051396414322,40.28000183141636,21.75289513762082,Intentional
User_60,2025-09-03 18:32:36,0.353,0.8568,Walking,Spinari,Driving_Under_Influence,1way,1.0,60,5G,-118,29.0,3.0,0.0053859227499555,40.27926061019545,21.751844982084524,Intentional
User_83,2025-09-03 21:07:40,0.309,0.8495,Walking,Spinari,Speeding,2way,0.0,30,5G,-100,33.0,-15.0,0.0091731623327113,40.32094681914451,21.79114620178113,Intentional
User_14,2025-09-03 21:28:25,0.393,0.6984,Flying,Zep,Reckless_Driving,4way,0.0,20,3G,-115,75.0,-16.0,0.0070536292304862,40.279547689298795,21.753381475174827,Intentional
User_26,2025-09-04 00:13:22,0.408,0.7405,Flying,Koila,Driving_Under_Influence,4way,0.0,70,4G,-95,45.0,-20.0,0.0094897031860403,40.3230055402764,21.791803545800104,Intentional
User_16,2025-09-04 04:49:17,0.513,0.6987,Flying,Ligeris,Driving_Under_Influence,4way,0.0,50,5G,-107,34.0,-12.0,0.0010164571166341,40.30668227992554,21.805676082471138,Intentional
User_53,2025-09-04 14:43:51,0.313,0.5926,Driving,Koila,Reckless_Driving,5way,1.0,30,5G,-100,10.0,-3.0,0.0065336511258748,40.32138315467991,21.789673308306536,Intentional
User_72,2025-09-04 15:06:34,0.567,0.5335,Driving,Spinari,Reckless_Driving,2way,2.0,20,WiFi,-81,5.0,-6.0,0.001729234641119,40.27963716560231,21.752769425834767,Intentional
User_99,2025-09-04 19:21:34,0.465,0.7024,Walking,Koila,Reckless_Driving,5way,0.0,110,5G,-107,85.0,7.0,0.0078718344381106,40.32070404166654,21.791335909945683,Intentional
User_50,2025-09-04 21:02:42,0.398,0.7256,Walking,Koila,Driving_Under_Influence,6way,0.0,10,4G,-74,47.0,25.0,0.004784192390616,40.322842780950765,21.793269792773135,Intentional
User_08,2025-09-04 22:38:14,0.347,0.8518,Swimming,Ligeris,Speeding,4way,2.0,60,WiFi,-62,-23.0,-7.0,0.009178132340099,40.30616588730227,21.807597403688607,Intentional
User_95,2025-09-05 00:04:04,0.545,0.7679,Flying,Ligeris,Reckless_Driving,2way,0.0,40,4G,-104,4.0,15.0,0.0047170065303587,40.306230115631266,21.807133507112376,Intentional
User_48,2025-09-05 00:45:05,0.599,0.7624,Swimming,Zep,Speeding,2way,1.0,20,5G,-108,26.0,5.0,0.0013783921711023,40.280259896334655,21.754864441757547,Intentional
User_68,2025-09-05 06:46:32,0.472,0.5269,Running,Ligeris,Reckless_Driving,6way,1.0,60,4G,-111,62.0,2.0,0.0075253828988043,40.30500087588376,21.809059968150464,Intentional
User_54,2025-09-05 09:49:56,0.327,0.7689,Walking,Spinari,Reckless_Driving,2way,1.0,40,4G,-116,38.0,-14.0,0.0020148075847051,40.32324982312932,21.792486266780777,Intentional
User_78,2025-09-05 12:41:56,0.347,0.7336,Driving,Center,Speeding,2way,0.0,20,WiFi,-83,92.0,-22.0,0.0041376492155424,40.30688466074966,21.80796896542027,Intentional
User_71,2025-09-05 14:42:53,0.256,0.4983,Running,Ligeris,Speeding,6way,2.0,10,WiFi,-80,49.0,13.0,0.034,40.30582289809834,21.80790085110408,Intentional
User_84,2025-09-05 18:13:17,0.527,0.5677,Walking,Spinari,Speeding,4way,0.0,90,WiFi,-71,80.0,-15.0,0.0017955988245293,40.32284840011528,22.768411,Intentional
User_68,2025-09-05 18:27:26,0.472,0.5279,Swimming,Zep,Reckless_Driving,4way,1.0,60,4G,-89,54.0,1.0,0.0084083839065273,40.306230115631266,21.752390224261145,Intentional
User_22,2025-09-05 19:26:49,0.413,0.5409,Flying,Koila,Driving_Under_Influence,2way,0.0,10,WiFi,-75,-11.0,-15.0,0.0018094456880495,40.32210739178608,21.78946905644596,Intentional
User_92,2025-09-05 21:13:15,0.694,0.6712,Running,Koila,Speeding,6way,0.0,70,WiFi,-72,-155.0,8.0,0.0095257450329909,40.32367145501988,21.790901096189288,Intentional
User_63,2025-09-05 21:24:18,0.543,0.6116,Walking,Spinari,Driving_Under_Influence,2way,1.0,50,4G,-102,54.0,4.0,0.0075889028616606,40.30661266823571,21.808341731442848,Intentional
User_48,2025-09-05 21:37:06,0.599,0.7634,Running,Center,Reckless_Driving,2way,0.0,40,120,-114,52.0,-8.0,0.0030266177017843,40.3210494015035,21.789808201017745,Intentional
User_10,2025-09-06 03:11:23,0.315,0.8468,Flying,Koila,Reckless_Driving,2way,1.0,50,5G,-90,67.0,5.0,0.0063344396417345,40.322359384800016,21.788951849614516,Intentional
User_26,2025-09-06 05:03:02,0.408,0.7445,Driving,Zep,Speeding,5way,0.0,10,5G,-85,64.0,7.0,0.0077505302627755,40.27923883266702,21.75356578224475,Intentional
User_77,2025-09-06 08:16:08,0.428,0.5145,Walking,Center,Speeding,2way,0.0,130,WiFi,-73,1.0,0.0,0.0023716006497136,38.236328,21.809082419358887,Intentional
User_63,2025-09-06 10:40:23,0.543,0.6136,Flying,Koila,Speeding,2way,1.0,30,5G,-99,-28.0,14.0,0.0050031492604711,40.3209705773663,21.79105833823385,Intentional
User_40,2025-09-06 11:04:12,0.482,0.8647,Driving,Center,Reckless_Driving,4way,0.0,30,3G,-71,67.0,16.0,0.0031497003010171,40.30649771979069,21.809090042676097,Intentional
User_06,2025-09-06 12:39:21,0.584,0.8645,Driving,Spinari,Driving_Under_Influence,2way,1.0,40,WiFi,-83,77.0,-18.0,0.0078449419668808,40.30602519257029,21.80742536595047,Intentional
User_44,2025-09-06 13:07:39,0.332,0.5796,Running,Center,Driving_Under_Influence,2way,0.0,30,WiFi,-84,63.0,13.0,0.0082775132121314,40.279714563661074,21.753403387921363,Intentional
User_59,2025-09-06 16:33:10,0.265,0.6752,Swimming,Zep,Driving_Under_Influence,2way,3.0,70,5G,-110,66.0,8.0,0.0019704016267709,37.104794,21.75317692317096,Intentional
User_60,2025-09-06 16:49:00,0.353,0.8628,Swimming,Zep,Speeding,2way,0.0,70,4G,-87,91.0,-3.0,0.002217488549554,40.279050785963086,21.75429087927757,Intentional
User_33,2025-09-06 17:24:41,0.634,0.7102,Walking,Spinari,Driving_Under_Influence,2way,0.0,70,4G,Satellite,66.0,6.0,0.0040117526593335,40.32173002671535,21.78911611509957,Intentional
User_34,2025-09-06 17:56:21,0.431,0.6509,Driving,Koila,Reckless_Driving,6way,1.0,30,4G,-70,90.0,12.0,0.0097478079171826,40.322148959479186,21.792221857374724,Intentional
User_96,2025-09-06 17:58:08,0.261,0.7541,Flying,Ligeris,Reckless_Driving,2way,0.0,30,WiFi,-90,76.0,8.0,0.0095604752864831,40.30625327175131,21.80774442920374,Intentional
User_17,2025-09-06 21:37:58,0.631,0.6378,Swimming,Koila,Driving_Under_Influence,2way,2.0,80,WiFi,-88,32.0,-4.0,0.004992862327746,40.32350612404459,19.606821,Intentional
User_92,2025-09-06 21:48:55,0.694,0.6732,Walking,Spinari,Reckless_Driving,1way,1.0,40,3G,-105,49.0,10.0,0.0056627483037828,40.323256421258286,21.791553162673175,Intentional
User_67,2025-09-06 22:25:39,0.529,0.7086,Walking,Spinari,Reckless_Driving,4way,0.0,80,111,-85,24.0,5.0,0.0090907729694228,40.278625261834485,21.752049808024648,Intentional
User_61,2025-09-06 22:45:30,0.546,0.5777,Running,Center,Driving_Under_Influence,2way,1.0,10,WiFi,-61,53.0,2.0,0.0030616153790961,37.240827,21.754389790682463,Intentional
User_06,2025-09-07 00:05:12,0.584,0.8665,Driving,Ligeris,Speeding,6way,1.0,10,4G,-77,68.0,12.0,0.0054090167420493,40.30661282479576,21.805534992011495,Intentional
User_94,2025-09-07 01:39:17,0.681,0.598,Walking,Ligeris,Reckless_Driving,6way,2.0,20,4G,-76,87.0,-16.0,0.0083741717926404,40.30617425342177,21.806990838279383,Intentional
User_23,2025-09-07 02:41:26,0.458,0.647,Running,Spinari,Speeding,4way,0.0,70,3G,-87,84.0,8.0,0.0029067520081837,40.30542327600329,21.807123582347796,Intentional
User_68,2025-09-07 03:26:52,0.472,0.5309,Flying,Ligeris,Speeding,2way,2.0,70,120,-79,49.0,10.0,0.0052075608389055,40.30764993268301,21.80636167102317,Intentional
User_10,2025-09-07 04:33:57,0.315,0.8498,Driving,Spinari,Driving_Under_Influence,2way,4.0,40,WiFi,-82,89.0,10.0,0.0091735972362617,40.3220827008871,21.79130409925566,Intentional
User_67,2025-09-07 06:42:53,0.529,0.7106,Running,Koila,Reckless_Driving,5way,1.0,50,4G,-88,58.0,0.0,0.0095966348454348,40.322083785455014,21.791255901056953,Intentional
User_99,2025-09-07 12:26:47,0.465,0.5641,Running,Koila,Speeding,5way,1.0,40,5G,-113,2.0,-12.0,0.008258868525913,40.321339368524896,22.207574,Intentional
User_52,2025-09-07 13:10:59,0.544,0.5752,Running,Ligeris,Speeding,6way,0.0,10,WiFi,-55,70.0,4.0,0.0014085024212493,40.30456596472086,21.807162781856565,Intentional
User_30,2025-09-07 17:58:38,0.413,0.5894,Swimming,Zep,Driving_Under_Influence,2way,3.0,70,3G,-110,16.0,16.0,0.043,40.27954539612,21.753157089759735,Intentional
User_83,2025-09-07 18:06:22,0.309,0.8585,Running,Ligeris,Driving_Under_Influence,5way,0.0,40,WiFi,-86,82.0,-4.0,0.0010068557886246,40.304929374744894,21.807712393525,Intentional
User_61,2025-09-08 01:11:26,0.546,0.5807,Walking,Koila,Speeding,6way,0.0,30,5G,Satellite,79.0,7.0,0.0082312517792318,40.32282703400282,21.792205444592497,Intentional
User_93,2025-09-08 01:25:18,0.588,0.5212,Running,Spinari,Driving_Under_Influence,2way,0.0,10,4G,-88,3.0,6.0,0.0051751262412904,40.278686625799104,21.752344861840548,Intentional
User_04,2025-09-08 03:26:55,0.662,0.5527,Swimming,Ligeris,Reckless_Driving,1way,1.0,80,4G,-91,70.0,-15.0,0.0025301589261064,40.3046507253402,21.807998357386488,Intentional
User_02,2025-09-08 03:49:21,0.529,0.8006,Running,Koila,Driving_Under_Influence,5way,4.0,80,5G,-109,9.0,-9.0,0.0054031645987026,42.159172,21.791764047231062,Intentional
User_70,2025-09-08 06:36:41,0.601,0.5959,Running,Ligeris,Speeding,5way,0.0,40,5G,-114,10.0,-7.0,0.0014176915060383,40.306448595165655,21.80831160196013,Intentional
User_02,2025-09-08 08:44:51,0.529,0.8016,Walking,Center,Speeding,2way,0.0,60,5G,-84,17.0,-1.0,0.0095297475419585,40.32072539418826,21.79147514214112,Intentional
User_33,2025-09-08 10:14:13,0.634,0.7152,Flying,Zep,Reckless_Driving,2way,1.0,40,3G,-83,-141.0,-1.0,0.004178598839184,40.28038432879887,21.754259875071696,Intentional
User_60,2025-09-08 11:04:42,0.353,0.8658,Running,Spinari,Driving_Under_Influence,4way,0.0,40,3G,-88,41.0,0.0,0.0049542602305266,40.30647108024404,21.807670202598867,Intentional
User_94,2025-09-08 14:34:44,0.681,0.6,Walking,Ligeris,Reckless_Driving,5way,1.0,50,WiFi,-75,56.0,1.0,0.0086931530133251,40.30659858330933,21.807030478263627,Intentional
User_61,2025-09-08 15:47:28,0.546,0.5817,Driving,Ligeris,Speeding,5way,0.0,10,3G,-95,2.0,-2.0,0.0027221528646859,40.306514414506864,23.979316,Intentional
User_07,2025-09-08 16:16:12,0.625,0.5824,Walking,Center,Reckless_Driving,1way,2.0,80,3G,-95,65.0,20.0,0.0072500216591679,40.27901425457063,21.753350855776507,Intentional
User_55,2025-09-08 19:15:35,0.447,0.8374,Driving,Center,Speeding,4way,1.0,50,4G,Satellite,7.0,-5.0,0.0027506887660816,40.306019854905855,21.80930363147563,Intentional
User_69,2025-09-08 22:19:30,0.34,0.8601,Swimming,Ligeris,Reckless_Driving,2way,0.0,50,4G,-92,18.0,13.0,0.0057751525381482,40.30538084945743,21.809413021813857,Intentional
User_67,2025-09-09 03:15:14,0.529,0.7136,Flying,Zep,Reckless_Driving,2way,0.0,30,5G,-113,66.0,23.0,0.0044034907492191,40.27936777863111,21.7531420670381,Intentional
User_45,2025-09-09 05:05:15,0.46,0.7753,Walking,Koila,Reckless_Driving,5way,0.0,20,5G,-80,54.0,2.0,0.0024354285620359,40.322083368188096,21.792246353912844,Intentional
User_94,2025-09-09 06:35:21,0.681,0.602,Walking,Ligeris,Driving_Under_Influence,6way,2.0,30,WiFi,-74,76.0,6.0,0.006571380532931,40.30694350960621,21.807945062720375,Intentional
User_65,2025-09-09 09:35:57,0.448,0.5781,Walking,Center,Driving_Under_Influence,2way,1.0,20,3G,-92,-40.0,1.0,0.0070449469326994,40.30626362625824,21.808646910208587,Intentional
User_88,2025-09-09 11:26:18,0.471,0.6287,Running,Koila,Speeding,5way,0.0,60,3G,-114,71.0,-15.0,0.007129415058624,40.32064342254568,21.792460504741335,Intentional
User_25,2025-09-09 12:40:41,0.408,0.6388,Running,Ligeris,Speeding,6way,1.0,40,4G,-92,43.0,-12.0,0.0060060529224261,40.30680604350323,21.807587880376225,Intentional
User_03,2025-09-09 13:37:05,0.568,0.5641,Walking,Koila,Speeding,6way,1.0,50,WiFi,-53,84.0,3.0,0.0010960784171253,40.32216093504033,21.79108306313932,Intentional
User_77,2025-09-09 14:51:11,0.428,0.5205,Driving,Spinari,Speeding,4way,2.0,120,5G,-98,6.0,-18.0,0.0013801978994486,40.27951552195524,21.75391074740175,Intentional
User_25,2025-09-09 14:52:47,0.408,0.6398,Flying,Zep,Reckless_Driving,2way,0.0,30,4G,-113,62.0,15.0,0.0016279059038399,40.27960037505673,21.750916580645775,Intentional
User_61,2025-09-09 16:21:32,0.46,0.5837,Swimming,Ligeris,Speeding,4way,0.0,90,4G,-115,3.0,-3.0,0.0010987488610906,40.306085824902624,21.8066915655753,Intentional
User_34,2025-09-09 17:52:10,0.431,0.6569,Driving,Koila,Reckless_Driving,6way,1.0,70,5G,-113,49.0,11.0,0.0066001020791161,40.32215549391104,21.79150551455825,Intentional
User_60,2025-09-09 18:17:53,0.353,0.8688,Driving,Center,Speeding,2way,0.0,70,4G,-83,49.0,21.0,0.0066620848676674,40.32161742750007,21.789644078335872,Intentional
User_15,2025-09-10 00:50:12,0.627,0.8111,Walking,Zep,Speeding,6way,0.0,80,4G,-86,60.0,-9.0,0.0027721024773817,40.27933566358772,21.752888188250203,Intentional
User_55,2025-09-10 01:36:41,0.447,0.8404,Walking,Zep,Driving_Under_Influence,6way,1.0,40,4G,-107,45.0,-2.0,0.0017836705430429,40.280389677586776,21.753324017680036,Intentional
User_13,2025-09-10 02:23:38,0.75,0.7484,Flying,Koila,Reckless_Driving,2way,1.0,50,5G,-108,31.0,18.0,0.0036834993134823,40.32183349942615,21.791171614717115,Intentional
User_07,2025-09-10 06:17:28,0.625,0.5854,Walking,Spinari,Reckless_Driving,1way,2.0,80,WiFi,-52,65.0,3.0,0.0034931810749955,40.27975883922266,21.751495449195613,Intentional
User_73,2025-09-10 08:11:07,0.325,0.6947,Driving,Center,Driving_Under_Influence,2way,5.0,50,106,-100,33.0,3.0,0.0092355109193329,40.279521590502235,21.753243613899983,Intentional
User_22,2025-09-10 12:28:32,0.413,0.5641,Running,Center,Driving_Under_Influence,2way,1.0,40,5G,-91,51.0,-9.0,0.0029319966290586,42.214963,21.79106015320371,Intentional
User_64,2025-09-10 13:08:14,0.511,0.8568,Walking,Koila,Reckless_Driving,5way,0.0,90,5G,-91,49.0,-15.0,0.0010352881769495,41.536796,21.79203643080634,Intentional
User_47,2025-09-10 16:44:08,0.585,0.6132,Driving,Center,Speeding,1way,3.0,20,119,-51,21.0,0.0,0.0017882010604005,40.30619448807806,21.80849251953473,Intentional
User_33,2025-09-10 19:40:31,0.634,0.7192,Flying,Ligeris,Reckless_Driving,2way,1.0,40,3G,-115,94.0,8.0,0.0099930639885964,40.30773451698029,21.806959006274525,Intentional
User_25,2025-09-10 20:37:18,0.408,0.6418,Running,Spinari,Reckless_Driving,2way,0.0,30,WiFi,-90,43.0,-10.0,0.0089430266315082,40.305467501379326,21.809597813659483,Intentional
User_06,2025-09-11 00:40:22,0.584,0.8745,Driving,Koila,Speeding,5way,0.0,20,5G,Ethernet,88.0,7.0,0.0028720435626338,40.320952363646995,21.791753162405648,Intentional
User_51,2025-09-11 02:13:08,0.613,0.887,Walking,Center,Reckless_Driving,4way,0.0,80,111,-78,25.0,9.0,0.0070228916523776,40.32060407669753,21.79124427679397,Intentional
User_54,2025-09-11 04:10:10,0.327,0.7809,Walking,Koila,Driving_Under_Influence,6way,0.0,80,3G,-88,-18.0,16.0,0.0015534990174391,40.32101310657541,21.78975234501797,Intentional
User_85,2025-09-11 07:14:08,0.254,0.6333,Swimming,Ligeris,Reckless_Driving,2way,0.0,10,3G,-98,77.0,-1.0,0.0070561297164554,40.306634335621645,21.806816822087516,Intentional
User_67,2025-09-11 08:07:57,0.529,0.7176,Swimming,Ligeris,Reckless_Driving,2way,4.0,40,3G,-83,13.0,1.0,0.0082898630110612,40.3067553833253,21.806566720739955,Intentional
User_01,2025-09-11 09:34:47,0.619,0.7788,Running,Center,Speeding,2way,0.0,40,4G,-95,69.0,11.0,0.0071597394054489,40.32237245941898,21.792529197836263,Intentional
User_41,2025-09-11 09:44:30,0.628,0.6691,Running,Zep,Driving_Under_Influence,5way,0.0,70,WiFi,Ethernet,50.0,6.0,0.0042255095836473,40.279582164568666,21.75313015653819,Intentional
User_55,2025-09-11 10:18:35,0.447,0.8424,Swimming,Ligeris,Reckless_Driving,4way,0.0,70,WiFi,-58,99.0,2.0,0.008248821248537,37.136619,21.791256784153244,Intentional
User_59,2025-09-11 12:27:05,0.265,0.6852,Driving,Zep,Driving_Under_Influence,6way,0.0,80,5G,Ethernet,49.0,-15.0,0.0043798603027665,40.27969820122703,21.753289438459635,Intentional
User_39,2025-09-11 14:28:11,0.598,0.6557,Flying,Zep,Reckless_Driving,4way,1.0,40,WiFi,-67,38.0,-15.0,0.0029328528851357,40.279988626787365,21.752190692949984,Intentional
User_51,2025-09-11 16:26:15,0.613,0.888,Running,Ligeris,Reckless_Driving,6way,0.0,60,109,-110,75.0,9.0,0.0016796477916443,40.306352611534344,21.80746394133198,Intentional
User_63,2025-09-11 17:35:36,0.543,0.6236,Walking,Ligeris,Speeding,5way,1.0,30,114,-85,1.0,11.0,0.0066980415937736,40.30516849452584,21.805670411332382,Intentional
User_50,2025-09-11 18:19:34,0.398,0.7386,Walking,Koila,Reckless_Driving,6way,0.0,60,WiFi,-70,16.0,3.0,0.0070145112912222,40.32366066866309,21.791824271861685,Intentional
User_25,2025-09-11 18:57:37,0.408,0.6428,Walking,Center,Speeding,2way,0.0,50,4G,-114,18.0,-4.0,0.0081579238617229,40.2778483947359,21.753414551154723,Intentional
User_05,2025-09-11 19:19:32,0.743,0.8037,Swimming,Ligeris,Driving_Under_Influence,4way,1.0,80,4G,-104,71.0,11.0,0.0027151224146341,37.681302,21.805901312920152,Intentional
User_54,2025-09-12 02:07:00,0.327,0.5641,Swimming,Koila,Reckless_Driving,2way,0.0,30,3G,-113,83.0,-12.0,0.0085067596327073,40.32196287328947,21.789758716874047,Intentional
User_75,2025-09-12 08:34:40,0.409,0.6811,Running,Center,Driving_Under_Influence,2way,0.0,50,3G,-90,38.0,13.0,0.022,40.32244350267905,21.7916526664829,Intentional
User_72,2025-09-12 09:47:09,0.567,0.5495,Driving,Zep,Speeding,6way,0.0,60,WiFi,-54,70.0,0.0,0.0019242265282544,40.27903825293126,21.791256784153244,Intentional
User_50,2025-09-12 11:04:07,0.398,0.7416,Driving,Koila,Driving_Under_Influence,6way,0.0,30,WiFi,-84,16.0,-12.0,0.0027287959482027,40.32347152220125,21.791484210216435,Intentional
User_24,2025-09-12 13:05:38,0.445,0.5641,Swimming,Zep,Reckless_Driving,2way,1.0,70,3G,-119,51.0,-1.0,0.0094261630882799,40.27929634339085,18.294863,Intentional
User_37,2025-09-12 16:10:36,0.306,0.7844,Driving,Center,Driving_Under_Influence,2way,2.0,70,WiFi,-65,54.0,11.0,0.0049743094534726,40.30581659333884,23.402554,Intentional
User_24,2025-09-12 17:39:47,0.445,0.5916,Flying,Zep,Speeding,2way,0.0,90,3G,-71,10.0,-8.0,0.0061150372821942,40.28058415064381,21.75171544544012,Intentional
User_62,2025-09-12 20:43:25,0.366,0.6182,Walking,Zep,Reckless_Driving,5way,4.0,80,WiFi,-57,67.0,-5.0,0.0040313289411897,40.2781099072333,21.752765652507748,Intentional
User_15,2025-09-12 22:18:23,0.46,0.8161,Driving,Ligeris,Speeding,6way,4.0,40,3G,-97,29.0,-14.0,0.0025992410892952,40.305617212096834,21.80936445889701,Intentional
User_66,2025-09-12 23:31:36,0.28,0.7387,Walking,Koila,Driving_Under_Influence,5way,0.0,30,4G,-87,20.0,14.0,0.0096969523308451,40.32174260847343,21.789668268618872,Intentional
User_96,2025-09-13 01:00:17,0.261,0.7681,Running,Spinari,Driving_Under_Influence,1way,1.0,70,5G,-73,49.0,8.0,0.0060649959697745,42.586522,21.79137444561463,Intentional
User_01,2025-09-13 05:00:32,0.619,0.7828,Walking,Zep,Driving_Under_Influence,6way,1.0,60,4G,-77,20.0,-25.0,0.0025866723203139,40.27806593445145,21.754298188413607,Intentional
User_72,2025-09-13 05:01:24,0.567,0.5515,Swimming,Ligeris,Driving_Under_Influence,4way,0.0,30,3G,-105,16.0,-8.0,0.0043237293124827,40.30575648645207,21.80818981579816,Intentional
User_62,2025-09-13 06:31:37,0.366,0.6192,Swimming,Ligeris,Driving_Under_Influence,1way,3.0,50,4G,-73,29.0,10.0,0.0011919512960007,40.306019058738315,21.80771439676696,Intentional
User_21,2025-09-13 08:51:16,0.303,0.5232,Swimming,Koila,Speeding,2way,0.0,90,5G,-108,11.0,-10.0,0.0018004230345597,40.32223735382137,23.256487,Intentional
User_25,2025-09-13 14:32:49,0.408,0.6468,Driving,Center,Speeding,2way,3.0,50,5G,-77,71.0,-16.0,0.0081052893137962,42.374748,21.80755743030189,Intentional
User_85,2025-09-13 22:27:11,0.254,0.6373,Flying,Ligeris,Reckless_Driving,1way,0.0,70,5G,-88,85.0,11.0,0.0085550904706719,40.305128440847255,21.80810895247735,Intentional
User_81,2025-09-14 02:07:55,0.376,0.7955,Running,Ligeris,Reckless_Driving,5way,0.0,10,WiFi,-88,42.0,14.0,0.039,40.30566468839781,21.80869142347548,Intentional
User_76,2025-09-14 03:53:45,0.355,0.7111,Swimming,Ligeris,Reckless_Driving,4way,0.0,30,WiFi,-84,1.0,12.0,0.0028728940325226,40.30661845366184,21.8070725763706,Intentional
User_09,2025-09-14 06:16:38,0.307,0.8978,Driving,Ligeris,Driving_Under_Influence,6way,1.0,10,5G,-101,75.0,-13.0,0.0022932353408514,40.30624958497018,21.807528550346152,Intentional
User_55,2025-09-14 07:42:52,0.447,0.8484,Swimming,Koila,Speeding,2way,0.0,80,4G,-81,67.0,-1.0,0.0026683179873082,40.32198132312448,21.79251754773338,Intentional
User_32,2025-09-14 10:40:50,0.464,0.532,Driving,Center,Reckless_Driving,2way,0.0,80,4G,-116,41.0,-7.0,0.0088508348126571,40.279448255971346,21.752895030544945,Intentional
User_13,2025-09-14 13:48:05,0.75,0.7574,Running,Ligeris,Driving_Under_Influence,6way,0.0,10,WiFi,-85,73.0,-25.0,0.0043850437760848,40.30763606183497,21.808257008715625,Intentional
User_40,2025-09-14 14:52:44,0.482,0.8797,Flying,Zep,Speeding,1way,0.0,40,3G,-94,57.0,7.0,0.0099965669332054,40.306230115631266,21.754881893825008,Intentional
User_59,2025-09-14 16:09:21,0.265,0.6912,Driving,Spinari,Speeding,2way,0.0,90,3G,-87,27.0,-20.0,0.0092654841797413,40.30680409160444,21.80741604557423,Intentional
User_84,2025-09-14 17:02:14,0.527,0.5867,Driving,Spinari,Driving_Under_Influence,4way,2.0,70,WiFi,-54,18.0,-1.0,0.0027782822825406,40.30641165270696,21.805559604680145,Intentional
User_88,2025-09-15 00:01:55,0.471,0.6407,Swimming,Zep,Reckless_Driving,1way,0.0,80,5G,-70,58.0,-3.0,0.0011045158033071,40.28095976728194,18.739917,Intentional
User_09,2025-09-15 01:29:36,0.307,0.8998,Driving,Koila,Driving_Under_Influence,5way,1.0,80,3G,-98,74.0,5.0,0.0065787084903198,40.321692100471914,21.79278365515567,Intentional
User_94,2025-09-15 02:17:17,0.681,0.614,Walking,Zep,Driving_Under_Influence,5way,1.0,60,4G,Satellite,68.0,-16.0,0.009581929111441,40.27837342562,21.75493048153893,Intentional
User_84,2025-09-15 05:38:16,0.527,0.5877,Walking,Ligeris,Reckless_Driving,5way,0.0,70,WiFi,-59,90.0,15.0,0.0061934195346007,40.30520209655966,21.807920120015584,Intentional
User_24,2025-09-15 06:17:44,0.445,0.5966,Swimming,Zep,Speeding,2way,0.0,80,109,-120,35.0,-1.0,0.0034763492691434,40.280263473232864,21.752805756145953,Intentional
User_23,2025-09-15 14:33:37,0.458,0.664,Driving,Ligeris,Speeding,5way,0.0,70,WiFi,-77,71.0,7.0,0.0081944091870347,40.30622674641637,21.807297926955428,Intentional
User_90,2025-09-15 18:38:54,0.525,0.5758,Flying,Koila,Reckless_Driving,4way,0.0,20,3G,-76,92.0,-2.0,0.0012826249954425,40.32180043592689,21.79341331696129,Intentional
User_17,2025-09-15 22:39:31,0.631,0.6558,Driving,Center,Reckless_Driving,2way,2.0,20,4G,-94,83.0,17.0,0.0067337333256809,40.32208346446912,21.791234092822343,Intentional
User_98,2025-09-15 23:40:09,0.46,0.6678,Walking,Center,Driving_Under_Influence,2way,5.0,60,4G,-120,71.0,4.0,0.0075964947932796,40.32208147706925,21.79126217511383,Intentional
User_68,2025-09-16 00:32:50,0.472,0.5489,Walking,Center,Reckless_Driving,2way,4.0,50,4G,-105,-45.0,-15.0,0.0066949951679895,40.306230115631266,21.792011903993256,Intentional
User_20,2025-09-16 03:40:22,0.334,0.8381,Running,Ligeris,Driving_Under_Influence,5way,1.0,80,101,-87,47.0,5.0,0.0058700753441886,40.306312042001736,21.80799649773513,Intentional
User_57,2025-09-16 07:20:29,0.372,0.6282,Flying,Ligeris,Reckless_Driving,1way,3.0,40,117,-93,77.0,-16.0,0.0021422423256498,40.306826242680245,21.806792938901744,Intentional
User_39,2025-09-16 09:05:24,0.598,0.6657,Swimming,Koila,Speeding,4way,0.0,30,4G,-85,82.0,0.0,0.0071619067120887,40.30589761903714,23.460967,Intentional
User_87,2025-09-16 11:49:40,0.709,0.8982,Swimming,Koila,Driving_Under_Influence,2way,0.0,10,3G,-70,41.0,9.0,0.0082741601276448,40.306230115631266,17.403876,Intentional
User_27,2025-09-16 12:13:03,0.535,0.7681,Walking,Koila,Speeding,5way,0.0,80,4G,-75,26.0,-16.0,0.0028987731744437,40.32132655292166,21.79159510177946,Intentional
User_36,2025-09-16 13:05:51,0.563,0.9059,Running,Center,Speeding,1way,0.0,90,5G,-105,69.0,1.0,0.0056124946674845,40.32180530192136,21.789932539206365,Intentional
User_49,2025-09-16 16:44:36,0.637,0.8583,Swimming,Zep,Speeding,2way,1.0,20,3G,-99,43.0,5.0,0.0065450638010725,40.27907238863602,21.752921869871688,Intentional
User_86,2025-09-16 22:08:48,0.469,0.5191,Running,Ligeris,Reckless_Driving,5way,1.0,40,107,-86,56.0,9.0,0.0030302120711295,40.306196523706845,21.80846378762023,Intentional
User_68,2025-09-17 00:02:23,0.472,0.5509,Walking,Spinari,Reckless_Driving,2way,1.0,40,WiFi,-77,91.0,-14.0,0.0053161142197083,40.27926870551333,21.75264823631649,Intentional
User_17,2025-09-17 03:04:35,0.631,0.6588,Flying,Koila,Speeding,1way,2.0,30,4G,Ethernet,5.0,-1.0,0.0076978962702281,40.32192527571216,21.793514145784712,Intentional
User_78,2025-09-17 05:50:58,0.347,0.7586,Driving,Ligeris,Driving_Under_Influence,6way,0.0,50,4G,-103,90.0,13.0,0.0072220940168956,40.305751953854525,22.953409,Intentional
User_82,2025-09-17 13:13:16,0.324,0.7309,Driving,Koila,Reckless_Driving,6way,3.0,20,WiFi,-61,38.0,-5.0,0.0020882748209123,40.32337058913585,21.790519741976297,Intentional
User_93,2025-09-17 15:15:39,0.588,0.5402,Driving,Center,Reckless_Driving,1way,1.0,40,3G,-100,-28.0,0.0,0.0094486870276302,40.323644084755074,21.79230202329667,Intentional
User_63,2025-09-17 16:26:24,0.543,0.6356,Driving,Spinari,Driving_Under_Influence,2way,1.0,30,3G,-106,87.0,2.0,0.0095988408844446,40.30741481620896,21.80877886887016,Intentional
User_29,2025-09-17 18:59:32,0.415,0.6834,Driving,Spinari,Speeding,2way,2.0,30,3G,-110,68.0,12.0,0.0036643533642158,40.322600375570985,21.791620669219792,Intentional
User_44,2025-09-17 19:00:22,0.332,0.5641,Driving,Center,Speeding,1way,0.0,10,WiFi,-54,26.0,13.0,0.0013540126697996,40.30687746288805,21.806717583522,Intentional
User_100,2025-09-17 21:14:16,0.37,0.773,Walking,Koila,Driving_Under_Influence,5way,0.0,70,5G,-118,24.0,-16.0,0.0057472470617605,40.321976612005614,21.79147411200181,Intentional
User_35,2025-09-17 21:57:29,0.274,0.5992,Walking,Center,Speeding,4way,0.0,80,WiFi,Satellite,12.0,4.0,0.0088738212993051,40.322249159829155,21.78965041869728,Intentional
User_01,2025-09-18 06:52:56,0.619,0.7928,Swimming,Ligeris,Reckless_Driving,4way,1.0,50,4G,-97,1.0,8.0,0.0024759414950535,40.30642960932587,21.807442207381847,Intentional
User_71,2025-09-18 07:19:31,0.256,0.5233,Driving,Ligeris,Reckless_Driving,6way,0.0,10,5G,-119,52.0,-13.0,0.0092131643140174,40.30504241307921,21.807220192969396,Intentional
User_34,2025-09-18 08:36:45,0.431,0.6739,Flying,Ligeris,Reckless_Driving,2way,0.0,60,5G,-76,61.0,-15.0,0.004371268995284,37.899763,21.80797101020215,Intentional
User_20,2025-09-18 12:09:37,0.334,0.8431,Flying,Zep,Driving_Under_Influence,4way,1.0,20,5G,Satellite,22.0,-9.0,0.0091342242651639,40.27876449562613,21.75332283161638,Intentional
User_83,2025-09-18 13:29:05,0.309,0.8795,Walking,Center,Speeding,2way,1.0,30,4G,-94,51.0,-1.0,0.0025040604206754,40.321822503605986,21.7905954910386,Intentional
User_84,2025-09-18 13:50:36,0.527,0.5937,Driving,Center,Reckless_Driving,2way,1.0,20,4G,-105,40.0,3.0,0.038,40.32162767499837,21.79072844581053,Intentional
User_47,2025-09-18 14:02:24,0.585,0.6282,Walking,Spinari,Speeding,2way,0.0,80,119,-96,84.0,-5.0,0.002827206444399,40.27940709937494,21.753459739758295,Intentional
User_89,2025-09-18 19:02:35,0.336,0.5341,Driving,Koila,Driving_Under_Influence,6way,1.0,30,WiFi,-74,95.0,-1.0,0.0047002765722297,40.322734703204155,21.79292514486622,Intentional
User_82,2025-09-19 06:31:54,0.324,0.7349,Driving,Zep,Speeding,6way,0.0,30,WiFi,-78,25.0,12.0,0.0012600131048921,40.27976324913863,21.75313629292051,Intentional
User_70,2025-09-19 07:12:59,0.601,0.6169,Walking,Center,Speeding,4way,0.0,10,5G,-105,31.0,-5.0,0.025,40.30786940561186,21.807572046859583,Intentional
User_91,2025-09-19 07:25:50,0.587,0.8268,Driving,Ligeris,Driving_Under_Influence,6way,0.0,70,4G,-101,8.0,-9.0,0.046,40.30616563879796,21.80744612559028,Intentional
User_73,2025-09-19 07:51:51,0.325,0.7127,Swimming,Koila,Reckless_Driving,1way,1.0,40,5G,-89,52.0,-16.0,0.0045029350253162,40.32209625475283,18.164497,Intentional
User_16,2025-09-19 16:58:07,0.513,0.7287,Driving,Zep,Speeding,5way,0.0,50,3G,-97,77.0,11.0,0.0023539413805507,40.27841304944577,21.752816407899825,Intentional
User_34,2025-09-19 20:42:33,0.431,0.6769,Running,Center,Speeding,2way,0.0,20,WiFi,-58,44.0,16.0,0.0029597069081497,40.32353174960142,21.790077053461204,Intentional
User_97,2025-09-19 22:29:49,0.337,0.8033,Running,Koila,Driving_Under_Influence,6way,4.0,80,WiFi,-89,-14.0,7.0,0.0012475655352335,40.323256304613885,21.792667255519873,Intentional
User_10,2025-09-19 23:08:24,0.315,0.8738,Swimming,Zep,Driving_Under_Influence,4way,1.0,40,4G,-120,77.0,11.0,0.0072515752790671,40.27947949865878,21.75344848116408,Intentional
User_51,2025-09-20 00:08:57,0.613,0.905,Walking,Koila,Speeding,6way,4.0,50,5G,-88,99.0,12.0,0.046,40.32278675940068,21.7891873915272,Intentional
User_41,2025-09-20 03:33:34,0.628,0.6861,Walking,Center,Speeding,1way,0.0,10,WiFi,-85,16.0,-9.0,0.0019092805478155,40.30564010243248,21.80929191138392,Intentional
User_50,2025-09-20 04:10:02,0.398,0.7566,Driving,Ligeris,Driving_Under_Influence,5way,4.0,80,4G,-77,71.0,-7.0,0.006959301412295,37.884233,21.807239333721217,Intentional
User_12,2025-09-20 05:12:13,0.67,0.8762,Flying,Zep,Speeding,1way,0.0,30,4G,-110,33.0,4.0,0.0098848135108642,40.306230115631266,21.754053879984426,Intentional
User_63,2025-09-20 06:18:49,0.543,0.6406,Driving,Ligeris,Reckless_Driving,5way,0.0,30,3G,-94,11.0,1.0,0.0037541539464739,40.30776818897091,21.80746536243778,Intentional
User_83,2025-09-20 06:40:27,0.309,0.8835,Driving,Center,Reckless_Driving,2way,1.0,120,WiFi,-61,25.0,0.0,0.0076901490596503,40.30622747646833,21.807239507220395,Intentional
User_43,2025-09-20 06:51:29,0.416,0.6847,Driving,Center,Speeding,2way,3.0,90,4G,-80,95.0,-11.0,0.0095044035223605,40.32180903835069,17.077931,Intentional
User_55,2025-09-20 08:48:19,0.447,0.8614,Swimming,Ligeris,Driving_Under_Influence,2way,1.0,80,5G,-73,87.0,6.0,0.0021211809598758,40.30596417254023,21.80723274084036,Intentional
User_52,2025-09-20 09:58:01,0.544,0.6022,Running,Koila,Speeding,5way,1.0,30,WiFi,-69,18.0,-2.0,0.0032905962072833,42.580888,21.791071981405835,Intentional
User_31,2025-09-20 13:26:34,0.56,0.8774,Driving,Spinari,Speeding,4way,2.0,50,4G,-88,8.0,-11.0,0.0051998468168365,40.30566357460264,21.809093606668792,Intentional
User_57,2025-09-20 14:14:25,0.372,0.6362,Running,Center,Driving_Under_Influence,2way,0.0,40,WiFi,-113,76.0,-15.0,0.0073744455292985,40.32231167650568,21.791145300786923,Intentional
User_56,2025-09-20 16:54:20,0.374,0.5367,Walking,Zep,Reckless_Driving,5way,0.0,50,3G,Satellite,58.0,6.0,0.0014384875460682,40.27921102787866,21.753448690828517,Intentional
User_75,2025-09-20 21:31:09,0.46,0.6981,Running,Ligeris,Speeding,6way,1.0,10,4G,-104,15.0,1.0,0.0036108879286071,40.30721377634075,21.807849554355847,Intentional
User_79,2025-09-21 01:05:15,0.389,0.644,Driving,Zep,Reckless_Driving,6way,0.0,80,3G,-111,57.0,-12.0,0.006682990303475,40.27917043889371,21.753334085990577,Intentional
User_15,2025-09-21 03:03:55,0.627,0.8331,Swimming,Koila,Speeding,2way,0.0,40,WiFi,-71,-26.0,3.0,0.0079556646641078,40.32253313667663,21.791103606982155,Intentional
User_98,2025-09-21 09:31:33,0.46,0.6788,Walking,Spinari,Reckless_Driving,1way,0.0,20,WiFi,-88,26.0,-4.0,0.03,40.32234825885338,21.792955076399824,Intentional
User_20,2025-09-21 13:51:23,0.334,0.8481,Walking,Ligeris,Driving_Under_Influence,6way,0.0,40,4G,-106,9.0,-16.0,0.0055144466261004,40.30481280238234,21.807059399668045,Intentional
User_34,2025-09-21 19:27:18,0.431,0.6799,Walking,Ligeris,Driving_Under_Influence,5way,0.0,70,115,-107,51.0,6.0,0.0096859212642639,40.30595523352728,21.80781229168341,Intentional
User_47,2025-09-21 20:46:51,0.585,0.6352,Driving,Center,Speeding,4way,0.0,80,120,-111,65.0,-13.0,0.0093323614748018,40.27929346117902,21.753780561881655,Intentional
User_14,2025-09-22 03:07:34,0.393,0.7354,Running,Ligeris,Driving_Under_Influence,5way,1.0,30,4G,-95,95.0,14.0,0.008723599032137,40.30620015711385,21.806756892137862,Intentional
User_20,2025-09-22 04:04:55,0.334,0.8501,Walking,Zep,Reckless_Driving,6way,0.0,40,5G,-104,51.0,13.0,0.0014589256507694,40.279674147523856,21.75274542616382,Intentional
User_22,2025-09-22 08:21:33,0.413,0.5759,Walking,Spinari,Speeding,2way,0.0,30,5G,-109,72.0,12.0,0.0040845275769553,40.32191386666395,21.79137339882331,Intentional
User_71,2025-09-22 09:56:28,0.256,0.5323,Walking,Spinari,Speeding,1way,1.0,40,3G,-73,40.0,-13.0,0.0058975142199677,40.321384478175666,21.790328143135653,Intentional
User_66,2025-09-22 15:17:53,0.28,0.5641,Flying,Koila,Driving_Under_Influence,4way,2.0,40,WiFi,-75,91.0,-5.0,0.0081606718954879,40.32211578030205,21.791785739844308,Intentional
User_77,2025-09-22 19:32:59,0.428,0.5465,Driving,Ligeris,Speeding,6way,0.0,30,5G,-72,61.0,-6.0,0.0087846079529104,40.307650678997774,21.80656204642233,Intentional
User_58,2025-09-22 19:57:31,0.465,0.563,Driving,Koila,Speeding,6way,0.0,60,WiFi,-50,-127.0,-12.0,0.0057712113918197,40.32187567303842,21.79120436628284,Intentional
User_43,2025-09-23 04:23:44,0.416,0.6897,Running,Koila,Speeding,6way,1.0,70,WiFi,-53,86.0,-13.0,0.0083688691678446,40.3233625418451,22.900493,Intentional
User_11,2025-09-23 06:07:37,0.602,0.848,Running,Center,Driving_Under_Influence,1way,2.0,90,5G,-83,63.0,15.0,0.0089431098553553,40.306230115631266,21.75306944481591,Intentional
User_80,2025-09-23 06:16:51,0.704,0.6907,Running,Center,Driving_Under_Influence,2way,0.0,60,4G,-118,50.0,-25.0,0.0062629198572998,40.280182101694265,21.752896419146083,Intentional
User_37,2025-09-23 10:36:47,0.306,0.8064,Driving,Center,Driving_Under_Influence,2way,0.0,60,112,-92,40.0,7.0,0.0048746506380323,40.30631208253966,21.80905769481936,Intentional
User_58,2025-09-23 11:41:02,0.465,0.564,Flying,Koila,Speeding,4way,0.0,20,106,-63,48.0,7.0,0.0079306633848171,40.320890560142466,21.79007721072768,Intentional
User_61,2025-09-23 14:38:30,0.546,0.6107,Running,Center,Driving_Under_Influence,2way,0.0,10,4G,-87,2.0,5.0,0.0029855834821073,40.28021760843448,21.75361312745775,Intentional
User_61,2025-09-23 17:49:06,0.546,0.6117,Swimming,Ligeris,Reckless_Driving,1way,0.0,30,WiFi,-58,55.0,10.0,0.0038315787837032,38.067351,21.806039569978555,Intentional
User_20,2025-09-23 18:40:01,0.334,0.8531,Driving,Ligeris,Reckless_Driving,6way,0.0,40,WiFi,-87,19.0,11.0,0.0024217319664644,40.30595094079992,23.459339,Intentional
User_46,2025-09-23 19:42:33,0.519,0.8726,Walking,Center,Driving_Under_Influence,4way,4.0,20,WiFi,-68,60.0,-11.0,0.0070055685251848,40.28026523101627,21.754458674120087,Intentional
User_35,2025-09-23 19:53:08,0.274,0.6112,Walking,Zep,Reckless_Driving,6way,0.0,60,4G,-97,94.0,2.0,0.0083470640144749,40.306230115631266,21.751358813579852,Intentional
User_12,2025-09-23 22:02:48,0.67,0.8832,Driving,Ligeris,Reckless_Driving,6way,1.0,80,4G,-101,39.0,24.0,0.0087855260958959,40.30535051563517,21.80594828726499,Intentional
User_17,2025-09-24 00:21:30,0.631,0.6728,Running,Spinari,Speeding,2way,0.0,50,5G,-78,64.0,-6.0,0.0020622588489891,37.338082,21.75390971056091,Intentional
User_14,2025-09-24 00:52:52,0.393,0.7394,Swimming,Zep,Speeding,2way,1.0,20,5G,-120,33.0,-11.0,0.0037569862871449,40.27992133070941,21.75455622620636,Intentional
User_22,2025-09-24 07:41:19,0.413,0.5799,Running,Zep,Speeding,5way,2.0,80,WiFi,-88,88.0,-7.0,0.0033988409428924,40.28117686229767,21.752640876070306,Intentional
User_94,2025-09-24 08:46:50,0.681,0.632,Running,Spinari,Speeding,2way,0.0,30,4G,-81,76.0,16.0,0.0053036735400812,40.30506179529938,21.80834554188221,Intentional
User_16,2025-09-24 15:10:03,0.513,0.7397,Running,Spinari,Reckless_Driving,2way,0.0,30,3G,-83,93.0,-12.0,0.0067295825269257,37.091439,21.753084377337828,Intentional
User_35,2025-09-24 16:14:08,0.274,0.6132,Walking,Center,Reckless_Driving,2way,0.0,50,WiFi,-67,-151.0,15.0,0.0095335646224171,40.27957494534596,21.753223758085117,Intentional
User_32,2025-09-24 16:47:42,0.464,0.553,Flying,Ligeris,Driving_Under_Influence,1way,4.0,60,4G,-75,25.0,-6.0,0.003621360904694,42.66122,21.807805693992048,Intentional
User_18,2025-09-24 17:27:23,0.251,0.9235,Walking,Center,Speeding,1way,1.0,30,5G,-119,83.0,1.0,0.0063041696519703,40.30595018890275,21.808451292601248,Intentional
User_89,2025-09-24 20:11:54,0.336,0.5461,Running,Spinari,Driving_Under_Influence,2way,0.0,70,5G,-77,72.0,-3.0,0.0043633438020489,40.30531767625868,21.808127999661902,Intentional
User_78,2025-09-25 00:18:19,0.347,0.7736,Running,Zep,Driving_Under_Influence,6way,0.0,50,3G,-103,57.0,5.0,0.0042907814733275,40.28057398035154,21.7523684032272,Intentional
User_56,2025-09-25 06:47:38,0.374,0.5467,Swimming,Koila,Reckless_Driving,1way,0.0,10,102,-93,79.0,3.0,0.0031608538338508,40.3224429535707,21.790366293863684,Intentional
User_39,2025-09-25 09:04:40,0.598,0.6827,Running,Center,Speeding,2way,0.0,20,3G,-88,-14.0,9.0,0.0049504137637458,40.322270414496344,21.79284769160659,Intentional
User_20,2025-09-25 10:42:11,0.334,0.8561,Driving,Ligeris,Speeding,5way,4.0,10,3G,Ethernet,15.0,15.0,0.0052411639574831,40.30516283209039,21.805799780039404,Intentional
User_21,2025-09-25 10:53:37,0.303,0.5482,Running,Zep,Reckless_Driving,5way,4.0,50,WiFi,-71,96.0,5.0,0.0086188711210705,40.279779394052426,21.791256784153244,Intentional
User_95,2025-09-25 14:02:40,0.545,0.8089,Running,Zep,Reckless_Driving,5way,0.0,30,118,-64,13.0,-5.0,0.0048776282188326,40.278598803084165,21.755024621949225,Intentional
User_98,2025-09-25 17:10:50,0.46,0.6878,Driving,Ligeris,Driving_Under_Influence,6way,0.0,40,5G,-77,68.0,2.0,0.048,40.30686300392338,21.808276023067652,Intentional
User_66,2025-09-25 17:26:08,0.28,0.7647,Swimming,Zep,Reckless_Driving,4way,2.0,30,3G,-108,17.0,-11.0,0.0032113262313008,40.27986827605861,21.75385967124271,Intentional
User_30,2025-09-25 21:18:21,0.413,0.6254,Walking,Koila,Speeding,6way,4.0,50,5G,-84,72.0,-12.0,0.008732852718315,40.321895467211675,21.792609622728943,Intentional
User_76,2025-09-26 00:42:27,0.355,0.7351,Swimming,Ligeris,Reckless_Driving,2way,4.0,40,4G,-88,100.0,-12.0,0.0087371242420677,40.306160734424054,21.80742934486895,Intentional
User_81,2025-09-26 01:35:58,0.376,0.8195,Walking,Spinari,Driving_Under_Influence,2way,1.0,80,WiFi,-59,72.0,15.0,0.0020066641498723,38.491113,21.752956014617613,Intentional
User_39,2025-09-26 04:25:03,0.598,0.5641,Driving,Koila,Driving_Under_Influence,6way,0.0,50,WiFi,-84,58.0,15.0,0.0083771479124472,40.322022771194696,21.7912822477222,Intentional
User_96,2025-09-26 04:59:43,0.261,0.7941,Swimming,Ligeris,Reckless_Driving,2way,1.0,50,WiFi,-88,-140.0,9.0,0.0044647150126947,40.3059432362114,21.808866033391485,Intentional
User_75,2025-09-26 07:01:43,0.409,0.7091,Driving,Koila,Driving_Under_Influence,5way,2.0,60,5G,-113,74.0,16.0,0.0083385394618754,40.32207591392298,21.791205541019504,Intentional
User_77,2025-09-26 08:16:47,0.428,0.5535,Walking,Center,Speeding,1way,0.0,20,WiFi,-56,23.0,-13.0,0.0066628026673777,40.27908243863008,21.75443947837757,Intentional
User_03,2025-09-26 13:51:00,0.568,0.5664,Running,Ligeris,Speeding,6way,2.0,120,4G,-74,53.0,12.0,0.005151907230915,41.824797,21.80718777937508,Intentional
User_48,2025-09-26 18:25:01,0.46,0.8044,Walking,Koila,Driving_Under_Influence,6way,0.0,10,3G,-108,-27.0,13.0,0.0056290468029701,40.32241198175917,21.79119604551516,Intentional
User_89,2025-09-26 20:52:01,0.336,0.5501,Flying,Zep,Reckless_Driving,2way,1.0,40,4G,-99,80.0,9.0,0.0012549521411182,40.27992917247864,21.752080720097197,Intentional
User_95,2025-09-26 22:01:48,0.545,0.8109,Driving,Spinari,Driving_Under_Influence,2way,1.0,70,WiFi,-73,25.0,-22.0,0.005653142335994,40.279600568671135,21.75555950938898,Intentional
User_12,2025-09-26 22:25:14,0.67,0.8892,Running,Zep,Driving_Under_Influence,6way,0.0,40,115,-58,63.0,-8.0,0.0063014124322033,40.27854363295512,21.753941159194433,Intentional
User_11,2025-09-27 02:50:31,0.602,0.855,Driving,Koila,Speeding,5way,0.0,30,WiFi,-80,65.0,-16.0,0.0051971102679904,40.305936532427616,23.461084,Intentional
User_31,2025-09-27 03:27:54,0.56,0.8914,Swimming,Zep,Speeding,2way,1.0,30,WiFi,-62,61.0,12.0,0.0033815980074129,40.279419115793914,21.753399351034247,Intentional
User_90,2025-09-27 07:33:22,0.525,0.5988,Driving,Koila,Driving_Under_Influence,6way,3.0,30,5G,-97,74.0,11.0,0.0065904058774808,40.321650772822174,18.551165,Intentional
User_65,2025-09-27 08:59:19,0.448,0.6141,Running,Koila,Speeding,5way,1.0,40,3G,-80,19.0,-22.0,0.0051600452502903,40.32139363063954,21.793311275904856,Intentional
User_69,2025-09-27 13:39:44,0.34,0.8981,Swimming,Zep,Reckless_Driving,2way,0.0,60,3G,-107,19.0,1.0,0.0058951430165573,40.27950530732885,21.753249451566035,Intentional
User_36,2025-09-27 14:18:20,0.563,0.9279,Running,Ligeris,Speeding,5way,1.0,10,4G,-79,38.0,16.0,0.0057811476661922,40.30639753936815,21.80746640000463,Intentional
User_88,2025-09-27 14:30:29,0.471,0.6647,Swimming,Koila,Driving_Under_Influence,2way,3.0,70,4G,-74,79.0,-14.0,0.00429095786282,40.32205240050384,18.684714,Intentional
User_22,2025-09-27 15:31:42,0.413,0.5859,Swimming,Zep,Speeding,1way,0.0,10,115,-51,14.0,11.0,0.0060271041893539,40.27949228090234,21.753255290315614,Intentional
User_59,2025-09-27 17:32:20,0.265,0.7162,Walking,Zep,Speeding,6way,1.0,30,3G,-109,81.0,-14.0,0.048,40.281343705418834,21.753256795345347,Intentional
User_95,2025-09-27 20:17:59,0.545,0.8119,Walking,Ligeris,Speeding,6way,2.0,30,5G,Satellite,77.0,-15.0,0.0050632709307195,40.30551631791877,21.80675181583909,Intentional
User_02,2025-09-28 05:27:08,0.46,0.8416,Swimming,Zep,Driving_Under_Influence,1way,1.0,60,3G,-85,-149.0,-3.0,0.0099804151347102,40.28046696153502,21.754850731483472,Intentional
User_66,2025-09-28 09:06:01,0.28,0.7697,Driving,Ligeris,Speeding,5way,0.0,70,3G,-99,16.0,19.0,0.0065604462153187,40.30776376739058,21.806312473351603,Intentional
User_98,2025-09-28 10:32:58,0.46,0.6928,Driving,Koila,Driving_Under_Influence,5way,2.0,40,WiFi,Ethernet,46.0,-11.0,0.005653142335994,40.306230115631266,21.78986156835021,Intentional
User_54,2025-09-28 11:45:08,0.327,0.8159,Swimming,Zep,Reckless_Driving,2way,1.0,40,4G,-97,20.0,6.0,0.0094811302872838,40.27958685819311,21.753277018255904,Intentional
User_96,2025-09-28 12:42:21,0.261,0.7991,Driving,Center,Driving_Under_Influence,2way,1.0,50,3G,-101,67.0,12.0,0.0033299260996269,40.30626254918798,21.807331742752492,Intentional
User_08,2025-09-28 14:45:06,0.347,0.8988,Walking,Zep,Reckless_Driving,5way,0.0,70,108,-70,86.0,6.0,0.003581573416765,40.27907601113572,21.754051709312694,Intentional
User_21,2025-09-28 18:51:50,0.303,0.5542,Walking,Center,Reckless_Driving,4way,0.0,40,3G,-97,18.0,10.0,0.0087275443103426,40.27865934599979,21.753195632925383,Intentional
User_59,2025-09-28 20:00:57,0.265,0.7182,Driving,Koila,Driving_Under_Influence,5way,0.0,50,4G,-107,37.0,-7.0,0.0096784976972193,40.32187851161226,21.789815473168943,Intentional
User_72,2025-09-28 20:05:06,0.567,0.5815,Running,Center,Speeding,4way,4.0,60,5G,-95,61.0,-12.0,0.0075260251918532,40.27909356208587,21.753046428325103,Intentional
User_09,2025-09-28 20:44:45,0.307,0.9268,Walking,Koila,Reckless_Driving,6way,1.0,10,WiFi,-54,-143.0,2.0,0.008108958490796,40.32184478158483,21.792251244863326,Intentional
User_16,2025-09-28 21:26:38,0.513,0.7477,Running,Ligeris,Driving_Under_Influence,5way,0.0,90,4G,-74,28.0,15.0,0.0046034014089321,40.306797093048814,21.805637284833026,Intentional
User_76,2025-09-29 01:24:08,0.355,0.7421,Running,Spinari,Driving_Under_Influence,2way,3.0,40,WiFi,-80,11.0,11.0,0.0092006406052613,40.30711549811819,21.808070070960845,Intentional
User_18,2025-09-29 03:12:35,0.251,0.9325,Running,Center,Speeding,4way,0.0,50,5G,-70,53.0,23.0,0.0031535450025222,40.30607663802006,21.807337013800627,Intentional
User_24,2025-09-29 04:29:12,0.445,0.5641,Swimming,Koila,Speeding,2way,3.0,20,WiFi,-72,35.0,11.0,0.046,40.32251908368861,21.791333636405888,Intentional
User_36,2025-09-29 06:12:15,0.563,0.9309,Flying,Zep,Driving_Under_Influence,1way,0.0,50,111,-116,37.0,-6.0,0.0014833308766617,40.27883301257335,21.751492098542816,Intentional
User_71,2025-09-29 09:37:58,0.256,0.5453,Driving,Koila,Reckless_Driving,6way,0.0,40,3G,-105,26.0,12.0,0.0065670688779856,40.32092283031147,21.789607644683933,Intentional
User_45,2025-09-29 16:22:06,0.285,0.8163,Flying,Ligeris,Speeding,2way,0.0,30,109,-81,80.0,7.0,0.0026827620842879,40.30767438633059,21.808360603737885,Intentional
User_42,2025-09-29 21:31:41,0.738,0.6566,Running,Spinari,Reckless_Driving,1way,3.0,30,3G,-94,92.0,7.0,0.0083601867645971,40.306230115631266,21.80743113551149,Intentional
User_88,2025-09-29 21:47:40,0.471,0.6687,Driving,Koila,Reckless_Driving,5way,2.0,70,5G,-120,-128.0,-10.0,0.0080556294184521,40.32303273510447,21.79072888459682,Intentional
User_05,2025-09-30 02:06:26,0.743,0.8417,Walking,Koila,Reckless_Driving,6way,2.0,40,5G,-115,45.0,-12.0,0.0022670209288322,40.32080910294985,21.790097258060143,Intentional
User_96,2025-09-30 04:49:42,0.261,0.8021,Swimming,Zep,Driving_Under_Influence,4way,0.0,30,3G,-75,19.0,0.0,0.0050896922472525,40.28086435569039,21.7537218329969,Intentional
User_50,2025-09-30 07:08:26,0.398,0.7766,Walking,Center,Driving_Under_Influence,4way,1.0,20,WiFi,-61,20.0,-9.0,0.0017125188800439,40.32150435480685,21.791712855222983,Intentional
User_97,2025-09-30 07:16:46,0.337,0.8243,Swimming,Koila,Driving_Under_Influence,2way,0.0,10,4G,-86,-125.0,2.0,0.0011042758039507,40.320948653271515,21.791868661744065,Intentional
User_74,2025-09-30 10:44:10,0.497,0.9024,Driving,Spinari,Driving_Under_Influence,2way,2.0,40,WiFi,-60,-28.0,12.0,0.0074624165997407,40.279967130097454,21.75348744159939,Intentional
User_53,2025-09-30 11:25:01,0.313,0.6446,Walking,Ligeris,Reckless_Driving,6way,0.0,80,5G,-98,65.0,8.0,0.0026886644274122,40.30647690433219,21.80732435107892,Intentional
User_14,2025-09-30 12:09:21,0.393,0.5641,Walking,Koila,Speeding,6way,0.0,40,WiFi,-79,41.0,-14.0,0.0042241155762679,40.3233163943746,21.791369831350035,Intentional
User_41,2025-09-30 13:35:03,0.628,0.7061,Running,Zep,Driving_Under_Influence,6way,0.0,40,WiFi,-58,-148.0,-9.0,0.0012943191387622,40.279891434650246,21.753757259040807,Intentional
User_44,2025-09-30 20:39:04,0.332,0.6286,Driving,Spinari,Reckless_Driving,2way,2.0,80,3G,-117,55.0,20.0,0.0080732818900576,40.30671131806687,21.807043419689847,Intentional
User_79,2025-10-01 01:31:34,0.389,0.664,Driving,Koila,Reckless_Driving,6way,1.0,30,5G,-88,80.0,4.0,0.0040304203117229,40.322124091627785,21.791156445365917,Intentional
User_39,2025-10-01 07:01:17,0.598,0.6947,Driving,Spinari,Driving_Under_Influence,2way,0.0,40,4G,-101,57.0,6.0,0.0087193898940789,37.324412,21.750918768836737,Intentional
User_85,2025-10-01 07:18:10,0.254,0.6723,Driving,Zep,Speeding,5way,0.0,20,WiFi,-53,64.0,-3.0,0.0065746497554974,40.279045889167406,21.753781939082423,Intentional
User_54,2025-10-01 07:46:55,0.327,0.8209,Walking,Zep,Speeding,6way,0.0,70,WiFi,Satellite,30.0,7.0,0.0099400872835112,40.27930960514205,21.753449099594853,Intentional
User_27,2025-10-01 08:14:02,0.535,0.7981,Flying,Zep,Reckless_Driving,1way,2.0,80,5G,-75,61.0,8.0,0.0050580280625863,40.27955720115611,21.754521866332656,Intentional
User_64,2025-10-01 10:17:07,0.511,0.8988,Driving,Center,Driving_Under_Influence,4way,0.0,70,5G,-78,94.0,10.0,0.0059913924128044,41.782092,21.75313616639322,Intentional
User_45,2025-10-01 11:57:58,0.285,0.8193,Walking,Zep,Driving_Under_Influence,6way,2.0,80,WiFi,-61,98.0,-9.0,0.0021121484255252,40.27892055416261,21.754403079623785,Intentional
User_57,2025-10-01 12:57:27,0.372,0.6592,Running,Center,Speeding,2way,0.0,30,4G,-103,93.0,3.0,0.0055460741169508,40.279385774947414,21.75366151226633,Intentional
User_20,2025-10-01 13:07:28,0.334,0.8681,Flying,Zep,Reckless_Driving,1way,0.0,80,103,-106,45.0,-2.0,0.005009561015112,40.28005814817477,21.753398027543337,Intentional
User_02,2025-10-01 13:43:55,0.529,0.8466,Swimming,Ligeris,Speeding,4way,1.0,30,WiFi,-85,8.0,5.0,0.0070313634188634,37.592731,21.808983756805265,Intentional
User_29,2025-10-01 15:22:11,0.415,0.7114,Walking,Center,Speeding,2way,0.0,10,5G,-84,0.0,0.0,0.024,40.27964039323132,21.753261155284218,Intentional
User_84,2025-10-01 15:50:18,0.527,0.6197,Swimming,Zep,Reckless_Driving,4way,0.0,10,4G,-86,45.0,0.0,0.0035976769251924,40.2782157753658,21.753680637187,Intentional
User_02,2025-10-01 18:31:18,0.529,0.8476,Swimming,Ligeris,Driving_Under_Influence,1way,2.0,70,WiFi,-81,42.0,-10.0,0.0024963384072442,40.30668246688245,21.807498034720332,Intentional
User_86,2025-10-01 18:40:27,0.469,0.5481,Swimming,Zep,Speeding,2way,0.0,40,3G,-94,69.0,10.0,0.0069188047403149,40.27879300494854,21.75357449706954,Intentional
User_25,2025-10-01 22:12:08,0.408,0.6838,Driving,Center,Reckless_Driving,2way,0.0,40,3G,-113,-154.0,-2.0,0.0092065766503889,40.27888690894561,21.754056339843764,Intentional
User_86,2025-10-01 22:52:55,0.469,0.5491,Running,Center,Speeding,1way,0.0,30,WiFi,-56,4.0,15.0,0.002033482549141,40.323046279820105,21.7924296461398,Intentional
User_32,2025-10-02 12:47:40,0.464,0.568,Swimming,Koila,Speeding,2way,4.0,30,WiFi,-76,41.0,-7.0,0.0054044358127718,40.323594293281445,21.790470716196825,Intentional
User_26,2025-10-02 13:03:37,0.408,0.7965,Flying,Ligeris,Driving_Under_Influence,2way,2.0,30,4G,-95,3.0,10.0,0.0082685082348562,40.30625959350265,21.80768589395953,Intentional
User_36,2025-10-02 13:13:34,0.563,0.9369,Running,Zep,Driving_Under_Influence,5way,0.0,50,WiFi,-57,52.0,24.0,0.0034803111785056,40.27881555614129,21.75209313001362,Intentional
User_31,2025-10-02 16:52:58,0.56,0.9014,Driving,Ligeris,Speeding,6way,2.0,110,105,-111,40.0,-7.0,0.0092370649411109,40.30633102807001,21.809560478315255,Intentional
User_36,2025-10-02 17:13:03,0.563,0.9379,Walking,Spinari,Driving_Under_Influence,2way,2.0,90,WiFi,-58,-36.0,-6.0,0.0079549485083692,40.30563310149034,21.808223096150595,Intentional
User_44,2025-10-02 17:53:13,0.332,0.6326,Walking,Koila,Reckless_Driving,5way,0.0,70,5G,-88,80.0,13.0,0.0091336670508934,40.32243096188285,21.792122426917643,Intentional
User_62,2025-10-02 19:26:12,0.366,0.6582,Swimming,Koila,Reckless_Driving,2way,1.0,70,5G,Ethernet,92.0,-4.0,0.0085091036937448,40.322632648369535,21.792553011068325,Intentional
User_79,2025-10-02 22:29:52,0.389,0.667,Driving,Spinari,Speeding,2way,0.0,60,4G,Ethernet,78.0,0.0,0.0014388006695179,40.32342240254317,21.789727735948368,Intentional
User_78,2025-10-03 05:03:42,0.347,0.7896,Running,Koila,Driving_Under_Influence,6way,0.0,70,3G,-101,82.0,-14.0,0.0054146598782274,40.32236714332638,21.79148432976122,Intentional
User_57,2025-10-03 07:39:22,0.372,0.6632,Driving,Koila,Speeding,6way,0.0,10,4G,-92,46.0,10.0,0.0013798038279875,40.306230115631266,21.791256784153244,Intentional
User_74,2025-10-03 08:29:16,0.497,0.9074,Walking,Center,Speeding,2way,1.0,40,3G,-80,95.0,13.0,0.0058811742894662,40.322374617147176,21.79062394384899,Intentional
User_31,2025-10-03 16:42:34,0.56,0.9034,Swimming,Ligeris,Driving_Under_Influence,1way,1.0,60,5G,-101,41.0,-10.0,0.0045613956183234,40.3068950242945,21.80872666669182,Intentional
User_05,2025-10-03 21:17:53,0.743,0.8477,Swimming,Koila,Speeding,2way,1.0,40,WiFi,-68,45.0,1.0,0.0040239514903454,41.525285,21.790585134521248,Intentional
User_59,2025-10-03 22:16:12,0.265,0.7292,Running,Center,Speeding,1way,1.0,60,WiFi,-82,-27.0,-13.0,0.0024490592150094,40.27975529460255,21.753423015743905,Intentional
User_52,2025-10-03 23:23:34,0.544,0.6282,Running,Koila,Driving_Under_Influence,5way,0.0,10,4G,-102,50.0,-19.0,0.0013969170143126,40.30608029266781,21.80742917600421,Intentional
User_14,2025-10-04 01:01:42,0.393,0.7594,Driving,Center,Reckless_Driving,2way,0.0,40,5G,-98,1.0,-6.0,0.0033154669219155,37.142018,21.80671917600421,Intentional
User_13,2025-10-04 02:23:24,0.75,0.7974,Driving,Spinari,Driving_Under_Influence,1way,2.0,20,4G,-117,94.0,-1.0,0.0050393579093212,40.306279854099095,21.808379596457144,Intentional
User_89,2025-10-04 03:17:33,0.336,0.5651,Driving,Center,Reckless_Driving,2way,3.0,40,4G,-106,58.0,-1.0,0.0046934549323086,40.279210446561834,21.752932255826703,Intentional
User_44,2025-10-04 04:24:09,0.332,0.5641,Running,Center,Driving_Under_Influence,4way,0.0,60,3G,-86,51.0,0.0,0.0010220410055704,40.27992663564306,21.75373632823408,Intentional
User_47,2025-10-04 06:22:13,0.585,0.6602,Swimming,Koila,Reckless_Driving,1way,1.0,40,5G,-76,81.0,11.0,0.0064939891353246,40.321979151823314,17.946298,Intentional
User_94,2025-10-04 06:47:23,0.681,0.652,Flying,Koila,Driving_Under_Influence,2way,4.0,80,4G,-116,-150.0,-2.0,0.0086922312602612,40.32284784735532,21.789621989541484,Intentional
User_33,2025-10-04 07:12:37,0.634,0.7662,Running,Zep,Reckless_Driving,6way,0.0,90,WiFi,-53,32.0,9.0,0.0099855370182874,40.279982912655385,21.791256784153244,Intentional
User_56,2025-10-04 11:25:40,0.374,0.5657,Swimming,Ligeris,Reckless_Driving,2way,0.0,30,4G,Satellite,36.0,13.0,0.0048409282125448,40.30680224201601,21.808155779122043,Intentional
User_12,2025-10-04 13:04:54,0.67,0.9042,Walking,Center,Driving_Under_Influence,2way,0.0,60,3G,-117,100.0,-15.0,0.0070442800788262,40.28055085144982,22.897111,Intentional
User_18,2025-10-04 13:34:49,0.251,0.9425,Driving,Center,Speeding,2way,0.0,30,3G,-81,81.0,-7.0,0.008778780196425,40.30623196780651,21.807497828290796,Intentional
User_92,2025-10-04 16:37:46,0.694,0.7292,Walking,Zep,Reckless_Driving,5way,0.0,80,5G,Satellite,9.0,-15.0,0.0079548503365624,40.28049878003128,21.751490070306,Intentional
User_48,2025-10-04 20:23:07,0.599,0.8204,Swimming,Koila,Speeding,1way,2.0,60,WiFi,-60,86.0,10.0,0.009818988481612,40.32260582014057,21.792624855444657,Intentional
User_55,2025-10-04 21:42:52,0.447,0.8894,Swimming,Koila,Reckless_Driving,2way,2.0,60,WiFi,-72,30.0,25.0,0.0075599031281295,40.32110052361923,21.791309467224828,Intentional
User_100,2025-10-04 23:32:00,0.37,0.807,Driving,Koila,Reckless_Driving,5way,0.0,80,5G,-115,3.0,-14.0,0.007285605992172,40.32245878166663,21.791891353222564,Intentional
User_85,2025-10-05 00:40:21,0.254,0.6803,Running,Koila,Reckless_Driving,6way,0.0,60,WiFi,-74,-149.0,-15.0,0.0062479613690735,40.32167457438301,21.792675936764887,Intentional
User_09,2025-10-05 04:09:25,0.307,0.9398,Driving,Spinari,Reckless_Driving,4way,1.0,90,5G,-90,95.0,-15.0,0.0054808568341319,40.2799758124013,21.75271855088924,Intentional
User_59,2025-10-05 07:23:49,0.265,0.7322,Flying,Koila,Reckless_Driving,2way,0.0,40,WiFi,-60,87.0,-4.0,0.0073653893953534,40.32201311400675,21.791571780342743,Intentional
User_83,2025-10-05 08:42:02,0.46,0.9135,Flying,Koila,Driving_Under_Influence,2way,1.0,20,4G,-85,59.0,-14.0,0.006655661702155,40.3220075722386,21.791663347710188,Intentional
User_73,2025-10-05 12:43:56,0.325,0.7447,Walking,Spinari,Reckless_Driving,2way,0.0,20,3G,Ethernet,89.0,-10.0,0.0090501527668346,40.30651296310699,21.80772130752372,Intentional
User_28,2025-10-05 12:52:33,0.348,0.8643,Running,Spinari,Reckless_Driving,2way,0.0,20,WiFi,-50,39.0,13.0,0.0067878743746037,42.193293,21.753334850556826,Intentional
User_67,2025-10-05 14:19:05,0.529,0.7656,Driving,Koila,Driving_Under_Influence,5way,0.0,50,5G,Ethernet,49.0,-9.0,0.0050785822540891,40.32224937784502,21.79161372465191,Intentional
User_18,2025-10-05 16:09:07,0.251,0.9445,Running,Zep,Speeding,5way,0.0,80,3G,-92,25.0,11.0,0.005653142335994,38.197368,21.754779486552977,Intentional
User_72,2025-10-05 16:45:35,0.567,0.5955,Driving,Spinari,Driving_Under_Influence,2way,0.0,50,5G,-119,82.0,13.0,0.0066730110109499,40.320844165678515,21.791018367414907,Intentional
User_74,2025-10-05 18:40:40,0.497,0.9124,Swimming,Ligeris,Driving_Under_Influence,2way,1.0,30,5G,-97,62.0,-7.0,0.0035507962697057,40.306232876039054,21.807402037467185,Intentional
User_29,2025-10-05 22:41:37,0.415,0.7194,Flying,Zep,Speeding,2way,1.0,80,5G,-116,2.0,-11.0,0.004225624085954,40.2800049803208,21.75229647937001,Intentional
User_98,2025-10-06 02:34:41,0.46,0.7088,Flying,Ligeris,Driving_Under_Influence,1way,1.0,50,5G,-86,4.0,-15.0,0.0060743241292576,40.30686012902607,21.805631384584103,Intentional
User_34,2025-10-06 02:52:08,0.431,0.7099,Driving,Center,Speeding,2way,0.0,60,5G,-108,12.0,25.0,0.009724876356993,40.32149774828659,21.789376474919248,Intentional
User_20,2025-10-06 08:47:07,0.334,0.8791,Running,Ligeris,Driving_Under_Influence,6way,1.0,20,WiFi,-73,59.0,-11.0,0.0094867686822221,40.30621330224712,21.807675651142674,Intentional
User_38,2025-10-06 13:51:00,0.306,0.8621,Running,Zep,Speeding,6way,0.0,40,WiFi,-55,12.0,3.0,0.0047864693709778,40.28067352618756,21.75395710579161,Intentional
User_04,2025-10-06 16:11:39,0.662,0.6097,Driving,Zep,Driving_Under_Influence,5way,0.0,90,103,-119,18.0,-15.0,0.0045066968537418,40.28050572367916,21.754975854768375,Intentional
User_96,2025-10-07 06:30:53,0.261,0.8171,Flying,Zep,Reckless_Driving,1way,1.0,20,WiFi,Satellite,57.0,3.0,0.0026426356705878,40.28015371693127,21.751795618789153,Intentional
User_68,2025-10-07 07:18:19,0.472,0.5909,Flying,Ligeris,Reckless_Driving,1way,0.0,20,5G,-72,57.0,7.0,0.0080194024951447,40.305988901756194,21.807621795341205,Intentional
User_80,2025-10-07 07:19:04,0.704,0.7197,Walking,Spinari,Reckless_Driving,2way,1.0,70,4G,-91,28.0,5.0,0.0018911952958178,40.30616143849833,21.80806335576988,Intentional
User_27,2025-10-07 08:14:05,0.535,0.8111,Walking,Center,Reckless_Driving,4way,1.0,30,3G,-75,77.0,12.0,0.0084840069711792,40.32168568317017,21.792477009510037,Intentional
User_74,2025-10-07 08:25:49,0.497,0.9164,Walking,Zep,Reckless_Driving,6way,0.0,10,3G,-84,63.0,-3.0,0.0040930841790644,40.27854991027468,21.754392162427287,Intentional
User_64,2025-10-07 10:07:44,0.511,0.9098,Swimming,Ligeris,Driving_Under_Influence,4way,2.0,50,4G,-72,51.0,10.0,0.0012920613649451,40.30516060202282,21.807573378100255,Intentional
User_34,2025-10-07 11:01:39,0.431,0.7119,Flying,Ligeris,Speeding,2way,2.0,80,WiFi,-53,2.0,-23.0,0.0040005055108334,40.30624401907389,21.8074327704596,Intentional
User_33,2025-10-07 13:29:13,0.634,0.7732,Flying,Ligeris,Speeding,2way,0.0,60,WiFi,-80,31.0,1.0,0.0072119354756243,40.30586205505003,21.80614531049671,Intentional
User_37,2025-10-07 14:31:10,0.306,0.8354,Swimming,Zep,Driving_Under_Influence,4way,1.0,30,WiFi,-54,53.0,-1.0,0.0067880765662476,40.27994770812057,21.753444088032197,Intentional
User_28,2025-10-07 14:54:28,0.348,0.8683,Driving,Zep,Driving_Under_Influence,6way,0.0,70,WiFi,Ethernet,78.0,0.0,0.0048824741101612,40.27955536221827,21.75451656996357,Intentional
User_72,2025-10-07 19:25:11,0.567,0.6005,Flying,Ligeris,Driving_Under_Influence,1way,5.0,30,WiFi,-75,11.0,0.0,0.0079024237752183,40.30778278479747,21.80843250477366,Intentional
User_15,2025-10-07 20:30:11,0.627,0.8661,Running,Zep,Reckless_Driving,5way,1.0,120,5G,-118,89.0,15.0,0.0093717997078119,40.279166835149496,21.754807611849127,Intentional
User_86,2025-10-08 00:01:01,0.469,0.5621,Swimming,Ligeris,Speeding,2way,0.0,80,3G,-95,19.0,1.0,0.006127499981716,40.30589188708548,21.80688910221848,Intentional
User_84,2025-10-08 04:24:04,0.527,0.6337,Walking,Center,Reckless_Driving,4way,0.0,10,4G,-80,45.0,14.0,0.0091285758295526,40.30656170094451,21.80548262504662,Intentional
User_04,2025-10-08 04:30:23,0.662,0.6137,Driving,Center,Speeding,4way,0.0,60,5G,-103,88.0,16.0,0.0032044985990525,37.721631,21.79059827682822,Intentional
User_67,2025-10-08 05:03:46,0.529,0.7726,Swimming,Zep,Driving_Under_Influence,2way,2.0,80,4G,-93,82.0,-1.0,0.0062483209177882,40.28001429170683,21.753140299572344,Intentional
User_44,2025-10-08 06:24:22,0.332,0.6436,Flying,Ligeris,Reckless_Driving,2way,1.0,40,4G,-112,-134.0,12.0,0.007939731065748,40.30512783132009,21.808762808082356,Intentional
User_22,2025-10-08 08:21:09,0.413,0.6069,Walking,Zep,Speeding,5way,1.0,50,4G,Satellite,37.0,10.0,0.0081486777377205,40.27891631422805,21.755125190834004,Intentional
User_80,2025-10-08 12:28:33,0.704,0.7207,Walking,Zep,Reckless_Driving,5way,0.0,80,WiFi,Ethernet,14.0,-10.0,0.0072220966811348,40.279573638010206,21.75321137267508,Intentional
User_81,2025-10-08 14:26:55,0.376,0.8435,Walking,Zep,Reckless_Driving,6way,0.0,90,4G,-105,91.0,-18.0,0.0025372847674936,40.27936693829017,21.75282306529095,Intentional
User_45,2025-10-08 15:26:12,0.285,0.8333,Running,Ligeris,Reckless_Driving,6way,0.0,40,3G,-81,-129.0,4.0,0.0057618964216582,40.304909040911866,21.806050851200503,Intentional
User_29,2025-10-08 17:49:44,0.46,0.7254,Swimming,Koila,Driving_Under_Influence,2way,0.0,70,WiFi,-53,98.0,3.0,0.02,40.32236752723612,21.79253150335867,Intentional
User_40,2025-10-08 20:50:40,0.482,0.9287,Running,Spinari,Reckless_Driving,2way,2.0,40,109,-50,72.0,-8.0,0.0063859546047159,40.306638054580006,21.80704497362831,Intentional
User_54,2025-10-08 21:17:42,0.327,0.8359,Walking,Center,Driving_Under_Influence,4way,4.0,80,3G,-76,64.0,-4.0,0.0045350862166406,40.30671283451093,21.808019010482557,Intentional
User_60,2025-10-09 02:10:48,0.353,0.9278,Walking,Zep,Driving_Under_Influence,5way,1.0,40,3G,-117,58.0,12.0,0.0093620400693841,40.27981892038932,19.865462,Intentional
User_93,2025-10-09 02:40:31,0.588,0.5842,Flying,Ligeris,Reckless_Driving,1way,0.0,50,WiFi,-74,94.0,-20.0,0.0055920139541275,40.30647128335886,21.808122381196984,Intentional
User_13,2025-10-09 06:50:14,0.75,0.8074,Flying,Ligeris,Reckless_Driving,4way,3.0,40,WiFi,-55,88.0,-2.0,0.0067304336744917,40.30757700117134,21.791256784153244,Intentional
User_18,2025-10-09 11:00:41,0.251,0.9525,Driving,Center,Speeding,2way,4.0,30,3G,Satellite,69.0,-4.0,0.0055571707445528,40.32064334365245,21.79058227450116,Intentional
User_05,2025-10-09 11:18:03,0.743,0.8587,Running,Zep,Speeding,6way,0.0,20,5G,-88,44.0,16.0,0.0066944791447494,40.27879150929204,21.752973007131057,Intentional
User_08,2025-10-09 12:36:48,0.347,0.9208,Driving,Ligeris,Driving_Under_Influence,5way,1.0,30,4G,-86,13.0,13.0,0.0020838634582597,40.30573795864319,21.80745784429041,Intentional
User_75,2025-10-09 16:34:29,0.409,0.7361,Walking,Ligeris,Driving_Under_Influence,5way,0.0,10,WiFi,-75,85.0,5.0,0.0026529205083837,40.30665259070006,17.79643,Intentional
User_38,2025-10-09 20:33:10,0.306,0.8691,Swimming,Zep,Driving_Under_Influence,2way,0.0,30,4G,-109,25.0,15.0,0.0089140186294435,40.27868756182187,21.751848085127495,Intentional
User_51,2025-10-09 22:09:40,0.613,0.944,Walking,Ligeris,Driving_Under_Influence,6way,1.0,60,WiFi,-67,51.0,12.0,0.00864456159614,40.30738392333782,23.437168,Intentional
User_18,2025-10-09 23:33:11,0.251,0.9535,Walking,Zep,Speeding,5way,3.0,20,3G,-112,96.0,-3.0,0.0063921528712258,38.865211,21.75383075945533,Intentional
User_29,2025-10-10 01:04:27,0.415,0.7284,Flying,Ligeris,Speeding,2way,1.0,60,3G,-87,33.0,-12.0,0.002772778972912,40.30610072552075,21.807740550727033,Intentional
User_98,2025-10-10 02:00:39,0.46,0.7168,Driving,Center,Driving_Under_Influence,1way,4.0,30,4G,-120,29.0,0.0,0.0053454992750292,40.322456677047626,21.79216366665296,Intentional
User_26,2025-10-10 02:36:19,0.408,0.8125,Flying,Ligeris,Speeding,1way,0.0,50,3G,-87,58.0,2.0,0.0074821567602654,40.3063439466988,22.967989,Intentional
User_08,2025-10-10 03:28:19,0.347,0.9238,Driving,Zep,Reckless_Driving,6way,1.0,30,102,-117,2.0,9.0,0.0028879749607184,40.27956977705876,21.75306622697572,Intentional
User_78,2025-10-10 03:53:49,0.347,0.8036,Driving,Koila,Speeding,6way,0.0,20,5G,-100,86.0,6.0,0.003693781668063,40.32277312095628,21.792055219918858,Intentional
User_96,2025-10-10 08:25:50,0.46,0.8231,Flying,Ligeris,Speeding,1way,0.0,50,5G,-87,-15.0,-13.0,0.0089033812024942,40.30604020306161,21.8069732168982,Intentional
User_04,2025-10-10 12:45:27,0.662,0.6167,Driving,Ligeris,Reckless_Driving,6way,1.0,70,3G,-82,68.0,3.0,0.002802638355678,40.306710637539126,21.80885028897192,Intentional
User_37,2025-10-10 12:46:43,0.306,0.8404,Driving,Koila,Reckless_Driving,5way,3.0,20,5G,-95,58.0,13.0,0.005653142335994,40.32259587723986,21.78951730992182,Intentional
User_36,2025-10-10 13:46:11,0.563,0.9539,Running,Spinari,Driving_Under_Influence,1way,0.0,40,5G,-84,39.0,-3.0,0.0077815514233207,40.32173056930896,21.790291222029712,Intentional
User_70,2025-10-10 19:35:07,0.601,0.6599,Walking,Center,Driving_Under_Influence,2way,1.0,10,4G,-102,-12.0,-16.0,0.0089118471509645,40.32116441671592,21.79019877293026,Intentional
User_10,2025-10-10 19:36:48,0.315,0.9158,Swimming,Ligeris,Driving_Under_Influence,2way,0.0,70,4G,-75,65.0,16.0,0.008401515524286,40.30559417346527,21.80717595347725,Intentional
User_71,2025-10-11 00:44:19,0.46,0.5641,Driving,Spinari,Reckless_Driving,4way,1.0,90,4G,-85,45.0,-8.0,0.0076640388101354,40.279843712155774,21.75528355860611,Intentional
User_51,2025-10-11 03:59:30,0.613,0.948,Running,Spinari,Reckless_Driving,2way,0.0,60,WiFi,-64,38.0,-10.0,0.0099618036367295,40.28080334523705,21.751779820479143,Intentional
User_62,2025-10-11 06:50:08,0.366,0.6762,Swimming,Ligeris,Speeding,1way,0.0,50,4G,-112,70.0,15.0,0.0026187315749945,40.306467759668074,21.808456038397363,Intentional
User_47,2025-10-11 07:08:31,0.585,0.6742,Driving,Center,Speeding,1way,0.0,10,5G,-108,93.0,14.0,0.0081156692102401,40.28046912772673,21.751301825412284,Intentional
User_50,2025-10-11 08:41:55,0.398,0.7996,Walking,Spinari,Speeding,4way,0.0,70,WiFi,-53,14.0,12.0,0.003841999325506,40.27904686972594,22.237755,Intentional
User_66,2025-10-11 13:17:20,0.28,0.7967,Running,Koila,Driving_Under_Influence,6way,0.0,70,WiFi,-54,49.0,-6.0,0.027,40.32257654805411,21.790384826543143,Intentional
User_18,2025-10-11 13:33:16,0.251,0.9565,Running,Zep,Speeding,6way,3.0,30,4G,-92,9.0,-6.0,0.008631202690084,40.27941394176861,21.754594652063226,Intentional
User_18,2025-10-11 15:39:32,0.251,0.9575,Running,Spinari,Reckless_Driving,1way,0.0,10,4G,-111,89.0,0.0,0.0045571325528773,40.27882179324216,21.755106022134168,Intentional
User_13,2025-10-11 16:22:58,0.75,0.8114,Walking,Center,Speeding,2way,1.0,40,4G,-115,99.0,13.0,0.0093590875994816,40.306230115631266,21.75224449962347,Intentional
User_61,2025-10-11 16:31:59,0.546,0.6477,Driving,Center,Speeding,2way,1.0,70,WiFi,-86,14.0,22.0,0.0088332189995286,40.306230115631266,21.792095355970737,Intentional
User_15,2025-10-11 17:21:39,0.627,0.8731,Swimming,Ligeris,Driving_Under_Influence,1way,4.0,40,4G,-92,86.0,-2.0,0.003211646587913,40.30767342327173,21.80662676253645,Intentional
User_64,2025-10-11 19:01:52,0.511,0.9188,Swimming,Ligeris,Reckless_Driving,2way,1.0,40,3G,-84,17.0,14.0,0.0019860423854411,40.30577375305154,21.808226849702297,Intentional
User_20,2025-10-11 22:14:30,0.334,0.8891,Walking,Zep,Reckless_Driving,5way,0.0,80,3G,-98,18.0,-11.0,0.0045907357877391,40.27876168102618,21.75302095921155,Intentional
User_25,2025-10-12 00:28:46,0.408,0.7048,Flying,Ligeris,Driving_Under_Influence,4way,1.0,20,WiFi,-82,62.0,7.0,0.0070913002105925,40.30540475210678,21.806882286232955,Intentional
User_01,2025-10-12 02:14:36,0.619,0.8418,Running,Koila,Speeding,5way,1.0,10,5G,-94,88.0,15.0,0.0049331213430222,40.322118917651345,21.79052752156541,Intentional
User_39,2025-10-12 03:16:02,0.598,0.7167,Running,Spinari,Speeding,1way,2.0,30,5G,-111,2.0,-12.0,0.0026706238184215,40.30622894071147,21.80739788504515,Intentional
User_28,2025-10-12 04:36:43,0.348,0.8793,Flying,Ligeris,Driving_Under_Influence,1way,0.0,130,5G,-75,25.0,-8.0,0.0059856755437446,40.306714484949694,21.80937046760975,Intentional
User_92,2025-10-12 05:13:31,0.694,0.7452,Driving,Ligeris,Speeding,5way,2.0,50,4G,-114,73.0,2.0,0.0053544671572265,40.30642408433592,21.791256784153244,Intentional
User_100,2025-10-12 05:25:52,0.37,0.822,Walking,Koila,Reckless_Driving,6way,0.0,60,WiFi,-72,-141.0,13.0,0.0030202130132825,40.32279087329455,21.789433170628776,Intentional
User_86,2025-10-12 09:39:11,0.469,0.5701,Flying,Ligeris,Reckless_Driving,2way,0.0,80,4G,-81,92.0,-13.0,0.008106300179584,40.30604967606484,21.808255557955064,Intentional
User_62,2025-10-12 16:01:28,0.366,0.6782,Flying,Koila,Driving_Under_Influence,1way,0.0,80,3G,-114,58.0,9.0,0.0085378335989543,40.3235079204495,23.184261,Intentional
User_21,2025-10-12 18:53:34,0.303,0.5822,Flying,Koila,Speeding,2way,1.0,40,3G,-75,-124.0,1.0,0.0067669483387129,40.323120170265454,21.792510237633447,Intentional
User_20,2025-10-12 20:54:39,0.334,0.8911,Driving,Ligeris,Driving_Under_Influence,6way,0.0,120,WiFi,-57,50.0,7.0,0.0014060275508885,40.306261880906334,21.80875715273579,Intentional
User_89,2025-10-12 20:55:39,0.336,0.5821,Driving,Center,Reckless_Driving,4way,0.0,40,116,-112,21.0,13.0,0.005653142335994,40.32284302868463,21.79057243737736,Intentional
User_97,2025-10-12 21:28:17,0.337,0.8493,Flying,Zep,Driving_Under_Influence,2way,0.0,30,WiFi,-55,86.0,-5.0,0.0064517708087239,40.27968507071876,21.752914903539867,Intentional
User_93,2025-10-13 01:11:40,0.588,0.5912,Flying,Zep,Speeding,4way,0.0,60,5G,-119,71.0,11.0,0.0075002544914571,40.279378044983034,21.75192637305278,Intentional
User_55,2025-10-13 01:51:25,0.447,0.9064,Swimming,Zep,Speeding,4way,1.0,90,4G,-89,80.0,6.0,0.0039559150471985,40.28012604488418,21.752217661532747,Intentional
User_68,2025-10-13 17:04:17,0.472,0.6039,Walking,Ligeris,Reckless_Driving,6way,1.0,20,101,-83,85.0,2.0,0.0075711172854314,40.305401549040205,21.791256784153244,Intentional
User_100,2025-10-13 19:17:56,0.37,0.825,Driving,Center,Driving_Under_Influence,2way,0.0,30,4G,-115,85.0,-5.0,0.0018520782355162,40.27994394924502,21.753680293337045,Intentional
User_94,2025-10-13 19:54:02,0.46,0.671,Flying,Ligeris,Speeding,2way,1.0,10,5G,-119,45.0,9.0,0.0056928758550278,40.30680336923815,21.808718206802887,Intentional
User_27,2025-10-13 20:47:20,0.535,0.8231,Swimming,Zep,Speeding,2way,0.0,40,4G,Satellite,58.0,-14.0,0.0038164367560802,40.278647985866655,21.752099511211902,Intentional
User_99,2025-10-13 23:42:07,0.465,0.7814,Running,Ligeris,Driving_Under_Influence,5way,2.0,40,4G,-75,18.0,4.0,0.0039733454572518,40.307698518843594,21.808651848191033,Intentional
User_59,2025-10-14 03:00:55,0.265,0.7502,Swimming,Koila,Reckless_Driving,1way,1.0,40,3G,-94,61.0,0.0,0.0047376350598583,40.32308174849838,21.790133722307814,Intentional
User_41,2025-10-14 03:43:14,0.628,0.7341,Walking,Spinari,Driving_Under_Influence,1way,0.0,10,WiFi,-71,72.0,-13.0,0.0050492269493521,40.27937948638137,21.753177003071816,Intentional
User_87,2025-10-14 04:17:54,0.709,0.9532,Driving,Center,Speeding,2way,0.0,70,3G,-80,98.0,-10.0,0.003876258250433,40.32139087139165,21.79005614068173,Intentional
User_92,2025-10-14 05:03:19,0.694,0.7482,Walking,Spinari,Driving_Under_Influence,2way,1.0,80,5G,-88,28.0,-13.0,0.002011571298361,40.32236557745717,21.793446011387935,Intentional
User_50,2025-10-14 05:06:09,0.398,0.8056,Running,Center,Driving_Under_Influence,1way,0.0,40,3G,Ethernet,46.0,2.0,0.0076681013902352,40.32255167810224,21.791550965262974,Intentional
User_16,2025-10-14 06:32:01,0.513,0.7787,Driving,Center,Reckless_Driving,4way,2.0,80,5G,-108,43.0,12.0,0.005653142335994,40.30614129135708,21.807473414914583,Intentional
User_61,2025-10-14 06:34:30,0.546,0.6527,Swimming,Zep,Reckless_Driving,2way,1.0,60,3G,-110,49.0,-4.0,0.0028150367581086,38.759352,21.754267058292697,Intentional
User_74,2025-10-14 08:09:25,0.497,0.9294,Flying,Koila,Speeding,4way,1.0,20,3G,-115,93.0,11.0,0.009998318685508,40.32249196378768,21.7926109239039,Intentional
User_17,2025-10-14 13:06:23,0.631,0.7128,Driving,Koila,Speeding,5way,2.0,30,5G,-104,22.0,12.0,0.0038610768172287,40.32279854145565,21.789955882033695,Intentional
User_35,2025-10-14 20:12:07,0.274,0.6522,Flying,Zep,Reckless_Driving,2way,4.0,20,4G,-118,63.0,-6.0,0.0042789738560003,40.27922324726182,21.75280893875641,Intentional
User_02,2025-10-14 22:50:16,0.529,0.8736,Swimming,Ligeris,Speeding,4way,0.0,30,4G,-93,89.0,7.0,0.005653142335994,40.305562020405006,21.80598331881948,Intentional
User_26,2025-10-15 02:03:58,0.408,0.8235,Driving,Spinari,Driving_Under_Influence,2way,0.0,40,5G,-96,96.0,3.0,0.0090010198560905,40.307399858051824,23.813336,Intentional
User_56,2025-10-15 04:23:23,0.374,0.5867,Driving,Center,Driving_Under_Influence,2way,2.0,40,WiFi,-90,30.0,-7.0,0.0010816493853982,40.306363914714154,21.808002455915403,Intentional
User_99,2025-10-15 04:31:42,0.465,0.7854,Running,Koila,Reckless_Driving,5way,0.0,70,4G,-80,2.0,8.0,0.009513811721603,40.32182820759058,21.79094014702988,Intentional
User_44,2025-10-15 07:52:22,0.332,0.6576,Walking,Center,Reckless_Driving,4way,0.0,50,5G,-85,46.0,-7.0,0.0022060164085777,40.28011443595221,21.75125233516503,Intentional
User_81,2025-10-15 08:49:13,0.376,0.8575,Walking,Spinari,Driving_Under_Influence,2way,0.0,30,117,-95,74.0,-12.0,0.0011443665192546,40.28033495184545,21.752998235879105,Intentional
User_40,2025-10-15 08:53:04,0.482,0.9417,Walking,Spinari,Reckless_Driving,1way,0.0,20,WiFi,-71,79.0,7.0,0.0086662715531843,40.32163586503448,22.603651,Intentional
User_06,2025-10-15 11:49:09,0.584,0.9435,Running,Zep,Speeding,5way,0.0,30,5G,-79,50.0,5.0,0.0057576846890701,40.27903309272933,21.75343697591422,Intentional
User_22,2025-10-15 12:14:39,0.413,0.6219,Flying,Zep,Reckless_Driving,2way,1.0,40,WiFi,-87,22.0,-15.0,0.0046143992867703,40.279356714873565,21.75219285665348,Intentional
User_63,2025-10-15 12:30:08,0.543,0.6906,Walking,Zep,Reckless_Driving,5way,3.0,30,101,-91,78.0,5.0,0.0041496185045332,40.27958487307535,21.753217243242116,Intentional
User_50,2025-10-15 14:17:13,0.398,0.8076,Running,Spinari,Reckless_Driving,1way,1.0,60,103,-64,49.0,9.0,0.0047747172127015,40.27965752299472,21.75341791061441,Intentional
User_60,2025-10-15 15:46:08,0.353,0.9398,Driving,Spinari,Reckless_Driving,1way,1.0,40,118,-88,81.0,15.0,0.0034309204290362,40.27938765252799,21.75183524112835,Intentional
User_83,2025-10-15 15:58:37,0.309,0.9335,Flying,Koila,Reckless_Driving,2way,1.0,20,WiFi,-76,62.0,-12.0,0.0028847707472183,40.323300944976786,21.79111709088592,Intentional
User_78,2025-10-15 16:27:27,0.347,0.8146,Driving,Spinari,Speeding,2way,0.0,80,3G,-119,16.0,10.0,0.0079894278885521,38.657204,21.805826103566037,Intentional
User_82,2025-10-15 17:17:25,0.324,0.7879,Flying,Zep,Speeding,2way,1.0,10,WiFi,-61,49.0,-7.0,0.0047611914165854,40.280000914322,18.866324,Intentional
User_11,2025-10-15 17:42:53,0.602,0.891,Flying,Koila,Reckless_Driving,1way,0.0,40,4G,-104,90.0,12.0,0.0046956894668992,40.32264816636163,21.789428154239943,Intentional
User_34,2025-10-15 21:08:14,0.431,0.7289,Swimming,Zep,Reckless_Driving,1way,0.0,30,5G,-80,0.0,-3.0,0.0094773795356473,40.2789010000578,21.75303062005334,Intentional
User_76,2025-10-16 03:24:16,0.355,0.7751,Swimming,Koila,Speeding,1way,1.0,40,WiFi,-56,23.0,9.0,0.0035445913211982,41.301626,21.78946685385047,Intentional
User_09,2025-10-16 04:08:38,0.307,0.5641,Swimming,Ligeris,Reckless_Driving,2way,0.0,70,3G,-108,48.0,-12.0,0.0092352133117731,40.30622204760208,21.8071297204908,Intentional
User_62,2025-10-16 06:43:07,0.46,0.6852,Flying,Ligeris,Speeding,2way,1.0,50,4G,-100,42.0,10.0,0.0069326344058527,40.30622757921636,21.809144137160537,Intentional
User_02,2025-10-16 23:01:16,0.529,0.8776,Walking,Spinari,Reckless_Driving,2way,0.0,30,5G,-115,35.0,2.0,0.0041570818868014,40.32173825185681,21.792714154321555,Intentional
User_49,2025-10-17 02:37:46,0.637,0.9193,Running,Spinari,Speeding,2way,1.0,60,102,-56,61.0,0.0,0.0070699293421983,40.27913571160208,21.754374514324816,Intentional
User_10,2025-10-17 02:55:43,0.315,0.9288,Swimming,Ligeris,Driving_Under_Influence,2way,0.0,30,4G,-108,-25.0,-8.0,0.0027075028701812,40.30636906470857,21.80725606425221,Intentional
User_97,2025-10-17 04:53:12,0.337,0.8583,Swimming,Zep,Driving_Under_Influence,2way,1.0,10,3G,-102,62.0,24.0,0.0012780822034001,40.28062570314293,21.75318649973414,Intentional
User_55,2025-10-17 07:24:22,0.447,0.9144,Swimming,Zep,Driving_Under_Influence,1way,0.0,30,3G,-96,13.0,-4.0,0.0020403381624548,40.27846943942279,21.753697656761073,Intentional
User_22,2025-10-17 08:48:07,0.413,0.6249,Swimming,Ligeris,Speeding,4way,2.0,60,4G,-92,-134.0,1.0,0.005653142335994,40.30660925777116,21.80805423329786,Intentional
User_41,2025-10-17 09:17:08,0.628,0.7401,Flying,Zep,Driving_Under_Influence,1way,1.0,80,5G,-84,80.0,8.0,0.008513798952878,40.27947593448441,23.304774,Intentional
User_74,2025-10-17 11:03:13,0.497,0.9364,Walking,Koila,Driving_Under_Influence,6way,1.0,60,3G,-102,63.0,17.0,0.0032450221710015,40.32318863111568,21.790246270052947,Intentional
User_06,2025-10-18 02:30:51,0.584,0.9485,Running,Koila,Reckless_Driving,6way,1.0,20,4G,-88,4.0,-16.0,0.0051615404244142,40.30635049293543,21.807941982269224,Intentional
User_30,2025-10-18 03:44:38,0.413,0.6704,Flying,Koila,Driving_Under_Influence,2way,0.0,70,WiFi,-88,0.0,-14.0,0.0032864613979017,40.32137477555095,21.792360157987584,Intentional
User_77,2025-10-18 05:33:39,0.428,0.5975,Driving,Center,Driving_Under_Influence,1way,0.0,10,4G,-113,49.0,-13.0,0.0073814121924814,42.315076,21.791256784153244,Intentional
User_100,2025-10-18 07:47:17,0.37,0.835,Walking,Ligeris,Reckless_Driving,5way,1.0,20,5G,-109,73.0,6.0,0.0032633150163208,40.307783402328354,21.791256784153244,Intentional
User_40,2025-10-18 09:43:18,0.482,0.9477,Flying,Ligeris,Reckless_Driving,2way,0.0,30,3G,Ethernet,35.0,-10.0,0.0010754054133935,40.30634536976112,21.80751938929252,Intentional
User_58,2025-10-18 17:02:17,0.465,0.615,Swimming,Koila,Driving_Under_Influence,4way,1.0,10,WiFi,-85,21.0,3.0,0.0022338249830708,40.323489075407416,21.79053839177123,Intentional
User_21,2025-10-18 17:34:13,0.303,0.5942,Flying,Zep,Speeding,1way,1.0,10,4G,-119,37.0,14.0,0.0062927466158188,40.2799249591209,21.752187758235983,Intentional
User_69,2025-10-18 23:36:27,0.34,0.9411,Driving,Spinari,Speeding,1way,0.0,90,3G,-85,9.0,-12.0,0.0079598272745248,40.32142178845706,21.78954544543545,Intentional
User_61,2025-10-19 02:17:06,0.546,0.6627,Walking,Zep,Reckless_Driving,5way,1.0,10,WiFi,-53,33.0,8.0,0.0094156935306098,42.502762,21.753084701313345,Intentional
User_68,2025-10-19 09:40:25,0.472,0.6159,Flying,Koila,Speeding,4way,0.0,60,WiFi,-68,36.0,-6.0,0.0019997916905266,40.320751662186154,21.79024514293394,Intentional
User_37,2025-10-19 10:00:48,0.306,0.8594,Running,Ligeris,Speeding,5way,1.0,30,4G,-107,49.0,5.0,0.0023578611872813,40.3076957026144,21.80613916822213,Intentional
User_22,2025-10-19 13:47:51,0.413,0.6299,Running,Zep,Reckless_Driving,6way,0.0,10,4G,-84,42.0,-9.0,0.005653142335994,40.278829121078054,23.54445,Intentional
User_57,2025-10-19 15:08:18,0.372,0.6952,Flying,Ligeris,Driving_Under_Influence,2way,1.0,60,5G,-77,7.0,19.0,0.0063835664728738,40.30530531996984,21.807038673670377,Intentional
User_09,2025-10-19 15:51:35,0.307,0.9688,Walking,Center,Driving_Under_Influence,4way,1.0,50,5G,-100,-128.0,14.0,0.0012396271965596,40.32070562130325,21.790545509452365,Intentional
User_50,2025-10-19 17:15:00,0.398,0.5641,Flying,Ligeris,Speeding,2way,2.0,60,3G,Satellite,86.0,0.0,0.0089630993847584,40.30511590394286,21.806791349280143,Intentional
User_11,2025-10-19 20:14:06,0.602,0.9,Running,Spinari,Reckless_Driving,2way,1.0,60,3G,-105,72.0,0.0,0.0024367948337211,40.32065432067509,21.791256784153244,Intentional
User_62,2025-10-19 22:22:25,0.366,0.6922,Driving,Koila,Driving_Under_Influence,5way,0.0,50,WiFi,-88,95.0,3.0,0.0071722400681156,40.32296552958028,21.791493346563573,Intentional
User_97,2025-10-19 22:52:18,0.337,0.8633,Running,Center,Driving_Under_Influence,1way,0.0,40,3G,-98,61.0,9.0,0.0032215591069711,40.30573938953213,21.80524129096906,Intentional
User_70,2025-10-19 23:44:58,0.601,0.6779,Driving,Zep,Reckless_Driving,6way,1.0,90,3G,-93,38.0,13.0,0.0051827373593725,40.27959403368445,21.75208637498979,Intentional
User_80,2025-10-20 01:22:48,0.704,0.7447,Running,Zep,Speeding,5way,0.0,50,WiFi,Ethernet,7.0,3.0,0.0067770546520069,40.279570474885254,21.753120846776927,Intentional
User_72,2025-10-20 02:40:28,0.567,0.6255,Walking,Spinari,Speeding,2way,0.0,60,4G,-95,7.0,5.0,0.0041731874678936,40.3067541594859,21.8074805575754,Intentional
User_28,2025-10-20 02:49:35,0.46,0.8943,Running,Spinari,Driving_Under_Influence,2way,1.0,80,3G,-111,66.0,1.0,0.048,40.32292890163783,21.79169563860858,Intentional
User_63,2025-10-20 10:40:24,0.543,0.7006,Driving,Spinari,Speeding,2way,0.0,60,3G,Ethernet,54.0,10.0,0.0045311971925837,40.30563374497749,21.80667409493203,Intentional
User_45,2025-10-20 14:04:01,0.285,0.8583,Swimming,Zep,Driving_Under_Influence,2way,1.0,90,3G,-71,16.0,3.0,0.0021759541450694,40.27997385231697,23.709993,Intentional
User_50,2025-10-20 15:16:47,0.398,0.8176,Swimming,Ligeris,Driving_Under_Influence,1way,0.0,10,4G,-92,88.0,14.0,0.001701447211194,40.30619006606502,21.807302806439992,Intentional
User_90,2025-10-20 16:17:31,0.525,0.6448,Running,Zep,Speeding,6way,0.0,50,WiFi,-62,84.0,10.0,0.0024131839845545,37.232298,21.75322757033498,Intentional
User_77,2025-10-20 21:03:26,0.428,0.6025,Running,Ligeris,Driving_Under_Influence,6way,0.0,10,WiFi,-84,19.0,11.0,0.022,40.306296199375815,21.80663729723552,Intentional
User_16,2025-10-20 21:26:14,0.513,0.7917,Running,Center,Reckless_Driving,1way,1.0,60,4G,-92,54.0,-7.0,0.0061503095115605,40.32257344993327,21.790146994626173,Intentional
User_15,2025-10-20 22:41:50,0.627,0.8921,Running,Ligeris,Reckless_Driving,6way,0.0,50,3G,-89,29.0,-5.0,0.047,40.306272247779326,21.808211699142394,Intentional
User_43,2025-10-20 22:47:21,0.416,0.7447,Driving,Ligeris,Driving_Under_Influence,5way,1.0,80,3G,-86,31.0,-7.0,0.02,40.30505588041704,21.80802233145416,Intentional
User_79,2025-10-21 00:10:59,0.389,0.704,Running,Ligeris,Speeding,6way,1.0,30,WiFi,-66,34.0,10.0,0.0041978240348017,40.30578517203891,21.80812346711365,Intentional
User_71,2025-10-21 02:11:23,0.256,0.5893,Flying,Koila,Reckless_Driving,4way,3.0,20,5G,Satellite,38.0,-4.0,0.0041047707966469,40.32103944835587,21.791256784153244,Intentional
User_91,2025-10-21 03:05:33,0.587,0.8908,Swimming,Koila,Speeding,1way,3.0,80,WiFi,-58,14.0,-13.0,0.0016032308394132,40.32348624342755,21.790464872377587,Intentional
User_09,2025-10-21 04:30:15,0.307,0.9728,Swimming,Zep,Speeding,4way,1.0,80,WiFi,-74,55.0,12.0,0.0054280604902769,40.27953789201763,21.791256784153244,Intentional
User_01,2025-10-21 06:26:47,0.619,0.8588,Walking,Spinari,Reckless_Driving,2way,1.0,20,5G,Ethernet,93.0,13.0,0.0081822174547983,40.27880967234333,21.751936291188017,Intentional
User_92,2025-10-21 12:07:58,0.694,0.7622,Swimming,Zep,Driving_Under_Influence,4way,1.0,10,4G,-103,90.0,16.0,0.0033978001541535,40.27904258030753,21.751100235422303,Intentional
User_86,2025-10-21 13:15:35,0.469,0.5881,Walking,Center,Driving_Under_Influence,2way,0.0,50,3G,Satellite,90.0,12.0,0.0085407404004533,40.32198011187184,21.790712217703987,Intentional
User_20,2025-10-21 13:58:32,0.334,0.5641,Walking,Spinari,Reckless_Driving,4way,1.0,70,WiFi,-86,81.0,14.0,0.0013013655005,40.30530627886876,21.80925415446365,Intentional
User_32,2025-10-21 15:35:10,0.464,0.607,Walking,Koila,Reckless_Driving,5way,0.0,80,5G,-104,87.0,-6.0,0.0068057536292896,40.322519292491215,21.79180824424512,Intentional
User_10,2025-10-21 16:16:20,0.315,0.9368,Driving,Spinari,Speeding,2way,1.0,40,WiFi,-86,30.0,7.0,0.0015993944308521,40.279133711751626,21.75317199405864,Intentional
User_07,2025-10-21 19:35:42,0.625,0.6674,Flying,Ligeris,Reckless_Driving,1way,0.0,40,5G,Ethernet,60.0,1.0,0.0040119577832694,40.30733030957961,21.8068931004478,Intentional
User_14,2025-10-21 19:44:09,0.393,0.7944,Flying,Ligeris,Reckless_Driving,4way,1.0,70,4G,-113,49.0,25.0,0.0045368710487001,40.30620382915844,21.807537806166387,Intentional
User_64,2025-10-21 23:55:03,0.511,0.9388,Swimming,Zep,Reckless_Driving,2way,0.0,20,5G,-116,93.0,-12.0,0.0016420019895045,40.27835060715839,21.75385361705323,Intentional
User_84,2025-10-22 00:05:02,0.527,0.6617,Driving,Center,Speeding,1way,1.0,70,WiFi,-83,47.0,11.0,0.0087675906016618,40.305261251807686,21.80749529233319,Intentional
User_05,2025-10-22 02:17:58,0.743,0.8847,Driving,Zep,Driving_Under_Influence,6way,0.0,70,4G,-88,62.0,-7.0,0.0030510428176862,40.2793550549568,21.753880303765232,Intentional
User_40,2025-10-22 04:33:08,0.482,0.9567,Flying,Koila,Driving_Under_Influence,4way,0.0,70,5G,-90,12.0,-14.0,0.0052925106101662,40.32244942426542,21.791312729164236,Intentional
User_89,2025-10-22 06:05:52,0.336,0.6021,Running,Center,Reckless_Driving,4way,1.0,10,WiFi,-84,32.0,13.0,0.0064650145001438,37.125494,21.80622976529055,Intentional
User_84,2025-10-22 06:26:59,0.527,0.6627,Running,Spinari,Driving_Under_Influence,2way,0.0,70,WiFi,-86,86.0,13.0,0.023,40.305922878239855,21.806699323859824,Intentional
User_07,2025-10-22 08:18:38,0.625,0.6694,Running,Center,Reckless_Driving,1way,1.0,60,116,-95,19.0,7.0,0.0023225206976554,40.306230115631266,21.755082898117223,Intentional
User_25,2025-10-22 10:16:35,0.408,0.7248,Flying,Koila,Speeding,4way,0.0,70,3G,-105,17.0,16.0,0.0036721986910918,40.322157874078286,21.79130478523259,Intentional
User_57,2025-10-22 11:56:39,0.372,0.7002,Walking,Center,Reckless_Driving,4way,4.0,90,3G,-83,13.0,-11.0,0.0027125595800846,40.2789950853016,21.753072922020788,Intentional
User_80,2025-10-22 15:08:52,0.704,0.7497,Driving,Spinari,Driving_Under_Influence,2way,1.0,40,WiFi,-89,96.0,3.0,0.0024793918981942,40.30621019308651,21.809817737047855,Intentional
User_35,2025-10-22 16:04:30,0.274,0.6692,Swimming,Koila,Driving_Under_Influence,2way,0.0,130,5G,-82,15.0,15.0,0.039,40.32254475255533,21.789707457713003,Intentional
User_39,2025-10-22 18:26:30,0.598,0.7377,Driving,Spinari,Reckless_Driving,1way,0.0,50,3G,-103,0.0,-12.0,0.0079752208931696,40.305644294368555,21.791256784153244,Intentional
User_19,2025-10-22 18:30:23,0.745,0.9705,Flying,Ligeris,Speeding,1way,4.0,30,WiFi,-67,39.0,-9.0,0.0029500184431731,40.30620903292053,17.623168,Intentional
User_54,2025-10-22 18:46:18,0.327,0.8639,Walking,Koila,Speeding,5way,0.0,50,WiFi,-63,72.0,15.0,0.0030334371640646,40.32270465672338,21.789859567933657,Intentional
User_55,2025-10-22 19:31:19,0.447,0.9254,Flying,Zep,Speeding,1way,1.0,70,WiFi,-65,21.0,0.0,0.0059514659534055,40.27980772266859,21.753892391830796,Intentional
User_28,2025-10-23 01:53:31,0.348,0.9003,Driving,Zep,Speeding,5way,1.0,40,WiFi,Satellite,77.0,-11.0,0.0044356587815809,40.28006832898857,21.753911265969545,Intentional
User_58,2025-10-23 04:06:47,0.465,0.624,Running,Zep,Speeding,5way,0.0,70,5G,-103,11.0,-11.0,0.007568201222213,40.27891615052685,21.75401224672004,Intentional
User_32,2025-10-23 12:04:29,0.464,0.611,Flying,Zep,Reckless_Driving,1way,3.0,20,5G,-115,53.0,-12.0,0.0052605090655147,40.28112886697687,21.75394809633929,Intentional
User_14,2025-10-23 19:34:03,0.393,0.7974,Running,Spinari,Driving_Under_Influence,2way,0.0,20,4G,-97,9.0,0.0,0.0085005720192069,40.32103951167688,21.789570766478175,Intentional
User_79,2025-10-23 19:38:52,0.389,0.709,Running,Ligeris,Driving_Under_Influence,5way,0.0,30,118,-116,45.0,16.0,0.0014273088645099,40.30718272375559,21.80810155444343,Intentional
User_82,2025-10-23 20:34:53,0.324,0.8039,Running,Center,Reckless_Driving,2way,3.0,30,4G,-106,60.0,15.0,0.0084983158337521,40.306216269654925,21.80754297315115,Intentional
User_64,2025-10-23 23:28:00,0.511,0.9428,Walking,Ligeris,Reckless_Driving,5way,0.0,50,3G,-79,48.0,6.0,0.002322977352973,40.3064109714867,21.806188706962175,Intentional
User_86,2025-10-24 05:02:34,0.469,0.5951,Running,Center,Driving_Under_Influence,1way,1.0,70,3G,-76,38.0,3.0,0.042,40.32314907318041,21.791488405491663,Intentional
User_09,2025-10-24 06:25:32,0.307,0.9788,Running,Ligeris,Speeding,5way,0.0,90,5G,-70,-143.0,-2.0,0.0038607943632088,40.30513973158937,21.80864768889156,Intentional
User_93,2025-10-24 07:23:57,0.588,0.6142,Driving,Ligeris,Speeding,5way,0.0,40,WiFi,-83,33.0,-11.0,0.0075640202642063,40.30603822541407,21.80724868644974,Intentional
User_01,2025-10-24 09:08:23,0.619,0.8648,Running,Spinari,Driving_Under_Influence,4way,0.0,30,5G,-93,80.0,-3.0,0.0088967435090619,40.32232437590045,21.792483139506597,Intentional
User_54,2025-10-24 09:34:38,0.327,0.8679,Running,Zep,Reckless_Driving,6way,1.0,50,5G,-76,-150.0,13.0,0.0072306624217465,40.279479146573145,21.753101662689673,Intentional
User_99,2025-10-24 12:54:52,0.465,0.8024,Swimming,Zep,Driving_Under_Influence,2way,0.0,60,3G,-91,13.0,10.0,0.0036398733646435,40.27939491779432,21.753095165206624,Intentional
User_45,2025-10-24 15:17:31,0.285,0.8663,Flying,Zep,Driving_Under_Influence,1way,1.0,20,WiFi,-51,99.0,-7.0,0.0013405387453767,40.28112007494888,21.753072862762956,Intentional
User_10,2025-10-24 15:28:21,0.315,0.9428,Running,Spinari,Reckless_Driving,1way,1.0,50,5G,-106,34.0,-5.0,0.0081468798104405,40.30617762839614,21.806109076257226,Intentional
User_46,2025-10-24 20:42:16,0.519,0.9336,Walking,Ligeris,Reckless_Driving,6way,2.0,50,4G,-107,-149.0,1.0,0.0034375787773156,40.30581276970907,21.806177521098984,Intentional
User_74,2025-10-24 20:54:49,0.497,0.9504,Running,Center,Driving_Under_Influence,2way,0.0,70,WiFi,-69,64.0,-14.0,0.0020453292725319,40.30678538669477,23.905668,Intentional
User_46,2025-10-24 21:14:27,0.519,0.9346,Driving,Koila,Driving_Under_Influence,6way,1.0,20,3G,Ethernet,23.0,-14.0,0.0078088963885197,40.32072914830145,21.792551214792542,Intentional
User_25,2025-10-25 04:05:58,0.408,0.7308,Swimming,Ligeris,Speeding,2way,4.0,50,WiFi,-55,10.0,-4.0,0.0023433956188667,40.30683511335465,21.806212024812975,Intentional
User_51,2025-10-25 07:29:35,0.613,0.975,Flying,Zep,Driving_Under_Influence,2way,1.0,40,WiFi,-51,17.0,-2.0,0.0078601444726276,41.643783,21.752184074645825,Intentional
User_51,2025-10-25 08:52:21,0.613,0.976,Swimming,Zep,Driving_Under_Influence,2way,1.0,30,3G,Ethernet,92.0,4.0,0.0054831881749183,40.27887079039606,21.753837312183197,Intentional
User_47,2025-10-25 12:09:02,0.585,0.7022,Running,Center,Speeding,4way,0.0,20,4G,-90,58.0,10.0,0.0071179177145033,40.27941537850727,21.753308551697486,Intentional
User_76,2025-10-25 15:34:03,0.355,0.7941,Swimming,Zep,Reckless_Driving,2way,5.0,70,4G,Satellite,30.0,0.0,0.0059350803417961,40.27907663093352,21.75437380775841,Intentional
User_59,2025-10-25 19:16:05,0.265,0.7722,Driving,Zep,Speeding,5way,0.0,70,5G,-104,-10.0,6.0,0.0062214237951749,40.27879882832964,21.752898544579484,Intentional
User_84,2025-10-26 00:33:55,0.527,0.6697,Running,Center,Reckless_Driving,2way,0.0,50,5G,-107,-35.0,3.0,0.0071361631162979,40.3214073727472,21.793314020234668,Intentional
User_09,2025-10-26 03:06:13,0.307,0.9828,Running,Center,Driving_Under_Influence,2way,1.0,30,3G,-102,-159.0,-4.0,0.0088570518756681,40.30626703951037,21.807601542760523,Intentional
User_46,2025-10-26 04:39:05,0.519,0.9376,Swimming,Zep,Speeding,2way,1.0,30,WiFi,-81,56.0,8.0,0.0071240336386981,40.28042864249384,21.75512171490646,Intentional
User_35,2025-10-26 04:54:43,0.274,0.6762,Swimming,Ligeris,Speeding,2way,0.0,90,5G,-112,98.0,1.0,0.0037924337919124,40.30611421344159,21.808097881040684,Intentional
User_61,2025-10-26 05:59:11,0.546,0.6767,Driving,Zep,Reckless_Driving,6way,0.0,60,5G,-110,46.0,-13.0,0.0054404398068203,42.704009,21.753068919637062,Intentional
User_58,2025-10-26 07:14:06,0.465,0.63,Flying,Ligeris,Reckless_Driving,4way,0.0,40,3G,-96,25.0,-6.0,0.0011557234013083,40.306870595605986,21.80824003687982,Intentional
User_86,2025-10-26 12:09:42,0.469,0.5991,Running,Ligeris,Driving_Under_Influence,5way,0.0,40,5G,-88,14.0,0.0,0.0068546967563593,40.30707693692049,21.807886550411883,Intentional
User_69,2025-10-26 19:25:12,0.34,0.9571,Flying,Zep,Speeding,2way,1.0,20,4G,-86,22.0,-2.0,0.0039991817375536,41.462018,21.752970859086197,Intentional
User_03,2025-10-27 00:38:22,0.568,0.6274,Walking,Koila,Reckless_Driving,5way,0.0,80,4G,Ethernet,91.0,16.0,0.0012115875074967,40.32208822853288,21.791241555455223,Intentional
User_07,2025-10-27 01:02:42,0.625,0.6794,Running,Zep,Reckless_Driving,5way,1.0,40,4G,-116,7.0,-6.0,0.0060994391568889,40.27951194316189,21.753504199657375,Intentional
User_36,2025-10-27 01:58:14,0.563,0.9869,Running,Koila,Speeding,6way,0.0,80,3G,-84,82.0,-4.0,0.0010249147428764,40.32203332644095,21.790845586894054,Intentional
User_35,2025-10-27 02:23:24,0.274,0.6782,Walking,Koila,Reckless_Driving,6way,0.0,70,WiFi,-53,11.0,9.0,0.031,40.32181689569585,21.78997606496215,Intentional
User_53,2025-10-27 11:48:39,0.313,0.6976,Walking,Center,Driving_Under_Influence,2way,3.0,40,3G,Ethernet,55.0,-8.0,0.0043067955905475,40.306230115631266,21.806041647222237,Intentional
User_97,2025-10-27 15:38:27,0.337,0.8793,Swimming,Koila,Speeding,2way,1.0,60,4G,-82,92.0,-11.0,0.0022496499909255,40.32244160678556,21.791287009603874,Intentional
User_17,2025-10-27 16:09:12,0.631,0.7398,Running,Ligeris,Speeding,6way,1.0,30,WiFi,-77,96.0,2.0,0.0010544280856399,40.30631999092158,21.80563328250135,Intentional
User_76,2025-10-27 17:34:24,0.355,0.7981,Flying,Zep,Driving_Under_Influence,2way,0.0,30,4G,-70,-154.0,-5.0,0.0014586702954401,40.2805444517258,21.754781912642105,Intentional
User_15,2025-10-27 21:06:15,0.627,0.9051,Running,Ligeris,Reckless_Driving,5way,3.0,10,WiFi,-59,45.0,13.0,0.0018301024503857,40.305956941981904,21.791256784153244,Intentional
User_82,2025-10-27 22:24:55,0.324,0.8119,Running,Koila,Reckless_Driving,6way,4.0,80,5G,-99,58.0,-6.0,0.021,40.32230427740962,21.791384727474867,Intentional
User_67,2025-10-27 22:58:41,0.529,0.8106,Driving,Koila,Driving_Under_Influence,5way,1.0,20,WiFi,-52,76.0,12.0,0.0090651354387577,41.792839,21.78927814518594,Intentional
User_49,2025-10-27 23:32:48,0.637,0.9403,Flying,Koila,Driving_Under_Influence,2way,1.0,30,5G,-89,14.0,2.0,0.027,40.32239863007121,21.790796137927725,Intentional
User_14,2025-10-28 03:35:52,0.393,0.8074,Driving,Center,Speeding,2way,1.0,60,5G,-101,89.0,-19.0,0.0051759927462225,40.27871764501717,21.75274504598376,Intentional
User_18,2025-10-28 04:40:28,0.251,0.9905,Running,Center,Driving_Under_Influence,2way,3.0,50,4G,-71,16.0,2.0,0.0093018460798473,40.30688778769403,21.805639732607492,Intentional
User_21,2025-10-28 04:49:16,0.303,0.6132,Running,Ligeris,Reckless_Driving,5way,1.0,60,4G,-92,34.0,-14.0,0.004766235912401,40.30742640230193,21.80739950216264,Intentional
User_08,2025-10-28 12:56:57,0.347,0.9588,Driving,Koila,Reckless_Driving,5way,0.0,60,3G,-114,22.0,-11.0,0.0042318477537186,40.32241991313386,21.78942593336436,Intentional
User_36,2025-10-28 14:50:36,0.563,0.9889,Walking,Zep,Speeding,6way,0.0,70,3G,-99,8.0,12.0,0.0065840131588485,42.994314,21.754524489064895,Intentional
User_86,2025-10-28 17:41:29,0.469,0.6031,Swimming,Zep,Driving_Under_Influence,1way,0.0,10,4G,-113,73.0,12.0,0.009126389065963,40.28025494305584,21.75398185365656,Intentional
User_30,2025-10-28 21:00:16,0.413,0.6914,Swimming,Koila,Speeding,1way,0.0,60,3G,-112,87.0,9.0,0.0014095234851694,40.3230322638688,21.791670641404725,Intentional
User_97,2025-10-28 23:01:53,0.337,0.8813,Walking,Spinari,Driving_Under_Influence,2way,2.0,50,4G,-85,25.0,-10.0,0.0049277505915974,37.935442,21.806564157375615,Intentional
User_63,2025-10-29 02:13:07,0.543,0.7186,Running,Zep,Speeding,5way,2.0,40,4G,-70,92.0,-13.0,0.0033893717984956,41.312896,21.7530783342312,Intentional
User_18,2025-10-29 03:54:25,0.46,0.9925,Walking,Spinari,Speeding,1way,1.0,30,3G,-78,39.0,-9.0,0.0051962134713182,40.279423846946806,21.751205006184033,Intentional
User_18,2025-10-29 09:25:32,0.251,0.9935,Walking,Ligeris,Speeding,5way,0.0,70,5G,-84,19.0,5.0,0.0098044261369572,40.305143780475255,21.8074076792912,Intentional
User_81,2025-10-29 14:22:22,0.376,0.8865,Running,Spinari,Speeding,2way,0.0,20,5G,-107,65.0,13.0,0.0085840246094185,40.30526246025656,22.71552,Intentional
User_46,2025-10-29 14:32:11,0.519,0.5641,Running,Koila,Driving_Under_Influence,5way,1.0,30,4G,-71,66.0,-9.0,0.0095067087768909,40.306230115631266,21.75499483883152,Intentional
User_21,2025-10-29 17:26:55,0.303,0.6162,Running,Spinari,Speeding,1way,1.0,70,WiFi,-82,12.0,16.0,0.047,40.30556571764617,21.80673198794298,Intentional
User_68,2025-10-29 21:40:12,0.472,0.6359,Running,Spinari,Speeding,2way,2.0,40,3G,-114,33.0,-14.0,0.0011161725487138,40.27997963341083,21.7529575770584,Intentional
User_45,2025-10-29 23:50:30,0.285,0.8763,Running,Spinari,Reckless_Driving,1way,1.0,40,4G,Ethernet,65.0,-4.0,0.0019063183873755,40.305125036747235,21.8076752136088,Intentional
User_39,2025-10-30 03:00:24,0.598,0.7527,Running,Ligeris,Driving_Under_Influence,6way,0.0,70,5G,-89,58.0,17.0,0.0010347046295549,40.30682478617594,21.80756387518753,Intentional
User_65,2025-10-30 03:45:32,0.448,0.6801,Running,Spinari,Driving_Under_Influence,1way,1.0,30,3G,-86,50.0,13.0,0.047,40.32122128038247,21.78924696520488,Intentional
User_99,2025-10-30 04:40:03,0.465,0.8154,Driving,Zep,Reckless_Driving,6way,0.0,10,5G,-103,60.0,-2.0,0.029,40.280037992003635,21.75521142084683,Intentional
User_62,2025-10-30 12:28:43,0.366,0.7142,Swimming,Zep,Driving_Under_Influence,2way,2.0,60,3G,-86,-125.0,-8.0,0.0071852516486779,40.27982646271784,21.752825235656697,Intentional
User_26,2025-10-30 15:44:27,0.408,0.8535,Swimming,Zep,Driving_Under_Influence,1way,1.0,50,5G,-93,87.0,13.0,0.00824956963173,40.27912067244747,21.755255672384106,Intentional
User_89,2025-10-30 21:22:09,0.336,0.6181,Driving,Spinari,Speeding,2way,0.0,30,5G,-75,88.0,-6.0,0.0036377499343976,40.27970871430916,21.75323186618196,Intentional
User_68,2025-10-30 23:13:22,0.472,0.6379,Swimming,Zep,Reckless_Driving,2way,2.0,20,4G,-96,25.0,7.0,0.045,40.28059683439092,21.75324926073692,Intentional
User_44,2025-10-31 01:34:29,0.332,0.6896,Swimming,Ligeris,Reckless_Driving,1way,2.0,130,119,-74,11.0,-7.0,0.0016566364433008,40.306623631050485,21.80701758663058,Intentional
User_75,2025-10-31 03:25:51,0.409,0.7791,Swimming,Zep,Speeding,2way,1.0,40,WiFi,-61,13.0,3.0,0.0097220726841141,41.660988,21.752208076446745,Intentional
User_01,2025-10-31 03:48:27,0.619,0.8788,Driving,Center,Speeding,4way,2.0,60,5G,-115,-40.0,-10.0,0.0020690759092326,40.322072281828184,21.791257739516023,Intentional
User_52,2025-10-31 05:29:28,0.544,0.6842,Flying,Ligeris,Reckless_Driving,1way,0.0,20,3G,-97,40.0,9.0,0.002454977250066,40.30608026774208,21.807023248756263,Intentional
User_03,2025-10-31 10:39:56,0.568,0.5641,Running,Koila,Speeding,5way,0.0,60,5G,-82,-155.0,7.0,0.0076177461052131,40.323314712067,21.792221850349993,Intentional
User_68,2025-10-31 11:44:24,0.472,0.6399,Walking,Koila,Reckless_Driving,5way,1.0,90,3G,-74,94.0,-5.0,0.0027400783952956,40.32081079287543,21.79262108521516,Intentional
User_09,2025-10-31 13:46:39,0.307,0.9918,Running,Spinari,Speeding,4way,3.0,60,WiFi,-78,45.0,-4.0,0.0019162654344695,40.30591777621454,21.80698658605106,Intentional
User_87,2025-10-31 13:49:35,0.709,0.9872,Driving,Center,Driving_Under_Influence,2way,0.0,80,4G,-93,68.0,13.0,0.008231260625781,38.734324,21.753378678828216,Intentional
User_56,2025-10-31 15:46:20,0.374,0.6197,Flying,Koila,Driving_Under_Influence,4way,0.0,70,4G,-111,96.0,-1.0,0.0056948234998107,40.322604795849905,21.789445435666075,Intentional
User_55,2025-10-31 21:33:11,0.447,0.9434,Walking,Center,Reckless_Driving,2way,3.0,80,5G,-74,6.0,11.0,0.005653142335994,40.32209869085871,21.79306005891432,Intentional
User_69,2025-10-31 22:11:14,0.46,0.9671,Flying,Zep,Reckless_Driving,1way,1.0,60,4G,-119,14.0,0.0,0.0079108771354833,40.2798350427959,21.75321868612856,Intentional
User_37,2025-10-31 22:50:16,0.306,0.8834,Swimming,Ligeris,Reckless_Driving,2way,1.0,80,5G,-83,64.0,-13.0,0.004816135358258,37.42904,21.80811102332381,Intentional
User_31,2025-11-01 06:49:48,0.56,0.9614,Swimming,Ligeris,Reckless_Driving,4way,2.0,30,3G,-84,36.0,12.0,0.037,40.30614436897002,21.807582695835368,Intentional
User_79,2025-11-01 11:24:37,0.389,0.727,Running,Zep,Reckless_Driving,5way,4.0,40,4G,-82,-44.0,10.0,0.0076601099726868,40.28019833873156,21.75337903875842,Intentional
User_61,2025-11-01 13:52:00,0.546,0.6887,Running,Center,Reckless_Driving,2way,0.0,30,5G,-87,19.0,7.0,0.0076477696010552,40.27959232961836,21.791256784153244,Intentional
User_14,2025-11-01 14:47:23,0.393,0.8164,Walking,Zep,Driving_Under_Influence,6way,0.0,80,3G,-89,-158.0,-4.0,0.0083637480284939,40.28006136403025,21.753322371953296,Intentional
User_34,2025-11-01 15:06:30,0.431,0.7629,Walking,Ligeris,Speeding,6way,0.0,90,WiFi,-87,81.0,2.0,0.0061915600866444,40.30577720672813,21.80631263836552,Intentional
User_19,2025-11-01 16:34:37,0.745,0.9905,Driving,Center,Speeding,4way,0.0,60,4G,-107,71.0,16.0,0.00352594159664,40.30590114233585,21.806777466972154,Intentional
User_94,2025-11-01 16:47:51,0.681,0.708,Running,Zep,Speeding,6way,0.0,60,3G,-108,49.0,15.0,0.0055669506192067,40.27948182785073,21.753877589715785,Intentional
User_28,2025-11-01 18:46:29,0.348,0.9183,Swimming,Koila,Speeding,2way,3.0,80,WiFi,-74,38.0,-11.0,0.0089566443229817,41.848522,21.79075541529224,Intentional
User_76,2025-11-01 18:54:37,0.355,0.8081,Swimming,Koila,Reckless_Driving,2way,1.0,60,4G,-109,66.0,-13.0,0.0055408265634389,40.32273096157789,21.79145714166996,Intentional
User_22,2025-11-01 22:00:49,0.413,0.6559,Swimming,Koila,Speeding,4way,0.0,30,4G,-115,95.0,-3.0,0.03,40.32211027668564,21.79199902021263,Intentional
User_08,2025-11-01 23:46:51,0.347,0.9678,Flying,Zep,Driving_Under_Influence,2way,2.0,50,3G,-109,12.0,-10.0,0.0077557769704464,40.279514722951305,21.75197843518452,Intentional
User_57,2025-11-02 03:23:19,0.372,0.7222,Running,Koila,Reckless_Driving,6way,0.0,60,WiFi,-77,85.0,19.0,0.0016386256209698,40.323083820353155,21.79231481340138,Intentional
User_47,2025-11-02 07:01:04,0.585,0.7182,Walking,Koila,Speeding,6way,0.0,10,5G,-71,-14.0,-5.0,0.0043352200801251,40.32365759449803,21.79040563955602,Intentional
User_92,2025-11-02 07:57:50,0.694,0.7862,Driving,Koila,Speeding,5way,0.0,50,WiFi,-84,66.0,7.0,0.0010522233632638,40.3222227816227,21.7915254355803,Intentional
User_83,2025-11-02 08:12:54,0.309,0.5641,Swimming,Koila,Driving_Under_Influence,2way,0.0,50,106,-86,46.0,-5.0,0.0033492490506806,40.32143656204091,21.7919369095288,Intentional
User_15,2025-11-02 08:20:16,0.627,0.9181,Swimming,Ligeris,Reckless_Driving,1way,1.0,70,WiFi,-59,-155.0,-11.0,0.006069163951866,40.30614843041876,21.805610379099285,Intentional
User_86,2025-11-02 11:35:37,0.469,0.6131,Running,Spinari,Speeding,4way,3.0,70,3G,-81,1.0,13.0,0.0024829572660283,40.30714206679702,21.80699749414186,Intentional
User_34,2025-11-02 12:04:00,0.431,0.7649,Driving,Center,Reckless_Driving,4way,1.0,20,4G,-101,40.0,9.0,0.0021134596154531,40.280382923322776,21.75446473807453,Intentional
User_55,2025-11-02 13:51:41,0.447,0.9464,Flying,Koila,Reckless_Driving,2way,1.0,80,4G,-93,55.0,-6.0,0.0087004669920536,40.32190303867625,21.79020639581925,Intentional
User_46,2025-11-02 14:51:31,0.519,0.9526,Walking,Spinari,Reckless_Driving,1way,2.0,60,WiFi,-77,18.0,7.0,0.0019482154257849,40.306308956858885,21.80854703699021,Intentional
User_31,2025-11-02 17:57:44,0.56,0.9644,Driving,Zep,Speeding,6way,1.0,20,107,-72,19.0,-12.0,0.0082848997375183,40.278110099372576,21.752838287429707,Intentional
User_36,2025-11-02 21:24:51,0.563,0.9999,Running,Spinari,Speeding,1way,0.0,50,4G,-81,90.0,-15.0,0.003927183291143,40.30573665618281,21.80803692631181,Intentional
User_54,2025-11-03 00:37:05,0.327,0.8869,Walking,Center,Reckless_Driving,2way,1.0,80,4G,-86,35.0,13.0,0.04,40.306092405886005,21.80674391258364,Intentional
User_81,2025-11-03 01:02:01,0.376,0.8965,Flying,Koila,Speeding,4way,1.0,70,5G,-93,93.0,-7.0,0.0060490926136096,40.32218148859421,19.8432,Intentional
User_34,2025-11-03 04:25:34,0.431,0.7659,Running,Koila,Driving_Under_Influence,5way,1.0,100,3G,-90,93.0,15.0,0.0051511078213082,40.32193876746408,21.79326172884067,Intentional
User_31,2025-11-03 12:59:00,0.56,0.9654,Running,Spinari,Reckless_Driving,1way,1.0,30,3G,-107,72.0,-16.0,0.0082842826390353,42.409322,21.752875634568912,Intentional
User_73,2025-11-03 13:13:20,0.325,0.8037,Running,Koila,Reckless_Driving,6way,1.0,50,5G,-95,77.0,2.0,0.0015719763076712,40.32053538719508,23.425101,Intentional
User_60,2025-11-03 16:00:05,0.353,0.9788,Driving,Ligeris,Speeding,5way,0.0,40,4G,-105,54.0,-11.0,0.0032884456324098,38.141546,21.80877593730026,Intentional
User_89,2025-11-03 23:01:02,0.336,0.6251,Flying,Ligeris,Speeding,1way,1.0,20,5G,-91,83.0,21.0,0.0088621975455937,40.30649477480136,21.80603314597556,Intentional
User_88,2025-11-03 23:39:03,0.471,0.7397,Driving,Koila,Speeding,5way,4.0,60,3G,Ethernet,93.0,-4.0,0.003066645038198,40.32211741987207,21.79119902954579,Intentional
User_53,2025-11-03 23:56:54,0.313,0.7126,Running,Koila,Speeding,5way,1.0,30,3G,-76,52.0,-14.0,0.0078828875374446,40.322055584251856,21.791518077896807,Intentional
User_81,2025-11-04 04:34:09,0.376,0.8975,Flying,Zep,Reckless_Driving,2way,1.0,50,WiFi,-63,35.0,-10.0,0.0049212213678729,40.28074949225123,21.753940212180517,Intentional
User_15,2025-11-04 10:13:53,0.627,0.9221,Running,Ligeris,Speeding,6way,1.0,20,3G,-117,28.0,6.0,0.0091922761392681,42.683197,21.80733488238089,Intentional
User_31,2025-11-04 11:28:24,0.56,0.9674,Swimming,Zep,Reckless_Driving,2way,2.0,60,115,-92,45.0,-10.0,0.0099745355465051,40.2806501148958,21.753413487522963,Intentional
User_25,2025-11-04 12:34:10,0.408,0.7518,Driving,Center,Speeding,2way,0.0,80,WiFi,-83,73.0,0.0,0.0040747844188118,40.3207177870742,21.79164785404231,Intentional
User_78,2025-11-04 15:51:19,0.347,0.8546,Flying,Koila,Driving_Under_Influence,2way,0.0,10,3G,-113,73.0,-15.0,0.0060523769727349,40.32216596040206,21.79113337002962,Intentional
User_70,2025-11-04 16:47:33,0.601,0.7099,Driving,Zep,Speeding,5way,0.0,10,4G,-120,11.0,-5.0,0.00950970774607,40.27957977506172,21.754633533314152,Intentional
User_29,2025-11-04 16:50:45,0.415,0.7784,Walking,Zep,Reckless_Driving,6way,1.0,60,3G,-101,54.0,2.0,0.0040546601225987,40.28055836102593,21.752535885817633,Intentional
User_20,2025-11-04 19:57:45,0.334,0.9371,Running,Center,Speeding,2way,1.0,80,4G,-101,-11.0,-13.0,0.0089483799889731,40.3220412934161,21.79150593532312,Intentional
User_18,2025-11-04 22:54:34,0.251,1.0,Flying,Ligeris,Driving_Under_Influence,2way,0.0,40,WiFi,-84,99.0,1.0,0.0057971171095708,40.30639635731178,21.8073453704575,Intentional
User_16,2025-11-05 04:38:46,0.513,0.8227,Swimming,Zep,Driving_Under_Influence,1way,0.0,20,5G,-88,61.0,-2.0,0.0089572524365045,40.27901278284677,21.754134884339493,Intentional
User_69,2025-11-05 05:56:43,0.34,0.9761,Running,Spinari,Reckless_Driving,4way,0.0,40,5G,-81,57.0,-10.0,0.0014388085021393,40.28015585092249,21.754670150509018,Intentional
User_47,2025-11-05 06:00:40,0.585,0.7242,Walking,Ligeris,Reckless_Driving,5way,1.0,70,3G,-117,2.0,17.0,0.0036603500991262,40.306267768726805,21.809297645500106,Intentional
User_44,2025-11-05 06:30:37,0.332,0.6996,Walking,Spinari,Speeding,4way,1.0,10,3G,-82,16.0,-16.0,0.0052870687400167,40.27834880290377,23.843828,Intentional
User_24,2025-11-05 07:03:36,0.445,0.6986,Walking,Zep,Reckless_Driving,6way,1.0,50,WiFi,-80,34.0,16.0,0.0026121147112988,37.965582,21.751345282407932,Intentional
User_94,2025-11-05 15:18:00,0.681,0.716,Swimming,Zep,Driving_Under_Influence,2way,0.0,50,WiFi,-63,17.0,-5.0,0.006648056778429,40.279689826325445,22.337715,Intentional
User_91,2025-11-05 16:54:40,0.587,0.9218,Flying,Ligeris,Speeding,1way,4.0,90,4G,-116,-152.0,11.0,0.001833669253536,40.305038463261624,21.80574719994795,Intentional
User_14,2025-11-05 19:24:38,0.393,0.8244,Flying,Zep,Driving_Under_Influence,4way,2.0,30,5G,-110,47.0,-9.0,0.0057137551605893,40.27974354678259,21.75355842972892,Intentional
User_80,2025-11-05 19:39:56,0.704,0.7777,Running,Spinari,Reckless_Driving,4way,1.0,30,4G,-113,73.0,2.0,0.0048666690701384,40.30567563505142,19.849807,Intentional
User_30,2025-11-05 23:51:41,0.413,0.7074,Driving,Koila,Driving_Under_Influence,6way,1.0,20,5G,-120,7.0,6.0,0.0026842003040375,40.320487697228856,21.79127239257019,Intentional
User_16,2025-11-06 01:49:49,0.513,0.8247,Flying,Zep,Driving_Under_Influence,4way,0.0,20,4G,-91,2.0,8.0,0.0010355599773584,40.27983262181165,21.75292652065345,Intentional
User_54,2025-11-06 03:40:59,0.327,0.8939,Swimming,Ligeris,Driving_Under_Influence,1way,1.0,80,3G,-93,95.0,16.0,0.0023610711298857,40.30660343136248,21.807087213363587,Intentional
User_84,2025-11-06 09:18:41,0.527,0.6917,Walking,Koila,Driving_Under_Influence,5way,0.0,60,WiFi,-87,99.0,-8.0,0.0021937432744871,40.32068788171808,21.790789765689137,Intentional
User_72,2025-11-06 09:30:40,0.567,0.6595,Walking,Ligeris,Reckless_Driving,5way,2.0,50,4G,Satellite,15.0,-3.0,0.0023483822950679,40.30511999376533,21.805793146463635,Intentional
User_06,2025-11-06 09:31:20,0.584,0.9865,Flying,Zep,Driving_Under_Influence,1way,0.0,40,WiFi,Satellite,83.0,-1.0,0.0053300632363434,40.279000079295166,21.75523793815648,Intentional
User_87,2025-11-06 10:48:27,0.709,1.0,Flying,Ligeris,Driving_Under_Influence,2way,4.0,10,WiFi,-89,66.0,11.0,0.0096789068884283,40.30582921778982,21.807553369329867,Intentional
User_49,2025-11-06 11:10:09,0.637,0.9603,Flying,Ligeris,Driving_Under_Influence,4way,0.0,60,5G,-100,61.0,15.0,0.0022477840813299,40.307174810363854,21.806904566697167,Intentional
User_21,2025-11-06 11:42:17,0.303,0.6322,Running,Spinari,Speeding,2way,0.0,20,5G,-95,46.0,2.0,0.0074301559001887,40.278532930598,21.754682895899883,Intentional
User_60,2025-11-06 16:50:05,0.353,0.9848,Walking,Center,Reckless_Driving,2way,3.0,40,5G,-75,-33.0,-9.0,0.0096313933128831,40.27866043670063,21.751501536989416,Intentional
User_55,2025-11-06 21:18:34,0.447,0.9554,Flying,Zep,Speeding,4way,0.0,40,4G,-97,65.0,-7.0,0.0081046720210598,40.28011181807643,21.753742020967408,Intentional
User_67,2025-11-06 21:27:45,0.529,0.8306,Driving,Center,Reckless_Driving,2way,0.0,60,3G,-101,42.0,-17.0,0.0036193385814866,40.279758031372566,21.753777719305532,Intentional
User_11,2025-11-07 06:08:17,0.602,0.937,Driving,Center,Driving_Under_Influence,2way,0.0,60,4G,-87,62.0,12.0,0.0095820620056417,40.279746083508016,21.7542094994264,Intentional
User_78,2025-11-07 08:29:49,0.347,0.8596,Flying,Ligeris,Reckless_Driving,2way,5.0,60,116,-90,36.0,12.0,0.009493229806111,40.30581026240401,21.807670328330055,Intentional
User_03,2025-11-07 09:32:40,0.568,0.6494,Flying,Ligeris,Speeding,2way,1.0,10,WiFi,-101,-150.0,-6.0,0.0098856082876461,40.30489053108992,21.808189668113418,Intentional
User_56,2025-11-07 10:44:30,0.374,0.6327,Flying,Zep,Speeding,2way,0.0,50,4G,-114,82.0,-2.0,0.0033454018718209,40.306230115631266,21.753504909412573,Intentional
User_36,2025-11-07 15:09:38,0.563,1.0,Walking,Zep,Speeding,5way,4.0,30,WiFi,-69,42.0,-2.0,0.0042891421644778,40.28088240706346,21.753400013337274,Intentional
User_39,2025-11-07 15:25:37,0.598,0.7687,Driving,Spinari,Driving_Under_Influence,1way,1.0,60,WiFi,-65,88.0,11.0,0.007065069710394,40.3065577765881,21.807349103425423,Intentional
User_26,2025-11-07 21:17:50,0.408,0.8695,Driving,Koila,Driving_Under_Influence,5way,2.0,80,4G,-111,38.0,7.0,0.0085357011302892,40.32208257277972,21.790838671407627,Intentional
User_75,2025-11-07 23:17:19,0.409,0.7941,Swimming,Zep,Reckless_Driving,2way,0.0,30,3G,-95,9.0,-8.0,0.042,40.28009793497584,21.75340852313695,Intentional
User_70,2025-11-08 05:45:37,0.601,0.7169,Walking,Ligeris,Reckless_Driving,6way,0.0,60,3G,-76,40.0,9.0,0.0046747258183071,40.30623346418132,21.808990123243387,Intentional
User_13,2025-11-08 06:03:51,0.75,0.8664,Driving,Center,Driving_Under_Influence,2way,1.0,40,5G,-85,-18.0,-3.0,0.0062711874134888,40.30610305169249,21.808972510193406,Intentional
User_59,2025-11-08 07:22:51,0.265,0.8002,Running,Spinari,Speeding,2way,1.0,30,5G,-77,30.0,-8.0,0.033,40.30547393814859,21.805972169072376,Intentional
User_65,2025-11-08 10:49:43,0.448,0.6991,Walking,Center,Speeding,4way,0.0,80,4G,-97,56.0,-16.0,0.0033803475540546,40.27921762549805,21.751449214096432,Intentional
User_60,2025-11-08 11:48:58,0.353,0.9888,Running,Ligeris,Speeding,5way,4.0,50,4G,-74,30.0,-18.0,0.002652996313208,40.30532964950501,21.806379975511742,Intentional
User_17,2025-11-08 12:06:58,0.631,0.7638,Swimming,Ligeris,Driving_Under_Influence,4way,1.0,50,5G,Ethernet,79.0,5.0,0.0087223652010496,40.30612077215919,21.807072259706796,Intentional
User_57,2025-11-08 12:49:44,0.372,0.7352,Running,Ligeris,Driving_Under_Influence,6way,0.0,60,WiFi,-59,89.0,-7.0,0.0057648660597136,40.306911666565334,21.791256784153244,Intentional
User_55,2025-11-08 15:50:47,0.447,0.9594,Running,Center,Reckless_Driving,2way,1.0,40,5G,-114,34.0,23.0,0.0012943315857207,40.279894789463974,21.7519353772537,Intentional
User_25,2025-11-08 22:46:35,0.408,0.7588,Swimming,Koila,Speeding,2way,1.0,20,4G,-93,56.0,20.0,0.0054601412138524,40.27972393282766,21.75316069900699,Intentional
User_47,2025-11-09 04:53:44,0.585,0.7332,Flying,Zep,Speeding,2way,1.0,30,3G,-112,0.0,-8.0,0.0097353105127692,40.27907738306884,21.75295875636821,Intentional
User_57,2025-11-09 08:36:50,0.372,0.7362,Flying,Ligeris,Speeding,2way,0.0,40,WiFi,-88,42.0,7.0,0.0094326701864956,40.30627488342825,21.809423883574063,Intentional
User_07,2025-11-09 11:30:01,0.625,0.7054,Walking,Koila,Speeding,5way,0.0,10,5G,-92,45.0,10.0,0.0033104888925908,38.404644,21.78981438077291,Intentional
User_46,2025-11-09 16:28:33,0.519,0.9666,Driving,Center,Speeding,2way,0.0,10,5G,-118,93.0,11.0,0.005653142335994,40.27939164494089,21.753451419884662,Intentional
User_94,2025-11-09 17:29:55,0.681,0.724,Driving,Ligeris,Driving_Under_Influence,6way,2.0,40,WiFi,-85,37.0,12.0,0.0020633709418269,40.306681225679334,19.463207,Intentional
User_66,2025-11-09 18:23:37,0.28,0.8547,Driving,Center,Speeding,2way,4.0,90,4G,-71,32.0,-2.0,0.0037612180454995,40.306502172569715,21.809317835359373,Intentional
User_06,2025-11-09 18:29:40,0.584,0.9935,Swimming,Zep,Speeding,1way,0.0,50,3G,-96,29.0,3.0,0.0026574431201559,41.442409,21.753328797866008,Intentional
User_20,2025-11-09 19:46:10,0.334,0.9471,Running,Ligeris,Speeding,5way,0.0,10,3G,-110,27.0,9.0,0.0016623022931483,40.30646479267688,21.80754767577432,Intentional
User_01,2025-11-09 21:53:26,0.619,0.8978,Driving,Koila,Reckless_Driving,6way,2.0,40,5G,-72,65.0,24.0,0.0094814846919438,40.32153482261591,21.79059912858304,Intentional
User_67,2025-11-10 00:53:59,0.529,0.8376,Driving,Center,Reckless_Driving,2way,0.0,20,5G,-81,63.0,-12.0,0.0069642792366631,42.481549,21.80741747379203,Intentional
User_90,2025-11-10 05:30:50,0.525,0.6868,Driving,Center,Speeding,4way,1.0,60,WiFi,Satellite,43.0,-8.0,0.009921914316391,40.279566920871765,21.75118912249618,Intentional
User_77,2025-11-10 13:41:09,0.428,0.6435,Walking,Zep,Speeding,5way,0.0,60,3G,-116,25.0,4.0,0.0047252290175498,40.280281152604935,21.755104565118927,Intentional
User_76,2025-11-10 15:04:06,0.355,0.8251,Driving,Koila,Driving_Under_Influence,6way,0.0,40,WiFi,-52,87.0,-5.0,0.0015641022112926,40.32254429910334,21.79267493468573,Intentional
User_81,2025-11-10 15:16:02,0.376,0.9095,Walking,Center,Reckless_Driving,1way,0.0,50,5G,-80,5.0,-20.0,0.0040638639421321,40.27982642646679,21.752617772200153,Intentional
User_73,2025-11-10 21:24:19,0.325,0.8177,Running,Spinari,Driving_Under_Influence,2way,0.0,50,4G,-104,72.0,0.0,0.0036261711835829,40.32149330971526,21.790621918822076,Intentional
User_26,2025-11-11 03:14:00,0.408,0.8765,Swimming,Koila,Speeding,2way,1.0,80,4G,-105,-48.0,10.0,0.0078124758109179,40.32246924698811,21.792827580452595,Intentional
User_34,2025-11-11 09:07:41,0.431,0.7829,Running,Spinari,Speeding,4way,0.0,50,5G,-97,94.0,-9.0,0.0053371157008403,40.307719467672456,21.80880364671868,Intentional
User_90,2025-11-11 10:47:10,0.525,0.6888,Swimming,Ligeris,Speeding,2way,1.0,10,117,-106,82.0,-5.0,0.0063716403075221,40.30619038906236,21.80818708259566,Intentional
User_46,2025-11-11 12:11:40,0.519,0.9706,Swimming,Zep,Reckless_Driving,2way,0.0,70,3G,-75,58.0,22.0,0.0079212239009529,40.27975047190904,21.753171141207716,Intentional
User_91,2025-11-11 18:37:55,0.587,0.9328,Driving,Center,Speeding,1way,0.0,40,5G,-81,18.0,3.0,0.0080973022799915,40.27889996373368,21.751076803172293,Intentional
User_91,2025-11-11 19:28:15,0.587,0.9338,Walking,Center,Driving_Under_Influence,1way,0.0,70,115,-102,60.0,2.0,0.0077343733867918,40.3072230900938,21.809096419941618,Intentional
User_61,2025-11-11 19:45:38,0.46,0.7097,Driving,Zep,Speeding,6way,1.0,70,5G,Satellite,48.0,12.0,0.0037969678979486,40.279831735182725,21.75312026224671,Intentional
User_44,2025-11-11 20:14:50,0.332,0.7126,Flying,Koila,Speeding,2way,0.0,40,5G,-108,53.0,-8.0,0.0047567927699753,40.32210009506673,23.909886,Intentional
User_47,2025-11-12 03:25:12,0.585,0.7382,Walking,Center,Speeding,1way,0.0,50,WiFi,Satellite,63.0,3.0,0.0039143061803659,40.32221345388188,21.789557616164245,Intentional
User_45,2025-11-12 04:10:05,0.285,0.9033,Swimming,Ligeris,Driving_Under_Influence,1way,0.0,10,4G,-80,-33.0,-15.0,0.0072984342523524,40.30642232891958,21.807468998180585,Intentional
User_82,2025-11-12 06:08:07,0.324,0.8429,Walking,Zep,Driving_Under_Influence,6way,0.0,30,5G,-113,43.0,-17.0,0.0078035103373009,40.28009567086561,21.754491389778035,Intentional
User_22,2025-11-12 08:20:07,0.413,0.6769,Flying,Koila,Speeding,2way,1.0,20,3G,Satellite,2.0,-8.0,0.0055183646194338,40.30567622226053,21.80690777672385,Intentional
User_05,2025-11-12 08:40:49,0.743,0.9267,Walking,Zep,Reckless_Driving,5way,0.0,30,WiFi,-82,10.0,-1.0,0.0043079475617406,40.27954512235596,21.7528125893238,Intentional
User_05,2025-11-12 12:05:06,0.743,0.9277,Driving,Center,Reckless_Driving,1way,2.0,30,WiFi,-90,46.0,10.0,0.0010457009480615,40.32219406186048,21.79150552044464,Intentional
User_13,2025-11-12 12:48:58,0.75,0.8754,Walking,Center,Speeding,2way,0.0,90,5G,-91,-44.0,-14.0,0.0069864270423474,40.30607642319051,21.80741771996607,Intentional
User_82,2025-11-12 13:20:26,0.324,0.8439,Running,Ligeris,Speeding,6way,4.0,20,4G,-119,15.0,13.0,0.007287095171646,40.30559837272287,21.807955749741797,Intentional
User_38,2025-11-12 17:09:57,0.306,0.9361,Driving,Ligeris,Driving_Under_Influence,5way,1.0,40,3G,-103,63.0,3.0,0.0014436284774513,40.30606139584793,21.805165650577536,Intentional
User_35,2025-11-12 18:29:33,0.274,0.7102,Walking,Center,Driving_Under_Influence,4way,0.0,80,3G,-93,72.0,1.0,0.0018074579792884,40.32242054411616,23.283067,Intentional
User_58,2025-11-12 19:00:54,0.465,0.665,Flying,Ligeris,Driving_Under_Influence,4way,2.0,30,3G,-117,32.0,-13.0,0.009937328371139,40.305674293941365,21.805578080949328,Intentional
User_38,2025-11-12 19:54:31,0.306,0.9371,Driving,Center,Driving_Under_Influence,1way,0.0,40,WiFi,-59,28.0,4.0,0.0044191172015042,42.96767,21.753608422445012,Intentional
User_65,2025-11-12 20:27:58,0.448,0.7071,Driving,Ligeris,Driving_Under_Influence,5way,1.0,20,4G,-107,88.0,-8.0,0.0073990454219475,40.30631768134647,21.80827383521673,Intentional
User_71,2025-11-13 06:30:21,0.256,0.6353,Running,Koila,Reckless_Driving,5way,3.0,80,WiFi,-92,20.0,-3.0,0.0012572385015782,40.32295677037592,21.79101661996875,Intentional
User_47,2025-11-13 07:32:54,0.585,0.7402,Running,Ligeris,Driving_Under_Influence,5way,0.0,60,3G,Ethernet,99.0,5.0,0.0017289766153844,40.30557165631109,21.807338799948823,Intentional
User_78,2025-11-13 08:22:54,0.347,0.8716,Running,Spinari,Driving_Under_Influence,4way,0.0,50,4G,-88,42.0,6.0,0.0028581957952988,41.973816,21.791295430062853,Intentional
User_55,2025-11-13 09:22:29,0.447,0.9694,Running,Center,Reckless_Driving,1way,0.0,30,5G,-88,45.0,0.0,0.0049637164773007,40.32313813220797,23.798765,Intentional
User_85,2025-11-13 12:21:20,0.46,0.7583,Running,Spinari,Reckless_Driving,4way,1.0,30,4G,Ethernet,81.0,5.0,0.0034895374578305,40.32239093113826,21.789813515536785,Intentional
User_23,2025-11-13 18:13:34,0.458,0.782,Walking,Koila,Reckless_Driving,6way,3.0,10,WiFi,Satellite,29.0,-1.0,0.0078842270610062,40.32210263858539,21.791384972091652,Intentional
User_32,2025-11-13 19:32:50,0.464,0.653,Swimming,Koila,Speeding,1way,0.0,80,103,-88,0.0,-15.0,0.0011698698417866,40.32213773236283,21.79120045380431,Intentional
User_65,2025-11-13 21:09:45,0.448,0.7091,Running,Ligeris,Speeding,6way,0.0,80,5G,-82,36.0,-16.0,0.0042495106128038,40.305806488230594,18.037195,Intentional
User_18,2025-11-13 21:14:56,0.251,1.0,Flying,Koila,Speeding,1way,0.0,40,5G,-96,-34.0,-14.0,0.0075785333733905,40.320799895487504,21.791326555789343,Intentional
User_34,2025-11-13 23:18:11,0.431,0.7869,Running,Center,Driving_Under_Influence,2way,1.0,30,5G,-103,63.0,0.0,0.0025688271579571,40.306313930092024,21.8086850713714,Intentional
User_09,2025-11-13 23:52:07,0.307,1.0,Flying,Ligeris,Speeding,2way,2.0,20,3G,-72,100.0,14.0,0.0028055567234994,40.30622299059499,21.807486669003847,Intentional
User_58,2025-11-14 03:30:55,0.465,0.668,Flying,Ligeris,Driving_Under_Influence,1way,0.0,10,4G,-86,76.0,-12.0,0.0060549591231046,40.30592396299581,21.807548795957057,Intentional
User_80,2025-11-14 04:17:03,0.704,0.7947,Driving,Spinari,Driving_Under_Influence,2way,2.0,20,3G,-98,92.0,-5.0,0.047,40.3217476862314,21.79071882829367,Intentional
User_94,2025-11-14 08:17:58,0.681,0.735,Flying,Koila,Driving_Under_Influence,2way,0.0,50,3G,-100,29.0,-11.0,0.008065538440172,40.32123998185617,21.791564505514337,Intentional
User_27,2025-11-14 12:32:47,0.535,0.8861,Swimming,Zep,Reckless_Driving,4way,0.0,80,5G,-104,86.0,-2.0,0.0080426580871789,40.278832253453565,23.7871,Intentional
User_03,2025-11-14 13:47:50,0.568,0.6644,Swimming,Ligeris,Speeding,2way,0.0,30,107,-79,62.0,-1.0,0.0014994455411267,40.30622550251847,21.807503256979,Intentional
User_93,2025-11-14 14:04:43,0.588,0.6552,Swimming,Zep,Speeding,4way,0.0,40,3G,-97,26.0,14.0,0.005653142335994,40.27941353593735,21.75248926064496,Intentional
User_65,2025-11-14 15:51:07,0.448,0.7111,Driving,Koila,Speeding,6way,0.0,20,5G,-75,94.0,-7.0,0.0051001067853584,42.197199,21.79165923318051,Intentional
User_75,2025-11-14 19:04:03,0.409,0.8081,Running,Ligeris,Reckless_Driving,6way,0.0,50,113,-84,35.0,14.0,0.0039947956814554,40.30575400719625,21.80820859156132,Intentional
User_58,2025-11-14 20:40:18,0.465,0.669,Swimming,Koila,Reckless_Driving,2way,1.0,10,108,-105,47.0,6.0,0.0060021855388435,40.322999195645075,21.793046413286465,Intentional
User_49,2025-11-15 01:02:32,0.637,0.9773,Running,Spinari,Speeding,4way,0.0,120,WiFi,-83,5.0,-6.0,0.0029677632830313,38.078615,21.80708689358594,Intentional
User_17,2025-11-15 01:49:17,0.631,0.7768,Walking,Spinari,Reckless_Driving,2way,2.0,20,4G,-89,75.0,-8.0,0.0036889119780332,41.217538,21.790597722142792,Intentional
User_97,2025-11-15 05:54:57,0.337,0.9163,Driving,Center,Speeding,1way,0.0,50,WiFi,-73,49.0,1.0,0.0076363620655755,40.3222959348226,21.791041288263795,Intentional
User_61,2025-11-15 09:16:36,0.546,0.7167,Flying,Koila,Driving_Under_Influence,2way,0.0,40,4G,-103,20.0,5.0,0.0068688349064486,40.32209106246841,21.791298747079473,Intentional
User_50,2025-11-15 10:25:12,0.398,0.8686,Running,Center,Driving_Under_Influence,2way,0.0,40,5G,-107,91.0,16.0,0.0064007090130093,40.30659121895037,21.809511608451743,Intentional
User_39,2025-11-15 11:08:57,0.598,0.7857,Running,Zep,Driving_Under_Influence,5way,1.0,70,WiFi,-77,19.0,-12.0,0.0039173008077432,40.28111659588165,21.753398317535073,Intentional
User_47,2025-11-15 17:06:31,0.585,0.7452,Swimming,Ligeris,Speeding,1way,1.0,50,WiFi,-77,2.0,-12.0,0.0063210805476909,40.306932539488926,21.80774686163794,Intentional
User_100,2025-11-15 22:59:13,0.37,0.891,Swimming,Zep,Reckless_Driving,4way,1.0,20,5G,-94,0.0,10.0,0.0075593194728591,40.280582607861305,21.75280925368389,Intentional
User_58,2025-11-15 23:20:02,0.465,0.671,Driving,Center,Reckless_Driving,2way,3.0,20,5G,-120,80.0,23.0,0.0011076696443147,40.32239118970745,21.792082958265183,Intentional
User_88,2025-11-16 03:15:29,0.471,0.7647,Running,Ligeris,Driving_Under_Influence,6way,2.0,30,3G,-80,19.0,25.0,0.0035846870055658,40.30644942742536,21.80750315049582,Intentional
User_12,2025-11-16 08:51:40,0.67,0.9902,Walking,Ligeris,Driving_Under_Influence,5way,1.0,20,4G,Ethernet,79.0,4.0,0.0067722054394943,40.30634965370062,21.80684035777551,Intentional
User_22,2025-11-16 11:11:25,0.413,0.6849,Running,Center,Reckless_Driving,4way,1.0,70,3G,-118,11.0,15.0,0.0024848262808142,40.27810268241667,21.754202479626095,Intentional
User_94,2025-11-16 12:25:05,0.681,0.738,Swimming,Zep,Reckless_Driving,2way,1.0,10,5G,-120,31.0,-4.0,0.0065481886094285,40.27951974949984,21.753296578014247,Intentional
User_12,2025-11-16 12:45:09,0.67,0.9912,Running,Koila,Speeding,6way,0.0,50,3G,-112,100.0,-12.0,0.0020280208015,41.968155,21.790717584034752,Intentional
User_31,2025-11-16 18:59:27,0.56,0.9924,Driving,Spinari,Reckless_Driving,2way,1.0,70,4G,-100,53.0,-7.0,0.0077662273077918,40.28047508337282,21.75327967612324,Intentional
User_34,2025-11-16 19:37:11,0.431,0.7929,Driving,Koila,Reckless_Driving,5way,1.0,70,5G,-116,67.0,-16.0,0.0090919401255302,40.32208737074314,21.791260899083632,Intentional
User_09,2025-11-16 20:52:13,0.307,1.0,Running,Zep,Driving_Under_Influence,5way,0.0,50,WiFi,-75,81.0,4.0,0.0082210339605868,41.754897,21.752530076181277,Intentional
User_48,2025-11-16 22:45:54,0.599,0.9074,Swimming,Zep,Speeding,1way,0.0,20,5G,-95,80.0,-1.0,0.0029839500760454,40.278256348775834,21.7527454122396,Intentional
User_68,2025-11-16 23:54:16,0.472,0.6719,Walking,Koila,Driving_Under_Influence,6way,4.0,50,4G,-94,6.0,14.0,0.023,40.306230115631266,21.790250891531464,Intentional
User_72,2025-11-17 00:08:29,0.567,0.6815,Flying,Zep,Speeding,2way,1.0,50,5G,-76,41.0,-12.0,0.0033215034255747,40.27931378344389,21.75450458339343,Intentional
User_15,2025-11-17 01:03:13,0.627,0.5641,Driving,Spinari,Speeding,2way,1.0,60,WiFi,-88,69.0,13.0,0.0080160586212849,40.30572259158219,21.80654354015087,Intentional
User_10,2025-11-17 02:24:31,0.315,0.9908,Walking,Ligeris,Speeding,5way,1.0,30,4G,-101,1.0,-23.0,0.0033950011889745,40.3064870219533,21.807602015434146,Intentional
User_37,2025-11-17 07:13:11,0.306,0.9174,Swimming,Zep,Speeding,4way,0.0,60,3G,-103,51.0,-10.0,0.0089348562777531,40.280127900421235,21.75274086610462,Intentional
User_18,2025-11-17 09:21:05,0.251,1.0,Walking,Spinari,Driving_Under_Influence,2way,1.0,10,WiFi,-64,79.0,16.0,0.0050388375260572,40.323136287646946,21.792098147820937,Intentional
User_91,2025-11-17 11:05:23,0.587,0.9458,Swimming,Ligeris,Reckless_Driving,2way,1.0,10,5G,-105,88.0,-6.0,0.0093262599998372,40.305190690618666,21.808510430405597,Intentional
User_98,2025-11-17 12:58:42,0.46,0.7938,Running,Center,Reckless_Driving,1way,0.0,50,108,-106,8.0,4.0,0.0078318680242757,40.321666169546184,21.78986899046657,Intentional
User_07,2025-11-17 23:39:06,0.625,0.7224,Driving,Center,Driving_Under_Influence,2way,1.0,30,3G,-74,6.0,-6.0,0.0018529830132216,40.279721400459216,21.752627964609996,Intentional
User_79,2025-11-18 00:27:58,0.389,0.76,Walking,Zep,Reckless_Driving,5way,0.0,30,5G,Ethernet,10.0,-3.0,0.0051379125595066,40.2792525376463,21.754450105789648,Intentional
User_13,2025-11-18 01:14:14,0.75,0.8864,Swimming,Zep,Reckless_Driving,4way,0.0,80,5G,-96,-123.0,0.0,0.0095554569681345,40.28040357105713,21.7545561806076,Intentional
User_40,2025-11-18 08:54:32,0.482,1.0,Flying,Zep,Driving_Under_Influence,4way,0.0,70,105,-75,49.0,6.0,0.0060507379655083,40.280164181092786,21.75469422495396,Intentional
User_74,2025-11-18 10:07:46,0.497,0.9994,Swimming,Ligeris,Speeding,4way,1.0,40,5G,-93,16.0,10.0,0.0024205025906808,40.30624178138407,21.807523254668983,Intentional
User_84,2025-11-18 10:30:44,0.527,0.7167,Swimming,Zep,Reckless_Driving,1way,1.0,80,3G,-117,73.0,-14.0,0.0054280922283898,40.279700090051705,21.753247212741652,Intentional
User_47,2025-11-18 16:00:07,0.585,0.7512,Swimming,Ligeris,Driving_Under_Influence,1way,1.0,30,WiFi,-67,9.0,-16.0,0.0053333715640127,40.30657893590995,21.807821498476553,Intentional
User_56,2025-11-18 19:44:28,0.374,0.6557,Walking,Spinari,Driving_Under_Influence,2way,1.0,20,4G,-74,57.0,17.0,0.0096366517737941,40.32031359986728,21.79101663720701,Intentional
User_16,2025-11-18 20:54:12,0.513,0.8487,Swimming,Zep,Speeding,1way,0.0,30,5G,-85,52.0,-9.0,0.0038336744659314,40.27957250976675,21.75329243025653,Intentional
User_85,2025-11-18 22:04:28,0.254,0.7683,Driving,Koila,Driving_Under_Influence,6way,0.0,60,4G,-83,85.0,-1.0,0.0063148191548141,40.32127334804694,23.371981,Intentional
User_78,2025-11-18 23:24:02,0.347,0.8826,Driving,Spinari,Driving_Under_Influence,2way,0.0,40,WiFi,-58,62.0,-18.0,0.0038242847269862,40.30608718880317,21.80751787209852,Intentional
User_99,2025-11-19 07:22:49,0.465,0.8554,Running,Center,Reckless_Driving,2way,0.0,70,3G,-98,17.0,9.0,0.0048866682553598,40.306453723050005,21.80705710133755,Intentional
User_67,2025-11-19 15:24:25,0.529,0.8556,Flying,Koila,Reckless_Driving,2way,1.0,20,5G,-91,34.0,23.0,0.0089849106729088,40.320870177177305,21.791334976642386,Intentional
User_62,2025-11-19 20:38:32,0.366,0.7542,Flying,Ligeris,Driving_Under_Influence,1way,2.0,70,WiFi,-75,-19.0,5.0,0.0014051903112492,40.30708922788342,21.807770152160003,Intentional
User_65,2025-11-20 00:27:22,0.448,0.7221,Walking,Spinari,Speeding,1way,0.0,10,WiFi,-63,84.0,3.0,0.0098108328144953,40.279695571146256,19.44144,Intentional
User_64,2025-11-20 01:58:35,0.511,0.9978,Driving,Center,Speeding,2way,1.0,90,WiFi,-60,64.0,2.0,0.009258092102017,40.32271574050776,21.78945864745752,Intentional
User_70,2025-11-20 04:21:42,0.601,0.7409,Walking,Ligeris,Driving_Under_Influence,5way,1.0,40,WiFi,-57,89.0,6.0,0.0039224283041708,40.30503411952097,21.80815518718642,Intentional
User_27,2025-11-20 04:58:58,0.535,0.8981,Swimming,Ligeris,Driving_Under_Influence,1way,0.0,30,3G,-105,54.0,14.0,0.0029826523340689,41.153711,21.806814159140753,Intentional
User_84,2025-11-20 05:12:38,0.527,0.7207,Flying,Ligeris,Reckless_Driving,2way,0.0,60,3G,-72,8.0,6.0,0.022,40.30619798404722,21.80800011561131,Intentional
User_68,2025-11-20 07:50:18,0.472,0.6789,Driving,Center,Driving_Under_Influence,2way,0.0,30,4G,Satellite,53.0,-13.0,0.0058671753984214,40.32192394461752,21.790585272927057,Intentional
User_88,2025-11-20 08:16:15,0.471,0.5641,Driving,Ligeris,Reckless_Driving,6way,0.0,40,WiFi,-69,53.0,-11.0,0.0023813876055493,40.30644384161135,21.807477672914445,Intentional
User_63,2025-11-20 17:07:43,0.543,0.7636,Flying,Koila,Speeding,4way,1.0,80,3G,-79,30.0,-9.0,0.006676053681666,40.32368867772423,17.29577,Intentional
User_13,2025-11-20 20:59:18,0.75,0.8914,Swimming,Zep,Speeding,2way,1.0,70,5G,-86,1.0,-11.0,0.0011854082173678,40.278552699153394,21.754974511923344,Intentional
User_09,2025-11-21 05:04:38,0.307,1.0,Running,Center,Driving_Under_Influence,1way,1.0,80,5G,-89,93.0,15.0,0.001500596694118,40.32196904961167,23.427498,Intentional
User_14,2025-11-21 05:22:51,0.393,0.8554,Driving,Koila,Reckless_Driving,5way,1.0,100,WiFi,-71,89.0,-14.0,0.0016343368699501,40.32211475566288,21.791218988668422,Intentional
User_78,2025-11-21 06:56:18,0.347,0.8886,Walking,Zep,Speeding,5way,0.0,90,3G,-86,43.0,-15.0,0.0010375793270086,40.27966898008617,21.753239386399585,Intentional
User_50,2025-11-21 09:25:21,0.398,0.8816,Swimming,Koila,Reckless_Driving,1way,0.0,20,3G,-100,41.0,7.0,0.0049116241336387,40.322603031032486,21.790355731276858,Intentional
User_66,2025-11-21 15:14:08,0.28,0.8787,Swimming,Koila,Driving_Under_Influence,2way,0.0,70,4G,-85,96.0,4.0,0.0037871082300244,40.32189328469365,21.791165527221477,Intentional
User_81,2025-11-21 21:19:56,0.376,0.9325,Walking,Koila,Driving_Under_Influence,5way,5.0,10,111,-109,24.0,14.0,0.009584717261105,40.321365123187256,21.79068825151963,Intentional
User_70,2025-11-21 22:19:28,0.601,0.7439,Walking,Spinari,Reckless_Driving,1way,0.0,90,5G,-85,55.0,-7.0,0.0095583399155957,40.32245992930338,21.79078188196242,Intentional
User_66,2025-11-22 01:01:44,0.28,0.8797,Walking,Spinari,Driving_Under_Influence,1way,1.0,40,108,-107,53.0,-3.0,0.0052477465996244,40.32185638129108,21.78989649028334,Intentional
User_100,2025-11-22 02:27:49,0.37,0.904,Driving,Spinari,Driving_Under_Influence,2way,1.0,50,WiFi,-89,99.0,6.0,0.0054753064884995,40.30640190385501,21.80979482314243,Intentional
User_38,2025-11-22 06:03:10,0.306,0.9561,Walking,Spinari,Speeding,2way,0.0,20,4G,-73,68.0,-2.0,0.0038469889407329,40.30618173738429,21.80696413971065,Intentional
User_87,2025-11-22 06:34:59,0.709,1.0,Running,Ligeris,Speeding,5way,0.0,50,5G,Ethernet,49.0,-9.0,0.0021449290389629,40.30583498160924,21.807748503580555,Intentional
User_50,2025-11-22 07:13:37,0.398,0.8826,Flying,Zep,Driving_Under_Influence,1way,1.0,40,3G,-76,99.0,13.0,0.0022114740076979,40.27972761044925,21.75485620411326,Intentional
User_81,2025-11-22 09:48:47,0.376,0.9345,Flying,Ligeris,Driving_Under_Influence,1way,1.0,70,5G,Satellite,99.0,-3.0,0.005653142335994,40.304817957543726,21.807604632890506,Intentional
User_38,2025-11-22 12:57:14,0.306,0.9571,Walking,Spinari,Speeding,2way,1.0,90,3G,-104,31.0,-17.0,0.0046829300353323,40.30704643969462,21.809046212016103,Intentional
User_18,2025-11-22 14:25:08,0.251,1.0,Running,Ligeris,Reckless_Driving,6way,2.0,20,5G,-109,45.0,-13.0,0.049,40.306500897207435,21.791256784153244,Intentional
User_37,2025-11-22 18:02:47,0.306,0.9274,Running,Spinari,Reckless_Driving,1way,0.0,30,5G,-74,61.0,-14.0,0.0022204332746242,40.30642410326936,21.807361036171283,Intentional
User_82,2025-11-22 21:09:29,0.324,0.8639,Walking,Spinari,Speeding,4way,0.0,80,WiFi,-54,34.0,-9.0,0.049,40.30663965874789,21.805388989241564,Intentional
User_05,2025-11-22 22:38:44,0.743,0.9477,Walking,Koila,Reckless_Driving,6way,1.0,20,5G,-83,27.0,3.0,0.0064908741707212,40.321616273555726,21.79326228551465,Intentional
User_17,2025-11-23 08:28:34,0.631,0.7928,Walking,Center,Speeding,2way,0.0,10,3G,-83,85.0,-14.0,0.023,40.32105871651589,21.791282448134687,Intentional
User_23,2025-11-23 08:40:59,0.458,0.801,Walking,Spinari,Driving_Under_Influence,2way,1.0,10,3G,-100,80.0,3.0,0.0032346762538651,37.432819,21.75362257711572,Intentional
User_48,2025-11-23 14:32:26,0.599,0.9214,Walking,Spinari,Speeding,4way,0.0,30,4G,-109,-150.0,15.0,0.0018547234963452,40.30591239129302,21.80748742610453,Intentional
User_53,2025-11-23 15:52:43,0.313,0.7526,Flying,Ligeris,Speeding,2way,1.0,60,4G,-102,22.0,-1.0,0.0019366517507002,38.889443,21.807454520146223,Intentional
User_25,2025-11-23 18:20:55,0.408,0.7898,Flying,Zep,Speeding,2way,0.0,20,WiFi,-91,74.0,4.0,0.0026407778476546,40.27919792700738,21.753509042280832,Intentional
User_62,2025-11-23 18:44:31,0.366,0.7622,Flying,Koila,Speeding,2way,0.0,40,3G,-104,92.0,-15.0,0.0027471800207988,40.321855183576474,21.789485301169147,Intentional
User_07,2025-11-23 21:28:33,0.625,0.7344,Flying,Zep,Reckless_Driving,2way,2.0,80,3G,-105,-125.0,1.0,0.0030556524360446,40.28040438135163,21.75262688726915,Intentional
User_73,2025-11-23 22:01:42,0.325,0.8437,Running,Center,Speeding,2way,0.0,10,5G,-76,88.0,-19.0,0.0045127132610124,40.32273159363561,21.79171472772433,Intentional
User_30,2025-11-23 22:05:28,0.413,0.7434,Running,Koila,Reckless_Driving,6way,0.0,10,3G,-76,29.0,-15.0,0.0093557080293781,40.32042599572858,21.79090891207631,Intentional
User_92,2025-11-23 22:30:23,0.694,0.8292,Running,Koila,Speeding,6way,0.0,50,WiFi,-50,25.0,4.0,0.0049105543533346,40.32199411139243,21.791383218791303,Intentional
User_26,2025-11-23 22:59:27,0.408,0.9005,Flying,Ligeris,Driving_Under_Influence,2way,0.0,70,5G,-103,6.0,-6.0,0.0046020715179417,40.307205077832265,21.80664429808354,Intentional
User_17,2025-11-24 01:19:02,0.631,0.7948,Walking,Zep,Speeding,5way,0.0,30,WiFi,-60,82.0,8.0,0.0062296541604259,38.157217,21.753741384586935,Intentional
User_07,2025-11-24 03:57:14,0.625,0.7364,Running,Center,Driving_Under_Influence,2way,0.0,50,4G,-91,49.0,-5.0,0.0024143682374069,40.280981944859185,22.364916,Intentional
User_53,2025-11-24 09:11:54,0.313,0.7536,Running,Koila,Speeding,5way,1.0,30,4G,-119,55.0,-14.0,0.0018309898183525,40.32213276653011,21.791246596379835,Intentional
User_04,2025-11-24 09:54:46,0.662,0.7077,Driving,Zep,Driving_Under_Influence,6way,1.0,10,5G,-82,15.0,14.0,0.0071974032804095,40.27949910202036,21.75194575906195,Intentional
User_09,2025-11-24 10:51:39,0.307,1.0,Swimming,Koila,Speeding,2way,0.0,20,3G,-88,42.0,-6.0,0.046,40.32289673510555,21.790345009269497,Intentional
User_09,2025-11-24 20:55:58,0.307,1.0,Swimming,Zep,Driving_Under_Influence,1way,1.0,70,4G,-81,77.0,-7.0,0.0050978550441985,40.27890023538456,21.753730143190896,Intentional
User_26,2025-11-25 00:28:40,0.408,0.9045,Swimming,Koila,Speeding,2way,0.0,80,5G,-108,1.0,9.0,0.0087480055500562,40.3219187784499,21.79016967016702,Intentional
User_24,2025-11-25 00:47:37,0.445,0.7386,Walking,Center,Reckless_Driving,2way,0.0,30,5G,-72,13.0,7.0,0.022,40.30628453761988,21.80764337058614,Intentional
User_96,2025-11-25 02:52:21,0.261,0.5641,Swimming,Koila,Reckless_Driving,4way,1.0,40,WiFi,-79,78.0,8.0,0.0053053022085172,40.32339359499813,21.792077374806183,Intentional
User_82,2025-11-25 05:24:39,0.324,0.8699,Driving,Spinari,Speeding,2way,1.0,20,102,-75,67.0,2.0,0.0013118754206461,40.27924267519818,21.752709454970823,Intentional
User_52,2025-11-25 05:29:54,0.544,0.7332,Swimming,Zep,Driving_Under_Influence,2way,0.0,40,3G,-94,14.0,0.0,0.0025522890679006,40.28026478912992,17.308076,Intentional
User_44,2025-11-25 12:45:05,0.332,0.7396,Running,Spinari,Driving_Under_Influence,2way,2.0,90,3G,-107,35.0,-1.0,0.0097511766387719,40.30444049287083,21.80754239587825,Intentional
User_67,2025-11-25 12:49:29,0.529,0.8686,Swimming,Koila,Reckless_Driving,4way,0.0,30,WiFi,-54,94.0,-12.0,0.0056876072629489,40.32237638653672,21.793306331419924,Intentional
User_46,2025-11-25 13:50:21,0.519,0.9986,Running,Center,Driving_Under_Influence,2way,0.0,40,4G,-91,53.0,-11.0,0.0049821428761913,42.884744,21.809498252221637,Intentional
User_72,2025-11-25 15:18:49,0.567,0.6975,Swimming,Zep,Reckless_Driving,4way,0.0,10,5G,-80,-30.0,10.0,0.0048617170817725,40.28001233288517,21.75236297225928,Intentional
User_32,2025-11-25 17:10:32,0.464,0.677,Swimming,Ligeris,Speeding,1way,0.0,10,3G,-107,6.0,-1.0,0.0048105387908334,40.30663961244134,18.227747,Intentional
User_78,2025-11-25 19:35:17,0.347,0.8966,Walking,Spinari,Reckless_Driving,2way,0.0,60,3G,-120,83.0,7.0,0.0072295357390038,40.306350618893376,21.80799505969006,Intentional
User_15,2025-11-25 22:18:49,0.627,0.9641,Running,Koila,Reckless_Driving,5way,2.0,30,5G,-98,37.0,-11.0,0.039,40.32181451992565,21.79211747265145,Intentional
User_11,2025-11-25 23:27:22,0.602,0.974,Flying,Zep,Speeding,4way,1.0,30,109,-104,44.0,12.0,0.0044474125097678,40.27958538615617,21.752289704437544,Intentional
User_81,2025-11-26 00:42:39,0.376,0.9415,Driving,Center,Reckless_Driving,1way,0.0,20,5G,-77,24.0,-9.0,0.0047222226938463,40.30631791994656,21.807138919497184,Intentional
User_37,2025-11-26 02:46:42,0.306,0.9344,Driving,Zep,Driving_Under_Influence,6way,0.0,30,3G,-79,63.0,-7.0,0.0016420264071061,40.306230115631266,21.75453460226496,Intentional
User_88,2025-11-26 03:04:20,0.471,0.7847,Running,Spinari,Speeding,1way,3.0,10,WiFi,Ethernet,10.0,2.0,0.0019593496668507,40.30484165735425,21.80689505665945,Intentional
User_89,2025-11-26 05:43:50,0.336,0.6721,Driving,Spinari,Speeding,2way,1.0,60,3G,-72,-138.0,15.0,0.0060389570650086,40.279455813798286,21.753599203056027,Intentional
User_10,2025-11-26 06:34:37,0.315,1.0,Driving,Spinari,Reckless_Driving,1way,1.0,40,4G,-116,45.0,-1.0,0.029,40.27913904728514,21.751838216049368,Intentional
User_59,2025-11-26 08:13:03,0.265,0.8362,Driving,Koila,Driving_Under_Influence,5way,0.0,80,4G,-83,80.0,21.0,0.0085218256572489,40.321812940080534,21.791170288750013,Intentional
User_24,2025-11-26 10:30:12,0.445,0.7416,Running,Center,Driving_Under_Influence,4way,1.0,10,WiFi,-87,57.0,15.0,0.0044496138968229,40.306459496227355,23.598374,Intentional
User_35,2025-11-26 12:07:47,0.274,0.7382,Walking,Center,Driving_Under_Influence,2way,0.0,70,3G,-109,38.0,12.0,0.0081130690197052,40.280097147566536,21.752970003273035,Intentional
User_86,2025-11-26 12:34:11,0.469,0.6601,Driving,Center,Reckless_Driving,2way,0.0,70,3G,-112,38.0,-5.0,0.0080751373234787,40.306744638123874,21.791256784153244,Intentional
User_76,2025-11-26 13:40:46,0.355,0.8571,Flying,Zep,Reckless_Driving,1way,0.0,40,WiFi,-67,99.0,-1.0,0.047,40.27883243981777,21.754203763402984,Intentional
User_18,2025-11-26 13:59:35,0.251,1.0,Driving,Center,Reckless_Driving,4way,2.0,30,3G,-118,30.0,3.0,0.02,40.279211312787695,21.754377259139655,Intentional
User_39,2025-11-26 16:02:02,0.598,0.8077,Swimming,Zep,Reckless_Driving,2way,0.0,60,5G,-100,62.0,-10.0,0.008312815384156,40.27990281154392,21.75175389244751,Intentional
User_17,2025-11-26 18:54:56,0.631,0.7988,Driving,Center,Speeding,1way,0.0,20,5G,-100,42.0,-10.0,0.0046308809196729,40.306395104246825,21.805500057769898,Intentional
User_26,2025-11-27 04:15:11,0.408,0.9085,Running,Center,Speeding,2way,0.0,30,4G,-100,82.0,9.0,0.0095334756863937,40.2800803120331,21.75346583087578,Intentional
User_35,2025-11-27 05:31:14,0.274,0.7402,Swimming,Zep,Driving_Under_Influence,2way,0.0,40,4G,-93,66.0,12.0,0.005653142335994,40.28037247092324,23.330239,Intentional
User_52,2025-11-27 07:57:16,0.544,0.7382,Driving,Spinari,Speeding,4way,0.0,70,5G,-73,66.0,-19.0,0.0014242895538665,40.2785651434616,21.752265732671415,Intentional
User_83,2025-11-27 08:17:02,0.309,1.0,Running,Koila,Driving_Under_Influence,5way,0.0,70,3G,-114,49.0,0.0,0.0081827693033413,40.32082025354294,21.791062023668125,Intentional
User_53,2025-11-27 08:24:40,0.313,0.7596,Flying,Ligeris,Reckless_Driving,2way,0.0,40,5G,-113,75.0,-20.0,0.0035454325401102,40.30685872831092,21.807410462998725,Intentional
User_65,2025-11-27 13:04:38,0.448,0.7371,Running,Koila,Reckless_Driving,5way,1.0,30,3G,-79,95.0,3.0,0.033,40.320891800197664,21.79176311603737,Intentional
User_98,2025-11-27 19:42:58,0.46,0.8138,Walking,Center,Speeding,1way,2.0,10,WiFi,-89,61.0,-12.0,0.0071930490881733,41.696839,21.75281915469191,Intentional
User_89,2025-11-27 20:26:36,0.336,0.6741,Flying,Koila,Driving_Under_Influence,1way,0.0,80,WiFi,-69,23.0,-14.0,0.0082185252139773,40.32302648205003,21.790765712978516,Intentional
User_91,2025-11-27 21:46:49,0.587,0.9658,Driving,Center,Reckless_Driving,2way,0.0,30,WiFi,-79,87.0,-7.0,0.0087480619796077,40.30626483700086,21.807414642223613,Intentional
User_24,2025-11-27 22:49:11,0.445,0.7436,Walking,Zep,Speeding,6way,0.0,80,5G,-83,80.0,1.0,0.0084435292081785,40.278148554513,21.75376542510291,Intentional
User_77,2025-11-27 22:51:50,0.428,0.6785,Swimming,Ligeris,Speeding,4way,5.0,20,5G,-98,3.0,15.0,0.005653142335994,40.30584578250544,21.808187220775796,Intentional
User_41,2025-11-28 00:52:08,0.628,0.8241,Walking,Koila,Reckless_Driving,5way,5.0,30,WiFi,-86,13.0,5.0,0.0042081860929479,40.32195920278002,21.791440300241753,Intentional
User_98,2025-11-28 01:46:28,0.46,0.8148,Flying,Koila,Driving_Under_Influence,4way,1.0,30,5G,-109,38.0,9.0,0.006441173933557,40.32265937275962,23.732344,Intentional
User_69,2025-11-28 05:10:27,0.34,1.0,Running,Zep,Reckless_Driving,6way,0.0,40,3G,-88,66.0,-3.0,0.0047435317840781,40.28010105047965,21.754428912781947,Intentional
User_62,2025-11-28 06:42:39,0.366,0.7722,Running,Koila,Speeding,6way,3.0,50,4G,-88,3.0,15.0,0.0047936110299797,40.322369326748856,21.790558733086694,Intentional
User_98,2025-11-28 09:39:01,0.46,0.5641,Walking,Spinari,Speeding,1way,3.0,10,3G,Ethernet,13.0,13.0,0.0088862349722982,40.3050400536082,21.806963750857605,Intentional
User_80,2025-11-28 13:18:49,0.704,0.8227,Walking,Spinari,Speeding,1way,0.0,90,3G,-84,87.0,-9.0,0.0010027864327792,40.306230115631266,21.75175390948469,Intentional
User_33,2025-11-28 14:07:24,0.634,0.8762,Running,Center,Reckless_Driving,2way,0.0,10,4G,Satellite,34.0,-3.0,0.0088626502085327,40.27902456747679,21.755335184423785,Intentional
User_31,2025-11-28 21:16:42,0.56,1.0,Running,Center,Driving_Under_Influence,1way,1.0,20,3G,-106,5.0,-14.0,0.0086555525899935,40.32200779103806,21.788990833256037,Intentional
User_39,2025-11-28 21:24:12,0.598,0.8117,Driving,Center,Reckless_Driving,1way,1.0,60,3G,-97,76.0,-13.0,0.0049617854041996,40.27956054777926,21.753213880240992,Intentional
User_97,2025-11-29 02:25:25,0.337,0.9443,Walking,Center,Driving_Under_Influence,2way,0.0,40,4G,-76,74.0,16.0,0.0083342381404319,40.27791107211904,23.400125,Intentional
User_62,2025-11-29 08:23:31,0.366,0.7732,Running,Zep,Reckless_Driving,5way,0.0,90,3G,-77,38.0,0.0,0.0057878440693366,40.280483081307445,21.75368601598032,Intentional
User_44,2025-11-29 10:29:47,0.332,0.7486,Flying,Koila,Speeding,1way,4.0,50,WiFi,-58,54.0,-7.0,0.0064980304252901,40.32119467763886,21.791798773079048,Intentional
User_31,2025-11-29 11:09:56,0.56,0.5641,Swimming,Ligeris,Reckless_Driving,2way,0.0,30,3G,-88,30.0,-25.0,0.006676323708264,40.30609089827255,21.808021317329715,Intentional
User_73,2025-11-29 11:46:12,0.325,0.8547,Running,Center,Speeding,2way,0.0,50,3G,-91,-20.0,5.0,0.0095876575759108,40.304979630570394,21.80646920117313,Intentional
User_96,2025-11-29 16:07:58,0.261,0.9231,Driving,Center,Speeding,1way,1.0,40,5G,-88,79.0,-4.0,0.0016772166168444,40.27967621357316,22.25599,Intentional
User_58,2025-11-29 16:52:57,0.465,0.698,Running,Center,Reckless_Driving,4way,1.0,80,5G,-102,98.0,7.0,0.0088495618552335,40.30774199131531,21.808439667447377,Intentional
User_92,2025-11-29 17:01:25,0.694,0.8412,Running,Zep,Driving_Under_Influence,5way,0.0,40,4G,-74,38.0,-6.0,0.0031726410919792,40.280250906329016,21.752240319685875,Intentional
User_82,2025-11-29 19:57:50,0.324,0.8779,Walking,Ligeris,Reckless_Driving,5way,1.0,30,5G,-71,66.0,-11.0,0.0096406383276123,40.305270367534405,21.791256784153244,Intentional
User_05,2025-11-29 20:06:58,0.743,0.9607,Walking,Zep,Driving_Under_Influence,5way,0.0,80,WiFi,-67,39.0,0.0,0.0062255478381849,40.2790376739438,21.75391944303596,Intentional
User_85,2025-11-30 04:28:17,0.254,0.7933,Running,Center,Driving_Under_Influence,4way,1.0,40,WiFi,-54,100.0,4.0,0.023,40.2791661238108,21.753340376063065,Intentional
User_68,2025-11-30 12:37:56,0.46,0.6999,Driving,Spinari,Speeding,2way,0.0,110,3G,-116,0.0,-7.0,0.0039689353560496,40.307290151366026,21.80894133920083,Intentional
User_51,2025-11-30 15:01:33,0.613,1.0,Walking,Center,Driving_Under_Influence,2way,0.0,50,5G,-93,73.0,4.0,0.0067245026108937,40.32164721539306,21.790509863501725,Intentional
User_88,2025-11-30 19:16:03,0.471,0.7937,Driving,Spinari,Driving_Under_Influence,2way,0.0,60,WiFi,-54,71.0,3.0,0.0025789668719462,40.32354351276256,21.791910257876577,Intentional
User_27,2025-11-30 19:21:54,0.535,0.9191,Walking,Center,Reckless_Driving,4way,0.0,30,114,-90,17.0,-13.0,0.0073285064465685,40.27919508874996,21.75537582066093,Intentional
User_84,2025-11-30 21:19:58,0.527,0.7407,Flying,Koila,Reckless_Driving,4way,1.0,30,4G,-95,17.0,8.0,0.0070169058075748,40.32348588325408,21.791935273091283,Intentional
User_40,2025-12-01 02:13:58,0.482,1.0,Swimming,Koila,Reckless_Driving,4way,0.0,30,5G,-117,69.0,-13.0,0.0011720555681336,40.32201024861069,21.791209172758013,Intentional
User_08,2025-12-01 04:29:24,0.347,1.0,Flying,Zep,Driving_Under_Influence,2way,3.0,40,5G,-116,96.0,-8.0,0.009921580219583,40.27870448307073,22.943241,Intentional
User_24,2025-12-01 05:38:46,0.445,0.7506,Walking,Ligeris,Speeding,6way,0.0,50,4G,-70,-155.0,9.0,0.0030919373955762,40.30642465300445,21.807618716371127,Intentional
User_59,2025-12-01 06:10:55,0.265,0.8462,Driving,Spinari,Speeding,2way,1.0,30,WiFi,-85,44.0,16.0,0.0067663490727214,38.15615,21.806137683494978,Intentional
User_47,2025-12-01 06:45:08,0.585,0.7772,Running,Zep,Reckless_Driving,5way,3.0,90,WiFi,-82,86.0,-11.0,0.0013313604925636,40.28053957789495,22.439846,Intentional
User_42,2025-12-01 10:12:17,0.738,0.7816,Running,Spinari,Driving_Under_Influence,2way,1.0,20,4G,-90,11.0,11.0,0.005653142335994,40.322891144847574,21.79044984127324,Intentional
User_69,2025-12-01 11:11:58,0.34,1.0,Walking,Zep,Driving_Under_Influence,6way,0.0,30,WiFi,-89,16.0,5.0,0.0019808456939416,40.27933895423059,21.75282961103193,Intentional
User_90,2025-12-01 11:28:30,0.525,0.7298,Running,Center,Speeding,1way,0.0,50,3G,-86,-142.0,9.0,0.0087450862466824,40.305073668273664,21.80898866033569,Intentional
User_86,2025-12-01 12:46:31,0.469,0.6701,Running,Spinari,Speeding,2way,5.0,10,WiFi,-68,81.0,10.0,0.041,40.32188601619802,21.791660838967253,Intentional
User_11,2025-12-01 15:44:13,0.602,0.986,Swimming,Koila,Reckless_Driving,2way,3.0,30,5G,-75,-30.0,-10.0,0.0064320081975008,40.32233542620187,21.792483035597595,Intentional
User_17,2025-12-01 16:11:54,0.631,0.8088,Running,Koila,Driving_Under_Influence,5way,1.0,30,4G,-80,25.0,16.0,0.008563153710443,41.268391,21.791536215257757,Intentional
User_27,2025-12-01 18:57:32,0.535,0.9211,Driving,Zep,Reckless_Driving,5way,4.0,20,5G,Ethernet,45.0,-12.0,0.0013788345859904,40.27856881900245,21.75390102831108,Intentional
User_65,2025-12-01 19:36:20,0.448,0.7451,Swimming,Ligeris,Reckless_Driving,1way,0.0,30,120,-74,54.0,-3.0,0.0055504525481878,40.30677923131513,21.80789020578108,Intentional
User_86,2025-12-02 06:10:32,0.469,0.6721,Flying,Zep,Driving_Under_Influence,4way,0.0,20,4G,-76,39.0,0.0,0.0084772558960038,40.279750745617,21.752804278404277,Intentional
User_95,2025-12-02 06:23:48,0.545,0.9439,Swimming,Koila,Driving_Under_Influence,2way,1.0,40,3G,-76,6.0,10.0,0.0060147276707067,40.322584648995786,21.789192761789288,Intentional
User_36,2025-12-02 08:20:05,0.563,1.0,Walking,Koila,Driving_Under_Influence,6way,0.0,70,WiFi,-70,13.0,13.0,0.0080780951750379,40.32215706983281,21.790070183046723,Intentional
User_73,2025-12-02 08:38:45,0.46,0.5641,Swimming,Ligeris,Reckless_Driving,2way,0.0,60,WiFi,-74,90.0,-6.0,0.005653142335994,40.30621293647418,21.80747465288515,Intentional
User_71,2025-12-02 10:41:27,0.256,0.6733,Flying,Zep,Speeding,2way,2.0,70,5G,-107,91.0,19.0,0.0036015065334992,40.28033212859664,21.752580033557656,Intentional
User_72,2025-12-02 11:52:50,0.567,0.7115,Swimming,Koila,Reckless_Driving,2way,0.0,60,5G,-93,24.0,4.0,0.0086199738199558,40.32099407115471,21.79130475879896,Intentional
User_49,2025-12-02 11:54:48,0.637,1.0,Walking,Koila,Reckless_Driving,5way,2.0,80,114,-103,43.0,-12.0,0.0019848614588531,40.322621383192896,21.79314889853122,Intentional
User_28,2025-12-02 12:17:16,0.348,0.9803,Driving,Ligeris,Speeding,6way,0.0,30,5G,-87,87.0,15.0,0.007798615108705,41.371534,21.807344029451567,Intentional
User_86,2025-12-02 12:35:05,0.469,0.6731,Swimming,Zep,Driving_Under_Influence,1way,1.0,30,113,-87,3.0,-9.0,0.0036707055093443,40.279305065571855,21.75358895663914,Intentional
User_48,2025-12-02 15:24:57,0.599,0.9384,Swimming,Ligeris,Driving_Under_Influence,4way,0.0,50,5G,-88,54.0,12.0,0.0044882332874886,40.306653278894785,21.806081717593496,Intentional
User_38,2025-12-02 16:53:39,0.306,0.9771,Driving,Koila,Reckless_Driving,5way,0.0,70,3G,-82,12.0,13.0,0.0047382025690956,40.321618093801355,21.790737319393287,Intentional
User_52,2025-12-02 21:54:35,0.544,0.7482,Walking,Spinari,Reckless_Driving,1way,0.0,50,4G,-71,85.0,-8.0,0.023,40.3214558747526,21.79002826824661,Intentional
User_40,2025-12-02 23:22:36,0.482,1.0,Walking,Spinari,Speeding,2way,1.0,50,5G,-79,67.0,9.0,0.0078545205427689,40.27806988879034,21.75237575508084,Intentional
User_96,2025-12-03 06:03:36,0.261,0.9301,Flying,Koila,Driving_Under_Influence,2way,0.0,50,5G,-98,90.0,5.0,0.0051220789892549,40.32318227743795,21.7910756864951,Intentional
User_33,2025-12-03 10:51:05,0.634,0.8862,Walking,Spinari,Reckless_Driving,2way,1.0,10,5G,Ethernet,67.0,-2.0,0.0079469744212801,40.3062241020473,21.807410167151883,Intentional
User_85,2025-12-03 15:17:35,0.254,0.7993,Walking,Spinari,Reckless_Driving,2way,0.0,30,5G,-89,14.0,-10.0,0.0081395771353729,40.320870918268305,21.792104981421716,Intentional
User_28,2025-12-03 16:11:45,0.348,0.9833,Running,Center,Driving_Under_Influence,4way,0.0,80,105,-75,42.0,-5.0,0.0058414002856718,40.32280846178524,21.78987588496288,Intentional
User_42,2025-12-03 21:15:20,0.738,0.7866,Flying,Koila,Reckless_Driving,2way,3.0,20,5G,-82,63.0,-15.0,0.0064810161384847,40.32291087951261,21.791095469237305,Intentional
User_46,2025-12-03 23:01:03,0.519,0.5641,Driving,Center,Driving_Under_Influence,1way,0.0,70,4G,-110,66.0,7.0,0.0073989062630563,42.327167,21.80709274505525,Intentional
User_67,2025-12-04 01:27:23,0.529,0.8856,Driving,Spinari,Speeding,2way,0.0,90,3G,-100,69.0,-21.0,0.0063019019071747,40.321341229464785,21.78973531514149,Intentional
User_03,2025-12-04 03:37:39,0.46,0.7034,Swimming,Koila,Speeding,2way,2.0,70,WiFi,-72,21.0,-4.0,0.0033979129164192,40.321537234820674,21.789305646867675,Intentional
User_43,2025-12-04 03:51:22,0.416,0.8337,Walking,Center,Speeding,2way,0.0,30,4G,-77,43.0,-8.0,0.0095911398950304,40.278014665920466,21.75336115462519,Intentional
User_37,2025-12-04 04:29:19,0.306,0.9504,Walking,Spinari,Speeding,2way,0.0,90,3G,-95,20.0,-17.0,0.0016286897777156,40.30596288956048,21.807161159373024,Intentional
User_41,2025-12-04 05:14:52,0.628,0.8361,Walking,Ligeris,Reckless_Driving,6way,2.0,60,WiFi,-55,-31.0,-3.0,0.0099271171400189,40.30669359250138,21.807682076768916,Intentional
User_57,2025-12-04 09:37:14,0.372,0.7872,Driving,Spinari,Driving_Under_Influence,1way,0.0,30,3G,-102,16.0,-3.0,0.0040394010930702,40.278894820063186,21.75516506864953,Intentional
User_54,2025-12-04 10:25:28,0.327,0.9499,Running,Zep,Reckless_Driving,6way,0.0,90,3G,-117,62.0,-23.0,0.003592238515854,40.27954488604605,21.753224201185347,Intentional
User_07,2025-12-04 12:34:18,0.625,0.7564,Flying,Zep,Driving_Under_Influence,1way,1.0,50,4G,-80,3.0,-25.0,0.0079934290962143,40.2788690764028,21.755125727811286,Intentional
User_12,2025-12-04 14:45:24,0.67,1.0,Flying,Ligeris,Driving_Under_Influence,2way,0.0,80,4G,-116,14.0,0.0,0.0095583259809136,40.3061953769548,21.808371162214613,Intentional
User_05,2025-12-04 17:29:21,0.743,0.9717,Walking,Spinari,Driving_Under_Influence,2way,0.0,30,104,-79,50.0,13.0,0.0040737902187376,40.32210744403364,21.791930689473016,Intentional
User_60,2025-12-04 20:54:44,0.353,1.0,Running,Center,Speeding,2way,1.0,40,WiFi,-51,-37.0,2.0,0.0060539305416695,40.30711015613861,21.80746739883585,Intentional
User_54,2025-12-05 00:53:09,0.327,0.9509,Swimming,Zep,Driving_Under_Influence,4way,3.0,80,4G,Satellite,17.0,-4.0,0.0036931200303612,40.27977277207578,21.755552303034992,Intentional
User_94,2025-12-05 02:10:15,0.681,0.776,Driving,Spinari,Reckless_Driving,2way,1.0,80,3G,-108,37.0,8.0,0.0075938431658382,40.30611669067195,21.807949145141592,Intentional
User_97,2025-12-05 03:20:08,0.337,0.9563,Running,Center,Driving_Under_Influence,2way,2.0,30,WiFi,-77,-157.0,5.0,0.0022275522162473,40.27998622513764,21.753424730763896,Intentional
User_21,2025-12-05 08:29:37,0.303,0.6892,Running,Koila,Reckless_Driving,6way,2.0,20,5G,Ethernet,41.0,11.0,0.0015294027439747,40.32225799872886,21.791251293237902,Intentional
User_40,2025-12-05 09:56:31,0.482,1.0,Driving,Zep,Reckless_Driving,6way,1.0,70,4G,-90,70.0,-18.0,0.0067734762444729,40.27961313895299,21.75324703354439,Intentional
User_33,2025-12-05 10:06:59,0.634,0.8912,Walking,Koila,Speeding,6way,1.0,30,4G,-80,4.0,15.0,0.0078998042280197,40.32199932889788,21.7896268171109,Intentional
User_86,2025-12-05 12:00:41,0.469,0.6781,Driving,Center,Driving_Under_Influence,2way,2.0,10,4G,-95,47.0,-10.0,0.0052226281875483,40.32139860192429,21.790262878454616,Intentional
User_07,2025-12-05 12:47:35,0.625,0.7584,Driving,Spinari,Reckless_Driving,2way,1.0,60,5G,-70,46.0,-13.0,0.0099990139598711,40.30600127292088,21.80689781366702,Intentional
User_02,2025-12-05 13:18:04,0.529,0.9776,Running,Center,Reckless_Driving,2way,0.0,20,4G,Ethernet,57.0,13.0,0.0033428824051522,40.27905325071701,21.752748781752093,Intentional
User_87,2025-12-05 15:43:04,0.709,1.0,Walking,Spinari,Driving_Under_Influence,4way,1.0,50,WiFi,-62,80.0,-10.0,0.0091502241857123,40.27834695966326,23.092076,Intentional
User_45,2025-12-05 15:59:56,0.285,0.9503,Flying,Koila,Speeding,1way,3.0,90,4G,-102,62.0,-12.0,0.0060474917221147,42.757346,21.792267758780344,Intentional
User_52,2025-12-05 21:29:43,0.544,0.7542,Swimming,Ligeris,Reckless_Driving,1way,0.0,90,3G,-98,42.0,5.0,0.0052773578963943,40.30586428334774,21.806619165710615,Intentional
User_03,2025-12-06 00:50:42,0.568,0.7074,Swimming,Ligeris,Speeding,4way,0.0,90,117,-74,89.0,7.0,0.0012681989233369,40.3052595080243,21.806849288307664,Intentional
User_79,2025-12-06 01:02:54,0.389,0.796,Swimming,Ligeris,Reckless_Driving,2way,1.0,20,WiFi,-86,62.0,1.0,0.0089816197206995,40.306246899985986,21.807508822532245,Intentional
User_95,2025-12-06 01:55:22,0.545,0.9519,Swimming,Koila,Driving_Under_Influence,4way,0.0,30,3G,-109,5.0,-7.0,0.0064851618136414,40.32124131346617,21.78991572058324,Intentional
User_19,2025-12-06 01:58:31,0.745,1.0,Driving,Ligeris,Reckless_Driving,6way,1.0,10,4G,Ethernet,64.0,4.0,0.0097518205476874,40.30626921519661,21.807503193931527,Intentional
User_26,2025-12-06 02:53:52,0.408,0.9265,Driving,Zep,Reckless_Driving,5way,0.0,20,5G,Ethernet,24.0,10.0,0.0028566272044536,40.280317355509624,21.75400043172375,Intentional
User_80,2025-12-06 03:52:49,0.704,0.8387,Running,Ligeris,Reckless_Driving,5way,1.0,100,3G,-114,75.0,14.0,0.0043363227292221,40.30560971857928,21.805343608438488,Intentional
User_09,2025-12-06 07:22:58,0.307,1.0,Driving,Ligeris,Driving_Under_Influence,6way,2.0,30,3G,-106,95.0,10.0,0.028,40.30600862433075,21.806990125035817,Intentional
User_72,2025-12-06 16:00:17,0.567,0.7205,Swimming,Zep,Reckless_Driving,2way,0.0,50,3G,-111,74.0,-14.0,0.0083347300709344,40.27938199037984,21.75186965129061,Intentional
User_61,2025-12-06 16:26:52,0.546,0.7597,Running,Spinari,Speeding,2way,0.0,50,5G,-114,33.0,-20.0,0.0042149534450186,40.27913929427312,21.753356524992977,Intentional
User_78,2025-12-06 18:59:23,0.347,0.9186,Running,Spinari,Reckless_Driving,2way,0.0,30,113,-84,5.0,-16.0,0.005462106376112,40.27916595110988,21.753349540671262,Intentional
User_34,2025-12-06 21:05:26,0.431,0.8329,Walking,Spinari,Reckless_Driving,4way,5.0,70,4G,-77,93.0,-6.0,0.001542536547706,42.229944,21.755085918895453,Intentional
User_44,2025-12-06 21:14:46,0.332,0.7616,Driving,Center,Reckless_Driving,1way,3.0,80,3G,-100,56.0,-15.0,0.0022627116489323,40.30597075005447,21.80705479268852,Intentional
User_87,2025-12-06 22:06:08,0.709,1.0,Driving,Koila,Driving_Under_Influence,6way,1.0,30,4G,-93,98.0,-14.0,0.0097356262951777,40.320856699536314,21.79178367260333,Intentional
User_52,2025-12-07 09:47:05,0.544,0.7572,Swimming,Koila,Reckless_Driving,2way,0.0,40,5G,-115,-123.0,-1.0,0.0010949314954552,40.32209503428982,21.791254477873935,Intentional
User_19,2025-12-07 10:43:56,0.745,1.0,Flying,Koila,Driving_Under_Influence,2way,1.0,40,3G,-94,87.0,5.0,0.0068341122649885,40.32225847493034,19.130375,Intentional
User_94,2025-12-07 17:15:02,0.681,0.78,Walking,Koila,Driving_Under_Influence,6way,1.0,70,3G,-97,77.0,1.0,0.0060051864847795,40.322324645504715,21.790765926854164,Intentional
User_66,2025-12-07 19:10:27,0.28,0.9107,Swimming,Zep,Driving_Under_Influence,4way,0.0,30,102,-88,60.0,-2.0,0.0014840241286309,40.28010123789248,21.7537754254225,Intentional
User_52,2025-12-07 22:05:12,0.544,0.7582,Flying,Koila,Driving_Under_Influence,4way,4.0,50,3G,-98,7.0,-4.0,0.005653142335994,42.934588,21.79281458831804,Intentional
User_02,2025-12-07 22:11:55,0.529,0.9816,Walking,Center,Speeding,1way,0.0,20,3G,-112,56.0,-23.0,0.0042039293476101,40.32197749223148,21.79182890134121,Intentional
User_75,2025-12-08 03:04:30,0.409,0.8551,Flying,Zep,Reckless_Driving,4way,3.0,60,4G,-119,70.0,-23.0,0.003899382035427,40.279828258458295,21.754332866681484,Intentional
User_16,2025-12-08 04:06:49,0.513,0.8887,Driving,Spinari,Driving_Under_Influence,1way,1.0,30,5G,-77,25.0,5.0,0.0067473719300594,38.449114,21.79136672858355,Intentional
User_49,2025-12-08 05:45:33,0.637,1.0,Flying,Zep,Driving_Under_Influence,2way,2.0,40,WiFi,-63,90.0,-2.0,0.009838959861257,40.27943490314351,21.753227481831857,Intentional
User_57,2025-12-08 06:02:50,0.372,0.7952,Flying,Koila,Reckless_Driving,4way,0.0,70,5G,-105,35.0,-5.0,0.0029236442541274,40.32203252909095,21.791055631054014,Intentional
User_52,2025-12-08 16:46:53,0.544,0.7592,Flying,Ligeris,Driving_Under_Influence,4way,0.0,30,3G,Satellite,9.0,4.0,0.0042652112511712,40.30712084165007,21.806749704120733,Intentional
User_99,2025-12-08 20:34:35,0.465,0.8934,Running,Spinari,Driving_Under_Influence,2way,1.0,90,5G,-74,86.0,-23.0,0.007099168448651,40.306624229262255,21.807968952623707,Intentional
User_29,2025-12-08 20:46:45,0.415,0.8474,Running,Koila,Speeding,5way,1.0,40,4G,-110,76.0,4.0,0.0055536626931264,41.52175,21.79124725340942,Intentional
User_06,2025-12-08 22:21:59,0.584,1.0,Driving,Ligeris,Reckless_Driving,5way,0.0,50,5G,-103,100.0,19.0,0.005653142335994,40.30599829557053,21.806597245520393,Intentional
User_65,2025-12-09 03:34:28,0.448,0.7601,Flying,Koila,Driving_Under_Influence,4way,0.0,20,4G,-106,3.0,7.0,0.0054373291413502,40.32225456189056,21.79144931840787,Intentional
User_57,2025-12-09 15:43:49,0.372,0.5641,Walking,Center,Driving_Under_Influence,4way,1.0,90,3G,-120,72.0,3.0,0.0039010676009747,40.279984486375,21.75432990334704,Intentional
User_08,2025-12-09 18:07:44,0.347,1.0,Walking,Zep,Reckless_Driving,5way,0.0,80,WiFi,-79,60.0,-14.0,0.0072615338384278,40.27804969052861,21.75425909700849,Intentional
User_99,2025-12-09 21:09:16,0.465,0.8954,Driving,Center,Speeding,1way,2.0,20,WiFi,-50,87.0,-5.0,0.005653142335994,40.30603845049535,21.807371038732615,Intentional
User_33,2025-12-09 22:20:24,0.634,0.8992,Flying,Ligeris,Driving_Under_Influence,1way,1.0,90,3G,-98,69.0,10.0,0.023,40.30751106956764,21.80733297296093,Intentional
User_34,2025-12-09 22:33:01,0.431,0.8389,Flying,Koila,Speeding,2way,1.0,20,4G,-114,83.0,-7.0,0.033,40.323231261840014,21.79043490675576,Intentional
User_58,2025-12-10 01:20:29,0.465,0.72,Running,Spinari,Reckless_Driving,1way,2.0,30,115,-116,81.0,-12.0,0.0093347000415271,40.27856628974288,21.75237424151756,Intentional
User_86,2025-12-10 08:39:38,0.469,0.6881,Driving,Ligeris,Speeding,5way,1.0,30,4G,-120,98.0,-14.0,0.0036729071409741,40.30608311349044,21.807672356365433,Intentional
User_88,2025-12-10 09:17:53,0.471,0.8137,Driving,Zep,Speeding,6way,0.0,20,5G,-83,18.0,-1.0,0.0067834668893975,40.2795553490796,21.753156520350128,Intentional
User_76,2025-12-10 09:38:17,0.355,0.8861,Running,Koila,Driving_Under_Influence,6way,0.0,50,101,-119,29.0,13.0,0.0014829038114688,40.323524333293015,21.790032705233656,Intentional
User_84,2025-12-10 12:57:11,0.527,0.7597,Flying,Koila,Driving_Under_Influence,2way,1.0,10,WiFi,-58,-28.0,-4.0,0.0050627154630201,40.32231625858443,21.791950664842545,Intentional
User_68,2025-12-10 16:22:53,0.472,0.7199,Running,Spinari,Driving_Under_Influence,2way,0.0,70,4G,-92,45.0,-9.0,0.0077892192978766,40.27969717517729,21.752478468404178,Intentional
User_09,2025-12-10 18:25:08,0.307,1.0,Walking,Ligeris,Speeding,5way,0.0,20,WiFi,-54,19.0,-21.0,0.0049171659514064,40.30772848432233,21.791256784153244,Intentional
User_92,2025-12-11 01:11:22,0.694,0.8642,Driving,Center,Speeding,2way,0.0,60,3G,-96,89.0,-9.0,0.0019279093914286,40.32200295215189,21.7929859248206,Intentional
User_41,2025-12-11 03:36:33,0.628,0.8501,Running,Spinari,Reckless_Driving,2way,0.0,60,4G,-107,53.0,-5.0,0.0082100966699765,40.32211437683482,21.79134867259931,Intentional
User_63,2025-12-11 04:03:54,0.543,0.8056,Flying,Zep,Driving_Under_Influence,1way,0.0,40,3G,-78,78.0,10.0,0.0089958200409536,40.27957561593401,21.754468180174104,Intentional
User_91,2025-12-11 04:29:19,0.587,0.9928,Walking,Koila,Speeding,6way,1.0,70,105,-95,5.0,-2.0,0.0050200532961296,40.32201341588438,21.791560962284667,Intentional
User_20,2025-12-11 10:38:00,0.334,1.0,Driving,Koila,Driving_Under_Influence,6way,0.0,70,118,-84,10.0,-15.0,0.0045985557703647,40.32198820759613,21.79133062328745,Intentional
User_50,2025-12-11 11:45:40,0.398,0.9206,Running,Spinari,Speeding,1way,1.0,20,4G,-96,43.0,-18.0,0.0066567963932891,40.32069008249129,21.790826199325775,Intentional
User_19,2025-12-11 11:47:48,0.745,1.0,Walking,Koila,Driving_Under_Influence,6way,1.0,70,109,-87,65.0,3.0,0.0092169075364034,40.32206910941596,21.79204596127993,Intentional
User_22,2025-12-11 12:42:39,0.413,0.7349,Driving,Koila,Reckless_Driving,6way,0.0,20,WiFi,-53,-127.0,3.0,0.0087278090278541,40.32136320229101,21.79246822616124,Intentional
User_10,2025-12-11 13:14:32,0.315,1.0,Walking,Spinari,Driving_Under_Influence,2way,0.0,40,3G,-101,21.0,14.0,0.0068575967663753,37.134254,21.791265517165996,Intentional
User_40,2025-12-11 13:31:33,0.482,1.0,Driving,Koila,Reckless_Driving,5way,0.0,20,4G,-70,8.0,-12.0,0.0075916685948966,40.27883792745797,21.75323163811696,Intentional
User_80,2025-12-11 14:19:07,0.704,0.8497,Driving,Spinari,Reckless_Driving,4way,1.0,90,5G,-72,29.0,4.0,0.024,40.32163807058073,21.792368268869463,Intentional
User_26,2025-12-11 16:35:10,0.408,0.9375,Driving,Zep,Reckless_Driving,6way,0.0,50,4G,-98,89.0,1.0,0.0089048941442228,40.280562615715496,21.75436994360764,Intentional
User_56,2025-12-11 18:45:27,0.374,0.7017,Driving,Ligeris,Reckless_Driving,6way,1.0,10,WiFi,Satellite,95.0,-4.0,0.0069269175142895,40.306724099502205,21.80539709014969,Intentional
User_32,2025-12-11 19:02:56,0.464,0.709,Walking,Center,Speeding,2way,0.0,30,4G,-79,44.0,9.0,0.0072735566989846,40.27946766364721,21.752797987978138,Intentional
User_65,2025-12-11 19:22:56,0.448,0.7641,Driving,Center,Speeding,4way,1.0,30,WiFi,-106,35.0,-2.0,0.0024611468302905,40.322311055589104,21.79181685606815,Intentional
User_67,2025-12-11 19:51:40,0.529,0.9006,Driving,Koila,Driving_Under_Influence,6way,0.0,30,4G,-103,24.0,-16.0,0.0087505289814842,40.32177873874243,21.792984733207103,Intentional
User_52,2025-12-11 23:48:22,0.544,0.7662,Running,Zep,Driving_Under_Influence,5way,0.0,20,WiFi,-80,16.0,12.0,0.0013689991132632,40.2802601682132,21.75267791872488,Intentional
User_93,2025-12-12 00:44:35,0.588,0.7112,Running,Spinari,Reckless_Driving,1way,0.0,40,115,-118,15.0,0.0,0.0018725699774837,40.27940063397987,21.753103239773186,Intentional
User_70,2025-12-12 04:54:25,0.601,0.7849,Swimming,Ligeris,Speeding,1way,0.0,40,5G,-92,89.0,5.0,0.0018325868488632,40.30610594269661,21.8056402273625,Intentional
User_79,2025-12-12 07:15:00,0.389,0.808,Running,Spinari,Driving_Under_Influence,1way,0.0,60,WiFi,-69,24.0,9.0,0.0085338515964165,40.279073265040175,23.656648,Intentional
User_53,2025-12-12 12:41:51,0.313,0.7906,Walking,Spinari,Driving_Under_Influence,2way,2.0,80,4G,-117,19.0,10.0,0.0086932248859139,40.27958506093886,21.752967013763904,Intentional
User_50,2025-12-12 13:51:22,0.398,0.9226,Walking,Zep,Reckless_Driving,5way,0.0,30,WiFi,-55,32.0,16.0,0.039,40.27990651278278,21.75232300141349,Intentional
User_31,2025-12-12 18:40:27,0.56,1.0,Driving,Center,Speeding,2way,0.0,90,3G,-86,36.0,-14.0,0.0035748695025515,40.32161289546732,21.79129771307791,Intentional
User_31,2025-12-12 18:54:44,0.56,1.0,Running,Spinari,Driving_Under_Influence,2way,0.0,30,4G,-104,-14.0,-11.0,0.0043410098468515,40.32183562065877,21.79163735934752,Intentional
User_88,2025-12-12 22:26:58,0.471,0.8167,Driving,Spinari,Reckless_Driving,2way,1.0,90,4G,-74,26.0,-3.0,0.0071626477534256,40.281310788799225,21.753548691310904,Intentional
User_70,2025-12-13 03:10:02,0.601,0.7869,Walking,Spinari,Reckless_Driving,2way,4.0,40,5G,-107,82.0,11.0,0.0092679713071877,40.321993321315595,21.793037264431785,Intentional
User_82,2025-12-13 07:16:27,0.324,0.9059,Swimming,Ligeris,Driving_Under_Influence,2way,0.0,20,WiFi,-53,75.0,5.0,0.0088287345699089,41.627319,21.80864000121104,Intentional
User_02,2025-12-13 09:10:48,0.529,0.9926,Driving,Koila,Speeding,5way,0.0,80,5G,-74,51.0,-8.0,0.0028509242152949,40.3233495134351,21.7923224406349,Intentional
User_90,2025-12-13 09:30:23,0.525,0.7528,Walking,Ligeris,Driving_Under_Influence,6way,0.0,50,5G,-118,49.0,-7.0,0.0093842010975715,40.30694916248133,21.80695350517957,Intentional
User_77,2025-12-13 10:13:33,0.428,0.7095,Walking,Spinari,Reckless_Driving,2way,0.0,80,4G,-93,40.0,14.0,0.0012688005017114,40.32168611958132,21.78988234529953,Intentional
User_97,2025-12-13 12:04:25,0.337,0.9723,Driving,Zep,Driving_Under_Influence,5way,0.0,20,3G,-112,82.0,-5.0,0.0086272794997942,40.279447289009674,21.755608858023862,Intentional
User_12,2025-12-13 17:23:40,0.67,1.0,Driving,Spinari,Speeding,1way,0.0,20,3G,-120,1.0,-10.0,0.026,40.3054191681092,21.807275643709108,Intentional
User_59,2025-12-13 17:29:10,0.265,0.8702,Driving,Center,Speeding,1way,1.0,40,3G,-88,44.0,-16.0,0.0058963336003121,42.379019,21.79175926234545,Intentional
User_45,2025-12-13 17:30:50,0.285,0.9663,Swimming,Zep,Reckless_Driving,2way,0.0,10,WiFi,-82,67.0,-21.0,0.009370465050186,40.27883529631557,21.7523589838375,Intentional
User_36,2025-12-13 18:12:48,0.563,1.0,Flying,Zep,Reckless_Driving,4way,2.0,10,5G,-95,44.0,14.0,0.0067654030671873,40.279094832262146,21.752959230703127,Intentional
User_42,2025-12-13 18:51:21,0.738,0.8066,Flying,Koila,Speeding,4way,0.0,40,WiFi,-67,29.0,-14.0,0.0038256950205399,40.322467461045285,21.790861948236405,Intentional
User_38,2025-12-14 01:12:46,0.306,1.0,Walking,Zep,Driving_Under_Influence,6way,2.0,10,5G,Satellite,8.0,-15.0,0.0043254427059706,40.28109856124287,21.753486584162903,Intentional
User_84,2025-12-14 02:38:39,0.527,0.7677,Flying,Koila,Driving_Under_Influence,2way,1.0,50,WiFi,-66,33.0,2.0,0.0041163247970022,40.32333192743866,21.79251959879038,Intentional
User_74,2025-12-14 06:48:07,0.497,1.0,Running,Koila,Reckless_Driving,5way,0.0,60,5G,-76,81.0,-9.0,0.037,40.3063091904767,21.805777878630497,Intentional
User_53,2025-12-14 09:23:30,0.313,0.7936,Running,Center,Driving_Under_Influence,1way,0.0,20,WiFi,-59,42.0,12.0,0.0011886058345948,40.27844050391936,21.752935993271016,Intentional
User_22,2025-12-14 09:38:28,0.413,0.7409,Flying,Koila,Speeding,2way,1.0,40,5G,-107,32.0,-4.0,0.0058218952755709,40.322453322826576,21.791333555070956,Intentional
User_54,2025-12-14 10:16:27,0.327,0.9699,Flying,Ligeris,Reckless_Driving,2way,0.0,10,5G,-95,31.0,6.0,0.0098071892453925,40.3056789157663,21.80720724766779,Intentional
User_22,2025-12-14 12:02:25,0.413,0.7419,Running,Spinari,Driving_Under_Influence,2way,0.0,60,WiFi,-89,1.0,5.0,0.0050455699021778,40.278927028031795,21.754266948859,Intentional
User_86,2025-12-14 12:48:32,0.469,0.6971,Flying,Ligeris,Driving_Under_Influence,1way,1.0,40,WiFi,-85,78.0,25.0,0.0021290492610183,40.305405259834735,21.80729514196437,Intentional
User_29,2025-12-14 17:33:50,0.415,0.8594,Swimming,Koila,Driving_Under_Influence,4way,2.0,50,WiFi,-56,79.0,-15.0,0.0041706721604311,40.32219233078149,21.791331720856537,Intentional
User_47,2025-12-14 22:25:39,0.585,0.8032,Running,Zep,Reckless_Driving,5way,4.0,10,3G,-108,81.0,6.0,0.0027151113220484,40.28038972445204,21.753574613533768,Intentional
User_10,2025-12-14 23:22:16,0.315,1.0,Flying,Zep,Reckless_Driving,1way,4.0,70,WiFi,-57,16.0,-9.0,0.0086266168431352,40.27880053717451,21.752379386576347,Intentional
User_55,2025-12-15 01:32:17,0.447,1.0,Running,Zep,Driving_Under_Influence,5way,0.0,80,109,-73,10.0,11.0,0.00124641683554,40.27964079926663,21.75322169060207,Intentional
User_01,2025-12-15 01:40:39,0.619,0.9688,Flying,Ligeris,Driving_Under_Influence,2way,0.0,20,3G,-116,92.0,1.0,0.048,40.306273215162726,21.807464161208916,Intentional
User_38,2025-12-15 01:45:19,0.306,1.0,Running,Center,Reckless_Driving,2way,1.0,30,5G,-97,38.0,2.0,0.007862126782117,40.28066430792942,21.75408317556325,Intentional
User_42,2025-12-15 03:05:02,0.738,0.8096,Walking,Koila,Reckless_Driving,5way,0.0,40,3G,-118,71.0,0.0,0.0050908196072461,40.32263135103393,21.790268414215767,Intentional
User_89,2025-12-15 03:24:35,0.336,0.7091,Running,Center,Driving_Under_Influence,4way,0.0,20,3G,-101,59.0,-3.0,0.0058393051826312,40.27998144261664,21.752786883967985,Intentional
User_13,2025-12-15 03:40:21,0.75,0.9404,Swimming,Zep,Reckless_Driving,4way,0.0,60,3G,-86,24.0,16.0,0.0022735131825231,40.279875718406245,21.752927268935228,Intentional
User_19,2025-12-15 07:16:38,0.745,0.5641,Walking,Ligeris,Reckless_Driving,6way,4.0,60,115,-84,81.0,-3.0,0.0046446368855444,40.30718504412335,21.807928033659692,Intentional
User_45,2025-12-15 08:59:21,0.285,0.9703,Swimming,Ligeris,Driving_Under_Influence,2way,4.0,40,5G,-70,4.0,14.0,0.0085287596373413,40.305995644541326,21.80614898168606,Intentional
User_61,2025-12-15 10:01:47,0.546,0.7777,Walking,Spinari,Reckless_Driving,2way,0.0,60,5G,-108,42.0,4.0,0.001513620758108,40.30652334085617,21.807892902134498,Intentional
User_46,2025-12-15 13:57:57,0.519,1.0,Swimming,Koila,Reckless_Driving,2way,1.0,30,4G,-77,83.0,-23.0,0.002665921889085,40.32262474163228,21.789655820975423,Intentional
User_66,2025-12-15 14:53:07,0.28,0.9257,Running,Koila,Driving_Under_Influence,6way,1.0,80,4G,-113,-15.0,15.0,0.0048509059313871,40.32238989091854,21.791542581649548,Intentional
User_37,2025-12-16 01:43:30,0.306,0.9744,Running,Zep,Reckless_Driving,6way,1.0,80,4G,-113,-121.0,-11.0,0.0039110301870698,40.27949899639212,21.753787525331777,Intentional
User_98,2025-12-16 02:21:53,0.46,0.8508,Driving,Zep,Speeding,5way,3.0,70,4G,-75,53.0,5.0,0.0051737353410736,40.27829158656194,21.75208586146868,Intentional
User_38,2025-12-16 04:16:06,0.306,1.0,Flying,Ligeris,Reckless_Driving,2way,1.0,120,WiFi,-82,85.0,-4.0,0.043,40.306247263274095,21.807680590237904,Intentional
User_42,2025-12-16 05:01:24,0.738,0.8116,Walking,Center,Speeding,2way,0.0,60,WiFi,-78,75.0,-19.0,0.0065624308520693,40.30589371219025,21.807802857008284,Intentional
User_28,2025-12-16 05:13:52,0.348,1.0,Driving,Zep,Driving_Under_Influence,6way,0.0,40,WiFi,-64,93.0,11.0,0.0046281400793772,40.27860882706614,21.791256784153244,Intentional
User_42,2025-12-16 06:00:55,0.738,0.8126,Running,Zep,Driving_Under_Influence,5way,1.0,40,3G,-80,5.0,1.0,0.0070790513737362,40.28084744957953,21.752453866138335,Intentional
User_72,2025-12-16 08:58:23,0.567,0.7395,Walking,Koila,Speeding,5way,1.0,90,5G,Satellite,96.0,13.0,0.0012163042193782,40.321604975988414,21.790847079970423,Intentional
User_98,2025-12-16 09:42:54,0.46,0.8518,Driving,Ligeris,Driving_Under_Influence,5way,0.0,20,WiFi,-56,76.0,-10.0,0.046,40.305978326069024,21.808935709995964,Intentional
User_05,2025-12-16 12:54:51,0.743,0.9947,Flying,Koila,Driving_Under_Influence,1way,1.0,80,5G,-85,36.0,5.0,0.004782489965967,40.32317177287287,21.790079978069617,Intentional
User_33,2025-12-16 14:33:47,0.634,0.9132,Flying,Ligeris,Driving_Under_Influence,2way,0.0,20,4G,-70,-12.0,-12.0,0.0087108619341244,40.30655298835803,21.80632469411208,Intentional
User_68,2025-12-16 20:07:56,0.472,0.7319,Flying,Koila,Reckless_Driving,2way,0.0,60,4G,-100,38.0,-17.0,0.0021407975224411,40.32208981929688,21.790844226997297,Intentional
User_22,2025-12-16 20:08:01,0.413,0.7459,Walking,Spinari,Reckless_Driving,1way,0.0,70,4G,-112,-40.0,12.0,0.004706641674207,40.3056023418829,21.80630491407608,Intentional
User_15,2025-12-16 22:47:46,0.627,1.0,Driving,Spinari,Reckless_Driving,2way,0.0,20,5G,-113,77.0,-4.0,0.025,40.2808391114916,21.753367382345168,Intentional
User_26,2025-12-17 00:29:16,0.408,0.9485,Flying,Ligeris,Reckless_Driving,2way,0.0,90,3G,-88,26.0,14.0,0.0017639020445246,40.305409190312155,21.80814657018043,Intentional
User_50,2025-12-17 02:28:26,0.398,0.9326,Flying,Koila,Driving_Under_Influence,2way,0.0,80,5G,-99,93.0,-6.0,0.0032851400872618,40.32248911984529,21.790711077996157,Intentional
User_03,2025-12-17 02:56:57,0.568,0.7304,Flying,Ligeris,Speeding,4way,1.0,30,4G,-71,-42.0,6.0,0.005653142335994,40.30673568806851,21.80932752990589,Intentional
User_75,2025-12-17 05:40:10,0.409,0.8731,Walking,Koila,Speeding,5way,0.0,30,4G,-78,31.0,-3.0,0.0074761395819816,40.306230115631266,21.789046045000635,Intentional
User_80,2025-12-17 07:43:53,0.704,0.8607,Driving,Center,Speeding,2way,0.0,30,5G,-81,79.0,-4.0,0.0031180343572381,40.27798373928562,21.754347178727816,Intentional
User_07,2025-12-17 11:55:51,0.625,0.7814,Driving,Koila,Driving_Under_Influence,5way,0.0,40,3G,-71,79.0,4.0,0.0072038762792224,40.321415755674245,21.79292628706657,Intentional
User_35,2025-12-17 21:11:45,0.274,0.7812,Flying,Ligeris,Speeding,2way,0.0,20,WiFi,-86,37.0,4.0,0.0073014741249112,40.30687892149781,21.80754218052398,Intentional
User_76,2025-12-17 22:13:43,0.355,0.8991,Running,Zep,Driving_Under_Influence,5way,0.0,50,5G,-111,40.0,-16.0,0.0012470978265823,40.27885142873369,21.75242799097788,Intentional
User_15,2025-12-17 23:07:56,0.627,1.0,Flying,Ligeris,Speeding,1way,0.0,10,3G,-74,32.0,11.0,0.0027168734742749,40.30589311240666,21.807628159373127,Intentional
User_24,2025-12-18 05:58:55,0.445,0.7856,Driving,Center,Speeding,1way,0.0,60,5G,-116,10.0,-4.0,0.0084646776210812,40.279434091739546,21.75248175526062,Intentional
User_60,2025-12-18 08:33:54,0.353,1.0,Flying,Zep,Speeding,2way,2.0,40,3G,-83,80.0,16.0,0.0090880757248375,40.28111934922457,21.753174648330393,Intentional
User_48,2025-12-18 13:31:16,0.599,0.9714,Running,Spinari,Driving_Under_Influence,2way,1.0,30,3G,-74,60.0,-13.0,0.0023721669323153,40.30552543722622,21.8070571845118,Intentional
User_37,2025-12-18 14:34:38,0.306,0.9784,Walking,Koila,Speeding,5way,0.0,30,3G,-100,22.0,-4.0,0.0087891534449604,40.32221350949314,21.79092781901734,Intentional
User_03,2025-12-18 14:50:48,0.568,0.7314,Flying,Zep,Driving_Under_Influence,4way,1.0,50,5G,-88,65.0,16.0,0.037,40.28002124163931,21.755197158635223,Intentional
User_09,2025-12-18 18:27:57,0.307,1.0,Running,Spinari,Reckless_Driving,1way,0.0,40,4G,-98,3.0,7.0,0.0048360851612897,40.27910904015869,21.753157515981872,Intentional
User_08,2025-12-18 19:37:42,0.347,1.0,Walking,Ligeris,Reckless_Driving,5way,1.0,20,5G,-89,-49.0,0.0,0.0057194761721298,40.306475985586545,21.80836471899934,Intentional
User_72,2025-12-18 21:06:01,0.567,0.7445,Swimming,Ligeris,Speeding,1way,0.0,20,3G,-75,30.0,11.0,0.0058775910773262,40.306236868182665,21.80791126018249,Intentional
User_37,2025-12-19 00:48:57,0.306,0.9804,Walking,Spinari,Driving_Under_Influence,2way,0.0,70,4G,-114,13.0,-3.0,0.0044224015405326,40.32143048699928,21.79243088949705,Intentional
User_74,2025-12-19 03:42:26,0.497,1.0,Walking,Center,Reckless_Driving,2way,2.0,120,5G,-108,77.0,-4.0,0.0064584014106529,40.30618165307284,21.80740955249353,Intentional
User_64,2025-12-19 07:43:12,0.511,1.0,Walking,Ligeris,Reckless_Driving,5way,0.0,40,3G,Ethernet,14.0,1.0,0.009755870435204,40.305782414014175,21.807741036652462,Intentional
User_13,2025-12-19 08:35:16,0.75,0.9484,Driving,Center,Driving_Under_Influence,2way,1.0,10,WiFi,-52,78.0,7.0,0.0091297359763657,40.32232462125626,21.791464865213733,Intentional
User_11,2025-12-19 09:13:11,0.602,1.0,Running,Koila,Speeding,6way,1.0,10,3G,-107,53.0,13.0,0.0032521552618726,40.321815567169665,21.791632581321483,Intentional
User_54,2025-12-19 12:46:37,0.327,0.9789,Flying,Koila,Reckless_Driving,1way,2.0,60,4G,-116,49.0,-6.0,0.005653142335994,40.32284268868261,21.791882273311305,Intentional
User_85,2025-12-19 21:28:12,0.254,0.8313,Swimming,Ligeris,Speeding,1way,1.0,30,4G,Ethernet,91.0,8.0,0.0086736956886457,40.30585979015676,21.807081769709857,Intentional
User_09,2025-12-19 22:24:09,0.307,1.0,Driving,Spinari,Reckless_Driving,1way,0.0,90,3G,-81,97.0,2.0,0.0049317518356954,42.785226,21.751348959922097,Intentional
User_13,2025-12-19 23:33:04,0.75,0.9494,Driving,Koila,Driving_Under_Influence,5way,1.0,10,WiFi,-82,37.0,0.0,0.0019495346882368,40.321607148668335,21.79316551605836,Intentional
User_50,2025-12-20 00:42:33,0.398,0.9386,Swimming,Zep,Reckless_Driving,1way,4.0,80,3G,-111,99.0,6.0,0.0029798045692462,40.27959220898927,21.753381880407595,Intentional
User_95,2025-12-20 03:10:35,0.545,0.9799,Driving,Zep,Driving_Under_Influence,5way,4.0,10,4G,-88,30.0,7.0,0.0016877083636874,40.27877578446191,21.75242355156044,Intentional
User_17,2025-12-20 05:07:28,0.631,0.8468,Running,Center,Speeding,2way,1.0,70,4G,-78,78.0,4.0,0.0078121077472531,40.306381169041536,21.791256784153244,Intentional
User_100,2025-12-20 09:19:39,0.37,0.96,Running,Zep,Driving_Under_Influence,6way,0.0,90,4G,-111,93.0,-14.0,0.005653142335994,40.279363711759736,23.433047,Intentional
User_12,2025-12-20 09:56:24,0.67,1.0,Swimming,Zep,Driving_Under_Influence,1way,0.0,50,5G,-73,52.0,-14.0,0.047,40.28003735053375,21.7553810809462,Intentional
User_90,2025-12-20 11:06:59,0.46,0.7668,Driving,Center,Reckless_Driving,1way,0.0,30,4G,-109,-156.0,13.0,0.0047844765421854,40.3060495394728,21.807316201370895,Intentional
User_72,2025-12-20 14:33:23,0.567,0.7485,Running,Zep,Driving_Under_Influence,6way,1.0,120,114,-90,49.0,16.0,0.0056861837989965,40.27993167234037,21.755134554840463,Intentional
User_82,2025-12-20 15:10:26,0.324,0.9199,Running,Spinari,Driving_Under_Influence,4way,0.0,90,3G,-86,77.0,12.0,0.0022310946053235,40.278598121308335,21.75361158028319,Intentional
User_74,2025-12-20 16:00:33,0.497,1.0,Walking,Zep,Reckless_Driving,6way,3.0,40,WiFi,-76,77.0,0.0,0.0077249457412868,40.2796761655373,21.753091876373777,Intentional
User_04,2025-12-20 17:43:25,0.662,0.7597,Driving,Koila,Reckless_Driving,6way,0.0,20,WiFi,-70,94.0,-3.0,0.0046581281451873,40.322303890483184,21.79139253416126,Intentional
User_34,2025-12-20 18:55:59,0.431,0.5641,Swimming,Koila,Driving_Under_Influence,1way,0.0,40,112,-85,32.0,-2.0,0.0042451243914775,40.32206268939855,21.791261856141773,Intentional
User_03,2025-12-20 19:28:47,0.568,0.7364,Running,Zep,Reckless_Driving,6way,1.0,60,WiFi,-88,31.0,-13.0,0.0083132506274842,41.214724,21.7516529193558,Intentional
User_57,2025-12-21 02:19:00,0.372,0.8212,Driving,Spinari,Reckless_Driving,2way,0.0,20,WiFi,-74,47.0,20.0,0.0049276382950922,40.30625202371261,21.805416657476822,Intentional
User_31,2025-12-21 03:01:20,0.56,1.0,Driving,Center,Reckless_Driving,4way,4.0,40,4G,-101,58.0,12.0,0.008103211234515,40.30620017429538,19.759238,Intentional
User_67,2025-12-21 05:20:12,0.529,0.9196,Driving,Ligeris,Speeding,5way,0.0,20,5G,-75,31.0,14.0,0.0083835906696201,37.760221,21.807096512086233,Intentional
User_41,2025-12-21 08:54:25,0.628,0.8701,Running,Spinari,Reckless_Driving,2way,2.0,30,WiFi,Ethernet,48.0,16.0,0.0032966477092468,40.30774709049065,21.80770209204977,Intentional
User_33,2025-12-21 09:42:12,0.634,0.9232,Driving,Spinari,Reckless_Driving,1way,0.0,70,3G,-99,88.0,-5.0,0.0054124006782812,40.27993806985663,18.945344,Intentional
User_78,2025-12-21 14:25:06,0.347,0.9486,Walking,Spinari,Reckless_Driving,1way,4.0,60,5G,-96,-39.0,-14.0,0.0085023638381056,40.32291648814471,21.791256784153244,Intentional
User_56,2025-12-21 15:59:15,0.374,0.7217,Driving,Spinari,Speeding,4way,1.0,50,5G,-88,60.0,0.0,0.0076734487665317,41.778829,21.753272855837924,Intentional
User_62,2025-12-21 19:55:55,0.366,0.8172,Running,Spinari,Speeding,2way,0.0,50,5G,-81,73.0,15.0,0.0033299711810892,40.32226066085977,21.792471779233523,Intentional
User_24,2025-12-21 23:23:04,0.445,0.7916,Walking,Center,Reckless_Driving,2way,0.0,30,5G,-105,40.0,-16.0,0.0080741695636194,40.28009248545469,21.753053943297427,Intentional
User_67,2025-12-21 23:45:34,0.529,0.9206,Walking,Center,Driving_Under_Influence,1way,0.0,50,3G,-87,8.0,3.0,0.0094253271087615,40.32125118523357,21.791421042013457,Intentional
User_24,2025-12-22 01:39:52,0.445,0.7926,Swimming,Zep,Driving_Under_Influence,4way,0.0,70,5G,-80,74.0,17.0,0.0023952128710698,40.27932016402775,21.75248173206308,Intentional
User_87,2025-12-22 04:02:56,0.709,0.5641,Driving,Center,Reckless_Driving,2way,0.0,40,WiFi,-56,85.0,14.0,0.005349916608201,40.322412086534065,21.79111655007673,Intentional
User_30,2025-12-22 10:58:23,0.413,0.8004,Driving,Spinari,Speeding,1way,1.0,50,4G,-77,41.0,0.0,0.0065107236270521,40.30710211781541,21.808248033355422,Intentional
User_01,2025-12-22 10:59:10,0.619,0.9828,Driving,Ligeris,Reckless_Driving,6way,3.0,30,WiFi,-56,-126.0,-7.0,0.004968443116554,40.3068751871078,21.807346084394357,Intentional
User_41,2025-12-22 13:26:52,0.628,0.8731,Driving,Spinari,Driving_Under_Influence,2way,1.0,50,WiFi,-80,92.0,-18.0,0.0014142879619799,40.32281626375316,21.79181259638411,Intentional
User_61,2025-12-22 14:18:05,0.546,0.7917,Walking,Center,Driving_Under_Influence,2way,2.0,80,5G,-107,53.0,5.0,0.003179794422896,40.27970866130111,21.75296633545115,Intentional
User_78,2025-12-22 15:01:45,0.347,0.9506,Driving,Center,Speeding,4way,0.0,70,5G,-84,39.0,-10.0,0.0068647616758516,40.306607295363705,21.807004907605105,Intentional
User_73,2025-12-22 16:45:07,0.325,0.9007,Driving,Ligeris,Speeding,6way,0.0,90,3G,-95,32.0,-9.0,0.0023860872673332,41.312214,21.80670183961229,Intentional
User_53,2025-12-22 16:45:29,0.313,0.8106,Walking,Koila,Speeding,5way,1.0,40,3G,-88,-136.0,-9.0,0.0072487182601788,40.32233127750389,21.789544220285222,Intentional
User_38,2025-12-22 16:48:09,0.306,1.0,Running,Center,Driving_Under_Influence,2way,3.0,30,120,-88,18.0,-15.0,0.0064587412647496,40.32238405737456,21.7917481944239,Intentional
User_15,2025-12-22 17:22:32,0.627,1.0,Swimming,Koila,Driving_Under_Influence,2way,0.0,30,5G,-88,44.0,12.0,0.007813398425704,40.322071517501975,21.791329555461093,Intentional
User_02,2025-12-22 18:22:45,0.529,1.0,Swimming,Koila,Speeding,2way,2.0,60,3G,-84,69.0,-8.0,0.0083937491198976,40.323253842468326,21.792094895575087,Intentional
User_70,2025-12-22 19:41:23,0.601,0.8059,Driving,Center,Speeding,4way,0.0,10,3G,-105,66.0,-13.0,0.0073918255502271,40.322045649795406,22.925862,Intentional
User_88,2025-12-23 02:19:25,0.471,0.8387,Driving,Center,Driving_Under_Influence,4way,1.0,50,WiFi,-74,95.0,-3.0,0.0061504392904975,41.68139,21.753538690830137,Intentional
User_05,2025-12-23 02:28:29,0.743,1.0,Walking,Zep,Speeding,6way,0.0,30,5G,-94,-128.0,-8.0,0.005653142335994,40.28051281685162,21.752907650720225,Intentional
User_96,2025-12-23 03:05:48,0.261,0.9701,Flying,Koila,Speeding,1way,0.0,10,3G,-104,80.0,14.0,0.029,40.32233150128947,21.793481661774628,Intentional
User_31,2025-12-23 06:19:32,0.56,1.0,Running,Koila,Speeding,5way,2.0,50,113,-102,88.0,-14.0,0.005801920409305,40.32196706323744,21.791133967603876,Intentional
User_24,2025-12-23 08:00:06,0.445,0.7956,Swimming,Zep,Speeding,1way,0.0,20,3G,-97,84.0,16.0,0.0051052755087134,40.278218737736786,21.754745985465497,Intentional
User_32,2025-12-23 08:06:43,0.464,0.732,Swimming,Koila,Driving_Under_Influence,1way,0.0,70,5G,-82,87.0,3.0,0.0032145696336311,40.32258034215183,21.792687701662043,Intentional
User_19,2025-12-23 10:58:58,0.745,1.0,Walking,Koila,Speeding,5way,1.0,40,4G,-117,95.0,-10.0,0.0092791850271253,40.32248634631894,21.79155666253292,Intentional
User_75,2025-12-23 11:28:11,0.409,0.8851,Walking,Ligeris,Reckless_Driving,5way,1.0,100,WiFi,-74,95.0,-19.0,0.0016035050593854,40.3059689055948,21.80759896943292,Intentional
User_13,2025-12-23 12:56:19,0.75,0.9574,Driving,Spinari,Reckless_Driving,1way,0.0,80,WiFi,Satellite,52.0,2.0,0.0074563843255496,40.30640910167098,21.807821959201945,Intentional
User_27,2025-12-23 13:12:06,0.535,0.9651,Running,Zep,Driving_Under_Influence,6way,0.0,50,5G,-111,100.0,-2.0,0.028,40.279297814995445,21.753029083797465,Intentional
User_17,2025-12-23 15:53:12,0.631,0.8538,Flying,Koila,Driving_Under_Influence,1way,1.0,60,4G,-81,7.0,24.0,0.0089947151380371,40.323204666569886,21.789480220490827,Intentional
User_90,2025-12-23 19:12:26,0.525,0.7738,Walking,Zep,Speeding,6way,0.0,50,WiFi,-80,27.0,-13.0,0.0011961371907187,40.279519646103736,21.754193953012447,Intentional
User_07,2025-12-23 21:35:31,0.625,0.7944,Driving,Koila,Driving_Under_Influence,5way,0.0,60,4G,-77,32.0,4.0,0.0078811104462092,40.32205922058443,21.79332760283187,Intentional
User_46,2025-12-23 22:05:02,0.519,1.0,Driving,Zep,Reckless_Driving,6way,0.0,80,4G,-81,-48.0,2.0,0.0023977888990446,40.28107225806679,21.75416487901812,Intentional
User_55,2025-12-23 22:56:01,0.447,1.0,Walking,Center,Speeding,1way,1.0,70,106,-93,62.0,9.0,0.0041163242138361,40.32185248871312,21.79103392418791,Intentional
User_85,2025-12-23 23:58:56,0.254,0.5641,Flying,Koila,Driving_Under_Influence,1way,0.0,60,WiFi,-50,90.0,1.0,0.0035227169287876,40.32285238617359,22.114059,Intentional
User_44,2025-12-24 01:39:40,0.332,0.7976,Walking,Center,Speeding,2way,0.0,50,3G,-100,27.0,13.0,0.008189596447138,40.30641869844346,21.80674145940978,Intentional
User_54,2025-12-24 04:22:50,0.327,0.9889,Swimming,Ligeris,Driving_Under_Influence,1way,1.0,20,4G,-72,57.0,1.0,0.0089559310366033,40.30595330223395,21.809073519473905,Intentional
User_27,2025-12-24 06:23:06,0.535,0.9671,Walking,Spinari,Reckless_Driving,1way,2.0,70,4G,-85,27.0,20.0,0.0092384101020958,40.32291271336509,21.791256784153244,Intentional
User_98,2025-12-24 08:20:41,0.46,0.8668,Driving,Ligeris,Reckless_Driving,6way,2.0,110,4G,-85,22.0,20.0,0.0095457802890793,40.30677391468185,21.809639757512304,Intentional
User_34,2025-12-24 08:44:54,0.431,0.8679,Flying,Koila,Speeding,2way,4.0,10,WiFi,-85,15.0,-9.0,0.0065484333733861,40.322919000358,21.791507363356462,Intentional
User_09,2025-12-24 13:33:53,0.307,1.0,Swimming,Koila,Reckless_Driving,4way,1.0,10,WiFi,-106,42.0,-13.0,0.0024371709527844,40.321969754672175,21.79141278740123,Intentional
User_26,2025-12-24 14:51:06,0.408,0.9635,Walking,Spinari,Reckless_Driving,1way,4.0,30,4G,-88,-16.0,-3.0,0.0027943888367363,40.321620347045304,21.789325678610048,Intentional
User_62,2025-12-24 17:07:04,0.366,0.8242,Running,Zep,Reckless_Driving,5way,1.0,20,3G,-109,96.0,-3.0,0.002237726146001,42.751768,21.75317319595062,Intentional
User_51,2025-12-24 17:53:53,0.613,1.0,Walking,Spinari,Speeding,1way,0.0,80,3G,-114,18.0,13.0,0.0096573410040748,40.32205691450574,21.79103103064586,Intentional
User_75,2025-12-24 19:36:23,0.409,0.8881,Running,Koila,Speeding,5way,1.0,40,3G,-75,71.0,-6.0,0.0092866948250813,40.32248362450361,21.79269871580167,Intentional
User_01,2025-12-24 19:57:57,0.619,0.9878,Flying,Koila,Reckless_Driving,1way,0.0,90,5G,-74,49.0,-6.0,0.009597525867549,40.32138661561096,21.78981860107543,Intentional
User_21,2025-12-24 23:55:22,0.303,0.7282,Running,Center,Driving_Under_Influence,4way,4.0,80,3G,-83,-11.0,-9.0,0.0065387825753278,40.27868179242063,21.753097316788125,Intentional
User_98,2025-12-25 00:53:34,0.46,0.8688,Driving,Koila,Reckless_Driving,6way,2.0,50,4G,-80,14.0,-12.0,0.0077253861350817,40.32241840252285,21.791496087724024,Intentional
User_09,2025-12-25 01:24:24,0.307,1.0,Flying,Ligeris,Speeding,2way,0.0,50,3G,-92,49.0,-10.0,0.005213002778548,40.30767996068256,21.791256784153244,Intentional
User_27,2025-12-25 03:26:21,0.46,0.9681,Running,Spinari,Speeding,4way,0.0,120,4G,-81,43.0,12.0,0.0048120546392889,40.32254560297007,21.79157904314696,Intentional
User_100,2025-12-25 04:28:44,0.37,0.971,Running,Spinari,Speeding,1way,0.0,30,4G,-88,-23.0,13.0,0.0023600439963021,40.30576920934562,21.80898094044881,Intentional
User_34,2025-12-25 08:48:55,0.431,0.8699,Swimming,Koila,Driving_Under_Influence,2way,0.0,70,5G,-81,2.0,8.0,0.0052462929095107,40.27880907203264,21.754650710330655,Intentional
User_64,2025-12-25 11:04:06,0.511,1.0,Walking,Spinari,Reckless_Driving,1way,0.0,10,5G,-77,98.0,-16.0,0.0070239928531843,40.279491746932734,21.753347518773403,Intentional
User_10,2025-12-25 11:33:35,0.315,1.0,Running,Spinari,Reckless_Driving,2way,0.0,50,3G,-110,73.0,9.0,0.0073872184450514,40.27917269360848,18.514419,Intentional
User_23,2025-12-25 12:43:15,0.458,0.865,Running,Koila,Speeding,6way,0.0,70,4G,-74,9.0,15.0,0.0046550343211071,40.322033428301,21.791231480087923,Intentional
User_36,2025-12-25 14:58:37,0.563,1.0,Driving,Center,Reckless_Driving,1way,0.0,80,4G,-93,63.0,5.0,0.0079645740810344,40.30527721938681,21.806283578600507,Intentional
User_54,2025-12-25 15:47:14,0.327,0.9919,Flying,Zep,Driving_Under_Influence,1way,2.0,20,4G,-90,93.0,-3.0,0.0026381438919816,40.279810830995274,23.721091,Intentional
User_92,2025-12-25 16:00:16,0.694,0.8932,Running,Center,Driving_Under_Influence,2way,0.0,60,WiFi,-50,49.0,25.0,0.003862284618426,40.322001782294805,21.79001332027839,Intentional
User_53,2025-12-25 16:42:54,0.313,0.8166,Running,Zep,Reckless_Driving,5way,0.0,50,WiFi,-82,-126.0,-2.0,0.0048335413217701,40.28080485210144,21.753110256003033,Intentional
User_18,2025-12-25 18:32:35,0.251,1.0,Running,Center,Driving_Under_Influence,2way,1.0,20,4G,-114,43.0,-13.0,0.0019250362484092,40.2798114486852,21.75231741462973,Intentional
User_22,2025-12-25 18:35:26,0.413,0.7639,Walking,Center,Reckless_Driving,4way,1.0,60,4G,-85,20.0,15.0,0.0033111561753752,42.746686,21.808689801529116,Intentional
User_51,2025-12-25 19:57:18,0.613,1.0,Walking,Koila,Reckless_Driving,5way,0.0,60,5G,-112,5.0,-12.0,0.0093693766114056,40.321177669972535,21.791558672219196,Intentional
User_23,2025-12-25 20:18:39,0.458,0.866,Flying,Zep,Reckless_Driving,2way,0.0,40,3G,-70,8.0,-3.0,0.0024153861542862,40.27974260661968,21.754898040636633,Intentional
User_58,2025-12-25 21:30:15,0.465,0.751,Walking,Koila,Reckless_Driving,5way,1.0,40,3G,Satellite,33.0,2.0,0.0041200761360523,40.32211009931618,21.791071167142164,Intentional
User_47,2025-12-25 22:14:39,0.585,0.8242,Driving,Zep,Driving_Under_Influence,6way,0.0,20,104,-120,21.0,9.0,0.0091930201337281,40.27975197275627,21.75317845316067,Intentional
User_96,2025-12-25 23:03:33,0.261,0.9751,Driving,Center,Reckless_Driving,4way,1.0,90,112,-86,58.0,-13.0,0.0029681049823785,40.27789531829618,21.753871505496996,Intentional
User_01,2025-12-26 00:18:25,0.619,0.9908,Driving,Zep,Driving_Under_Influence,6way,1.0,70,5G,-115,96.0,3.0,0.0016168757730735,40.27978997851598,21.751726766606975,Intentional
User_06,2025-12-26 01:30:44,0.584,1.0,Driving,Zep,Speeding,6way,3.0,30,3G,-114,7.0,-16.0,0.0082744936244718,40.27954985700778,21.753253631198533,Intentional
User_21,2025-12-26 01:32:59,0.303,0.7312,Swimming,Zep,Driving_Under_Influence,1way,2.0,30,3G,-86,97.0,9.0,0.0092351038423677,40.280598704091055,21.75187120244145,Intentional
User_17,2025-12-26 02:35:05,0.631,0.8588,Swimming,Ligeris,Reckless_Driving,1way,1.0,10,4G,-74,90.0,3.0,0.0098936139696949,37.223963,21.791256784153244,Intentional
User_92,2025-12-26 04:37:25,0.694,0.8952,Running,Zep,Reckless_Driving,5way,1.0,120,4G,-96,-137.0,12.0,0.006444717395575,40.28020903740008,21.75193151345643,Intentional
User_82,2025-12-26 09:07:28,0.324,0.9319,Flying,Zep,Driving_Under_Influence,4way,1.0,50,108,-73,77.0,-4.0,0.0050533227039329,40.27995311712069,21.75432408992468,Intentional
User_32,2025-12-26 14:26:58,0.464,0.739,Flying,Ligeris,Driving_Under_Influence,1way,0.0,40,4G,-88,42.0,-8.0,0.0038989566549312,40.30533916923482,21.806747665451937,Intentional
User_03,2025-12-26 21:36:57,0.568,0.7484,Driving,Center,Speeding,2way,0.0,50,5G,-74,61.0,1.0,0.0044115233968098,40.279272263444035,18.790227,Intentional
User_10,2025-12-26 22:22:01,0.315,1.0,Swimming,Koila,Speeding,2way,1.0,60,4G,-73,78.0,6.0,0.0079962322211679,40.3227689464815,21.791493481520757,Intentional
User_89,2025-12-27 03:46:54,0.336,0.7331,Running,Spinari,Driving_Under_Influence,2way,0.0,90,4G,-71,17.0,2.0,0.0094745773658521,40.3220694258688,17.339265,Intentional
User_23,2025-12-27 06:28:26,0.458,0.869,Driving,Ligeris,Driving_Under_Influence,5way,0.0,10,4G,-74,71.0,0.0,0.0082564464053855,40.30749053508858,21.807876720412647,Intentional
User_35,2025-12-27 10:02:46,0.274,0.8002,Walking,Koila,Driving_Under_Influence,6way,1.0,50,4G,-72,22.0,-13.0,0.0066906725507733,37.816341,21.78997697715688,Intentional
User_87,2025-12-27 10:06:20,0.709,1.0,Driving,Center,Reckless_Driving,1way,1.0,30,4G,Satellite,14.0,-13.0,0.0010961856319558,40.3219549945148,21.790488707256813,Intentional
User_96,2025-12-27 11:10:13,0.261,0.9791,Running,Koila,Driving_Under_Influence,6way,0.0,40,3G,-102,80.0,-1.0,0.035,40.32191005539797,21.79051925326939,Intentional
User_72,2025-12-27 12:25:36,0.567,0.7615,Flying,Koila,Speeding,1way,0.0,80,4G,-98,83.0,-10.0,0.0039055443612381,40.32217616791808,21.791312480668033,Intentional
User_18,2025-12-27 13:29:21,0.251,1.0,Walking,Spinari,Speeding,2way,1.0,40,WiFi,Satellite,11.0,3.0,0.003179362147563,40.320969655677985,21.79029796660472,Intentional
User_10,2025-12-27 15:27:30,0.315,1.0,Running,Ligeris,Driving_Under_Influence,6way,0.0,10,5G,-82,89.0,-12.0,0.0097716292595515,40.30548659213574,21.80864083812008,Intentional
User_14,2025-12-27 17:28:34,0.393,0.9274,Driving,Spinari,Driving_Under_Influence,1way,0.0,10,3G,-104,12.0,20.0,0.0065555150979419,40.279503408220435,21.753035336619675,Intentional
User_01,2025-12-27 17:29:47,0.619,0.9928,Swimming,Zep,Driving_Under_Influence,2way,4.0,10,WiFi,-50,59.0,11.0,0.021,40.28002345072965,21.75243213208057,Intentional
User_45,2025-12-27 18:22:58,0.285,0.9933,Flying,Zep,Speeding,2way,2.0,50,5G,-88,57.0,-3.0,0.0055283447912232,40.2798551375725,21.75448692979516,Intentional
User_09,2025-12-27 18:40:26,0.307,1.0,Driving,Spinari,Driving_Under_Influence,2way,1.0,70,WiFi,-89,49.0,-15.0,0.0096279227529046,40.32328742093036,21.792438769511588,Intentional
User_86,2025-12-27 19:45:10,0.469,0.7231,Flying,Zep,Reckless_Driving,4way,0.0,10,3G,-71,13.0,-19.0,0.0068329151429673,40.279230446077534,21.751878490344613,Intentional
User_02,2025-12-27 21:27:38,0.529,1.0,Flying,Zep,Driving_Under_Influence,2way,0.0,40,WiFi,-54,95.0,9.0,0.0016067199765359,40.280698700911856,17.503352,Intentional
User_46,2025-12-27 21:46:35,0.519,1.0,Driving,Koila,Reckless_Driving,5way,0.0,10,WiFi,-74,42.0,18.0,0.0077782575627395,40.30615425976197,21.80740164600054,Intentional
User_47,2025-12-28 11:15:46,0.585,0.8312,Flying,Ligeris,Driving_Under_Influence,2way,0.0,50,4G,-114,90.0,7.0,0.0032082005304602,40.30714820208788,21.80855129452012,Intentional
User_51,2025-12-28 12:21:57,0.613,1.0,Swimming,Koila,Driving_Under_Influence,4way,1.0,20,3G,-80,8.0,0.0,0.0088010139154294,40.3216747099687,21.79090932360734,Intentional
User_74,2025-12-28 13:20:02,0.497,1.0,Swimming,Ligeris,Reckless_Driving,4way,1.0,70,3G,-74,46.0,-12.0,0.005653142335994,40.306099403067954,21.80736567320359,Intentional
User_33,2025-12-28 14:12:44,0.634,0.9362,Running,Ligeris,Reckless_Driving,6way,1.0,20,WiFi,-51,14.0,14.0,0.0027125105650905,40.30492948471725,21.809047397241144,Intentional
User_38,2025-12-28 15:37:50,0.306,1.0,Driving,Zep,Driving_Under_Influence,5way,4.0,10,4G,-119,74.0,-10.0,0.0087309150989735,40.27924949921424,21.75462711510853,Intentional
User_32,2025-12-28 19:59:08,0.464,0.743,Walking,Koila,Driving_Under_Influence,5way,4.0,40,WiFi,Ethernet,59.0,6.0,0.005653142335994,40.32138424808714,21.790693040194295,Intentional
User_68,2025-12-28 23:05:03,0.472,0.7559,Running,Koila,Speeding,6way,0.0,70,3G,-79,16.0,-13.0,0.0050798627120875,40.32323146883694,19.116775,Intentional
User_28,2025-12-28 23:22:05,0.348,1.0,Flying,Ligeris,Driving_Under_Influence,2way,0.0,60,5G,-70,1.0,4.0,0.0093606339649456,40.30649062019061,21.808377046265175,Intentional
User_05,2025-12-29 00:34:48,0.743,1.0,Flying,Ligeris,Reckless_Driving,1way,0.0,90,4G,-116,66.0,-16.0,0.0070239470105163,40.30656571679798,21.808732513873135,Intentional
User_75,2025-12-29 03:02:36,0.409,0.8971,Flying,Zep,Speeding,2way,3.0,80,5G,-74,92.0,-8.0,0.0070406822325135,40.28045062746793,21.753380413749017,Intentional
User_93,2025-12-29 05:50:11,0.588,0.7462,Flying,Zep,Driving_Under_Influence,2way,0.0,80,WiFi,-79,96.0,7.0,0.0044677263445677,40.27993250261047,21.754219788431936,Intentional
User_61,2025-12-29 06:54:22,0.546,0.8047,Swimming,Koila,Driving_Under_Influence,1way,1.0,30,WiFi,-63,82.0,0.0,0.0031632801129254,40.32230863536286,21.791659425147916,Intentional
User_45,2025-12-29 07:50:27,0.285,0.9973,Running,Center,Speeding,1way,3.0,60,3G,-100,70.0,-15.0,0.0078306396476395,40.30622577714144,21.80871487873951,Intentional
User_89,2025-12-29 09:45:44,0.336,0.7381,Swimming,Koila,Driving_Under_Influence,1way,1.0,30,3G,-86,89.0,12.0,0.0075687723598655,40.32224248750132,21.79157912107729,Intentional
User_06,2025-12-29 17:01:11,0.584,1.0,Flying,Zep,Driving_Under_Influence,1way,0.0,70,5G,-87,93.0,9.0,0.003205835429273,40.280324470492495,22.390109,Intentional
User_91,2025-12-29 17:24:36,0.587,1.0,Driving,Koila,Reckless_Driving,5way,0.0,40,5G,-110,20.0,20.0,0.0058455978914283,40.32222980296402,21.78993638056128,Intentional
User_11,2025-12-29 17:52:14,0.602,1.0,Driving,Zep,Speeding,5way,1.0,80,5G,-90,99.0,-2.0,0.0062820741911669,40.27809905597237,21.752401707344134,Intentional
User_98,2025-12-30 01:07:33,0.46,0.8788,Flying,Ligeris,Driving_Under_Influence,2way,0.0,30,3G,-103,9.0,-6.0,0.0092026993885843,40.30594135400386,21.80741899966911,Intentional
User_11,2025-12-30 02:01:45,0.602,1.0,Driving,Spinari,Reckless_Driving,4way,0.0,50,3G,-77,74.0,-8.0,0.0069783842323492,40.278560630169544,21.754953842242102,Intentional
User_37,2025-12-30 02:08:51,0.306,1.0,Running,Ligeris,Driving_Under_Influence,6way,4.0,80,WiFi,-67,41.0,-6.0,0.002046269948778,40.30610773704782,21.807206794528852,Intentional
User_21,2025-12-30 05:07:14,0.303,0.7392,Flying,Zep,Driving_Under_Influence,2way,0.0,50,5G,-100,25.0,-6.0,0.0051769737590818,41.204281,21.75330901177197,Intentional
User_88,2025-12-30 07:32:09,0.471,0.8527,Running,Ligeris,Driving_Under_Influence,6way,1.0,10,5G,-76,5.0,-11.0,0.0036827422531449,40.3057658738451,21.808744210521052,Intentional
User_23,2025-12-30 08:50:41,0.458,0.876,Walking,Center,Reckless_Driving,1way,0.0,30,5G,Ethernet,20.0,13.0,0.0067211214035159,40.32182700251292,21.791193901839467,Intentional
User_14,2025-12-30 10:29:17,0.393,0.9334,Walking,Center,Driving_Under_Influence,2way,4.0,30,4G,Satellite,47.0,3.0,0.0035480633831484,40.27957469454565,21.75337747019528,Intentional
User_36,2025-12-30 13:00:47,0.563,1.0,Flying,Zep,Reckless_Driving,4way,1.0,10,3G,-80,-49.0,-3.0,0.0065706445474332,40.28028625219964,21.754709528102488,Intentional
User_83,2025-12-30 13:06:40,0.309,1.0,Driving,Spinari,Reckless_Driving,1way,0.0,30,5G,-82,11.0,6.0,0.0089967245844807,40.279863523163826,21.75399720594841,Intentional
User_54,2025-12-30 14:55:11,0.327,1.0,Walking,Zep,Driving_Under_Influence,5way,0.0,50,5G,-113,75.0,-10.0,0.0041761009027918,40.27979978227717,21.75282087351561,Intentional
User_99,2025-12-30 16:11:54,0.465,0.9364,Swimming,Ligeris,Speeding,2way,3.0,10,3G,-99,-124.0,7.0,0.001023679129679,40.30794521212448,21.807417551179892,Intentional
User_26,2025-12-30 17:39:12,0.408,0.9755,Walking,Ligeris,Driving_Under_Influence,5way,0.0,40,3G,-91,56.0,6.0,0.0047987120233923,40.30624431063462,21.807485307336925,Intentional
User_44,2025-12-30 19:26:57,0.332,0.8106,Walking,Spinari,Speeding,2way,0.0,30,3G,-88,64.0,5.0,0.0063652276310458,40.30451145415897,22.331427,Intentional
User_49,2025-12-31 06:33:25,0.637,1.0,Walking,Ligeris,Reckless_Driving,5way,0.0,80,3G,-82,6.0,10.0,0.0091989058203437,37.765028,21.807977161381014,Intentional
User_48,2025-12-31 08:12:18,0.599,0.9964,Running,Zep,Reckless_Driving,5way,0.0,70,WiFi,-82,48.0,-3.0,0.0025395584535044,40.27791407629185,21.75362330485911,Intentional
User_64,2025-12-31 11:12:21,0.511,1.0,Walking,Zep,Driving_Under_Influence,5way,2.0,70,3G,-96,94.0,8.0,0.0028085744988306,40.27941921934727,21.754398871431725,Intentional
User_53,2025-12-31 12:16:15,0.313,0.8276,Flying,Koila,Speeding,2way,0.0,50,3G,-120,48.0,23.0,0.002106886369217,40.32236425375338,21.791256784153244,Intentional
User_94,2025-12-31 20:11:23,0.46,0.829,Running,Koila,Driving_Under_Influence,5way,0.0,30,WiFi,-88,49.0,-6.0,0.0048828238593448,40.3217570936518,18.825862,Intentional
User_98,2025-12-31 20:58:44,0.46,0.5641,Swimming,Ligeris,Driving_Under_Influence,2way,1.0,70,5G,-86,75.0,15.0,0.0034459283673765,40.30547914225187,21.80854130428268,Intentional
