User_Id,Timestamp,User_Reputation,User_Experience,User_Activity,University_Area,Violation_Type,Road_Type,Road_Accident,Speed_Limit,Internet_Connection,Internet_Signal_Strength,Battery_Percentage,Accelerometer_Range,Accelerometer_Resolution,Latitude,Longitude,True_Class
User_37,2025-01-01 02:07:14,0.306,0.2764,Walking,Zep,Speeding,4way,0.0,10,3G,-84,81.0,-1.0,0.028,40.27965760760355,21.75328208315305,Unintentional
User_28,2025-01-01 04:34:24,0.348,0.3103,Running,Zep,Speeding,2way,4.0,60,WiFi,-82,58.0,-5.0,0.035,40.27983547513539,21.753891158926848,Unintentional
User_57,2025-01-01 06:16:47,0.372,0.1122,Walking,Zep,Driving_Under_Influence,1way,1.0,Lane_Discards,5G,-95,20.0,-23.0,0.0027499311125422,40.279419595526115,21.753855159651664,Unintentional
User_73,2025-01-01 10:53:21,0.325,0.1907,Walking,Zep,Driving_Under_Influence,2way,4.0,Lane_Discards,3G,-98,22.0,-12.0,0.044,40.2799143532752,21.75428778638647,Unintentional
User_09,2025-01-01 13:08:42,0.307,0.3868,Running,Ligeris,Reckless_Driving,2way,0.0,30,4G,-112,23.0,20.0,0.0045019324827605,40.30544296792949,21.805440402201462,Unintentional
User_14,2025-01-01 17:54:12,0.393,0.2084,Walking,Ligeris,Driving_Under_Influence,2way,0.0,60,WiFi,-79,51.0,-5.0,0.022,40.30496887066605,21.807453753923024,Unintentional
User_28,2025-01-01 20:44:22,0.348,0.3113,Walking,Ligeris,Driving_Under_Influence,1way,1.0,60,4G,-88,28.0,-14.0,0.024,40.306230115631266,21.806570964426783,Unintentional
User_80,2025-01-01 23:07:23,0.704,0.1617,Driving,Zep,Driving_Under_Influence,4way,0.0,50,4G,-118,72.0,0.0,0.026,40.27891111182369,21.752822811493107,Unintentional
User_96,2025-01-01 23:53:51,0.261,0.2591,Driving,Ligeris,Driving_Under_Influence,4way,1.0,30,3G,-82,83.0,-21.0,0.0057270435040705,40.30675150189219,21.806216756928112,Unintentional
User_57,2025-01-02 01:31:55,0.372,0.1142,Walking,Zep,Reckless_Driving,4way,1.0,110,WiFi,-86,95.0,-2.0,0.024,40.278857702332346,21.751190238989256,Unintentional
User_73,2025-01-02 04:24:33,0.325,0.1927,Walking,Ligeris,Driving_Under_Influence,1way,1.0,70,4G,-97,66.0,24.0,0.0019823649997798,40.30572360998433,21.80709392124395,Unintentional
User_86,2025-01-02 07:06:42,0.469,0.0041,Walking,Zep,Reckless_Driving,2way,0.0,90,3G,-86,99.0,-12.0,0.029,40.279674032979315,21.753543846353825,Unintentional
User_53,2025-01-02 11:00:29,0.313,0.1016,Driving,Ligeris,Reckless_Driving,2way,0.0,30,3G,-96,76.0,-25.0,0.0095612938847609,40.3050733306487,21.807389365844298,Unintentional
User_62,2025-01-02 12:02:20,0.366,0.1112,Running,Zep,Reckless_Driving,2way,0.0,40,5G,-70,68.0,-6.0,0.032,40.2779261836122,21.753978739568527,Unintentional
User_50,2025-01-02 13:49:32,0.398,0.2346,Walking,Zep,Driving_Under_Influence,4way,0.0,40,5G,-100,33.0,-22.0,0.0048190843633004,40.306230115631266,21.75363900846699,Unintentional
User_30,2025-01-02 19:34:47,0.413,0.0934,Driving,Zep,Driving_Under_Influence,4way,0.0,110,5G,-98,53.0,-20.0,0.0032631223137521,40.27840271063402,21.752883004980287,Unintentional
User_59,2025-01-02 21:05:35,0.265,0.1812,Walking,Zep,Driving_Under_Influence,4way,0.0,60,WiFi,-56,70.0,18.0,0.0083080514997217,40.306230115631266,21.752966899136283,Unintentional
User_37,2025-01-02 21:35:33,0.306,0.2794,Running,Koila,Speeding,1way,2.0,80,3G,-89,99.0,-20.0,0.0085971918475749,40.32069456664279,21.7918964968387,Unintentional
User_49,2025-01-02 23:56:53,0.637,0.3443,Running,Zep,Reckless_Driving,2way,0.0,60,WiFi,-62,13.0,-24.0,0.0039977663688552,40.279540251127976,21.752870005032246,Unintentional
User_17,2025-01-03 05:03:18,0.631,0.1448,Driving,Koila,Reckless_Driving,4way,0.0,40,5G,-109,23.0,16.0,0.037,40.32193520942919,21.791024817848044,Unintentional
User_69,2025-01-03 06:43:07,0.34,0.3651,Walking,Ligeris,Reckless_Driving,2way,4.0,60,4G,-109,50.0,-11.0,0.025,40.304876644013376,21.8068286973096,Unintentional
User_83,2025-01-03 07:55:28,0.309,0.3635,Running,Koila,6,2way,1.0,80,WiFi,-88,22.0,-23.0,0.002502469319135,40.322194032476595,21.792917732439193,Unintentional
User_73,2025-01-03 08:12:06,0.325,0.1957,Driving,Ligeris,Driving_Under_Influence,2way,0.0,10,WiFi,-79,85.0,-3.0,0.049,40.30460903283356,21.807331059747263,Unintentional
User_18,2025-01-03 18:32:21,0.251,0.3955,Running,Koila,Speeding,2way,1.0,40,3G,-95,5.0,24.0,0.0094876157621507,40.32154138363786,21.791607260440443,Unintentional
User_93,2025-01-03 19:14:12,0.588,0.0252,Running,Zep,Speeding,2way,0.0,60,3G,-101,92.0,14.0,0.03,40.27817224484101,21.75238773955404,Unintentional
User_66,2025-01-03 21:17:21,0.28,0.2347,Running,Zep,Driving_Under_Influence,1way,2.0,70,3G,-104,55.0,1.0,0.036,40.27826545716893,21.752876353450908,Unintentional
User_52,2025-01-03 21:21:11,0.544,0.0822,Driving,Zep,Speeding,2way,3.0,50,WiFi,-58,55.0,9.0,0.038,40.27848546336629,21.751907569418627,Unintentional
User_45,2025-01-03 23:33:08,0.285,0.2783,Running,Koila,Driving_Under_Influence,1way,1.0,50,WiFi,-79,92.0,-12.0,0.034,40.321515440181784,21.79009227969348,Unintentional
User_86,2025-01-04 03:50:43,0.469,0.0081,Driving,Koila,Reckless_Driving,4way,0.0,20,WiFi,-70,29.0,-21.0,0.0088792693885436,40.32121632980039,21.791999891499135,Unintentional
User_91,2025-01-04 05:06:29,0.587,0.3108,Running,Ligeris,Driving_Under_Influence,2way,0.0,30,WiFi,-57,86.0,-20.0,0.0053502928771593,40.304673586745366,21.80715580479839,Unintentional
User_23,2025-01-04 07:34:22,0.458,0.155,Walking,Koila,6,2way,1.0,80,3G,-90,39.0,20.0,0.0032565777756352,40.32251699706442,21.79165515874273,Unintentional
User_98,2025-01-04 14:34:45,0.46,0.1588,Driving,Zep,Reckless_Driving,2way,0.0,10,WiFi,-51,93.0,-24.0,0.0075477883207367,40.279880098595946,21.791256784153244,Unintentional
User_43,2025-01-04 15:59:34,0.416,0.1657,Walking,Zep,Speeding,4way,0.0,80,WiFi,-73,67.0,0.0,0.049,40.278390899258575,21.751620703598135,Unintentional
User_88,2025-01-04 16:41:31,0.471,0.1337,Running,Zep,Reckless_Driving,1way,2.0,80,4G,-91,29.0,-3.0,0.04,40.28033267054457,21.753290805169502,Unintentional
User_49,2025-01-04 21:09:37,0.637,0.3483,Driving,Ligeris,Driving_Under_Influence,1way,4.0,30,5G,-87,63.0,19.0,0.0081667640531073,40.30628143050001,21.80614321960581,Unintentional
User_24,2025-01-04 21:56:39,0.445,0.0896,Walking,Zep,Driving_Under_Influence,4way,0.0,30,4G,-91,15.0,16.0,0.022,40.27854642750859,21.753088298783783,Unintentional
User_19,2025-01-05 01:27:39,0.745,0.3895,Driving,Zep,Driving_Under_Influence,2way,1.0,40,3G,-103,65.0,9.0,0.021,40.27905557479244,21.75405162684458,Unintentional
User_99,2025-01-05 11:05:22,0.465,0.2184,Driving,Zep,Driving_Under_Influence,1way,5.0,80,4G,-94,42.0,18.0,0.0055882408899186,40.27997480854033,21.753341214145863,Unintentional
User_76,2025-01-05 12:06:20,0.355,0.2081,Running,Koila,Driving_Under_Influence,2way,1.0,80,4G,-120,18.0,0.0,0.029,40.32232115192278,21.78958730450319,Unintentional
User_33,2025-01-05 15:23:14,0.634,0.5641,Driving,Ligeris,Reckless_Driving,2way,2.0,80,WiFi,-88,49.0,-2.0,0.03,40.306053926713545,21.806263713254875,Unintentional
User_35,2025-01-05 17:38:48,0.274,0.0892,Walking,Ligeris,Driving_Under_Influence,1way,3.0,110,WiFi,-79,65.0,25.0,0.0010372276051876,40.30750282484101,21.808208855260595,Unintentional
User_12,2025-01-05 21:23:26,0.67,0.3612,Walking,Koila,Speeding,2way,4.0,80,3G,-117,48.0,4.0,0.046,40.32235040515365,21.79143544598669,Unintentional
User_91,2025-01-05 22:26:19,0.587,0.3138,Walking,Zep,Speeding,2way,1.0,10,4G,-82,68.0,-24.0,0.0082534550112511,40.27977260633457,21.753571487528408,Unintentional
User_10,2025-01-06 00:03:04,0.315,0.3608,Running,Ligeris,Driving_Under_Influence,1way,0.0,10,4G,-81,83.0,13.0,0.021,40.30645337356767,21.805398228974063,Unintentional
User_96,2025-01-06 00:42:56,0.261,0.2681,Driving,Ligeris,Driving_Under_Influence,1way,1.0,70,5G,-110,95.0,6.0,0.037,40.30639681156524,21.80864422982067,Unintentional
User_06,2025-01-06 02:59:27,0.584,0.3785,Walking,Zep,Reckless_Driving,2way,1.0,20,3G,-76,66.0,20.0,0.0040174119030218,40.27960889618741,21.753511589099737,Unintentional
User_38,2025-01-06 03:20:37,0.306,0.3161,Running,Ligeris,Driving_Under_Influence,2way,0.0,40,WiFi,-89,31.0,-20.0,0.00611395442324,40.30557383724276,21.80625137827359,Unintentional
User_99,2025-01-06 03:49:09,0.465,0.2204,Walking,Zep,Reckless_Driving,2way,3.0,80,WiFi,-82,6.0,23.0,0.0068931840274906,40.27995002252248,21.752891048581613,Unintentional
User_94,2025-01-06 04:15:08,0.681,0.111,Driving,Zep,7,1way,5.0,80,5G,-88,9.0,-20.0,0.0081448248328615,40.27902975353774,21.752179936639383,Unintentional
User_58,2025-01-06 06:08:48,0.465,0.044,Running,Ligeris,Reckless_Driving,1way,1.0,40,5G,-111,53.0,4.0,0.045,40.30622733561922,21.807487406351136,Unintentional
User_72,2025-01-06 13:44:52,0.567,0.0515,Walking,Ligeris,6,2way,0.0,30,4G,-120,66.0,25.0,0.0089712042840714,40.306093140445874,21.806798536584843,Unintentional
User_26,2025-01-06 13:48:38,0.408,0.2595,Walking,Ligeris,Reckless_Driving,1way,2.0,80,3G,-74,91.0,7.0,0.04,40.30655147932659,21.806624133437936,Unintentional
User_88,2025-01-06 15:57:32,0.471,0.1377,Walking,Zep,Driving_Under_Influence,2way,0.0,10,5G,-85,49.0,19.0,0.0072935582344524,40.27957834365622,21.75257741757348,Unintentional
User_97,2025-01-06 21:48:41,0.337,0.2913,Driving,Koila,Driving_Under_Influence,1way,2.0,40,WiFi,-72,51.0,-21.0,0.0079370176709169,40.32238576353912,21.79307929580835,Unintentional
User_39,2025-01-07 04:26:58,0.598,0.1607,Walking,Ligeris,Driving_Under_Influence,2way,2.0,30,WiFi,-68,56.0,20.0,0.0073733061803461,40.30545671711345,21.80900094563684,Unintentional
User_02,2025-01-07 04:35:35,0.529,0.3126,Walking,Zep,Speeding,2way,0.0,20,4G,-112,59.0,-17.0,0.0044996585849534,40.27870786338489,21.75263436120477,Unintentional
User_19,2025-01-07 08:22:28,0.745,0.3935,Driving,Koila,Driving_Under_Influence,1way,4.0,10,5G,-98,2.0,22.0,0.006573784201064,40.32265081507454,21.79048838406856,Unintentional
User_46,2025-01-07 09:36:48,0.519,0.3546,Running,Ligeris,Speeding,2way,2.0,20,4G,-95,10.0,-21.0,0.0050731114201474,40.305769201207994,21.80790197867388,Unintentional
User_05,2025-01-07 13:18:07,0.743,0.3087,Driving,Koila,Speeding,2way,0.0,60,3G,-110,72.0,13.0,0.027,40.32243903552889,21.792269738068477,Unintentional
User_79,2025-01-08 02:18:15,0.389,0.132,Walking,Zep,Speeding,4way,0.0,60,WiFi,-51,38.0,9.0,0.037,40.27984521553721,21.75099106856854,Unintentional
User_89,2025-01-08 03:43:00,0.336,0.0271,Driving,Ligeris,Speeding,2way,0.0,50,WiFi,-61,43.0,-25.0,0.0047986119537372,40.30766939455555,21.80818076156951,Unintentional
User_77,2025-01-08 04:04:14,0.428,0.0325,Walking,Ligeris,7,1way,1.0,20,4G,-119,1.0,-18.0,0.0087373865604527,40.307337270009896,21.808173475343505,Unintentional
User_80,2025-01-08 05:04:18,0.704,0.1747,Walking,Ligeris,Reckless_Driving,2way,4.0,80,4G,-119,92.0,18.0,0.0039050353386117,40.304942521960896,21.808207446495892,Unintentional
User_18,2025-01-08 09:55:32,0.251,0.4055,Running,Zep,Driving_Under_Influence,4way,0.0,30,4G,-90,35.0,-12.0,0.03,40.28010235746935,21.753508019055683,Unintentional
User_90,2025-01-08 13:19:47,0.525,0.0758,Driving,Ligeris,Reckless_Driving,4way,1.0,20,3G,-77,49.0,12.0,0.021,40.30508919488744,21.80917309100924,Unintentional
User_91,2025-01-08 14:33:00,0.587,0.3198,Running,Koila,Driving_Under_Influence,2way,0.0,70,WiFi,-69,91.0,-3.0,0.032,40.322204439378474,21.790895997740364,Unintentional
User_48,2025-01-08 15:05:27,0.599,0.2824,Walking,Zep,Reckless_Driving,4way,4.0,90,WiFi,-58,21.0,18.0,0.0021862187485606,40.280138853577434,21.75116219893393,Unintentional
User_11,2025-01-08 19:16:56,0.602,0.332,Running,Ligeris,Reckless_Driving,2way,1.0,20,4G,-103,65.0,-22.0,0.0067683027586223,40.306530178814995,21.805616672268727,Unintentional
User_29,2025-01-08 20:29:27,0.415,0.1794,Driving,Zep,Speeding,1way,1.0,10,3G,-76,39.0,-22.0,0.0016939860550281,40.277991141232675,21.753494126063185,Unintentional
User_86,2025-01-08 23:42:34,0.469,0.0171,Driving,Zep,Driving_Under_Influence,1way,1.0,40,5G,-89,50.0,-4.0,0.038,40.2793108492318,21.75183379937765,Unintentional
User_92,2025-01-09 00:05:32,0.694,0.1922,Walking,Koila,Reckless_Driving,1way,2.0,50,3G,-115,72.0,9.0,0.041,40.32209522710168,21.79305278508849,Unintentional
User_78,2025-01-09 00:31:45,0.347,0.2556,Driving,Zep,Speeding,2way,160.0,20,4G,-93,64.0,-13.0,0.043,40.279498399071706,21.753336897217824,Unintentional
User_48,2025-01-09 02:13:12,0.599,0.2844,Running,Koila,Speeding,1way,1.0,30,5G,-117,7.0,-21.0,0.0071380224980278,40.323242817835904,21.793058204342792,Unintentional
User_20,2025-01-09 04:52:54,0.334,0.3381,Driving,Ligeris,Driving_Under_Influence,1way,0.0,70,5G,-87,75.0,-24.0,0.0013312734786039,40.30649678054179,21.809447965364196,Unintentional
User_55,2025-01-09 10:36:11,0.447,0.3534,Walking,Ligeris,Speeding,2way,2.0,30,3G,-92,8.0,25.0,0.0069548873371269,40.30646385207646,21.80740727144696,Unintentional
User_78,2025-01-09 11:51:45,0.347,0.2566,Walking,Koila,6,4way,0.0,60,WiFi,-83,50.0,20.0,0.0091074442893771,40.32079299301878,21.790436204606603,Unintentional
User_50,2025-01-09 12:04:28,0.398,0.2486,Walking,Zep,Driving_Under_Influence,4way,1.0,80,5G,-107,49.0,-19.0,0.0041348257805848,40.279028336011464,21.75278632721347,Unintentional
User_75,2025-01-09 20:22:56,0.409,0.1891,Walking,Koila,Driving_Under_Influence,1way,0.0,40,3G,-114,2.0,24.0,0.005653142335994,40.32207683910636,21.79147651474772,Unintentional
User_57,2025-01-09 22:46:58,0.372,0.1292,Running,Koila,Speeding,2way,0.0,70,5G,-76,49.0,7.0,0.021,40.32229956626286,21.791231129447468,Unintentional
User_06,2025-01-10 08:54:02,0.584,0.3865,Driving,Koila,Speeding,4way,0.0,40,3G,-102,62.0,-12.0,0.05,40.32200297162221,21.790109820435617,Unintentional
User_74,2025-01-10 08:57:55,0.497,0.3754,Running,Zep,Driving_Under_Influence,1way,1.0,30,3G,-93,5.0,-23.0,0.0079805508948773,40.279900050278826,21.75295408291797,Unintentional
User_92,2025-01-10 13:07:40,0.694,0.1942,Walking,Ligeris,Driving_Under_Influence,1way,0.0,30,WiFi,-88,62.0,15.0,0.04,40.306944980053345,21.806182717585475,Unintentional
User_61,2025-01-10 13:59:26,0.546,0.0997,Driving,Ligeris,Driving_Under_Influence,1way,0.0,50,4G,-99,20.0,-21.0,0.0079370109144315,40.30458066911877,21.807179704043776,Unintentional
User_09,2025-01-10 15:48:20,0.307,0.4048,Walking,Koila,Speeding,2way,1.0,30,5G,-91,75.0,8.0,0.044,40.32211863738255,21.791236703258612,Unintentional
User_69,2025-01-10 15:58:47,0.34,0.3781,Running,Koila,Speeding,1way,1.0,90,4G,-108,5.0,18.0,0.0021166482577329,40.322612379271135,21.79231910209845,Unintentional
User_24,2025-01-10 22:54:18,0.445,0.1016,Walking,Zep,Driving_Under_Influence,2way,2.0,40,WiFi,-87,14.0,20.0,0.0062831596448028,40.27953762377912,21.753261806914303,Unintentional
User_12,2025-01-11 03:17:05,0.46,0.3722,Walking,Ligeris,8,2way,1.0,10,WiFi,-67,56.0,11.0,0.028,40.30683389313327,21.806384902942092,Unintentional
User_34,2025-01-11 04:34:38,0.431,0.1739,Driving,Zep,Reckless_Driving,2way,0.0,90,WiFi,-79,42.0,-21.0,0.0071582923489171,40.27891218148829,21.753613578370437,Unintentional
User_42,2025-01-11 05:53:33,0.738,0.1336,Walking,Ligeris,Speeding,1way,2.0,10,4G,-118,25.0,4.0,0.038,40.30531718459263,21.805625920286857,Unintentional
User_80,2025-01-11 06:11:14,0.704,0.1807,Walking,Koila,Speeding,1way,0.0,70,4G,-80,71.0,-23.0,0.0072584474300383,40.32206590818513,21.791586237815142,Unintentional
User_49,2025-01-11 06:45:40,0.637,0.3613,Walking,Koila,Speeding,4way,0.0,50,5G,-77,64.0,14.0,0.036,40.3225613040825,21.792872046113605,Unintentional
User_94,2025-01-11 11:34:50,0.681,0.121,Running,Zep,6,2way,4.0,40,WiFi,-61,73.0,-20.0,0.0082514974357228,40.27936590845847,21.753424827923613,Unintentional
User_61,2025-01-11 12:49:56,0.546,0.1017,Running,Zep,Reckless_Driving,4way,1.0,Illegal_Parking,WiFi,-90,41.0,-12.0,0.034,40.278900761698424,21.75280732654037,Unintentional
User_04,2025-01-11 16:30:13,0.662,0.0737,Driving,Koila,Reckless_Driving,1way,3.0,70,5G,-105,71.0,21.0,0.0017322034850556,40.32272192564245,21.789655084424354,Unintentional
User_29,2025-01-11 17:49:18,0.415,0.1844,Driving,Zep,Speeding,1way,3.0,30,3G,-74,17.0,4.0,0.049,40.27962382077361,21.791256784153244,Unintentional
User_30,2025-01-11 19:39:16,0.413,0.1114,Driving,Zep,Driving_Under_Influence,2way,3.0,20,3G,-90,70.0,-10.0,0.029,40.27945669228737,21.75291130472932,Unintentional
User_68,2025-01-11 21:15:40,0.472,0.0539,Walking,Koila,Speeding,2way,1.0,60,4G,-109,91.0,-20.0,0.0039817767865894,40.32349528318577,21.790499886801065,Unintentional
User_83,2025-01-12 00:15:23,0.309,0.3815,Driving,Zep,Reckless_Driving,2way,1.0,80,4G,-73,15.0,6.0,0.028,40.279434269623806,21.753050794678796,Unintentional
User_19,2025-01-12 01:38:26,0.745,0.4035,Driving,Zep,Driving_Under_Influence,4way,1.0,20,WiFi,-59,16.0,19.0,0.0081374741304854,40.27928774767915,21.75458532514614,Unintentional
User_78,2025-01-12 01:51:33,0.347,0.2616,Driving,Koila,Speeding,2way,2.0,30,WiFi,-78,47.0,19.0,0.0049917012260945,40.32183474979678,21.79298701251228,Unintentional
User_03,2025-01-12 06:44:47,0.568,0.0514,Running,Koila,Reckless_Driving,1way,0.0,20,5G,-106,93.0,23.0,0.0066160276217924,40.32180264504637,21.791704468239026,Unintentional
User_38,2025-01-12 14:36:43,0.306,0.3291,Running,Zep,Driving_Under_Influence,2way,0.0,30,5G,-118,9.0,8.0,0.031,40.27916575575518,21.75129328191843,Unintentional
User_51,2025-01-12 14:51:52,0.613,0.404,Running,Koila,Speeding,1way,4.0,50,3G,-99,39.0,6.0,0.022,40.3216041571168,21.789395417529313,Unintentional
User_96,2025-01-12 18:01:43,0.261,0.2811,Walking,Zep,Speeding,1way,0.0,20,WiFi,-73,39.0,-25.0,0.0046558120705112,40.27797791129901,21.75306964201975,Unintentional
User_32,2025-01-12 21:36:33,0.464,0.043,Walking,Ligeris,8,2way,3.0,50,WiFi,-73,16.0,13.0,0.023,40.30545288000325,21.80556191722035,Unintentional
User_34,2025-01-13 05:07:54,0.431,0.1789,Running,Koila,Reckless_Driving,2way,0.0,30,WiFi,-73,69.0,-24.0,0.0073153334045699,40.32153209781802,21.79198585854979,Unintentional
User_88,2025-01-13 06:47:23,0.471,0.1507,Walking,Ligeris,Speeding,1way,2.0,60,WiFi,-87,5.0,3.0,0.024,40.305803206309726,21.80779894875032,Unintentional
User_20,2025-01-13 11:14:34,0.334,0.3471,Driving,Ligeris,Reckless_Driving,1way,5.0,60,4G,-120,45.0,-12.0,0.033,40.30610908471978,21.80696915200379,Unintentional
User_83,2025-01-13 13:26:20,0.309,0.3845,Driving,Ligeris,Reckless_Driving,2way,0.0,50,WiFi,-83,62.0,-14.0,0.032,40.30559520288283,21.807471574367725,Unintentional
User_04,2025-01-13 13:47:08,0.662,0.0777,Walking,Koila,Reckless_Driving,2way,1.0,40,WiFi,-112,37.0,12.0,0.046,40.32172797598608,21.79196452197387,Unintentional
User_35,2025-01-13 14:43:37,0.274,0.1052,Walking,Zep,Reckless_Driving,1way,0.0,20,WiFi,-68,89.0,22.0,0.009123065464228,40.27932471850213,21.753255620826614,Unintentional
User_25,2025-01-13 18:11:46,0.408,0.1618,Driving,Ligeris,Driving_Under_Influence,2way,1.0,30,4G,-97,49.0,6.0,0.032,40.305985979271355,21.80968275387362,Unintentional
User_05,2025-01-13 20:36:37,0.743,0.3217,Running,Zep,Speeding,2way,5.0,80,5G,-76,66.0,19.0,0.0050747091693748,40.27856246724194,21.754833406674138,Unintentional
User_41,2025-01-14 00:00:12,0.628,0.1881,Running,Koila,Speeding,1way,150.0,20,4G,-117,10.0,5.0,0.035,40.32176719642677,21.790869893011493,Unintentional
User_18,2025-01-14 00:26:14,0.251,0.4165,Running,Koila,Driving_Under_Influence,2way,0.0,30,4G,-95,69.0,18.0,0.00317423146556,40.32228411223779,21.790520593618083,Unintentional
User_90,2025-01-14 07:54:16,0.525,0.0868,Walking,Ligeris,Speeding,4way,0.0,70,5G,-119,1.0,-18.0,0.0048342146193205,40.30720592848039,21.807773459600604,Unintentional
User_36,2025-01-14 15:44:30,0.563,0.4149,Walking,Zep,Driving_Under_Influence,2way,1.0,10,4G,-101,58.0,21.0,0.0048550298446907,40.279933146258685,21.75548754755839,Unintentional
User_77,2025-01-14 16:02:48,0.428,0.0445,Driving,Koila,Driving_Under_Influence,2way,0.0,30,WiFi,-58,11.0,19.0,0.0040229084311039,40.3221569120439,21.790921692633876,Unintentional
User_21,2025-01-14 19:38:48,0.303,0.0402,Walking,Zep,Driving_Under_Influence,1way,1.0,20,4G,-99,20.0,-7.0,0.038,40.27833150377619,21.753390542891452,Unintentional
User_18,2025-01-15 02:00:44,0.46,0.4185,Walking,Koila,Speeding,4way,0.0,40,WiFi,-82,77.0,25.0,0.0076854431692718,40.32221343868799,21.79137642015961,Unintentional
User_99,2025-01-15 03:22:14,0.465,0.2384,Driving,Ligeris,Speeding,2way,0.0,70,4G,-104,12.0,23.0,0.0081810854358735,40.30778121223801,21.80764833900322,Unintentional
User_64,2025-01-15 04:17:20,0.511,0.3798,Walking,Koila,Reckless_Driving,2way,0.0,80,3G,-89,55.0,-21.0,0.0060509244864324,40.322310828034105,21.791766964673503,Unintentional
User_85,2025-01-15 12:19:01,0.254,0.1553,Driving,Zep,7,2way,1.0,50,WiFi,-54,42.0,-25.0,0.0017058991141186,40.27920921609656,21.751923099719164,Unintentional
User_17,2025-01-15 17:17:26,0.631,0.1698,Driving,Koila,Reckless_Driving,1way,2.0,50,4G,-86,0.0,-21.0,0.0047062503557401,40.321898745336846,21.79094439301228,Unintentional
User_38,2025-01-15 20:08:20,0.306,0.3341,Walking,Zep,Driving_Under_Influence,1way,140.0,40,WiFi,-68,81.0,-22.0,0.0055075526695975,40.2798750154286,21.75323100412083,Unintentional
User_03,2025-01-15 21:36:52,0.568,0.0574,Driving,Koila,Driving_Under_Influence,1way,0.0,10,3G,-78,81.0,1.0,0.044,40.32321101608796,21.790843117234044,Unintentional
User_12,2025-01-15 22:52:25,0.67,0.3812,Running,Koila,Speeding,2way,2.0,70,WiFi,-58,8.0,-20.0,0.0041516910673631,40.32201780028189,21.791320336473653,Unintentional
User_35,2025-01-16 01:36:35,0.274,0.1102,Walking,Koila,Reckless_Driving,2way,5.0,30,4G,-84,7.0,13.0,0.041,40.321616974904835,21.79135679628472,Unintentional
User_68,2025-01-16 05:32:39,0.472,0.0629,Running,Koila,Reckless_Driving,1way,3.0,30,4G,-74,29.0,-18.0,0.005730902109703,40.32299480825472,21.789277668335032,Unintentional
User_33,2025-01-16 07:47:06,0.634,0.2442,Driving,Zep,Speeding,1way,1.0,10,3G,-72,35.0,-24.0,0.0032739510111297,40.279409893955474,21.75196134361159,Unintentional
User_84,2025-01-16 07:52:25,0.527,0.1037,Running,Koila,Reckless_Driving,2way,2.0,70,4G,-116,64.0,11.0,0.046,40.32150880712182,21.79107677859531,Unintentional
User_69,2025-01-16 09:55:31,0.34,0.3911,Walking,Koila,Driving_Under_Influence,2way,0.0,10,4G,-80,53.0,-15.0,0.048,40.322205182454624,21.790930595154663,Unintentional
User_76,2025-01-16 12:55:14,0.355,0.2301,Running,Koila,Driving_Under_Influence,1way,2.0,80,5G,-118,76.0,20.0,0.0028882737796932,40.32284608885726,21.792435572333748,Unintentional
User_01,2025-01-16 15:45:01,0.619,0.3028,Walking,Koila,Driving_Under_Influence,4way,0.0,20,4G,-101,87.0,24.0,0.0030648055943527,40.323734873634514,21.790795857831583,Unintentional
User_28,2025-01-16 15:54:19,0.348,0.3413,Driving,Ligeris,Speeding,1way,0.0,50,5G,-105,10.0,-4.0,0.039,40.306254514770984,21.805733234913166,Unintentional
User_03,2025-01-16 17:59:21,0.568,0.0604,Driving,Zep,Reckless_Driving,4way,0.0,Lane_Discards,3G,-88,2.0,7.0,0.029,40.2793381891921,21.752334915937933,Unintentional
User_64,2025-01-16 18:46:33,0.511,0.3818,Driving,Koila,Driving_Under_Influence,4way,1.0,20,WiFi,-104,29.0,-7.0,0.034,40.32201089603278,21.7917755144075,Unintentional
User_59,2025-01-16 21:29:09,0.265,0.2082,Walking,Ligeris,Speeding,2way,3.0,40,5G,-106,0.0,-13.0,0.049,40.30690963051063,21.80593779434268,Unintentional
User_57,2025-01-16 23:13:06,0.372,0.1432,Walking,Zep,Speeding,2way,1.0,10,4G,-120,43.0,12.0,0.024,40.279543333322266,21.75325387908542,Unintentional
User_55,2025-01-17 04:06:07,0.447,0.3684,Driving,Ligeris,Driving_Under_Influence,4way,2.0,50,WiFi,-67,10.0,-21.0,0.0064887040805295,40.30615356731136,21.807489642711612,Unintentional
User_35,2025-01-17 06:18:12,0.274,0.1132,Walking,Zep,Reckless_Driving,4way,2.0,50,4G,-106,2.0,-19.0,0.0095963873112282,40.27965825134512,21.75377159857806,Unintentional
User_84,2025-01-17 07:18:31,0.527,0.1057,Driving,Zep,Reckless_Driving,4way,0.0,50,4G,-110,47.0,-5.0,0.04,40.27865804787755,21.752221318084853,Unintentional
User_87,2025-01-17 10:26:10,0.709,0.4142,Driving,Ligeris,Driving_Under_Influence,2way,1.0,80,WiFi,-66,85.0,6.0,0.042,40.30755750215172,21.806938983461784,Unintentional
User_53,2025-01-17 13:13:35,0.313,0.1316,Walking,Koila,Reckless_Driving,1way,0.0,50,3G,-84,39.0,-14.0,0.035,40.32280291479716,21.79169878659502,Unintentional
User_16,2025-01-17 13:26:32,0.513,0.2397,Walking,Koila,Reckless_Driving,2way,0.0,20,5G,-119,99.0,5.0,0.038,40.322274745605704,21.792582344668073,Unintentional
User_09,2025-01-17 13:45:09,0.307,0.4188,Running,Koila,Reckless_Driving,4way,0.0,90,5G,-75,92.0,17.0,0.009236601326254,40.32177822897293,21.79208622023574,Unintentional
User_18,2025-01-17 13:55:41,0.251,0.4235,Walking,Koila,Driving_Under_Influence,2way,0.0,50,4G,-83,45.0,-14.0,0.033,40.32213731775365,21.791327852134373,Unintentional
User_59,2025-01-17 15:54:33,0.265,0.2102,Running,Zep,Reckless_Driving,1way,1.0,80,3G,-70,84.0,20.0,0.0074990859795228,40.27871717942045,21.754216002526977,Unintentional
User_38,2025-01-17 17:26:59,0.306,0.3391,Driving,Zep,Speeding,2way,0.0,40,5G,-92,67.0,-18.0,0.0092036715753607,40.28055447919873,21.751918769229977,Unintentional
User_73,2025-01-17 18:06:32,0.325,0.2227,Driving,Ligeris,Speeding,1way,2.0,60,3G,-79,49.0,16.0,0.05,40.30736798229787,21.80641642257288,Unintentional
User_32,2025-01-17 18:12:04,0.464,0.053,Walking,Zep,Speeding,2way,0.0,70,4G,-74,59.0,-17.0,0.0064516523792467,40.280622773363895,21.752644344189964,Unintentional
User_83,2025-01-17 20:34:20,0.309,0.3925,Walking,Ligeris,Speeding,2way,0.0,60,3G,-85,86.0,-21.0,0.0087474350923336,40.30623449252364,21.80732655352457,Unintentional
User_54,2025-01-17 21:33:44,0.327,0.3079,Running,Ligeris,Reckless_Driving,2way,2.0,20,WiFi,-54,33.0,20.0,0.0041285073730965,40.30592595327304,21.807617218710405,Unintentional
User_53,2025-01-17 23:38:11,0.313,0.1326,Walking,Ligeris,Speeding,1way,0.0,70,5G,-88,40.0,-21.0,0.0011825317833236,40.306191480094526,21.807933007002653,Unintentional
User_85,2025-01-18 00:21:03,0.254,0.1603,Walking,Ligeris,9,2way,0.0,30,WiFi,-86,77.0,25.0,0.001680272759492,40.30516790535925,21.809070804597603,Unintentional
User_12,2025-01-18 01:16:31,0.67,0.3872,Running,Ligeris,Driving_Under_Influence,2way,0.0,10,4G,-86,95.0,-7.0,0.039,40.30613598160316,21.80755421741705,Unintentional
User_36,2025-01-18 01:22:55,0.563,0.4229,Running,Ligeris,Reckless_Driving,4way,1.0,50,3G,-120,79.0,25.0,0.0014168842872965,40.30629429806474,21.808114041454456,Unintentional
User_27,2025-01-18 05:08:48,0.535,0.2861,Driving,Zep,Reckless_Driving,1way,0.0,10,4G,-84,75.0,-17.0,0.0068889751736868,40.27943604231286,21.753326023418463,Unintentional
User_24,2025-01-18 05:15:54,0.445,0.1176,Driving,Ligeris,Reckless_Driving,1way,1.0,30,4G,-111,38.0,-18.0,0.0037138796979725,40.30596877485064,21.80733562880008,Unintentional
User_81,2025-01-18 07:15:11,0.376,0.3175,Walking,Ligeris,Speeding,2way,1.0,20,5G,-81,54.0,-19.0,0.0019784492697476,40.30737522022091,21.80635926563037,Unintentional
User_26,2025-01-18 08:18:29,0.408,0.2835,Running,Zep,Speeding,2way,2.0,40,WiFi,-50,64.0,-18.0,0.0070053847443487,40.27930242991874,21.75364417609338,Unintentional
User_06,2025-01-18 10:09:44,0.584,0.4025,Walking,Ligeris,Driving_Under_Influence,2way,0.0,50,5G,-91,8.0,25.0,0.0078953763382142,40.30571917201197,21.808185849861047,Unintentional
User_11,2025-01-18 10:25:12,0.602,0.352,Walking,Zep,Speeding,2way,0.0,120,4G,-112,45.0,-1.0,0.041,40.27885320154533,21.75270210614036,Unintentional
User_15,2025-01-18 12:23:08,0.627,0.3421,Driving,Zep,Driving_Under_Influence,2way,0.0,80,3G,-116,99.0,-23.0,0.0079449164060973,40.27878334601468,21.75182433416271,Unintentional
User_96,2025-01-18 12:56:09,0.261,0.2921,Driving,Ligeris,Driving_Under_Influence,4way,0.0,80,3G,-85,62.0,4.0,0.024,40.30575661889427,21.807412333729467,Unintentional
User_58,2025-01-18 14:34:29,0.465,0.068,Running,Koila,Driving_Under_Influence,2way,1.0,Harassing_Driver,5G,-96,24.0,-14.0,0.029,40.32217249385637,21.7908611972544,Unintentional
User_55,2025-01-18 14:52:07,0.447,0.3704,Running,Koila,Driving_Under_Influence,1way,2.0,10,3G,-77,58.0,-16.0,0.049,40.32225316326456,21.791224734341093,Unintentional
User_80,2025-01-18 15:58:49,0.704,0.1957,Driving,Ligeris,Driving_Under_Influence,4way,0.0,50,4G,-92,53.0,-13.0,0.034,40.307327469674334,21.80730305329316,Unintentional
User_04,2025-01-18 16:50:18,0.662,0.0877,Driving,Ligeris,Driving_Under_Influence,2way,1.0,60,WiFi,-88,39.0,-19.0,0.0092387159902743,40.306866388854566,21.80776038931292,Unintentional
User_73,2025-01-18 19:21:49,0.325,0.2257,Walking,Zep,Speeding,2way,0.0,40,5G,-83,31.0,22.0,0.0030142285187532,40.27870265619719,21.754227872083,Unintentional
User_08,2025-01-18 20:44:16,0.347,0.3928,Driving,Zep,Driving_Under_Influence,2way,2.0,70,3G,-81,79.0,1.0,0.042,40.27909866658063,21.752938917677547,Unintentional
User_51,2025-01-18 21:12:30,0.613,0.416,Running,Koila,Driving_Under_Influence,1way,0.0,70,WiFi,-51,63.0,23.0,0.0032142544781917,40.3216197901153,21.791844983430085,Unintentional
User_85,2025-01-18 21:56:58,0.254,0.1613,Driving,Ligeris,Reckless_Driving,2way,1.0,30,4G,-86,57.0,-23.0,0.005653142335994,40.30668541913796,21.80564040365421,Unintentional
User_53,2025-01-18 22:55:41,0.313,0.1346,Walking,Zep,Speeding,2way,0.0,30,WiFi,-90,35.0,14.0,0.048,40.28089289085096,21.753210269554856,Unintentional
User_83,2025-01-18 23:37:48,0.309,0.3945,Running,Zep,Reckless_Driving,4way,0.0,40,3G,-115,49.0,25.0,0.0049233038373854,40.28009126167688,21.752294008499007,Unintentional
User_57,2025-01-18 23:50:47,0.372,0.1472,Walking,Ligeris,Speeding,2way,1.0,50,5G,-83,35.0,8.0,0.045,40.305929253194755,21.807644033951572,Unintentional
User_56,2025-01-19 01:35:26,0.374,0.0487,Driving,Ligeris,Speeding,2way,1.0,30,5G,-81,4.0,22.0,0.0088575955786795,40.304519432483794,21.80682102572571,Unintentional
User_85,2025-01-19 04:10:51,0.254,0.1633,Driving,Koila,Speeding,2way,0.0,50,4G,-107,87.0,-24.0,0.0088080772491895,40.32224911605999,21.791085363451938,Unintentional
User_73,2025-01-19 06:57:54,0.325,0.2267,Walking,Zep,Speeding,2way,0.0,40,4G,-106,89.0,1.0,0.035,40.27996718401556,21.754375305486285,Unintentional
User_94,2025-01-19 19:15:21,0.681,0.137,Running,Ligeris,8,2way,2.0,70,WiFi,-79,63.0,-17.0,0.0036335708241713,40.30635113664965,21.807323972865735,Unintentional
User_59,2025-01-19 19:41:40,0.265,0.2152,Running,Koila,Driving_Under_Influence,1way,0.0,50,5G,-101,15.0,-19.0,0.0078784578265542,40.32166294694923,21.79047616363494,Unintentional
User_42,2025-01-19 20:48:39,0.738,0.1506,Driving,Zep,Driving_Under_Influence,2way,0.0,20,4G,-118,78.0,-12.0,0.043,40.279093298888526,21.753528609955893,Unintentional
User_61,2025-01-19 21:37:25,0.546,0.1177,Walking,Zep,Reckless_Driving,4way,4.0,30,5G,-109,72.0,-10.0,0.032,40.27926531012118,21.7527771151028,Unintentional
User_57,2025-01-19 23:46:15,0.372,0.1492,Running,Zep,Reckless_Driving,1way,0.0,30,5G,-110,67.0,-7.0,0.039,40.27945311278701,21.753133683490994,Unintentional
User_53,2025-01-20 01:50:03,0.313,0.1376,Walking,Ligeris,Reckless_Driving,2way,2.0,40,5G,-109,70.0,25.0,0.0071033514436384,40.30773900234837,21.807728748829145,Unintentional
User_95,2025-01-20 05:45:22,0.545,0.3119,Driving,Ligeris,Speeding,2way,0.0,60,3G,-117,41.0,-21.0,0.0078515585272852,40.3065236752597,21.80914305335416,Unintentional
User_24,2025-01-20 05:58:20,0.445,0.1206,Running,Zep,Reckless_Driving,4way,0.0,30,4G,-115,31.0,20.0,0.004392648104978,40.28064867926759,21.75140413906882,Unintentional
User_18,2025-01-20 07:08:57,0.251,0.4295,Walking,Zep,Driving_Under_Influence,2way,2.0,20,WiFi,-88,56.0,-13.0,0.045,40.279456949347896,21.752203269397903,Unintentional
User_09,2025-01-20 08:36:10,0.307,0.4248,Driving,Ligeris,Driving_Under_Influence,4way,0.0,20,3G,-88,24.0,21.0,0.0011504106605611,40.30686805697197,21.806518220517415,Unintentional
User_64,2025-01-20 11:54:07,0.511,0.3898,Driving,Zep,Reckless_Driving,4way,0.0,80,WiFi,-59,57.0,25.0,0.0035561207784619,40.2797353732338,21.755085184491335,Unintentional
User_77,2025-01-20 12:23:34,0.428,0.5641,Running,Koila,Reckless_Driving,1way,0.0,20,WiFi,-72,68.0,-1.0,0.044,40.323405846619465,21.79016252224757,Unintentional
User_68,2025-01-20 17:53:48,0.472,0.0719,Running,Ligeris,Driving_Under_Influence,4way,1.0,50,WiFi,-82,3.0,-12.0,0.05,40.306230115631266,21.809167476989437,Unintentional
User_66,2025-01-20 19:33:38,0.28,0.2687,Walking,Koila,Speeding,4way,0.0,30,5G,-75,84.0,15.0,0.039,40.322372659449954,21.792684791291748,Unintentional
User_59,2025-01-21 00:56:29,0.265,0.2192,Walking,Koila,Speeding,4way,1.0,90,3G,-83,91.0,-16.0,0.044,40.279918879873144,21.7529292360408,Unintentional
User_46,2025-01-21 02:14:41,0.519,0.3816,Walking,Zep,Speeding,2way,0.0,10,4G,-100,49.0,23.0,0.0014983311941608,40.28118683839309,21.753939818602248,Unintentional
User_13,2025-01-21 03:52:53,0.75,0.2844,Driving,Koila,Driving_Under_Influence,4way,0.0,80,5G,-107,11.0,-18.0,0.0092141386749143,40.3212113938888,21.791981031863145,Unintentional
User_57,2025-01-21 06:21:43,0.372,0.1522,Walking,Koila,Speeding,2way,3.0,30,4G,-105,83.0,-22.0,0.0085943188429382,40.32052425089915,21.79164495931392,Unintentional
User_47,2025-01-21 10:47:19,0.585,0.1482,Driving,Ligeris,Reckless_Driving,1way,0.0,90,5G,-110,33.0,17.0,0.0042832407008485,40.30706783201698,21.80856030695388,Unintentional
User_71,2025-01-21 16:18:15,0.256,0.0433,Walking,Ligeris,Driving_Under_Influence,1way,0.0,40,5G,-91,87.0,7.0,0.024,40.307132284536266,21.80767067153985,Unintentional
User_93,2025-01-21 16:59:13,0.588,0.0622,Driving,Zep,Reckless_Driving,1way,0.0,70,WiFi,-87,20.0,21.0,0.0083091673083285,40.27961022300251,21.753179436830525,Unintentional
User_50,2025-01-21 18:01:59,0.398,0.2736,Walking,Ligeris,Driving_Under_Influence,4way,4.0,30,4G,-108,62.0,-14.0,0.035,40.30696408979161,21.808815792260155,Unintentional
User_28,2025-01-21 20:57:00,0.348,0.3513,Walking,Ligeris,Speeding,4way,5.0,40,3G,-89,82.0,-25.0,0.0045716425988599,40.30625124556734,21.80765938466841,Unintentional
User_79,2025-01-21 22:30:30,0.389,0.159,Running,Zep,Speeding,2way,4.0,70,4G,-114,92.0,2.0,0.036,40.279381401224825,21.755396463184095,Unintentional
User_42,2025-01-21 22:43:03,0.738,0.1546,Walking,Zep,Driving_Under_Influence,1way,1.0,60,3G,-103,95.0,24.0,0.0085406484137204,40.280024889440966,21.7516427489438,Unintentional
User_29,2025-01-22 02:29:36,0.415,0.2064,Walking,Ligeris,Driving_Under_Influence,4way,0.0,30,WiFi,-90,26.0,19.0,0.0096991213731946,40.305757447464,21.80596407721052,Unintentional
User_73,2025-01-22 02:58:07,0.325,0.2327,Running,Zep,Reckless_Driving,2way,0.0,80,3G,-117,59.0,-19.0,0.0085005805310151,40.27975256262757,21.753032509046264,Unintentional
User_03,2025-01-22 03:06:04,0.568,0.0724,Walking,Zep,8,1way,1.0,30,4G,-105,33.0,11.0,0.039,40.28020373637508,21.75323947290649,Unintentional
User_18,2025-01-22 03:43:27,0.251,0.4325,Walking,Zep,Speeding,2way,0.0,50,5G,-92,1.0,8.0,0.022,40.28033087419748,21.75369462809478,Unintentional
User_97,2025-01-22 05:47:56,0.337,0.3223,Walking,Koila,Reckless_Driving,2way,0.0,20,3G,-85,20.0,24.0,0.0024172218039414,40.322077736744745,21.79121975484452,Unintentional
User_89,2025-01-22 06:17:52,0.336,0.0551,Running,Ligeris,Driving_Under_Influence,4way,0.0,70,4G,-115,95.0,-4.0,0.039,40.30585165244851,21.807722299078268,Unintentional
User_57,2025-01-22 08:47:57,0.372,0.1542,Driving,Ligeris,Driving_Under_Influence,2way,0.0,70,4G,-99,58.0,-6.0,0.029,40.30570567482011,21.807369030214073,Unintentional
User_06,2025-01-22 10:04:17,0.584,0.4115,Walking,Zep,Driving_Under_Influence,1way,1.0,30,3G,-87,23.0,9.0,0.04,40.27940020505244,21.753413851629045,Unintentional
User_96,2025-01-22 10:16:05,0.261,0.3001,Running,Zep,Driving_Under_Influence,4way,0.0,70,3G,-107,49.0,-21.0,0.0024188248105629,40.279631430909554,21.752593879706904,Unintentional
User_61,2025-01-22 10:23:40,0.546,0.1227,Driving,Koila,Speeding,2way,0.0,20,WiFi,-55,40.0,-17.0,0.004032202166749,40.32216912971032,21.789770598956977,Unintentional
User_61,2025-01-22 10:56:03,0.546,0.1237,Driving,Koila,Driving_Under_Influence,2way,1.0,60,3G,-95,35.0,-10.0,0.042,40.321178545567584,21.790622068849288,Unintentional
User_21,2025-01-22 17:13:20,0.303,0.0562,Driving,Koila,Speeding,2way,1.0,50,5G,-93,29.0,-9.0,0.023,40.32115481933963,21.790995047348904,Unintentional
User_51,2025-01-22 22:42:35,0.613,0.424,Driving,Ligeris,Reckless_Driving,4way,0.0,10,4G,-82,39.0,24.0,0.0061363404517689,40.30735225454581,21.808507899549937,Unintentional
User_96,2025-01-22 23:25:46,0.261,0.3011,Driving,Koila,Speeding,2way,0.0,40,4G,-73,67.0,-20.0,0.0031463825488139,40.32194222049823,21.791534052905657,Unintentional
User_22,2025-01-23 04:47:22,0.413,0.0909,Driving,Ligeris,Speeding,2way,1.0,20,WiFi,-77,42.0,23.0,0.0078090322723053,40.30590540835166,21.807250549419464,Unintentional
User_100,2025-01-23 05:14:16,0.37,0.298,Driving,Ligeris,Driving_Under_Influence,1way,0.0,60,4G,-108,86.0,19.0,0.005653142335994,40.30627449818954,21.80747841476747,Unintentional
User_93,2025-01-23 07:52:35,0.588,0.0652,Running,Koila,Reckless_Driving,1way,0.0,20,4G,-83,80.0,10.0,0.038,40.30713605882992,21.805824948928446,Unintentional
User_80,2025-01-23 12:31:17,0.704,0.2057,Walking,Ligeris,Driving_Under_Influence,1way,2.0,70,WiFi,-88,21.0,0.0,0.03,40.305972052425915,21.807707927507177,Unintentional
User_43,2025-01-23 16:35:01,0.416,0.2047,Running,Zep,Speeding,4way,0.0,30,4G,-75,83.0,14.0,0.034,40.27966769524271,21.75171915614804,Unintentional
User_28,2025-01-24 00:00:30,0.348,0.3563,Walking,Zep,Speeding,2way,1.0,70,3G,-92,36.0,-2.0,0.044,40.27892963400432,21.75326118105324,Unintentional
User_51,2025-01-24 00:44:25,0.613,0.427,Walking,Zep,Driving_Under_Influence,2way,0.0,70,WiFi,-66,49.0,1.0,0.021,40.27958348329694,21.75326523686855,Unintentional
User_54,2025-01-24 02:40:38,0.327,0.3209,Driving,Zep,Reckless_Driving,2way,1.0,20,4G,-101,10.0,-5.0,0.031,40.279814926908166,21.753912449506508,Unintentional
User_78,2025-01-24 04:34:35,0.347,0.2856,Driving,Ligeris,Reckless_Driving,4way,1.0,80,4G,-95,7.0,2.0,0.021,40.30719546947332,21.809052404562664,Unintentional
User_99,2025-01-24 05:06:22,0.465,0.2564,Running,Koila,Driving_Under_Influence,4way,1.0,10,WiFi,-60,82.0,21.0,0.0083295130321331,40.32326094901678,21.78994481253076,Unintentional
User_25,2025-01-24 08:15:53,0.408,0.1828,Running,Zep,Speeding,1way,0.0,60,WiFi,-58,49.0,-9.0,0.049,40.27933333707579,21.754046290150622,Unintentional
User_14,2025-01-24 09:03:14,0.393,0.2534,Driving,Koila,Reckless_Driving,1way,1.0,90,3G,-114,67.0,-18.0,0.0075209356077636,40.320680050176925,21.791172902446792,Unintentional
User_89,2025-01-24 09:42:05,0.336,0.0601,Driving,Koila,Driving_Under_Influence,2way,0.0,30,WiFi,-73,54.0,24.0,0.0039193412553994,40.30515965239076,21.80681895073139,Unintentional
User_21,2025-01-24 11:19:10,0.303,0.0592,Running,Zep,Driving_Under_Influence,2way,0.0,70,5G,-79,25.0,18.0,0.0053915037864011,40.27963507050233,21.75312347012132,Unintentional
User_64,2025-01-24 14:37:53,0.511,0.3988,Running,Koila,Reckless_Driving,2way,0.0,70,3G,-70,79.0,-3.0,0.037,40.30542201364612,21.80811412050781,Unintentional
User_30,2025-01-24 16:12:54,0.413,0.1374,Driving,Ligeris,Reckless_Driving,4way,0.0,80,4G,-88,71.0,-16.0,0.033,40.30630182732153,21.808695804703607,Unintentional
User_63,2025-01-24 19:06:14,0.543,0.1636,Running,Zep,Reckless_Driving,1way,1.0,20,WiFi,-53,27.0,12.0,0.038,40.27835676159475,21.753446616161582,Unintentional
User_32,2025-01-24 20:38:26,0.464,0.067,Walking,Ligeris,Reckless_Driving,1way,1.0,10,3G,-91,59.0,-25.0,0.0068342114486526,40.30591502169339,21.80712465530237,Unintentional
User_81,2025-01-24 21:25:06,0.376,0.3305,Running,Koila,Driving_Under_Influence,2way,1.0,10,3G,-118,21.0,24.0,0.0047618477324129,40.322212697411715,21.791578412580986,Unintentional
User_57,2025-01-25 00:16:19,0.372,0.1602,Driving,Zep,Speeding,1way,0.0,50,4G,-100,24.0,-8.0,0.048,40.306230115631266,21.75311600258283,Unintentional
User_25,2025-01-25 00:46:21,0.408,0.1848,Running,Zep,Driving_Under_Influence,2way,0.0,30,WiFi,-84,61.0,7.0,0.03,40.27988742852532,21.75152115539587,Unintentional
User_01,2025-01-25 00:46:58,0.619,0.3208,Running,Ligeris,Reckless_Driving,2way,1.0,70,3G,-75,59.0,-25.0,0.0010672548390144,40.30556944211524,21.807835134656234,Unintentional
User_39,2025-01-25 00:53:43,0.598,0.1967,Driving,Ligeris,Driving_Under_Influence,1way,0.0,80,4G,-82,99.0,-25.0,0.0012768962806367,40.306226271402046,21.807490155817284,Unintentional
User_65,2025-01-25 02:36:19,0.448,0.1241,Walking,Zep,Reckless_Driving,4way,0.0,10,3G,-88,50.0,10.0,0.026,40.279233940094315,21.7551712178374,Unintentional
User_12,2025-01-25 06:40:33,0.67,0.4002,Walking,Zep,Reckless_Driving,1way,1.0,Harassing_Driver,5G,-104,5.0,24.0,0.0072771204398952,40.27895761135302,21.751949659403117,Unintentional
User_23,2025-01-25 07:47:34,0.458,0.197,Driving,Ligeris,Reckless_Driving,4way,1.0,60,4G,-70,52.0,-11.0,0.022,40.30658978959741,21.80761014916717,Unintentional
User_08,2025-01-25 09:07:18,0.347,0.4068,Driving,Koila,Reckless_Driving,4way,150.0,50,5G,-87,89.0,8.0,0.048,40.32188132394342,21.791211411925733,Unintentional
User_38,2025-01-25 12:13:17,0.306,0.3551,Running,Zep,Driving_Under_Influence,2way,0.0,10,3G,-106,83.0,5.0,0.033,40.27935439323613,21.752319433732097,Unintentional
User_95,2025-01-25 15:19:59,0.545,0.5641,Running,Ligeris,Driving_Under_Influence,1way,1.0,80,5G,-91,44.0,3.0,0.044,40.305826202005726,21.8082563004046,Unintentional
User_87,2025-01-25 16:56:16,0.709,0.4302,Running,Zep,Speeding,4way,1.0,30,3G,-97,37.0,-25.0,0.0054532217264766,40.279463756826146,21.75418889669568,Unintentional
User_29,2025-01-25 17:40:07,0.415,0.2134,Walking,Zep,Speeding,4way,1.0,60,5G,-94,88.0,24.0,0.0036607788406783,40.281137000067915,21.753948502940137,Unintentional
User_84,2025-01-25 18:34:09,0.527,0.1227,Walking,Zep,Reckless_Driving,1way,0.0,10,5G,-100,12.0,-18.0,0.0025806597236522,40.28014303869325,21.752605086011524,Unintentional
User_70,2025-01-26 04:51:56,0.601,0.1449,Walking,Koila,Driving_Under_Influence,2way,0.0,70,4G,-115,30.0,18.0,0.0031972781608547,40.32182391351344,21.792164676076226,Unintentional
User_42,2025-01-26 11:32:55,0.738,0.1636,Walking,Ligeris,Speeding,1way,0.0,50,5G,-115,8.0,9.0,0.029,40.30605177007732,21.80759045631877,Unintentional
User_31,2025-01-26 12:08:12,0.56,0.4044,Driving,Koila,Reckless_Driving,2way,0.0,50,3G,-75,95.0,-20.0,0.0087616794742286,40.32088420592433,21.789915876769086,Unintentional
User_68,2025-01-26 12:27:28,0.472,0.0829,Driving,Zep,Driving_Under_Influence,4way,0.0,50,3G,-105,1.0,-18.0,0.0079645667093186,40.27934378218649,21.75328132924701,Unintentional
User_33,2025-01-27 00:02:03,0.634,0.2662,Driving,Koila,Driving_Under_Influence,1way,1.0,50,WiFi,-50,50.0,10.0,0.042,40.322439733831054,21.791368921618535,Unintentional
User_80,2025-01-27 00:32:53,0.704,0.2127,Driving,Zep,Speeding,4way,0.0,40,5G,-91,44.0,-17.0,0.0096368077824445,40.27896304226001,21.753023173100733,Unintentional
User_89,2025-01-27 02:36:26,0.336,0.0651,Running,Zep,Driving_Under_Influence,2way,0.0,30,3G,-108,4.0,21.0,0.0052302817526449,40.27877618033088,21.791256784153244,Unintentional
User_68,2025-01-27 03:49:30,0.472,0.0849,Walking,Koila,Driving_Under_Influence,2way,140.0,30,4G,-97,91.0,1.0,0.026,40.30743697827682,21.808772243350703,Unintentional
User_92,2025-01-27 04:21:06,0.694,0.2282,Running,Ligeris,Speeding,4way,3.0,30,WiFi,-85,59.0,20.0,0.0040125429841473,40.30751885253452,21.808670612813813,Unintentional
User_67,2025-01-27 05:35:06,0.529,0.2636,Walking,Zep,Speeding,4way,0.0,60,WiFi,-64,4.0,9.0,0.021,40.27963117157326,21.75281267828179,Unintentional
User_42,2025-01-27 10:53:16,0.738,0.1666,Running,Zep,Reckless_Driving,4way,1.0,60,3G,-72,45.0,-18.0,0.0085028711846368,40.27973217650998,21.753108274090224,Unintentional
User_21,2025-01-27 11:30:48,0.303,0.0652,Driving,Koila,Driving_Under_Influence,2way,140.0,30,WiFi,-73,38.0,20.0,0.0011835755529106,40.32237950342758,21.791269956891465,Unintentional
User_20,2025-01-27 11:50:10,0.334,0.3751,Running,Zep,Reckless_Driving,1way,0.0,30,5G,-110,3.0,-4.0,0.037,40.27937510675016,21.75293618272868,Unintentional
User_75,2025-01-27 13:11:47,0.409,0.2261,Walking,Ligeris,Reckless_Driving,4way,150.0,20,4G,-95,58.0,5.0,0.03,40.30595017567863,21.791256784153244,Unintentional
User_49,2025-01-27 15:36:30,0.637,0.3933,Walking,Koila,Speeding,2way,0.0,50,3G,-116,44.0,-21.0,0.0085355951696138,40.32276309859065,21.79131476989258,Unintentional
User_82,2025-01-27 16:44:04,0.324,0.2659,Driving,Ligeris,Reckless_Driving,4way,0.0,10,3G,-78,23.0,18.0,0.0066428979087633,40.30751876478462,21.807737464700207,Unintentional
User_04,2025-01-28 00:11:14,0.662,0.1067,Driving,Zep,Reckless_Driving,1way,2.0,Illegal_Parking,4G,-70,86.0,-20.0,0.003979045304783,40.27867536886685,21.754308612127613,Unintentional
User_80,2025-01-28 00:33:47,0.704,0.2147,Walking,Ligeris,Driving_Under_Influence,2way,1.0,70,5G,-81,27.0,-13.0,0.03,40.30747313989877,21.80625116310649,Unintentional
User_51,2025-01-28 02:02:26,0.613,0.435,Running,Zep,Driving_Under_Influence,1way,1.0,30,3G,-120,4.0,21.0,0.0019951206878921,40.279665589714554,21.75383606456427,Unintentional
User_98,2025-01-28 02:24:31,0.46,0.2068,Walking,Ligeris,Driving_Under_Influence,2way,0.0,30,4G,-74,46.0,-5.0,0.045,40.30575367488413,21.807945104241725,Unintentional
User_94,2025-01-28 03:48:59,0.681,0.154,Walking,Koila,Reckless_Driving,4way,1.0,30,5G,-87,30.0,15.0,0.022,40.3229051387638,21.791080605904384,Unintentional
User_18,2025-01-28 09:52:44,0.251,0.5641,Running,Ligeris,Reckless_Driving,2way,0.0,80,5G,-91,71.0,-17.0,0.0016506483360031,40.307838076962746,21.806771883085016,Unintentional
User_70,2025-01-28 13:00:24,0.601,0.1489,Walking,Ligeris,Speeding,2way,1.0,10,3G,-114,11.0,19.0,0.0061464394540659,40.306211505492854,21.806316433544005,Unintentional
User_36,2025-01-28 13:51:22,0.563,0.4439,Running,Ligeris,Speeding,2way,1.0,60,3G,-75,74.0,-3.0,0.025,40.30511060088307,21.80911971775272,Unintentional
User_63,2025-01-28 18:27:42,0.543,0.1716,Driving,Ligeris,Driving_Under_Influence,2way,0.0,10,4G,-85,50.0,-25.0,0.0028926699030396,40.30733203868041,21.791256784153244,Unintentional
User_43,2025-01-28 18:50:05,0.416,0.2147,Running,Koila,Reckless_Driving,2way,0.0,80,WiFi,-55,56.0,22.0,0.0054212985560746,40.32115537858411,21.79157733631313,Unintentional
User_60,2025-01-28 23:49:44,0.353,0.4208,Running,Koila,Driving_Under_Influence,1way,0.0,10,WiFi,-71,30.0,11.0,0.045,40.32282000943794,21.791309360094857,Unintentional
User_95,2025-01-29 03:50:32,0.545,0.3309,Running,Zep,Driving_Under_Influence,1way,150.0,40,3G,-71,95.0,10.0,0.037,40.27968683466589,21.753828324502244,Unintentional
User_36,2025-01-29 09:45:19,0.563,0.4449,Driving,Koila,Reckless_Driving,2way,3.0,50,WiFi,-86,21.0,-13.0,0.025,40.32084950670974,21.791678204523855,Unintentional
User_07,2025-01-29 10:23:41,0.625,0.1374,Walking,Koila,Speeding,2way,0.0,30,3G,-82,29.0,5.0,0.027,40.32331288570951,21.79273704298659,Unintentional
User_70,2025-01-29 17:16:26,0.601,0.1519,Running,Koila,Driving_Under_Influence,1way,4.0,60,3G,-101,92.0,17.0,0.0012931579677749,40.32317956350389,21.791012809204837,Unintentional
User_91,2025-01-29 19:27:27,0.587,0.3608,Driving,Ligeris,Driving_Under_Influence,2way,0.0,10,WiFi,-51,15.0,-4.0,0.032,40.30598436913937,21.805643512604963,Unintentional
User_71,2025-01-29 20:43:17,0.256,0.0603,Driving,Koila,Reckless_Driving,2way,0.0,60,5G,-112,85.0,-9.0,0.049,40.32210645072759,21.791313965991367,Unintentional
User_75,2025-01-29 23:24:17,0.46,0.2301,Running,Koila,Speeding,1way,0.0,20,5G,-74,47.0,-22.0,0.0068510310779499,40.320777391267754,21.792465265317663,Unintentional
User_34,2025-01-30 00:19:54,0.431,0.2119,Driving,Koila,Driving_Under_Influence,1way,0.0,40,WiFi,-111,2.0,-8.0,0.022,40.3213271384681,21.79116660005919,Unintentional
User_95,2025-01-30 02:28:58,0.545,0.3319,Running,Koila,Driving_Under_Influence,4way,4.0,10,WiFi,-54,28.0,19.0,0.0030281652096758,40.32217132382399,21.792638019479423,Unintentional
User_49,2025-01-30 03:31:33,0.637,0.3993,Running,Ligeris,Speeding,2way,1.0,50,WiFi,-82,49.0,1.0,0.045,40.307418961553246,21.808913452563228,Unintentional
User_60,2025-01-30 04:17:56,0.353,0.4248,Running,Ligeris,Driving_Under_Influence,4way,0.0,50,3G,-74,16.0,25.0,0.0081236672381597,40.30649267160228,21.80728196365223,Unintentional
User_08,2025-01-30 05:07:49,0.347,0.4168,Running,Koila,Driving_Under_Influence,2way,0.0,90,3G,-87,33.0,24.0,0.0039372435940806,40.322222948412126,21.790852229033423,Unintentional
User_83,2025-01-30 11:35:44,0.309,0.4185,Walking,Ligeris,Reckless_Driving,4way,0.0,30,5G,-96,97.0,-22.0,0.0022180870811588,40.307284411233425,21.807630570737363,Unintentional
User_38,2025-01-30 14:19:04,0.306,0.3641,Driving,Koila,Speeding,2way,1.0,90,WiFi,-67,27.0,6.0,0.043,40.322254207208935,21.791183586337247,Unintentional
User_37,2025-01-30 16:40:30,0.306,0.3354,Driving,Zep,9,2way,1.0,50,WiFi,-82,11.0,13.0,0.041,40.27922169701703,21.755254386471226,Unintentional
User_49,2025-01-30 18:03:06,0.637,0.4003,Walking,Zep,Speeding,2way,0.0,80,WiFi,-88,100.0,-22.0,0.004217228866894,40.28092514827198,21.754781643533367,Unintentional
User_82,2025-01-30 23:34:03,0.324,0.2719,Running,Ligeris,Speeding,4way,0.0,30,4G,-106,31.0,-20.0,0.0093932121412639,40.30588625939031,21.808381721355,Unintentional
User_83,2025-01-31 07:58:03,0.309,0.4205,Running,Zep,Speeding,4way,1.0,70,4G,-97,26.0,-6.0,0.034,40.27947476984074,21.753014425710077,Unintentional
User_95,2025-01-31 09:51:52,0.545,0.5641,Driving,Ligeris,Speeding,2way,0.0,40,WiFi,-61,18.0,-19.0,0.0038380044439722,40.306176973041545,21.807480400715715,Unintentional
User_24,2025-01-31 11:46:43,0.445,0.1426,Walking,Zep,Driving_Under_Influence,1way,1.0,20,5G,-111,48.0,17.0,0.0076594016729955,40.2800114061308,21.752938285447332,Unintentional
User_18,2025-01-31 15:27:39,0.251,0.4505,Driving,Ligeris,Driving_Under_Influence,2way,160.0,20,4G,-105,83.0,-24.0,0.0022491575240067,40.30615091937602,21.8075431994575,Unintentional
User_63,2025-01-31 17:09:58,0.543,0.1766,Running,Koila,Driving_Under_Influence,2way,1.0,60,WiFi,-50,49.0,-18.0,0.005653142335994,40.32163814567014,21.792131934619743,Unintentional
User_91,2025-01-31 17:51:52,0.587,0.3658,Walking,Ligeris,Reckless_Driving,2way,0.0,60,3G,-84,41.0,22.0,0.0018651358899831,40.30623930895471,21.807480897856955,Unintentional
User_100,2025-01-31 18:39:38,0.37,0.315,Walking,Ligeris,Driving_Under_Influence,1way,2.0,70,5G,-72,62.0,-17.0,0.0044809500087418,40.30639191882082,21.807618291400345,Unintentional
User_82,2025-01-31 19:45:47,0.324,0.2729,Walking,Zep,Speeding,4way,1.0,50,WiFi,-68,36.0,-9.0,0.035,40.28090334791122,21.754714824007404,Unintentional
User_19,2025-01-31 22:52:39,0.745,0.4425,Running,Koila,Speeding,1way,0.0,30,4G,-102,69.0,6.0,0.022,40.323038530855904,21.791987183832113,Unintentional
User_79,2025-01-31 23:17:43,0.389,0.179,Running,Ligeris,Reckless_Driving,1way,0.0,30,3G,-85,31.0,22.0,0.0071656569814518,40.306778339569505,21.805968536470488,Unintentional
User_37,2025-02-01 04:14:48,0.306,0.3384,Driving,Zep,Reckless_Driving,2way,2.0,30,5G,-117,55.0,-13.0,0.038,40.28074247056145,21.751734952041343,Unintentional
User_77,2025-02-01 04:15:11,0.428,0.0795,Running,Koila,Driving_Under_Influence,2way,2.0,40,5G,-111,46.0,-22.0,0.0088833773830002,40.32055425746507,21.79142243377947,Unintentional
User_07,2025-02-01 09:45:32,0.625,0.1434,Driving,Ligeris,Driving_Under_Influence,2way,0.0,80,3G,-81,1.0,18.0,0.0080012961225566,40.306085186142845,21.80746647612748,Unintentional
User_80,2025-02-01 13:05:27,0.704,0.2227,Driving,Zep,Driving_Under_Influence,2way,0.0,40,4G,-98,79.0,-22.0,0.0053916121569826,40.27961116068546,21.75322879984117,Unintentional
User_36,2025-02-01 16:01:09,0.563,0.4519,Walking,Koila,Speeding,4way,1.0,60,3G,-112,87.0,5.0,0.021,40.32285919116823,21.79130682836763,Unintentional
User_75,2025-02-01 20:59:11,0.409,0.2361,Driving,Zep,Speeding,1way,1.0,90,3G,-86,5.0,-7.0,0.03,40.279510820971375,21.75458632027729,Unintentional
User_09,2025-02-01 21:37:30,0.307,0.4488,Driving,Koila,6,2way,5.0,60,3G,-82,78.0,18.0,0.005653142335994,40.28002814967046,21.754025814417545,Unintentional
User_25,2025-02-01 23:01:29,0.408,0.1998,Walking,Zep,Driving_Under_Influence,2way,3.0,10,5G,-101,61.0,16.0,0.035,40.27949408413781,21.754184879731906,Unintentional
User_80,2025-02-02 00:04:32,0.704,0.2247,Running,Zep,Speeding,2way,0.0,40,WiFi,-70,1.0,16.0,0.044,40.279573700178915,21.753225138698586,Unintentional
User_34,2025-02-02 00:52:08,0.431,0.2179,Driving,Zep,Reckless_Driving,2way,0.0,Harassing_Driver,3G,-87,35.0,-20.0,0.0050618641161679,40.27902192781899,21.752388022990015,Unintentional
User_50,2025-02-02 01:07:15,0.398,0.2966,Driving,Koila,Speeding,4way,1.0,Lane_Discards,5G,-113,91.0,11.0,0.035,40.32162162741089,21.79236052657456,Unintentional
User_25,2025-02-02 04:49:32,0.408,0.2008,Running,Koila,Speeding,2way,3.0,20,3G,-118,48.0,24.0,0.0077420491643209,40.32230012999584,21.791076352855153,Unintentional
User_04,2025-02-02 06:28:09,0.662,0.1177,Driving,Koila,Speeding,2way,0.0,70,WiFi,-66,70.0,-14.0,0.031,40.30703051402709,21.808485256141335,Unintentional
User_26,2025-02-02 06:46:29,0.408,0.3125,Running,Koila,Driving_Under_Influence,4way,1.0,60,5G,-77,49.0,18.0,0.0084147459523351,40.322617252459715,21.793426277784484,Unintentional
User_48,2025-02-02 08:22:18,0.599,0.3324,Walking,Zep,Driving_Under_Influence,1way,1.0,30,5G,-74,69.0,0.0,0.047,40.279576770820455,21.752518514149553,Unintentional
User_82,2025-02-02 10:07:19,0.324,0.2769,Walking,Zep,Reckless_Driving,2way,1.0,80,WiFi,-87,42.0,7.0,0.043,40.279529708571815,21.753292419131046,Unintentional
User_78,2025-02-02 10:59:04,0.347,0.3046,Running,Koila,Speeding,1way,1.0,20,3G,-117,39.0,0.0,0.042,40.32143663810118,21.791685537795093,Unintentional
User_49,2025-02-02 16:00:44,0.637,0.4063,Running,Koila,Driving_Under_Influence,2way,2.0,30,4G,-75,74.0,11.0,0.036,40.306230115631266,21.79273632726331,Unintentional
User_43,2025-02-03 01:49:50,0.416,0.2257,Running,Zep,Driving_Under_Influence,2way,0.0,30,4G,-117,100.0,-18.0,0.0032209435235512,40.2779907307629,21.75274326065228,Unintentional
User_100,2025-02-03 04:20:04,0.37,0.32,Walking,Koila,Driving_Under_Influence,2way,2.0,20,3G,-70,8.0,-19.0,0.0086811851796576,40.32207016033842,21.789594323815404,Unintentional
User_80,2025-02-03 04:46:04,0.704,0.2267,Walking,Zep,Reckless_Driving,4way,0.0,40,WiFi,-84,49.0,-21.0,0.0076242306895164,40.27829863104511,21.752348431712477,Unintentional
User_17,2025-02-03 08:41:55,0.631,0.2068,Walking,Ligeris,Speeding,1way,1.0,90,5G,-82,20.0,-23.0,0.0031408052623147,40.306031703177034,21.80846396782685,Unintentional
User_80,2025-02-03 11:58:19,0.704,0.2277,Driving,Ligeris,Speeding,2way,0.0,80,WiFi,-79,94.0,-25.0,0.0074892258971769,40.30661391652029,21.806879520606444,Unintentional
User_69,2025-02-03 15:15:45,0.34,0.4261,Running,Zep,Driving_Under_Influence,2way,0.0,Harassing_Driver,3G,-85,62.0,-7.0,0.046,40.27977356420969,21.752860443916685,Unintentional
User_30,2025-02-03 16:35:34,0.413,0.1564,Walking,Ligeris,Speeding,1way,140.0,10,WiFi,-73,18.0,-25.0,0.0061620289433203,40.30700751473583,21.805505041241545,Unintentional
User_23,2025-02-03 18:23:58,0.458,0.215,Running,Ligeris,Reckless_Driving,2way,0.0,50,4G,-114,38.0,14.0,0.033,40.30675288124473,21.806957536224058,Unintentional
User_98,2025-02-03 20:20:25,0.46,0.2188,Walking,Koila,Driving_Under_Influence,4way,0.0,60,4G,-107,13.0,-4.0,0.025,40.32154312395946,21.791343950618216,Unintentional
User_26,2025-02-03 21:44:07,0.408,0.3155,Walking,Ligeris,8,2way,0.0,60,4G,-108,22.0,-17.0,0.0079080820724224,40.30659127398348,21.809208915546577,Unintentional
User_52,2025-02-04 06:00:54,0.544,0.1452,Running,Ligeris,Driving_Under_Influence,4way,0.0,80,3G,-80,88.0,20.0,0.0017843015485374,40.30527811542877,21.807323582376487,Unintentional
User_15,2025-02-04 09:14:21,0.627,0.3751,Running,Ligeris,Driving_Under_Influence,2way,0.0,10,4G,-94,38.0,-4.0,0.033,40.306230115631266,21.807768816799445,Unintentional
User_33,2025-02-04 11:56:17,0.634,0.2832,Walking,Ligeris,Speeding,4way,1.0,20,4G,-110,83.0,11.0,0.024,40.30672397135576,21.806665467952765,Unintentional
User_71,2025-02-04 19:46:33,0.256,0.0713,Running,Ligeris,Speeding,1way,150.0,80,5G,-76,0.0,-24.0,0.0019916125101931,40.306631096023374,21.8056414960733,Unintentional
User_25,2025-02-04 19:54:27,0.408,0.2058,Driving,Ligeris,Driving_Under_Influence,1way,0.0,40,WiFi,-77,60.0,-24.0,0.0086549755160614,40.30639097840081,21.791256784153244,Unintentional
User_56,2025-02-04 23:02:35,0.374,0.0817,Running,Ligeris,Driving_Under_Influence,1way,140.0,20,5G,-76,50.0,22.0,0.0027561257833114,40.30605598791784,21.807616985612107,Unintentional
User_97,2025-02-05 01:22:32,0.337,0.5641,Running,Zep,Driving_Under_Influence,2way,1.0,60,3G,-88,36.0,18.0,0.0067424051419672,40.28007124476417,21.791256784153244,Unintentional
User_33,2025-02-05 01:26:32,0.634,0.2842,Running,Zep,Reckless_Driving,1way,0.0,40,3G,-106,35.0,-21.0,0.005718222965753,40.27910161006013,21.754144513081837,Unintentional
User_65,2025-02-05 06:01:22,0.448,0.1461,Walking,Koila,Speeding,4way,1.0,40,4G,-92,20.0,24.0,0.0087467273300306,40.30785395219602,21.80799377179219,Unintentional
User_42,2025-02-05 07:36:59,0.738,0.1846,Driving,Zep,Speeding,1way,0.0,70,WiFi,-84,28.0,18.0,0.004005182399268,40.27897136032911,21.75278134236594,Unintentional
User_43,2025-02-05 07:48:59,0.416,0.2307,Running,Zep,6,1way,0.0,80,5G,-94,78.0,-6.0,0.028,40.27998675501086,21.755282031158377,Unintentional
User_67,2025-02-05 21:03:59,0.529,0.2826,Walking,Ligeris,Speeding,2way,2.0,50,5G,-105,97.0,-11.0,0.045,40.305926414884915,21.807530796465983,Unintentional
User_25,2025-02-05 21:17:46,0.408,0.2078,Running,Ligeris,Driving_Under_Influence,4way,3.0,50,4G,-70,57.0,-25.0,0.0030250893730706,40.30602296803176,21.80905151580429,Unintentional
User_69,2025-02-05 22:10:21,0.34,0.4301,Walking,Ligeris,Driving_Under_Influence,1way,0.0,Lane_Discards,5G,-97,27.0,-12.0,0.049,40.307738331164174,21.808547437199326,Unintentional
User_02,2025-02-05 22:11:52,0.529,0.3716,Walking,Zep,Driving_Under_Influence,2way,0.0,10,4G,-77,98.0,21.0,0.0010293523119321,40.27902368891221,21.752620685002174,Unintentional
User_58,2025-02-05 22:40:57,0.465,0.105,Walking,Ligeris,Speeding,1way,0.0,60,WiFi,-58,79.0,7.0,0.03,40.305925420272025,21.80776312381103,Unintentional
User_03,2025-02-06 01:30:04,0.568,0.1014,Walking,Koila,9,4way,2.0,40,4G,-101,36.0,17.0,0.009186676888869,40.32260269412079,21.791493545422735,Unintentional
User_06,2025-02-06 03:54:33,0.584,0.4405,Driving,Ligeris,Driving_Under_Influence,1way,1.0,60,WiFi,-70,49.0,-16.0,0.041,40.30605740470095,21.808635081358023,Unintentional
User_44,2025-02-06 04:52:43,0.332,0.1556,Driving,Ligeris,Speeding,2way,0.0,10,3G,-102,20.0,4.0,0.042,40.30622697407328,21.807433200764113,Unintentional
User_34,2025-02-06 06:53:33,0.431,0.2269,Running,Zep,Speeding,4way,1.0,30,5G,-106,42.0,-12.0,0.022,40.28074840900705,21.75165012800617,Unintentional
User_19,2025-02-06 07:38:41,0.745,0.4535,Driving,Koila,Driving_Under_Influence,2way,1.0,60,5G,-106,63.0,1.0,0.023,40.32214115424706,21.79118077416335,Unintentional
User_92,2025-02-06 09:11:42,0.694,0.2492,Running,Zep,Speeding,4way,0.0,30,WiFi,-86,54.0,19.0,0.003139055582177,40.279012769322144,21.753935832135586,Unintentional
User_39,2025-02-06 10:29:52,0.598,0.2217,Driving,Koila,Reckless_Driving,4way,1.0,50,5G,-105,54.0,-24.0,0.0052334136228691,40.32189033890113,21.791743975265515,Unintentional
User_97,2025-02-06 14:11:06,0.337,0.3523,Running,Koila,Speeding,2way,0.0,50,5G,-72,42.0,3.0,0.032,40.32195744658594,21.79127293630032,Unintentional
User_47,2025-02-06 19:50:40,0.585,0.1812,Walking,Zep,Reckless_Driving,2way,160.0,10,3G,-94,96.0,-4.0,0.035,40.280484742337485,21.752946499593115,Unintentional
User_04,2025-02-07 03:04:14,0.662,0.1267,Driving,Zep,Reckless_Driving,1way,0.0,60,3G,-82,32.0,20.0,0.003642889459449,40.28045428296045,21.753604148746685,Unintentional
User_40,2025-02-07 03:06:51,0.482,0.4417,Walking,Zep,Driving_Under_Influence,1way,1.0,30,5G,-110,7.0,9.0,0.04,40.279656806424136,21.753390665858394,Unintentional
User_36,2025-02-07 03:10:59,0.563,0.4629,Driving,Ligeris,Speeding,1way,0.0,Illegal_Parking,3G,-112,16.0,8.0,0.045,40.30645101243227,21.807304063569713,Unintentional
User_35,2025-02-07 03:44:53,0.274,0.1542,Walking,Koila,Driving_Under_Influence,1way,1.0,30,4G,-99,18.0,23.0,0.0095757386464172,40.32177638573934,21.791602036886815,Unintentional
User_86,2025-02-07 04:14:06,0.469,0.0761,Walking,Koila,Speeding,2way,3.0,40,3G,-114,3.0,24.0,0.0084758423553732,40.323101010653595,21.792482299754,Unintentional
User_66,2025-02-07 04:53:58,0.28,0.3037,Driving,Zep,Reckless_Driving,1way,3.0,20,5G,-119,42.0,-21.0,0.0072240391334656,40.27866740780652,21.75363855677278,Unintentional
User_21,2025-02-07 09:10:58,0.303,0.0882,Walking,Ligeris,Driving_Under_Influence,2way,0.0,60,3G,-97,62.0,3.0,0.039,40.307719121310065,21.807980543211016,Unintentional
User_48,2025-02-07 13:39:14,0.599,0.3434,Walking,Zep,Reckless_Driving,2way,0.0,80,WiFi,-56,21.0,18.0,0.0016101007683758,40.27866699120885,21.754713789327713,Unintentional
User_02,2025-02-07 13:47:35,0.529,0.3746,Running,Koila,Driving_Under_Influence,2way,0.0,30,3G,-72,0.0,23.0,0.0036541714893176,40.32102051288389,21.79223123426692,Unintentional
User_75,2025-02-07 18:37:39,0.409,0.2471,Running,Ligeris,6,2way,0.0,80,5G,-97,16.0,2.0,0.028,40.30680300871186,21.805370715776355,Unintentional
User_20,2025-02-07 18:46:49,0.334,0.3971,Walking,Zep,Driving_Under_Influence,1way,1.0,10,3G,-79,79.0,21.0,0.0057325561223911,40.28048864064672,21.75349052434603,Unintentional
User_09,2025-02-08 00:03:22,0.307,0.4618,Driving,Zep,Driving_Under_Influence,1way,1.0,30,5G,-74,68.0,-3.0,0.022,40.279346197213854,21.75293106598686,Unintentional
User_80,2025-02-08 00:56:11,0.704,0.2367,Running,Koila,Reckless_Driving,1way,0.0,Illegal_Parking,WiFi,-51,63.0,-19.0,0.001403801165378,40.306230115631266,21.791972234504016,Unintentional
User_11,2025-02-08 02:13:01,0.602,0.393,Running,Zep,Speeding,4way,0.0,50,WiFi,-75,40.0,3.0,0.039,40.279445421686965,21.75326626680067,Unintentional
User_54,2025-02-08 06:03:40,0.46,0.3509,Driving,Zep,Reckless_Driving,4way,0.0,40,4G,-92,7.0,-5.0,0.026,40.27865390519294,21.75353464101746,Unintentional
User_94,2025-02-08 07:50:00,0.681,0.176,Walking,Zep,Reckless_Driving,2way,0.0,30,5G,-99,72.0,-8.0,0.047,40.28070043639275,21.75317534303368,Unintentional
User_06,2025-02-08 09:55:10,0.584,0.4455,Running,Zep,Driving_Under_Influence,4way,1.0,50,5G,-120,23.0,-14.0,0.027,40.27972484383081,21.75339804874284,Unintentional
User_30,2025-02-08 13:26:28,0.413,0.1664,Walking,Ligeris,Driving_Under_Influence,2way,1.0,70,WiFi,-68,45.0,-16.0,0.033,40.30651804569583,21.80566251331486,Unintentional
User_93,2025-02-08 15:09:43,0.588,0.0982,Walking,Koila,Reckless_Driving,2way,0.0,90,5G,-83,11.0,-12.0,0.021,40.32228699852846,21.790321622052648,Unintentional
User_05,2025-02-08 18:14:39,0.743,0.5641,Walking,Ligeris,Speeding,1way,0.0,30,3G,-70,0.0,25.0,0.0075517488829535,40.30665690325927,21.807558656380625,Unintentional
User_69,2025-02-08 18:53:58,0.34,0.4361,Running,Koila,Speeding,1way,1.0,20,3G,-92,28.0,24.0,0.0011141705004864,40.32168654087637,21.79112158006736,Unintentional
User_14,2025-02-08 20:01:18,0.393,0.2844,Driving,Zep,Driving_Under_Influence,4way,0.0,80,WiFi,-63,18.0,-17.0,0.0045116915490738,40.279410663598874,21.75336051391493,Unintentional
User_69,2025-02-08 20:39:09,0.34,0.4371,Running,Ligeris,Speeding,2way,0.0,30,5G,-70,31.0,17.0,0.0050644931962779,40.30709492590237,21.80806785200996,Unintentional
User_16,2025-02-08 22:22:31,0.513,0.2837,Walking,Ligeris,Speeding,2way,3.0,10,3G,-105,87.0,-6.0,0.028,40.30593759302212,21.806933730076565,Unintentional
User_58,2025-02-09 07:48:21,0.465,0.113,Running,Zep,Driving_Under_Influence,2way,0.0,90,5G,-99,73.0,-17.0,0.0020354746221296,40.28004981683239,21.75320690166413,Unintentional
User_75,2025-02-09 08:56:57,0.409,0.2511,Walking,Zep,Reckless_Driving,2way,1.0,40,5G,-79,93.0,-25.0,0.0062123706087492,40.28037939732141,21.755045757049174,Unintentional
User_85,2025-02-09 10:22:49,0.254,0.2043,Driving,Koila,Speeding,1way,1.0,40,WiFi,-70,38.0,-19.0,0.0059219766883865,40.32207043857466,21.791356861981445,Unintentional
User_93,2025-02-09 14:21:59,0.588,0.0992,Running,Koila,Speeding,2way,0.0,60,3G,-108,22.0,23.0,0.0083568739742551,40.321379100639966,21.790377939064967,Unintentional
User_75,2025-02-09 15:44:08,0.409,0.2521,Driving,Koila,8,2way,1.0,40,WiFi,-79,100.0,1.0,0.032,40.32305135287429,21.792535666303177,Unintentional
User_18,2025-02-09 16:07:10,0.251,0.4695,Walking,Zep,Driving_Under_Influence,4way,4.0,10,5G,-76,58.0,-19.0,0.0068705609785317,40.27938962939019,21.75465678523639,Unintentional
User_13,2025-02-09 20:34:54,0.75,0.3234,Driving,Ligeris,Driving_Under_Influence,4way,1.0,30,4G,-77,77.0,12.0,0.026,40.30553741282673,21.807935012391336,Unintentional
User_12,2025-02-09 21:18:32,0.67,0.4312,Running,Koila,Driving_Under_Influence,1way,1.0,40,3G,-109,61.0,25.0,0.0058909158857171,40.322655866970706,21.79130188590518,Unintentional
User_05,2025-02-09 22:52:12,0.46,0.3757,Driving,Ligeris,Reckless_Driving,2way,0.0,70,3G,-71,51.0,-21.0,0.0033124899276176,40.306476612379235,21.807951192142312,Unintentional
User_85,2025-02-10 03:04:18,0.254,0.2063,Running,Koila,Driving_Under_Influence,2way,0.0,30,3G,-95,32.0,-14.0,0.035,40.278972495506835,21.75364986239904,Unintentional
User_27,2025-02-10 05:16:08,0.535,0.3321,Walking,Koila,Driving_Under_Influence,4way,1.0,30,5G,-115,5.0,17.0,0.005653142335994,40.32147148134971,21.79062823864799,Unintentional
User_74,2025-02-10 05:49:24,0.497,0.4384,Walking,Zep,Driving_Under_Influence,2way,1.0,20,WiFi,-89,71.0,13.0,0.031,40.28075043715827,21.75448025678945,Unintentional
User_46,2025-02-10 13:50:50,0.519,0.4226,Driving,Koila,Reckless_Driving,4way,3.0,40,3G,-85,7.0,-11.0,0.022,40.32253821758569,21.79000087942176,Unintentional
User_53,2025-02-10 16:30:58,0.313,0.1806,Walking,Koila,Driving_Under_Influence,4way,0.0,60,3G,-106,61.0,21.0,0.005653142335994,40.32117112646498,21.791080224163743,Unintentional
User_12,2025-02-10 17:38:19,0.67,0.4332,Walking,Koila,Speeding,2way,1.0,10,WiFi,-66,9.0,25.0,0.0031595093139039,40.32330735926977,21.79033533660695,Unintentional
User_65,2025-02-10 18:04:32,0.448,0.1571,Driving,Koila,Driving_Under_Influence,1way,0.0,40,3G,-95,17.0,5.0,0.03,40.32166347802536,21.79226476392818,Unintentional
User_33,2025-02-11 00:53:47,0.634,0.2962,Walking,Ligeris,Speeding,1way,0.0,30,5G,-92,80.0,-1.0,0.027,40.30661125502053,21.807933184502325,Unintentional
User_02,2025-02-11 02:11:23,0.529,0.3826,Walking,Zep,7,2way,0.0,30,WiFi,-55,54.0,-19.0,0.0068833579041113,40.27864302991983,21.754630084114194,Unintentional
User_68,2025-02-11 10:40:43,0.472,0.1149,Running,Ligeris,Driving_Under_Influence,2way,0.0,10,4G,-114,76.0,2.0,0.038,40.305871904082395,21.807502710709542,Unintentional
User_72,2025-02-11 17:17:57,0.567,0.1245,Running,Ligeris,Speeding,2way,0.0,50,WiFi,-113,88.0,21.0,0.0052397316859093,40.3061411766,21.80711171636432,Unintentional
User_38,2025-02-11 19:51:16,0.306,0.3891,Walking,Koila,Driving_Under_Influence,2way,140.0,20,3G,-113,44.0,-2.0,0.044,40.321141947384625,21.791256784153244,Unintentional
User_28,2025-02-11 19:54:14,0.348,0.3933,Running,Koila,Driving_Under_Influence,2way,0.0,90,5G,-96,92.0,-7.0,0.027,40.32216289887465,21.791255453077067,Unintentional
User_93,2025-02-11 20:04:11,0.588,0.1042,Running,Zep,Reckless_Driving,2way,3.0,20,4G,-95,4.0,14.0,0.042,40.27919939230819,21.753235543938768,Unintentional
User_77,2025-02-11 21:44:42,0.428,0.1005,Running,Koila,Reckless_Driving,2way,1.0,50,3G,-97,83.0,23.0,0.0024500742437199,40.32259283874464,21.790689763509288,Unintentional
User_30,2025-02-11 23:06:15,0.413,0.1734,Driving,Koila,Driving_Under_Influence,2way,0.0,50,3G,-114,13.0,-5.0,0.027,40.32192655943894,21.7896707910575,Unintentional
User_35,2025-02-11 23:38:43,0.274,0.1632,Walking,Koila,Speeding,2way,1.0,30,3G,-85,47.0,11.0,0.033,40.32050860764913,21.792247397965543,Unintentional
User_17,2025-02-12 04:17:52,0.631,0.2248,Running,Koila,Speeding,1way,0.0,30,3G,-96,91.0,12.0,0.042,40.32225929314072,21.789790061735225,Unintentional
User_80,2025-02-12 05:34:27,0.704,0.2447,Running,Ligeris,Speeding,2way,0.0,30,3G,-120,27.0,-4.0,0.037,40.306755116246634,21.80782792824983,Unintentional
User_33,2025-02-12 06:20:02,0.634,0.2982,Running,Koila,Speeding,2way,1.0,Illegal_Parking,WiFi,-63,56.0,-4.0,0.024,40.3237694307333,21.790639004021227,Unintentional
User_76,2025-02-12 07:57:24,0.355,0.2831,Walking,Ligeris,Speeding,1way,1.0,20,WiFi,-75,96.0,21.0,0.0061114200063385,40.307067257965095,21.80782804286957,Unintentional
User_30,2025-02-12 08:23:42,0.413,0.1744,Walking,Koila,Driving_Under_Influence,1way,1.0,70,5G,-76,5.0,6.0,0.022,40.32192639442088,21.78961148146917,Unintentional
User_32,2025-02-12 09:03:53,0.464,0.105,Running,Ligeris,Reckless_Driving,1way,0.0,Harassing_Driver,4G,-83,12.0,2.0,0.048,40.30606074282319,21.808022232954748,Unintentional
User_53,2025-02-12 09:24:37,0.313,0.1836,Driving,Zep,Speeding,2way,0.0,90,4G,-108,53.0,-16.0,0.04,40.27792883481622,21.75244212258131,Unintentional
User_73,2025-02-12 12:26:17,0.325,0.2757,Driving,Ligeris,Reckless_Driving,2way,0.0,120,3G,-97,30.0,9.0,0.035,40.30788742966649,21.80659580716135,Unintentional
User_21,2025-02-12 17:53:32,0.303,0.0972,Walking,Koila,Speeding,4way,0.0,90,4G,-103,83.0,20.0,0.0091794538499306,40.32161020392165,21.790843772897613,Unintentional
User_42,2025-02-13 10:59:23,0.738,0.1996,Driving,Ligeris,Driving_Under_Influence,4way,1.0,80,3G,-94,47.0,18.0,0.0032680783675923,40.30622333233819,21.80748803155708,Unintentional
User_65,2025-02-13 15:04:54,0.448,0.1631,Running,Koila,Driving_Under_Influence,2way,0.0,60,5G,-85,91.0,20.0,0.009674765362145,40.322038387807694,21.791646416636187,Unintentional
User_42,2025-02-13 16:47:47,0.738,0.2006,Walking,Ligeris,Reckless_Driving,2way,2.0,40,5G,-73,1.0,-24.0,0.0015166875651307,40.306120795840094,21.80722376670245,Unintentional
User_38,2025-02-13 18:20:35,0.306,0.3931,Walking,Zep,Speeding,1way,0.0,30,5G,-76,39.0,-3.0,0.044,40.28075792215424,21.75197950349156,Unintentional
User_24,2025-02-13 19:29:23,0.445,0.1696,Running,Koila,Speeding,4way,0.0,50,3G,-94,69.0,22.0,0.007216679948791,40.32234334715909,21.790760706978908,Unintentional
User_33,2025-02-13 21:07:36,0.634,0.5641,Driving,Zep,Speeding,2way,1.0,30,WiFi,-88,40.0,-23.0,0.0016528907152777,40.277886701395815,21.75378995224712,Unintentional
User_26,2025-02-13 23:09:44,0.408,0.3355,Driving,Zep,Driving_Under_Influence,1way,0.0,80,4G,-88,100.0,23.0,0.0065334899664684,40.306230115631266,21.752393097409712,Unintentional
User_11,2025-02-14 00:14:46,0.602,0.405,Driving,Koila,9,2way,0.0,40,3G,-87,20.0,12.0,0.034,40.322802055395215,21.79319323736876,Unintentional
User_99,2025-02-14 05:39:32,0.465,0.2984,Walking,Zep,Reckless_Driving,1way,0.0,30,3G,-87,2.0,5.0,0.029,40.27978070904642,21.753768411838287,Unintentional
User_15,2025-02-14 06:56:28,0.627,0.3951,Running,Zep,Driving_Under_Influence,4way,150.0,80,3G,-93,43.0,20.0,0.007135726543019,40.2803275311524,21.752772047205095,Unintentional
User_65,2025-02-14 07:06:33,0.448,0.1641,Walking,Koila,Reckless_Driving,1way,0.0,40,4G,-87,28.0,-22.0,0.0014911878457403,40.323408648896674,21.791009112620067,Unintentional
User_39,2025-02-14 07:59:55,0.598,0.2367,Running,Ligeris,Speeding,4way,0.0,70,3G,-111,19.0,-20.0,0.0029134946862701,40.305597159941016,21.806845672939417,Unintentional
User_94,2025-02-14 08:37:51,0.681,0.188,Walking,Ligeris,Speeding,1way,0.0,70,4G,-73,41.0,-24.0,0.0099534112833577,40.30612642855436,21.806625639951537,Unintentional
User_91,2025-02-14 15:13:04,0.587,0.3938,Walking,Zep,Speeding,1way,0.0,20,3G,-113,64.0,21.0,0.0050295048642944,40.27904959488978,21.75301576133091,Unintentional
User_12,2025-02-14 16:42:37,0.67,0.4412,Walking,Koila,Reckless_Driving,1way,1.0,30,4G,-110,86.0,17.0,0.0064043252543133,40.32229240618895,21.79289276436452,Unintentional
User_97,2025-02-14 22:42:18,0.337,0.3693,Driving,Zep,Reckless_Driving,2way,4.0,50,4G,-119,46.0,21.0,0.0058353844554897,40.27838596175866,21.753219288132204,Unintentional
User_06,2025-02-15 01:22:15,0.584,0.4585,Running,Koila,6,1way,0.0,40,5G,-85,44.0,-23.0,0.0018626639134775,40.32189305321464,21.789731583026803,Unintentional
User_55,2025-02-15 08:10:40,0.447,0.4264,Running,Koila,Reckless_Driving,1way,0.0,30,WiFi,-88,19.0,23.0,0.0038282249585959,40.32167649055057,21.791890113596455,Unintentional
User_23,2025-02-15 09:46:37,0.458,0.239,Running,Ligeris,Driving_Under_Influence,2way,0.0,30,WiFi,-70,51.0,17.0,0.0061697632183766,40.30604343432028,21.806846036438937,Unintentional
User_53,2025-02-15 11:05:28,0.313,0.1896,Running,Zep,Driving_Under_Influence,1way,0.0,30,WiFi,-69,31.0,-10.0,0.032,40.279191105412295,21.75234435246125,Unintentional
User_64,2025-02-15 11:11:46,0.511,0.4418,Driving,Ligeris,Speeding,2way,2.0,70,5G,-104,36.0,1.0,0.028,40.305946999592415,21.80673375814364,Unintentional
User_70,2025-02-15 15:52:48,0.601,0.1859,Walking,Zep,Reckless_Driving,2way,0.0,Illegal_Parking,4G,-87,56.0,4.0,0.037,40.279442301429626,21.75310577779305,Unintentional
User_41,2025-02-15 17:17:25,0.628,0.2531,Driving,Ligeris,Speeding,4way,0.0,30,WiFi,-63,73.0,-9.0,0.047,40.305698942756415,21.791256784153244,Unintentional
User_19,2025-02-16 02:07:36,0.745,0.4735,Driving,Zep,Reckless_Driving,1way,1.0,50,4G,-92,73.0,23.0,0.0046468326759214,40.27967438752423,21.75425638294405,Unintentional
User_46,2025-02-16 03:51:42,0.519,0.4336,Driving,Koila,Speeding,1way,0.0,50,3G,-84,34.0,-23.0,0.0082091577108884,40.32068177479971,21.791256784153244,Unintentional
User_13,2025-02-16 09:12:51,0.75,0.3364,Walking,Koila,Speeding,2way,1.0,30,5G,-95,95.0,-8.0,0.031,40.321252060056224,21.792340123451915,Unintentional
User_99,2025-02-16 09:31:12,0.465,0.3034,Running,Koila,Driving_Under_Influence,1way,1.0,50,5G,-103,100.0,-18.0,0.0030305880098305,40.32310196972649,21.78987145864278,Unintentional
User_39,2025-02-16 12:53:41,0.598,0.2407,Driving,Ligeris,Speeding,2way,0.0,10,3G,-95,6.0,-24.0,0.0078867166858722,40.30597043828989,21.805508216243343,Unintentional
User_60,2025-02-16 13:48:26,0.353,0.4578,Walking,Koila,Reckless_Driving,2way,0.0,70,5G,-109,94.0,19.0,0.004415322090735,40.3220354916007,21.791337777691997,Unintentional
User_40,2025-02-16 14:39:21,0.482,0.4607,Running,Zep,Driving_Under_Influence,1way,2.0,20,4G,-86,72.0,7.0,0.038,40.27825975571396,21.753467812214012,Unintentional
User_64,2025-02-16 18:20:37,0.511,0.4448,Walking,Ligeris,8,2way,2.0,80,5G,-101,35.0,-18.0,0.0052958888068917,40.306612154414566,21.80755481952326,Unintentional
User_42,2025-02-16 18:42:18,0.738,0.2066,Walking,Koila,Speeding,1way,1.0,70,5G,-94,82.0,6.0,0.039,40.32138008699439,21.790499015758037,Unintentional
User_30,2025-02-16 21:02:34,0.413,0.1834,Running,Koila,Speeding,2way,2.0,Harassing_Driver,WiFi,-67,39.0,24.0,0.0081303303417548,40.32055762558761,21.791099618897668,Unintentional
User_55,2025-02-17 02:12:17,0.447,0.4304,Walking,Zep,Driving_Under_Influence,1way,0.0,60,WiFi,-57,48.0,-21.0,0.0030479245447941,40.27942026173917,21.75548714875908,Unintentional
User_02,2025-02-17 02:32:57,0.529,0.3946,Walking,Ligeris,Reckless_Driving,2way,150.0,50,4G,-116,16.0,-23.0,0.0077983751775488,40.306449537118496,21.80731560498443,Unintentional
User_85,2025-02-17 02:39:06,0.254,0.2203,Walking,Ligeris,Reckless_Driving,1way,160.0,70,3G,-99,81.0,22.0,0.0088721267071772,40.30560141857232,21.80803612639707,Unintentional
User_81,2025-02-17 07:11:10,0.376,0.3775,Driving,Ligeris,Reckless_Driving,1way,0.0,90,5G,-95,93.0,5.0,0.027,40.30616824207938,21.807193006253343,Unintentional
User_94,2025-02-17 07:53:07,0.681,0.194,Driving,Koila,6,1way,0.0,80,4G,-79,60.0,-8.0,0.033,40.32259470021335,21.790978378045036,Unintentional
User_99,2025-02-17 08:00:22,0.465,0.3054,Walking,Koila,Driving_Under_Influence,1way,0.0,70,3G,-82,6.0,-21.0,0.0067872658176146,40.321620101743434,21.79026375445867,Unintentional
User_27,2025-02-17 09:18:45,0.535,0.3471,Driving,Ligeris,Speeding,2way,0.0,20,3G,-119,13.0,-22.0,0.0051651898689768,40.30497875367691,21.806356523777275,Unintentional
User_86,2025-02-17 12:39:42,0.469,0.0961,Walking,Koila,Reckless_Driving,4way,2.0,30,5G,-95,86.0,-8.0,0.04,40.32160044708204,21.79197283868218,Unintentional
User_84,2025-02-17 13:40:33,0.527,0.1677,Running,Koila,Speeding,1way,0.0,50,5G,-80,36.0,0.0,0.028,40.32231721751417,21.79152716640404,Unintentional
User_23,2025-02-17 14:58:01,0.458,0.243,Running,Zep,Speeding,2way,0.0,60,5G,-94,9.0,-13.0,0.026,40.27955297539019,21.753530811710515,Unintentional
User_53,2025-02-17 18:34:42,0.313,0.1946,Driving,Zep,Speeding,2way,1.0,30,WiFi,-63,90.0,3.0,0.035,40.2805143164548,21.75487106149427,Unintentional
User_54,2025-02-17 23:33:18,0.327,0.3699,Driving,Koila,Speeding,2way,3.0,Harassing_Driver,3G,-88,65.0,-9.0,0.026,40.32197744804611,21.79124268668996,Unintentional
User_56,2025-02-18 05:57:16,0.374,0.1087,Walking,Koila,Driving_Under_Influence,2way,1.0,80,WiFi,-75,20.0,4.0,0.035,40.32350428027731,21.79102346220485,Unintentional
User_93,2025-02-18 06:55:58,0.588,0.1172,Walking,Koila,Reckless_Driving,4way,2.0,80,WiFi,-58,73.0,3.0,0.044,40.32211956176576,21.789874463022493,Unintentional
User_70,2025-02-18 07:51:53,0.601,0.1909,Walking,Zep,Driving_Under_Influence,4way,0.0,50,WiFi,-55,0.0,6.0,0.023,40.27959569743576,21.752628635664532,Unintentional
User_80,2025-02-18 11:01:34,0.46,0.2567,Driving,Ligeris,Reckless_Driving,4way,1.0,60,3G,-84,66.0,-12.0,0.046,40.30611377759644,21.808192821840304,Unintentional
User_73,2025-02-18 12:51:20,0.325,0.2877,Running,Zep,7,2way,1.0,50,5G,-106,88.0,-12.0,0.038,40.27952463224191,21.752860666194536,Unintentional
User_82,2025-02-18 13:41:51,0.324,0.3099,Walking,Ligeris,Driving_Under_Influence,4way,0.0,30,5G,-83,26.0,-18.0,0.006602225019249,40.304773536945106,21.806635605967973,Unintentional
User_63,2025-02-18 13:46:38,0.543,0.2136,Driving,Zep,Driving_Under_Influence,4way,0.0,60,5G,-93,35.0,-25.0,0.0068048844441338,40.279720023323435,21.753558299476257,Unintentional
User_64,2025-02-18 15:02:18,0.511,0.4488,Walking,Zep,Speeding,1way,1.0,90,WiFi,-67,4.0,-23.0,0.005653142335994,40.27962121831164,21.7538548885304,Unintentional
User_13,2025-02-18 19:12:17,0.75,0.3414,Walking,Ligeris,Speeding,2way,1.0,80,WiFi,-82,12.0,18.0,0.0013797468420656,40.305646134675165,21.80814082324543,Unintentional
User_06,2025-02-18 19:41:05,0.584,0.4655,Driving,Zep,Reckless_Driving,1way,1.0,30,3G,-109,66.0,18.0,0.0056743975008107,40.27921343290993,21.791256784153244,Unintentional
User_11,2025-02-18 19:52:51,0.602,0.414,Running,Zep,Speeding,2way,0.0,30,WiFi,-51,28.0,12.0,0.042,40.2812880697126,21.753281428151084,Unintentional
User_100,2025-02-18 22:17:49,0.37,0.351,Walking,Zep,Reckless_Driving,4way,1.0,40,4G,-93,63.0,20.0,0.0010711424093549,40.27866313727639,21.754847311764184,Unintentional
User_50,2025-02-19 01:49:10,0.46,0.3306,Walking,Zep,Driving_Under_Influence,4way,0.0,40,3G,-110,27.0,0.0,0.048,40.27963027103043,21.753243684777942,Unintentional
User_65,2025-02-19 10:09:22,0.448,0.1741,Running,Koila,Reckless_Driving,1way,3.0,80,3G,-79,25.0,-6.0,0.03,40.32189054973045,21.791256784153244,Unintentional
User_03,2025-02-19 10:47:28,0.568,0.1274,Walking,Koila,Speeding,2way,0.0,10,WiFi,-60,86.0,7.0,0.049,40.32134131479802,21.79192370844883,Unintentional
User_63,2025-02-19 13:33:12,0.543,0.2156,Driving,Zep,Speeding,2way,1.0,80,WiFi,-61,99.0,15.0,0.034,40.280179422476984,21.75299347431439,Unintentional
User_45,2025-02-19 16:05:29,0.46,0.3723,Walking,Ligeris,Speeding,4way,0.0,80,4G,-102,80.0,4.0,0.045,40.30609041169993,21.80669819385964,Unintentional
User_11,2025-02-19 20:11:46,0.602,0.416,Running,Zep,Driving_Under_Influence,4way,0.0,70,WiFi,-76,17.0,-4.0,0.026,40.278655213316256,21.75283646578408,Unintentional
User_52,2025-02-19 22:29:59,0.544,0.1762,Walking,Koila,Reckless_Driving,4way,3.0,50,WiFi,-52,50.0,1.0,0.038,40.32185796855187,21.791146394831248,Unintentional
User_93,2025-02-19 23:00:11,0.588,0.1202,Walking,Koila,Reckless_Driving,2way,2.0,50,3G,-112,41.0,20.0,0.0029587895900532,40.322274459204905,21.79114219350358,Unintentional
User_87,2025-02-20 01:32:50,0.709,0.4812,Running,Koila,Speeding,2way,1.0,20,4G,-78,32.0,-15.0,0.021,40.32150267645471,21.791959940371864,Unintentional
User_49,2025-02-20 03:06:12,0.637,0.4413,Walking,Koila,Driving_Under_Influence,2way,0.0,70,4G,-82,57.0,-19.0,0.0026703940108777,40.30575859094266,21.80711109675338,Unintentional
User_76,2025-02-20 03:26:10,0.355,0.3001,Running,Ligeris,8,4way,1.0,40,WiFi,-81,27.0,1.0,0.038,40.306001808597365,21.807638180474907,Unintentional
User_89,2025-02-20 09:33:46,0.336,0.1141,Driving,Ligeris,Reckless_Driving,1way,2.0,70,WiFi,-75,22.0,10.0,0.031,40.30487525241183,21.807308394994777,Unintentional
User_45,2025-02-20 11:05:01,0.285,0.3743,Driving,Zep,Driving_Under_Influence,4way,1.0,20,3G,-95,53.0,-22.0,0.0083842237787455,40.27924969142016,21.75226951590246,Unintentional
User_75,2025-02-20 21:46:44,0.409,0.2741,Walking,Ligeris,Speeding,2way,2.0,20,3G,-108,53.0,20.0,0.0013782133348164,40.30606031787703,21.80858083237278,Unintentional
User_12,2025-02-20 22:43:49,0.67,0.4532,Driving,Zep,Reckless_Driving,2way,0.0,10,4G,-93,28.0,5.0,0.023,40.27887476748791,21.754309853621468,Unintentional
User_25,2025-02-20 23:58:19,0.408,0.2378,Walking,Koila,Reckless_Driving,2way,2.0,60,5G,-104,58.0,18.0,0.0011628781566922,40.27786518577506,21.753497449878036,Unintentional
User_06,2025-02-21 00:39:23,0.584,0.4705,Driving,Ligeris,Speeding,2way,140.0,40,5G,-112,64.0,12.0,0.047,40.30594702543424,21.80690035914359,Unintentional
User_30,2025-02-21 03:51:50,0.413,0.1924,Driving,Zep,Reckless_Driving,4way,0.0,Illegal_Parking,5G,-101,6.0,25.0,0.0056175606453446,40.278337935886455,21.754890076663088,Unintentional
User_54,2025-02-21 04:37:08,0.327,0.3769,Driving,Zep,Reckless_Driving,2way,0.0,30,3G,-114,46.0,22.0,0.0081798717310945,40.27952548499219,21.75331569870236,Unintentional
User_14,2025-02-21 16:12:05,0.393,0.3104,Driving,Zep,Reckless_Driving,2way,160.0,90,5G,-87,35.0,-19.0,0.001792105335067,40.27973211193322,21.751012920485437,Unintentional
User_31,2025-02-21 16:47:37,0.56,0.4564,Driving,Zep,9,4way,0.0,20,WiFi,-55,13.0,-17.0,0.0060893134015809,40.28068125816773,21.75422110330246,Unintentional
User_91,2025-02-21 19:13:45,0.587,0.4078,Walking,Zep,Driving_Under_Influence,2way,0.0,20,4G,-115,42.0,22.0,0.0087537200571162,40.27947436224957,21.753192929005664,Unintentional
User_13,2025-02-21 20:51:05,0.75,0.3474,Driving,Zep,Speeding,2way,140.0,50,4G,-118,65.0,-17.0,0.0035525623893408,40.27948545351065,21.75465467337032,Unintentional
User_39,2025-02-21 23:49:30,0.598,0.2517,Walking,Zep,Reckless_Driving,1way,1.0,90,5G,-72,49.0,-10.0,0.045,40.279044319752515,21.753876910489844,Unintentional
User_10,2025-02-22 04:17:47,0.315,0.4558,Walking,Koila,Reckless_Driving,2way,0.0,50,5G,-96,50.0,-20.0,0.0074092160823024,40.32190017300112,21.78927581009408,Unintentional
User_53,2025-02-22 18:15:46,0.313,0.2036,Walking,Zep,Reckless_Driving,1way,0.0,30,WiFi,-88,87.0,18.0,0.0034822993771347,40.27997022485047,21.75133272548939,Unintentional
User_20,2025-02-22 18:38:18,0.334,0.4261,Driving,Ligeris,Driving_Under_Influence,4way,1.0,Harassing_Driver,5G,-118,82.0,2.0,0.042,40.30611972072912,21.8077803179703,Unintentional
User_61,2025-02-22 20:17:31,0.546,0.1857,Driving,Koila,Driving_Under_Influence,1way,2.0,30,3G,-89,29.0,-2.0,0.047,40.321612995104175,21.791232796510396,Unintentional
User_19,2025-02-22 22:22:25,0.46,0.4865,Walking,Koila,Speeding,2way,3.0,40,4G,-82,54.0,-17.0,0.0071041960013717,40.321490543387704,21.790947705198775,Unintentional
User_76,2025-02-22 23:12:09,0.355,0.3041,Running,Ligeris,Speeding,1way,0.0,60,3G,-88,28.0,-19.0,0.0033445082153626,40.30701281854127,21.807798213442148,Unintentional
User_33,2025-02-23 00:08:26,0.634,0.3202,Walking,Ligeris,Speeding,2way,0.0,20,5G,-86,18.0,25.0,0.0021445218480038,40.3058519286949,21.805929303345344,Unintentional
User_71,2025-02-23 00:39:54,0.256,0.1093,Walking,Ligeris,Speeding,2way,5.0,40,WiFi,-50,11.0,20.0,0.0059570594001381,40.306132613099635,21.807738108799615,Unintentional
User_27,2025-02-23 01:16:26,0.535,0.3581,Running,Ligeris,Driving_Under_Influence,2way,0.0,40,5G,-75,72.0,14.0,0.048,40.30585044967934,21.807219641444817,Unintentional
User_73,2025-02-23 03:36:56,0.325,0.2967,Running,Koila,Speeding,4way,0.0,30,WiFi,-56,31.0,-21.0,0.0051582840850979,40.2793799382498,21.753147414758725,Unintentional
User_62,2025-02-23 04:41:04,0.366,0.2162,Walking,Zep,Speeding,1way,0.0,50,5G,-113,30.0,18.0,0.0053514297458669,40.27925515290276,21.755145772412135,Unintentional
User_80,2025-02-23 06:57:49,0.704,0.2677,Walking,Zep,Speeding,4way,2.0,10,4G,-98,72.0,-6.0,0.04,40.27958333243911,21.75315724820976,Unintentional
User_02,2025-02-23 07:22:48,0.529,0.4066,Running,Zep,Reckless_Driving,4way,1.0,60,4G,-75,60.0,21.0,0.0031882806683684,40.280949184458095,21.753664869296124,Unintentional
User_17,2025-02-23 07:26:49,0.631,0.2468,Walking,Zep,6,2way,1.0,50,5G,-97,35.0,-11.0,0.029,40.280836102726695,21.754454246646457,Unintentional
User_60,2025-02-23 07:44:46,0.353,0.4718,Running,Koila,Speeding,4way,1.0,10,3G,-117,49.0,-1.0,0.042,40.322029423554675,21.789794788841817,Unintentional
User_69,2025-02-23 08:01:19,0.34,0.4661,Driving,Ligeris,Speeding,2way,2.0,40,WiFi,-50,55.0,-23.0,0.0094067433021166,40.306142934459565,21.809031903893697,Unintentional
User_44,2025-02-23 08:10:16,0.332,0.1896,Walking,Ligeris,Speeding,1way,0.0,30,WiFi,-59,6.0,24.0,0.0012598544327308,40.30624357561418,21.80747400867093,Unintentional
User_82,2025-02-23 08:23:40,0.324,0.3189,Walking,Zep,Driving_Under_Influence,2way,1.0,80,5G,-103,0.0,-16.0,0.028,40.279200392758455,21.754256582562174,Unintentional
User_83,2025-02-23 08:58:44,0.309,0.4665,Running,Ligeris,Driving_Under_Influence,1way,0.0,10,4G,-96,80.0,21.0,0.0025626799279583,40.30614915566666,21.807845015876456,Unintentional
User_82,2025-02-23 09:56:17,0.324,0.3199,Walking,Zep,Driving_Under_Influence,2way,0.0,60,4G,-92,41.0,-15.0,0.041,40.27978188834463,21.75187263083947,Unintentional
User_20,2025-02-23 16:53:28,0.334,0.4291,Running,Zep,Reckless_Driving,2way,2.0,30,4G,-101,60.0,22.0,0.0021762729196705,40.27923535748861,21.7536718199436,Unintentional
User_04,2025-02-23 18:34:48,0.662,0.5641,Driving,Zep,Speeding,1way,0.0,50,3G,-107,92.0,22.0,0.0049848791374951,40.279266864615536,21.791256784153244,Unintentional
User_22,2025-02-23 18:40:40,0.413,0.1539,Driving,Koila,Reckless_Driving,2way,0.0,30,4G,-108,96.0,-23.0,0.0017879521380428,40.321469258755045,21.791342262173256,Unintentional
User_97,2025-02-23 19:40:37,0.337,0.3863,Walking,Ligeris,Reckless_Driving,2way,0.0,50,WiFi,-64,25.0,20.0,0.0021031649106872,40.30724565317251,21.8072837770029,Unintentional
User_37,2025-02-23 22:24:57,0.306,0.3824,Running,Ligeris,Reckless_Driving,1way,2.0,50,WiFi,-72,9.0,-21.0,0.0084865287979571,40.307250486992366,21.80683899726963,Unintentional
User_66,2025-02-23 23:27:55,0.28,0.3367,Running,Zep,Speeding,2way,4.0,60,3G,-111,32.0,24.0,0.0041090850894583,40.27992030047011,21.753717909863845,Unintentional
User_53,2025-02-24 02:04:45,0.313,0.2076,Walking,Koila,Speeding,1way,3.0,30,WiFi,-106,84.0,5.0,0.032,40.32316612550995,21.79112119345363,Unintentional
User_76,2025-02-24 03:12:22,0.355,0.3071,Walking,Koila,Reckless_Driving,2way,1.0,80,3G,-73,69.0,9.0,0.027,40.32045950828852,21.790530246219195,Unintentional
User_78,2025-02-24 03:35:50,0.347,0.3476,Walking,Koila,Driving_Under_Influence,2way,1.0,30,5G,-104,69.0,23.0,0.0050196905125035,40.30643035462171,21.80691709749628,Unintentional
User_99,2025-02-24 03:50:28,0.465,0.3184,Running,Koila,Speeding,1way,2.0,10,5G,-75,13.0,9.0,0.039,40.322680141360074,21.79245392011512,Unintentional
User_26,2025-02-24 05:12:27,0.408,0.3575,Running,Zep,Speeding,2way,4.0,90,WiFi,-50,6.0,-17.0,0.0074227728233741,40.279669457859,21.75229807189803,Unintentional
User_31,2025-02-24 05:47:48,0.56,0.4614,Walking,Koila,Reckless_Driving,2way,4.0,50,4G,-83,93.0,-24.0,0.0066974999804574,40.32214095839043,21.790997470665037,Unintentional
User_19,2025-02-24 07:25:35,0.745,0.4905,Walking,Koila,Driving_Under_Influence,1way,1.0,70,3G,-88,92.0,3.0,0.031,40.32294461088667,21.79277512200093,Unintentional
User_27,2025-02-24 16:10:30,0.535,0.3601,Driving,Koila,Driving_Under_Influence,1way,0.0,60,5G,-116,24.0,-5.0,0.023,40.320547840838096,21.791862644713856,Unintentional
User_97,2025-02-24 16:22:57,0.337,0.3893,Driving,Ligeris,Speeding,2way,0.0,80,5G,-111,65.0,-23.0,0.0087627674059794,40.307866956128024,21.807068087531544,Unintentional
User_22,2025-02-24 19:22:50,0.413,0.1559,Running,Ligeris,Driving_Under_Influence,4way,0.0,30,4G,-72,86.0,24.0,0.005653142335994,40.30658086756362,21.806063882203645,Unintentional
User_15,2025-02-24 21:04:39,0.627,0.4161,Running,Koila,Reckless_Driving,4way,0.0,70,3G,-108,49.0,25.0,0.009854730831346,40.322464767952376,21.790484306846217,Unintentional
User_69,2025-02-25 00:55:36,0.34,0.4701,Walking,Zep,Speeding,2way,0.0,50,4G,-75,1.0,19.0,0.0073352106863721,40.27946295200584,21.753295365057493,Unintentional
User_28,2025-02-25 05:04:44,0.348,0.4213,Running,Koila,Reckless_Driving,2way,1.0,60,5G,-98,44.0,19.0,0.0067125508393027,40.321932096823296,21.791208654402148,Unintentional
User_03,2025-02-25 06:26:32,0.568,0.1394,Walking,Zep,Reckless_Driving,2way,5.0,60,WiFi,-61,22.0,7.0,0.041,40.27925516163904,21.753009692901117,Unintentional
User_14,2025-02-25 14:11:41,0.393,0.3174,Running,Koila,Driving_Under_Influence,2way,1.0,50,4G,-97,38.0,-25.0,0.005653142335994,40.322272004317504,21.790039651656883,Unintentional
User_24,2025-02-25 14:23:56,0.445,0.1936,Walking,Ligeris,Driving_Under_Influence,4way,160.0,30,3G,-99,74.0,7.0,0.022,40.30670374783468,21.807073840842296,Unintentional
User_55,2025-02-25 21:43:43,0.447,0.4474,Running,Zep,Driving_Under_Influence,2way,0.0,30,WiFi,-72,13.0,-21.0,0.0057554190032358,40.27902987015789,21.753697304760333,Unintentional
User_72,2025-02-26 01:21:50,0.567,0.1535,Walking,Ligeris,Reckless_Driving,2way,0.0,20,5G,-113,60.0,20.0,0.0037703767258865,40.30622832385002,21.807587809799184,Unintentional
User_11,2025-02-26 05:18:37,0.602,0.429,Running,Koila,Reckless_Driving,2way,0.0,80,WiFi,-71,53.0,24.0,0.0028145730294579,40.32254526889905,21.789787371794297,Unintentional
User_26,2025-02-26 07:41:59,0.46,0.3615,Running,Ligeris,Speeding,1way,0.0,80,5G,-92,13.0,-16.0,0.037,40.306320858077314,21.807471325209487,Unintentional
User_71,2025-02-26 12:31:17,0.256,0.1153,Driving,Koila,Reckless_Driving,1way,0.0,80,WiFi,-90,52.0,18.0,0.0012810375602375,40.32286124855436,21.790448888561095,Unintentional
User_88,2025-02-26 14:55:04,0.471,0.2397,Driving,Zep,Reckless_Driving,2way,2.0,80,3G,-120,79.0,-15.0,0.022,40.279534580567585,21.75331596026296,Unintentional
User_62,2025-02-26 17:00:59,0.366,0.2222,Driving,Ligeris,Reckless_Driving,4way,0.0,Lane_Discards,WiFi,-67,26.0,-18.0,0.0030482303602224,40.30514407737903,21.8073863629698,Unintentional
User_52,2025-02-26 18:30:15,0.544,0.1902,Driving,Zep,Speeding,2way,0.0,10,4G,-94,23.0,23.0,0.0073721593369706,40.27900923298991,21.753657049689828,Unintentional
User_24,2025-02-26 18:35:49,0.445,0.1956,Walking,Zep,Driving_Under_Influence,2way,3.0,70,WiFi,-80,93.0,-18.0,0.006736252770667,40.27993567348484,21.755494289372468,Unintentional
User_30,2025-02-26 22:15:28,0.413,0.2034,Walking,Ligeris,Driving_Under_Influence,2way,0.0,90,3G,-119,94.0,0.0,0.05,40.30629370871173,21.807343226456613,Unintentional
User_36,2025-02-27 00:45:38,0.563,0.5029,Running,Ligeris,Driving_Under_Influence,4way,1.0,50,4G,-86,36.0,10.0,0.031,40.307158988552025,21.807229724269988,Unintentional
User_74,2025-02-27 08:50:14,0.497,0.4724,Driving,Zep,Driving_Under_Influence,2way,1.0,80,4G,-113,52.0,-24.0,0.0027899258415088,40.2803152676102,21.75299541610678,Unintentional
User_70,2025-02-27 08:57:40,0.601,0.2089,Running,Koila,Reckless_Driving,4way,0.0,10,4G,-98,33.0,-3.0,0.032,40.32320556913881,21.790950197524506,Unintentional
User_15,2025-02-27 10:14:47,0.627,0.4211,Walking,Koila,Driving_Under_Influence,1way,160.0,60,4G,-87,12.0,24.0,0.0045039619437135,40.323079552517214,21.790901743090533,Unintentional
User_19,2025-02-27 12:07:59,0.745,0.4955,Running,Koila,Reckless_Driving,1way,0.0,80,WiFi,-68,48.0,18.0,0.0011270501385535,40.32241560354532,21.791612800204533,Unintentional
User_41,2025-02-27 16:00:50,0.628,0.2771,Driving,Koila,Reckless_Driving,2way,2.0,40,3G,-105,42.0,19.0,0.007873157890389,40.306230115631266,21.790328190589356,Unintentional
User_28,2025-02-27 17:57:04,0.348,0.4243,Running,Ligeris,Reckless_Driving,4way,1.0,80,5G,-73,34.0,3.0,0.042,40.306463909674584,21.806506031754868,Unintentional
User_79,2025-02-27 18:23:37,0.389,0.233,Driving,Zep,Driving_Under_Influence,2way,0.0,60,WiFi,-84,39.0,3.0,0.031,40.27871802849898,21.754766088061743,Unintentional
User_85,2025-02-27 18:31:21,0.254,0.2413,Walking,Koila,Driving_Under_Influence,2way,4.0,50,WiFi,-90,57.0,-8.0,0.049,40.32346905481639,21.79075265324676,Unintentional
User_86,2025-02-27 21:56:06,0.469,0.1171,Running,Koila,Driving_Under_Influence,1way,0.0,40,4G,-97,77.0,22.0,0.0047419615740733,40.32153297290125,21.79240499822161,Unintentional
User_89,2025-02-27 22:31:56,0.336,0.1281,Running,Koila,Reckless_Driving,2way,1.0,20,WiFi,-62,47.0,6.0,0.024,40.306230115631266,21.791281389532273,Unintentional
User_75,2025-02-28 00:30:46,0.409,0.2891,Walking,Ligeris,Speeding,4way,0.0,20,WiFi,-68,95.0,12.0,0.049,40.305123068597105,21.80628547708976,Unintentional
User_69,2025-02-28 03:37:49,0.34,0.4761,Running,Zep,Speeding,4way,1.0,10,4G,-119,91.0,24.0,0.0061715877148026,40.2803863573692,21.75211294819488,Unintentional
User_42,2025-02-28 05:44:30,0.738,0.2296,Driving,Zep,Reckless_Driving,1way,1.0,10,4G,-83,8.0,1.0,0.036,40.27900043194568,21.75416406978017,Unintentional
User_47,2025-02-28 07:12:09,0.585,0.2242,Driving,Ligeris,Reckless_Driving,1way,0.0,10,3G,-111,35.0,-8.0,0.025,40.30551626751647,21.808664383044608,Unintentional
User_06,2025-02-28 08:28:53,0.584,0.4845,Driving,Ligeris,Reckless_Driving,4way,1.0,40,3G,-112,18.0,19.0,0.0015891606343286,40.30623060746942,21.807429448518075,Unintentional
User_76,2025-02-28 13:11:15,0.355,0.3151,Driving,Zep,Driving_Under_Influence,4way,1.0,70,5G,-103,10.0,25.0,0.0059988755935441,40.27972567829132,21.75346085272193,Unintentional
User_65,2025-02-28 13:44:14,0.448,0.1921,Driving,Ligeris,Reckless_Driving,1way,2.0,30,5G,-88,58.0,-20.0,0.0024731314574804,40.30597492997082,21.80912283327017,Unintentional
User_75,2025-02-28 14:05:02,0.409,0.2901,Driving,Zep,Driving_Under_Influence,2way,0.0,50,WiFi,-58,92.0,19.0,0.0069039744306522,40.28017217499446,21.75282579672977,Unintentional
User_63,2025-02-28 15:16:17,0.543,0.2336,Walking,Zep,Driving_Under_Influence,2way,0.0,Illegal_Parking,WiFi,-72,87.0,6.0,0.034,40.27802526633001,21.75340367116207,Unintentional
User_50,2025-02-28 15:35:43,0.398,0.3496,Running,Ligeris,Speeding,4way,0.0,60,3G,-87,79.0,-17.0,0.0065368608373613,40.30549419583205,21.80559930600086,Unintentional
User_38,2025-02-28 16:45:21,0.306,0.4231,Running,Koila,Reckless_Driving,4way,0.0,80,WiFi,-52,14.0,-25.0,0.0010952380198329,40.32323660147686,21.792092466004465,Unintentional
User_18,2025-02-28 18:04:30,0.251,0.5075,Running,Zep,Driving_Under_Influence,2way,0.0,Lane_Discards,4G,-100,58.0,-4.0,0.039,40.278791121541005,21.751912547431015,Unintentional
User_58,2025-02-28 19:18:45,0.465,0.151,Driving,Koila,Driving_Under_Influence,4way,2.0,50,WiFi,-81,84.0,-25.0,0.0076535237124543,40.322378646854894,21.793575819029535,Unintentional
User_54,2025-02-28 19:38:49,0.327,0.3909,Walking,Ligeris,Driving_Under_Influence,2way,150.0,10,5G,-88,18.0,18.0,0.0071625975264106,40.307326859726885,21.80776752001567,Unintentional
User_91,2025-02-28 23:03:01,0.587,0.4218,Running,Zep,Driving_Under_Influence,1way,0.0,Harassing_Driver,5G,-106,68.0,14.0,0.048,40.279190302598536,21.75531168787556,Unintentional
User_54,2025-02-28 23:20:56,0.327,0.5641,Running,Ligeris,Driving_Under_Influence,4way,0.0,50,3G,-98,24.0,24.0,0.0074974959136623,40.3045271549276,21.80793000879207,Unintentional
User_65,2025-02-28 23:22:53,0.448,0.1931,Running,Koila,Speeding,1way,0.0,10,3G,-105,44.0,21.0,0.0060898873211415,40.32127493641618,21.79111833774324,Unintentional
User_86,2025-02-28 23:36:10,0.469,0.1191,Walking,Ligeris,Speeding,4way,0.0,90,4G,-102,50.0,-2.0,0.044,40.30581679928827,21.791256784153244,Unintentional
User_50,2025-03-01 00:46:37,0.398,0.3506,Driving,Koila,Driving_Under_Influence,1way,3.0,20,5G,-107,36.0,23.0,0.0022857633848987,40.32197159697755,21.791596286355404,Unintentional
User_83,2025-03-01 01:40:07,0.309,0.4775,Running,Zep,Driving_Under_Influence,1way,0.0,10,4G,-97,14.0,-21.0,0.0089266946218017,40.28004628901693,21.752815172954804,Unintentional
User_07,2025-03-01 06:03:38,0.625,0.1994,Walking,Ligeris,Speeding,4way,140.0,30,WiFi,-90,39.0,10.0,0.048,40.305619127026304,21.809292682958535,Unintentional
User_49,2025-03-01 06:29:48,0.637,0.4593,Running,Koila,Reckless_Driving,2way,1.0,10,3G,-82,1.0,-17.0,0.0023786305573398,40.32210700311159,21.79128307155827,Unintentional
User_53,2025-03-01 09:50:12,0.313,0.2176,Walking,Koila,Driving_Under_Influence,4way,0.0,Harassing_Driver,5G,-116,54.0,11.0,0.043,40.3218417266077,21.79309554206588,Unintentional
User_88,2025-03-01 11:59:35,0.471,0.2457,Walking,Ligeris,Reckless_Driving,2way,1.0,50,3G,-81,96.0,2.0,0.04,40.30535231288182,21.808333534011517,Unintentional
User_92,2025-03-01 15:16:55,0.694,0.2952,Driving,Koila,Driving_Under_Influence,2way,160.0,70,WiFi,-81,73.0,24.0,0.0098815951873857,40.322034016495365,21.791265885407764,Unintentional
User_70,2025-03-01 15:40:41,0.601,0.2139,Running,Koila,Driving_Under_Influence,1way,1.0,70,3G,-96,2.0,17.0,0.0011024883470171,40.32209818568944,21.791374165139597,Unintentional
User_52,2025-03-01 18:18:00,0.544,0.1962,Running,Koila,Driving_Under_Influence,2way,0.0,40,3G,-72,91.0,-10.0,0.033,40.32210529539897,21.79151426210498,Unintentional
User_17,2025-03-01 18:38:33,0.631,0.2588,Running,Koila,Reckless_Driving,2way,1.0,50,WiFi,-87,5.0,0.0,0.049,40.32294968849141,21.791256784153244,Unintentional
User_67,2025-03-01 18:49:29,0.529,0.3296,Walking,Ligeris,Driving_Under_Influence,1way,0.0,10,3G,-118,49.0,-19.0,0.0046572973940307,40.30505410151555,21.80880365155348,Unintentional
User_61,2025-03-01 18:51:18,0.546,0.1997,Driving,Zep,Driving_Under_Influence,4way,3.0,10,5G,-101,22.0,-16.0,0.032,40.28071956699012,21.753612957131377,Unintentional
User_98,2025-03-01 23:05:12,0.46,0.2718,Driving,Ligeris,Speeding,2way,0.0,30,5G,-105,35.0,-5.0,0.038,40.30575330494822,21.807833574663775,Unintentional
User_31,2025-03-01 23:39:35,0.56,0.4724,Running,Zep,Driving_Under_Influence,4way,1.0,50,4G,-100,69.0,-18.0,0.0065193336183394,40.278979967147805,21.754042936208307,Unintentional
User_77,2025-03-02 00:37:22,0.428,0.1375,Walking,Ligeris,Speeding,2way,0.0,30,4G,-71,78.0,-23.0,0.005653142335994,40.305121794826306,21.808211929628552,Unintentional
User_65,2025-03-02 00:49:48,0.46,0.1961,Driving,Zep,Reckless_Driving,1way,0.0,30,WiFi,-56,88.0,25.0,0.0036932132516909,40.27979843095377,21.752479450210437,Unintentional
User_50,2025-03-02 09:16:19,0.398,0.3536,Running,Ligeris,Reckless_Driving,2way,0.0,40,3G,-90,75.0,-8.0,0.035,40.30736625160793,21.80579728482456,Unintentional
User_86,2025-03-02 09:54:21,0.469,0.1231,Walking,Ligeris,Reckless_Driving,2way,1.0,30,WiFi,-71,3.0,7.0,0.021,40.30524223892299,21.80748115961621,Unintentional
User_26,2025-03-02 12:26:39,0.408,0.3695,Walking,Koila,Speeding,2way,1.0,10,5G,-87,79.0,-20.0,0.0021211628316823,40.32324059264245,21.792344612490908,Unintentional
User_25,2025-03-02 19:06:19,0.408,0.2578,Running,Ligeris,Speeding,1way,1.0,10,4G,-87,63.0,8.0,0.048,40.307319236934504,21.807297689429845,Unintentional
User_88,2025-03-03 06:14:08,0.471,0.2497,Running,Ligeris,Driving_Under_Influence,2way,1.0,10,WiFi,-72,41.0,-5.0,0.04,40.30617790592965,21.80782146987541,Unintentional
User_80,2025-03-03 06:46:22,0.704,0.2827,Walking,Ligeris,Driving_Under_Influence,4way,2.0,30,5G,-88,44.0,-19.0,0.0092621942139777,40.30488902444389,21.806643229270676,Unintentional
User_77,2025-03-03 10:10:10,0.428,0.1395,Running,Koila,Driving_Under_Influence,1way,3.0,40,WiFi,-59,24.0,-8.0,0.047,40.32111781495367,21.791029274951676,Unintentional
User_02,2025-03-03 10:33:21,0.529,0.4226,Driving,Zep,Reckless_Driving,2way,2.0,40,5G,-107,67.0,-25.0,0.0048411391854941,40.27917948829693,21.755278944036856,Unintentional
User_73,2025-03-03 14:49:22,0.325,0.3137,Running,Zep,Speeding,4way,1.0,30,WiFi,-68,76.0,-17.0,0.0053403928975602,40.279270913626355,21.75346598723078,Unintentional
User_95,2025-03-03 18:28:22,0.545,0.3969,Walking,Koila,Reckless_Driving,1way,1.0,50,WiFi,-63,14.0,-18.0,0.0028713247005823,40.32190098135002,21.791813794266844,Unintentional
User_31,2025-03-03 23:07:38,0.56,0.4764,Running,Koila,Speeding,2way,0.0,30,WiFi,-62,1.0,-11.0,0.036,40.32209398124472,21.791475481747963,Unintentional
User_93,2025-03-04 01:22:44,0.588,0.1452,Walking,Koila,Reckless_Driving,2way,1.0,50,4G,-80,41.0,-23.0,0.0061101513278591,40.32223434063187,21.791770846376263,Unintentional
User_80,2025-03-04 02:14:20,0.704,0.2847,Running,Zep,Driving_Under_Influence,4way,160.0,40,3G,-88,4.0,24.0,0.0035889357125158,40.278394109078405,21.75330485210882,Unintentional
User_25,2025-03-04 05:00:36,0.408,0.5641,Driving,Zep,Reckless_Driving,1way,0.0,40,5G,-116,63.0,5.0,0.027,40.27833355045255,21.75330241490959,Unintentional
User_36,2025-03-04 06:24:44,0.563,0.5129,Driving,Zep,Driving_Under_Influence,2way,2.0,10,4G,-106,1.0,-22.0,0.0040860478851685,40.27875248326184,21.753963958266183,Unintentional
User_06,2025-03-04 08:23:15,0.584,0.4935,Running,Ligeris,Reckless_Driving,1way,0.0,Illegal_Parking,3G,-90,19.0,12.0,0.026,40.30695535718791,21.808962797831647,Unintentional
User_76,2025-03-04 09:15:10,0.355,0.3231,Walking,Ligeris,Reckless_Driving,1way,0.0,60,4G,-111,66.0,0.0,0.033,40.30616294257498,21.80816092560769,Unintentional
User_22,2025-03-04 13:51:42,0.413,0.1719,Walking,Ligeris,Speeding,1way,0.0,50,WiFi,-63,70.0,11.0,0.031,40.30580464697142,21.807173836584816,Unintentional
User_88,2025-03-04 16:48:59,0.471,0.2507,Walking,Zep,Driving_Under_Influence,2way,0.0,30,3G,-96,70.0,-7.0,0.038,40.27951345060639,21.75366775507594,Unintentional
User_70,2025-03-04 21:50:04,0.601,0.2199,Running,Zep,Speeding,4way,0.0,30,WiFi,-71,66.0,-1.0,0.048,40.279486046781095,21.753819123063973,Unintentional
User_12,2025-03-04 22:03:03,0.67,0.4772,Driving,Ligeris,Driving_Under_Influence,2way,0.0,60,WiFi,-87,52.0,7.0,0.025,40.305459925691856,21.807111862586925,Unintentional
User_38,2025-03-05 07:23:39,0.306,0.4331,Driving,Koila,Reckless_Driving,1way,0.0,60,4G,-119,49.0,24.0,0.0077564584847868,40.32261725076949,21.791179312081127,Unintentional
User_95,2025-03-05 11:16:47,0.545,0.3999,Walking,Zep,Speeding,2way,0.0,20,5G,-120,54.0,20.0,0.0065813628265541,40.28057194892746,21.75298223773525,Unintentional
User_89,2025-03-05 11:40:30,0.336,0.1391,Running,Ligeris,Speeding,1way,0.0,Illegal_Parking,4G,-113,62.0,24.0,0.0074873933521037,40.30663711423057,21.80907367013991,Unintentional
User_43,2025-03-05 15:19:17,0.416,0.2867,Walking,Zep,Reckless_Driving,2way,0.0,100,4G,-81,14.0,-25.0,0.005653142335994,40.27930015673247,21.754168733477833,Unintentional
User_55,2025-03-05 18:30:00,0.447,0.4624,Driving,Ligeris,Driving_Under_Influence,4way,1.0,40,4G,-114,50.0,21.0,0.006696343782633,40.3057546987406,21.806876736362774,Unintentional
User_15,2025-03-05 19:21:55,0.627,0.4341,Walking,Ligeris,Speeding,4way,1.0,40,4G,-88,40.0,6.0,0.024,40.307310965182616,21.80619285985158,Unintentional
User_78,2025-03-05 22:00:27,0.347,0.3666,Driving,Koila,Driving_Under_Influence,2way,0.0,Illegal_Parking,5G,-109,49.0,-1.0,0.041,40.32271131071652,21.791162250891297,Unintentional
User_01,2025-03-05 22:18:01,0.619,0.3998,Running,Ligeris,Speeding,1way,150.0,20,WiFi,-88,61.0,-19.0,0.0032616848601132,40.306033774903064,21.807545530437743,Unintentional
User_46,2025-03-05 22:29:46,0.519,0.4686,Running,Zep,Speeding,2way,0.0,Lane_Discards,WiFi,-76,100.0,25.0,0.0022300294125794,40.27878804205375,21.753262365922343,Unintentional
User_68,2025-03-06 00:32:27,0.472,0.1609,Running,Zep,Speeding,2way,2.0,80,5G,-101,39.0,18.0,0.0097077869641351,40.28048414118232,21.753807089510477,Unintentional
User_95,2025-03-06 01:53:04,0.545,0.4019,Driving,Zep,Speeding,4way,3.0,10,WiFi,-85,17.0,-25.0,0.0065202826180767,40.2812498166575,21.75397004059761,Unintentional
User_24,2025-03-06 05:54:00,0.445,0.2106,Driving,Ligeris,Driving_Under_Influence,1way,0.0,80,5G,-85,44.0,22.0,0.0051481762831285,40.30636539573755,21.807454247796223,Unintentional
User_49,2025-03-06 06:02:03,0.637,0.4693,Running,Ligeris,Driving_Under_Influence,1way,0.0,10,4G,-100,29.0,17.0,0.003995162172065,40.30495769045644,21.80736844264269,Unintentional
User_95,2025-03-06 07:57:42,0.545,0.4029,Walking,Koila,Driving_Under_Influence,2way,0.0,50,4G,-87,27.0,-11.0,0.03,40.32151334993985,21.79183946022481,Unintentional
User_19,2025-03-06 08:18:45,0.745,0.5095,Running,Ligeris,Reckless_Driving,2way,0.0,60,WiFi,-75,37.0,17.0,0.0047072516513564,40.30559130465646,21.806193542845243,Unintentional
User_75,2025-03-06 08:33:38,0.409,0.3011,Walking,Zep,Reckless_Driving,4way,0.0,40,WiFi,-56,14.0,21.0,0.006261718311175,40.306230115631266,21.753696084792352,Unintentional
User_78,2025-03-06 09:03:57,0.347,0.3686,Driving,Ligeris,Speeding,1way,0.0,20,WiFi,-88,38.0,-6.0,0.023,40.306230115631266,21.807979691488818,Unintentional
User_33,2025-03-06 10:26:43,0.634,0.3432,Driving,Ligeris,Speeding,2way,1.0,10,3G,-89,28.0,-13.0,0.048,40.30667268124304,21.806020657261666,Unintentional
User_36,2025-03-06 11:16:37,0.563,0.5169,Running,Koila,Driving_Under_Influence,1way,1.0,20,WiFi,-78,9.0,8.0,0.044,40.32320981810392,21.790000586359373,Unintentional
User_29,2025-03-06 14:59:55,0.415,0.2924,Driving,Zep,Reckless_Driving,2way,0.0,20,5G,-81,15.0,-14.0,0.031,40.279461041675994,21.7530903566146,Unintentional
User_32,2025-03-06 15:57:03,0.464,0.149,Walking,Ligeris,Reckless_Driving,1way,0.0,80,4G,-101,60.0,-22.0,0.0071447098330224,40.30614298287662,21.806740327685823,Unintentional
User_42,2025-03-06 17:23:21,0.738,0.2426,Driving,Ligeris,Reckless_Driving,4way,0.0,40,5G,-89,41.0,9.0,0.026,40.30711379442217,21.807652647648645,Unintentional
User_52,2025-03-06 18:40:49,0.544,0.2062,Driving,Zep,Speeding,2way,1.0,30,5G,-100,44.0,23.0,0.002354531189956,40.27997151249336,21.754677970958944,Unintentional
User_16,2025-03-06 19:27:56,0.513,0.3357,Running,Koila,Driving_Under_Influence,4way,0.0,40,4G,-108,20.0,11.0,0.038,40.32331765532214,21.79145762563819,Unintentional
User_85,2025-03-06 19:32:40,0.254,0.2553,Walking,Koila,Reckless_Driving,2way,2.0,70,3G,-98,23.0,16.0,0.024,40.320334096026215,21.791492840298716,Unintentional
User_30,2025-03-06 23:44:25,0.413,0.2194,Running,Ligeris,Speeding,4way,1.0,40,3G,-111,32.0,-19.0,0.0026800976511573,40.30576389826542,21.80753122660224,Unintentional
User_58,2025-03-07 01:49:12,0.465,0.164,Driving,Zep,Driving_Under_Influence,4way,2.0,30,5G,-94,90.0,24.0,0.0083398007516518,40.27951654442592,21.75298292999846,Unintentional
User_49,2025-03-07 08:45:32,0.637,0.4713,Driving,Zep,Driving_Under_Influence,1way,1.0,40,5G,-79,97.0,-24.0,0.0073886252225758,40.280104504062514,21.753611596993185,Unintentional
User_19,2025-03-07 08:49:38,0.745,0.5125,Driving,Koila,Speeding,2way,1.0,60,5G,-100,26.0,16.0,0.042,40.32162063278861,21.789989999082408,Unintentional
User_55,2025-03-07 11:42:18,0.447,0.4664,Walking,Ligeris,Reckless_Driving,4way,0.0,10,5G,-120,95.0,-14.0,0.04,40.307995542555105,21.80781242597114,Unintentional
User_50,2025-03-07 12:18:56,0.398,0.3636,Driving,Ligeris,Reckless_Driving,2way,1.0,40,3G,-93,97.0,-10.0,0.049,40.30609194861694,21.80659912809038,Unintentional
User_71,2025-03-07 17:23:33,0.256,0.1343,Walking,Koila,Speeding,4way,0.0,40,5G,-91,38.0,-22.0,0.0050524052148177,40.32142021823043,21.79008645442607,Unintentional
User_93,2025-03-07 19:08:49,0.588,0.1522,Driving,Koila,Driving_Under_Influence,2way,0.0,30,5G,-106,43.0,-14.0,0.046,40.32185831029013,21.791179165168685,Unintentional
User_32,2025-03-07 22:17:47,0.464,0.151,Walking,Ligeris,Driving_Under_Influence,2way,0.0,50,4G,-100,32.0,-17.0,0.0096219511152425,40.30614068162833,21.807338248780717,Unintentional
User_07,2025-03-07 23:59:36,0.625,0.2124,Walking,Koila,Driving_Under_Influence,4way,0.0,30,5G,-85,82.0,-9.0,0.035,40.32304458461819,21.793060433514764,Unintentional
User_04,2025-03-08 00:57:17,0.662,0.1847,Driving,Ligeris,Reckless_Driving,2way,0.0,30,3G,-99,35.0,-10.0,0.041,40.305076763166376,21.80705824549155,Unintentional
User_20,2025-03-08 01:53:05,0.334,0.4541,Walking,Ligeris,Speeding,2way,1.0,70,WiFi,-62,52.0,-18.0,0.0094195424709318,40.3061598553848,21.80776038957869,Unintentional
User_90,2025-03-08 03:01:07,0.525,0.1928,Running,Ligeris,Reckless_Driving,4way,0.0,70,WiFi,-55,8.0,-8.0,0.044,40.3073076566848,21.808188063189135,Unintentional
User_71,2025-03-08 03:02:31,0.256,0.1353,Walking,Zep,Speeding,2way,140.0,60,5G,-88,99.0,23.0,0.0078815643237532,40.27865988529082,21.751517511531045,Unintentional
User_08,2025-03-08 04:43:43,0.347,0.4918,Running,Ligeris,Speeding,1way,3.0,80,3G,-113,78.0,20.0,0.0097898100795687,40.30716720347122,21.807407600231524,Unintentional
User_77,2025-03-08 09:30:02,0.428,0.1495,Walking,Ligeris,Driving_Under_Influence,1way,1.0,60,WiFi,-73,94.0,19.0,0.0095189010566497,40.30721439618837,21.80712144940962,Unintentional
User_56,2025-03-08 10:34:49,0.374,0.1457,Walking,Zep,Reckless_Driving,1way,0.0,10,WiFi,-62,2.0,2.0,0.024,40.27832832042183,21.75378756717972,Unintentional
User_20,2025-03-08 12:05:07,0.334,0.4551,Running,Zep,Driving_Under_Influence,4way,1.0,10,4G,-88,40.0,24.0,0.0072947011551384,40.279193673942466,21.75242922956773,Unintentional
User_47,2025-03-08 15:05:05,0.585,0.2402,Walking,Koila,Speeding,4way,0.0,30,3G,-81,46.0,-20.0,0.0015419048202938,40.32318060235977,21.7918635696508,Unintentional
User_55,2025-03-08 15:08:37,0.447,0.4694,Walking,Koila,Reckless_Driving,2way,0.0,50,4G,-100,72.0,0.0,0.03,40.321752578633095,21.791256784153244,Unintentional
User_51,2025-03-09 01:49:52,0.613,0.515,Running,Ligeris,Speeding,2way,0.0,40,3G,-97,43.0,13.0,0.049,40.30599955477029,21.807959770780982,Unintentional
User_06,2025-03-09 02:13:18,0.584,0.5025,Driving,Koila,7,2way,0.0,30,5G,-99,81.0,8.0,0.043,40.32134051184403,21.791967311344656,Unintentional
User_57,2025-03-09 11:22:36,0.372,0.2472,Driving,Zep,Reckless_Driving,1way,1.0,20,WiFi,-77,92.0,-21.0,0.004687816685564,40.279707351538704,21.791256784153244,Unintentional
User_08,2025-03-09 11:29:21,0.347,0.4928,Walking,Ligeris,9,2way,1.0,30,5G,-114,49.0,-18.0,0.004817489900857,40.30462938013741,21.80790046471092,Unintentional
User_62,2025-03-09 11:56:52,0.366,0.2432,Running,Zep,Driving_Under_Influence,2way,140.0,70,WiFi,-60,38.0,-21.0,0.0079530543662156,40.28046724801023,21.75395928392607,Unintentional
User_97,2025-03-09 14:48:14,0.337,0.4143,Walking,Zep,Speeding,2way,0.0,20,3G,-94,52.0,25.0,0.0050399807279088,40.27875164450549,21.7536102079681,Unintentional
User_72,2025-03-09 16:41:30,0.567,0.1765,Driving,Koila,Reckless_Driving,4way,0.0,60,4G,-106,25.0,-2.0,0.05,40.32258135456073,21.792574647295645,Unintentional
User_21,2025-03-09 16:44:25,0.303,0.1472,Walking,Ligeris,Reckless_Driving,4way,1.0,60,WiFi,-90,98.0,-24.0,0.0090151896518584,40.30692495009887,21.80957222025751,Unintentional
User_61,2025-03-09 23:44:11,0.546,0.2157,Running,Zep,Speeding,1way,1.0,100,4G,-106,90.0,-18.0,0.0061014144967748,40.27928849193477,21.752467229015984,Unintentional
User_58,2025-03-10 01:34:30,0.465,0.17,Running,Koila,Speeding,1way,1.0,40,WiFi,-91,30.0,-3.0,0.029,40.32201633954433,21.79187910749165,Unintentional
User_93,2025-03-10 08:21:18,0.588,0.1572,Running,Koila,7,2way,0.0,70,5G,-86,100.0,-25.0,0.0093883736524918,40.32217704359897,21.79128642963379,Unintentional
User_08,2025-03-10 11:25:42,0.46,0.4958,Running,Koila,Speeding,4way,2.0,50,5G,-104,61.0,-21.0,0.0039926487800379,40.32214717197863,21.791554529027103,Unintentional
User_99,2025-03-10 12:11:44,0.465,0.3474,Driving,Zep,Speeding,1way,3.0,50,WiFi,-59,82.0,-7.0,0.022,40.27959177116218,21.753519547460623,Unintentional
User_70,2025-03-10 14:32:39,0.601,0.2319,Running,Ligeris,Driving_Under_Influence,1way,0.0,50,3G,-73,41.0,15.0,0.04,40.306319532782425,21.807815996711707,Unintentional
User_44,2025-03-10 14:51:57,0.332,0.2206,Walking,Zep,Driving_Under_Influence,2way,4.0,10,4G,-87,95.0,-19.0,0.0057818779609877,40.27927366138288,21.750988887257364,Unintentional
User_02,2025-03-10 15:50:07,0.529,0.4366,Walking,Koila,Speeding,1way,1.0,60,5G,-87,22.0,20.0,0.0086604641001052,40.32250351859703,21.79127129327424,Unintentional
User_95,2025-03-10 17:00:59,0.545,0.4109,Running,Zep,Driving_Under_Influence,1way,3.0,40,WiFi,-63,91.0,22.0,0.0017603403774856,40.27981955638096,21.75292849064304,Unintentional
User_71,2025-03-10 23:55:11,0.256,0.1403,Running,Zep,Driving_Under_Influence,2way,1.0,90,WiFi,-81,29.0,-16.0,0.034,40.27951003457336,21.753134511239157,Unintentional
User_79,2025-03-11 01:17:21,0.389,0.256,Walking,Koila,Reckless_Driving,2way,1.0,50,4G,-88,78.0,-22.0,0.0092668834778876,40.321098903592144,21.79194234880513,Unintentional
User_63,2025-03-11 04:44:47,0.543,0.2546,Running,Ligeris,Reckless_Driving,2way,1.0,50,5G,-112,99.0,-7.0,0.043,40.30635736441515,21.807804238227213,Unintentional
User_54,2025-03-11 05:03:02,0.327,0.4129,Running,Ligeris,Speeding,4way,1.0,60,WiFi,-72,94.0,-1.0,0.049,40.30655291753688,21.8071578013094,Unintentional
User_15,2025-03-11 05:51:19,0.627,0.4461,Walking,Ligeris,Speeding,2way,0.0,90,3G,-97,8.0,-25.0,0.0018833918789335,40.307383735760226,21.806031745892128,Unintentional
User_22,2025-03-11 08:43:39,0.413,0.1849,Driving,Zep,8,2way,1.0,50,3G,-90,32.0,13.0,0.035,40.27933242747532,21.75232240303316,Unintentional
User_56,2025-03-11 12:27:51,0.374,0.1507,Walking,Zep,Driving_Under_Influence,1way,0.0,40,WiFi,-78,91.0,3.0,0.037,40.279969349550974,21.752866299998427,Unintentional
User_06,2025-03-11 15:23:38,0.584,0.5075,Driving,Zep,Reckless_Driving,2way,1.0,40,4G,-115,99.0,-8.0,0.024,40.279409499863505,21.753521112241295,Unintentional
User_55,2025-03-11 16:36:36,0.447,0.4744,Driving,Koila,Speeding,2way,0.0,80,5G,-71,73.0,0.0,0.03,40.320737449465675,21.791193864491156,Unintentional
User_83,2025-03-11 22:43:18,0.309,0.4985,Running,Zep,8,2way,0.0,40,3G,-94,82.0,16.0,0.041,40.27915625831473,21.75346683697867,Unintentional
User_90,2025-03-12 07:50:47,0.525,0.2008,Driving,Koila,Reckless_Driving,4way,0.0,80,WiFi,-65,10.0,24.0,0.0058683015028871,40.3215159439642,21.792924318755237,Unintentional
User_19,2025-03-12 08:25:29,0.745,0.5215,Running,Koila,Driving_Under_Influence,4way,1.0,20,5G,-99,71.0,7.0,0.039,40.32186679944813,21.7903643612021,Unintentional
User_10,2025-03-12 09:15:40,0.315,0.4908,Running,Zep,Reckless_Driving,2way,0.0,130,4G,-115,17.0,-18.0,0.0021695697545724,40.28012984119447,21.75415699110575,Unintentional
User_96,2025-03-12 10:18:12,0.46,0.3981,Running,Zep,Speeding,1way,0.0,30,4G,-74,43.0,-15.0,0.031,40.2795199322077,21.75329213299586,Unintentional
User_58,2025-03-12 11:02:15,0.465,0.174,Walking,Zep,Reckless_Driving,2way,0.0,30,3G,-94,21.0,-18.0,0.0085841442250359,40.28130273775235,21.75290666296717,Unintentional
User_82,2025-03-12 15:57:51,0.324,0.3539,Walking,Koila,Reckless_Driving,4way,1.0,30,WiFi,-79,20.0,-4.0,0.048,40.32151177924757,21.791948215525174,Unintentional
User_44,2025-03-12 17:38:46,0.332,0.2246,Running,Zep,Reckless_Driving,4way,1.0,30,5G,-88,7.0,21.0,0.003232536606749,40.27840587736367,21.75292888587403,Unintentional
User_41,2025-03-13 00:17:07,0.628,0.3041,Driving,Koila,Driving_Under_Influence,2way,0.0,30,WiFi,-67,92.0,-13.0,0.045,40.32263778543292,21.791256784153244,Unintentional
User_46,2025-03-13 02:20:56,0.519,0.4836,Driving,Koila,Driving_Under_Influence,1way,1.0,30,3G,-99,33.0,-24.0,0.0068948902064946,40.3222077485599,21.79007728893932,Unintentional
User_48,2025-03-13 05:12:32,0.599,0.4114,Driving,Ligeris,Driving_Under_Influence,2way,0.0,30,4G,-88,79.0,25.0,0.005239198055982,40.30561226255213,21.808124273601567,Unintentional
User_14,2025-03-13 05:20:05,0.393,0.3494,Walking,Ligeris,Reckless_Driving,2way,0.0,10,4G,-103,24.0,23.0,0.0013877384361457,40.30709938588042,21.80544324639356,Unintentional
User_01,2025-03-13 05:58:58,0.619,0.4148,Driving,Koila,Reckless_Driving,2way,1.0,90,WiFi,-84,10.0,-19.0,0.0037585363720703,40.32125703942648,21.790891133155913,Unintentional
User_80,2025-03-13 08:07:32,0.704,0.3027,Running,Ligeris,Driving_Under_Influence,2way,1.0,10,4G,-90,59.0,5.0,0.024,40.30636835568309,21.807338442345703,Unintentional
User_92,2025-03-13 11:50:22,0.694,0.3182,Driving,Koila,Driving_Under_Influence,2way,1.0,70,3G,-118,9.0,-16.0,0.026,40.32114565315297,21.79024774806963,Unintentional
User_51,2025-03-13 14:32:37,0.613,0.524,Walking,Zep,Driving_Under_Influence,4way,4.0,30,WiFi,-61,49.0,17.0,0.0014065015762432,40.279163686414975,21.75189427120461,Unintentional
User_93,2025-03-13 14:35:07,0.588,0.1642,Running,Koila,Speeding,1way,1.0,10,WiFi,-87,35.0,24.0,0.0095716683252909,40.306230115631266,21.791842013064016,Unintentional
User_15,2025-03-13 15:19:35,0.627,0.4501,Driving,Ligeris,Speeding,1way,0.0,70,3G,-91,50.0,-17.0,0.003358943888875,40.30669575694205,21.8070997145636,Unintentional
User_64,2025-03-13 15:29:38,0.511,0.4948,Walking,Zep,Speeding,2way,4.0,40,WiFi,-80,20.0,-25.0,0.0065538821372752,40.279509407250934,21.75347911599392,Unintentional
User_61,2025-03-13 18:11:42,0.546,0.2227,Running,Zep,Speeding,1way,0.0,20,WiFi,-64,56.0,-14.0,0.046,40.280174039070374,21.754537136624865,Unintentional
User_77,2025-03-13 20:32:37,0.428,0.1605,Driving,Koila,Speeding,2way,1.0,80,WiFi,-80,82.0,-5.0,0.045,40.32178756562099,21.793388657229514,Unintentional
User_75,2025-03-13 21:27:20,0.409,0.3161,Walking,Koila,Speeding,2way,2.0,10,5G,-107,9.0,-25.0,0.0088470676889567,40.32092238850553,21.7899475215719,Unintentional
User_17,2025-03-13 21:38:29,0.631,0.2828,Driving,Ligeris,Driving_Under_Influence,4way,1.0,20,3G,-92,95.0,-21.0,0.0080021687667239,40.3063831449125,21.80748683459291,Unintentional
User_53,2025-03-13 21:44:16,0.313,0.2426,Running,Ligeris,Driving_Under_Influence,1way,0.0,Harassing_Driver,4G,-114,87.0,-22.0,0.0041445512956478,40.306433509549315,21.80716425836781,Unintentional
User_90,2025-03-13 22:38:03,0.525,0.2028,Walking,Zep,Driving_Under_Influence,2way,0.0,30,3G,-85,70.0,8.0,0.029,40.280676164561626,21.75217961090038,Unintentional
User_61,2025-03-13 22:53:59,0.546,0.2237,Walking,Ligeris,Driving_Under_Influence,1way,1.0,60,3G,-73,18.0,-21.0,0.0099429700416441,40.30602654538848,21.80682651559568,Unintentional
User_43,2025-03-13 22:59:37,0.416,0.3027,Walking,Zep,Driving_Under_Influence,4way,4.0,40,5G,-112,61.0,9.0,0.048,40.279575207958075,21.753836637855603,Unintentional
User_01,2025-03-13 23:50:39,0.619,0.4158,Driving,Ligeris,Speeding,2way,0.0,10,4G,-73,80.0,-12.0,0.026,40.30638547308957,21.806427158970884,Unintentional
User_48,2025-03-14 01:34:32,0.599,0.4124,Running,Zep,Driving_Under_Influence,1way,1.0,50,WiFi,-63,60.0,24.0,0.0065904824880503,40.28112939683747,21.75237037261686,Unintentional
User_20,2025-03-14 02:02:03,0.334,0.4661,Driving,Ligeris,Speeding,2way,1.0,60,3G,-103,55.0,17.0,0.0099888680913204,40.30650397489929,21.80764071070047,Unintentional
User_56,2025-03-14 06:59:20,0.374,0.1567,Running,Koila,Speeding,2way,0.0,20,WiFi,-56,74.0,12.0,0.026,40.32233099045663,21.790235334863485,Unintentional
User_22,2025-03-14 09:40:55,0.413,0.1909,Running,Ligeris,Reckless_Driving,2way,1.0,90,5G,-80,69.0,-20.0,0.0013488452931371,40.30625692609681,21.808601530153865,Unintentional
User_15,2025-03-14 10:39:41,0.627,0.4511,Walking,Zep,Speeding,1way,1.0,60,4G,-76,29.0,21.0,0.0055157408192501,40.27942446663277,21.753012576285073,Unintentional
User_62,2025-03-14 14:28:30,0.366,0.2542,Running,Zep,Reckless_Driving,2way,0.0,80,WiFi,-84,45.0,5.0,0.028,40.27793661263811,21.75240526739813,Unintentional
User_73,2025-03-14 19:34:21,0.325,0.3357,Running,Zep,Reckless_Driving,1way,1.0,40,4G,-87,89.0,-25.0,0.0012720924132297,40.279763328436566,21.752853591745943,Unintentional
User_23,2025-03-14 20:19:54,0.458,0.294,Walking,Koila,Speeding,2way,3.0,70,WiFi,-68,6.0,11.0,0.043,40.32074791285508,21.79165994531419,Unintentional
User_07,2025-03-14 22:55:16,0.625,0.2264,Running,Ligeris,Speeding,4way,0.0,50,3G,-75,88.0,-3.0,0.047,40.30592402015586,21.807113340642072,Unintentional
User_82,2025-03-15 03:25:25,0.324,0.3589,Walking,Ligeris,Driving_Under_Influence,2way,1.0,70,5G,-93,5.0,22.0,0.0036519915954263,40.30604447103898,21.80833256433328,Unintentional
User_01,2025-03-15 05:11:49,0.619,0.4188,Running,Zep,8,2way,0.0,80,4G,-97,59.0,13.0,0.04,40.28005309129811,21.753060856160868,Unintentional
User_37,2025-03-15 05:56:34,0.306,0.4234,Running,Ligeris,Speeding,2way,150.0,70,WiFi,-60,36.0,24.0,0.0044140220037941,40.30547979916429,21.808224496309844,Unintentional
User_24,2025-03-15 06:27:00,0.445,0.2296,Driving,Zep,Driving_Under_Influence,2way,3.0,60,WiFi,-98,46.0,-17.0,0.0050962491188806,40.28002071410615,21.75369213011931,Unintentional
User_42,2025-03-15 08:22:35,0.738,0.2596,Walking,Koila,Driving_Under_Influence,2way,1.0,40,4G,-89,45.0,23.0,0.0071744969873498,40.32276727868303,21.790527927160163,Unintentional
User_31,2025-03-15 10:49:54,0.56,0.4994,Running,Ligeris,Reckless_Driving,1way,1.0,50,WiFi,-68,32.0,-2.0,0.043,40.30592861214484,21.806119643555647,Unintentional
User_52,2025-03-15 17:41:19,0.544,0.2242,Running,Zep,Speeding,1way,3.0,90,4G,-80,62.0,7.0,0.023,40.27861340987224,21.752959981036906,Unintentional
User_70,2025-03-15 18:55:22,0.601,0.2419,Walking,Koila,Speeding,1way,3.0,70,WiFi,-74,12.0,-11.0,0.043,40.32095253893752,21.79247043799232,Unintentional
User_58,2025-03-15 18:57:02,0.465,0.181,Walking,Zep,Driving_Under_Influence,2way,1.0,80,3G,-97,39.0,23.0,0.0051486647938904,40.278851808548254,21.75391388409506,Unintentional
User_87,2025-03-15 21:13:57,0.709,0.5282,Driving,Ligeris,Driving_Under_Influence,4way,0.0,10,4G,-104,86.0,12.0,0.028,40.306497579855986,21.80739998745894,Unintentional
User_49,2025-03-15 22:30:17,0.637,0.4883,Running,Koila,Driving_Under_Influence,1way,0.0,90,3G,-81,92.0,-23.0,0.0070629896547142,40.32295770921061,21.791516515033052,Unintentional
User_32,2025-03-15 23:53:21,0.464,0.167,Running,Zep,Driving_Under_Influence,2way,2.0,20,WiFi,-63,34.0,4.0,0.028,40.28007259357892,21.752830681262896,Unintentional
User_09,2025-03-15 23:58:52,0.307,0.5328,Walking,Ligeris,Reckless_Driving,1way,4.0,40,4G,-116,32.0,-17.0,0.0068380510667604,40.306004115971994,21.806843890031313,Unintentional
User_64,2025-03-16 00:41:27,0.511,0.4998,Running,Zep,Reckless_Driving,1way,0.0,40,3G,-104,26.0,-5.0,0.029,40.27919224454723,21.7535414433767,Unintentional
User_28,2025-03-16 01:25:22,0.348,0.4583,Walking,Koila,Speeding,1way,0.0,80,4G,-105,21.0,-22.0,0.0021338774695136,40.32319842233519,21.79191133972463,Unintentional
User_92,2025-03-16 03:00:59,0.694,0.3252,Running,Koila,Driving_Under_Influence,4way,0.0,20,WiFi,-58,63.0,19.0,0.0086342707127993,40.32303687824936,21.790992084946627,Unintentional
User_87,2025-03-16 03:38:12,0.709,0.5292,Walking,Ligeris,Reckless_Driving,2way,2.0,60,5G,-70,81.0,-22.0,0.0044855257898474,40.30635574097022,21.808212143658267,Unintentional
User_18,2025-03-16 05:36:55,0.251,0.5395,Driving,Koila,Driving_Under_Influence,2way,0.0,10,WiFi,-69,13.0,-5.0,0.034,40.32246024640545,21.791630194942297,Unintentional
User_83,2025-03-16 06:37:49,0.309,0.5075,Driving,Zep,Speeding,1way,0.0,Lane_Discards,WiFi,-76,85.0,-7.0,0.048,40.279403266436184,21.75320085382057,Unintentional
User_88,2025-03-16 08:04:38,0.471,0.2757,Driving,Ligeris,Reckless_Driving,2way,2.0,60,3G,-103,75.0,-20.0,0.0093330731073899,40.307389115359214,21.80800514506724,Unintentional
User_25,2025-03-16 11:42:41,0.408,0.2848,Walking,Zep,Reckless_Driving,1way,0.0,20,3G,-88,63.0,-18.0,0.0042449029446147,40.279071225814064,21.752375143580363,Unintentional
User_61,2025-03-16 11:42:58,0.546,0.2287,Driving,Zep,Driving_Under_Influence,1way,5.0,40,WiFi,-76,30.0,-25.0,0.006664889455009,40.2793334732516,21.753016318800903,Unintentional
User_07,2025-03-16 11:46:59,0.625,0.2304,Driving,Koila,Driving_Under_Influence,2way,1.0,30,WiFi,-63,58.0,19.0,0.0063156395817783,40.32193185089928,21.790887247878473,Unintentional
User_70,2025-03-16 22:15:37,0.601,0.2439,Running,Koila,Speeding,1way,3.0,80,3G,-70,21.0,21.0,0.0092936679944557,40.32169255619446,21.791978179542618,Unintentional
User_38,2025-03-17 00:54:20,0.306,0.4561,Walking,Ligeris,Reckless_Driving,1way,2.0,40,3G,-88,77.0,13.0,0.045,40.306116901263586,21.807529681997373,Unintentional
User_27,2025-03-17 02:14:56,0.535,0.4021,Running,Koila,Speeding,1way,1.0,90,3G,-78,76.0,-1.0,0.049,40.321870739539875,21.791391636702848,Unintentional
User_70,2025-03-17 06:01:28,0.601,0.2459,Running,Koila,Driving_Under_Influence,1way,1.0,Harassing_Driver,3G,-103,47.0,-9.0,0.04,40.322426387293305,21.79121229778345,Unintentional
User_42,2025-03-17 06:55:41,0.738,0.2636,Walking,Zep,Reckless_Driving,1way,0.0,70,3G,-72,22.0,22.0,0.0053966635561638,40.27897473585098,21.752497108512912,Unintentional
User_56,2025-03-17 08:47:10,0.374,0.1627,Running,Zep,Driving_Under_Influence,4way,0.0,60,4G,-119,66.0,-4.0,0.039,40.280158253360106,21.75338995458716,Unintentional
User_92,2025-03-17 13:52:25,0.694,0.3262,Driving,Koila,Reckless_Driving,1way,1.0,40,4G,-84,14.0,19.0,0.0065240416394973,40.323221370905586,21.7904927464341,Unintentional
User_97,2025-03-17 14:16:22,0.337,0.4313,Running,Zep,Driving_Under_Influence,2way,4.0,80,WiFi,-88,43.0,-25.0,0.0056535887897176,40.279533651659506,21.754849576035415,Unintentional
User_93,2025-03-17 14:23:31,0.588,0.1712,Driving,Koila,Reckless_Driving,2way,2.0,40,4G,-88,43.0,-21.0,0.0059585888099613,40.321930958621785,21.791181701605534,Unintentional
User_59,2025-03-17 14:24:01,0.265,0.3282,Running,Koila,Speeding,2way,0.0,30,WiFi,-103,11.0,20.0,0.007854563547537,40.3231299735433,21.78995225356943,Unintentional
User_53,2025-03-17 15:37:32,0.313,0.2506,Running,Ligeris,Driving_Under_Influence,1way,0.0,20,3G,-72,11.0,-16.0,0.036,40.30640528203953,21.80763290021123,Unintentional
User_45,2025-03-17 15:43:17,0.285,0.4243,Driving,Zep,Driving_Under_Influence,2way,3.0,40,WiFi,-77,19.0,-11.0,0.03,40.28083632041695,21.752974224012217,Unintentional
User_29,2025-03-17 19:33:17,0.415,0.3144,Driving,Zep,Speeding,1way,1.0,110,4G,-89,28.0,-18.0,0.0076634041175012,40.27901007892764,21.751773504906833,Unintentional
User_63,2025-03-17 22:08:49,0.543,0.2676,Walking,Zep,Driving_Under_Influence,1way,1.0,70,3G,-120,93.0,10.0,0.041,40.278890637349264,21.75416538303727,Unintentional
User_16,2025-03-18 00:07:14,0.513,0.3587,Walking,Ligeris,Reckless_Driving,2way,0.0,40,5G,-116,53.0,9.0,0.049,40.304727728910606,21.80695777409771,Unintentional
User_13,2025-03-18 02:36:31,0.75,0.3964,Driving,Koila,Driving_Under_Influence,2way,1.0,90,5G,-88,83.0,9.0,0.03,40.32334193380334,21.79058827920101,Unintentional
User_16,2025-03-18 04:35:43,0.513,0.3597,Driving,Ligeris,Speeding,2way,0.0,Lane_Discards,4G,-81,18.0,-3.0,0.042,40.30680592665227,21.806121436554395,Unintentional
User_85,2025-03-18 05:04:00,0.254,0.2783,Walking,Koila,Speeding,2way,0.0,60,3G,-104,49.0,-18.0,0.0034033187328541,40.322542227800135,21.79294925278957,Unintentional
User_03,2025-03-18 05:46:23,0.568,0.1814,Running,Ligeris,Driving_Under_Influence,4way,1.0,30,WiFi,-70,17.0,11.0,0.026,40.30641243979233,21.807039578216283,Unintentional
User_60,2025-03-18 05:56:37,0.353,0.5178,Driving,Koila,Reckless_Driving,2way,0.0,30,3G,-85,42.0,18.0,0.0086010574812063,40.32219301239411,21.79093051840452,Unintentional
User_03,2025-03-18 08:09:37,0.568,0.1824,Running,Koila,Speeding,2way,0.0,50,5G,-89,93.0,-24.0,0.0024899059051484,40.321867573825415,21.79118463420469,Unintentional
User_100,2025-03-18 09:08:26,0.46,0.407,Walking,Zep,Driving_Under_Influence,2way,0.0,20,3G,-77,81.0,-5.0,0.029,40.27929174612398,21.754827026680474,Unintentional
User_21,2025-03-18 11:34:27,0.303,0.1652,Walking,Zep,Reckless_Driving,1way,0.0,30,4G,-102,86.0,8.0,0.05,40.27954928795468,21.75287098130618,Unintentional
User_69,2025-03-18 13:53:04,0.34,0.5131,Running,Zep,Reckless_Driving,1way,0.0,30,5G,-96,2.0,24.0,0.003094838468747,40.28025353386595,21.75355781739516,Unintentional
User_53,2025-03-18 14:28:07,0.313,0.2516,Running,Zep,Speeding,2way,0.0,30,WiFi,-69,94.0,21.0,0.0033764284183743,40.279726893843915,21.753809852557605,Unintentional
User_27,2025-03-18 17:11:46,0.535,0.4041,Running,Koila,Reckless_Driving,2way,0.0,40,5G,-98,71.0,19.0,0.0015444232258375,40.32168334862514,21.789691911645,Unintentional
User_76,2025-03-18 18:07:43,0.355,0.3521,Driving,Ligeris,Reckless_Driving,1way,1.0,60,WiFi,-56,67.0,-19.0,0.0069510536666162,40.3064527846812,21.807625671895927,Unintentional
User_67,2025-03-18 18:11:05,0.529,0.3646,Driving,Ligeris,Speeding,1way,0.0,70,5G,-105,20.0,2.0,0.041,40.304786389580634,21.808041395012683,Unintentional
User_29,2025-03-18 19:53:31,0.415,0.3174,Running,Ligeris,Reckless_Driving,4way,4.0,50,5G,-100,55.0,-25.0,0.005197150202942,40.30584828556419,21.808390155794285,Unintentional
User_46,2025-03-18 20:54:24,0.519,0.4946,Running,Koila,Driving_Under_Influence,1way,0.0,50,5G,-96,39.0,-24.0,0.0093823102108372,40.2805109615762,21.752584903504925,Unintentional
User_08,2025-03-18 23:48:31,0.347,0.5118,Running,Koila,Driving_Under_Influence,2way,0.0,60,WiFi,-89,49.0,-23.0,0.0050396488569473,40.3209123816035,21.791416796199982,Unintentional
User_77,2025-03-18 23:56:12,0.428,0.5641,Walking,Ligeris,Speeding,1way,0.0,20,3G,-104,66.0,13.0,0.041,40.30677527579552,21.80906806703838,Unintentional
User_44,2025-03-19 04:23:31,0.332,0.2386,Running,Ligeris,Speeding,1way,2.0,70,5G,-118,20.0,17.0,0.0022331350009047,40.30562848758445,21.807909743097746,Unintentional
User_71,2025-03-19 05:52:20,0.256,0.1573,Driving,Koila,Driving_Under_Influence,2way,0.0,120,3G,-70,85.0,-3.0,0.045,40.32358286337972,21.79114444913982,Unintentional
User_27,2025-03-19 07:14:35,0.535,0.4071,Running,Koila,Reckless_Driving,4way,0.0,50,5G,-117,43.0,12.0,0.049,40.32286693543671,21.791372539933526,Unintentional
User_13,2025-03-19 07:35:26,0.75,0.3984,Driving,Zep,Reckless_Driving,2way,0.0,60,4G,-115,88.0,15.0,0.031,40.27870772850768,21.75167957543954,Unintentional
User_52,2025-03-19 07:51:26,0.544,0.2312,Running,Zep,Speeding,1way,1.0,10,4G,-102,1.0,5.0,0.037,40.306230115631266,21.752645928289137,Unintentional
User_24,2025-03-19 09:13:33,0.445,0.2376,Running,Zep,Speeding,1way,2.0,40,3G,-73,95.0,-9.0,0.025,40.27979521234186,21.755473859618533,Unintentional
User_72,2025-03-19 12:15:19,0.567,0.1965,Running,Ligeris,Speeding,2way,2.0,70,WiFi,-84,83.0,-23.0,0.0086638128526307,40.30724496567662,21.80644163725819,Unintentional
User_83,2025-03-19 12:26:03,0.309,0.5145,Running,Koila,Driving_Under_Influence,2way,1.0,30,3G,-89,8.0,-22.0,0.0082393032067417,40.32189053636807,21.79188450846595,Unintentional
User_48,2025-03-19 15:06:37,0.599,0.4224,Driving,Koila,Driving_Under_Influence,1way,0.0,40,WiFi,-56,30.0,-12.0,0.035,40.32248936889643,21.79342028821253,Unintentional
User_91,2025-03-19 15:43:08,0.46,0.4598,Driving,Ligeris,Driving_Under_Influence,4way,2.0,80,3G,-75,45.0,-21.0,0.0031546733199657,40.30638253543838,21.807433044984073,Unintentional
User_64,2025-03-19 18:28:11,0.511,0.5068,Walking,Koila,Driving_Under_Influence,2way,0.0,60,3G,-104,9.0,18.0,0.0096869956301856,40.32192203683804,21.7910216373462,Unintentional
User_48,2025-03-19 21:23:39,0.599,0.4234,Running,Ligeris,Speeding,2way,0.0,80,3G,-105,47.0,3.0,0.044,40.30592182309729,21.791256784153244,Unintentional
User_14,2025-03-19 22:55:48,0.393,0.3624,Running,Zep,Driving_Under_Influence,4way,0.0,30,3G,-113,53.0,-18.0,0.0063940985582124,40.2785580076488,21.751824804956932,Unintentional
User_62,2025-03-20 05:59:02,0.46,0.2652,Running,Ligeris,Reckless_Driving,4way,0.0,40,5G,-115,71.0,7.0,0.041,40.306155861201574,21.806570230227575,Unintentional
User_02,2025-03-20 14:37:06,0.529,0.4566,Driving,Zep,Reckless_Driving,2way,0.0,60,3G,-91,80.0,19.0,0.0053447333463733,40.280687245370785,21.75490937115456,Unintentional
User_40,2025-03-20 15:22:02,0.482,0.5237,Running,Ligeris,Driving_Under_Influence,4way,1.0,10,5G,-72,13.0,-19.0,0.0068952256573524,40.30623199890948,21.8072859539964,Unintentional
User_86,2025-03-20 18:02:05,0.469,0.1591,Running,Zep,Driving_Under_Influence,2way,0.0,20,3G,-85,47.0,19.0,0.0023860048746415,40.27911563019086,21.752309788537193,Unintentional
User_01,2025-03-20 21:05:36,0.619,0.4298,Running,Ligeris,Speeding,4way,3.0,130,WiFi,-50,8.0,25.0,0.0031704538495944,40.30678816163465,21.80755795146781,Unintentional
User_32,2025-03-20 21:10:48,0.464,0.177,Running,Zep,8,2way,2.0,80,3G,-100,28.0,-1.0,0.028,40.27964261747506,21.753238787628913,Unintentional
User_87,2025-03-20 21:29:06,0.709,0.5382,Walking,Koila,Driving_Under_Influence,1way,2.0,60,4G,-79,19.0,0.0,0.036,40.3216765896201,21.79132270993759,Unintentional
User_54,2025-03-21 03:25:46,0.327,0.4339,Running,Ligeris,Reckless_Driving,2way,2.0,40,4G,-84,15.0,-14.0,0.025,40.30629771178556,21.809540669619903,Unintentional
User_44,2025-03-21 04:01:49,0.332,0.5641,Driving,Ligeris,Driving_Under_Influence,2way,0.0,50,4G,-107,69.0,-6.0,0.036,40.30733323986204,21.80705318902717,Unintentional
User_18,2025-03-21 05:19:18,0.251,0.5485,Driving,Ligeris,Reckless_Driving,1way,1.0,50,5G,-115,33.0,-20.0,0.0085565894701867,40.30617925274364,21.80935876536583,Unintentional
User_20,2025-03-21 08:04:49,0.334,0.4811,Driving,Zep,Speeding,2way,2.0,40,5G,-117,76.0,18.0,0.0056142475262367,40.278969841988406,21.753790561845825,Unintentional
User_30,2025-03-21 10:00:43,0.413,0.2484,Running,Koila,Reckless_Driving,1way,1.0,20,4G,-105,20.0,-1.0,0.027,40.32279815924977,21.790082223056817,Unintentional
User_41,2025-03-21 11:26:13,0.628,0.3211,Walking,Ligeris,Speeding,1way,0.0,80,4G,-79,41.0,22.0,0.0064563754861272,40.30691929094131,21.80743133452842,Unintentional
User_92,2025-03-21 11:27:07,0.694,0.3342,Running,Koila,Reckless_Driving,1way,2.0,70,3G,-78,69.0,0.0,0.024,40.321584842918085,21.791888776884743,Unintentional
User_42,2025-03-21 12:04:51,0.738,0.2726,Running,Koila,Reckless_Driving,1way,0.0,30,5G,-100,50.0,-12.0,0.032,40.32265562854763,21.790676309028225,Unintentional
User_51,2025-03-21 12:19:38,0.613,0.54,Running,Koila,Speeding,2way,0.0,20,WiFi,-79,1.0,22.0,0.0068011521911877,40.320783979618874,21.790739778898622,Unintentional
User_10,2025-03-21 13:44:25,0.315,0.5088,Driving,Zep,Reckless_Driving,1way,1.0,70,4G,-80,19.0,10.0,0.023,40.280175395744024,21.75155204903653,Unintentional
User_15,2025-03-21 15:17:25,0.627,0.4651,Running,Ligeris,Reckless_Driving,2way,0.0,40,5G,-106,92.0,22.0,0.0061765767205131,40.306235938707594,21.80620930154694,Unintentional
User_67,2025-03-21 17:16:05,0.529,0.3696,Walking,Koila,Reckless_Driving,1way,0.0,20,WiFi,-82,1.0,-20.0,0.005520891336203,40.32142272660677,21.791671829811783,Unintentional
User_67,2025-03-21 21:00:33,0.529,0.3706,Walking,Koila,Speeding,2way,0.0,10,3G,-98,45.0,6.0,0.049,40.32189679473043,21.791753305940105,Unintentional
User_58,2025-03-21 22:50:43,0.465,0.193,Running,Zep,Reckless_Driving,2way,0.0,30,5G,-78,52.0,18.0,0.0056172933335359,40.28059981262975,21.75391809857009,Unintentional
User_65,2025-03-22 00:38:53,0.448,0.2361,Driving,Ligeris,Speeding,2way,1.0,90,WiFi,-79,64.0,-5.0,0.029,40.30501040690211,21.807821197330625,Unintentional
User_60,2025-03-22 01:34:06,0.353,0.5258,Driving,Koila,Driving_Under_Influence,2way,2.0,90,3G,-113,81.0,25.0,0.0075461538267726,40.323217929241984,21.789529184951867,Unintentional
User_21,2025-03-22 03:11:34,0.303,0.1732,Running,Zep,Driving_Under_Influence,2way,0.0,60,3G,-119,50.0,22.0,0.0087200481309611,40.279451883831086,21.755435911821095,Unintentional
User_91,2025-03-22 04:59:16,0.587,0.4658,Walking,Zep,Reckless_Driving,1way,0.0,80,3G,-70,53.0,16.0,0.042,40.280617413698415,21.752686449139443,Unintentional
User_80,2025-03-22 06:19:50,0.704,0.3217,Walking,Koila,Speeding,2way,0.0,70,5G,-119,75.0,-12.0,0.042,40.32242513542632,21.79124967875358,Unintentional
User_67,2025-03-22 07:32:32,0.529,0.3716,Walking,Ligeris,Speeding,1way,2.0,70,WiFi,-61,65.0,-13.0,0.047,40.30717145959576,21.807505034341972,Unintentional
User_79,2025-03-22 08:24:47,0.389,0.278,Running,Zep,Speeding,2way,0.0,10,5G,-75,21.0,8.0,0.029,40.28016087226084,21.754037251142694,Unintentional
User_57,2025-03-22 09:46:37,0.372,0.2732,Running,Koila,7,2way,0.0,40,WiFi,-89,50.0,-6.0,0.044,40.32376748097547,21.791757049856493,Unintentional
User_94,2025-03-22 14:29:01,0.681,0.26,Walking,Zep,Driving_Under_Influence,4way,0.0,70,3G,-109,69.0,-18.0,0.003647367406637,40.27930096865821,21.754654131821756,Unintentional
User_22,2025-03-22 15:41:23,0.413,0.2079,Walking,Koila,Driving_Under_Influence,2way,160.0,20,5G,-114,27.0,-15.0,0.046,40.32322450494668,21.792770511241145,Unintentional
User_51,2025-03-22 16:46:07,0.613,0.542,Walking,Koila,Driving_Under_Influence,2way,1.0,70,4G,-88,68.0,7.0,0.049,40.322081233261024,21.792928028039658,Unintentional
User_49,2025-03-22 16:52:50,0.637,0.5023,Walking,Ligeris,Speeding,4way,1.0,90,5G,-76,36.0,8.0,0.036,40.306230115631266,21.80822365773672,Unintentional
User_45,2025-03-22 19:39:08,0.285,0.4343,Walking,Ligeris,Speeding,2way,1.0,30,5G,-94,98.0,23.0,0.0050252394052696,40.30632077242968,21.80682358213622,Unintentional
User_24,2025-03-22 19:52:04,0.445,0.2436,Driving,Ligeris,Driving_Under_Influence,4way,1.0,70,3G,-106,79.0,16.0,0.03,40.30561297895355,21.806395539042818,Unintentional
User_99,2025-03-22 19:55:32,0.465,0.3704,Running,Ligeris,Reckless_Driving,4way,0.0,60,4G,-100,62.0,-18.0,0.0065272115544906,40.30604155285192,21.807004637781542,Unintentional
User_37,2025-03-23 01:05:26,0.306,0.4384,Running,Ligeris,7,1way,2.0,20,4G,-113,83.0,-19.0,0.0059383419562207,40.30621673898193,21.80759272548005,Unintentional
User_19,2025-03-23 04:32:07,0.745,0.5435,Driving,Koila,Driving_Under_Influence,2way,1.0,40,4G,-73,69.0,21.0,0.0039627058418469,40.32240223639618,21.791454757652662,Unintentional
User_40,2025-03-23 07:02:11,0.482,0.5297,Driving,Koila,Speeding,4way,0.0,20,3G,-113,21.0,-5.0,0.024,40.32216806258004,21.79029778583928,Unintentional
User_12,2025-03-23 08:43:55,0.67,0.5142,Walking,Ligeris,Reckless_Driving,2way,1.0,50,WiFi,-56,81.0,18.0,0.0063897596998859,40.30602004756672,21.80781975796195,Unintentional
User_67,2025-03-23 10:11:58,0.529,0.3736,Driving,Ligeris,Driving_Under_Influence,4way,0.0,60,WiFi,-83,83.0,-21.0,0.0061661167369362,40.30449407073979,21.80720638534712,Unintentional
User_27,2025-03-23 12:14:28,0.535,0.4141,Walking,Koila,Reckless_Driving,2way,0.0,30,WiFi,-86,87.0,-24.0,0.0059315324586262,40.32186621010749,21.79201135786015,Unintentional
User_44,2025-03-23 14:29:26,0.332,0.2456,Running,Zep,Driving_Under_Influence,1way,0.0,10,4G,-101,35.0,-23.0,0.0089817733931501,40.28068491987727,21.752426893414075,Unintentional
User_78,2025-03-23 14:36:17,0.347,0.4026,Driving,Koila,Reckless_Driving,1way,0.0,30,WiFi,-84,3.0,-25.0,0.0023657676205707,40.323189554049314,21.792071746888624,Unintentional
User_44,2025-03-23 16:06:51,0.332,0.2466,Driving,Zep,Reckless_Driving,2way,1.0,70,5G,-83,64.0,4.0,0.039,40.27919143183138,21.754339695068595,Unintentional
User_86,2025-03-23 19:30:56,0.469,0.1651,Driving,Koila,Driving_Under_Influence,4way,2.0,20,4G,-72,11.0,-8.0,0.035,40.3223274080461,21.791174967445663,Unintentional
User_18,2025-03-23 19:49:48,0.251,0.5535,Driving,Koila,Speeding,2way,1.0,10,WiFi,-85,91.0,-25.0,0.0067660944845768,40.32246371713099,21.791889204879624,Unintentional
User_84,2025-03-23 21:03:03,0.527,0.2367,Walking,Koila,Speeding,2way,0.0,40,4G,-95,43.0,-8.0,0.023,40.32205776479283,21.790855387530865,Unintentional
User_15,2025-03-23 23:53:17,0.627,0.4701,Running,Ligeris,Speeding,4way,1.0,20,WiFi,-89,62.0,-17.0,0.0090271553993439,40.30652832177613,21.807966998845192,Unintentional
User_74,2025-03-24 01:45:25,0.497,0.5214,Walking,Ligeris,Driving_Under_Influence,1way,0.0,40,WiFi,-68,33.0,-21.0,0.0079846851119666,40.30509835941108,21.808763591538813,Unintentional
User_43,2025-03-24 07:56:52,0.416,0.3237,Driving,Zep,Driving_Under_Influence,4way,0.0,40,5G,-73,11.0,14.0,0.025,40.27959940859956,21.753248962485845,Unintentional
User_58,2025-03-24 08:32:22,0.465,0.199,Driving,Zep,Reckless_Driving,2way,1.0,70,WiFi,-54,65.0,1.0,0.034,40.27964853675517,21.75234341101315,Unintentional
User_12,2025-03-24 13:26:57,0.67,0.5172,Walking,Ligeris,7,1way,0.0,80,5G,-94,70.0,-25.0,0.0058035933417642,40.30615544798369,21.80722863407619,Unintentional
User_85,2025-03-24 14:42:55,0.254,0.2903,Walking,Koila,Speeding,2way,0.0,20,5G,-80,41.0,-8.0,0.024,40.321563560258014,21.791986203468245,Unintentional
User_92,2025-03-24 15:15:34,0.694,0.3412,Driving,Koila,Reckless_Driving,2way,1.0,80,5G,-72,97.0,-5.0,0.028,40.32231105143031,21.791868494167662,Unintentional
User_79,2025-03-24 18:28:14,0.389,0.283,Driving,Ligeris,Driving_Under_Influence,2way,0.0,30,5G,-117,80.0,18.0,0.0062999262764664,40.30626007124919,21.8074223481208,Unintentional
User_42,2025-03-24 19:20:51,0.738,0.2786,Walking,Ligeris,Reckless_Driving,2way,1.0,80,4G,-91,58.0,-24.0,0.0029261504686548,40.306230115631266,21.807031286418635,Unintentional
User_65,2025-03-24 19:31:01,0.448,0.2411,Driving,Ligeris,Driving_Under_Influence,1way,0.0,70,5G,-115,56.0,24.0,0.0093798548282132,40.30634833063928,21.807302152202023,Unintentional
User_57,2025-03-24 22:22:45,0.372,0.2772,Running,Koila,Driving_Under_Influence,1way,0.0,10,5G,-116,29.0,-23.0,0.005855180147816,40.32209023639077,21.791260191731332,Unintentional
User_94,2025-03-25 02:39:56,0.681,0.266,Running,Koila,Reckless_Driving,1way,2.0,10,4G,-98,39.0,-19.0,0.0045881835574853,40.3212232099507,21.79096709991168,Unintentional
User_26,2025-03-25 02:45:29,0.408,0.4145,Running,Koila,Driving_Under_Influence,2way,1.0,30,5G,-95,37.0,-9.0,0.036,40.32206613231335,21.790783707458093,Unintentional
User_18,2025-03-25 02:56:48,0.251,0.5565,Walking,Ligeris,Speeding,1way,3.0,Lane_Discards,3G,-90,11.0,17.0,0.0072756643913844,40.306252114756624,21.791256784153244,Unintentional
User_84,2025-03-25 06:00:04,0.527,0.2407,Driving,Koila,Speeding,2way,0.0,50,4G,-87,79.0,15.0,0.028,40.32170828619088,21.793178419725503,Unintentional
User_81,2025-03-25 06:06:56,0.376,0.4495,Driving,Koila,Driving_Under_Influence,4way,0.0,10,5G,-103,77.0,7.0,0.021,40.322246584797405,21.79207390848328,Unintentional
User_99,2025-03-25 06:30:09,0.465,0.3774,Running,Zep,7,2way,0.0,20,WiFi,-55,87.0,-10.0,0.03,40.2786519032667,21.752734155170454,Unintentional
User_30,2025-03-25 06:38:41,0.413,0.2564,Driving,Ligeris,Driving_Under_Influence,2way,0.0,70,4G,-97,88.0,-18.0,0.0092390310659558,40.306096585792574,21.80909917230504,Unintentional
User_52,2025-03-25 08:25:41,0.544,0.2442,Walking,Zep,Speeding,1way,1.0,70,3G,-83,82.0,-20.0,0.007143030913817,40.27968248536304,21.751461314167464,Unintentional
User_51,2025-03-25 08:58:25,0.613,0.547,Walking,Zep,Reckless_Driving,2way,1.0,70,5G,-114,55.0,-23.0,0.0023553486772275,40.27849794560642,21.75308163392885,Unintentional
User_77,2025-03-25 13:11:09,0.428,0.1835,Walking,Ligeris,Speeding,1way,1.0,70,5G,-93,34.0,-18.0,0.0016304143562522,40.30585266832344,21.809682274969653,Unintentional
User_24,2025-03-25 16:12:42,0.445,0.2486,Walking,Zep,Driving_Under_Influence,4way,2.0,10,4G,-71,49.0,-8.0,0.05,40.279383139535135,21.753258813230406,Unintentional
User_72,2025-03-25 16:49:38,0.567,0.2085,Walking,Koila,Reckless_Driving,2way,0.0,100,5G,-88,76.0,-25.0,0.0029015484042567,40.322311674782014,21.79109385469898,Unintentional
User_07,2025-03-25 19:02:03,0.625,0.2484,Walking,Zep,Driving_Under_Influence,2way,2.0,70,5G,-105,39.0,15.0,0.029,40.28007353267088,21.755467396985555,Unintentional
User_63,2025-03-25 19:35:03,0.543,0.5641,Running,Ligeris,Driving_Under_Influence,1way,1.0,40,4G,-113,87.0,0.0,0.034,40.307839987972734,21.807817395839212,Unintentional
User_57,2025-03-25 22:20:57,0.372,0.2792,Driving,Zep,Driving_Under_Influence,1way,3.0,80,4G,-117,83.0,9.0,0.028,40.27810292231677,21.752392729386088,Unintentional
User_29,2025-03-26 01:21:28,0.415,0.3324,Walking,Ligeris,Reckless_Driving,4way,0.0,Illegal_Parking,WiFi,-75,77.0,-20.0,0.0083297566621602,40.304689026656085,21.8064792184578,Unintentional
User_51,2025-03-26 01:53:07,0.613,0.549,Running,Koila,Driving_Under_Influence,4way,1.0,30,WiFi,-61,5.0,22.0,0.0018269660708363,40.32258917064146,21.78986995701031,Unintentional
User_32,2025-03-26 02:50:57,0.464,0.188,Walking,Zep,Driving_Under_Influence,1way,1.0,30,5G,-114,0.0,-18.0,0.0077430326435857,40.279440210694155,21.753377240157267,Unintentional
User_06,2025-03-26 04:24:32,0.584,0.5365,Driving,Koila,Driving_Under_Influence,4way,0.0,40,WiFi,-82,4.0,-17.0,0.0062945460908851,40.321629024723414,21.792291105370996,Unintentional
User_46,2025-03-26 12:35:36,0.519,0.5641,Running,Ligeris,Driving_Under_Influence,1way,0.0,70,3G,-102,46.0,6.0,0.046,40.30631705526498,21.806774768004516,Unintentional
User_56,2025-03-26 15:40:20,0.374,0.1807,Walking,Ligeris,Speeding,2way,1.0,10,3G,-107,86.0,22.0,0.0047577112429754,40.30480394109155,21.808721955311583,Unintentional
User_66,2025-03-26 21:11:56,0.28,0.3987,Running,Zep,Reckless_Driving,1way,0.0,Lane_Discards,3G,-111,60.0,8.0,0.027,40.28125566770337,21.753359905974197,Unintentional
User_75,2025-03-26 22:03:13,0.409,0.3421,Driving,Zep,Driving_Under_Influence,2way,3.0,Lane_Discards,3G,-102,78.0,2.0,0.04,40.27955437080103,21.75325403120133,Unintentional
User_24,2025-03-26 23:23:17,0.445,0.2516,Driving,Ligeris,8,2way,0.0,60,WiFi,-85,100.0,23.0,0.0034890135284531,40.30634280353546,21.807265770021484,Unintentional
User_26,2025-03-27 00:29:08,0.408,0.4185,Walking,Zep,Driving_Under_Influence,2way,0.0,50,5G,-118,65.0,21.0,0.0079913422365227,40.27951682219192,21.75326248530019,Unintentional
User_43,2025-03-27 02:49:45,0.416,0.3297,Walking,Koila,Reckless_Driving,2way,1.0,60,3G,-118,51.0,-14.0,0.044,40.32116324068635,21.79167355321719,Unintentional
User_95,2025-03-27 06:40:05,0.545,0.4439,Walking,Koila,Speeding,1way,3.0,40,WiFi,-58,73.0,15.0,0.026,40.322176445345775,21.791312192321872,Unintentional
User_24,2025-03-27 07:15:52,0.445,0.2526,Driving,Ligeris,Reckless_Driving,4way,3.0,30,3G,-87,24.0,-21.0,0.0045941071350101,40.307624263077535,21.80881230278723,Unintentional
User_94,2025-03-27 07:29:59,0.681,0.5641,Walking,Ligeris,Speeding,1way,0.0,50,WiFi,-57,49.0,1.0,0.031,40.30451847456733,21.807754973042137,Unintentional
User_70,2025-03-27 07:50:20,0.601,0.2659,Running,Zep,6,2way,1.0,20,3G,-119,46.0,-1.0,0.035,40.2807284899461,21.75224034229129,Unintentional
User_32,2025-03-27 12:24:44,0.464,0.191,Walking,Ligeris,Reckless_Driving,1way,1.0,30,5G,-97,30.0,17.0,0.0072107701755884,40.306401926309846,21.80602492876377,Unintentional
User_33,2025-03-27 13:56:44,0.634,0.3852,Driving,Koila,Reckless_Driving,2way,1.0,40,3G,-115,30.0,-7.0,0.027,40.32142990437016,21.792229167882255,Unintentional
User_76,2025-03-27 18:54:40,0.355,0.3701,Driving,Zep,Speeding,4way,4.0,60,4G,-101,8.0,-20.0,0.0043148621704217,40.278112867719464,21.75236872012254,Unintentional
User_30,2025-03-27 21:28:48,0.413,0.2614,Walking,Ligeris,Speeding,1way,2.0,80,WiFi,-64,32.0,14.0,0.03,40.30632506574117,21.805873882384816,Unintentional
User_66,2025-03-27 21:35:31,0.28,0.4007,Driving,Ligeris,Speeding,4way,2.0,30,3G,-106,51.0,-17.0,0.0020572828828829,40.30566194457115,21.808558292001813,Unintentional
User_13,2025-03-28 06:53:33,0.75,0.4164,Driving,Ligeris,Reckless_Driving,2way,2.0,50,WiFi,-61,57.0,-19.0,0.0013833690353571,40.30589938946715,21.806238146509894,Unintentional
User_30,2025-03-28 13:16:38,0.413,0.2634,Running,Koila,Reckless_Driving,2way,1.0,40,WiFi,-73,6.0,1.0,0.026,40.32208170288918,21.791203462131733,Unintentional
User_23,2025-03-28 13:19:52,0.458,0.321,Running,Zep,9,4way,0.0,80,4G,-116,11.0,-21.0,0.0017148611743597,40.27894636123427,21.75220372171595,Unintentional
User_16,2025-03-28 17:54:11,0.513,0.3797,Running,Zep,Speeding,4way,1.0,50,WiFi,-81,98.0,-8.0,0.03,40.27994054313788,21.754277619311612,Unintentional
User_95,2025-03-28 19:27:31,0.545,0.4459,Walking,Zep,Driving_Under_Influence,4way,0.0,80,WiFi,-73,0.0,-2.0,0.023,40.27981760113889,21.754649369431473,Unintentional
User_18,2025-03-28 20:58:58,0.251,0.5635,Driving,Ligeris,Reckless_Driving,1way,1.0,20,WiFi,-66,3.0,18.0,0.0062585341070396,40.306792474910274,21.808032557066426,Unintentional
User_27,2025-03-29 00:40:58,0.535,0.4261,Driving,Ligeris,Driving_Under_Influence,4way,3.0,40,4G,-102,38.0,-11.0,0.03,40.30517157589776,21.807373390332767,Unintentional
User_71,2025-03-29 00:44:55,0.256,0.1773,Running,Zep,Reckless_Driving,2way,1.0,70,5G,-110,12.0,-4.0,0.025,40.27915900042904,21.753214085084128,Unintentional
User_92,2025-03-29 02:31:01,0.694,0.3502,Walking,Koila,Speeding,2way,0.0,80,4G,-79,8.0,8.0,0.026,40.32287181029767,21.790502281538064,Unintentional
User_05,2025-03-29 03:58:16,0.743,0.4717,Walking,Ligeris,Reckless_Driving,2way,0.0,70,5G,-85,80.0,-23.0,0.0097946654240907,40.30620863318686,21.807528312286124,Unintentional
User_48,2025-03-29 04:07:18,0.599,0.4424,Driving,Ligeris,9,2way,5.0,40,WiFi,-78,18.0,16.0,0.027,40.306610550247775,21.80631451616036,Unintentional
User_100,2025-03-29 04:15:09,0.37,0.428,Running,Zep,Speeding,2way,0.0,10,4G,-83,41.0,16.0,0.03,40.280537641132085,21.791256784153244,Unintentional
User_72,2025-03-29 04:25:24,0.567,0.2155,Walking,Ligeris,Speeding,1way,4.0,80,5G,-96,68.0,23.0,0.0042916293772727,40.305020663003106,21.806018431113305,Unintentional
User_76,2025-03-29 07:22:12,0.355,0.3731,Running,Koila,Speeding,4way,1.0,80,WiFi,-87,22.0,16.0,0.039,40.305923353807366,21.805935362672123,Unintentional
User_16,2025-03-29 09:30:00,0.513,0.3817,Walking,Ligeris,Speeding,2way,4.0,40,5G,-101,50.0,11.0,0.04,40.30693598092634,21.806067430375784,Unintentional
User_73,2025-03-29 14:07:48,0.325,0.3647,Driving,Zep,Driving_Under_Influence,2way,2.0,40,4G,-91,19.0,-22.0,0.0070373324025475,40.279850200091715,21.754507836850784,Unintentional
User_76,2025-03-30 04:35:51,0.46,0.3751,Driving,Koila,Driving_Under_Influence,2way,1.0,10,3G,-96,8.0,-21.0,0.0067415944153108,40.321951974312704,21.79165363018307,Unintentional
User_11,2025-03-30 05:31:55,0.602,0.494,Driving,Ligeris,Reckless_Driving,1way,0.0,40,WiFi,-52,57.0,7.0,0.022,40.306103992605635,21.80889727309836,Unintentional
User_56,2025-03-30 05:45:05,0.374,0.1887,Running,Koila,6,2way,0.0,10,5G,-71,31.0,18.0,0.0056053397932988,40.32252830456382,21.792451767264307,Unintentional
User_15,2025-03-30 09:27:13,0.627,0.5641,Driving,Koila,Reckless_Driving,2way,0.0,60,WiFi,-86,78.0,-12.0,0.049,40.32227807774309,21.79116583346718,Unintentional
User_87,2025-03-30 13:46:57,0.709,0.5572,Walking,Zep,Reckless_Driving,2way,1.0,40,3G,-87,83.0,-25.0,0.0067677743604562,40.278759894396856,21.75394602119417,Unintentional
User_98,2025-03-30 15:31:34,0.46,0.3298,Running,Koila,7,2way,1.0,70,5G,-120,53.0,15.0,0.04,40.32126982209106,21.79179563564127,Unintentional
User_49,2025-03-30 23:45:40,0.637,0.5183,Driving,Koila,Driving_Under_Influence,1way,140.0,40,4G,-100,24.0,-22.0,0.007255645705579,40.320852230072774,21.790414632073205,Unintentional
User_57,2025-03-31 00:19:47,0.372,0.2902,Running,Ligeris,Reckless_Driving,2way,0.0,20,WiFi,-56,55.0,13.0,0.027,40.30618121660142,21.808898525697906,Unintentional
User_12,2025-03-31 01:24:29,0.67,0.5302,Driving,Zep,Reckless_Driving,2way,1.0,40,WiFi,-69,60.0,-17.0,0.0051680258889982,40.27957489933463,21.751381259159785,Unintentional
User_49,2025-03-31 03:41:19,0.637,0.5203,Driving,Koila,Speeding,2way,0.0,60,WiFi,-71,94.0,-16.0,0.033,40.32221426221266,21.790300913784662,Unintentional
User_08,2025-03-31 03:53:56,0.347,0.5368,Running,Zep,Driving_Under_Influence,1way,0.0,60,5G,-112,94.0,10.0,0.043,40.27910953162327,21.75481275164853,Unintentional
User_63,2025-03-31 06:41:45,0.543,0.2946,Running,Koila,Speeding,4way,2.0,40,3G,-115,14.0,15.0,0.042,40.32331421124648,21.79256392646237,Unintentional
User_16,2025-03-31 07:25:00,0.513,0.3857,Walking,Koila,Speeding,2way,0.0,30,3G,-85,85.0,-23.0,0.005890181099303,40.32144282046486,21.791239179114324,Unintentional
User_17,2025-03-31 09:52:47,0.631,0.3188,Walking,Zep,Reckless_Driving,1way,1.0,30,WiFi,-86,74.0,-7.0,0.044,40.2804768928917,21.75226944523564,Unintentional
User_66,2025-03-31 13:10:20,0.28,0.4077,Walking,Ligeris,Driving_Under_Influence,2way,4.0,70,4G,-95,51.0,-4.0,0.04,40.30596831078484,21.807870059908335,Unintentional
User_28,2025-03-31 18:21:17,0.348,0.4893,Driving,Zep,Reckless_Driving,2way,2.0,60,WiFi,-90,69.0,-13.0,0.035,40.27959101471848,21.75427926473476,Unintentional
User_55,2025-03-31 18:22:18,0.447,0.5144,Walking,Koila,Reckless_Driving,4way,3.0,30,4G,-73,61.0,16.0,0.024,40.323451316487585,21.79091667451612,Unintentional
User_61,2025-03-31 23:40:41,0.546,0.2597,Running,Koila,Speeding,4way,0.0,70,WiFi,-81,53.0,22.0,0.0077090594628937,40.322059537755585,21.79128095577552,Unintentional
User_90,2025-04-01 02:54:56,0.525,0.2408,Driving,Ligeris,Speeding,4way,0.0,90,WiFi,-82,6.0,-21.0,0.009702996825918,40.306109348705505,21.80733656823232,Unintentional
User_32,2025-04-01 06:09:43,0.464,0.2,Running,Ligeris,Reckless_Driving,2way,140.0,20,5G,-101,50.0,1.0,0.04,40.3074672651555,21.806735566546827,Unintentional
User_50,2025-04-01 09:18:42,0.398,0.4126,Walking,Ligeris,Reckless_Driving,2way,1.0,70,5G,-100,43.0,-20.0,0.0087367966093767,40.30488208566357,21.807518807675784,Unintentional
User_03,2025-04-01 11:49:06,0.568,0.2104,Running,Koila,Driving_Under_Influence,2way,1.0,40,4G,-80,97.0,19.0,0.0065775057572628,40.32285960097452,21.7905564556825,Unintentional
User_91,2025-04-01 15:39:39,0.587,0.4858,Walking,Zep,Speeding,4way,0.0,30,3G,-110,4.0,-20.0,0.0068580090226662,40.28009421204826,21.75303562011056,Unintentional
User_87,2025-04-01 19:45:07,0.709,0.5622,Walking,Koila,Driving_Under_Influence,1way,1.0,30,3G,-78,52.0,17.0,0.0067317173737832,40.32184004319547,21.79105485646533,Unintentional
User_20,2025-04-01 20:29:06,0.334,0.5031,Walking,Ligeris,Driving_Under_Influence,2way,1.0,10,5G,-103,59.0,3.0,0.038,40.30674281315824,21.806118862495698,Unintentional
User_27,2025-04-01 20:39:45,0.535,0.4331,Driving,Ligeris,Driving_Under_Influence,1way,1.0,70,WiFi,-82,57.0,17.0,0.0034808802904204,40.306230115631266,21.808422408552385,Unintentional
User_68,2025-04-01 21:38:20,0.472,0.2139,Driving,Ligeris,Reckless_Driving,1way,0.0,80,3G,-101,18.0,-24.0,0.003551052404045,40.30657985246521,21.807305018628888,Unintentional
User_76,2025-04-02 02:05:46,0.355,0.3811,Walking,Zep,Reckless_Driving,2way,0.0,30,WiFi,-52,22.0,22.0,0.0086213594374955,40.27980403499251,21.75268205415627,Unintentional
User_88,2025-04-02 07:44:35,0.471,0.3087,Walking,Zep,Reckless_Driving,1way,2.0,10,4G,-91,56.0,-22.0,0.0072998521049612,40.27805205697125,21.75449454602043,Unintentional
User_64,2025-04-02 12:56:33,0.511,0.5338,Walking,Ligeris,Reckless_Driving,1way,0.0,40,5G,-113,23.0,19.0,0.0016921755338228,40.30674218626214,21.808389740999228,Unintentional
User_94,2025-04-02 16:02:15,0.681,0.283,Running,Ligeris,Reckless_Driving,1way,0.0,20,4G,-88,28.0,-18.0,0.0014578265753401,40.30701986232342,21.807450860884614,Unintentional
User_10,2025-04-02 16:28:48,0.315,0.5328,Walking,Ligeris,Speeding,2way,0.0,70,5G,-71,40.0,-16.0,0.039,40.3062003434264,21.807504442658637,Unintentional
User_02,2025-04-02 17:36:05,0.529,0.5641,Running,Ligeris,Reckless_Driving,2way,1.0,90,5G,-82,49.0,7.0,0.046,40.30673497287177,21.80753637228901,Unintentional
User_61,2025-04-02 20:19:04,0.546,0.2627,Driving,Koila,Driving_Under_Influence,4way,0.0,30,3G,-108,26.0,21.0,0.0070675108642505,40.323204041550966,21.79211211185337,Unintentional
User_46,2025-04-02 21:34:22,0.519,0.5246,Driving,Koila,Driving_Under_Influence,2way,1.0,40,4G,-104,44.0,11.0,0.042,40.32154323722814,21.7924661915176,Unintentional
User_16,2025-04-02 23:53:32,0.513,0.3897,Running,Ligeris,Reckless_Driving,4way,0.0,30,4G,-73,88.0,-9.0,0.048,40.30577899800084,21.80883242024318,Unintentional
User_34,2025-04-03 00:25:01,0.431,0.3379,Walking,Zep,Driving_Under_Influence,2way,0.0,80,WiFi,-74,46.0,24.0,0.0016793564888313,40.27952695846647,21.75314587089266,Unintentional
User_85,2025-04-03 02:21:03,0.254,0.3103,Running,Zep,Reckless_Driving,2way,0.0,80,5G,-104,91.0,0.0,0.028,40.27886449057279,21.75282357116852,Unintentional
User_56,2025-04-03 04:52:28,0.374,0.1967,Running,Zep,Reckless_Driving,2way,1.0,60,5G,-115,87.0,-22.0,0.0038187780139208,40.28066911561945,21.754475147383424,Unintentional
User_49,2025-04-03 05:23:57,0.637,0.5253,Running,Zep,Speeding,2way,0.0,60,5G,-109,8.0,15.0,0.034,40.27978750593115,21.75282196221885,Unintentional
User_41,2025-04-03 06:53:03,0.628,0.3461,Running,Koila,Reckless_Driving,4way,3.0,60,3G,-80,34.0,-9.0,0.027,40.32260820049713,21.791287482849945,Unintentional
User_48,2025-04-03 09:22:40,0.599,0.4524,Walking,Koila,Reckless_Driving,2way,1.0,40,5G,-75,2.0,0.0,0.034,40.32137600938717,21.792013527254216,Unintentional
User_58,2025-04-03 10:50:13,0.465,0.219,Running,Koila,Reckless_Driving,1way,0.0,100,WiFi,-56,80.0,12.0,0.046,40.3221764384672,21.790832713903193,Unintentional
User_73,2025-04-03 11:19:45,0.325,0.3747,Driving,Koila,Driving_Under_Influence,1way,0.0,40,3G,-95,48.0,-24.0,0.0066780200786359,40.32323223228042,21.790689513810328,Unintentional
User_19,2025-04-03 15:07:58,0.745,0.5665,Walking,Ligeris,Reckless_Driving,4way,0.0,30,3G,-92,2.0,9.0,0.028,40.306230115631266,21.80747972690347,Unintentional
User_86,2025-04-03 22:19:36,0.469,0.1871,Driving,Zep,Speeding,4way,4.0,40,5G,-71,35.0,-19.0,0.0013851129846213,40.28060827237056,21.791256784153244,Unintentional
User_66,2025-04-04 06:44:23,0.28,0.4157,Walking,Ligeris,Driving_Under_Influence,2way,1.0,20,WiFi,-51,50.0,-21.0,0.0063866421928507,40.30640248077498,21.80641125328819,Unintentional
User_26,2025-04-04 07:33:19,0.408,0.4345,Walking,Ligeris,Reckless_Driving,4way,0.0,40,WiFi,-55,2.0,22.0,0.0061625030930189,40.30631239568897,21.807421818419268,Unintentional
User_92,2025-04-04 08:26:16,0.694,0.3632,Walking,Zep,Driving_Under_Influence,1way,0.0,60,5G,-104,14.0,25.0,0.0089077591332253,40.27939035631659,21.75346975490252,Unintentional
User_98,2025-04-04 13:10:20,0.46,0.3388,Driving,Koila,Reckless_Driving,1way,0.0,Lane_Discards,4G,-83,82.0,9.0,0.048,40.32166515459977,21.79229520264661,Unintentional
User_90,2025-04-04 16:36:59,0.525,0.2468,Running,Koila,Driving_Under_Influence,4way,4.0,20,WiFi,-69,41.0,-6.0,0.049,40.3213689098177,21.790256226512852,Unintentional
User_76,2025-04-04 18:45:34,0.355,0.3861,Driving,Koila,8,1way,0.0,30,3G,-101,70.0,21.0,0.0098990893356448,40.30566692274491,21.808320396956088,Unintentional
User_85,2025-04-04 19:50:10,0.254,0.3123,Driving,Ligeris,Driving_Under_Influence,2way,140.0,10,4G,-95,59.0,18.0,0.0060181524058709,40.30611412396506,21.80742649861157,Unintentional
User_03,2025-04-04 20:19:36,0.568,0.2164,Walking,Zep,Reckless_Driving,1way,0.0,50,3G,-113,25.0,11.0,0.03,40.27881204562437,21.75482379475604,Unintentional
User_65,2025-04-04 22:06:10,0.448,0.2631,Running,Ligeris,Reckless_Driving,1way,1.0,40,5G,-101,21.0,22.0,0.0019016884641709,40.305491343639005,21.80798504270776,Unintentional
User_38,2025-04-05 02:03:35,0.306,0.4951,Driving,Ligeris,Speeding,1way,1.0,50,WiFi,-85,45.0,16.0,0.022,40.305894053830734,21.80800202376349,Unintentional
User_39,2025-04-05 05:39:07,0.598,0.3367,Running,Zep,Driving_Under_Influence,4way,1.0,90,WiFi,-68,37.0,0.0,0.026,40.2790013946044,21.753578971405876,Unintentional
User_03,2025-04-05 05:40:18,0.568,0.2174,Walking,Koila,Driving_Under_Influence,2way,2.0,30,WiFi,-52,99.0,-18.0,0.006554861283142,40.32173350805141,21.791826822740664,Unintentional
User_33,2025-04-05 11:32:02,0.634,0.4022,Walking,Zep,Driving_Under_Influence,4way,0.0,60,5G,-88,26.0,20.0,0.0080270447929562,40.27876301762039,21.7521398548197,Unintentional
User_20,2025-04-05 12:59:25,0.334,0.5101,Walking,Zep,Speeding,1way,1.0,30,3G,-84,23.0,24.0,0.0044813830837661,40.28051027616736,21.754386788179257,Unintentional
User_35,2025-04-05 13:41:32,0.274,0.2692,Walking,Koila,Speeding,1way,0.0,10,4G,-74,43.0,19.0,0.0092864769816494,40.32061175147116,21.791045717078216,Unintentional
User_57,2025-04-05 15:47:01,0.372,0.3002,Running,Zep,Reckless_Driving,2way,1.0,80,4G,-76,18.0,-10.0,0.028,40.27965587523517,21.753778153908097,Unintentional
User_18,2025-04-06 04:01:11,0.251,0.5805,Running,Zep,Reckless_Driving,2way,0.0,40,WiFi,-76,11.0,8.0,0.031,40.27902183145703,21.752892881477795,Unintentional
User_46,2025-04-06 04:44:40,0.519,0.5316,Walking,Koila,Reckless_Driving,4way,2.0,Lane_Discards,4G,-88,49.0,20.0,0.0049530098118163,40.32171899170151,21.791009887819964,Unintentional
User_20,2025-04-06 05:10:08,0.334,0.5121,Running,Ligeris,Driving_Under_Influence,2way,2.0,60,WiFi,-79,59.0,0.0,0.03,40.307510871789134,21.80757551444773,Unintentional
User_23,2025-04-06 07:03:18,0.458,0.339,Running,Koila,Speeding,2way,0.0,80,WiFi,-74,87.0,-9.0,0.031,40.322030669885415,21.791147039939663,Unintentional
User_20,2025-04-06 08:35:45,0.334,0.5131,Running,Ligeris,Reckless_Driving,4way,1.0,30,5G,-74,30.0,22.0,0.0067493179542284,40.30759043609904,21.807683170506884,Unintentional
User_85,2025-04-06 12:00:17,0.254,0.3163,Driving,Koila,Driving_Under_Influence,4way,0.0,90,3G,-111,41.0,-23.0,0.0072031198509946,40.3207204531418,21.79157280973436,Unintentional
User_82,2025-04-06 12:14:56,0.324,0.4039,Walking,Zep,Reckless_Driving,2way,160.0,30,5G,-84,29.0,-8.0,0.022,40.27855756980298,21.752812815166052,Unintentional
User_16,2025-04-06 14:09:06,0.513,0.3977,Driving,Koila,Speeding,4way,1.0,30,WiFi,-56,37.0,-12.0,0.049,40.32159860674582,21.790774841839134,Unintentional
User_39,2025-04-06 14:24:26,0.598,0.3387,Driving,Zep,Speeding,2way,150.0,70,3G,-106,23.0,20.0,0.0064849252950824,40.27953308640995,21.75245455148817,Unintentional
User_77,2025-04-06 16:03:02,0.428,0.2085,Running,Zep,Reckless_Driving,2way,140.0,70,5G,-89,18.0,3.0,0.026,40.279158131912595,21.753279326684336,Unintentional
User_92,2025-04-06 16:46:08,0.694,0.3662,Walking,Ligeris,Driving_Under_Influence,4way,1.0,Lane_Discards,3G,-83,93.0,-20.0,0.0056491790236952,40.30688165266776,21.808335039567428,Unintentional
User_04,2025-04-06 18:21:25,0.662,0.2427,Driving,Zep,Reckless_Driving,4way,0.0,50,3G,-115,9.0,-20.0,0.0033304681886601,40.27823400303727,21.75310457810235,Unintentional
User_81,2025-04-06 19:05:45,0.376,0.4735,Walking,Zep,Driving_Under_Influence,1way,1.0,10,WiFi,-80,86.0,16.0,0.048,40.28029688618294,21.751385152807444,Unintentional
User_72,2025-04-07 01:29:45,0.567,0.2335,Walking,Zep,Speeding,2way,0.0,10,5G,-114,84.0,13.0,0.04,40.306230115631266,21.752595529900685,Unintentional
User_65,2025-04-07 02:53:24,0.448,0.2681,Driving,Ligeris,Reckless_Driving,1way,0.0,30,5G,-103,77.0,-10.0,0.034,40.30571730422663,21.791256784153244,Unintentional
User_94,2025-04-07 03:48:20,0.681,0.293,Walking,Ligeris,Driving_Under_Influence,1way,1.0,20,5G,-100,67.0,-22.0,0.0075524202749011,40.30451545815011,21.80723029372824,Unintentional
User_70,2025-04-07 04:58:11,0.601,0.2869,Driving,Koila,Driving_Under_Influence,2way,3.0,20,WiFi,-68,82.0,-20.0,0.0058369478256632,40.32317713405332,21.790465565307052,Unintentional
User_04,2025-04-07 06:38:57,0.662,0.5641,Driving,Koila,Reckless_Driving,1way,2.0,40,5G,-92,56.0,22.0,0.0080762273451425,40.32276179340709,21.79174775940741,Unintentional
User_17,2025-04-07 09:05:07,0.631,0.3328,Driving,Koila,Driving_Under_Influence,2way,0.0,60,4G,-107,92.0,5.0,0.035,40.32138220055141,21.792452560305833,Unintentional
User_76,2025-04-07 10:06:46,0.355,0.3911,Walking,Koila,Speeding,2way,3.0,80,3G,-88,58.0,24.0,0.0090698597882641,40.32060576459878,21.79025213261939,Unintentional
User_100,2025-04-07 14:15:18,0.37,0.446,Driving,Koila,9,2way,2.0,90,5G,-70,47.0,-5.0,0.023,40.321733849019665,21.79172344913993,Unintentional
User_58,2025-04-07 15:18:02,0.465,0.226,Running,Ligeris,Reckless_Driving,4way,1.0,30,4G,-98,50.0,-24.0,0.0067615320770308,40.30723813870776,21.8074615343827,Unintentional
User_02,2025-04-07 15:18:57,0.529,0.4936,Walking,Zep,Driving_Under_Influence,2way,0.0,30,4G,-102,48.0,19.0,0.0093713697501783,40.27964682984129,21.752210700469828,Unintentional
User_72,2025-04-07 15:28:49,0.567,0.2345,Driving,Ligeris,Driving_Under_Influence,4way,1.0,30,5G,-79,71.0,6.0,0.025,40.30752117235203,21.808315138719756,Unintentional
User_39,2025-04-07 17:44:46,0.598,0.3407,Walking,Koila,Driving_Under_Influence,2way,1.0,30,4G,-97,86.0,22.0,0.0080132990033882,40.32139391795986,21.79169043648553,Unintentional
User_59,2025-04-07 18:47:18,0.265,0.3702,Running,Zep,Reckless_Driving,2way,0.0,90,4G,-111,40.0,-16.0,0.021,40.27916524131048,21.753288385611324,Unintentional
User_56,2025-04-07 20:08:42,0.374,0.2057,Running,Koila,9,1way,0.0,70,5G,-92,100.0,-13.0,0.035,40.32167062181986,21.792960008400712,Unintentional
User_54,2025-04-07 22:41:50,0.327,0.4679,Walking,Zep,Reckless_Driving,2way,150.0,30,5G,-72,2.0,16.0,0.032,40.28017059204928,21.75436046893631,Unintentional
User_75,2025-04-07 22:59:32,0.409,0.3661,Walking,Koila,Driving_Under_Influence,1way,0.0,20,WiFi,-79,50.0,-20.0,0.0033579446974435,40.32214731791305,21.78993638104505,Unintentional
User_12,2025-04-08 04:07:48,0.67,0.5462,Driving,Koila,Driving_Under_Influence,1way,1.0,20,3G,-73,39.0,1.0,0.032,40.27853385456968,21.754607749160712,Unintentional
User_66,2025-04-08 04:13:33,0.28,0.4237,Driving,Zep,Speeding,2way,3.0,40,WiFi,-84,69.0,16.0,0.047,40.279619960724574,21.75187663984266,Unintentional
User_19,2025-04-08 04:42:39,0.745,0.5755,Driving,Zep,Driving_Under_Influence,4way,0.0,90,WiFi,-88,20.0,19.0,0.0091806630631522,40.27919075544516,21.75311157708293,Unintentional
User_50,2025-04-08 08:01:31,0.398,0.4276,Walking,Zep,Speeding,2way,0.0,30,WiFi,-76,27.0,20.0,0.0081010103213499,40.279067320499514,21.75271305472724,Unintentional
User_20,2025-04-08 13:19:04,0.334,0.5161,Running,Zep,Reckless_Driving,2way,0.0,20,4G,-118,39.0,17.0,0.0014981269919491,40.280812888007375,21.75377076103261,Unintentional
User_20,2025-04-08 22:31:44,0.334,0.5171,Driving,Koila,Reckless_Driving,2way,1.0,30,5G,-86,76.0,20.0,0.0021013079516609,40.30703448026514,21.80908938957236,Unintentional
User_04,2025-04-09 06:48:33,0.662,0.2497,Driving,Koila,Speeding,2way,0.0,20,3G,-109,37.0,-3.0,0.029,40.32186977709389,21.790541945085927,Unintentional
User_52,2025-04-09 12:14:01,0.544,0.2732,Driving,Ligeris,Driving_Under_Influence,2way,0.0,60,5G,-95,68.0,14.0,0.05,40.30749012262446,21.80759785312275,Unintentional
User_66,2025-04-09 12:20:27,0.28,0.4257,Walking,Ligeris,Reckless_Driving,2way,2.0,80,4G,-103,13.0,-10.0,0.05,40.30624736212781,21.807372431354977,Unintentional
User_28,2025-04-09 12:54:05,0.348,0.5073,Walking,Ligeris,Speeding,2way,2.0,50,WiFi,-50,81.0,2.0,0.039,40.306594015706814,21.80756419506863,Unintentional
User_67,2025-04-09 13:51:24,0.529,0.4086,Running,Koila,Speeding,2way,3.0,10,3G,-79,77.0,-19.0,0.0090523544331113,40.32091086280821,21.789953647904795,Unintentional
User_98,2025-04-09 19:18:52,0.46,0.3498,Running,Koila,Reckless_Driving,2way,1.0,30,4G,-70,54.0,18.0,0.0042574409221169,40.32208778863363,21.791271549380156,Unintentional
User_41,2025-04-09 21:15:25,0.628,0.3581,Running,Ligeris,Speeding,2way,4.0,50,5G,-76,23.0,-5.0,0.04,40.30462627226478,21.807076937844503,Unintentional
User_40,2025-04-09 21:35:15,0.482,0.5647,Running,Zep,Reckless_Driving,2way,1.0,70,3G,-109,11.0,0.0,0.033,40.28024767587884,21.753731912126497,Unintentional
User_11,2025-04-09 23:01:20,0.602,0.514,Running,Zep,Driving_Under_Influence,4way,1.0,20,3G,-117,65.0,19.0,0.0023173031185359,40.279414585821975,21.753278318256587,Unintentional
User_30,2025-04-09 23:24:18,0.46,0.2874,Walking,Ligeris,Driving_Under_Influence,2way,0.0,Harassing_Driver,WiFi,-88,32.0,22.0,0.0070644191841075,40.305747115007065,21.808347787718247,Unintentional
User_23,2025-04-10 00:03:36,0.458,0.347,Running,Zep,Driving_Under_Influence,1way,1.0,40,4G,-100,63.0,-21.0,0.0079923353205367,40.27907972004836,21.752958779392017,Unintentional
User_82,2025-04-10 02:36:25,0.324,0.5641,Running,Koila,Driving_Under_Influence,4way,2.0,40,WiFi,-53,25.0,24.0,0.0094008079138281,40.32203625352259,21.791303387063337,Unintentional
User_56,2025-04-10 03:30:02,0.374,0.2107,Driving,Koila,Reckless_Driving,4way,1.0,20,WiFi,-89,69.0,-20.0,0.0015951683353031,40.322113252542145,21.79147658025929,Unintentional
User_75,2025-04-10 16:41:27,0.409,0.3721,Running,Zep,Reckless_Driving,1way,0.0,20,4G,-93,53.0,-19.0,0.0036855273150975,40.27870824512903,21.752416007788906,Unintentional
User_58,2025-04-10 22:07:17,0.465,0.233,Driving,Ligeris,Speeding,1way,1.0,50,5G,-97,44.0,-12.0,0.024,40.3075554343321,21.807691849345005,Unintentional
User_95,2025-04-11 01:10:21,0.545,0.4739,Walking,Zep,Driving_Under_Influence,4way,1.0,30,4G,-100,88.0,22.0,0.0010171607770679,40.27913911531722,21.7532078964719,Unintentional
User_50,2025-04-11 08:08:27,0.398,0.4326,Walking,Ligeris,Driving_Under_Influence,2way,0.0,50,5G,-76,86.0,25.0,0.005670894489931,40.305764375868215,21.80711799788158,Unintentional
User_28,2025-04-11 11:50:06,0.348,0.5103,Running,Koila,Driving_Under_Influence,2way,1.0,10,3G,-92,8.0,-21.0,0.0044809724178841,40.32201028608047,21.79188899208602,Unintentional
User_42,2025-04-11 14:27:56,0.738,0.3136,Walking,Koila,Reckless_Driving,2way,0.0,40,WiFi,-50,63.0,-3.0,0.023,40.32166395614679,21.792906670398853,Unintentional
User_49,2025-04-11 16:14:54,0.637,0.5423,Running,Zep,Driving_Under_Influence,2way,1.0,30,3G,-91,49.0,-6.0,0.044,40.27821215016995,21.752465262448112,Unintentional
User_91,2025-04-11 17:22:33,0.587,0.5048,Running,Zep,Reckless_Driving,2way,0.0,10,3G,-72,62.0,17.0,0.004480537983949,40.280574315249325,21.791256784153244,Unintentional
User_47,2025-04-11 18:47:57,0.585,0.3092,Walking,Koila,Speeding,2way,0.0,60,4G,-113,34.0,14.0,0.05,40.322715883626955,21.791704298232013,Unintentional
User_48,2025-04-11 20:56:25,0.599,0.4694,Running,Zep,Driving_Under_Influence,2way,4.0,10,3G,-84,96.0,3.0,0.028,40.28088226474863,21.75168317808672,Unintentional
User_68,2025-04-12 00:05:59,0.46,0.2349,Running,Zep,Driving_Under_Influence,1way,1.0,40,3G,-113,82.0,-13.0,0.022,40.27984206466117,21.75356842419479,Unintentional
User_95,2025-04-12 03:02:14,0.545,0.4759,Driving,Zep,Speeding,4way,0.0,10,4G,-110,0.0,17.0,0.0070366309287359,40.27989327381869,21.75270521852074,Unintentional
User_84,2025-04-12 04:56:06,0.527,0.2757,Driving,Koila,Reckless_Driving,2way,140.0,70,WiFi,-87,62.0,-25.0,0.0056409281798472,40.32194694060468,21.790609043669388,Unintentional
User_92,2025-04-12 05:28:22,0.694,0.3792,Running,Koila,Speeding,1way,1.0,50,WiFi,-56,23.0,1.0,0.028,40.32333549706993,21.791930107405765,Unintentional
User_11,2025-04-12 05:57:31,0.602,0.519,Running,Ligeris,Reckless_Driving,1way,1.0,20,5G,-109,12.0,20.0,0.0070474892218598,40.30702595261273,21.80713942079271,Unintentional
User_61,2025-04-12 06:36:37,0.546,0.2827,Walking,Koila,Speeding,1way,2.0,80,5G,-99,62.0,23.0,0.0042827279441901,40.32297609454697,21.791598840116112,Unintentional
User_87,2025-04-12 13:44:16,0.46,0.5832,Running,Koila,Reckless_Driving,2way,1.0,20,4G,-115,62.0,15.0,0.038,40.32330483266368,21.792113009220618,Unintentional
User_74,2025-04-12 13:50:47,0.497,0.5604,Running,Ligeris,Driving_Under_Influence,2way,0.0,40,5G,-114,79.0,-22.0,0.0069623705218439,40.30455225343548,21.807479584997203,Unintentional
User_54,2025-04-12 17:05:17,0.327,0.4769,Driving,Koila,Reckless_Driving,1way,1.0,30,4G,-93,7.0,-6.0,0.028,40.32074477060748,21.789875703131095,Unintentional
User_33,2025-04-12 19:35:56,0.634,0.4172,Walking,Ligeris,Reckless_Driving,2way,1.0,50,4G,-89,19.0,-18.0,0.007713302953814,40.306144618728375,21.80714439664353,Unintentional
User_24,2025-04-12 19:54:56,0.445,0.2856,Running,Koila,Reckless_Driving,2way,0.0,40,4G,-82,100.0,-5.0,0.047,40.322471322539414,21.79222552367311,Unintentional
User_72,2025-04-12 23:20:50,0.567,0.2445,Driving,Zep,Driving_Under_Influence,2way,0.0,30,5G,-84,49.0,4.0,0.038,40.280930371677535,21.754368612809863,Unintentional
User_75,2025-04-13 01:32:03,0.409,0.3781,Walking,Ligeris,Speeding,4way,0.0,80,5G,-112,41.0,-1.0,0.044,40.305430072128445,21.805992910509012,Unintentional
User_30,2025-04-13 06:29:30,0.413,0.2954,Walking,Koila,Driving_Under_Influence,2way,3.0,50,WiFi,-59,50.0,18.0,0.0011765386778904,40.32207856985619,21.791277219123177,Unintentional
User_96,2025-04-13 06:37:12,0.261,0.4621,Running,Zep,Speeding,1way,1.0,30,5G,-89,1.0,17.0,0.0010859326942323,40.278370551455474,21.752831318984523,Unintentional
User_17,2025-04-13 06:59:23,0.631,0.3448,Driving,Ligeris,Reckless_Driving,1way,1.0,30,4G,-76,51.0,20.0,0.0070876925966347,40.30623128917356,21.80749014164647,Unintentional
User_59,2025-04-13 07:02:53,0.265,0.3822,Driving,Koila,Reckless_Driving,4way,1.0,130,3G,-106,36.0,-16.0,0.029,40.322375320283605,21.790821747162965,Unintentional
User_94,2025-04-13 08:32:06,0.681,0.304,Walking,Ligeris,Speeding,2way,3.0,50,5G,-105,47.0,1.0,0.041,40.30640054016179,21.807712821563648,Unintentional
User_93,2025-04-13 11:45:49,0.588,0.2262,Running,Koila,Speeding,1way,1.0,50,WiFi,-87,33.0,-22.0,0.0076113363249813,40.32262442446023,21.790931419149143,Unintentional
User_46,2025-04-13 15:44:22,0.519,0.5456,Running,Zep,Speeding,1way,1.0,50,WiFi,-74,71.0,0.0,0.026,40.2801535178186,21.753210260406753,Unintentional
User_68,2025-04-13 17:20:42,0.472,0.2379,Running,Koila,Reckless_Driving,1way,4.0,40,WiFi,-87,52.0,-9.0,0.037,40.322355616973475,21.7927075818202,Unintentional
User_35,2025-04-13 23:54:49,0.274,0.2852,Walking,Zep,Driving_Under_Influence,2way,0.0,70,5G,-79,55.0,-18.0,0.0041367448392168,40.277980454772845,21.754344298108332,Unintentional
User_45,2025-04-14 00:23:54,0.285,0.4793,Walking,Zep,Driving_Under_Influence,4way,0.0,60,3G,-106,23.0,2.0,0.042,40.279893873930426,21.75461510849828,Unintentional
User_51,2025-04-14 00:43:35,0.613,0.587,Driving,Zep,8,1way,0.0,30,5G,-96,76.0,14.0,0.036,40.279136732362545,21.752361746245462,Unintentional
User_99,2025-04-14 03:08:14,0.465,0.4174,Walking,Ligeris,Reckless_Driving,2way,0.0,60,5G,-73,62.0,-10.0,0.042,40.30457081742372,21.807071182350914,Unintentional
User_20,2025-04-14 07:23:42,0.334,0.5281,Running,Zep,Reckless_Driving,1way,0.0,60,5G,-77,20.0,-25.0,0.0036227079694575,40.27976029706963,21.753380926520126,Unintentional
User_67,2025-04-14 07:45:38,0.529,0.4176,Running,Koila,Driving_Under_Influence,1way,3.0,60,3G,-88,75.0,-12.0,0.026,40.32196392238175,21.792563416895412,Unintentional
User_05,2025-04-14 12:24:58,0.743,0.5027,Walking,Koila,Driving_Under_Influence,2way,1.0,90,4G,-94,53.0,-9.0,0.021,40.32121643094201,21.791342725856815,Unintentional
User_74,2025-04-14 19:10:41,0.497,0.5644,Running,Ligeris,Reckless_Driving,2way,0.0,20,3G,-87,24.0,-11.0,0.024,40.30640751126055,21.808068628934823,Unintentional
User_70,2025-04-14 19:26:39,0.601,0.3009,Driving,Ligeris,Reckless_Driving,1way,0.0,30,5G,-84,42.0,-23.0,0.0075524124943055,40.305390269127635,21.80780796946882,Unintentional
User_82,2025-04-14 20:38:40,0.324,0.4199,Running,Ligeris,Speeding,1way,1.0,50,WiFi,-78,70.0,15.0,0.028,40.30744518499716,21.807752414321985,Unintentional
User_40,2025-04-14 21:33:59,0.482,0.5747,Driving,Koila,Speeding,4way,1.0,10,WiFi,-58,52.0,20.0,0.0084787586759669,40.32227879382812,21.7911053959008,Unintentional
User_84,2025-04-15 01:30:17,0.527,0.2817,Driving,Ligeris,Driving_Under_Influence,4way,150.0,10,4G,-110,82.0,-15.0,0.034,40.30679938129668,21.807121923374805,Unintentional
User_62,2025-04-15 02:01:03,0.366,0.3182,Walking,Ligeris,Reckless_Driving,4way,0.0,80,3G,-115,35.0,20.0,0.0086006031205856,40.305623221852656,21.808852192471424,Unintentional
User_14,2025-04-15 02:27:24,0.393,0.4154,Walking,Ligeris,Speeding,2way,2.0,40,WiFi,-64,58.0,-10.0,0.045,40.30611288317509,21.80673100923336,Unintentional
User_16,2025-04-15 04:55:47,0.513,0.4147,Running,Ligeris,Driving_Under_Influence,4way,0.0,30,3G,-90,45.0,17.0,0.0088935802975391,40.30758396920305,21.808520131944277,Unintentional
User_67,2025-04-15 06:08:04,0.529,0.4196,Running,Koila,Driving_Under_Influence,1way,0.0,10,WiFi,-55,2.0,-18.0,0.0058765565128799,40.32161870695317,21.789450476125236,Unintentional
User_30,2025-04-15 07:48:55,0.413,0.2994,Running,Koila,Reckless_Driving,4way,1.0,20,4G,-86,2.0,10.0,0.043,40.3220683299356,21.791216436264335,Unintentional
User_20,2025-04-15 08:58:06,0.334,0.5311,Driving,Koila,Driving_Under_Influence,2way,0.0,90,5G,-101,44.0,4.0,0.027,40.32196179127232,21.79171509686741,Unintentional
User_04,2025-04-15 08:58:25,0.662,0.2607,Driving,Zep,Reckless_Driving,1way,0.0,30,3G,-93,1.0,18.0,0.0011134790140361,40.279823777527184,21.754623891902774,Unintentional
User_36,2025-04-15 09:19:46,0.563,0.5969,Running,Koila,Driving_Under_Influence,2way,0.0,60,5G,-110,48.0,10.0,0.031,40.3221603965253,21.791205363306332,Unintentional
User_72,2025-04-15 10:37:44,0.567,0.2495,Walking,Koila,Reckless_Driving,4way,0.0,40,3G,-115,56.0,-21.0,0.0099149597706577,40.30615800799328,21.807652094550715,Unintentional
User_75,2025-04-15 20:32:20,0.409,0.3811,Walking,Ligeris,Reckless_Driving,2way,1.0,40,3G,-88,78.0,-6.0,0.029,40.306230115631266,21.807690232830577,Unintentional
User_88,2025-04-16 02:19:36,0.471,0.3367,Walking,Ligeris,Driving_Under_Influence,1way,150.0,80,4G,-89,8.0,-20.0,0.0021581848854792,40.30489609941314,21.806347769072435,Unintentional
User_19,2025-04-16 03:25:32,0.745,0.5915,Driving,Ligeris,Reckless_Driving,2way,0.0,10,4G,-107,18.0,-5.0,0.046,40.30663777128612,21.807229554687797,Unintentional
User_50,2025-04-16 04:01:22,0.398,0.4426,Driving,Zep,Driving_Under_Influence,4way,0.0,80,WiFi,-65,16.0,10.0,0.029,40.28026957715788,21.7532653076014,Unintentional
User_43,2025-04-16 04:19:22,0.416,0.3697,Running,Koila,Reckless_Driving,4way,4.0,50,5G,-91,83.0,-6.0,0.025,40.32205018282171,21.791260220384466,Unintentional
User_34,2025-04-16 07:41:34,0.431,0.3639,Driving,Koila,Speeding,1way,1.0,10,5G,-76,13.0,-21.0,0.0027138766199576,40.32214887664147,21.789667888224283,Unintentional
User_60,2025-04-16 16:34:07,0.353,0.5641,Walking,Zep,Speeding,1way,0.0,60,WiFi,-76,82.0,-4.0,0.026,40.28106298734027,21.753166329130615,Unintentional
User_37,2025-04-16 17:07:48,0.306,0.4864,Running,Zep,Reckless_Driving,2way,0.0,80,WiFi,-55,49.0,6.0,0.038,40.27870741769902,21.752238741657433,Unintentional
User_90,2025-04-16 17:16:59,0.525,0.2718,Running,Koila,Driving_Under_Influence,1way,1.0,30,4G,-76,13.0,-14.0,0.025,40.32180744056894,21.790041941944363,Unintentional
User_23,2025-04-16 18:16:13,0.458,0.36,Walking,Zep,Driving_Under_Influence,2way,0.0,80,WiFi,-74,12.0,20.0,0.003914592063619,40.279700530222485,21.753042567056227,Unintentional
User_86,2025-04-16 19:02:37,0.469,0.2121,Driving,Ligeris,Driving_Under_Influence,2way,1.0,90,3G,-103,76.0,-25.0,0.0088981902259564,40.30545106634652,21.791256784153244,Unintentional
User_13,2025-04-16 20:36:29,0.75,0.4544,Driving,Koila,Driving_Under_Influence,4way,0.0,10,4G,-76,8.0,-20.0,0.0051267674764082,40.32271093195139,21.79218878915705,Unintentional
User_20,2025-04-16 22:44:51,0.334,0.5331,Walking,Koila,9,2way,1.0,60,4G,-100,91.0,-3.0,0.045,40.32159762239179,21.791579203019875,Unintentional
User_03,2025-04-17 02:23:48,0.568,0.2414,Running,Ligeris,Reckless_Driving,2way,2.0,10,3G,-89,85.0,-7.0,0.034,40.305046270768194,21.80609448773696,Unintentional
User_19,2025-04-17 03:56:59,0.745,0.5935,Running,Koila,Driving_Under_Influence,2way,4.0,40,4G,-81,44.0,-13.0,0.048,40.322526305373415,21.791388755618325,Unintentional
User_03,2025-04-17 06:28:53,0.568,0.2424,Running,Koila,Speeding,1way,1.0,30,4G,-85,13.0,15.0,0.046,40.323185801503826,21.790944495045697,Unintentional
User_75,2025-04-17 06:45:03,0.409,0.3861,Walking,Zep,Speeding,4way,0.0,10,4G,-96,92.0,-3.0,0.05,40.27959076931407,21.75316017293034,Unintentional
User_02,2025-04-17 09:43:05,0.529,0.5126,Running,Ligeris,8,2way,0.0,20,5G,-80,21.0,-16.0,0.043,40.30484737527998,21.808417816505344,Unintentional
User_86,2025-04-17 19:17:49,0.469,0.2141,Walking,Koila,Driving_Under_Influence,2way,0.0,30,WiFi,-75,100.0,9.0,0.024,40.32054221852997,21.790275464136876,Unintentional
User_42,2025-04-17 19:29:41,0.738,0.3256,Walking,Zep,7,1way,1.0,60,5G,-94,4.0,25.0,0.0016054540175713,40.28047686541368,21.752138341323416,Unintentional
User_92,2025-04-18 01:47:04,0.694,0.3902,Walking,Koila,6,4way,0.0,30,3G,-115,60.0,22.0,0.0014743139528483,40.32211704034146,21.791355700395037,Unintentional
User_37,2025-04-18 01:51:28,0.306,0.4904,Running,Koila,Speeding,2way,1.0,70,4G,-86,32.0,-23.0,0.0034878982446248,40.32317023982403,21.790139700444968,Unintentional
User_18,2025-04-18 10:29:12,0.251,0.6045,Driving,Zep,Speeding,2way,1.0,80,3G,-76,62.0,14.0,0.046,40.27953681925612,21.753232955026185,Unintentional
User_34,2025-04-18 12:27:56,0.431,0.3679,Walking,Koila,Driving_Under_Influence,2way,0.0,80,3G,-83,78.0,-24.0,0.0064138563321612,40.322747215216694,21.79177158132173,Unintentional
User_43,2025-04-18 21:55:13,0.416,0.3747,Driving,Koila,Speeding,1way,0.0,40,3G,-75,84.0,1.0,0.023,40.32156702911314,21.790558116120856,Unintentional
User_70,2025-04-18 22:22:02,0.601,0.3099,Driving,Ligeris,Reckless_Driving,4way,2.0,20,5G,-117,71.0,22.0,0.0016246181118298,40.30541250965898,21.80936858482215,Unintentional
User_04,2025-04-18 23:44:44,0.662,0.2677,Driving,Ligeris,Speeding,4way,0.0,40,4G,-108,55.0,21.0,0.0042142152467246,40.30617530948344,21.807426025075475,Unintentional
User_89,2025-04-19 00:06:07,0.336,0.2291,Running,Zep,Driving_Under_Influence,2way,0.0,20,WiFi,-64,35.0,-23.0,0.0040721739615763,40.27876131395268,21.753309941756505,Unintentional
User_23,2025-04-19 05:52:04,0.458,0.365,Driving,Koila,Reckless_Driving,1way,140.0,60,3G,-73,21.0,-19.0,0.0065899835315205,40.321115633628736,21.791650694931665,Unintentional
User_46,2025-04-19 06:20:41,0.519,0.5576,Running,Zep,Reckless_Driving,1way,1.0,10,5G,-76,81.0,-17.0,0.0042328246773085,40.278388221553215,21.791256784153244,Unintentional
User_44,2025-04-19 07:02:49,0.332,0.2996,Walking,Ligeris,Speeding,4way,0.0,Lane_Discards,4G,-97,53.0,6.0,0.022,40.30602669104681,21.807479685553396,Unintentional
User_21,2025-04-19 14:36:25,0.46,0.2302,Walking,Koila,Speeding,1way,2.0,70,5G,-71,75.0,-25.0,0.0018847342610169,40.32225866410472,21.790080807973847,Unintentional
User_90,2025-04-19 19:10:25,0.525,0.2778,Driving,Koila,Driving_Under_Influence,1way,0.0,30,3G,-119,57.0,-14.0,0.046,40.321887152007704,21.79265468152866,Unintentional
User_57,2025-04-20 00:37:09,0.372,0.3302,Walking,Ligeris,Speeding,2way,1.0,30,3G,-113,96.0,23.0,0.0022521337723074,40.30523911559339,21.80800693522719,Unintentional
User_11,2025-04-20 04:46:41,0.602,0.535,Driving,Koila,7,4way,0.0,20,WiFi,-53,12.0,12.0,0.033,40.32233698783152,21.791893304290618,Unintentional
User_94,2025-04-20 07:54:07,0.681,0.318,Walking,Zep,Reckless_Driving,2way,0.0,50,WiFi,-86,96.0,2.0,0.031,40.2790392882585,21.753399778466907,Unintentional
User_82,2025-04-20 09:02:16,0.324,0.4309,Running,Ligeris,Driving_Under_Influence,1way,2.0,40,WiFi,-85,66.0,-16.0,0.037,40.30518911450149,21.808826360808855,Unintentional
User_77,2025-04-20 11:04:38,0.428,0.2355,Walking,Ligeris,Reckless_Driving,2way,1.0,60,3G,-97,41.0,19.0,0.0057659271083065,40.30651493506567,21.8062631811241,Unintentional
User_59,2025-04-20 11:59:48,0.265,0.3972,Walking,Koila,9,2way,1.0,20,5G,-86,85.0,1.0,0.046,40.32133093790402,21.79195269378658,Unintentional
User_26,2025-04-20 12:37:20,0.408,0.4665,Running,Zep,Driving_Under_Influence,2way,2.0,40,5G,-100,31.0,24.0,0.0050189450016826,40.27923385771697,21.752268369778992,Unintentional
User_25,2025-04-20 15:40:43,0.408,0.3558,Walking,Ligeris,Speeding,1way,2.0,50,4G,-94,18.0,13.0,0.047,40.30678740601905,21.80880711375982,Unintentional
User_21,2025-04-20 16:02:00,0.303,0.2322,Running,Koila,Driving_Under_Influence,4way,1.0,90,4G,-94,16.0,-25.0,0.0089919595805065,40.32232984076137,21.791251391930164,Unintentional
User_89,2025-04-20 18:02:43,0.336,0.2321,Driving,Ligeris,Speeding,2way,1.0,80,5G,-108,48.0,3.0,0.044,40.306156670076675,21.80750559302811,Unintentional
User_60,2025-04-20 21:01:57,0.353,0.5838,Walking,Zep,Speeding,2way,1.0,30,4G,-85,59.0,-21.0,0.0076653891492276,40.27979037877882,21.75351914323719,Unintentional
User_61,2025-04-20 21:35:59,0.546,0.2997,Driving,Zep,Driving_Under_Influence,2way,0.0,30,4G,-76,36.0,11.0,0.043,40.27967974881267,21.753361745435747,Unintentional
User_50,2025-04-20 21:52:12,0.398,0.4516,Running,Zep,Driving_Under_Influence,1way,1.0,30,WiFi,-84,35.0,-12.0,0.043,40.27999616704029,21.753376448129337,Unintentional
User_12,2025-04-20 23:11:48,0.67,0.5712,Driving,Ligeris,Reckless_Driving,2way,1.0,20,5G,-111,13.0,1.0,0.03,40.30704702602693,21.80747068145907,Unintentional
User_66,2025-04-20 23:15:44,0.28,0.4487,Walking,Ligeris,Reckless_Driving,1way,1.0,30,3G,-82,7.0,0.0,0.048,40.30618280919723,21.80617856200876,Unintentional
User_53,2025-04-20 23:18:07,0.313,0.3186,Walking,Ligeris,Speeding,2way,0.0,60,4G,-99,66.0,-25.0,0.0098538608959598,40.30716728592039,21.806302095599815,Unintentional
User_70,2025-04-21 01:06:36,0.601,0.3149,Driving,Koila,Reckless_Driving,2way,0.0,70,5G,-79,18.0,1.0,0.047,40.321853909557994,21.79207949559601,Unintentional
User_77,2025-04-21 01:08:08,0.428,0.2375,Driving,Koila,Driving_Under_Influence,2way,0.0,30,4G,-86,95.0,6.0,0.031,40.32208918567845,21.78934081746876,Unintentional
User_04,2025-04-21 05:10:34,0.662,0.2727,Driving,Ligeris,Reckless_Driving,1way,0.0,20,4G,-90,63.0,-21.0,0.0029984649490588,40.30762951113867,21.80879151213711,Unintentional
User_36,2025-04-21 07:49:24,0.563,0.6099,Walking,Ligeris,Reckless_Driving,2way,0.0,70,3G,-115,97.0,-11.0,0.05,40.306276466079616,21.807680943932603,Unintentional
User_62,2025-04-21 11:21:08,0.366,0.3292,Running,Koila,Speeding,2way,4.0,20,4G,-90,61.0,-21.0,0.0037701398075972,40.322679305608496,21.791346991445227,Unintentional
User_100,2025-04-21 16:13:00,0.37,0.475,Running,Zep,Reckless_Driving,2way,0.0,90,4G,-76,22.0,-10.0,0.027,40.279317115870995,21.75532278060935,Unintentional
User_30,2025-04-21 16:50:56,0.413,0.3114,Driving,Ligeris,Speeding,2way,2.0,60,4G,-86,31.0,-22.0,0.0018744531115129,40.30629395729443,21.807113913526273,Unintentional
User_84,2025-04-21 17:31:38,0.527,0.2947,Running,Koila,Reckless_Driving,2way,0.0,50,3G,-91,27.0,-22.0,0.0066664634748326,40.32150333896675,21.792750076589392,Unintentional
User_39,2025-04-21 22:15:43,0.598,0.3697,Driving,Ligeris,Speeding,2way,1.0,50,3G,-119,43.0,7.0,0.049,40.306286200985255,21.807555614629464,Unintentional
User_91,2025-04-21 22:27:44,0.587,0.5248,Walking,Ligeris,Driving_Under_Influence,1way,0.0,50,5G,-101,22.0,18.0,0.0025622335339759,40.30633663728904,21.80733894394739,Unintentional
User_06,2025-04-22 01:02:00,0.584,0.5905,Walking,Zep,Reckless_Driving,4way,0.0,70,5G,-103,29.0,-23.0,0.007657811168259,40.279561546199766,21.75203354557618,Unintentional
User_20,2025-04-22 02:53:04,0.334,0.5641,Walking,Koila,Speeding,1way,150.0,70,WiFi,-77,49.0,-24.0,0.0087028378660373,40.32309674573231,21.789809853564194,Unintentional
User_60,2025-04-22 05:03:04,0.353,0.5878,Running,Zep,Driving_Under_Influence,1way,3.0,10,4G,-118,42.0,-1.0,0.025,40.2790950085607,21.751401595195965,Unintentional
User_33,2025-04-22 06:30:16,0.634,0.4362,Walking,Zep,Driving_Under_Influence,2way,1.0,70,3G,-70,2.0,-20.0,0.0032079279468827,40.278719742218,21.753480725854615,Unintentional
User_79,2025-04-22 12:41:33,0.389,0.341,Walking,Zep,Reckless_Driving,2way,2.0,30,5G,-119,36.0,-17.0,0.005653142335994,40.306230115631266,21.753153124627996,Unintentional
User_12,2025-04-22 19:46:40,0.67,0.5752,Running,Zep,Speeding,2way,0.0,90,3G,-74,64.0,-3.0,0.044,40.27979993514827,21.752608438430787,Unintentional
User_84,2025-04-22 20:41:25,0.527,0.5641,Driving,Ligeris,Reckless_Driving,4way,0.0,20,WiFi,-59,49.0,8.0,0.031,40.3059196664561,21.80618309796503,Unintentional
User_66,2025-04-22 22:49:33,0.28,0.4527,Walking,Koila,Reckless_Driving,1way,0.0,40,4G,-117,8.0,-5.0,0.048,40.323345623738575,21.79218635299327,Unintentional
User_78,2025-04-23 00:48:38,0.347,0.4636,Running,Zep,Driving_Under_Influence,1way,0.0,60,5G,-99,29.0,-6.0,0.048,40.280277455706376,21.7524773788386,Unintentional
User_21,2025-04-23 02:47:00,0.303,0.2372,Walking,Ligeris,Driving_Under_Influence,2way,0.0,20,5G,-111,48.0,-16.0,0.033,40.30712613525157,21.808301390021967,Unintentional
User_82,2025-04-23 03:48:33,0.324,0.4369,Driving,Zep,Speeding,2way,1.0,50,4G,-101,6.0,-2.0,0.034,40.27961973675352,21.75283819795861,Unintentional
User_48,2025-04-23 04:39:39,0.599,0.4924,Walking,Koila,Driving_Under_Influence,2way,0.0,40,5G,-119,83.0,-2.0,0.033,40.2782345033642,21.753129500691987,Unintentional
User_24,2025-04-23 08:33:54,0.445,0.5641,Driving,Ligeris,Reckless_Driving,2way,0.0,40,WiFi,-69,12.0,3.0,0.049,40.30624164296003,21.807457542811516,Unintentional
User_14,2025-04-23 11:34:38,0.393,0.4314,Running,Koila,Driving_Under_Influence,2way,3.0,50,3G,-84,77.0,10.0,0.03,40.322099029474565,21.79089689335589,Unintentional
User_95,2025-04-23 13:39:29,0.545,0.4989,Running,Zep,7,1way,1.0,50,4G,-85,84.0,-13.0,0.039,40.28002795534853,21.75303208012273,Unintentional
User_80,2025-04-23 17:13:11,0.704,0.3857,Walking,Zep,Driving_Under_Influence,1way,0.0,60,5G,-95,63.0,22.0,0.0069179752497366,40.27973582481117,21.752533985374793,Unintentional
User_28,2025-04-23 19:30:52,0.348,0.5353,Running,Ligeris,Speeding,2way,1.0,Illegal_Parking,3G,-74,42.0,-19.0,0.0023746605588006,40.305766198815526,21.805601915465676,Unintentional
User_66,2025-04-23 20:33:03,0.28,0.4547,Driving,Koila,Reckless_Driving,2way,0.0,60,5G,-96,53.0,-11.0,0.036,40.32276754098978,21.790069743831793,Unintentional
User_02,2025-04-23 22:57:32,0.529,0.5256,Walking,Koila,Reckless_Driving,2way,1.0,50,WiFi,-68,43.0,22.0,0.0038660186443719,40.32173820708879,21.791604095484427,Unintentional
User_44,2025-04-23 23:17:41,0.332,0.3086,Running,Ligeris,Speeding,1way,3.0,80,5G,-111,32.0,1.0,0.047,40.3063128416435,21.80770998663696,Unintentional
User_82,2025-04-24 01:38:06,0.46,0.4389,Walking,Ligeris,Speeding,4way,1.0,80,4G,-98,17.0,-25.0,0.0077901039632048,40.307187227252506,21.808774249944683,Unintentional
User_61,2025-04-24 02:34:26,0.546,0.3067,Driving,Zep,Driving_Under_Influence,2way,2.0,40,3G,-73,45.0,1.0,0.037,40.27846316706392,21.753143011813297,Unintentional
User_84,2025-04-24 09:00:21,0.527,0.2997,Driving,Koila,Reckless_Driving,1way,0.0,80,5G,-118,44.0,21.0,0.0080620008344193,40.32214329595764,21.79127590519139,Unintentional
User_64,2025-04-24 16:42:50,0.511,0.5788,Running,Zep,Reckless_Driving,4way,0.0,40,4G,-110,47.0,-7.0,0.05,40.27862671520723,21.75353558195214,Unintentional
User_86,2025-04-24 17:06:06,0.469,0.2281,Running,Koila,Speeding,1way,2.0,20,4G,-74,25.0,-14.0,0.049,40.32314862459521,21.791618217978986,Unintentional
User_45,2025-04-24 18:09:56,0.285,0.5003,Driving,Ligeris,Speeding,2way,0.0,40,5G,-72,24.0,-9.0,0.024,40.30553306322037,21.805360373746044,Unintentional
User_11,2025-04-24 18:19:51,0.602,0.544,Walking,Zep,Reckless_Driving,1way,3.0,30,WiFi,-63,5.0,-9.0,0.039,40.27952534520751,21.752571055542845,Unintentional
User_78,2025-04-24 19:51:27,0.347,0.4666,Running,Koila,Driving_Under_Influence,1way,0.0,70,4G,-88,0.0,-21.0,0.0018022388327958,40.32322281597179,21.790764266078725,Unintentional
User_62,2025-04-24 21:53:04,0.366,0.3362,Driving,Koila,Speeding,1way,4.0,90,5G,-71,7.0,22.0,0.0031815144418811,40.32357920250626,21.792124791818743,Unintentional
User_40,2025-04-25 00:46:52,0.482,0.5957,Driving,Koila,Driving_Under_Influence,2way,1.0,60,5G,-119,95.0,15.0,0.021,40.32197526088358,21.7914694415156,Unintentional
User_29,2025-04-25 01:07:07,0.415,0.3924,Running,Zep,Driving_Under_Influence,2way,4.0,30,4G,-118,13.0,-14.0,0.026,40.27954169490222,21.753234120260935,Unintentional
User_40,2025-04-25 02:18:04,0.482,0.5967,Walking,Koila,Driving_Under_Influence,1way,1.0,30,5G,-76,54.0,-5.0,0.023,40.32224493691717,21.791086222169707,Unintentional
User_69,2025-04-25 03:16:49,0.34,0.5881,Running,Koila,Speeding,2way,0.0,20,WiFi,-79,94.0,-25.0,0.0026793557063926,40.306931504982806,21.806719473414574,Unintentional
User_83,2025-04-25 07:15:18,0.309,0.5875,Running,Ligeris,Driving_Under_Influence,2way,0.0,70,4G,-84,28.0,-21.0,0.0037978685568589,40.305925775056394,21.809551478875996,Unintentional
User_70,2025-04-25 10:11:10,0.601,0.3239,Walking,Koila,Speeding,1way,2.0,10,5G,-93,45.0,6.0,0.026,40.32233960971698,21.789188280496084,Unintentional
User_25,2025-04-25 10:33:57,0.408,0.3648,Walking,Zep,Speeding,4way,0.0,30,WiFi,-87,88.0,-13.0,0.043,40.280725946420255,21.7515115912132,Unintentional
User_27,2025-04-25 10:50:40,0.535,0.4811,Running,Zep,Driving_Under_Influence,1way,0.0,10,4G,-83,30.0,-19.0,0.0070186072563655,40.279186877635176,21.752281296948897,Unintentional
User_66,2025-04-25 12:15:34,0.28,0.4587,Running,Ligeris,Speeding,2way,0.0,90,WiFi,-56,57.0,14.0,0.043,40.30637740749743,21.807442850503175,Unintentional
User_16,2025-04-25 14:05:06,0.513,0.4357,Running,Ligeris,Driving_Under_Influence,2way,0.0,40,4G,-86,12.0,22.0,0.0039888220481755,40.30630659367345,21.806849657944728,Unintentional
User_52,2025-04-25 18:12:11,0.544,0.3062,Driving,Koila,Driving_Under_Influence,2way,4.0,20,WiFi,-55,28.0,-19.0,0.0076932220835539,40.321432076655285,21.79057470984413,Unintentional
User_31,2025-04-25 18:41:42,0.56,0.5641,Running,Koila,Reckless_Driving,2way,0.0,30,3G,-104,72.0,-24.0,0.0063730288323255,40.32251848318015,21.790356179205993,Unintentional
User_39,2025-04-25 20:53:59,0.598,0.3777,Walking,Koila,Driving_Under_Influence,1way,0.0,40,WiFi,-50,23.0,-4.0,0.027,40.320500790829776,21.79060817189629,Unintentional
User_46,2025-04-25 21:07:05,0.519,0.5696,Walking,Ligeris,Reckless_Driving,2way,0.0,30,5G,-107,49.0,13.0,0.022,40.30558023032475,21.805514082317497,Unintentional
User_55,2025-04-25 23:40:42,0.447,0.5654,Walking,Zep,9,1way,0.0,70,5G,-110,5.0,-19.0,0.0026821615847397,40.27961914142807,21.752681748999507,Unintentional
User_70,2025-04-26 02:07:57,0.601,0.3249,Walking,Koila,Reckless_Driving,1way,1.0,10,WiFi,-64,12.0,17.0,0.0095296924187537,40.32175337476436,21.791515879546747,Unintentional
User_16,2025-04-26 05:04:16,0.513,0.4367,Running,Koila,Speeding,2way,0.0,40,3G,-87,61.0,-12.0,0.048,40.321162945526446,21.793060277449634,Unintentional
User_67,2025-04-26 05:54:59,0.529,0.4416,Walking,Zep,Reckless_Driving,1way,3.0,30,WiFi,-65,51.0,-4.0,0.027,40.278882394168754,21.753276562137156,Unintentional
User_28,2025-04-26 11:48:26,0.348,0.5403,Running,Zep,Speeding,2way,1.0,50,3G,-75,94.0,-4.0,0.036,40.281172006987205,21.75286731460987,Unintentional
User_86,2025-04-26 18:58:36,0.469,0.2331,Walking,Ligeris,Speeding,2way,1.0,50,WiFi,-70,56.0,11.0,0.035,40.30580225144776,21.80901589948228,Unintentional
User_18,2025-04-26 20:36:03,0.251,0.6215,Running,Koila,Driving_Under_Influence,1way,1.0,40,5G,-88,90.0,22.0,0.0099301998482856,40.32314033295233,21.79026493167662,Unintentional
User_48,2025-04-26 21:10:24,0.599,0.4994,Driving,Koila,Driving_Under_Influence,4way,1.0,80,4G,-101,44.0,7.0,0.024,40.32300354095541,21.791256784153244,Unintentional
User_65,2025-04-27 01:16:29,0.448,0.3081,Running,Zep,Speeding,2way,1.0,20,5G,-87,69.0,-12.0,0.041,40.28078174466656,21.75331038579309,Unintentional
User_96,2025-04-27 01:51:51,0.261,0.4901,Walking,Koila,Reckless_Driving,4way,1.0,40,3G,-107,7.0,5.0,0.048,40.32155720622801,21.790258428171583,Unintentional
User_55,2025-04-27 04:36:38,0.447,0.5684,Driving,Zep,Driving_Under_Influence,4way,1.0,70,WiFi,-54,85.0,25.0,0.0088048056370301,40.27976238754735,21.7552232459122,Unintentional
User_31,2025-04-27 07:05:11,0.56,0.5854,Walking,Ligeris,Speeding,4way,2.0,30,4G,-105,29.0,19.0,0.004764159188444,40.30696977463084,21.807658496929115,Unintentional
User_12,2025-04-27 10:00:18,0.67,0.5842,Driving,Koila,Driving_Under_Influence,2way,1.0,40,4G,-99,89.0,-13.0,0.028,40.32157470139714,21.789461095890125,Unintentional
User_89,2025-04-27 15:18:50,0.336,0.2461,Walking,Ligeris,Speeding,2way,150.0,30,3G,-118,80.0,-20.0,0.0084701618281829,40.306230115631266,21.80867889439898,Unintentional
User_87,2025-04-27 17:58:20,0.709,0.6142,Running,Ligeris,Driving_Under_Influence,1way,1.0,60,4G,-92,68.0,-21.0,0.0068460239521536,40.30595900087188,21.808372010225604,Unintentional
User_99,2025-04-27 19:22:53,0.465,0.4424,Walking,Zep,Speeding,4way,5.0,20,3G,-94,1.0,-5.0,0.03,40.27849651630049,21.754843285242615,Unintentional
User_73,2025-04-28 05:05:22,0.325,0.4257,Driving,Koila,Driving_Under_Influence,2way,1.0,70,5G,-117,3.0,-2.0,0.048,40.32201846822404,21.791098811824437,Unintentional
User_21,2025-04-28 06:54:10,0.303,0.2482,Driving,Zep,Reckless_Driving,2way,2.0,10,3G,-95,13.0,-13.0,0.023,40.28012329671388,21.75274848564044,Unintentional
User_85,2025-04-28 18:14:01,0.254,0.3613,Walking,Koila,Driving_Under_Influence,1way,0.0,80,WiFi,-60,74.0,-23.0,0.009173520250815,40.32251323944943,21.790747250181667,Unintentional
User_89,2025-04-29 00:11:48,0.336,0.2491,Walking,Koila,Driving_Under_Influence,1way,2.0,30,5G,-71,96.0,-17.0,0.0030369773243872,40.32179418851506,21.79125832873807,Unintentional
User_50,2025-04-29 04:38:34,0.398,0.4686,Walking,Ligeris,Reckless_Driving,2way,0.0,40,WiFi,-62,91.0,-24.0,0.0033535922284843,40.30699229353548,21.806234555225956,Unintentional
User_34,2025-04-29 13:00:23,0.431,0.3899,Walking,Ligeris,Driving_Under_Influence,4way,0.0,40,3G,-111,35.0,12.0,0.036,40.30716885718152,21.805514757919543,Unintentional
User_80,2025-04-29 14:12:54,0.46,0.3977,Driving,Ligeris,Reckless_Driving,4way,150.0,30,3G,-101,94.0,12.0,0.021,40.306977400702046,21.80595402882522,Unintentional
User_51,2025-04-29 14:33:46,0.613,0.618,Running,Koila,Speeding,4way,150.0,110,WiFi,-55,6.0,16.0,0.022,40.32215715782824,21.79154543225811,Unintentional
User_14,2025-04-29 16:30:11,0.393,0.4444,Walking,Zep,Reckless_Driving,4way,3.0,30,3G,-92,54.0,20.0,0.0052467294535639,40.27968061802198,21.75118925267872,Unintentional
User_50,2025-04-29 17:02:45,0.398,0.4696,Running,Ligeris,Reckless_Driving,4way,160.0,80,4G,-109,88.0,0.0,0.048,40.30789872100937,21.807893166538264,Unintentional
User_54,2025-04-29 17:29:27,0.327,0.5119,Driving,Zep,Reckless_Driving,4way,2.0,30,3G,-86,45.0,20.0,0.0060544484518311,40.279450387796,21.753246667428936,Unintentional
User_98,2025-04-29 19:15:07,0.46,0.3898,Driving,Zep,Reckless_Driving,1way,0.0,60,WiFi,-68,81.0,25.0,0.0044122637143559,40.27913999509771,21.75309819392026,Unintentional
User_74,2025-04-29 20:29:18,0.497,0.5944,Running,Ligeris,Driving_Under_Influence,4way,0.0,80,5G,-92,53.0,25.0,0.0075757692089559,40.305270472139696,21.80740015391588,Unintentional
User_33,2025-04-30 00:17:36,0.634,0.4522,Driving,Koila,Speeding,2way,0.0,40,5G,-106,23.0,8.0,0.031,40.32187008880235,21.791653106596694,Unintentional
User_69,2025-04-30 03:08:44,0.34,0.5981,Driving,Ligeris,Speeding,2way,160.0,20,WiFi,-52,45.0,25.0,0.0095208598502295,40.305870172124095,21.807072159907175,Unintentional
User_10,2025-04-30 07:14:36,0.315,0.5898,Walking,Ligeris,Driving_Under_Influence,4way,1.0,50,WiFi,-68,22.0,14.0,0.033,40.30558239025135,21.80944058469872,Unintentional
User_95,2025-04-30 12:28:36,0.545,0.5129,Walking,Zep,Speeding,2way,1.0,20,5G,-98,19.0,-22.0,0.0049747682992243,40.27810901691818,21.753062700593414,Unintentional
User_22,2025-04-30 14:46:06,0.413,0.2849,Running,Ligeris,Driving_Under_Influence,2way,0.0,Harassing_Driver,5G,-107,85.0,-18.0,0.0018209699495842,40.30729301848959,21.807421680398747,Unintentional
User_34,2025-04-30 15:36:02,0.431,0.3929,Running,Ligeris,Driving_Under_Influence,1way,0.0,20,WiFi,-70,100.0,21.0,0.0019575537988279,40.304911444211335,21.80654048334969,Unintentional
User_25,2025-04-30 18:54:31,0.408,0.3748,Walking,Zep,Reckless_Driving,1way,1.0,Illegal_Parking,5G,-108,36.0,-13.0,0.033,40.27921632474194,21.753599542440497,Unintentional
User_28,2025-04-30 21:58:43,0.348,0.5493,Walking,Ligeris,Reckless_Driving,1way,0.0,50,5G,-70,49.0,14.0,0.021,40.306304230798794,21.807561209119108,Unintentional
User_42,2025-05-01 03:04:42,0.738,0.3536,Driving,Koila,Driving_Under_Influence,1way,1.0,20,4G,-91,18.0,6.0,0.047,40.32212405974657,21.792056130101983,Unintentional
User_63,2025-05-01 09:03:47,0.543,0.3576,Walking,Zep,Driving_Under_Influence,1way,1.0,70,3G,-86,89.0,13.0,0.027,40.27918752818125,21.753073256540016,Unintentional
User_68,2025-05-01 12:27:09,0.472,0.2739,Driving,Koila,Driving_Under_Influence,2way,1.0,60,4G,-78,84.0,-6.0,0.032,40.322779791480826,21.79026088836016,Unintentional
User_65,2025-05-01 15:25:00,0.448,0.3171,Walking,Zep,Speeding,2way,1.0,40,3G,-92,80.0,-6.0,0.024,40.2796614435073,21.753865845023213,Unintentional
User_04,2025-05-01 19:04:13,0.662,0.2937,Driving,Ligeris,Speeding,1way,0.0,30,3G,-114,61.0,10.0,0.022,40.30666199017829,21.80776388284106,Unintentional
User_81,2025-05-01 23:29:46,0.376,0.5245,Running,Koila,Speeding,2way,1.0,30,3G,-92,33.0,-16.0,0.032,40.32322770333374,21.792443192510817,Unintentional
User_03,2025-05-02 01:45:02,0.568,0.2714,Driving,Koila,Speeding,1way,0.0,70,3G,-115,63.0,-21.0,0.0056939312387448,40.3224157476962,21.789680315468665,Unintentional
User_20,2025-05-02 02:47:36,0.334,0.5641,Running,Koila,Driving_Under_Influence,4way,1.0,60,WiFi,-78,2.0,7.0,0.037,40.32201854443723,21.791317092952553,Unintentional
User_87,2025-05-02 04:35:49,0.709,0.6232,Driving,Ligeris,Driving_Under_Influence,2way,1.0,60,WiFi,-80,86.0,-24.0,0.0099801655917059,40.30626853808722,21.807356539705072,Unintentional
User_86,2025-05-02 04:57:04,0.469,0.2441,Running,Ligeris,Reckless_Driving,2way,1.0,60,4G,-114,73.0,9.0,0.034,40.306745492149226,21.809421068208053,Unintentional
User_21,2025-05-02 09:12:45,0.303,0.2562,Running,Koila,Speeding,1way,1.0,60,WiFi,-80,95.0,-21.0,0.0031172154316437,40.32340893468093,21.790122907917436,Unintentional
User_54,2025-05-02 11:01:58,0.327,0.5179,Driving,Koila,Speeding,2way,140.0,120,3G,-79,88.0,-25.0,0.0041931706736541,40.32198554607585,21.79080263672011,Unintentional
User_42,2025-05-02 11:23:02,0.738,0.3556,Driving,Koila,Driving_Under_Influence,2way,1.0,60,3G,-115,17.0,4.0,0.037,40.32120993856001,21.791003350466877,Unintentional
User_62,2025-05-02 11:54:43,0.366,0.3512,Running,Zep,Reckless_Driving,4way,0.0,30,5G,-90,82.0,-10.0,0.046,40.278530293224165,21.75455137004823,Unintentional
User_96,2025-05-02 12:16:54,0.261,0.5011,Walking,Zep,Speeding,1way,2.0,70,5G,-91,45.0,24.0,0.0085283902298558,40.28029511941699,21.752475807041183,Unintentional
User_94,2025-05-02 14:38:43,0.681,0.343,Running,Zep,Speeding,1way,5.0,50,4G,-95,26.0,-20.0,0.0089375885086097,40.27914495593919,21.754215810925484,Unintentional
User_35,2025-05-02 15:18:56,0.274,0.3222,Walking,Zep,Speeding,2way,0.0,20,WiFi,-74,80.0,-15.0,0.033,40.2802690480866,21.7541642039542,Unintentional
User_97,2025-05-02 19:41:54,0.337,0.5233,Walking,Koila,Speeding,4way,0.0,40,3G,-91,70.0,-22.0,0.0092663021020835,40.321400268298895,21.79215525930068,Unintentional
User_05,2025-05-02 20:17:17,0.743,0.5641,Running,Koila,Speeding,2way,0.0,20,WiFi,-88,32.0,18.0,0.0063787162967031,40.32310647286121,21.78992931011861,Unintentional
User_86,2025-05-02 23:17:09,0.469,0.2451,Driving,Zep,Driving_Under_Influence,1way,1.0,90,WiFi,-61,8.0,-20.0,0.0013407916243583,40.27987024822197,21.754024053883125,Unintentional
User_77,2025-05-03 01:06:11,0.428,0.2615,Running,Ligeris,Speeding,2way,0.0,30,4G,-97,29.0,-18.0,0.0093311860614341,40.30552588565244,21.808077704908005,Unintentional
User_18,2025-05-03 01:45:52,0.251,0.6345,Running,Zep,Speeding,1way,0.0,60,3G,-96,19.0,-21.0,0.0043533447184504,40.27838348959086,21.754020540529996,Unintentional
User_70,2025-05-03 05:09:18,0.601,0.3389,Walking,Ligeris,Speeding,2way,1.0,40,3G,-87,35.0,-3.0,0.024,40.305759840684445,21.8073698035643,Unintentional
User_39,2025-05-03 07:33:07,0.598,0.3927,Driving,Ligeris,Driving_Under_Influence,1way,0.0,40,WiFi,-63,88.0,24.0,0.0023735984949354,40.307150017701545,21.806828724763054,Unintentional
User_48,2025-05-03 07:40:22,0.599,0.5124,Driving,Koila,Driving_Under_Influence,2way,1.0,40,WiFi,-90,34.0,-13.0,0.034,40.32258984584303,21.790381186702156,Unintentional
User_73,2025-05-03 08:39:09,0.325,0.4357,Running,Koila,Reckless_Driving,1way,0.0,110,3G,-103,56.0,-6.0,0.049,40.322195419808715,21.791256784153244,Unintentional
User_51,2025-05-03 08:48:35,0.613,0.625,Driving,Zep,Reckless_Driving,2way,0.0,60,WiFi,-87,1.0,20.0,0.0080703353946451,40.27933255264787,21.753477272035894,Unintentional
User_93,2025-05-03 10:16:27,0.588,0.2652,Walking,Ligeris,Speeding,2way,0.0,20,4G,-108,37.0,21.0,0.0020390878863977,40.30554599979763,21.80645122387865,Unintentional
User_32,2025-05-03 10:52:14,0.464,0.264,Running,Zep,Driving_Under_Influence,4way,1.0,20,4G,-100,98.0,-19.0,0.0041427849462183,40.27985521234475,21.753294171576872,Unintentional
User_68,2025-05-03 12:26:45,0.472,0.2769,Walking,Koila,Speeding,2way,0.0,50,4G,-77,67.0,9.0,0.041,40.32255713144415,21.791067555718076,Unintentional
User_74,2025-05-03 13:25:33,0.497,0.6024,Running,Zep,Speeding,2way,1.0,50,4G,-81,33.0,21.0,0.0040902587152334,40.28089481053415,21.752943462882804,Unintentional
User_25,2025-05-03 16:04:26,0.408,0.3818,Walking,Koila,Speeding,2way,2.0,80,WiFi,-62,88.0,5.0,0.037,40.323255350303526,21.791262925868033,Unintentional
User_63,2025-05-03 17:20:10,0.543,0.3616,Driving,Ligeris,Speeding,2way,0.0,40,WiFi,-65,27.0,24.0,0.0023546185609573,40.30701408597013,21.807650258125907,Unintentional
User_19,2025-05-03 19:55:41,0.745,0.6265,Running,Ligeris,Driving_Under_Influence,2way,1.0,90,5G,-87,81.0,21.0,0.0038987031516038,40.30633409605116,21.806473683302467,Unintentional
User_81,2025-05-03 19:58:37,0.376,0.5285,Driving,Ligeris,8,2way,1.0,20,3G,-89,48.0,-4.0,0.021,40.30705192459942,21.80548168877431,Unintentional
User_14,2025-05-03 20:01:42,0.393,0.4524,Walking,Zep,Reckless_Driving,1way,3.0,60,5G,-89,1.0,-11.0,0.035,40.27943397096574,21.75383813529042,Unintentional
User_90,2025-05-03 20:58:51,0.525,0.3058,Walking,Koila,Reckless_Driving,1way,0.0,60,WiFi,-66,12.0,-2.0,0.022,40.32154100493433,21.792721066154172,Unintentional
User_98,2025-05-03 21:26:53,0.46,0.3978,Driving,Ligeris,Speeding,1way,1.0,30,3G,-106,52.0,23.0,0.0066846175943874,40.3062270574944,21.80749323797377,Unintentional
User_34,2025-05-04 02:29:49,0.431,0.3999,Walking,Ligeris,Reckless_Driving,1way,1.0,20,WiFi,-64,44.0,23.0,0.0015879020067989,40.30654629484567,21.806642219813615,Unintentional
User_01,2025-05-04 06:10:34,0.619,0.5188,Running,Ligeris,Reckless_Driving,1way,1.0,20,4G,-94,57.0,3.0,0.037,40.30626316063527,21.807709088116063,Unintentional
User_22,2025-05-04 09:38:43,0.413,0.2929,Walking,Ligeris,Speeding,1way,1.0,50,4G,-120,1.0,-24.0,0.0083763257732222,40.306709949500096,21.808664905061654,Unintentional
User_77,2025-05-04 10:05:42,0.428,0.2635,Walking,Koila,Reckless_Driving,2way,0.0,70,3G,-74,4.0,-6.0,0.032,40.32209767442809,21.791381047481824,Unintentional
User_56,2025-05-04 16:51:17,0.374,0.2597,Running,Ligeris,Reckless_Driving,4way,0.0,80,5G,-84,35.0,22.0,0.0024459965003995,40.307945429187214,21.807527292863316,Unintentional
User_25,2025-05-04 18:15:56,0.408,0.3838,Walking,Koila,Speeding,1way,0.0,40,WiFi,-52,39.0,-7.0,0.044,40.32251936217752,21.791730872958528,Unintentional
User_72,2025-05-04 18:44:35,0.567,0.2885,Walking,Zep,Driving_Under_Influence,1way,1.0,Lane_Discards,4G,-79,91.0,19.0,0.0030058092326043,40.27810440617715,21.75249862077282,Unintentional
User_60,2025-05-04 19:40:54,0.353,0.6128,Running,Zep,Driving_Under_Influence,4way,1.0,60,3G,-105,100.0,-20.0,0.0071692493764225,40.27945120152914,21.75252338004004,Unintentional
User_85,2025-05-04 21:13:02,0.254,0.3733,Walking,Ligeris,Driving_Under_Influence,2way,2.0,30,3G,-105,67.0,-17.0,0.0096418140308086,40.30528574925373,21.806842298724277,Unintentional
User_27,2025-05-04 22:47:36,0.535,0.4991,Running,Ligeris,Speeding,2way,1.0,70,5G,-94,53.0,-21.0,0.0090820374441607,40.3066008905062,21.807968336276534,Unintentional
User_63,2025-05-05 04:46:44,0.543,0.3646,Walking,Koila,Driving_Under_Influence,2way,0.0,40,WiFi,-55,79.0,-12.0,0.025,40.32218920142051,21.792006849305864,Unintentional
User_33,2025-05-05 09:11:55,0.634,0.4622,Running,Koila,Driving_Under_Influence,4way,1.0,30,3G,-102,100.0,17.0,0.0079461493661464,40.32126629515573,21.789740791574847,Unintentional
User_42,2025-05-05 15:04:44,0.738,0.3616,Walking,Koila,Driving_Under_Influence,2way,0.0,30,WiFi,-84,59.0,-17.0,0.0071084019912614,40.321562966362414,21.791908302546705,Unintentional
User_18,2025-05-05 19:46:56,0.251,0.6385,Driving,Zep,Reckless_Driving,1way,3.0,30,4G,-105,29.0,13.0,0.031,40.279538151899665,21.755253074445704,Unintentional
User_51,2025-05-06 04:58:20,0.613,0.631,Walking,Ligeris,Reckless_Driving,4way,0.0,40,5G,-72,30.0,-20.0,0.0073399817943364,40.30690180800019,21.80739515736601,Unintentional
User_08,2025-05-06 06:09:40,0.347,0.6088,Walking,Zep,Driving_Under_Influence,1way,3.0,30,4G,-102,100.0,20.0,0.0058049042762516,40.27958536221845,21.751350465692873,Unintentional
User_96,2025-05-06 10:14:49,0.261,0.5091,Walking,Ligeris,Reckless_Driving,1way,1.0,40,WiFi,-64,57.0,12.0,0.035,40.30503475463938,21.808029613220302,Unintentional
User_02,2025-05-06 12:05:40,0.529,0.5516,Walking,Ligeris,Reckless_Driving,2way,0.0,30,5G,-116,88.0,-11.0,0.048,40.30706707257587,21.80636937413205,Unintentional
User_19,2025-05-06 12:18:51,0.745,0.6325,Walking,Zep,Reckless_Driving,2way,0.0,70,5G,-102,52.0,24.0,0.0023718983422213,40.2795535182364,21.75326564156836,Unintentional
User_29,2025-05-06 16:14:58,0.415,0.4154,Driving,Ligeris,Driving_Under_Influence,1way,140.0,60,5G,-109,67.0,-21.0,0.0053627829501781,40.30549820467914,21.80837540061893,Unintentional
User_46,2025-05-06 16:19:16,0.519,0.5926,Driving,Koila,Speeding,4way,0.0,80,WiFi,-68,63.0,-18.0,0.0029859077294818,40.3224530282864,21.79148686318795,Unintentional
User_60,2025-05-06 18:41:55,0.353,0.6168,Driving,Zep,Speeding,2way,0.0,30,3G,-106,42.0,-21.0,0.0049985110407394,40.27952817281077,21.753108434495456,Unintentional
User_06,2025-05-06 20:26:52,0.584,0.6195,Driving,Zep,Reckless_Driving,2way,1.0,80,3G,-78,84.0,23.0,0.0045562317854835,40.27959870406534,21.75522502379581,Unintentional
User_16,2025-05-06 20:41:17,0.513,0.4577,Walking,Zep,Driving_Under_Influence,2way,1.0,90,WiFi,-74,51.0,-21.0,0.005653142335994,40.27955131676454,21.75329448812299,Unintentional
User_33,2025-05-06 21:44:30,0.634,0.4652,Walking,Ligeris,Reckless_Driving,2way,0.0,50,4G,-100,89.0,2.0,0.029,40.30678614229118,21.80779911008745,Unintentional
User_32,2025-05-07 09:15:41,0.464,0.272,Walking,Ligeris,Speeding,2way,0.0,60,4G,-77,19.0,-24.0,0.0094745865730625,40.307028298374306,21.80772445380973,Unintentional
User_35,2025-05-07 09:39:21,0.274,0.3332,Walking,Zep,Reckless_Driving,2way,0.0,120,WiFi,-67,28.0,-15.0,0.04,40.27962183771323,21.7525658073915,Unintentional
User_49,2025-05-07 14:09:18,0.637,0.5943,Walking,Zep,Speeding,1way,0.0,40,WiFi,-72,85.0,19.0,0.0020427382066595,40.27860689280755,21.754892292268057,Unintentional
User_75,2025-05-07 14:47:53,0.409,0.4261,Running,Koila,Reckless_Driving,2way,0.0,10,4G,-72,36.0,23.0,0.0080119228498467,40.32036034641371,21.791478368643375,Unintentional
User_55,2025-05-07 15:10:38,0.447,0.5894,Walking,Zep,Driving_Under_Influence,2way,1.0,30,WiFi,-65,47.0,18.0,0.0028730678704302,40.27876850056641,21.752047234181106,Unintentional
User_39,2025-05-07 17:21:14,0.598,0.4017,Running,Zep,Driving_Under_Influence,1way,1.0,50,WiFi,-87,32.0,8.0,0.027,40.280356636730566,21.752205223797485,Unintentional
User_25,2025-05-07 20:26:03,0.408,0.3898,Walking,Ligeris,Driving_Under_Influence,2way,1.0,50,5G,-85,57.0,22.0,0.0073562659705444,40.306189132261224,21.806034424252537,Unintentional
User_05,2025-05-07 20:49:29,0.743,0.5497,Driving,Zep,Reckless_Driving,2way,0.0,80,4G,-97,60.0,-7.0,0.035,40.28002218214444,21.752333702649885,Unintentional
User_48,2025-05-07 22:05:27,0.599,0.5214,Walking,Zep,Speeding,2way,4.0,60,3G,-119,99.0,5.0,0.04,40.27942886255537,21.754159556256905,Unintentional
User_51,2025-05-07 23:29:35,0.613,0.634,Walking,Zep,Driving_Under_Influence,2way,0.0,90,5G,-88,15.0,-7.0,0.025,40.27779617789879,21.753676512576952,Unintentional
User_59,2025-05-08 02:29:24,0.46,0.4322,Walking,Ligeris,Speeding,2way,1.0,50,4G,-110,2.0,16.0,0.049,40.30508436748473,21.808315728501007,Unintentional
User_27,2025-05-08 05:03:03,0.535,0.5071,Walking,Koila,Driving_Under_Influence,2way,0.0,40,4G,-110,56.0,16.0,0.036,40.32252992864228,21.791333002571903,Unintentional
User_72,2025-05-08 11:41:43,0.567,0.2965,Running,Zep,Speeding,1way,0.0,30,5G,-113,21.0,0.0,0.041,40.27977584305535,21.754142082764247,Unintentional
User_61,2025-05-08 11:44:27,0.546,0.3357,Running,Ligeris,Reckless_Driving,1way,1.0,10,WiFi,-63,6.0,2.0,0.029,40.30710508252102,21.8089018266925,Unintentional
User_94,2025-05-08 16:09:19,0.681,0.355,Driving,Ligeris,Reckless_Driving,1way,0.0,50,WiFi,-52,63.0,1.0,0.029,40.305258210656845,21.80798947281052,Unintentional
User_23,2025-05-08 17:00:40,0.458,0.404,Driving,Zep,Reckless_Driving,2way,1.0,20,4G,-110,36.0,-5.0,0.026,40.28047183146093,21.75316493441991,Unintentional
User_08,2025-05-08 20:05:09,0.347,0.6138,Driving,Zep,Driving_Under_Influence,1way,0.0,80,4G,-112,9.0,-12.0,0.031,40.306230115631266,21.751502314262073,Unintentional
User_44,2025-05-09 05:02:30,0.332,0.3396,Walking,Zep,Driving_Under_Influence,4way,3.0,Illegal_Parking,5G,-93,10.0,-25.0,0.005741924253592,40.306230115631266,21.7551581776729,Unintentional
User_76,2025-05-09 06:15:46,0.355,0.4561,Driving,Koila,Speeding,2way,0.0,60,5G,-80,64.0,10.0,0.05,40.32244074199082,21.791228773285837,Unintentional
User_01,2025-05-09 07:51:37,0.619,0.5288,Walking,Zep,Driving_Under_Influence,2way,0.0,20,5G,-93,18.0,22.0,0.0035101975836549,40.28029836489151,21.75151591939508,Unintentional
User_26,2025-05-09 08:58:32,0.408,0.5055,Running,Koila,Speeding,2way,1.0,20,3G,-112,7.0,17.0,0.0048223384535513,40.32195596466596,21.791353884117385,Unintentional
User_43,2025-05-09 12:18:19,0.416,0.4157,Running,Ligeris,Driving_Under_Influence,2way,2.0,90,WiFi,-50,90.0,19.0,0.0061986883064803,40.30624690554823,21.80766662869314,Unintentional
User_69,2025-05-09 16:12:34,0.46,0.6161,Walking,Zep,Speeding,2way,2.0,60,3G,-87,49.0,-21.0,0.0032439709670908,40.28041937385971,21.755126074471804,Unintentional
User_11,2025-05-09 16:19:47,0.602,0.574,Walking,Koila,Driving_Under_Influence,1way,0.0,80,3G,-115,54.0,10.0,0.048,40.322477138577675,21.791507586460497,Unintentional
User_01,2025-05-09 17:12:24,0.619,0.5298,Running,Ligeris,Driving_Under_Influence,1way,0.0,80,5G,-104,92.0,20.0,0.0027994278178915,40.30490929127558,21.807428271900545,Unintentional
User_96,2025-05-09 18:45:01,0.261,0.5151,Walking,Zep,Speeding,2way,1.0,30,5G,-97,57.0,14.0,0.033,40.2794114033561,21.752915097483488,Unintentional
User_56,2025-05-09 23:07:15,0.374,0.2697,Walking,Koila,Speeding,4way,4.0,60,5G,-74,65.0,7.0,0.021,40.321053607810235,21.79103604379832,Unintentional
User_88,2025-05-10 00:03:42,0.471,0.3847,Walking,Koila,Reckless_Driving,2way,1.0,30,3G,-109,75.0,-20.0,0.0077020144772549,40.32154460468429,21.792140157397228,Unintentional
User_62,2025-05-10 01:31:38,0.366,0.3672,Walking,Koila,Driving_Under_Influence,1way,3.0,40,4G,-93,10.0,-5.0,0.03,40.32188227101945,21.78944617514399,Unintentional
User_76,2025-05-10 03:15:48,0.355,0.4571,Driving,Zep,Reckless_Driving,1way,0.0,60,3G,-72,99.0,-24.0,0.0024750297188524,40.28096404214864,21.7546284057951,Unintentional
User_04,2025-05-10 04:19:31,0.46,0.3107,Driving,Koila,Speeding,2way,0.0,30,4G,-109,42.0,6.0,0.024,40.323269358649824,21.79269458214351,Unintentional
User_15,2025-05-10 04:26:22,0.627,0.5651,Walking,Zep,Driving_Under_Influence,1way,2.0,30,WiFi,-72,1.0,15.0,0.022,40.27881262866344,21.753087545964817,Unintentional
User_67,2025-05-10 05:15:40,0.529,0.4696,Running,Zep,Reckless_Driving,2way,0.0,60,5G,-108,44.0,23.0,0.0094907015316416,40.27941098711979,21.75354512838522,Unintentional
User_70,2025-05-10 05:54:24,0.601,0.3529,Driving,Zep,Reckless_Driving,1way,0.0,50,4G,-89,53.0,-2.0,0.044,40.280001198243994,21.75149101730404,Unintentional
User_68,2025-05-10 05:59:16,0.472,0.2919,Running,Koila,Speeding,2way,1.0,30,5G,-97,53.0,0.0,0.021,40.32203243840547,21.79228509391159,Unintentional
User_03,2025-05-10 07:50:59,0.568,0.2874,Walking,Ligeris,Driving_Under_Influence,2way,0.0,10,5G,-119,93.0,-19.0,0.0051765607616388,40.30630721088698,21.80717675174768,Unintentional
User_43,2025-05-10 08:16:38,0.416,0.4187,Running,Ligeris,Reckless_Driving,2way,1.0,70,4G,-118,49.0,6.0,0.022,40.30689633990992,21.80795100702813,Unintentional
User_95,2025-05-10 10:30:19,0.545,0.5319,Driving,Zep,Reckless_Driving,2way,1.0,Illegal_Parking,3G,-99,89.0,-22.0,0.0010221774471719,40.280015541999795,21.754360565226943,Unintentional
User_25,2025-05-10 11:19:57,0.408,0.3948,Running,Koila,Driving_Under_Influence,1way,3.0,30,3G,-107,5.0,-20.0,0.0092942299358302,40.32179399553041,21.790619487063054,Unintentional
User_04,2025-05-10 11:46:27,0.662,0.3117,Driving,Ligeris,Reckless_Driving,2way,0.0,90,5G,-110,52.0,20.0,0.0084192249098407,40.3075472978191,21.806400641644416,Unintentional
User_03,2025-05-10 12:26:46,0.568,0.2884,Walking,Koila,Reckless_Driving,2way,0.0,60,3G,-72,15.0,20.0,0.0049506520904114,40.322077697163294,21.791106722552687,Unintentional
User_56,2025-05-10 12:46:03,0.374,0.2717,Driving,Zep,Reckless_Driving,2way,0.0,30,3G,-115,44.0,-10.0,0.038,40.28072064088415,21.75221316839163,Unintentional
User_23,2025-05-10 14:16:18,0.458,0.407,Walking,Ligeris,Reckless_Driving,2way,1.0,70,4G,-71,100.0,8.0,0.031,40.30726232583366,21.806244130357634,Unintentional
User_34,2025-05-10 16:42:14,0.431,0.4119,Driving,Zep,Reckless_Driving,2way,1.0,20,WiFi,-93,76.0,20.0,0.0063943517243513,40.2787896254089,21.75524103847194,Unintentional
User_40,2025-05-10 20:23:21,0.482,0.6267,Walking,Ligeris,Reckless_Driving,1way,2.0,60,WiFi,-55,70.0,-9.0,0.041,40.30585321245215,21.80704937243755,Unintentional
User_32,2025-05-10 23:18:46,0.464,0.279,Running,Ligeris,Reckless_Driving,2way,0.0,80,3G,-94,76.0,21.0,0.002705388792102,40.30687073606078,21.80795521622833,Unintentional
User_68,2025-05-11 00:22:46,0.472,0.2929,Driving,Koila,Reckless_Driving,4way,1.0,130,3G,-84,89.0,-21.0,0.0026023234887555,40.322991959111754,21.79291655391786,Unintentional
User_52,2025-05-11 01:37:43,0.544,0.3372,Walking,Ligeris,Driving_Under_Influence,2way,0.0,30,5G,-73,52.0,7.0,0.049,40.30706024552729,21.806177523567143,Unintentional
User_46,2025-05-11 03:30:37,0.519,0.6016,Walking,Ligeris,Reckless_Driving,1way,1.0,80,WiFi,-57,83.0,18.0,0.0093409300560212,40.30553805025542,21.807752734322165,Unintentional
User_31,2025-05-11 04:51:54,0.56,0.6134,Driving,Zep,Reckless_Driving,4way,0.0,10,WiFi,-64,63.0,18.0,0.0015856714752365,40.27845400534591,21.752180188245465,Unintentional
User_23,2025-05-11 08:11:36,0.458,0.41,Walking,Koila,Speeding,1way,0.0,110,3G,-105,3.0,-18.0,0.0086609525498501,40.32212439552168,21.791240677305737,Unintentional
User_02,2025-05-11 12:41:26,0.529,0.5606,Walking,Ligeris,Reckless_Driving,4way,0.0,60,4G,-111,26.0,25.0,0.0046188092242651,40.30654749785416,21.807152592477152,Unintentional
User_85,2025-05-11 14:33:31,0.254,0.3873,Running,Koila,Reckless_Driving,4way,0.0,90,WiFi,-81,94.0,16.0,0.026,40.32149624440033,21.78983765483323,Unintentional
User_66,2025-05-11 20:55:57,0.28,0.4907,Running,Koila,Speeding,1way,1.0,Illegal_Parking,5G,-119,11.0,25.0,0.0060933134489682,40.279532382181394,21.75328206246576,Unintentional
User_07,2025-05-11 23:50:29,0.625,0.3424,Driving,Koila,Speeding,2way,0.0,10,4G,-84,7.0,2.0,0.043,40.3221879595508,21.79112756289554,Unintentional
User_57,2025-05-12 01:45:27,0.372,0.3742,Running,Ligeris,Driving_Under_Influence,2way,2.0,Lane_Discards,4G,-88,86.0,5.0,0.037,40.3062639107924,21.807347978551533,Unintentional
User_08,2025-05-12 06:03:40,0.347,0.6208,Driving,Ligeris,Speeding,1way,1.0,30,4G,-116,47.0,9.0,0.045,40.305870099122274,21.809619513539843,Unintentional
User_30,2025-05-12 06:57:46,0.413,0.3534,Running,Koila,Reckless_Driving,4way,2.0,90,3G,-98,20.0,20.0,0.0025316478356887,40.3221777635695,21.78976893943098,Unintentional
User_92,2025-05-12 10:01:36,0.694,0.4392,Running,Zep,Driving_Under_Influence,2way,4.0,40,4G,-93,26.0,-7.0,0.027,40.28049835583078,21.753178071694343,Unintentional
User_20,2025-05-12 13:40:11,0.334,0.5851,Driving,Ligeris,Driving_Under_Influence,4way,0.0,40,4G,-97,16.0,-21.0,0.0056138710250092,40.305745120733285,21.80734131722277,Unintentional
User_11,2025-05-12 14:17:01,0.602,0.58,Running,Zep,Driving_Under_Influence,1way,0.0,90,5G,-104,88.0,0.0,0.028,40.278221209121874,21.75432073341271,Unintentional
User_99,2025-05-12 17:47:09,0.465,0.4724,Walking,Zep,Reckless_Driving,2way,2.0,80,3G,-100,36.0,1.0,0.022,40.27994023845748,21.75462999216758,Unintentional
User_44,2025-05-12 23:47:45,0.332,0.3466,Walking,Zep,Driving_Under_Influence,4way,1.0,20,WiFi,-86,32.0,-20.0,0.0079498320168119,40.27938345348034,21.752644978446284,Unintentional
User_32,2025-05-12 23:49:38,0.464,0.283,Running,Koila,Driving_Under_Influence,2way,1.0,60,3G,-112,78.0,22.0,0.0094377883837135,40.32195362886801,21.79105283030161,Unintentional
User_72,2025-05-13 02:24:22,0.567,0.3055,Walking,Zep,Reckless_Driving,2way,1.0,70,4G,-92,40.0,-22.0,0.0083016533871,40.27999931162734,21.75287633187517,Unintentional
User_59,2025-05-13 03:38:42,0.265,0.4422,Running,Ligeris,Speeding,1way,1.0,10,5G,-101,13.0,-25.0,0.0097949969204062,40.30563354037898,21.808574407758204,Unintentional
User_97,2025-05-13 07:04:21,0.337,0.5443,Running,Koila,Reckless_Driving,1way,0.0,40,3G,-84,69.0,14.0,0.045,40.32285464506128,21.791954878211637,Unintentional
User_58,2025-05-13 13:50:32,0.465,0.298,Running,Koila,Reckless_Driving,2way,5.0,70,4G,-109,78.0,-25.0,0.0093299593291955,40.27966980855667,21.75333263453275,Unintentional
User_96,2025-05-14 01:26:27,0.261,0.5241,Running,Zep,Driving_Under_Influence,1way,2.0,20,3G,-105,60.0,-20.0,0.0079005344102518,40.2783770775307,21.752366116078157,Unintentional
User_89,2025-05-14 03:02:11,0.336,0.2791,Running,Ligeris,Reckless_Driving,4way,0.0,20,3G,-100,95.0,-4.0,0.045,40.306193351716786,21.80767016551344,Unintentional
User_48,2025-05-14 06:55:02,0.599,0.5344,Driving,Ligeris,9,2way,3.0,90,3G,-83,80.0,-4.0,0.028,40.30556071449144,21.809237510298914,Unintentional
User_77,2025-05-14 09:02:43,0.428,0.2835,Walking,Ligeris,7,2way,0.0,60,WiFi,-55,65.0,-20.0,0.0042730171229746,40.305430005010734,21.80697901384563,Unintentional
User_20,2025-05-14 09:46:57,0.334,0.5881,Walking,Zep,Speeding,2way,1.0,Illegal_Parking,4G,-120,8.0,-4.0,0.025,40.280580877563274,21.753935152279997,Unintentional
User_92,2025-05-14 16:03:33,0.694,0.4432,Walking,Zep,Speeding,2way,3.0,10,WiFi,-50,70.0,-2.0,0.031,40.28031478744116,21.753276345287983,Unintentional
User_16,2025-05-14 16:25:08,0.513,0.4737,Driving,Koila,Driving_Under_Influence,2way,1.0,70,WiFi,-52,63.0,-13.0,0.038,40.32176792489311,21.791682497876387,Unintentional
User_91,2025-05-14 23:26:01,0.587,0.5718,Driving,Zep,Speeding,2way,2.0,100,3G,-108,77.0,5.0,0.045,40.27980333303223,21.75334037557801,Unintentional
User_80,2025-05-15 05:27:51,0.704,0.4287,Running,Koila,Reckless_Driving,1way,160.0,70,WiFi,-81,55.0,25.0,0.0085408466336413,40.32221770382416,21.79106608923224,Unintentional
User_100,2025-05-15 06:37:33,0.37,0.522,Running,Zep,Driving_Under_Influence,2way,0.0,50,4G,-96,20.0,-11.0,0.044,40.27859094268097,21.75288658240277,Unintentional
User_36,2025-05-15 09:00:13,0.563,0.6569,Driving,Ligeris,Speeding,2way,1.0,50,4G,-86,5.0,-5.0,0.023,40.3061129876519,21.80866885371649,Unintentional
User_13,2025-05-15 09:43:13,0.75,0.5124,Running,Koila,Driving_Under_Influence,2way,0.0,70,4G,-77,43.0,1.0,0.032,40.32215185118994,21.79114729882914,Unintentional
User_19,2025-05-15 09:47:27,0.745,0.6505,Driving,Zep,Reckless_Driving,1way,0.0,50,4G,-100,52.0,5.0,0.048,40.279845476532245,21.751705078020027,Unintentional
User_81,2025-05-15 10:05:09,0.376,0.5525,Driving,Koila,Speeding,1way,0.0,50,4G,-94,29.0,-12.0,0.037,40.3221445582425,21.79000318167254,Unintentional
User_42,2025-05-15 10:33:03,0.738,0.3826,Running,Zep,Reckless_Driving,4way,3.0,10,WiFi,-112,7.0,2.0,0.03,40.27988198869478,21.7520580782751,Unintentional
User_51,2025-05-15 11:39:08,0.613,0.649,Driving,Zep,Driving_Under_Influence,2way,2.0,40,3G,-103,39.0,23.0,0.0059428536648826,40.28054215933525,21.753375797840263,Unintentional
User_61,2025-05-15 12:13:05,0.546,0.5641,Running,Koila,6,1way,0.0,70,WiFi,-57,67.0,17.0,0.0017074394633644,40.32085038903148,21.789625275679324,Unintentional
User_16,2025-05-15 19:13:34,0.513,0.4757,Running,Zep,Speeding,2way,5.0,50,3G,-92,56.0,-7.0,0.045,40.28006770399468,21.753115010880265,Unintentional
User_13,2025-05-15 20:36:44,0.75,0.5134,Running,Koila,Driving_Under_Influence,2way,0.0,20,WiFi,-69,11.0,10.0,0.021,40.32184625624229,21.791915964249853,Unintentional
User_31,2025-05-16 00:33:35,0.56,0.6234,Driving,Zep,Driving_Under_Influence,2way,0.0,40,WiFi,-50,75.0,18.0,0.0095227942965512,40.279655658797715,21.751669320772145,Unintentional
User_59,2025-05-16 02:23:34,0.265,0.4482,Driving,Koila,Reckless_Driving,2way,3.0,60,3G,-76,98.0,-22.0,0.0041071023505619,40.32272957767493,21.79019154980435,Unintentional
User_63,2025-05-16 02:40:31,0.543,0.3866,Driving,Ligeris,Speeding,2way,0.0,50,5G,-107,57.0,19.0,0.0064476706498869,40.30596905571303,21.80729395565245,Unintentional
User_14,2025-05-16 15:34:18,0.393,0.4784,Walking,Zep,7,2way,1.0,40,4G,-114,57.0,-5.0,0.039,40.28001378628587,21.754180143929723,Unintentional
User_90,2025-05-16 20:02:50,0.525,0.3318,Running,Koila,Speeding,1way,0.0,70,5G,-115,78.0,8.0,0.031,40.3218101921866,21.79306001467287,Unintentional
User_42,2025-05-16 20:39:28,0.738,0.3846,Walking,Ligeris,Reckless_Driving,1way,0.0,40,WiFi,-58,10.0,-24.0,0.005653142335994,40.304763041064085,21.807153815938616,Unintentional
User_91,2025-05-16 22:46:02,0.587,0.5758,Walking,Koila,Speeding,2way,0.0,Illegal_Parking,5G,-90,67.0,-18.0,0.0088400375396944,40.321988681473805,21.79099895869092,Unintentional
User_76,2025-05-16 23:09:47,0.355,0.4701,Driving,Ligeris,Speeding,2way,0.0,90,WiFi,-56,20.0,20.0,0.0017049410726173,40.30664160918686,21.805405371747185,Unintentional
User_37,2025-05-16 23:54:54,0.306,0.5474,Driving,Zep,Speeding,1way,3.0,70,WiFi,-59,62.0,-18.0,0.0089485437844077,40.279397224343654,21.75518509539044,Unintentional
User_65,2025-05-17 07:03:43,0.448,0.3481,Walking,Koila,Driving_Under_Influence,2way,0.0,50,4G,-103,22.0,0.0,0.031,40.32138067492942,21.792682149344508,Unintentional
User_47,2025-05-17 09:16:54,0.585,0.3802,Driving,Zep,Driving_Under_Influence,1way,1.0,40,3G,-116,25.0,-20.0,0.0050999003029902,40.280532362964266,21.755126911377864,Unintentional
User_91,2025-05-17 09:17:40,0.46,0.5768,Running,Koila,Speeding,2way,0.0,10,3G,-84,9.0,14.0,0.035,40.32131416803117,21.791385755784976,Unintentional
User_01,2025-05-17 14:09:50,0.619,0.5458,Walking,Ligeris,Speeding,1way,2.0,10,5G,-103,57.0,-19.0,0.0037876117972924,40.30618071796672,21.80831601806011,Unintentional
User_69,2025-05-17 17:30:46,0.34,0.6331,Running,Koila,Reckless_Driving,4way,0.0,40,4G,-93,70.0,13.0,0.047,40.322561682962856,21.79091311477195,Unintentional
User_28,2025-05-17 18:14:26,0.348,0.5823,Driving,Zep,Reckless_Driving,1way,1.0,30,WiFi,-51,86.0,0.0,0.049,40.27942734205826,21.753494400070977,Unintentional
User_32,2025-05-18 02:19:35,0.464,0.294,Driving,Koila,Speeding,1way,0.0,60,5G,-105,75.0,3.0,0.05,40.32092836311102,21.791288592395695,Unintentional
User_14,2025-05-18 04:05:39,0.393,0.4824,Walking,Koila,Speeding,2way,1.0,50,WiFi,-78,95.0,-22.0,0.0057025640564052,40.32254564105141,21.78912100089019,Unintentional
User_10,2025-05-18 04:20:06,0.315,0.6248,Walking,Ligeris,Reckless_Driving,2way,1.0,30,3G,-118,77.0,-7.0,0.029,40.30495927319423,21.80873585507384,Unintentional
User_77,2025-05-18 04:55:52,0.428,0.2915,Walking,Zep,Driving_Under_Influence,2way,0.0,60,5G,-85,23.0,-6.0,0.041,40.27935766373814,21.753048556599374,Unintentional
User_02,2025-05-18 05:04:34,0.529,0.5746,Running,Koila,Speeding,2way,1.0,50,5G,-109,74.0,15.0,0.022,40.32214037163526,21.790123267023645,Unintentional
User_06,2025-05-18 07:16:45,0.584,0.6425,Walking,Ligeris,Driving_Under_Influence,2way,160.0,10,WiFi,-89,83.0,6.0,0.039,40.30591061802223,21.791256784153244,Unintentional
User_67,2025-05-18 07:38:48,0.529,0.4856,Walking,Koila,Driving_Under_Influence,4way,0.0,70,WiFi,-70,52.0,-7.0,0.027,40.3227898659229,21.78937852281286,Unintentional
User_39,2025-05-18 08:03:39,0.598,0.4227,Running,Ligeris,Reckless_Driving,2way,1.0,40,5G,-104,66.0,-16.0,0.025,40.30621436956783,21.807490571253467,Unintentional
User_49,2025-05-18 15:29:26,0.637,0.6153,Walking,Zep,Reckless_Driving,1way,0.0,40,5G,-88,16.0,23.0,0.0091769644824278,40.27884145064399,21.75391719238057,Unintentional
User_40,2025-05-18 15:56:19,0.482,0.6427,Running,Zep,Speeding,2way,0.0,20,4G,-91,85.0,-9.0,0.036,40.27935439084414,21.75483498545465,Unintentional
User_06,2025-05-18 17:16:08,0.584,0.6435,Running,Koila,Speeding,2way,0.0,50,4G,-79,8.0,-24.0,0.0013797690453956,40.32208547872754,21.791609356820384,Unintentional
User_07,2025-05-18 17:37:18,0.625,0.3554,Running,Koila,Speeding,1way,1.0,40,WiFi,-83,100.0,2.0,0.031,40.32137283209229,21.79134523976872,Unintentional
User_77,2025-05-18 23:45:19,0.428,0.2925,Driving,Zep,Driving_Under_Influence,2way,0.0,20,5G,-78,41.0,19.0,0.0032919513470129,40.27891867409608,21.753189909881712,Unintentional
User_73,2025-05-19 00:17:00,0.325,0.4667,Running,Ligeris,Reckless_Driving,2way,2.0,80,5G,-87,1.0,-14.0,0.044,40.30632382913719,21.807239095230944,Unintentional
User_01,2025-05-19 00:35:37,0.46,0.5488,Running,Koila,Driving_Under_Influence,2way,1.0,30,3G,-93,20.0,-6.0,0.024,40.306230115631266,21.791424826641812,Unintentional
User_38,2025-05-19 05:04:30,0.306,0.5821,Driving,Ligeris,Speeding,4way,1.0,30,5G,-103,97.0,23.0,0.0053557153542752,40.307341361818445,21.806546516036487,Unintentional
User_68,2025-05-19 09:34:59,0.472,0.3099,Walking,Zep,Driving_Under_Influence,2way,0.0,40,3G,-106,53.0,-25.0,0.0047309478926382,40.27870226509796,21.753427767945468,Unintentional
User_15,2025-05-19 14:16:16,0.627,0.5831,Walking,Koila,Reckless_Driving,2way,0.0,30,3G,-115,40.0,23.0,0.0024932941039419,40.32184322665303,21.791696539565574,Unintentional
User_24,2025-05-19 16:17:54,0.445,0.3596,Walking,Ligeris,Speeding,2way,1.0,70,4G,-78,99.0,1.0,0.041,40.30718432410645,21.807567818243815,Unintentional
User_41,2025-05-19 19:13:22,0.628,0.4391,Driving,Ligeris,Speeding,2way,0.0,50,WiFi,-83,10.0,0.0,0.033,40.30617245144306,21.807328369684942,Unintentional
User_61,2025-05-19 21:42:51,0.546,0.3577,Walking,Koila,Speeding,1way,2.0,30,4G,-96,82.0,2.0,0.041,40.30644597395678,21.806622713564636,Unintentional
User_55,2025-05-19 23:28:06,0.447,0.6134,Walking,Zep,Driving_Under_Influence,1way,1.0,70,3G,-120,50.0,-14.0,0.046,40.279399057043456,21.752750760774084,Unintentional
User_99,2025-05-19 23:45:29,0.465,0.4874,Running,Koila,Reckless_Driving,4way,0.0,30,5G,-103,22.0,21.0,0.0045669850330016,40.322329731122565,21.79225657249607,Unintentional
User_63,2025-05-19 23:59:06,0.543,0.3936,Walking,Zep,Speeding,1way,0.0,Harassing_Driver,5G,-95,63.0,-25.0,0.0053622713018957,40.279478550301256,21.75300742491877,Unintentional
User_85,2025-05-20 00:59:07,0.254,0.4043,Driving,Zep,Reckless_Driving,2way,140.0,100,4G,-81,65.0,-10.0,0.021,40.28033363561706,21.754311452496538,Unintentional
User_69,2025-05-20 02:04:08,0.34,0.6381,Driving,Koila,Reckless_Driving,1way,1.0,30,3G,-105,33.0,20.0,0.0050451105834766,40.32110954571415,21.792063713389783,Unintentional
User_51,2025-05-20 05:30:28,0.613,0.659,Walking,Ligeris,Driving_Under_Influence,1way,2.0,40,4G,-108,30.0,22.0,0.002773782079317,40.306859615944234,21.807903341525357,Unintentional
User_89,2025-05-20 07:09:39,0.336,0.2921,Walking,Koila,Reckless_Driving,2way,1.0,20,4G,-109,47.0,-24.0,0.0061711351806378,40.322082274405865,21.791189306487883,Unintentional
User_66,2025-05-20 08:02:44,0.28,0.5077,Running,Zep,Driving_Under_Influence,4way,0.0,30,WiFi,-56,86.0,18.0,0.0035319761431726,40.27966631075888,21.753464383805117,Unintentional
User_29,2025-05-20 08:58:00,0.415,0.4424,Driving,Ligeris,Speeding,2way,0.0,50,WiFi,-79,62.0,22.0,0.0086289006136475,40.30618562782373,21.80786674682311,Unintentional
User_14,2025-05-20 12:18:07,0.393,0.4854,Walking,Koila,Driving_Under_Influence,1way,3.0,70,3G,-101,28.0,-2.0,0.023,40.32243683924176,21.792025343042315,Unintentional
User_37,2025-05-20 12:18:32,0.306,0.5554,Running,Koila,Speeding,2way,1.0,40,5G,-74,85.0,-18.0,0.0060830344657021,40.32213424393351,21.791280849454353,Unintentional
User_59,2025-05-20 12:56:20,0.265,0.4572,Driving,Zep,Reckless_Driving,2way,0.0,80,3G,-76,51.0,-24.0,0.0037535833100369,40.27847202148504,21.753308025480365,Unintentional
User_32,2025-05-20 20:06:06,0.464,0.299,Driving,Koila,Driving_Under_Influence,1way,0.0,50,3G,-89,85.0,17.0,0.0047363206715754,40.32214585589941,21.791114417134523,Unintentional
User_48,2025-05-20 21:00:26,0.599,0.5474,Running,Ligeris,Speeding,4way,1.0,50,5G,-115,49.0,-25.0,0.0040520465354332,40.30635869333189,21.807933356460698,Unintentional
User_71,2025-05-20 21:29:13,0.256,0.2823,Running,Koila,Speeding,2way,1.0,40,5G,-87,81.0,0.0,0.037,40.32282144567634,21.79098908689044,Unintentional
User_70,2025-05-20 21:35:55,0.601,0.3739,Walking,Koila,Driving_Under_Influence,2way,1.0,30,5G,-80,89.0,20.0,0.0031323511319811,40.322152920826206,21.791431137601453,Unintentional
User_38,2025-05-21 00:44:06,0.306,0.5861,Driving,Zep,Speeding,2way,0.0,10,3G,-103,63.0,-9.0,0.045,40.279269450503094,21.753527514425084,Unintentional
User_79,2025-05-21 02:51:29,0.389,0.399,Walking,Koila,Speeding,4way,0.0,80,WiFi,-67,22.0,-2.0,0.047,40.32146881498828,21.79227424437865,Unintentional
User_49,2025-05-21 02:58:27,0.637,0.6213,Walking,Koila,Speeding,2way,1.0,60,5G,-70,7.0,3.0,0.039,40.320784554926114,21.79117807262155,Unintentional
User_43,2025-05-21 04:16:28,0.416,0.4397,Driving,Koila,Driving_Under_Influence,1way,0.0,40,5G,-101,73.0,-9.0,0.027,40.3224296347748,21.791796196705533,Unintentional
User_93,2025-05-21 06:18:01,0.46,0.3012,Running,Koila,Driving_Under_Influence,1way,0.0,30,WiFi,-88,96.0,6.0,0.046,40.32209631262642,21.790461242218615,Unintentional
User_89,2025-05-21 12:08:32,0.336,0.2931,Walking,Koila,Reckless_Driving,1way,1.0,10,4G,-80,29.0,-1.0,0.039,40.32228270581748,21.791464031329756,Unintentional
User_97,2025-05-21 16:00:27,0.337,0.5613,Walking,Zep,Speeding,2way,4.0,80,WiFi,-78,2.0,-12.0,0.042,40.27935985193116,21.754559550668,Unintentional
User_51,2025-05-21 16:20:07,0.613,0.662,Running,Ligeris,Reckless_Driving,1way,0.0,60,5G,-95,56.0,5.0,0.04,40.306240439513864,21.80745912330746,Unintentional
User_40,2025-05-22 03:55:03,0.482,0.6497,Running,Koila,Speeding,1way,0.0,Lane_Discards,5G,-86,82.0,22.0,0.0075387482507917,40.32166231579096,21.791939451221943,Unintentional
User_28,2025-05-22 06:47:36,0.348,0.5923,Driving,Koila,Speeding,4way,5.0,60,4G,-99,47.0,-14.0,0.025,40.32141452532265,21.791158183623327,Unintentional
User_53,2025-05-22 08:22:18,0.313,0.3816,Walking,Zep,Reckless_Driving,1way,0.0,60,4G,-80,78.0,-24.0,0.0059854333458976,40.279410057715914,21.752203890094375,Unintentional
User_86,2025-05-22 09:32:42,0.469,0.2841,Running,Zep,Driving_Under_Influence,2way,0.0,60,4G,-119,21.0,-23.0,0.0045210290769446,40.27994097187184,21.751145048183737,Unintentional
User_19,2025-05-22 12:09:53,0.745,0.6645,Running,Zep,Reckless_Driving,1way,1.0,10,4G,-106,90.0,-17.0,0.0088981383826478,40.306230115631266,21.753571683174258,Unintentional
User_71,2025-05-22 16:53:42,0.256,0.2863,Walking,Zep,Driving_Under_Influence,4way,4.0,40,4G,-103,88.0,-5.0,0.05,40.279876670977245,21.75136638920167,Unintentional
User_29,2025-05-23 01:22:27,0.415,0.4484,Walking,Ligeris,Driving_Under_Influence,2way,0.0,30,3G,-94,12.0,-10.0,0.027,40.30631663076818,21.80631195255923,Unintentional
User_53,2025-05-23 05:47:15,0.313,0.3836,Walking,Koila,Reckless_Driving,2way,1.0,90,WiFi,-66,27.0,-5.0,0.032,40.32201691509055,21.7912119924487,Unintentional
User_07,2025-05-23 06:16:35,0.625,0.3654,Running,Koila,Reckless_Driving,2way,0.0,40,5G,-102,59.0,23.0,0.0052331066205784,40.32091404610929,21.79128504635885,Unintentional
User_76,2025-05-23 11:26:23,0.355,0.4831,Walking,Zep,Speeding,1way,1.0,30,5G,-109,98.0,10.0,0.031,40.28037015511918,21.751926751080457,Unintentional
User_94,2025-05-23 11:49:41,0.681,0.384,Running,Ligeris,Reckless_Driving,2way,1.0,70,3G,-77,37.0,11.0,0.04,40.3064209005177,21.808650390414304,Unintentional
User_31,2025-05-23 12:09:26,0.56,0.6384,Running,Zep,Speeding,4way,0.0,30,5G,-117,61.0,22.0,0.0033671872228095,40.27853157125841,21.755082776857208,Unintentional
User_36,2025-05-23 14:09:53,0.563,0.6739,Driving,Zep,Reckless_Driving,1way,1.0,40,3G,-79,34.0,4.0,0.037,40.27935332556736,21.752038589587404,Unintentional
User_67,2025-05-23 18:32:59,0.529,0.4966,Walking,Ligeris,Speeding,4way,1.0,10,3G,-77,56.0,-10.0,0.029,40.306735914028074,21.805874790731945,Unintentional
User_47,2025-05-23 18:33:15,0.585,0.3932,Walking,Koila,Reckless_Driving,2way,0.0,70,3G,-114,53.0,19.0,0.0047849036029908,40.32213371590024,21.791306243175107,Unintentional
User_12,2025-05-23 19:34:44,0.67,0.5641,Walking,Ligeris,Speeding,2way,0.0,50,WiFi,-55,43.0,16.0,0.046,40.30596743734079,21.808921084564105,Unintentional
User_82,2025-05-24 00:27:08,0.324,0.4989,Running,Zep,Driving_Under_Influence,1way,2.0,50,WiFi,-65,3.0,17.0,0.0017753314433941,40.279658098265315,21.75359543793229,Unintentional
User_57,2025-05-24 03:43:24,0.372,0.3992,Running,Koila,Reckless_Driving,1way,0.0,110,3G,-95,62.0,20.0,0.006849565764356,40.32150524952782,21.79250929708495,Unintentional
User_24,2025-05-24 04:20:17,0.445,0.3686,Walking,Zep,Reckless_Driving,4way,0.0,Illegal_Parking,WiFi,-57,26.0,0.0,0.035,40.2797516672546,21.754218358202813,Unintentional
User_75,2025-05-24 04:43:56,0.409,0.4591,Walking,Ligeris,Driving_Under_Influence,2way,1.0,50,4G,-88,62.0,20.0,0.0021555808705306,40.30573347788204,21.807478205771982,Unintentional
User_16,2025-05-24 05:41:38,0.513,0.4927,Driving,Zep,Driving_Under_Influence,2way,0.0,30,4G,-106,16.0,23.0,0.0026440232915986,40.28009403295074,21.751649316282045,Unintentional
User_100,2025-05-24 06:09:39,0.37,0.54,Running,Zep,7,2way,4.0,40,3G,-71,94.0,-21.0,0.0075014895111138,40.27846362156033,21.752531815858852,Unintentional
User_56,2025-05-24 08:17:52,0.374,0.2987,Driving,Koila,Driving_Under_Influence,1way,2.0,50,WiFi,-89,34.0,12.0,0.04,40.32263262531626,21.791270986126516,Unintentional
User_18,2025-05-24 08:40:48,0.251,0.6765,Running,Ligeris,Reckless_Driving,2way,0.0,110,4G,-78,56.0,1.0,0.032,40.30627101930712,21.807479102413645,Unintentional
User_65,2025-05-24 20:56:06,0.448,0.3631,Running,Koila,Driving_Under_Influence,2way,4.0,90,3G,-85,85.0,-15.0,0.022,40.32205059431342,21.790943316653717,Unintentional
User_14,2025-05-24 21:39:53,0.393,0.4944,Running,Zep,Reckless_Driving,2way,4.0,40,5G,-82,49.0,-3.0,0.032,40.28072724142077,21.752083043842568,Unintentional
User_56,2025-05-25 03:53:59,0.374,0.3007,Running,Ligeris,Reckless_Driving,4way,3.0,50,3G,-107,41.0,24.0,0.00962552587098,40.30584599558793,21.807555594632426,Unintentional
User_73,2025-05-25 11:08:00,0.325,0.4797,Running,Koila,Speeding,2way,0.0,80,3G,-82,12.0,23.0,0.0075293093468431,40.32185242256038,21.79116622627788,Unintentional
User_44,2025-05-25 11:42:51,0.332,0.3716,Driving,Ligeris,Driving_Under_Influence,1way,0.0,60,3G,-80,30.0,-4.0,0.036,40.306893914170765,21.808035026908517,Unintentional
User_35,2025-05-25 16:26:09,0.274,0.3692,Walking,Ligeris,Driving_Under_Influence,4way,0.0,90,WiFi,-69,59.0,-22.0,0.0071847405492815,40.30675914214081,21.80758683582831,Unintentional
User_86,2025-05-25 18:02:55,0.469,0.2911,Running,Ligeris,Driving_Under_Influence,2way,1.0,20,5G,-112,13.0,-4.0,0.033,40.30654148135303,21.806582140997985,Unintentional
User_62,2025-05-25 18:31:29,0.366,0.3982,Driving,Ligeris,Driving_Under_Influence,2way,0.0,40,WiFi,-65,56.0,6.0,0.026,40.30591530505004,21.807020175990004,Unintentional
User_11,2025-05-25 20:48:17,0.602,0.606,Running,Koila,Driving_Under_Influence,2way,2.0,30,WiFi,-86,58.0,-1.0,0.034,40.32250510210222,21.792654690596056,Unintentional
User_59,2025-05-25 21:00:56,0.265,0.5641,Running,Ligeris,Driving_Under_Influence,4way,0.0,60,4G,-102,54.0,-24.0,0.0046104786949276,40.30613581535197,21.805651622230688,Unintentional
User_51,2025-05-26 00:20:25,0.613,0.671,Driving,Ligeris,Reckless_Driving,1way,1.0,Harassing_Driver,WiFi,-78,38.0,0.0,0.037,40.306789985811115,21.80751743990608,Unintentional
User_36,2025-05-26 02:32:55,0.563,0.6789,Walking,Ligeris,Driving_Under_Influence,2way,0.0,30,5G,-84,57.0,-11.0,0.045,40.306129212140355,21.80636365893687,Unintentional
User_04,2025-05-26 03:04:08,0.662,0.3427,Driving,Ligeris,Speeding,4way,1.0,60,5G,-116,29.0,24.0,0.0017557980541259,40.305938803726384,21.807383973400864,Unintentional
User_81,2025-05-26 04:25:18,0.376,0.5735,Walking,Koila,Speeding,2way,1.0,20,5G,-78,81.0,-22.0,0.0080804019209904,40.32110360942198,21.79216849037099,Unintentional
User_35,2025-05-26 09:23:55,0.274,0.3712,Walking,Zep,Reckless_Driving,4way,0.0,Illegal_Parking,5G,-113,8.0,-4.0,0.039,40.27989063470803,21.753587386993026,Unintentional
User_47,2025-05-26 09:27:45,0.585,0.3982,Running,Zep,Reckless_Driving,2way,0.0,10,3G,-94,43.0,17.0,0.0036509436879221,40.28088477656463,21.752928760231867,Unintentional
User_53,2025-05-26 10:37:32,0.313,0.3896,Driving,Ligeris,Speeding,2way,2.0,10,3G,-98,42.0,-15.0,0.023,40.30638195547622,21.809253744831985,Unintentional
User_71,2025-05-26 16:27:34,0.256,0.2943,Running,Zep,Reckless_Driving,1way,2.0,50,5G,-93,86.0,-3.0,0.034,40.27957205698666,21.75325382070115,Unintentional
User_26,2025-05-26 18:41:32,0.408,0.5395,Driving,Ligeris,Reckless_Driving,4way,1.0,100,3G,-76,11.0,3.0,0.039,40.30588554829077,21.80602516982571,Unintentional
User_63,2025-05-26 21:22:31,0.543,0.4076,Walking,Ligeris,Speeding,1way,0.0,40,5G,-109,79.0,7.0,0.046,40.306450645506864,21.807311353194777,Unintentional
User_03,2025-05-26 21:51:23,0.568,0.3204,Running,Koila,Driving_Under_Influence,2way,1.0,80,WiFi,-78,56.0,-23.0,0.0059917159746579,40.32176295086449,21.78915053131498,Unintentional
User_98,2025-05-27 00:13:25,0.46,0.4448,Running,Zep,Speeding,2way,0.0,30,WiFi,-61,38.0,-25.0,0.0013825842781289,40.280247438073225,21.7540500176077,Unintentional
User_34,2025-05-27 01:55:30,0.431,0.4459,Driving,Koila,Reckless_Driving,1way,0.0,70,4G,-91,35.0,-4.0,0.047,40.32224089323765,21.79121703315489,Unintentional
User_44,2025-05-27 04:07:11,0.332,0.3756,Driving,Zep,Speeding,1way,1.0,20,5G,-106,82.0,-19.0,0.0077713441618415,40.27894000557352,21.75305581267541,Unintentional
User_77,2025-05-27 07:42:43,0.428,0.3105,Driving,Koila,Driving_Under_Influence,2way,0.0,70,3G,-104,44.0,10.0,0.03,40.32238472205077,21.792438860628817,Unintentional
User_06,2025-05-27 11:10:28,0.584,0.6605,Running,Koila,Driving_Under_Influence,4way,0.0,20,WiFi,-72,24.0,-23.0,0.0016304882371333,40.32210613951204,21.79091549289656,Unintentional
User_55,2025-05-27 13:23:50,0.447,0.6294,Walking,Ligeris,Reckless_Driving,1way,1.0,40,5G,-97,9.0,-1.0,0.024,40.30699908276398,21.80863938850324,Unintentional
User_48,2025-05-27 14:31:39,0.599,0.5604,Driving,Ligeris,Driving_Under_Influence,2way,0.0,40,5G,-99,83.0,23.0,0.0075123090275013,40.30688181244728,21.80756435180105,Unintentional
User_24,2025-05-27 16:02:03,0.445,0.3756,Driving,Koila,Speeding,4way,1.0,10,WiFi,-81,28.0,-8.0,0.039,40.322225565697245,21.791254900700793,Unintentional
User_12,2025-05-27 18:40:37,0.67,0.6442,Running,Zep,Reckless_Driving,1way,0.0,30,5G,-108,43.0,-1.0,0.026,40.279778176549414,21.75325810694074,Unintentional
User_78,2025-05-27 22:28:04,0.347,0.5326,Walking,Ligeris,Speeding,2way,0.0,50,3G,-117,2.0,20.0,0.0012146822087307,40.305631049132,21.806290728609863,Unintentional
User_01,2025-05-28 01:37:16,0.619,0.5668,Running,Koila,Speeding,2way,0.0,50,3G,-98,3.0,7.0,0.032,40.32216302625415,21.79181841655953,Unintentional
User_41,2025-05-28 02:22:20,0.628,0.4571,Walking,Ligeris,Driving_Under_Influence,2way,4.0,30,4G,-112,84.0,23.0,0.0040208056088525,40.30682766768825,21.80603315747328,Unintentional
User_27,2025-05-28 05:00:27,0.46,0.5471,Running,Koila,Reckless_Driving,4way,0.0,40,3G,-101,24.0,6.0,0.024,40.32210389555163,21.79146509145932,Unintentional
User_63,2025-05-28 05:15:08,0.543,0.4116,Walking,Ligeris,Driving_Under_Influence,2way,1.0,80,WiFi,-63,53.0,24.0,0.0035533542275873,40.305699045264234,21.809284697488575,Unintentional
User_99,2025-05-28 07:43:21,0.465,0.5044,Driving,Koila,Driving_Under_Influence,2way,0.0,30,5G,-114,67.0,-5.0,0.032,40.322188216680054,21.79108847737828,Unintentional
User_46,2025-05-28 08:02:45,0.519,0.6356,Driving,Koila,Speeding,2way,1.0,80,WiFi,-50,13.0,-14.0,0.025,40.32332119466465,21.790884226557036,Unintentional
User_14,2025-05-28 12:11:42,0.393,0.5024,Driving,Koila,Speeding,4way,0.0,10,5G,-104,2.0,24.0,0.0097138581883494,40.32207219375111,21.79099352799336,Unintentional
User_46,2025-05-28 15:56:29,0.519,0.6366,Running,Ligeris,Reckless_Driving,2way,1.0,10,WiFi,-69,90.0,-15.0,0.026,40.30613381966027,21.80761587679996,Unintentional
User_54,2025-05-28 16:06:33,0.327,0.5699,Driving,Ligeris,Driving_Under_Influence,4way,0.0,50,5G,-111,42.0,-20.0,0.0020994805046104,40.306473805674685,21.80557541614162,Unintentional
User_47,2025-05-28 18:06:17,0.585,0.4032,Walking,Zep,Driving_Under_Influence,1way,0.0,20,4G,-91,49.0,-19.0,0.0098668509146217,40.27975463243963,21.752933048717765,Unintentional
User_48,2025-05-28 18:23:05,0.599,0.5634,Walking,Ligeris,Reckless_Driving,4way,0.0,70,5G,-82,30.0,-5.0,0.021,40.30551078988545,21.80757780174993,Unintentional
User_64,2025-05-28 19:38:05,0.511,0.6468,Walking,Ligeris,Speeding,2way,3.0,50,4G,-89,24.0,-7.0,0.042,40.30527955090615,21.808087472198977,Unintentional
User_66,2025-05-29 06:14:12,0.28,0.5267,Running,Koila,Driving_Under_Influence,1way,2.0,30,3G,-89,85.0,-11.0,0.043,40.32152079887922,21.792131095466473,Unintentional
User_87,2025-05-29 06:42:30,0.709,0.6772,Driving,Ligeris,Speeding,1way,0.0,80,4G,-97,60.0,-19.0,0.0066076389676477,40.30696856685878,21.807045877527244,Unintentional
User_99,2025-05-29 08:19:59,0.465,0.5064,Running,Koila,Driving_Under_Influence,4way,2.0,Lane_Discards,3G,-76,53.0,-21.0,0.0087917218040488,40.32307038988204,21.791914899944494,Unintentional
User_79,2025-05-29 11:22:22,0.389,0.414,Running,Ligeris,Reckless_Driving,2way,1.0,40,4G,-72,49.0,-18.0,0.0016554151806544,40.30748468661436,21.8073549374465,Unintentional
User_80,2025-05-29 18:42:37,0.704,0.4577,Driving,Koila,Reckless_Driving,1way,0.0,30,4G,-101,95.0,2.0,0.032,40.32206052997469,21.790626482713677,Unintentional
User_79,2025-05-30 00:20:04,0.389,0.416,Running,Ligeris,Speeding,1way,1.0,30,3G,-118,45.0,-15.0,0.03,40.30659924510345,21.808008123795513,Unintentional
User_42,2025-05-30 09:02:46,0.738,0.4116,Driving,Zep,Speeding,2way,0.0,60,5G,-75,69.0,8.0,0.035,40.27919914153667,21.755523000633545,Unintentional
User_74,2025-05-30 09:32:22,0.497,0.6564,Running,Ligeris,Speeding,1way,0.0,Harassing_Driver,4G,-115,19.0,6.0,0.028,40.30595379065972,21.80593443837422,Unintentional
User_68,2025-05-30 11:18:41,0.472,0.3309,Walking,Koila,Speeding,1way,5.0,60,4G,-115,61.0,-25.0,0.0068838067416985,40.32335274509949,21.790683856604453,Unintentional
User_86,2025-05-30 13:17:53,0.469,0.3001,Walking,Zep,Reckless_Driving,1way,0.0,30,WiFi,-67,47.0,21.0,0.0093028169185043,40.27803609862367,21.75385701415236,Unintentional
User_17,2025-05-30 17:26:59,0.631,0.4398,Walking,Ligeris,Speeding,2way,0.0,60,4G,-98,23.0,25.0,0.0060243249278439,40.30712810098815,21.807687756733394,Unintentional
User_35,2025-05-30 21:09:48,0.274,0.3792,Walking,Koila,Reckless_Driving,2way,140.0,20,3G,-116,40.0,-3.0,0.024,40.32211583846416,21.793185411681556,Unintentional
User_55,2025-05-31 02:04:35,0.447,0.6364,Driving,Koila,Reckless_Driving,1way,140.0,40,5G,-82,32.0,-24.0,0.0057672112544057,40.32151488219738,21.791033551773747,Unintentional
User_15,2025-05-31 09:01:40,0.627,0.6071,Running,Ligeris,Reckless_Driving,2way,0.0,50,4G,-93,52.0,15.0,0.039,40.30530734202548,21.806817123964095,Unintentional
User_17,2025-05-31 09:14:51,0.631,0.4408,Walking,Zep,Driving_Under_Influence,4way,0.0,40,4G,-113,49.0,0.0,0.045,40.27937863417462,21.753383982129066,Unintentional
User_62,2025-05-31 10:28:53,0.366,0.4092,Running,Ligeris,Speeding,2way,1.0,40,3G,-89,81.0,-13.0,0.043,40.30680305125895,21.80881092475285,Unintentional
User_59,2025-05-31 14:12:04,0.265,0.4792,Walking,Ligeris,Speeding,2way,0.0,70,4G,-87,83.0,19.0,0.0057395984089267,40.30611505855044,21.807770588022827,Unintentional
User_49,2025-05-31 16:52:28,0.637,0.6423,Walking,Zep,Driving_Under_Influence,4way,0.0,70,3G,-75,46.0,2.0,0.022,40.28069988101182,21.75204802643437,Unintentional
User_39,2025-05-31 17:29:47,0.598,0.4497,Driving,Zep,Driving_Under_Influence,1way,0.0,10,3G,-107,15.0,-11.0,0.045,40.28048356895613,21.75216376612212,Unintentional
User_29,2025-05-31 20:47:39,0.415,0.4654,Driving,Koila,Speeding,2way,1.0,80,5G,-70,91.0,0.0,0.042,40.321031686927505,21.79056254819314,Unintentional
User_91,2025-05-31 23:21:54,0.587,0.6058,Walking,Koila,Driving_Under_Influence,2way,1.0,60,3G,-102,47.0,-16.0,0.044,40.32153619456749,21.793101085860737,Unintentional
User_54,2025-06-01 00:12:12,0.327,0.5779,Running,Koila,Reckless_Driving,4way,0.0,70,WiFi,-88,40.0,-25.0,0.0058328416626552,40.32248393325337,21.79065805103548,Unintentional
User_63,2025-06-01 02:01:37,0.543,0.5641,Driving,Ligeris,Speeding,2way,2.0,80,WiFi,-56,40.0,-8.0,0.038,40.30764844060403,21.80822840494454,Unintentional
User_63,2025-06-01 02:16:23,0.543,0.4196,Driving,Ligeris,Driving_Under_Influence,1way,0.0,80,4G,-111,27.0,1.0,0.021,40.30511284577021,21.808780360033843,Unintentional
User_81,2025-06-01 02:28:18,0.376,0.5855,Driving,Koila,Reckless_Driving,1way,0.0,Harassing_Driver,4G,-103,71.0,14.0,0.03,40.32324838751532,21.79090313467949,Unintentional
User_01,2025-06-01 06:58:53,0.619,0.5748,Driving,Zep,Reckless_Driving,2way,0.0,40,4G,-114,64.0,16.0,0.032,40.27911933414157,21.752773786487342,Unintentional
User_32,2025-06-01 07:38:17,0.464,0.322,Driving,Zep,Speeding,2way,0.0,40,3G,-110,49.0,-22.0,0.0055668906357593,40.27990028325495,21.754132710405916,Unintentional
User_39,2025-06-01 07:54:25,0.598,0.4507,Walking,Koila,Speeding,1way,4.0,120,4G,-76,92.0,-25.0,0.0039860959193352,40.32224221244176,21.79104095287753,Unintentional
User_94,2025-06-01 10:26:58,0.681,0.402,Walking,Ligeris,Driving_Under_Influence,2way,4.0,80,WiFi,-68,50.0,-15.0,0.022,40.30458425943275,21.80741849395948,Unintentional
User_45,2025-06-01 12:25:33,0.285,0.5763,Walking,Koila,Reckless_Driving,2way,0.0,50,4G,-97,9.0,-17.0,0.0069675948249324,40.32171537845708,21.791045087135988,Unintentional
User_80,2025-06-01 12:30:55,0.704,0.4627,Driving,Zep,Speeding,1way,0.0,30,5G,-94,21.0,-14.0,0.022,40.2790455856403,21.752759453172956,Unintentional
User_52,2025-06-01 13:18:57,0.544,0.3792,Running,Ligeris,Speeding,2way,0.0,30,4G,-114,94.0,15.0,0.024,40.3065913978987,21.80859872420843,Unintentional
User_75,2025-06-01 14:07:12,0.409,0.4761,Driving,Zep,6,1way,0.0,30,5G,-94,76.0,-5.0,0.04,40.28025720723322,21.754009733860297,Unintentional
User_60,2025-06-01 15:33:30,0.353,0.6688,Driving,Ligeris,Reckless_Driving,1way,0.0,100,3G,-106,33.0,-2.0,0.047,40.30560016697987,21.80764944807027,Unintentional
User_10,2025-06-01 16:09:01,0.315,0.6528,Walking,Zep,Driving_Under_Influence,4way,2.0,30,5G,-94,9.0,23.0,0.0074202051404637,40.281125739090456,21.75241916381678,Unintentional
User_98,2025-06-01 20:04:29,0.46,0.4558,Running,Ligeris,Reckless_Driving,2way,1.0,10,WiFi,-90,31.0,-3.0,0.039,40.3053969239832,21.805810315739645,Unintentional
User_68,2025-06-01 20:10:03,0.472,0.3359,Running,Koila,Driving_Under_Influence,2way,1.0,50,4G,-88,37.0,8.0,0.045,40.322524535217546,21.790874445533458,Unintentional
User_97,2025-06-02 01:14:23,0.337,0.5843,Driving,Koila,Speeding,2way,0.0,50,WiFi,-65,11.0,-20.0,0.0031736907521576,40.321617204406245,21.79068169218108,Unintentional
User_35,2025-06-02 02:53:35,0.274,0.3842,Walking,Koila,Driving_Under_Influence,2way,0.0,80,3G,-104,7.0,-19.0,0.0065929960311846,40.32225869695861,21.791810914392507,Unintentional
User_08,2025-06-02 03:25:59,0.347,0.6628,Walking,Ligeris,Speeding,4way,1.0,20,4G,-115,2.0,18.0,0.0022928398102592,40.30652015279886,21.807719702995723,Unintentional
User_17,2025-06-02 05:53:58,0.631,0.4458,Driving,Koila,Speeding,1way,0.0,30,5G,-77,3.0,14.0,0.029,40.321468553497525,21.79077346350178,Unintentional
User_43,2025-06-02 06:13:59,0.416,0.4637,Driving,Ligeris,Speeding,2way,1.0,50,5G,-94,82.0,18.0,0.0016363615217046,40.30648058107289,21.809348504748822,Unintentional
User_06,2025-06-02 08:09:38,0.584,0.6725,Driving,Zep,Speeding,1way,1.0,50,5G,-107,76.0,-15.0,0.021,40.27970855160195,21.753085348875807,Unintentional
User_95,2025-06-02 09:16:07,0.545,0.5789,Driving,Zep,8,2way,0.0,50,WiFi,-88,33.0,-24.0,0.002692165465895,40.27784358027315,21.752784161555137,Unintentional
User_09,2025-06-02 09:20:05,0.307,0.6908,Driving,Koila,Reckless_Driving,4way,2.0,90,WiFi,-71,72.0,6.0,0.045,40.32243178402957,21.7919501339266,Unintentional
User_75,2025-06-02 10:24:24,0.409,0.4781,Walking,Koila,Reckless_Driving,2way,0.0,40,3G,-84,19.0,-9.0,0.028,40.3216129173076,21.791967967967516,Unintentional
User_80,2025-06-02 11:04:50,0.704,0.4657,Running,Ligeris,Speeding,1way,1.0,10,5G,-104,89.0,-18.0,0.0067302586496558,40.30644247653695,21.80727827303513,Unintentional
User_51,2025-06-02 11:32:23,0.613,0.685,Walking,Zep,Speeding,4way,0.0,50,3G,-94,52.0,14.0,0.025,40.27971630632581,21.752767239990707,Unintentional
User_93,2025-06-02 22:12:56,0.588,0.3262,Driving,Ligeris,Driving_Under_Influence,1way,1.0,20,WiFi,-59,40.0,7.0,0.043,40.30555371195743,21.805551864055396,Unintentional
User_81,2025-06-02 23:34:55,0.376,0.5885,Walking,Koila,Driving_Under_Influence,4way,0.0,20,WiFi,-56,99.0,23.0,0.0058359706886949,40.32083247861458,21.789803174504613,Unintentional
User_97,2025-06-02 23:51:26,0.337,0.5853,Walking,Zep,Reckless_Driving,1way,1.0,50,4G,-73,59.0,-23.0,0.0024612233541383,40.280081929841494,21.75216987785445,Unintentional
User_63,2025-06-03 00:32:36,0.543,0.4226,Running,Zep,Reckless_Driving,4way,0.0,30,3G,-84,12.0,-9.0,0.022,40.280709847001106,21.751610291361708,Unintentional
User_10,2025-06-03 02:57:12,0.315,0.6568,Walking,Ligeris,Driving_Under_Influence,1way,1.0,30,4G,-105,97.0,-15.0,0.024,40.30660967570661,21.80785045593122,Unintentional
User_77,2025-06-03 06:28:48,0.428,0.3235,Running,Koila,Driving_Under_Influence,2way,0.0,40,WiFi,-61,29.0,18.0,0.0066154989900271,40.32245598469624,21.78979291330685,Unintentional
User_54,2025-06-03 07:45:23,0.327,0.5809,Driving,Ligeris,Speeding,2way,0.0,60,4G,-100,100.0,13.0,0.033,40.3058942781907,21.809128411273633,Unintentional
User_81,2025-06-03 07:50:58,0.376,0.5895,Driving,Ligeris,Driving_Under_Influence,2way,0.0,30,5G,-119,20.0,0.0,0.048,40.30554917653792,21.805795140493668,Unintentional
User_71,2025-06-03 09:45:25,0.256,0.3093,Driving,Zep,Driving_Under_Influence,2way,0.0,80,4G,-79,16.0,24.0,0.0023104513462141,40.27943809395614,21.751607733349584,Unintentional
User_36,2025-06-03 12:46:35,0.563,0.6959,Walking,Koila,Driving_Under_Influence,1way,4.0,20,4G,-109,13.0,0.0,0.038,40.322477053524885,21.79101873460085,Unintentional
User_57,2025-06-03 14:15:52,0.372,0.5641,Walking,Zep,Driving_Under_Influence,4way,0.0,40,3G,-116,41.0,-22.0,0.0033826349331287,40.280239650245015,21.751281970655988,Unintentional
User_74,2025-06-03 14:59:07,0.497,0.6644,Driving,Zep,Reckless_Driving,1way,0.0,60,5G,-99,63.0,25.0,0.0011412806431562,40.27903468138751,21.753948701805378,Unintentional
User_86,2025-06-03 15:03:17,0.469,0.3091,Walking,Zep,Driving_Under_Influence,4way,0.0,50,5G,-109,49.0,-20.0,0.0021619733472607,40.27977738888242,21.752710222354903,Unintentional
User_32,2025-06-03 15:14:12,0.464,0.327,Running,Ligeris,7,2way,2.0,30,WiFi,-72,53.0,21.0,0.0056370819981714,40.306514450802034,21.8065750827256,Unintentional
User_61,2025-06-03 17:08:59,0.546,0.3877,Driving,Koila,Speeding,1way,1.0,40,4G,-80,70.0,-21.0,0.0045441390283321,40.32333915461725,21.79168885473171,Unintentional
User_93,2025-06-03 20:17:34,0.588,0.3282,Driving,Koila,Reckless_Driving,1way,0.0,50,3G,-76,32.0,6.0,0.045,40.32217546176115,21.792418890269666,Unintentional
User_62,2025-06-03 22:00:51,0.366,0.4162,Driving,Koila,Driving_Under_Influence,2way,4.0,30,4G,-79,69.0,21.0,0.0016874335525812,40.32159327396729,21.79242709271544,Unintentional
User_68,2025-06-03 22:50:29,0.472,0.3389,Driving,Ligeris,Speeding,2way,0.0,Illegal_Parking,WiFi,-52,1.0,-15.0,0.043,40.305882765729415,21.807480722752143,Unintentional
User_45,2025-06-03 23:48:59,0.285,0.5803,Driving,Zep,Driving_Under_Influence,1way,0.0,20,5G,-99,94.0,-23.0,0.0021308378947703,40.278971018243624,21.753673675852408,Unintentional
User_28,2025-06-04 00:25:48,0.348,0.5641,Walking,Koila,Driving_Under_Influence,2way,0.0,20,3G,-115,16.0,-1.0,0.036,40.32283709329202,21.791790082847008,Unintentional
User_70,2025-06-04 03:14:28,0.601,0.4029,Walking,Ligeris,Reckless_Driving,2way,1.0,60,5G,-105,69.0,-24.0,0.0028968280508362,40.30559785822143,21.80896664052883,Unintentional
User_09,2025-06-04 03:24:17,0.307,0.6938,Running,Ligeris,Driving_Under_Influence,2way,1.0,20,3G,-103,16.0,21.0,0.0048515767070775,40.30591854525694,21.807765701613587,Unintentional
User_62,2025-06-04 03:55:59,0.366,0.4172,Driving,Ligeris,Reckless_Driving,2way,0.0,40,3G,-108,98.0,13.0,0.021,40.307149532305175,21.80620828672098,Unintentional
User_58,2025-06-04 04:36:56,0.465,0.343,Walking,Koila,Reckless_Driving,4way,140.0,80,5G,-74,32.0,16.0,0.049,40.32304763811006,21.78934197156046,Unintentional
User_24,2025-06-04 06:42:22,0.445,0.3906,Driving,Koila,Driving_Under_Influence,1way,0.0,30,WiFi,-64,91.0,-24.0,0.0063168732593614,40.32355680311767,21.791995147690916,Unintentional
User_07,2025-06-04 06:42:55,0.625,0.3894,Driving,Koila,Speeding,2way,2.0,60,4G,-114,61.0,3.0,0.043,40.32245349631996,21.793150507421228,Unintentional
User_54,2025-06-04 17:28:03,0.327,0.5839,Walking,Koila,Speeding,1way,0.0,40,3G,-95,32.0,-10.0,0.046,40.32297645570791,21.791317699829236,Unintentional
User_79,2025-06-04 17:55:24,0.389,0.427,Running,Ligeris,Reckless_Driving,2way,0.0,60,3G,-76,95.0,-12.0,0.039,40.306035714622304,21.807196467078583,Unintentional
User_43,2025-06-04 19:28:52,0.416,0.4687,Running,Ligeris,Driving_Under_Influence,4way,1.0,70,WiFi,-58,23.0,-20.0,0.0018488217524047,40.30656984394351,21.807219846826857,Unintentional
User_94,2025-06-04 23:55:04,0.681,0.409,Running,Ligeris,Reckless_Driving,2way,1.0,30,5G,-77,25.0,-8.0,0.043,40.30708172304345,21.80894250638584,Unintentional
User_18,2025-06-05 05:11:42,0.251,0.7005,Running,Ligeris,Driving_Under_Influence,2way,160.0,30,3G,-71,9.0,0.0,0.049,40.30621641001172,21.808380683690217,Unintentional
User_40,2025-06-05 05:15:37,0.482,0.6777,Driving,Zep,Driving_Under_Influence,2way,1.0,30,4G,-91,51.0,22.0,0.0041522221521319,40.279333425647195,21.754053725462533,Unintentional
User_85,2025-06-05 05:48:35,0.254,0.4363,Walking,Zep,Driving_Under_Influence,1way,0.0,60,4G,-84,45.0,15.0,0.036,40.281004782508,21.754181673151688,Unintentional
User_39,2025-06-05 10:56:43,0.598,0.4597,Running,Zep,Driving_Under_Influence,2way,160.0,40,WiFi,-88,3.0,-21.0,0.0017248451268108,40.27785480808121,21.75331758303929,Unintentional
User_25,2025-06-05 13:18:54,0.408,0.4478,Running,Zep,Speeding,2way,3.0,80,WiFi,-58,36.0,21.0,0.0090014159466057,40.27948241818995,21.791256784153244,Unintentional
User_11,2025-06-05 16:12:23,0.602,0.628,Driving,Ligeris,Speeding,2way,4.0,60,3G,-92,55.0,-22.0,0.0028759388825692,40.30671640561676,21.806393789222557,Unintentional
User_74,2025-06-05 19:08:12,0.497,0.6684,Running,Ligeris,Speeding,1way,1.0,60,4G,-91,4.0,-5.0,0.047,40.30566384784735,21.809639815291295,Unintentional
User_17,2025-06-05 21:00:45,0.631,0.4518,Walking,Ligeris,Speeding,2way,2.0,20,WiFi,-52,19.0,11.0,0.034,40.30630494895641,21.809372628472552,Unintentional
User_19,2025-06-05 21:11:28,0.745,0.6915,Walking,Koila,Driving_Under_Influence,2way,1.0,Illegal_Parking,4G,-116,39.0,-24.0,0.0028325965116938,40.320489719702465,21.79204965793257,Unintentional
User_23,2025-06-05 21:30:53,0.458,0.46,Running,Ligeris,Reckless_Driving,1way,4.0,50,4G,-103,98.0,0.0,0.025,40.3059887155576,21.8074398867308,Unintentional
User_95,2025-06-06 05:39:17,0.545,0.5869,Walking,Zep,Reckless_Driving,2way,0.0,80,4G,-85,92.0,-8.0,0.044,40.27997318050323,21.752671321648616,Unintentional
User_76,2025-06-06 08:04:21,0.355,0.5121,Running,Ligeris,Driving_Under_Influence,1way,2.0,50,3G,-93,87.0,-20.0,0.0065899449606772,40.30624392636302,21.80748479380351,Unintentional
User_06,2025-06-06 09:40:32,0.584,0.6805,Running,Koila,Reckless_Driving,1way,0.0,60,WiFi,-52,74.0,-23.0,0.001748568538314,40.322829618084974,21.790631531829327,Unintentional
User_66,2025-06-06 10:36:30,0.46,0.5417,Walking,Ligeris,Speeding,4way,1.0,50,4G,-92,70.0,24.0,0.0044890860865234,40.305622753805835,21.80680229541842,Unintentional
User_40,2025-06-06 11:14:25,0.482,0.6797,Driving,Zep,Speeding,1way,0.0,80,WiFi,-80,83.0,-24.0,0.0067817933920161,40.27950760635103,21.753083251724043,Unintentional
User_17,2025-06-06 14:13:03,0.631,0.4538,Walking,Zep,8,2way,0.0,20,3G,-77,60.0,-8.0,0.032,40.280544043425635,21.753774093702425,Unintentional
User_98,2025-06-06 14:33:44,0.46,0.4648,Running,Zep,Reckless_Driving,1way,1.0,Illegal_Parking,WiFi,-71,0.0,20.0,0.0045646384207667,40.27931008595386,21.752767992175848,Unintentional
User_64,2025-06-06 14:51:35,0.511,0.6648,Driving,Ligeris,Driving_Under_Influence,2way,140.0,30,4G,-99,38.0,-12.0,0.043,40.30494703371384,21.80758182230626,Unintentional
User_67,2025-06-06 15:32:28,0.529,0.5236,Running,Koila,Speeding,2way,0.0,Illegal_Parking,3G,-78,11.0,6.0,0.043,40.32141814187831,21.791832502403132,Unintentional
User_78,2025-06-06 15:57:17,0.347,0.5526,Running,Ligeris,Driving_Under_Influence,4way,1.0,50,4G,-84,55.0,0.0,0.035,40.304462029503235,21.80778788419386,Unintentional
User_08,2025-06-06 16:06:09,0.347,0.6708,Walking,Zep,Speeding,2way,4.0,50,4G,-99,31.0,15.0,0.035,40.28000737875268,21.752796727126736,Unintentional
User_48,2025-06-06 22:32:47,0.599,0.5814,Walking,Zep,Reckless_Driving,2way,1.0,20,3G,-116,95.0,13.0,0.041,40.280975781785415,21.751912609674303,Unintentional
User_43,2025-06-06 22:43:18,0.416,0.4727,Driving,Zep,Speeding,1way,1.0,50,WiFi,-50,92.0,-18.0,0.003540369340608,40.306230115631266,21.753074721203856,Unintentional
User_92,2025-06-07 01:16:57,0.694,0.4902,Driving,Koila,Driving_Under_Influence,1way,3.0,30,3G,-108,25.0,-23.0,0.0079582532820684,40.32204662355578,21.792282826555983,Unintentional
User_64,2025-06-07 05:38:46,0.511,0.6658,Driving,Ligeris,Reckless_Driving,2way,0.0,40,3G,-120,25.0,-7.0,0.038,40.306750276346776,21.805812892580903,Unintentional
User_58,2025-06-07 05:48:24,0.465,0.348,Running,Koila,Driving_Under_Influence,4way,0.0,70,3G,-89,3.0,19.0,0.0050025369847521,40.321845414465585,21.792609902046728,Unintentional
User_25,2025-06-07 12:29:14,0.408,0.4508,Driving,Koila,Driving_Under_Influence,1way,0.0,70,5G,-115,92.0,18.0,0.0019849516268259,40.32189780709711,21.79314611909857,Unintentional
User_75,2025-06-07 15:58:53,0.409,0.4881,Running,Koila,Driving_Under_Influence,1way,0.0,120,4G,-77,72.0,-11.0,0.022,40.321486133221896,21.792224198538612,Unintentional
User_61,2025-06-07 17:10:09,0.546,0.3957,Walking,Ligeris,Driving_Under_Influence,2way,1.0,30,4G,-78,50.0,-9.0,0.032,40.305113607092835,21.80695479063313,Unintentional
User_85,2025-06-07 17:51:07,0.254,0.4413,Running,Ligeris,Speeding,2way,0.0,80,3G,-101,17.0,-14.0,0.04,40.30539048432171,21.809398449883897,Unintentional
User_03,2025-06-07 19:51:45,0.568,0.3444,Walking,Zep,Driving_Under_Influence,1way,1.0,100,5G,-104,43.0,-22.0,0.0042585003544717,40.28094678900849,21.754192706593543,Unintentional
User_42,2025-06-07 23:21:10,0.738,0.4286,Running,Zep,7,4way,0.0,30,3G,-71,22.0,18.0,0.0013169434218198,40.2786580803198,21.75263331894123,Unintentional
User_25,2025-06-07 23:24:33,0.408,0.4518,Walking,Ligeris,Reckless_Driving,4way,1.0,30,5G,-84,97.0,-8.0,0.022,40.30511800081509,21.807650769004013,Unintentional
User_42,2025-06-08 08:28:19,0.738,0.4306,Walking,Ligeris,Reckless_Driving,2way,0.0,80,WiFi,-68,65.0,-18.0,0.0093333987326626,40.30551735217282,21.80737909540929,Unintentional
User_76,2025-06-08 09:42:22,0.355,0.5161,Driving,Koila,Speeding,1way,0.0,30,WiFi,-67,70.0,-4.0,0.029,40.32112075935933,21.789350171274297,Unintentional
User_72,2025-06-08 13:35:27,0.567,0.3585,Running,Koila,Reckless_Driving,2way,0.0,20,WiFi,-64,4.0,-18.0,0.0012643465365331,40.32339029378489,21.79256751168511,Unintentional
User_63,2025-06-08 19:05:50,0.543,0.4326,Walking,Koila,Driving_Under_Influence,2way,0.0,80,WiFi,-73,10.0,-25.0,0.0034616530828432,40.3222124716262,21.79142739995732,Unintentional
User_74,2025-06-08 19:38:39,0.497,0.6744,Running,Zep,Reckless_Driving,4way,1.0,70,4G,-77,20.0,-22.0,0.0058959673930964,40.2796620630809,21.754567541518327,Unintentional
User_71,2025-06-08 21:12:26,0.256,0.3203,Driving,Zep,Speeding,4way,4.0,70,4G,-79,25.0,13.0,0.029,40.27878221696239,21.75188148148928,Unintentional
User_83,2025-06-08 21:17:38,0.309,0.6765,Walking,Ligeris,Reckless_Driving,1way,0.0,40,WiFi,-76,51.0,3.0,0.043,40.30608254213089,21.80773218037729,Unintentional
User_03,2025-06-09 00:31:02,0.568,0.3474,Running,Ligeris,Speeding,2way,1.0,50,WiFi,-88,91.0,5.0,0.03,40.30770057791462,21.806881549496367,Unintentional
User_99,2025-06-09 02:48:31,0.465,0.5284,Running,Koila,Reckless_Driving,2way,1.0,30,4G,-91,67.0,18.0,0.0018958726681889,40.32206867664004,21.791339528720496,Unintentional
User_28,2025-06-09 05:29:26,0.348,0.6283,Walking,Koila,Speeding,4way,0.0,90,WiFi,-80,90.0,8.0,0.038,40.321498136640315,21.7893940129012,Unintentional
User_73,2025-06-09 18:47:59,0.325,0.5097,Driving,Koila,Reckless_Driving,1way,1.0,10,4G,-113,16.0,18.0,0.0020929708574069,40.322440509137344,21.791235525308597,Unintentional
User_26,2025-06-09 19:43:49,0.408,0.5675,Driving,Koila,Reckless_Driving,4way,1.0,70,5G,-120,22.0,4.0,0.04,40.32081645344785,21.79218072739955,Unintentional
User_74,2025-06-09 19:47:26,0.497,0.6764,Walking,Koila,Speeding,2way,1.0,60,4G,-88,32.0,15.0,0.021,40.32175878514289,21.792850191657056,Unintentional
User_46,2025-06-10 01:43:15,0.519,0.6616,Running,Koila,Speeding,2way,0.0,10,4G,-118,20.0,-25.0,0.0070199777167184,40.32327515718573,21.78960555426068,Unintentional
User_10,2025-06-10 02:19:56,0.315,0.6708,Walking,Koila,Driving_Under_Influence,1way,1.0,30,WiFi,-80,91.0,12.0,0.041,40.32147754458745,21.791024226730233,Unintentional
User_45,2025-06-10 02:42:28,0.285,0.5933,Driving,Koila,Driving_Under_Influence,2way,0.0,40,4G,-115,95.0,4.0,0.03,40.321884978162466,21.79048808078336,Unintentional
User_39,2025-06-10 06:12:01,0.598,0.4687,Driving,Zep,Reckless_Driving,1way,1.0,70,5G,-119,86.0,11.0,0.04,40.306230115631266,21.791256784153244,Unintentional
User_51,2025-06-10 09:26:22,0.613,0.701,Walking,Zep,Speeding,2way,1.0,10,5G,-104,13.0,-21.0,0.0074114083148251,40.28100514476649,21.75206845503015,Unintentional
User_23,2025-06-10 11:12:00,0.458,0.47,Driving,Zep,Speeding,1way,1.0,30,4G,-82,90.0,10.0,0.036,40.280239642903226,21.75203649440344,Unintentional
User_79,2025-06-10 12:37:31,0.389,0.438,Running,Ligeris,Driving_Under_Influence,2way,3.0,30,4G,-98,81.0,-23.0,0.0050992253299592,40.30571488567694,21.80697306370455,Unintentional
User_47,2025-06-10 13:40:08,0.585,0.4292,Running,Zep,Driving_Under_Influence,4way,0.0,60,5G,-82,18.0,-23.0,0.0082201069033366,40.27943718371458,21.753106266173727,Unintentional
User_25,2025-06-10 17:16:02,0.408,0.4578,Driving,Zep,Reckless_Driving,2way,1.0,50,4G,-87,5.0,-19.0,0.0058307472730381,40.280488139967865,21.752007732934455,Unintentional
User_18,2025-06-11 00:04:46,0.251,0.7125,Driving,Koila,Reckless_Driving,2way,1.0,10,5G,-79,2.0,19.0,0.006389744184607,40.321557038506505,21.79313477080025,Unintentional
User_06,2025-06-11 01:21:29,0.584,0.6905,Walking,Zep,Speeding,2way,0.0,30,5G,-116,95.0,0.0,0.046,40.278694082985325,21.75166010441637,Unintentional
User_48,2025-06-11 06:43:10,0.599,0.5904,Walking,Ligeris,Speeding,2way,2.0,70,3G,-86,36.0,-13.0,0.037,40.30608540303812,21.80733877122637,Unintentional
User_29,2025-06-11 07:16:38,0.415,0.4874,Driving,Koila,Reckless_Driving,2way,0.0,60,3G,-83,35.0,22.0,0.0075457765576734,40.32258396096158,21.792117345927142,Unintentional
User_62,2025-06-11 10:50:45,0.366,0.4312,Driving,Ligeris,Reckless_Driving,1way,4.0,30,4G,-119,39.0,20.0,0.0046099365123608,40.30596446708677,21.807645875826648,Unintentional
User_15,2025-06-11 12:22:22,0.627,0.6291,Walking,Koila,Speeding,1way,3.0,80,5G,-79,58.0,22.0,0.0032673725534978,40.32305219001185,21.79015106439261,Unintentional
User_04,2025-06-11 12:28:12,0.662,0.3757,Driving,Zep,Reckless_Driving,2way,0.0,70,3G,-113,9.0,0.0,0.021,40.27956202055708,21.75290500249532,Unintentional
User_11,2025-06-11 12:34:25,0.602,0.639,Running,Ligeris,8,2way,2.0,20,3G,-100,84.0,-7.0,0.031,40.30556309271136,21.808899274763107,Unintentional
User_61,2025-06-11 13:18:13,0.546,0.4027,Driving,Ligeris,Driving_Under_Influence,1way,0.0,10,3G,-102,24.0,21.0,0.0027574403356151,40.306462135942574,21.80836578944953,Unintentional
User_03,2025-06-11 16:47:53,0.568,0.3524,Running,Zep,Reckless_Driving,4way,0.0,30,4G,-82,49.0,25.0,0.0081449321702983,40.27967202109676,21.753390579170578,Unintentional
User_31,2025-06-11 17:27:39,0.56,0.6764,Walking,Zep,Driving_Under_Influence,1way,1.0,80,3G,-87,10.0,-11.0,0.042,40.27886619674136,21.75387493395517,Unintentional
User_38,2025-06-11 20:48:42,0.306,0.6291,Walking,Koila,Reckless_Driving,4way,1.0,30,3G,-109,37.0,17.0,0.0078878155745465,40.32269548649201,21.793082203393748,Unintentional
User_62,2025-06-11 22:38:18,0.366,0.4322,Running,Ligeris,Driving_Under_Influence,2way,1.0,Lane_Discards,WiFi,-80,59.0,-1.0,0.039,40.30693518935141,21.806342535889883,Unintentional
User_79,2025-06-12 03:05:04,0.389,0.442,Driving,Ligeris,Reckless_Driving,4way,1.0,80,3G,-113,37.0,-20.0,0.0037745012131764,40.3061383144166,21.80843147550545,Unintentional
User_10,2025-06-12 03:11:36,0.315,0.6748,Walking,Ligeris,Driving_Under_Influence,4way,0.0,30,WiFi,-57,35.0,4.0,0.023,40.30630187853901,21.808046911710033,Unintentional
User_75,2025-06-12 04:00:59,0.409,0.4971,Walking,Zep,9,2way,1.0,30,WiFi,-79,55.0,4.0,0.031,40.27895124403136,21.752080974385635,Unintentional
User_85,2025-06-12 04:50:15,0.254,0.4503,Running,Zep,Driving_Under_Influence,2way,0.0,30,4G,-104,57.0,13.0,0.029,40.2800404290661,21.754438031550187,Unintentional
User_39,2025-06-12 05:56:01,0.598,0.4727,Running,Zep,Speeding,4way,0.0,60,5G,-118,1.0,8.0,0.028,40.278677153913854,21.752638791099898,Unintentional
User_32,2025-06-12 07:18:58,0.464,0.345,Walking,Koila,Speeding,2way,150.0,40,4G,-100,5.0,17.0,0.0054814923353487,40.321701690836214,21.789546720861345,Unintentional
User_86,2025-06-12 07:48:53,0.469,0.3261,Walking,Ligeris,Speeding,4way,0.0,20,3G,-107,15.0,-18.0,0.0093316431686888,40.30640411279781,21.807341589365368,Unintentional
User_13,2025-06-12 10:51:03,0.75,0.5684,Walking,Zep,Driving_Under_Influence,4way,0.0,80,4G,-96,40.0,-8.0,0.025,40.280153659597225,21.75371386262395,Unintentional
User_12,2025-06-12 13:32:57,0.67,0.6772,Running,Koila,9,2way,1.0,10,4G,-94,62.0,-22.0,0.0015832881720448,40.306230115631266,21.791638123041892,Unintentional
User_61,2025-06-12 16:23:07,0.546,0.4047,Driving,Koila,Speeding,2way,1.0,70,3G,-81,14.0,22.0,0.005653142335994,40.322125714534465,21.791227692383405,Unintentional
User_68,2025-06-12 21:55:31,0.472,0.3579,Running,Ligeris,Driving_Under_Influence,2way,0.0,20,4G,-96,54.0,-2.0,0.03,40.306022253171236,21.808552854211445,Unintentional
User_75,2025-06-12 23:44:48,0.409,0.4981,Driving,Ligeris,Driving_Under_Influence,2way,160.0,70,3G,-111,81.0,25.0,0.0083105167278368,40.30633191467028,21.807002437166062,Unintentional
User_100,2025-06-13 02:51:08,0.37,0.5641,Driving,Ligeris,Speeding,2way,2.0,40,WiFi,-81,97.0,17.0,0.0062506314121145,40.30629628246336,21.807059137736157,Unintentional
User_21,2025-06-13 03:11:32,0.303,0.3392,Driving,Koila,Speeding,1way,1.0,50,4G,-74,92.0,-17.0,0.0076425696365281,40.32371693890996,21.792219424041356,Unintentional
User_32,2025-06-13 03:42:35,0.464,0.346,Driving,Zep,Reckless_Driving,2way,0.0,50,WiFi,-54,24.0,21.0,0.0011358626948656,40.2781714756672,21.75417589985539,Unintentional
User_61,2025-06-13 06:22:30,0.546,0.4067,Walking,Koila,Speeding,1way,4.0,90,WiFi,-75,25.0,-17.0,0.0024658991310584,40.306230115631266,21.791256784153244,Unintentional
User_45,2025-06-13 12:15:14,0.285,0.5993,Driving,Koila,Reckless_Driving,2way,1.0,Lane_Discards,WiFi,-65,4.0,-7.0,0.046,40.32353922765417,21.79254927471646,Unintentional
User_23,2025-06-13 17:32:24,0.458,0.476,Walking,Zep,Driving_Under_Influence,4way,0.0,10,3G,-72,96.0,2.0,0.024,40.27988803876816,21.75195881393741,Unintentional
User_59,2025-06-13 18:33:45,0.265,0.5052,Walking,Koila,7,4way,1.0,50,5G,-98,49.0,21.0,0.003326064299234,40.27963324052847,21.753251201169913,Unintentional
User_68,2025-06-14 02:46:06,0.472,0.3609,Driving,Ligeris,7,1way,0.0,70,3G,-101,54.0,-22.0,0.0031231239791069,40.30606614105948,21.807636390579475,Unintentional
User_01,2025-06-14 02:54:55,0.619,0.6008,Running,Ligeris,Speeding,2way,2.0,Harassing_Driver,5G,-104,46.0,23.0,0.0090381470002037,40.306198915152635,21.807512803259943,Unintentional
User_99,2025-06-14 02:59:33,0.465,0.5384,Running,Koila,Speeding,2way,2.0,40,4G,-118,24.0,13.0,0.033,40.32235841118858,21.791143455808808,Unintentional
User_25,2025-06-14 07:05:51,0.408,0.4658,Driving,Koila,Driving_Under_Influence,2way,4.0,50,WiFi,-59,8.0,13.0,0.025,40.32118746826856,21.792232239630103,Unintentional
User_80,2025-06-14 07:41:43,0.704,0.4897,Running,Zep,Driving_Under_Influence,4way,0.0,80,3G,-101,65.0,-9.0,0.039,40.2790732580043,21.75250942981164,Unintentional
User_11,2025-06-14 08:41:42,0.602,0.646,Running,Ligeris,Driving_Under_Influence,1way,0.0,50,WiFi,-69,56.0,-15.0,0.045,40.30772002703037,21.80770146724386,Unintentional
User_19,2025-06-14 09:52:37,0.745,0.7095,Running,Zep,Reckless_Driving,2way,4.0,40,WiFi,-88,15.0,-12.0,0.028,40.306230115631266,21.7542950009904,Unintentional
User_02,2025-06-14 12:24:18,0.529,0.6296,Walking,Koila,Speeding,2way,0.0,80,3G,-108,17.0,18.0,0.0077149682440193,40.32244580744038,21.78954831223421,Unintentional
User_27,2025-06-14 12:30:32,0.535,0.5641,Running,Zep,8,4way,1.0,30,5G,-103,87.0,25.0,0.0097408925327726,40.279896847957374,21.75105439431934,Unintentional
User_12,2025-06-14 12:58:38,0.67,0.6802,Driving,Zep,Reckless_Driving,2way,4.0,20,WiFi,-85,9.0,-8.0,0.035,40.278508910365346,21.753083967726145,Unintentional
User_97,2025-06-14 21:12:26,0.337,0.6093,Walking,Koila,Driving_Under_Influence,2way,2.0,80,5G,-118,31.0,-5.0,0.037,40.32283134132544,21.792543332568695,Unintentional
User_22,2025-06-14 21:31:40,0.413,0.3759,Running,Zep,Driving_Under_Influence,2way,0.0,Harassing_Driver,4G,-81,97.0,10.0,0.032,40.27999668888342,21.753200807800475,Unintentional
User_19,2025-06-15 00:06:50,0.745,0.7115,Walking,Zep,Driving_Under_Influence,2way,0.0,Illegal_Parking,4G,-101,72.0,-19.0,0.0050924379369769,40.27940935642184,21.7534141907042,Unintentional
User_58,2025-06-15 03:52:12,0.465,0.365,Walking,Zep,Reckless_Driving,1way,0.0,50,4G,-119,27.0,4.0,0.027,40.27810005551804,21.75338323247068,Unintentional
User_44,2025-06-15 04:48:59,0.332,0.4136,Driving,Koila,Driving_Under_Influence,4way,1.0,30,WiFi,-62,89.0,6.0,0.037,40.32294380776402,21.791224959666504,Unintentional
User_23,2025-06-15 08:02:22,0.458,0.479,Walking,Ligeris,Speeding,2way,1.0,30,WiFi,-82,93.0,-18.0,0.007315997425763,40.306712122860866,21.808017507499205,Unintentional
User_99,2025-06-15 09:09:44,0.465,0.5404,Walking,Koila,Reckless_Driving,2way,2.0,50,WiFi,-113,94.0,0.0,0.034,40.32200705465188,21.791387665442777,Unintentional
User_03,2025-06-15 12:10:58,0.568,0.3594,Walking,Ligeris,Driving_Under_Influence,4way,1.0,Harassing_Driver,4G,-116,68.0,19.0,0.0036827536765777,40.30498080807931,21.80750711576069,Unintentional
User_37,2025-06-15 13:43:54,0.306,0.6064,Walking,Zep,Reckless_Driving,2way,3.0,80,4G,-74,49.0,-1.0,0.04,40.27958290964113,21.755339852188612,Unintentional
User_14,2025-06-15 13:45:23,0.393,0.5374,Running,Zep,Reckless_Driving,4way,2.0,60,WiFi,-79,23.0,20.0,0.0087122094871547,40.278668950310454,21.753636330842557,Unintentional
User_39,2025-06-15 16:47:11,0.598,0.4797,Running,Zep,Driving_Under_Influence,2way,0.0,10,4G,-117,34.0,-13.0,0.042,40.27787603173537,21.754034540264655,Unintentional
User_13,2025-06-15 22:22:54,0.75,0.5754,Walking,Koila,Speeding,2way,4.0,50,3G,-88,48.0,25.0,0.0038807171208918,40.32274343536099,21.79066708645764,Unintentional
User_38,2025-06-15 23:05:35,0.306,0.6371,Walking,Koila,Speeding,1way,1.0,70,3G,-98,51.0,-6.0,0.042,40.32335679704896,21.79198791008697,Unintentional
User_98,2025-06-16 04:30:11,0.46,0.4848,Driving,Zep,9,2way,2.0,30,WiFi,-69,48.0,-16.0,0.029,40.27947582925847,21.753296352634763,Unintentional
User_84,2025-06-16 05:15:09,0.527,0.4067,Running,Ligeris,Speeding,4way,0.0,60,3G,-92,24.0,-21.0,0.003172549202159,40.305388148842134,21.805752109841823,Unintentional
User_11,2025-06-16 06:16:47,0.602,0.649,Walking,Ligeris,6,2way,3.0,30,WiFi,-92,17.0,-6.0,0.037,40.30591585654663,21.808238153236047,Unintentional
User_78,2025-06-16 07:38:20,0.347,0.5716,Running,Koila,Reckless_Driving,2way,0.0,40,3G,-120,85.0,-7.0,0.026,40.32346158956752,21.7899969667632,Unintentional
User_18,2025-06-16 22:35:51,0.251,0.7235,Driving,Koila,Speeding,2way,0.0,60,WiFi,-86,24.0,-21.0,0.00777871029059,40.32262166997674,21.7911508226468,Unintentional
User_28,2025-06-17 01:16:41,0.348,0.6453,Driving,Ligeris,Reckless_Driving,2way,160.0,70,5G,-115,46.0,-7.0,0.027,40.30716611644291,21.806598923646725,Unintentional
User_33,2025-06-17 08:48:12,0.634,0.5482,Walking,Zep,Reckless_Driving,1way,0.0,30,5G,-105,14.0,19.0,0.0059122620088319,40.279665305377534,21.754260796035375,Unintentional
User_18,2025-06-17 09:00:14,0.251,0.7255,Walking,Ligeris,Reckless_Driving,2way,1.0,30,3G,-70,29.0,-21.0,0.0029339541008496,40.30592840699158,21.8074553477482,Unintentional
User_82,2025-06-17 09:28:43,0.324,0.5469,Running,Zep,Driving_Under_Influence,1way,0.0,60,3G,-104,85.0,-18.0,0.0064413738972987,40.27843807065979,21.75162624357494,Unintentional
User_44,2025-06-17 09:49:24,0.332,0.4186,Walking,Ligeris,Driving_Under_Influence,2way,1.0,40,4G,-111,36.0,16.0,0.035,40.3074707492791,21.806314508050622,Unintentional
User_37,2025-06-17 11:25:27,0.306,0.6104,Driving,Koila,Driving_Under_Influence,2way,0.0,30,4G,-74,19.0,20.0,0.0058984408880525,40.32200276035432,21.79351343241036,Unintentional
User_91,2025-06-17 16:42:37,0.587,0.6398,Walking,Zep,Reckless_Driving,1way,1.0,80,5G,-75,34.0,14.0,0.042,40.27924105791166,21.75163347971553,Unintentional
User_43,2025-06-17 19:23:58,0.416,0.4947,Running,Zep,Reckless_Driving,1way,1.0,10,WiFi,-77,94.0,6.0,0.022,40.279893967613624,21.753218408569765,Unintentional
User_74,2025-06-17 21:11:50,0.497,0.6924,Running,Zep,Reckless_Driving,4way,0.0,10,5G,-92,74.0,10.0,0.025,40.278951454931445,21.754300781421257,Unintentional
User_58,2025-06-17 23:24:47,0.465,0.369,Driving,Zep,Speeding,1way,1.0,30,5G,-115,68.0,22.0,0.0071717796112516,40.27898170603316,21.75341149009755,Unintentional
User_91,2025-06-18 01:31:07,0.587,0.6408,Running,Zep,Reckless_Driving,2way,1.0,80,4G,-111,73.0,17.0,0.0022680204060706,40.27898989026212,21.752810112186054,Unintentional
User_61,2025-06-18 03:56:25,0.546,0.4167,Driving,Koila,Speeding,1way,0.0,20,WiFi,-69,33.0,-4.0,0.036,40.322795977328525,21.790675131383228,Unintentional
User_11,2025-06-18 06:24:57,0.602,0.654,Driving,Ligeris,Reckless_Driving,2way,2.0,50,3G,-77,52.0,13.0,0.027,40.305921785053,21.806757344890773,Unintentional
User_05,2025-06-18 07:57:51,0.743,0.6327,Walking,Zep,6,1way,0.0,10,3G,-80,80.0,22.0,0.0035437875472474,40.27955136175225,21.752531210103346,Unintentional
User_41,2025-06-18 10:47:29,0.628,0.4981,Running,Zep,9,1way,0.0,80,5G,-71,37.0,0.0,0.023,40.27878149238763,21.75316482283429,Unintentional
User_48,2025-06-18 13:41:59,0.599,0.6044,Driving,Zep,Reckless_Driving,2way,2.0,Illegal_Parking,4G,-102,75.0,-21.0,0.0035037868782781,40.27988072416921,21.753473560134232,Unintentional
User_65,2025-06-18 19:16:33,0.448,0.4131,Driving,Koila,Speeding,1way,3.0,90,3G,-84,55.0,20.0,0.0085323256695202,40.322158828238834,21.791426526366894,Unintentional
User_95,2025-06-18 19:39:55,0.545,0.6109,Walking,Ligeris,Driving_Under_Influence,2way,0.0,40,5G,-88,90.0,19.0,0.0046150332037826,40.30593129198438,21.805488659719515,Unintentional
User_76,2025-06-18 23:01:15,0.355,0.5361,Walking,Zep,Driving_Under_Influence,4way,140.0,40,3G,-109,34.0,-24.0,0.0029085121758566,40.27971383470884,21.753110254025373,Unintentional
User_09,2025-06-19 06:24:20,0.307,0.7238,Walking,Ligeris,Driving_Under_Influence,4way,0.0,10,4G,-93,74.0,11.0,0.029,40.306230115631266,21.806897697508855,Unintentional
User_43,2025-06-19 07:27:12,0.416,0.4987,Walking,Zep,Reckless_Driving,2way,1.0,60,WiFi,-76,67.0,-18.0,0.0020042356176094,40.27933424773027,21.754579322473656,Unintentional
User_13,2025-06-19 13:16:31,0.75,0.5834,Walking,Ligeris,Driving_Under_Influence,2way,1.0,40,4G,-73,72.0,-25.0,0.0093101981692188,40.305802675273206,21.807581163614433,Unintentional
User_03,2025-06-19 15:45:48,0.568,0.3684,Driving,Zep,Speeding,2way,2.0,70,4G,-81,63.0,-16.0,0.046,40.28067674672256,21.753530474234974,Unintentional
User_85,2025-06-19 15:48:37,0.254,0.4643,Running,Ligeris,Driving_Under_Influence,2way,0.0,70,5G,-112,96.0,9.0,0.037,40.304620388850005,21.807497278528583,Unintentional
User_32,2025-06-19 16:17:47,0.464,0.359,Walking,Ligeris,Driving_Under_Influence,2way,1.0,Illegal_Parking,WiFi,-65,55.0,14.0,0.036,40.30540720386105,21.807014520195285,Unintentional
User_85,2025-06-20 04:33:27,0.254,0.4663,Running,Ligeris,Driving_Under_Influence,1way,1.0,20,5G,-90,10.0,-19.0,0.0063376429967173,40.306556054843526,21.80881259862022,Unintentional
User_86,2025-06-20 05:13:07,0.469,0.3421,Walking,Koila,6,2way,0.0,50,WiFi,-82,59.0,19.0,0.0060866653881255,40.321480089240744,21.79166666717912,Unintentional
User_25,2025-06-20 09:15:16,0.408,0.4778,Driving,Koila,Reckless_Driving,1way,140.0,50,3G,-90,35.0,23.0,0.0026743627892624,40.32269430258605,21.790983480045607,Unintentional
User_54,2025-06-20 10:47:47,0.327,0.6159,Walking,Ligeris,Driving_Under_Influence,2way,0.0,50,4G,-96,33.0,-22.0,0.0026545668764273,40.306031044622976,21.805277163460076,Unintentional
User_18,2025-06-20 12:10:12,0.251,0.7305,Running,Zep,Reckless_Driving,4way,1.0,80,5G,-92,38.0,-18.0,0.0017947986051398,40.27862604608782,21.75445222547328,Unintentional
User_43,2025-06-20 12:18:29,0.416,0.5007,Walking,Ligeris,Reckless_Driving,2way,2.0,70,5G,-86,15.0,-3.0,0.028,40.3062437056207,21.80746549049811,Unintentional
User_75,2025-06-20 15:16:37,0.409,0.5141,Driving,Zep,Driving_Under_Influence,4way,0.0,90,4G,-98,100.0,14.0,0.033,40.28012247892286,21.75381083884142,Unintentional
User_66,2025-06-20 18:06:07,0.28,0.5697,Driving,Zep,Speeding,2way,1.0,10,4G,-116,49.0,-10.0,0.046,40.27955310079923,21.754735005440377,Unintentional
User_95,2025-06-20 18:22:09,0.545,0.6149,Driving,Zep,6,2way,0.0,20,4G,-105,15.0,3.0,0.049,40.27969457194852,21.753184460420105,Unintentional
User_30,2025-06-20 20:20:06,0.413,0.4304,Walking,Ligeris,Speeding,2way,0.0,20,WiFi,-59,48.0,17.0,0.0041172667073915,40.30559027439966,21.80801813745698,Unintentional
User_83,2025-06-20 23:31:16,0.309,0.7005,Walking,Zep,Speeding,1way,140.0,40,WiFi,-83,85.0,14.0,0.035,40.28039380679289,21.754750703362745,Unintentional
User_21,2025-06-21 02:38:00,0.303,0.3562,Running,Zep,Driving_Under_Influence,1way,0.0,10,4G,-119,49.0,-18.0,0.0090761520222694,40.27949372050716,21.753291388915372,Unintentional
User_09,2025-06-21 03:48:29,0.307,0.7278,Running,Ligeris,Speeding,2way,0.0,40,5G,-116,39.0,-1.0,0.041,40.30703941217673,21.807665571722204,Unintentional
User_26,2025-06-21 03:51:57,0.408,0.5905,Walking,Zep,Reckless_Driving,2way,0.0,60,3G,-106,62.0,-6.0,0.028,40.28112244546873,21.75239872144003,Unintentional
User_80,2025-06-21 04:08:34,0.704,0.5037,Driving,Ligeris,Driving_Under_Influence,2way,0.0,50,5G,-98,21.0,12.0,0.047,40.30626413859597,21.807893043941736,Unintentional
User_58,2025-06-21 04:10:53,0.465,0.376,Driving,Zep,Speeding,2way,0.0,30,WiFi,-55,11.0,-24.0,0.0070929723063756,40.27858464591874,21.752382609891946,Unintentional
User_72,2025-06-21 05:25:42,0.567,0.3835,Walking,Zep,Reckless_Driving,4way,1.0,30,3G,-111,5.0,-18.0,0.0072634873743129,40.27984776673653,21.791256784153244,Unintentional
User_57,2025-06-21 06:57:34,0.372,0.4542,Running,Ligeris,Driving_Under_Influence,2way,0.0,20,5G,-85,90.0,-3.0,0.028,40.306222126558794,21.80749066624426,Unintentional
User_89,2025-06-21 09:09:35,0.336,0.3561,Driving,Koila,Speeding,1way,2.0,20,5G,-116,65.0,-24.0,0.0022895751545639,40.32245254680172,21.790837393309584,Unintentional
User_39,2025-06-21 14:20:57,0.598,0.4907,Walking,Ligeris,Speeding,1way,0.0,10,3G,-86,0.0,-14.0,0.038,40.30508655124068,21.808965525106988,Unintentional
User_43,2025-06-21 18:02:38,0.416,0.5027,Driving,Zep,Reckless_Driving,2way,0.0,80,3G,-104,56.0,-2.0,0.039,40.28090141606998,21.754502433713935,Unintentional
User_36,2025-06-22 01:31:18,0.563,0.7329,Running,Koila,Speeding,2way,0.0,70,5G,-109,25.0,19.0,0.005653142335994,40.321007196429306,21.792571191120324,Unintentional
User_100,2025-06-22 03:10:15,0.37,0.598,Walking,Ligeris,Reckless_Driving,4way,1.0,40,3G,-106,32.0,18.0,0.0026760182584578,40.30669415211406,21.805878388218716,Unintentional
User_55,2025-06-22 08:18:32,0.447,0.6804,Driving,Ligeris,Driving_Under_Influence,2way,140.0,90,WiFi,-76,26.0,1.0,0.041,40.30503295875515,21.80709090505441,Unintentional
User_65,2025-06-22 13:06:34,0.448,0.4211,Driving,Zep,Reckless_Driving,2way,4.0,60,3G,-86,90.0,-9.0,0.035,40.279294106807775,21.753412793628847,Unintentional
User_23,2025-06-22 14:52:00,0.458,0.494,Running,Koila,Driving_Under_Influence,1way,1.0,70,3G,-108,79.0,-2.0,0.024,40.32185315794829,21.792176310446408,Unintentional
User_37,2025-06-22 15:59:54,0.306,0.6214,Walking,Ligeris,Speeding,4way,0.0,40,5G,-105,59.0,18.0,0.0024132834923188,40.307362894980294,21.80724397275149,Unintentional
User_83,2025-06-22 18:03:58,0.309,0.7045,Driving,Ligeris,Reckless_Driving,2way,2.0,80,4G,-84,18.0,7.0,0.038,40.30642447741192,21.80786704157417,Unintentional
User_21,2025-06-22 18:49:37,0.303,0.3572,Driving,Zep,Reckless_Driving,2way,0.0,80,4G,-104,92.0,-20.0,0.0091624823332326,40.27975173373406,21.751080845809817,Unintentional
User_38,2025-06-22 19:13:38,0.306,0.6511,Driving,Zep,Reckless_Driving,2way,4.0,40,4G,-108,87.0,-20.0,0.0068358315319484,40.27874649535489,21.751611063250245,Unintentional
User_55,2025-06-22 23:11:55,0.447,0.6814,Running,Zep,Driving_Under_Influence,1way,0.0,50,4G,-82,94.0,-3.0,0.029,40.27932983548361,21.751394903198683,Unintentional
User_88,2025-06-23 00:38:48,0.471,0.4727,Running,Koila,7,4way,0.0,30,WiFi,-85,11.0,19.0,0.0028228266744041,40.320517402513666,21.791975100061823,Unintentional
User_77,2025-06-23 01:21:53,0.428,0.3635,Driving,Zep,Driving_Under_Influence,1way,0.0,110,5G,-81,1.0,17.0,0.0074545889922055,40.280626429984835,21.753666661827523,Unintentional
User_92,2025-06-23 02:39:23,0.694,0.5222,Running,Ligeris,Driving_Under_Influence,2way,0.0,30,4G,-87,31.0,10.0,0.042,40.30661527030493,21.806672260431014,Unintentional
User_33,2025-06-23 04:08:19,0.634,0.5602,Running,Ligeris,Driving_Under_Influence,2way,0.0,50,5G,-90,21.0,-24.0,0.0098770339730129,40.30698008992661,21.791256784153244,Unintentional
User_32,2025-06-23 07:26:16,0.464,0.366,Walking,Koila,Reckless_Driving,4way,0.0,40,4G,-97,6.0,-14.0,0.04,40.32146934341267,21.79282907522868,Unintentional
User_30,2025-06-23 08:15:32,0.413,0.4374,Walking,Ligeris,Reckless_Driving,1way,0.0,20,3G,-114,0.0,15.0,0.045,40.306602866593224,21.80697344787577,Unintentional
User_75,2025-06-23 11:09:44,0.409,0.5191,Walking,Koila,Reckless_Driving,1way,0.0,40,4G,-89,72.0,-19.0,0.0067391069254978,40.321874242972974,21.79146803986234,Unintentional
User_07,2025-06-23 23:38:52,0.625,0.4284,Walking,Koila,Reckless_Driving,1way,0.0,70,WiFi,-63,42.0,-21.0,0.0083218459923522,40.32109659018083,21.78964406227391,Unintentional
User_12,2025-06-24 00:25:52,0.67,0.7002,Running,Koila,Reckless_Driving,1way,0.0,Harassing_Driver,4G,-100,69.0,15.0,0.028,40.321263662352585,21.7919174766576,Unintentional
User_07,2025-06-24 01:17:54,0.625,0.4294,Driving,Koila,Speeding,2way,1.0,80,5G,-70,89.0,-8.0,0.021,40.322418474945415,21.791373032509895,Unintentional
User_10,2025-06-24 12:10:36,0.315,0.6998,Running,Zep,Reckless_Driving,2way,1.0,40,WiFi,-51,55.0,-18.0,0.0077460612993922,40.278582757317025,21.75439172553227,Unintentional
User_79,2025-06-24 16:39:54,0.389,0.467,Walking,Zep,Driving_Under_Influence,2way,1.0,20,5G,-112,54.0,-8.0,0.021,40.2780278023859,21.754156714683035,Unintentional
User_04,2025-06-24 17:06:56,0.662,0.4017,Driving,Ligeris,Driving_Under_Influence,1way,1.0,40,WiFi,-79,71.0,-4.0,0.033,40.30591791721835,21.80809308760315,Unintentional
User_40,2025-06-24 21:32:16,0.482,0.7167,Walking,Zep,Reckless_Driving,4way,2.0,10,4G,-106,4.0,-4.0,0.029,40.27945853138866,21.753311448595483,Unintentional
User_25,2025-06-24 23:02:52,0.408,0.4858,Running,Koila,Driving_Under_Influence,2way,1.0,Harassing_Driver,4G,-91,63.0,22.0,0.0088589141208393,40.321039882060255,21.790740163375386,Unintentional
User_77,2025-06-25 00:55:27,0.428,0.3675,Walking,Koila,Speeding,2way,1.0,Illegal_Parking,4G,-120,42.0,20.0,0.0027308632826244,40.32227677629568,21.79072867699451,Unintentional
User_96,2025-06-25 06:51:36,0.261,0.6081,Walking,Zep,Speeding,2way,0.0,10,WiFi,-71,4.0,8.0,0.048,40.27957291013013,21.753937151154886,Unintentional
User_01,2025-06-25 07:41:41,0.619,0.6228,Walking,Zep,8,4way,1.0,60,WiFi,-72,82.0,-3.0,0.023,40.278538924618395,21.75396808459188,Unintentional
User_42,2025-06-25 09:23:06,0.738,0.4636,Walking,Ligeris,Reckless_Driving,4way,1.0,10,5G,-81,27.0,6.0,0.022,40.30622361252092,21.80755459983698,Unintentional
User_45,2025-06-25 10:07:35,0.285,0.6243,Driving,Ligeris,Speeding,2way,0.0,70,5G,-100,92.0,-24.0,0.0068680608726769,40.30601482728034,21.80889376106691,Unintentional
User_71,2025-06-25 19:09:36,0.256,0.3543,Driving,Zep,Speeding,1way,2.0,40,4G,-74,64.0,0.0,0.025,40.27977417736851,21.753013079284607,Unintentional
User_64,2025-06-25 19:58:54,0.511,0.7028,Driving,Ligeris,Driving_Under_Influence,2way,0.0,20,4G,-88,99.0,1.0,0.047,40.305353841786335,21.80861986336623,Unintentional
User_74,2025-06-25 22:09:05,0.497,0.7084,Driving,Koila,Driving_Under_Influence,2way,0.0,50,3G,-119,63.0,18.0,0.0054627788612639,40.32332393530527,21.789831839372265,Unintentional
User_67,2025-06-26 01:16:00,0.529,0.5636,Walking,Zep,Reckless_Driving,2way,1.0,70,WiFi,-57,44.0,-8.0,0.047,40.279245996093536,21.753432170804203,Unintentional
User_41,2025-06-26 04:16:15,0.628,0.5151,Walking,Ligeris,Reckless_Driving,1way,0.0,50,WiFi,-80,45.0,-21.0,0.0033648841687587,40.30623554773579,21.806593696792852,Unintentional
User_05,2025-06-26 04:59:26,0.743,0.6487,Driving,Koila,Reckless_Driving,2way,0.0,20,4G,-97,94.0,-19.0,0.001849997394529,40.32219307318312,21.79100555249522,Unintentional
User_36,2025-06-26 05:04:22,0.563,0.7409,Driving,Zep,Speeding,2way,2.0,80,WiFi,-75,32.0,5.0,0.035,40.279365192488555,21.75364284275346,Unintentional
User_51,2025-06-26 05:20:36,0.613,0.733,Running,Koila,Driving_Under_Influence,2way,1.0,110,5G,-92,66.0,-3.0,0.034,40.32059711688864,21.79136649091018,Unintentional
User_91,2025-06-26 07:11:43,0.587,0.6568,Walking,Zep,Reckless_Driving,2way,0.0,50,WiFi,-54,66.0,25.0,0.0040933035392223,40.27979714727533,21.7530015867156,Unintentional
User_64,2025-06-26 07:41:47,0.511,0.7038,Walking,Koila,9,2way,5.0,60,4G,-109,25.0,-21.0,0.0081791983837754,40.321206828023314,21.79162217269211,Unintentional
User_52,2025-06-26 09:12:28,0.544,0.4292,Walking,Koila,Reckless_Driving,1way,0.0,70,4G,-107,83.0,-24.0,0.0077662463816585,40.323575419022355,21.79021356755013,Unintentional
User_87,2025-06-26 17:56:24,0.709,0.7332,Running,Zep,Speeding,2way,0.0,60,5G,-112,28.0,17.0,0.0086796922247706,40.28008124850177,21.753738387304352,Unintentional
User_49,2025-06-26 21:15:19,0.637,0.6943,Walking,Koila,Speeding,2way,1.0,10,WiFi,-75,29.0,-18.0,0.0025304794626772,40.32116298407268,21.79076017368312,Unintentional
User_51,2025-06-26 21:17:01,0.613,0.734,Running,Koila,Reckless_Driving,2way,2.0,20,5G,-118,44.0,14.0,0.025,40.32198949066735,21.791310911934342,Unintentional
User_10,2025-06-26 22:03:54,0.315,0.7028,Driving,Zep,Reckless_Driving,2way,160.0,70,3G,-97,28.0,-5.0,0.048,40.279788590114904,21.753775994472807,Unintentional
User_52,2025-06-26 23:09:59,0.544,0.4302,Running,Ligeris,Reckless_Driving,4way,0.0,30,WiFi,-79,0.0,20.0,0.006063345298135,40.30637136187118,21.807508518460583,Unintentional
User_76,2025-06-26 23:15:43,0.355,0.5521,Driving,Koila,Reckless_Driving,2way,0.0,120,5G,-85,16.0,-21.0,0.0020050788538883,40.322791538449245,21.791476613941732,Unintentional
User_51,2025-06-27 01:10:52,0.613,0.735,Driving,Zep,Driving_Under_Influence,1way,1.0,50,WiFi,-60,91.0,11.0,0.022,40.27955878288339,21.7533810419714,Unintentional
User_23,2025-06-27 02:01:49,0.458,0.504,Running,Ligeris,Driving_Under_Influence,2way,5.0,20,5G,-94,6.0,-19.0,0.006525231449758,40.30545303837435,21.809487272180835,Unintentional
User_78,2025-06-27 02:02:15,0.347,0.5936,Running,Ligeris,Speeding,2way,1.0,50,4G,-70,96.0,-16.0,0.04,40.30703616770907,21.80835034242766,Unintentional
User_25,2025-06-27 03:50:05,0.408,0.4908,Running,Koila,Speeding,1way,1.0,90,5G,-73,100.0,19.0,0.0044683277556879,40.323177595863214,21.793086947238656,Unintentional
User_71,2025-06-27 06:49:09,0.256,0.3583,Driving,Ligeris,Driving_Under_Influence,4way,0.0,Illegal_Parking,WiFi,-60,17.0,15.0,0.029,40.30677358509597,21.807721948875475,Unintentional
User_40,2025-06-27 08:18:25,0.482,0.7217,Walking,Ligeris,Driving_Under_Influence,2way,0.0,40,5G,-85,38.0,1.0,0.027,40.30704375768381,21.808522511456815,Unintentional
User_47,2025-06-27 08:53:58,0.585,0.4622,Driving,Koila,Reckless_Driving,2way,1.0,10,5G,-103,41.0,-24.0,0.0077920323616835,40.32234594930139,21.791011690593397,Unintentional
User_67,2025-06-27 11:22:17,0.529,0.5666,Driving,Zep,Driving_Under_Influence,1way,0.0,10,WiFi,-76,15.0,25.0,0.0037365285307095,40.27971514076248,21.753732734116117,Unintentional
User_92,2025-06-27 14:31:26,0.694,0.5302,Walking,Koila,Driving_Under_Influence,4way,2.0,70,4G,-110,49.0,-14.0,0.023,40.321950775425314,21.79147840559725,Unintentional
User_62,2025-06-27 14:57:47,0.366,0.4642,Running,Ligeris,Driving_Under_Influence,2way,1.0,40,WiFi,-55,67.0,10.0,0.046,40.306019551782754,21.807448344882925,Unintentional
User_31,2025-06-27 15:53:09,0.56,0.7084,Driving,Ligeris,Speeding,4way,1.0,50,WiFi,-72,13.0,-9.0,0.034,40.30679618961791,21.806359408573236,Unintentional
User_70,2025-06-27 19:02:27,0.601,0.4499,Running,Zep,Reckless_Driving,1way,0.0,70,3G,-112,87.0,-21.0,0.0088467246595543,40.278846143178654,21.754511237012064,Unintentional
User_43,2025-06-27 21:18:29,0.416,0.5147,Driving,Zep,Reckless_Driving,2way,1.0,20,WiFi,-83,71.0,-17.0,0.0044830223379542,40.27890150515731,21.754328159230045,Unintentional
User_96,2025-06-27 23:00:23,0.261,0.6131,Running,Zep,Driving_Under_Influence,2way,2.0,20,5G,-100,9.0,19.0,0.0015027765156458,40.279617960410896,21.753765965102964,Unintentional
User_57,2025-06-28 02:25:36,0.372,0.4682,Driving,Koila,Reckless_Driving,1way,1.0,70,4G,-74,86.0,24.0,0.0038803687224458,40.32218649192014,21.791226776199593,Unintentional
User_94,2025-06-28 04:50:28,0.681,0.456,Running,Ligeris,Speeding,2way,0.0,70,WiFi,-88,71.0,15.0,0.049,40.307779369180075,21.8070130298425,Unintentional
User_11,2025-06-28 05:26:56,0.602,0.673,Walking,Zep,Speeding,2way,2.0,20,4G,-86,100.0,-25.0,0.0020693652542658,40.27807174847572,21.7541809208127,Unintentional
User_51,2025-06-28 06:51:01,0.613,0.737,Walking,Koila,Reckless_Driving,4way,3.0,60,3G,-74,7.0,19.0,0.0020692810027682,40.322389915522514,21.793149525773963,Unintentional
User_30,2025-06-28 07:49:16,0.413,0.4464,Driving,Ligeris,Speeding,1way,3.0,60,WiFi,-89,71.0,-7.0,0.033,40.30628483819466,21.807952033986687,Unintentional
User_93,2025-06-28 11:36:05,0.588,0.3772,Driving,Zep,Reckless_Driving,1way,150.0,50,WiFi,-62,85.0,1.0,0.039,40.2806266832769,21.75377981585144,Unintentional
User_07,2025-06-28 13:10:16,0.625,0.4374,Walking,Ligeris,Driving_Under_Influence,4way,0.0,40,3G,-86,86.0,-17.0,0.0098298689588434,40.30613425295282,21.80750711314451,Unintentional
User_79,2025-06-28 13:28:00,0.389,0.475,Running,Koila,Speeding,4way,1.0,30,5G,-117,26.0,-6.0,0.042,40.322505574355944,21.792179192515295,Unintentional
User_18,2025-06-28 13:43:54,0.251,0.7465,Driving,Zep,Driving_Under_Influence,2way,1.0,40,3G,-84,53.0,-6.0,0.021,40.27972436364412,21.752521182883317,Unintentional
User_75,2025-06-28 19:55:36,0.409,0.5291,Walking,Ligeris,Speeding,4way,1.0,30,4G,-82,66.0,6.0,0.042,40.30605945427148,21.806796450529376,Unintentional
User_30,2025-06-29 06:49:00,0.413,0.4484,Walking,Zep,Reckless_Driving,2way,0.0,60,3G,-104,59.0,21.0,0.0068426006107836,40.27801510920434,21.75416483429958,Unintentional
User_37,2025-06-29 11:59:28,0.306,0.6344,Running,Zep,Driving_Under_Influence,2way,1.0,60,3G,-116,58.0,10.0,0.031,40.28067342036435,21.751870955864657,Unintentional
User_28,2025-06-29 12:28:08,0.348,0.6693,Driving,Koila,8,2way,3.0,40,WiFi,-55,85.0,23.0,0.0017022482410704,40.30569613232809,21.80961630364654,Unintentional
User_40,2025-06-29 15:29:58,0.482,0.7257,Running,Koila,8,2way,0.0,60,3G,-94,59.0,-6.0,0.03,40.32198413935163,21.793119906807384,Unintentional
User_18,2025-06-29 15:58:06,0.251,0.7495,Running,Ligeris,Reckless_Driving,2way,3.0,20,3G,-72,95.0,-21.0,0.0082534317561114,40.307700253728605,21.807768324397475,Unintentional
User_37,2025-06-29 18:25:19,0.306,0.6354,Running,Koila,Reckless_Driving,2way,1.0,20,3G,-101,50.0,21.0,0.0057993934968645,40.32203414021327,21.79129502153055,Unintentional
User_63,2025-06-29 21:13:40,0.543,0.4756,Running,Ligeris,Speeding,4way,0.0,20,WiFi,-86,0.0,17.0,0.0062756370700915,40.30652117809604,21.807137975313317,Unintentional
User_96,2025-06-29 21:45:39,0.261,0.6171,Running,Ligeris,Driving_Under_Influence,1way,2.0,20,5G,-111,43.0,18.0,0.0075561723864195,40.30481198910618,21.80703317626268,Unintentional
User_75,2025-06-30 02:53:59,0.409,0.5331,Walking,Zep,Driving_Under_Influence,2way,0.0,80,WiFi,-76,55.0,-10.0,0.047,40.280305723326066,21.75377306407071,Unintentional
User_94,2025-06-30 10:34:07,0.681,0.46,Walking,Ligeris,Speeding,4way,150.0,10,5G,-88,77.0,-6.0,0.023,40.306398721075766,21.806257445880917,Unintentional
User_95,2025-06-30 11:28:41,0.545,0.6349,Walking,Zep,Driving_Under_Influence,1way,160.0,30,4G,-113,18.0,15.0,0.021,40.2792365540972,21.75344512154432,Unintentional
User_29,2025-06-30 13:23:39,0.415,0.5244,Driving,Koila,Driving_Under_Influence,1way,0.0,20,5G,-73,39.0,-20.0,0.0038023046005146,40.32151995567962,21.79150331404769,Unintentional
User_84,2025-06-30 18:47:00,0.527,0.4347,Walking,Zep,Reckless_Driving,1way,0.0,20,4G,-74,93.0,23.0,0.0091836263053867,40.278720879699975,21.753167777409587,Unintentional
User_01,2025-06-30 19:25:06,0.619,0.6338,Driving,Zep,Reckless_Driving,1way,0.0,10,3G,-70,4.0,-4.0,0.021,40.2795631705641,21.753181294047057,Unintentional
User_77,2025-06-30 21:28:34,0.428,0.3785,Driving,Koila,Reckless_Driving,2way,0.0,80,3G,-76,99.0,9.0,0.026,40.32206590094766,21.791254752793307,Unintentional
User_34,2025-06-30 21:31:13,0.431,0.5149,Running,Zep,Reckless_Driving,2way,0.0,60,5G,-106,77.0,-21.0,0.0068470294034322,40.28021464661216,21.75460273595679,Unintentional
User_10,2025-06-30 21:37:17,0.315,0.7108,Running,Koila,Driving_Under_Influence,1way,2.0,50,WiFi,-79,90.0,20.0,0.0029221756300108,40.321925651404925,21.791284578419212,Unintentional
User_14,2025-06-30 22:02:51,0.46,0.5684,Walking,Ligeris,Speeding,2way,4.0,30,5G,-76,31.0,-15.0,0.027,40.306238155898846,21.80750034010434,Unintentional
User_87,2025-06-30 22:16:45,0.709,0.7422,Walking,Zep,Reckless_Driving,4way,1.0,40,WiFi,-66,24.0,17.0,0.0011322660690934,40.27850132228651,21.752763638839507,Unintentional
User_58,2025-07-01 01:19:41,0.465,0.396,Running,Ligeris,Speeding,2way,0.0,90,WiFi,-78,9.0,9.0,0.034,40.30525209841377,21.80571407733593,Unintentional
User_45,2025-07-01 02:04:41,0.285,0.6353,Driving,Koila,Reckless_Driving,1way,0.0,50,4G,-91,22.0,-13.0,0.031,40.32201584382637,21.791222710807094,Unintentional
User_98,2025-07-01 02:29:49,0.46,0.5148,Walking,Ligeris,Driving_Under_Influence,1way,0.0,20,4G,-107,30.0,-24.0,0.004747143152007,40.30533968380686,21.808285668519616,Unintentional
User_85,2025-07-01 03:45:17,0.254,0.4883,Driving,Zep,Reckless_Driving,2way,0.0,60,4G,-81,35.0,24.0,0.0084972886955527,40.28012798019846,21.753710689210948,Unintentional
User_10,2025-07-01 05:16:57,0.315,0.7138,Walking,Koila,Reckless_Driving,1way,1.0,50,4G,-111,53.0,4.0,0.049,40.320849941015275,21.789779454160264,Unintentional
User_34,2025-07-01 08:13:39,0.431,0.5169,Walking,Zep,Reckless_Driving,2way,1.0,20,5G,-112,60.0,-6.0,0.031,40.27991086587829,21.75097765452565,Unintentional
User_11,2025-07-01 08:22:44,0.602,0.68,Walking,Koila,Speeding,4way,0.0,80,3G,-95,6.0,-13.0,0.021,40.32212320324727,21.79103933576689,Unintentional
User_63,2025-07-01 13:09:01,0.543,0.4786,Driving,Ligeris,Speeding,4way,0.0,20,3G,-94,49.0,-23.0,0.0025407130183639,40.30640623900734,21.805692771153023,Unintentional
User_84,2025-07-01 15:10:15,0.527,0.4367,Driving,Ligeris,Driving_Under_Influence,2way,5.0,50,4G,-98,49.0,-19.0,0.0062490949357755,40.306063604797586,21.807206995568624,Unintentional
User_18,2025-07-01 15:34:40,0.251,0.7535,Running,Ligeris,Driving_Under_Influence,1way,140.0,50,WiFi,-71,51.0,17.0,0.0033210544616629,40.30617863914303,21.807359083014376,Unintentional
User_96,2025-07-01 16:46:07,0.261,0.6211,Driving,Ligeris,Driving_Under_Influence,2way,2.0,50,5G,-96,73.0,-6.0,0.04,40.30613346538222,21.80774201468735,Unintentional
User_75,2025-07-01 17:58:07,0.409,0.5361,Running,Ligeris,Reckless_Driving,1way,0.0,30,5G,-108,47.0,-15.0,0.039,40.30656167800686,21.80765753455655,Unintentional
User_06,2025-07-01 18:22:01,0.584,0.7315,Walking,Ligeris,Reckless_Driving,1way,0.0,30,3G,-80,18.0,13.0,0.039,40.30637332951099,21.808276423344985,Unintentional
User_59,2025-07-01 20:11:31,0.265,0.5412,Driving,Koila,Driving_Under_Influence,2way,1.0,30,5G,-80,1.0,-17.0,0.0019161104183028,40.32329658649879,21.791173046190412,Unintentional
User_30,2025-07-02 12:22:47,0.413,0.4544,Driving,Zep,Driving_Under_Influence,4way,1.0,40,4G,-88,75.0,-24.0,0.0073187661447956,40.280617017622184,21.753546030383013,Unintentional
User_95,2025-07-02 12:35:21,0.545,0.6389,Walking,Zep,Driving_Under_Influence,4way,0.0,90,WiFi,-68,56.0,12.0,0.036,40.27933593384602,21.753905763871483,Unintentional
User_77,2025-07-02 14:25:41,0.428,0.3825,Driving,Ligeris,Reckless_Driving,1way,1.0,30,3G,-87,37.0,-18.0,0.007061620550863,40.30599720707629,21.809286226390395,Unintentional
User_99,2025-07-02 14:36:54,0.465,0.5744,Driving,Ligeris,Reckless_Driving,1way,0.0,10,5G,-74,26.0,-3.0,0.022,40.30674870433289,21.807625441757384,Unintentional
User_10,2025-07-02 17:04:18,0.315,0.7158,Running,Zep,Reckless_Driving,1way,0.0,60,WiFi,-52,48.0,-21.0,0.0010203716900247,40.27970007865024,21.752881179667774,Unintentional
User_33,2025-07-02 18:46:51,0.634,0.5782,Driving,Ligeris,Driving_Under_Influence,2way,1.0,40,3G,-107,44.0,-24.0,0.0079020542772848,40.30544582266282,21.806572256288685,Unintentional
User_54,2025-07-02 21:43:04,0.327,0.6399,Walking,Zep,Speeding,2way,1.0,80,3G,-120,11.0,-18.0,0.0088649044474828,40.306230115631266,21.751522507217377,Unintentional
User_13,2025-07-02 23:55:07,0.75,0.6094,Driving,Ligeris,Reckless_Driving,4way,2.0,40,4G,-72,86.0,22.0,0.0083094439857386,40.30623986150223,21.807112998446097,Unintentional
User_18,2025-07-03 02:21:53,0.251,0.5641,Driving,Zep,Speeding,1way,1.0,90,5G,-82,21.0,-19.0,0.0056011985135007,40.28081699073521,21.75311996020909,Unintentional
User_64,2025-07-03 06:30:39,0.511,0.7178,Running,Ligeris,Driving_Under_Influence,2way,0.0,70,3G,-114,11.0,18.0,0.0030079355222583,40.306409163125146,21.80895149131787,Unintentional
User_54,2025-07-03 06:38:46,0.327,0.6419,Running,Koila,Driving_Under_Influence,4way,1.0,40,4G,-72,96.0,18.0,0.008230669779223,40.321564564767115,21.79235036596681,Unintentional
User_42,2025-07-03 06:49:22,0.738,0.4796,Running,Zep,Reckless_Driving,4way,0.0,40,WiFi,-75,6.0,3.0,0.035,40.27952858395064,21.753467233979343,Unintentional
User_88,2025-07-03 09:27:02,0.471,0.4927,Running,Ligeris,Speeding,1way,0.0,30,WiFi,-53,61.0,-20.0,0.0019721047202892,40.30613720914769,21.80937326093954,Unintentional
User_36,2025-07-03 18:55:48,0.563,0.7559,Walking,Koila,Reckless_Driving,2way,0.0,80,WiFi,-67,74.0,-10.0,0.038,40.32148051339357,21.793368727348003,Unintentional
User_92,2025-07-03 20:00:00,0.694,0.5432,Running,Zep,Driving_Under_Influence,1way,0.0,50,3G,-86,44.0,19.0,0.0041583822998427,40.27976078153776,21.753914500177103,Unintentional
User_69,2025-07-03 23:27:31,0.34,0.7271,Walking,Koila,Driving_Under_Influence,2way,1.0,10,4G,-112,21.0,24.0,0.0015927559684959,40.32274950918227,21.791039811280314,Unintentional
User_07,2025-07-04 00:18:12,0.625,0.4494,Walking,Ligeris,Reckless_Driving,2way,0.0,30,3G,-109,65.0,-23.0,0.0058083750231908,40.30756711029578,21.80783571805999,Unintentional
User_66,2025-07-04 01:26:33,0.28,0.5977,Running,Zep,Driving_Under_Influence,1way,0.0,Lane_Discards,5G,-107,2.0,-19.0,0.0052855065225233,40.279343566135545,21.753884395106883,Unintentional
User_51,2025-07-04 03:14:30,0.613,0.75,Running,Ligeris,Reckless_Driving,1way,1.0,20,5G,-104,25.0,22.0,0.0047758807776346,40.30572928561703,21.80755879839482,Unintentional
User_38,2025-07-04 08:19:18,0.306,0.6751,Driving,Zep,Reckless_Driving,1way,1.0,50,4G,-83,54.0,-4.0,0.041,40.2800888754667,21.75300547428445,Unintentional
User_63,2025-07-04 14:10:56,0.543,0.4856,Running,Ligeris,Speeding,2way,0.0,70,WiFi,-66,97.0,-24.0,0.004689927464821,40.30507758443126,21.80596963913723,Unintentional
User_49,2025-07-04 17:17:30,0.637,0.7093,Walking,Ligeris,Reckless_Driving,4way,0.0,40,5G,-114,8.0,-21.0,0.0072581832480298,40.30712645918662,21.806972078466337,Unintentional
User_04,2025-07-04 18:34:20,0.662,0.4217,Driving,Zep,Driving_Under_Influence,1way,160.0,70,5G,-77,57.0,17.0,0.0089147258517556,40.27954182847408,21.75240737549391,Unintentional
User_45,2025-07-05 00:03:52,0.285,0.6433,Walking,Koila,Driving_Under_Influence,2way,0.0,Harassing_Driver,3G,-115,100.0,22.0,0.0070077389645,40.32182720533834,21.79256972629781,Unintentional
User_32,2025-07-05 00:40:14,0.464,0.39,Running,Ligeris,Speeding,1way,0.0,20,WiFi,-99,84.0,-16.0,0.025,40.3067538202902,21.805453656222756,Unintentional
User_76,2025-07-05 02:03:23,0.355,0.5691,Driving,Koila,Reckless_Driving,2way,4.0,Lane_Discards,4G,-112,81.0,11.0,0.024,40.321445518201806,21.79148136080556,Unintentional
User_78,2025-07-05 02:34:11,0.347,0.6096,Running,Ligeris,Reckless_Driving,2way,1.0,Harassing_Driver,WiFi,-50,60.0,1.0,0.039,40.30623707052693,21.806647506514267,Unintentional
User_19,2025-07-05 02:50:04,0.745,0.7515,Driving,Zep,Speeding,1way,0.0,30,3G,-101,4.0,18.0,0.0064196131106494,40.28033313169014,21.75276114373469,Unintentional
User_59,2025-07-05 04:55:29,0.265,0.5482,Driving,Ligeris,Speeding,2way,1.0,30,5G,-104,22.0,-10.0,0.05,40.30650858668045,21.8073685292983,Unintentional
User_74,2025-07-05 08:02:24,0.497,0.7274,Running,Ligeris,Reckless_Driving,2way,0.0,20,3G,-80,24.0,-20.0,0.0032100489739252,40.30670406274782,21.807033282918955,Unintentional
User_11,2025-07-05 11:29:53,0.602,0.688,Running,Koila,Driving_Under_Influence,4way,0.0,30,3G,-93,88.0,0.0,0.038,40.32206711933204,21.79151419152363,Unintentional
User_91,2025-07-05 12:42:59,0.587,0.6748,Walking,Koila,Reckless_Driving,4way,1.0,20,4G,-109,17.0,22.0,0.0068970078110342,40.3216519690577,21.791758896557347,Unintentional
User_32,2025-07-05 20:53:23,0.464,0.391,Walking,Zep,Driving_Under_Influence,2way,0.0,60,4G,-115,85.0,-1.0,0.049,40.27915386728776,21.751357946440592,Unintentional
User_79,2025-07-05 20:58:45,0.389,0.489,Driving,Ligeris,Driving_Under_Influence,1way,0.0,60,WiFi,-56,50.0,-14.0,0.035,40.306178616225665,21.80759211299574,Unintentional
User_71,2025-07-05 21:30:11,0.256,0.3743,Running,Zep,Driving_Under_Influence,4way,3.0,50,5G,-118,49.0,7.0,0.022,40.279295833749686,21.754559491053143,Unintentional
User_23,2025-07-06 04:06:48,0.458,0.521,Running,Zep,Speeding,1way,1.0,70,3G,-89,94.0,-6.0,0.041,40.279380141452094,21.752193567430464,Unintentional
User_83,2025-07-06 09:50:56,0.309,0.7325,Walking,Zep,Speeding,4way,3.0,40,4G,-102,13.0,1.0,0.022,40.27982559390876,21.754567830951363,Unintentional
User_85,2025-07-06 15:53:25,0.254,0.4993,Driving,Koila,Driving_Under_Influence,4way,3.0,40,3G,-72,50.0,-5.0,0.037,40.306230115631266,21.790768942504904,Unintentional
User_88,2025-07-06 17:17:26,0.471,0.4997,Driving,Ligeris,Driving_Under_Influence,2way,0.0,60,4G,-86,45.0,22.0,0.0053112349902996,40.306269545177976,21.80632628342915,Unintentional
User_09,2025-07-06 17:33:08,0.307,0.7578,Walking,Koila,Speeding,4way,0.0,20,3G,-86,81.0,-21.0,0.0016403297431271,40.32173150000482,21.790790157887137,Unintentional
User_41,2025-07-06 17:33:58,0.628,0.5341,Walking,Ligeris,Speeding,2way,3.0,70,4G,-73,16.0,-23.0,0.0072611434187097,40.304625587949026,21.80709270043729,Unintentional
User_48,2025-07-06 21:44:26,0.599,0.6414,Running,Zep,Speeding,1way,0.0,80,3G,-109,68.0,-10.0,0.046,40.28030578124234,21.752141687001817,Unintentional
User_47,2025-07-06 22:30:18,0.585,0.4802,Running,Koila,Reckless_Driving,4way,0.0,40,WiFi,-57,49.0,-9.0,0.043,40.322533132468465,21.79331137150468,Unintentional
User_75,2025-07-07 01:15:50,0.409,0.5471,Driving,Zep,Speeding,1way,1.0,20,WiFi,-52,49.0,24.0,0.0052129269374864,40.28022796396671,21.753684565698805,Unintentional
User_18,2025-07-07 01:24:28,0.251,0.7645,Walking,Zep,Speeding,4way,0.0,80,WiFi,-61,86.0,-1.0,0.039,40.28020606256383,21.75466856988118,Unintentional
User_58,2025-07-07 03:03:01,0.465,0.408,Running,Koila,Reckless_Driving,1way,2.0,80,5G,-117,93.0,0.0,0.042,40.32292554233591,21.79143959618596,Unintentional
User_42,2025-07-07 06:26:57,0.738,0.4876,Walking,Ligeris,Reckless_Driving,1way,1.0,Lane_Discards,WiFi,-71,36.0,25.0,0.0055116340196637,40.30548460037165,21.8071224213441,Unintentional
User_01,2025-07-07 06:32:06,0.619,0.6468,Walking,Zep,Reckless_Driving,2way,0.0,90,5G,-99,12.0,-24.0,0.0029262608452587,40.27941523981746,21.751307415665327,Unintentional
User_89,2025-07-07 08:54:46,0.336,0.3871,Driving,Ligeris,Driving_Under_Influence,2way,0.0,10,4G,-80,85.0,1.0,0.049,40.30659721444973,21.80774242925691,Unintentional
User_96,2025-07-07 12:36:40,0.261,0.6321,Driving,Ligeris,Driving_Under_Influence,4way,3.0,10,4G,-87,4.0,20.0,0.0048177956740811,40.3066030539318,21.80665905531665,Unintentional
User_95,2025-07-07 14:29:22,0.545,0.6479,Driving,Ligeris,7,4way,0.0,70,WiFi,-57,89.0,-7.0,0.031,40.30609442733579,21.808517177902957,Unintentional
User_49,2025-07-07 17:56:19,0.637,0.7153,Walking,Koila,Speeding,1way,0.0,40,WiFi,-69,75.0,12.0,0.025,40.32110669815803,21.79135148371233,Unintentional
User_89,2025-07-08 02:11:14,0.336,0.3891,Driving,Zep,Speeding,1way,2.0,30,4G,-80,59.0,-22.0,0.0089958145508751,40.27956899059125,21.753215382028355,Unintentional
User_80,2025-07-08 04:05:17,0.704,0.5367,Walking,Ligeris,Speeding,1way,1.0,60,WiFi,-82,72.0,-9.0,0.033,40.306535073530846,21.80672210293902,Unintentional
User_36,2025-07-08 11:54:15,0.563,0.7649,Running,Ligeris,Speeding,4way,1.0,50,WiFi,-84,71.0,-19.0,0.0092873333851672,40.30604763037753,21.80803594578401,Unintentional
User_82,2025-07-08 13:44:17,0.324,0.5899,Running,Zep,Reckless_Driving,1way,0.0,60,3G,-103,61.0,-19.0,0.0062288234466604,40.279313345050305,21.75318261605019,Unintentional
User_96,2025-07-08 17:23:06,0.261,0.6351,Driving,Zep,Speeding,2way,1.0,60,5G,-96,93.0,7.0,0.04,40.279594382403765,21.753357155346382,Unintentional
User_28,2025-07-08 20:18:03,0.348,0.6873,Driving,Koila,6,4way,2.0,50,WiFi,-75,50.0,24.0,0.004566531617205,40.32301419564793,21.792250784730665,Unintentional
User_77,2025-07-08 21:50:54,0.428,0.3945,Running,Zep,Speeding,2way,2.0,30,3G,-70,50.0,15.0,0.024,40.28019661570795,21.751690003700062,Unintentional
User_49,2025-07-08 21:58:43,0.637,0.7183,Running,Ligeris,7,4way,1.0,50,5G,-79,16.0,-10.0,0.021,40.30712682184409,21.80777263752966,Unintentional
User_69,2025-07-08 23:30:24,0.34,0.7371,Walking,Ligeris,Speeding,1way,0.0,30,3G,-104,89.0,21.0,0.0048935777750517,40.306943591790095,21.807804054690887,Unintentional
User_20,2025-07-09 00:28:26,0.334,0.7001,Walking,Ligeris,Driving_Under_Influence,4way,0.0,20,4G,-80,58.0,-10.0,0.024,40.306384960248096,21.80907398649993,Unintentional
User_51,2025-07-09 02:50:33,0.613,0.759,Walking,Koila,9,4way,0.0,90,5G,-118,63.0,23.0,0.0082881636953571,40.3212914846065,21.79183533834847,Unintentional
User_73,2025-07-09 09:24:44,0.325,0.5687,Walking,Ligeris,Driving_Under_Influence,4way,4.0,20,WiFi,-66,5.0,-20.0,0.0034359311972682,40.30478221067871,21.80727598519383,Unintentional
User_44,2025-07-09 13:17:06,0.332,0.4616,Walking,Koila,Driving_Under_Influence,2way,0.0,50,5G,-97,49.0,-13.0,0.021,40.32386287475628,21.79118571872545,Unintentional
User_27,2025-07-09 16:21:05,0.535,0.6311,Walking,Ligeris,Speeding,1way,1.0,50,3G,-98,8.0,-10.0,0.022,40.30567734376902,21.807887768823143,Unintentional
User_76,2025-07-09 16:56:08,0.355,0.5781,Driving,Zep,Reckless_Driving,2way,1.0,70,WiFi,-65,100.0,19.0,0.0027838787511369,40.28003519187352,21.753985660456262,Unintentional
User_36,2025-07-09 18:20:10,0.563,0.7669,Walking,Koila,Driving_Under_Influence,1way,5.0,80,WiFi,-63,18.0,-25.0,0.0037675565683747,40.322755385298045,21.791277402361636,Unintentional
User_57,2025-07-09 19:12:06,0.46,0.4912,Running,Ligeris,Reckless_Driving,4way,0.0,20,5G,-83,1.0,-7.0,0.022,40.30465621762952,21.80773481125135,Unintentional
User_41,2025-07-09 20:51:09,0.628,0.5401,Driving,Koila,Speeding,4way,0.0,80,5G,-81,38.0,-21.0,0.0092246649790244,40.322540354773984,21.791125736768215,Unintentional
User_89,2025-07-10 04:46:44,0.336,0.3941,Running,Zep,Speeding,2way,0.0,20,5G,-96,5.0,-20.0,0.0019737471996576,40.27820922466952,21.754239804111347,Unintentional
User_28,2025-07-10 10:15:24,0.348,0.6913,Walking,Ligeris,Reckless_Driving,2way,0.0,20,3G,-87,4.0,-4.0,0.039,40.30557662378961,21.80933725674847,Unintentional
User_70,2025-07-10 10:21:32,0.601,0.4759,Driving,Koila,Reckless_Driving,1way,0.0,90,4G,-94,65.0,23.0,0.0030072249586251,40.32096514599031,21.793018071624783,Unintentional
User_25,2025-07-10 15:05:42,0.408,0.5168,Driving,Zep,Speeding,2way,0.0,50,3G,-98,18.0,6.0,0.027,40.278241646532265,21.752721282540698,Unintentional
User_16,2025-07-10 15:28:52,0.513,0.5867,Driving,Koila,Speeding,2way,3.0,30,3G,-81,73.0,-13.0,0.041,40.322020504688936,21.790351844806523,Unintentional
User_94,2025-07-10 16:15:47,0.681,0.481,Walking,Koila,Reckless_Driving,2way,0.0,70,3G,-84,95.0,24.0,0.0048883087574446,40.32149021993816,21.791882311570436,Unintentional
User_90,2025-07-10 23:00:22,0.525,0.4418,Walking,Zep,Reckless_Driving,2way,1.0,30,WiFi,-70,93.0,-25.0,0.0040700596739636,40.28032007627763,21.75418012047554,Unintentional
User_60,2025-07-10 23:04:11,0.353,0.7468,Walking,Ligeris,Speeding,2way,2.0,50,WiFi,-60,14.0,-24.0,0.0056234864824083,40.306230115631266,21.80732966698223,Unintentional
User_56,2025-07-11 05:18:34,0.374,0.3947,Walking,Zep,Reckless_Driving,4way,0.0,60,WiFi,-66,15.0,0.0,0.038,40.27954162673587,21.75329160587124,Unintentional
User_63,2025-07-11 06:30:23,0.543,0.4996,Driving,Zep,Driving_Under_Influence,1way,0.0,60,WiFi,-85,85.0,7.0,0.026,40.280848884988515,21.753146142597565,Unintentional
User_48,2025-07-11 06:42:19,0.599,0.6504,Running,Koila,Speeding,1way,1.0,70,WiFi,-81,54.0,-18.0,0.0014056769790992,40.32192848771864,21.79143009716795,Unintentional
User_87,2025-07-11 10:11:50,0.709,0.7632,Running,Zep,Reckless_Driving,1way,0.0,30,4G,-73,94.0,18.0,0.0021309919769675,40.279626679083464,21.753184126189613,Unintentional
User_45,2025-07-11 13:12:50,0.285,0.6553,Driving,Zep,Speeding,2way,0.0,70,4G,-90,71.0,13.0,0.049,40.27930492688806,21.752162086867713,Unintentional
User_75,2025-07-11 15:15:34,0.409,0.5561,Walking,Ligeris,9,2way,0.0,80,WiFi,-89,33.0,11.0,0.044,40.30493734192452,21.806632304640384,Unintentional
User_43,2025-07-11 15:30:17,0.416,0.5427,Walking,Ligeris,Speeding,2way,4.0,40,4G,-93,32.0,-22.0,0.0035126790461623,40.30637682871134,21.80777268939165,Unintentional
User_29,2025-07-11 19:46:53,0.415,0.5474,Walking,Ligeris,Reckless_Driving,2way,1.0,30,4G,-113,80.0,-5.0,0.031,40.30491440632506,21.80794003859002,Unintentional
User_19,2025-07-11 20:29:28,0.745,0.7635,Driving,Ligeris,Driving_Under_Influence,2way,0.0,Illegal_Parking,4G,-96,57.0,-21.0,0.004405036463039,40.30586375467806,21.809257865842067,Unintentional
User_06,2025-07-11 20:40:09,0.584,0.7505,Walking,Koila,Reckless_Driving,4way,0.0,10,WiFi,-59,11.0,-4.0,0.025,40.323550411525574,21.789926063115647,Unintentional
User_99,2025-07-11 21:20:22,0.465,0.5934,Running,Zep,Driving_Under_Influence,1way,1.0,50,5G,-78,60.0,8.0,0.04,40.27904608725395,21.75348566300929,Unintentional
User_97,2025-07-11 21:38:57,0.337,0.6633,Driving,Zep,Reckless_Driving,1way,4.0,20,3G,-106,74.0,18.0,0.0074521904503732,40.27898311105672,21.75401765563312,Unintentional
User_81,2025-07-11 23:45:19,0.376,0.6665,Walking,Zep,Speeding,1way,0.0,30,WiFi,-64,32.0,25.0,0.002263682060446,40.279974864577525,21.753488185448212,Unintentional
User_19,2025-07-12 06:47:31,0.745,0.7665,Running,Zep,Driving_Under_Influence,1way,140.0,50,WiFi,-89,11.0,17.0,0.0040052106022714,40.27938503784499,21.753888288780065,Unintentional
User_98,2025-07-12 11:11:07,0.46,0.5368,Walking,Koila,Speeding,1way,0.0,80,4G,-94,5.0,5.0,0.031,40.32229436074819,21.79165670761093,Unintentional
User_91,2025-07-12 11:16:24,0.587,0.6888,Running,Zep,Driving_Under_Influence,2way,0.0,10,4G,-117,84.0,-20.0,0.002950077796422,40.28042272850947,21.75354714477842,Unintentional
User_86,2025-07-12 12:33:23,0.469,0.3871,Driving,Koila,Speeding,1way,0.0,60,3G,-91,13.0,-9.0,0.035,40.32164727874781,21.791663265558583,Unintentional
User_73,2025-07-12 13:04:55,0.325,0.5757,Driving,Zep,Speeding,4way,0.0,20,4G,-110,79.0,-14.0,0.03,40.280811945574584,21.753333742390673,Unintentional
User_22,2025-07-12 13:55:50,0.413,0.4309,Driving,Koila,Speeding,1way,1.0,40,4G,-111,86.0,19.0,0.0097809219309477,40.321630024098894,21.789487421935583,Unintentional
User_58,2025-07-12 20:08:08,0.465,0.418,Running,Zep,Driving_Under_Influence,2way,1.0,30,4G,-86,0.0,-23.0,0.0096369034703012,40.279508572839035,21.75362040459637,Unintentional
User_83,2025-07-12 20:25:24,0.309,0.7445,Running,Koila,Speeding,1way,1.0,30,WiFi,-90,35.0,2.0,0.023,40.321219077100935,21.791393291486113,Unintentional
User_53,2025-07-13 05:08:54,0.313,0.4856,Running,Koila,Driving_Under_Influence,2way,0.0,30,WiFi,-53,53.0,-19.0,0.0086094747001345,40.32204878879076,21.79140874191574,Unintentional
User_74,2025-07-13 08:42:23,0.497,0.7444,Walking,Koila,Reckless_Driving,2way,2.0,30,5G,-77,21.0,22.0,0.0055559910892733,40.322249727667135,21.791074370825996,Unintentional
User_56,2025-07-13 10:23:23,0.374,0.3987,Driving,Ligeris,Speeding,2way,150.0,50,WiFi,-79,28.0,19.0,0.005653142335994,40.3063399320905,21.807503074542577,Unintentional
User_16,2025-07-13 10:40:23,0.513,0.5937,Running,Ligeris,Speeding,4way,0.0,80,WiFi,-84,46.0,18.0,0.009208425080275,40.30753170554574,21.807793782830917,Unintentional
User_41,2025-07-13 10:56:57,0.628,0.5481,Driving,Koila,Driving_Under_Influence,2way,2.0,10,5G,-79,49.0,4.0,0.047,40.32319927702122,21.79181356344584,Unintentional
User_44,2025-07-13 11:21:42,0.332,0.4696,Driving,Koila,Reckless_Driving,2way,3.0,40,4G,-115,0.0,23.0,0.0018372739354995,40.322088877242344,21.789440761689946,Unintentional
User_67,2025-07-13 18:00:34,0.529,0.5976,Walking,Zep,Driving_Under_Influence,2way,1.0,50,WiFi,-88,41.0,2.0,0.027,40.279324821281705,21.753491938216065,Unintentional
User_02,2025-07-13 21:29:21,0.529,0.6876,Driving,Zep,Speeding,2way,2.0,10,WiFi,-76,70.0,-23.0,0.0062640668570927,40.27935727204088,21.753401920345016,Unintentional
User_42,2025-07-13 22:53:18,0.738,0.5006,Walking,Ligeris,Driving_Under_Influence,1way,0.0,70,4G,-115,45.0,-13.0,0.036,40.30582553470917,21.80661867726392,Unintentional
User_67,2025-07-13 23:45:59,0.529,0.5986,Driving,Ligeris,Speeding,1way,0.0,30,5G,-120,79.0,16.0,0.047,40.30649594218768,21.808278521313493,Unintentional
User_25,2025-07-14 00:56:42,0.46,0.5248,Running,Zep,Speeding,4way,1.0,20,3G,-94,51.0,-2.0,0.029,40.27964277947416,21.754570588466915,Unintentional
User_21,2025-07-14 08:22:29,0.303,0.4012,Walking,Koila,Reckless_Driving,1way,1.0,80,3G,-94,24.0,19.0,0.0058508736178801,40.32351274429868,21.7911644318593,Unintentional
User_80,2025-07-14 09:03:21,0.704,0.5487,Walking,Ligeris,Driving_Under_Influence,1way,0.0,50,5G,-116,55.0,-2.0,0.024,40.306343631744994,21.806359882225827,Unintentional
User_69,2025-07-14 09:26:25,0.34,0.7481,Running,Ligeris,Speeding,1way,1.0,40,4G,-90,95.0,6.0,0.044,40.305550874901606,21.807862845816796,Unintentional
User_34,2025-07-14 11:08:14,0.431,0.5429,Walking,Ligeris,Reckless_Driving,4way,2.0,40,WiFi,-67,75.0,-21.0,0.0066430450473666,40.30636522357927,21.806933023901436,Unintentional
User_77,2025-07-14 12:21:03,0.428,0.4065,Running,Koila,Driving_Under_Influence,2way,0.0,20,5G,-117,48.0,-1.0,0.032,40.28022535454446,21.752546044963495,Unintentional
User_39,2025-07-14 14:08:51,0.598,0.5377,Running,Koila,Driving_Under_Influence,2way,0.0,60,WiFi,-50,99.0,-12.0,0.028,40.322686631384386,21.79052750188917,Unintentional
User_19,2025-07-15 03:21:39,0.745,0.7715,Running,Ligeris,Driving_Under_Influence,1way,0.0,60,3G,-100,46.0,-17.0,0.0016804334336703,40.30477006832342,21.807912998930497,Unintentional
User_30,2025-07-15 04:40:43,0.413,0.4804,Walking,Ligeris,Reckless_Driving,4way,0.0,60,WiFi,-52,27.0,2.0,0.03,40.304719242575885,21.807196529984605,Unintentional
User_20,2025-07-15 05:07:22,0.334,0.7121,Walking,Zep,Reckless_Driving,2way,1.0,40,4G,-70,34.0,-11.0,0.03,40.278213368181106,21.791256784153244,Unintentional
User_67,2025-07-15 05:38:05,0.529,0.6016,Running,Koila,Speeding,1way,1.0,20,3G,-91,9.0,-14.0,0.038,40.32276640608861,21.791132853777427,Unintentional
User_59,2025-07-15 06:28:02,0.265,0.5692,Driving,Zep,Speeding,2way,1.0,20,5G,-82,59.0,3.0,0.035,40.279921195504166,21.754576739864905,Unintentional
User_13,2025-07-15 08:52:33,0.75,0.6354,Driving,Zep,Reckless_Driving,1way,0.0,40,5G,-76,12.0,-20.0,0.0065030271737565,40.27956948509067,21.753225595335163,Unintentional
User_74,2025-07-15 08:58:04,0.497,0.7484,Running,Zep,Speeding,2way,0.0,120,4G,-92,76.0,16.0,0.047,40.28069789699234,21.75235220981296,Unintentional
User_35,2025-07-15 09:07:07,0.274,0.4702,Walking,Koila,Driving_Under_Influence,2way,0.0,60,WiFi,-50,81.0,19.0,0.0039645888549556,40.322496196687375,21.793456767108704,Unintentional
User_01,2025-07-15 09:21:15,0.619,0.6638,Walking,Ligeris,Speeding,2way,0.0,30,4G,-104,57.0,19.0,0.0066244980391465,40.306230115631266,21.80746644528875,Unintentional
User_100,2025-07-15 10:45:35,0.37,0.645,Walking,Koila,Speeding,2way,3.0,130,5G,-75,64.0,-14.0,0.048,40.322959856413675,21.791242053916672,Unintentional
User_30,2025-07-15 12:22:21,0.413,0.4814,Driving,Ligeris,9,4way,1.0,30,3G,-114,7.0,19.0,0.0020511195898218,40.30603140317763,21.80703260416642,Unintentional
User_86,2025-07-15 12:24:12,0.469,0.3921,Running,Ligeris,Reckless_Driving,4way,0.0,30,3G,-112,74.0,2.0,0.037,40.306448659550554,21.807560953749423,Unintentional
User_05,2025-07-15 14:05:24,0.743,0.6877,Running,Koila,Driving_Under_Influence,4way,0.0,30,WiFi,-77,1.0,-7.0,0.038,40.321721297334555,21.79336210463408,Unintentional
User_47,2025-07-15 17:07:17,0.585,0.4992,Driving,Zep,Speeding,2way,1.0,40,WiFi,-55,8.0,-7.0,0.044,40.27936197007547,21.753478986437628,Unintentional
User_64,2025-07-15 21:42:49,0.511,0.7428,Running,Ligeris,Reckless_Driving,1way,0.0,50,WiFi,-57,19.0,19.0,0.0085993841122555,40.30749293214213,21.805863676730617,Unintentional
User_09,2025-07-16 01:16:46,0.307,0.7778,Walking,Koila,Driving_Under_Influence,1way,3.0,10,5G,-114,18.0,-21.0,0.0090589149681361,40.32225229156368,21.78994353166569,Unintentional
User_09,2025-07-16 02:35:17,0.307,0.7788,Driving,Koila,Speeding,2way,0.0,50,4G,-111,28.0,25.0,0.0013876208551226,40.321886508516286,21.791918547551266,Unintentional
User_02,2025-07-16 06:44:07,0.529,0.6936,Driving,Zep,Speeding,4way,1.0,70,5G,-107,10.0,0.0,0.037,40.280723591120534,21.754164129553256,Unintentional
User_82,2025-07-16 07:02:08,0.324,0.6049,Running,Koila,Reckless_Driving,4way,0.0,80,3G,-118,47.0,-8.0,0.029,40.321851198602424,21.790316627190236,Unintentional
User_22,2025-07-16 14:14:30,0.413,0.4399,Running,Koila,Speeding,2way,0.0,30,3G,-80,36.0,24.0,0.0061260665590278,40.32247373561865,21.792070911584133,Unintentional
User_14,2025-07-16 17:48:15,0.393,0.6004,Running,Koila,Reckless_Driving,2way,1.0,40,5G,-82,90.0,-2.0,0.033,40.32289951833443,21.792883436083336,Unintentional
User_28,2025-07-16 20:03:45,0.348,0.7033,Driving,Zep,Speeding,2way,1.0,50,3G,-89,60.0,-25.0,0.0025774896368849,40.27989055374574,21.755317523035128,Unintentional
User_06,2025-07-16 23:48:47,0.46,0.7615,Walking,Ligeris,Reckless_Driving,4way,0.0,30,3G,-71,91.0,-25.0,0.0024942819202817,40.306226031171654,21.80981726740919,Unintentional
User_08,2025-07-17 00:41:55,0.347,0.7528,Running,Zep,Speeding,2way,0.0,40,5G,-87,80.0,-1.0,0.028,40.27849086267305,21.75327409449899,Unintentional
User_41,2025-07-17 03:27:24,0.628,0.5561,Driving,Ligeris,8,2way,1.0,60,WiFi,-83,28.0,18.0,0.0046729751756788,40.3065278391546,21.80691869974659,Unintentional
User_41,2025-07-17 06:57:11,0.628,0.5571,Driving,Ligeris,Reckless_Driving,4way,0.0,60,5G,-90,73.0,8.0,0.036,40.30652104002854,21.807017085333804,Unintentional
User_07,2025-07-17 07:51:49,0.625,0.4754,Walking,Ligeris,Speeding,1way,1.0,Harassing_Driver,WiFi,-59,91.0,3.0,0.024,40.30617980571761,21.80792133491325,Unintentional
User_14,2025-07-17 07:56:10,0.393,0.5641,Running,Zep,Driving_Under_Influence,2way,0.0,40,3G,-70,26.0,1.0,0.024,40.28046794346928,21.754908280974185,Unintentional
User_40,2025-07-17 09:56:15,0.482,0.7617,Walking,Ligeris,Reckless_Driving,2way,0.0,50,3G,-78,91.0,-17.0,0.0010544617518323,40.306205636473855,21.80752303358807,Unintentional
User_87,2025-07-17 12:02:34,0.709,0.7762,Walking,Zep,Reckless_Driving,2way,2.0,60,3G,-76,79.0,25.0,0.0048862251070448,40.27975578348732,21.75467016881523,Unintentional
User_55,2025-07-17 13:26:22,0.447,0.7314,Walking,Zep,Reckless_Driving,4way,0.0,80,5G,-88,29.0,-16.0,0.04,40.27978171280232,21.753291419996653,Unintentional
User_73,2025-07-17 14:33:47,0.325,0.5857,Driving,Koila,Driving_Under_Influence,1way,1.0,10,3G,-95,21.0,-20.0,0.0085532149141391,40.32090795368139,21.791562361937,Unintentional
User_37,2025-07-17 16:38:32,0.306,0.6714,Running,Koila,Reckless_Driving,1way,0.0,70,4G,-112,70.0,23.0,0.0041610859601205,40.32190761345107,21.79116693406382,Unintentional
User_19,2025-07-17 18:16:40,0.745,0.7765,Running,Zep,Reckless_Driving,1way,1.0,10,4G,-108,45.0,19.0,0.0071034060971977,40.279660996782674,21.753028118122057,Unintentional
User_52,2025-07-17 20:10:18,0.46,0.4722,Driving,Zep,Speeding,2way,1.0,70,WiFi,-79,41.0,-1.0,0.022,40.278271673208266,21.754501600828466,Unintentional
User_61,2025-07-17 20:33:28,0.546,0.4757,Running,Zep,Driving_Under_Influence,1way,0.0,30,3G,-108,51.0,23.0,0.0083216170912578,40.279538150595535,21.753313037755483,Unintentional
User_27,2025-07-17 22:24:32,0.535,0.6461,Walking,Ligeris,Speeding,2way,0.0,20,5G,-81,11.0,-4.0,0.033,40.30568319158094,21.809328117065576,Unintentional
User_93,2025-07-17 22:33:22,0.588,0.4162,Walking,Ligeris,Driving_Under_Influence,1way,4.0,30,5G,-118,85.0,-18.0,0.0021000960237872,40.30778196112025,21.80798542079281,Unintentional
User_65,2025-07-17 23:58:01,0.448,0.4711,Driving,Koila,Reckless_Driving,1way,1.0,80,WiFi,-94,60.0,-11.0,0.034,40.305265644664544,21.80734987592134,Unintentional
User_26,2025-07-18 00:10:03,0.408,0.6445,Walking,Ligeris,Reckless_Driving,4way,0.0,50,WiFi,-84,30.0,18.0,0.0047819452490012,40.30708909982685,21.807819722711756,Unintentional
User_80,2025-07-18 00:57:33,0.704,0.5567,Walking,Koila,Speeding,4way,0.0,70,3G,-87,14.0,21.0,0.0056019199887206,40.322790734745865,21.789833005077888,Unintentional
User_93,2025-07-18 05:11:35,0.588,0.4172,Walking,Zep,Speeding,2way,1.0,10,WiFi,-60,10.0,20.0,0.0057800439886504,40.279448620189115,21.754353755318437,Unintentional
User_55,2025-07-18 06:18:40,0.447,0.7324,Running,Ligeris,Driving_Under_Influence,2way,1.0,70,WiFi,-61,8.0,4.0,0.024,40.30640542286853,21.806405416877173,Unintentional
User_41,2025-07-18 06:20:30,0.628,0.5581,Walking,Zep,Speeding,2way,1.0,60,WiFi,-80,83.0,16.0,0.034,40.28023203700557,21.75494544128501,Unintentional
User_47,2025-07-18 07:31:23,0.585,0.5042,Driving,Zep,Driving_Under_Influence,4way,0.0,60,5G,-78,70.0,-14.0,0.046,40.279423149954745,21.752428858316964,Unintentional
User_80,2025-07-18 07:40:36,0.704,0.5577,Driving,Zep,Driving_Under_Influence,2way,150.0,40,5G,-113,28.0,24.0,0.0026544482231438,40.27955241078003,21.753262666437053,Unintentional
User_88,2025-07-18 07:56:26,0.471,0.5237,Walking,Koila,Speeding,1way,1.0,80,5G,-92,22.0,-9.0,0.029,40.3216806552789,21.790417189827828,Unintentional
User_18,2025-07-18 08:14:10,0.251,0.7865,Running,Koila,Reckless_Driving,1way,1.0,30,5G,-83,66.0,4.0,0.046,40.323049917313185,21.790582167511655,Unintentional
User_65,2025-07-18 09:36:18,0.448,0.4721,Running,Koila,Reckless_Driving,4way,0.0,20,5G,-75,83.0,7.0,0.045,40.32063962389849,21.79248590332281,Unintentional
User_23,2025-07-18 11:59:29,0.458,0.545,Walking,Zep,Speeding,2way,0.0,Harassing_Driver,WiFi,-79,1.0,-24.0,0.008850529146691,40.281348362289464,21.753256044741104,Unintentional
User_89,2025-07-18 14:03:02,0.336,0.4101,Running,Koila,Driving_Under_Influence,2way,0.0,90,3G,-103,43.0,-21.0,0.0010358641471613,40.32229938787124,21.791074421767043,Unintentional
User_50,2025-07-18 14:20:45,0.398,0.6296,Driving,Zep,Reckless_Driving,2way,1.0,40,WiFi,-50,85.0,-1.0,0.026,40.28082534783717,21.753585044140767,Unintentional
User_64,2025-07-18 14:39:41,0.511,0.7488,Walking,Koila,Speeding,2way,0.0,60,4G,-105,44.0,-20.0,0.0010112866459489,40.322697522189486,21.79168418874282,Unintentional
User_53,2025-07-18 16:54:49,0.313,0.4966,Running,Koila,Reckless_Driving,4way,5.0,50,4G,-88,12.0,-16.0,0.047,40.32121892793662,21.79057000360708,Unintentional
User_75,2025-07-18 18:25:23,0.409,0.5701,Walking,Koila,Reckless_Driving,2way,1.0,50,5G,-98,95.0,1.0,0.043,40.322016264771186,21.791329134095125,Unintentional
User_06,2025-07-19 01:44:50,0.584,0.7665,Running,Koila,Driving_Under_Influence,2way,0.0,30,5G,-82,89.0,11.0,0.028,40.32243642582603,21.793141819597075,Unintentional
User_05,2025-07-19 02:51:19,0.743,0.6947,Running,Ligeris,Speeding,4way,0.0,60,3G,-105,19.0,3.0,0.025,40.30725080699951,21.8064181272483,Unintentional
User_57,2025-07-19 09:01:12,0.372,0.5102,Walking,Zep,Speeding,2way,0.0,60,WiFi,-62,12.0,-23.0,0.0075861297902941,40.278738208238494,21.754008921105225,Unintentional
User_99,2025-07-19 12:47:56,0.465,0.6094,Driving,Koila,Speeding,1way,1.0,90,5G,-90,16.0,-4.0,0.029,40.321812782356496,21.7891553944316,Unintentional
User_58,2025-07-19 16:15:25,0.465,0.433,Driving,Ligeris,Speeding,4way,0.0,10,4G,-112,80.0,-21.0,0.0098023466217224,40.30744353327642,21.8082057167554,Unintentional
User_18,2025-07-19 19:43:55,0.251,0.7895,Running,Zep,Reckless_Driving,4way,0.0,40,5G,-76,95.0,-25.0,0.0053814194692319,40.27966054315803,21.753651610440144,Unintentional
User_71,2025-07-19 19:52:27,0.256,0.4013,Walking,Ligeris,Reckless_Driving,2way,1.0,50,WiFi,-52,12.0,-9.0,0.047,40.305169263362195,21.806836583845897,Unintentional
User_61,2025-07-19 21:48:59,0.546,0.4797,Running,Koila,Driving_Under_Influence,1way,1.0,30,5G,-78,42.0,-16.0,0.044,40.280634035882656,21.754546613249836,Unintentional
User_81,2025-07-19 22:17:17,0.376,0.6825,Driving,Zep,Speeding,1way,0.0,60,3G,-118,31.0,-9.0,0.046,40.27895914999834,21.753329009296095,Unintentional
User_05,2025-07-20 00:00:00,0.743,0.6967,Running,Zep,Speeding,4way,0.0,80,WiFi,-76,27.0,3.0,0.042,40.28059904567643,21.753911748722413,Unintentional
User_32,2025-07-20 00:12:01,0.464,0.42,Walking,Koila,Speeding,2way,1.0,40,WiFi,-60,87.0,3.0,0.033,40.32141542887849,21.791667936920177,Unintentional
User_19,2025-07-20 03:15:27,0.745,0.7815,Driving,Ligeris,Speeding,2way,1.0,Harassing_Driver,WiFi,-88,91.0,-12.0,0.034,40.30624686931262,21.807529957999805,Unintentional
User_72,2025-07-20 06:23:14,0.567,0.4415,Walking,Ligeris,Reckless_Driving,2way,2.0,80,3G,-81,3.0,0.0,0.026,40.306942863785814,21.809021300927405,Unintentional
User_96,2025-07-20 09:16:11,0.261,0.6581,Driving,Zep,Speeding,2way,0.0,20,WiFi,-64,82.0,25.0,0.0071242981455526,40.27868120611277,21.754204175019176,Unintentional
User_47,2025-07-20 09:43:34,0.585,0.5092,Running,Ligeris,Driving_Under_Influence,4way,0.0,80,5G,-119,8.0,24.0,0.0080591282504792,40.30636862178077,21.807245788836028,Unintentional
User_36,2025-07-20 13:57:04,0.563,0.7889,Driving,Zep,Reckless_Driving,2way,0.0,40,4G,-93,47.0,19.0,0.0070440462284484,40.280334116127705,21.75262683190804,Unintentional
User_01,2025-07-20 16:26:17,0.619,0.6728,Driving,Ligeris,Speeding,2way,2.0,30,5G,-102,13.0,15.0,0.046,40.307501886466994,21.807948560330058,Unintentional
User_64,2025-07-20 18:18:11,0.511,0.7518,Walking,Ligeris,Speeding,1way,0.0,10,5G,-86,63.0,1.0,0.048,40.30604009371349,21.80720051296476,Unintentional
User_99,2025-07-20 18:35:08,0.465,0.6114,Walking,Zep,Driving_Under_Influence,2way,0.0,10,3G,-118,23.0,-20.0,0.0025287924842189,40.27933647773409,21.75306274338592,Unintentional
User_26,2025-07-20 19:08:12,0.408,0.6495,Walking,Koila,Reckless_Driving,1way,0.0,60,WiFi,-102,99.0,-8.0,0.044,40.27997245487015,21.75527891179798,Unintentional
User_71,2025-07-20 20:50:59,0.256,0.4043,Walking,Koila,Speeding,2way,3.0,50,5G,-99,35.0,4.0,0.03,40.32231021311898,21.79066395831764,Unintentional
User_44,2025-07-20 21:04:55,0.332,0.4846,Running,Ligeris,Driving_Under_Influence,2way,5.0,30,5G,-117,73.0,4.0,0.028,40.306019860462264,21.80832229095908,Unintentional
User_96,2025-07-20 21:14:18,0.261,0.6591,Driving,Ligeris,Speeding,1way,0.0,30,WiFi,-69,81.0,-11.0,0.042,40.305214084631174,21.807546646599928,Unintentional
User_64,2025-07-20 21:48:05,0.511,0.7528,Driving,Zep,Driving_Under_Influence,2way,0.0,80,WiFi,-84,98.0,17.0,0.0087998892979696,40.279821969662336,21.75121293869181,Unintentional
User_58,2025-07-20 22:21:27,0.465,0.435,Walking,Zep,Driving_Under_Influence,1way,0.0,40,5G,-72,49.0,17.0,0.0067754926516587,40.28057092222202,21.75468453415302,Unintentional
User_14,2025-07-21 04:37:49,0.393,0.6104,Running,Zep,Speeding,1way,0.0,50,4G,-106,72.0,10.0,0.023,40.279771284513174,21.753779377928627,Unintentional
User_95,2025-07-21 07:41:44,0.545,0.6759,Running,Koila,Speeding,1way,0.0,Illegal_Parking,3G,-70,3.0,-3.0,0.041,40.322591021251114,21.791607500949254,Unintentional
User_22,2025-07-21 08:17:09,0.413,0.4489,Running,Koila,Speeding,2way,150.0,60,3G,-77,6.0,-2.0,0.046,40.32208179073222,21.791364587470703,Unintentional
User_41,2025-07-21 08:19:03,0.628,0.5641,Running,Zep,Reckless_Driving,4way,1.0,40,4G,-102,68.0,14.0,0.049,40.280327332744974,21.753752675963273,Unintentional
User_04,2025-07-21 10:50:57,0.662,0.4547,Driving,Ligeris,Reckless_Driving,2way,0.0,40,5G,-108,83.0,-20.0,0.0067173425205907,40.30524787791827,21.80642709874282,Unintentional
User_92,2025-07-21 16:40:36,0.694,0.5792,Walking,Zep,Speeding,2way,0.0,40,5G,-86,35.0,2.0,0.037,40.280645328349365,21.754734093901124,Unintentional
User_31,2025-07-21 22:06:26,0.56,0.7564,Walking,Ligeris,Speeding,2way,0.0,70,5G,-77,1.0,-6.0,0.034,40.304969882809694,21.808075498793645,Unintentional
User_93,2025-07-21 22:16:00,0.588,0.4242,Driving,Ligeris,Reckless_Driving,2way,2.0,50,5G,-103,73.0,4.0,0.035,40.30690720060739,21.80876112999682,Unintentional
User_77,2025-07-21 22:42:59,0.428,0.4205,Driving,Koila,Speeding,4way,1.0,40,5G,-119,88.0,17.0,0.0085619904858702,40.321714545268435,21.79066415477603,Unintentional
User_85,2025-07-22 00:43:23,0.254,0.5303,Walking,Ligeris,Driving_Under_Influence,4way,0.0,50,WiFi,-58,26.0,-6.0,0.034,40.30609925531014,21.80691774601478,Unintentional
User_94,2025-07-22 00:45:29,0.681,0.504,Running,Koila,Driving_Under_Influence,2way,2.0,30,WiFi,-90,0.0,5.0,0.039,40.32208193960682,21.79153538725167,Unintentional
User_22,2025-07-22 02:05:45,0.413,0.4509,Running,Zep,Speeding,2way,0.0,80,WiFi,-75,16.0,25.0,0.0085965247308763,40.28113019720796,21.75297111537804,Unintentional
User_01,2025-07-22 03:29:00,0.619,0.6768,Running,Koila,Speeding,4way,0.0,70,4G,-102,8.0,4.0,0.05,40.32044412345022,21.791453148569133,Unintentional
User_08,2025-07-22 04:18:38,0.347,0.7628,Running,Ligeris,Speeding,2way,2.0,30,WiFi,-59,40.0,15.0,0.034,40.30648136227205,21.80599889017322,Unintentional
User_02,2025-07-22 06:23:39,0.529,0.7046,Walking,Zep,Reckless_Driving,2way,0.0,70,5G,-88,3.0,13.0,0.04,40.280040400885824,21.752650275822347,Unintentional
User_79,2025-07-22 06:55:47,0.389,0.522,Running,Koila,Driving_Under_Influence,2way,1.0,80,WiFi,-88,45.0,7.0,0.042,40.32263288103828,21.79093048979121,Unintentional
User_06,2025-07-22 11:42:31,0.584,0.7725,Walking,Koila,8,1way,0.0,40,5G,-93,47.0,-20.0,0.0041141781546383,40.32258401865682,21.789623970417523,Unintentional
User_88,2025-07-22 12:14:08,0.471,0.5317,Walking,Zep,Driving_Under_Influence,1way,1.0,30,4G,-81,6.0,11.0,0.048,40.28095378122491,21.75307088835371,Unintentional
User_39,2025-07-22 15:37:15,0.598,0.5537,Running,Koila,Reckless_Driving,2way,2.0,10,WiFi,-64,55.0,23.0,0.0043912136072767,40.32311276807411,21.791348497286247,Unintentional
User_55,2025-07-22 15:46:47,0.447,0.7414,Running,Zep,8,1way,1.0,70,WiFi,-66,39.0,24.0,0.005653142335994,40.28055225107146,21.753602066146374,Unintentional
User_59,2025-07-22 17:55:51,0.265,0.5822,Walking,Koila,Driving_Under_Influence,2way,1.0,80,4G,-72,60.0,-21.0,0.0049972657936419,40.32247898522016,21.79089171492452,Unintentional
User_12,2025-07-22 19:55:00,0.67,0.7572,Walking,Koila,Driving_Under_Influence,1way,2.0,80,WiFi,-119,20.0,15.0,0.039,40.32071535840132,21.792188994485517,Unintentional
User_52,2025-07-22 22:52:15,0.544,0.4822,Running,Koila,Reckless_Driving,2way,2.0,40,WiFi,-65,80.0,24.0,0.0012019865530616,40.32207335149691,21.790486633083955,Unintentional
User_71,2025-07-22 23:25:28,0.256,0.4083,Walking,Zep,Reckless_Driving,1way,1.0,Harassing_Driver,WiFi,-64,17.0,-12.0,0.027,40.279541348643306,21.753087893284288,Unintentional
User_60,2025-07-23 04:43:45,0.353,0.7718,Running,Koila,Driving_Under_Influence,1way,0.0,30,WiFi,-75,66.0,-24.0,0.0061482639801961,40.32228887217781,21.791545667951,Unintentional
User_34,2025-07-23 05:20:29,0.431,0.5609,Running,Ligeris,Speeding,1way,3.0,Harassing_Driver,5G,-104,100.0,-11.0,0.036,40.30700069648148,21.791256784153244,Unintentional
User_74,2025-07-23 07:24:49,0.497,0.7634,Driving,Zep,Speeding,2way,0.0,10,3G,-113,18.0,19.0,0.0013612686451247,40.278907339172775,21.75250036463207,Unintentional
User_67,2025-07-23 09:27:46,0.529,0.6176,Walking,Zep,Driving_Under_Influence,1way,0.0,10,5G,-87,55.0,-17.0,0.0016518696468241,40.27894342736575,21.753764327206312,Unintentional
User_76,2025-07-23 10:56:59,0.355,0.6061,Running,Ligeris,Driving_Under_Influence,1way,1.0,50,5G,-120,53.0,-2.0,0.046,40.305141743460446,21.80633416882171,Unintentional
User_47,2025-07-23 11:20:53,0.585,0.5142,Walking,Ligeris,Speeding,2way,2.0,20,5G,-102,80.0,11.0,0.039,40.3076694220644,21.80624769364897,Unintentional
User_73,2025-07-23 14:02:07,0.325,0.5967,Running,Ligeris,Speeding,2way,0.0,50,WiFi,-85,45.0,-10.0,0.028,40.30586142729847,21.807275965566564,Unintentional
User_07,2025-07-23 15:06:24,0.625,0.4884,Walking,Zep,Driving_Under_Influence,2way,160.0,10,5G,-71,13.0,16.0,0.043,40.27988299608682,21.751943471431144,Unintentional
User_30,2025-07-24 01:34:29,0.413,0.5641,Walking,Ligeris,Driving_Under_Influence,2way,0.0,30,WiFi,-64,5.0,-7.0,0.041,40.30674617001645,21.807551255829217,Unintentional
User_79,2025-07-24 03:05:07,0.389,0.526,Walking,Zep,Reckless_Driving,2way,1.0,10,5G,-97,10.0,-21.0,0.0026535226263049,40.27804526104708,21.75283206413647,Unintentional
User_59,2025-07-24 03:32:54,0.265,0.5862,Walking,Zep,Reckless_Driving,4way,140.0,80,3G,-118,62.0,5.0,0.035,40.27993902561625,21.753442217704663,Unintentional
User_93,2025-07-24 06:12:32,0.588,0.4292,Running,Ligeris,8,4way,0.0,10,5G,-73,74.0,-6.0,0.041,40.30679376502521,21.808144959710948,Unintentional
User_33,2025-07-24 09:12:13,0.634,0.6222,Driving,Koila,Driving_Under_Influence,2way,1.0,20,WiFi,-56,84.0,-17.0,0.0076380481153158,40.32106684169088,21.7910845463637,Unintentional
User_90,2025-07-24 09:36:24,0.525,0.4688,Running,Ligeris,Reckless_Driving,2way,1.0,20,3G,-107,30.0,-20.0,0.0045128303492078,40.305191547812846,21.80801227847851,Unintentional
User_30,2025-07-24 10:42:30,0.413,0.4994,Driving,Zep,Reckless_Driving,2way,0.0,20,WiFi,-90,57.0,23.0,0.0091952388447723,40.27968302366285,21.75527927732777,Unintentional
User_39,2025-07-24 10:57:10,0.598,0.5567,Walking,Ligeris,8,2way,0.0,30,4G,-96,61.0,-10.0,0.026,40.306531216124846,21.808252259186084,Unintentional
User_54,2025-07-24 12:27:25,0.327,0.6829,Walking,Koila,Driving_Under_Influence,1way,1.0,40,WiFi,-53,46.0,-22.0,0.0080912987279412,40.32135221481772,21.791660213645443,Unintentional
User_94,2025-07-24 14:54:47,0.681,0.509,Driving,Zep,Reckless_Driving,2way,0.0,70,WiFi,-76,82.0,-15.0,0.043,40.27901380900012,21.751951715394085,Unintentional
User_78,2025-07-24 23:14:26,0.347,0.6486,Driving,Koila,Speeding,2way,0.0,30,WiFi,-86,49.0,-2.0,0.022,40.32111855844947,21.790560607267103,Unintentional
User_54,2025-07-25 00:49:32,0.327,0.6849,Running,Zep,Driving_Under_Influence,2way,0.0,30,5G,-94,77.0,-5.0,0.035,40.27910090886118,21.753369899795004,Unintentional
User_34,2025-07-25 01:25:05,0.431,0.5639,Driving,Zep,Speeding,2way,1.0,40,4G,-120,1.0,-12.0,0.049,40.27934719610123,21.752329157794357,Unintentional
User_92,2025-07-25 01:38:58,0.694,0.5862,Driving,Zep,Reckless_Driving,2way,1.0,40,5G,-74,62.0,9.0,0.04,40.28041657029741,21.751998669169456,Unintentional
User_96,2025-07-25 02:13:04,0.261,0.6681,Walking,Koila,Driving_Under_Influence,2way,0.0,30,WiFi,-81,90.0,-20.0,0.0025175541913765,40.32327957852277,21.79040343626492,Unintentional
User_36,2025-07-25 04:34:10,0.563,0.7989,Driving,Zep,Speeding,2way,4.0,70,5G,-89,26.0,25.0,0.0074197453152748,40.27983550274122,21.75320416369411,Unintentional
User_75,2025-07-25 05:19:40,0.409,0.5841,Running,Koila,Reckless_Driving,1way,160.0,80,WiFi,-76,24.0,-21.0,0.002783695386115,40.32113097516923,21.79112685948477,Unintentional
User_03,2025-07-25 09:51:56,0.568,0.4404,Running,Ligeris,Speeding,2way,1.0,60,5G,-104,28.0,-18.0,0.0085896482454953,40.30452331246753,21.80719801398847,Unintentional
User_44,2025-07-25 14:19:02,0.332,0.4936,Running,Zep,Speeding,1way,1.0,60,4G,-80,94.0,6.0,0.05,40.279024687121456,21.791256784153244,Unintentional
User_40,2025-07-25 22:19:47,0.482,0.7787,Driving,Ligeris,Speeding,2way,0.0,80,5G,-86,89.0,-23.0,0.0083852240009185,40.30498905547438,21.806358525595662,Unintentional
User_36,2025-07-25 23:23:59,0.563,0.5641,Driving,Ligeris,Speeding,2way,0.0,30,3G,-77,43.0,-18.0,0.0072734672321055,40.3059997573171,21.808098407146336,Unintentional
User_81,2025-07-25 23:44:15,0.376,0.6945,Walking,Ligeris,Speeding,2way,1.0,20,4G,-98,70.0,17.0,0.0085487463776991,40.30627733431944,21.80675378133026,Unintentional
User_55,2025-07-26 00:47:00,0.447,0.7484,Walking,Koila,Driving_Under_Influence,1way,0.0,30,3G,-75,49.0,12.0,0.034,40.32238727037172,21.789788260215857,Unintentional
User_08,2025-07-26 03:58:50,0.347,0.7708,Walking,Zep,Reckless_Driving,1way,0.0,10,5G,-83,61.0,-9.0,0.03,40.279651992997195,21.753437231797783,Unintentional
User_100,2025-07-26 05:02:30,0.37,0.667,Driving,Koila,Speeding,4way,0.0,40,3G,-99,27.0,5.0,0.049,40.32201620777222,21.79192599429597,Unintentional
User_04,2025-07-26 06:14:36,0.662,0.4647,Driving,Ligeris,Driving_Under_Influence,1way,0.0,70,4G,-81,57.0,-13.0,0.031,40.30698363534646,21.808046703125097,Unintentional
User_11,2025-07-26 06:36:20,0.602,0.73,Driving,Koila,Driving_Under_Influence,2way,1.0,70,5G,-115,18.0,8.0,0.05,40.321894242979134,21.79276087500497,Unintentional
User_36,2025-07-26 09:07:03,0.563,0.8009,Running,Ligeris,Reckless_Driving,4way,2.0,30,5G,-72,2.0,-23.0,0.005653142335994,40.306084075475866,21.80744804740781,Unintentional
User_69,2025-07-26 10:23:12,0.34,0.7721,Running,Zep,Driving_Under_Influence,2way,1.0,Lane_Discards,3G,-111,92.0,10.0,0.047,40.306230115631266,21.75335807314002,Unintentional
User_09,2025-07-26 13:30:17,0.307,0.7988,Driving,Koila,Speeding,2way,0.0,10,WiFi,-65,61.0,24.0,0.0028899298271934,40.32225009152314,21.791130972963508,Unintentional
User_69,2025-07-26 14:39:40,0.34,0.7731,Driving,Ligeris,Reckless_Driving,2way,1.0,60,WiFi,-86,69.0,15.0,0.042,40.30637634339101,21.808281860210496,Unintentional
User_03,2025-07-26 17:16:04,0.568,0.4424,Driving,Zep,Speeding,4way,0.0,60,3G,-111,24.0,25.0,0.0082474938440431,40.27964529165217,21.753631837092605,Unintentional
User_54,2025-07-27 02:05:20,0.327,0.6889,Driving,Koila,8,2way,0.0,80,5G,-117,26.0,14.0,0.048,40.323447260726695,21.792476756998237,Unintentional
User_77,2025-07-27 02:15:00,0.428,0.4315,Running,Zep,Speeding,1way,1.0,60,4G,-79,35.0,-22.0,0.0067099180723265,40.279363844812075,21.75232854858059,Unintentional
User_82,2025-07-27 04:13:47,0.324,0.6269,Driving,Ligeris,Speeding,4way,3.0,50,3G,-104,25.0,22.0,0.0058632470717099,40.30622594347237,21.80768288635766,Unintentional
User_18,2025-07-27 04:49:43,0.251,0.8045,Running,Ligeris,Reckless_Driving,1way,5.0,80,WiFi,-74,24.0,-7.0,0.038,40.306809539724355,21.80685778833561,Unintentional
User_38,2025-07-27 06:57:53,0.306,0.7201,Walking,Ligeris,Reckless_Driving,4way,2.0,80,4G,-72,75.0,-19.0,0.0076642970474436,40.305578598014904,21.806276877644052,Unintentional
User_70,2025-07-27 09:39:09,0.601,0.5099,Walking,Ligeris,Reckless_Driving,2way,0.0,50,3G,-96,13.0,-20.0,0.0013869828909437,40.306230115631266,21.807911204605325,Unintentional
User_59,2025-07-27 11:03:32,0.265,0.5922,Driving,Ligeris,Speeding,1way,1.0,80,3G,-86,76.0,23.0,0.0016454951919106,40.3056993051004,21.791256784153244,Unintentional
User_01,2025-07-27 14:24:29,0.619,0.6868,Running,Ligeris,Driving_Under_Influence,2way,3.0,80,WiFi,-52,72.0,-7.0,0.022,40.3058513601722,21.80761331975543,Unintentional
User_22,2025-07-27 14:45:09,0.413,0.4609,Driving,Koila,Driving_Under_Influence,4way,1.0,10,4G,-79,95.0,20.0,0.0093392807200406,40.323470256646985,21.79107547000436,Unintentional
User_59,2025-07-27 16:17:28,0.265,0.5932,Running,Ligeris,Speeding,1way,0.0,60,WiFi,-82,13.0,17.0,0.0058812203813813,40.306366417274354,21.806893411066987,Unintentional
User_27,2025-07-27 19:09:21,0.535,0.6671,Driving,Koila,Speeding,1way,3.0,60,WiFi,-71,67.0,22.0,0.0043109962426897,40.321469319352026,21.790192005181385,Unintentional
User_98,2025-07-27 19:19:17,0.46,0.5678,Running,Ligeris,Speeding,4way,1.0,50,WiFi,-68,34.0,23.0,0.0042857035723035,40.30658912361013,21.807834745064195,Unintentional
User_74,2025-07-27 21:02:06,0.497,0.7724,Running,Koila,Reckless_Driving,2way,0.0,20,WiFi,-88,47.0,25.0,0.001141347588879,40.32317535232925,21.79051152446367,Unintentional
User_64,2025-07-27 21:24:00,0.511,0.7668,Walking,Ligeris,Reckless_Driving,2way,1.0,60,3G,-82,57.0,-14.0,0.031,40.30551394779883,21.808996116107743,Unintentional
User_49,2025-07-27 22:17:36,0.637,0.7563,Driving,Zep,Speeding,2way,2.0,80,WiFi,-79,35.0,2.0,0.037,40.28090353925829,21.75429748726039,Unintentional
User_69,2025-07-28 04:47:56,0.34,0.7761,Running,Koila,Reckless_Driving,2way,0.0,30,4G,-86,3.0,1.0,0.032,40.32219521100463,21.791297738575565,Unintentional
User_55,2025-07-28 05:26:26,0.447,0.7524,Walking,Ligeris,Driving_Under_Influence,2way,150.0,80,WiFi,-66,41.0,-20.0,0.008461478946393,40.30582971923256,21.807029086576662,Unintentional
User_22,2025-07-28 05:37:16,0.413,0.4629,Driving,Ligeris,Speeding,1way,0.0,40,3G,-101,20.0,25.0,0.0050360473457656,40.30574331324538,21.80674033863432,Unintentional
User_60,2025-07-28 11:21:11,0.353,0.7818,Running,Zep,Speeding,4way,3.0,20,5G,-104,59.0,23.0,0.0098300292652477,40.27942104306559,21.751238738494607,Unintentional
User_78,2025-07-28 13:40:35,0.347,0.6566,Walking,Koila,Reckless_Driving,1way,0.0,40,5G,-107,92.0,-4.0,0.035,40.32203525349838,21.791256784153244,Unintentional
User_77,2025-07-28 14:35:42,0.428,0.4345,Walking,Zep,Speeding,2way,0.0,20,3G,-76,20.0,-19.0,0.0069017674082527,40.28084396715234,21.753093526171178,Unintentional
User_16,2025-07-28 15:16:47,0.513,0.6237,Running,Zep,7,2way,0.0,30,4G,-116,46.0,-21.0,0.0090663058470217,40.27944363536539,21.75400938384423,Unintentional
User_92,2025-07-28 16:23:31,0.694,0.5922,Running,Ligeris,Reckless_Driving,2way,1.0,20,WiFi,-52,13.0,24.0,0.0082871026608543,40.306564383327824,21.80547097031076,Unintentional
User_04,2025-07-28 20:54:30,0.662,0.4697,Driving,Zep,Speeding,2way,0.0,110,5G,-71,20.0,-21.0,0.005653142335994,40.27927567665337,21.791256784153244,Unintentional
User_88,2025-07-28 23:37:20,0.471,0.5437,Driving,Zep,Speeding,2way,0.0,30,4G,-84,97.0,-23.0,0.0019304070643096,40.27925637344849,21.75340418739658,Unintentional
User_75,2025-07-29 00:50:34,0.409,0.5911,Driving,Ligeris,Driving_Under_Influence,2way,1.0,80,WiFi,-80,1.0,3.0,0.029,40.305980174387464,21.807293799994422,Unintentional
User_78,2025-07-29 03:53:08,0.347,0.6586,Driving,Zep,Speeding,2way,1.0,90,4G,-96,75.0,24.0,0.0031028963770563,40.27975745314004,21.754373551311193,Unintentional
User_39,2025-07-29 04:49:11,0.598,0.5667,Driving,Koila,Driving_Under_Influence,4way,0.0,20,WiFi,-88,52.0,-9.0,0.046,40.32181879035599,21.791265552043004,Unintentional
User_72,2025-07-29 10:48:52,0.567,0.4595,Running,Ligeris,Reckless_Driving,2way,0.0,10,WiFi,-60,18.0,-14.0,0.032,40.307391250305535,21.80766727211795,Unintentional
User_82,2025-07-29 11:26:17,0.324,0.6309,Walking,Ligeris,Reckless_Driving,2way,0.0,50,3G,-95,45.0,24.0,0.0034070046215076,40.306504383056264,21.809799859705777,Unintentional
User_02,2025-07-29 12:04:11,0.529,0.7186,Walking,Zep,Reckless_Driving,4way,0.0,80,4G,-80,49.0,23.0,0.0028070108543171,40.279135008213146,21.751823302397923,Unintentional
User_80,2025-07-29 14:24:36,0.704,0.5787,Running,Ligeris,Speeding,1way,1.0,20,4G,-85,77.0,-24.0,0.0078462532655004,40.306821219824535,21.791256784153244,Unintentional
User_13,2025-07-29 18:46:24,0.75,0.6624,Running,Koila,Driving_Under_Influence,2way,2.0,30,3G,-99,36.0,5.0,0.037,40.322052177642306,21.789004897140103,Unintentional
User_28,2025-07-29 23:49:20,0.348,0.7293,Running,Ligeris,Speeding,4way,0.0,40,WiFi,-55,53.0,24.0,0.0020262423895533,40.30669291226509,21.80775874101936,Unintentional
User_51,2025-07-30 06:17:55,0.613,0.801,Walking,Zep,Driving_Under_Influence,2way,0.0,20,3G,-94,70.0,-13.0,0.025,40.281152415570794,21.752624074894054,Unintentional
User_51,2025-07-30 07:51:41,0.613,0.802,Driving,Zep,Speeding,4way,5.0,30,5G,-86,14.0,-19.0,0.0012927329632043,40.27914277486324,21.753698236335193,Unintentional
User_62,2025-07-30 11:51:48,0.366,0.5302,Walking,Koila,Driving_Under_Influence,4way,0.0,40,WiFi,-50,86.0,-24.0,0.0086237046922386,40.322226488221496,21.790296593357283,Unintentional
User_42,2025-07-30 15:58:01,0.738,0.5336,Driving,Koila,Driving_Under_Influence,1way,0.0,30,5G,-74,23.0,-4.0,0.041,40.32116658429362,21.790354554552927,Unintentional
User_23,2025-07-30 17:39:45,0.458,0.57,Walking,Koila,Driving_Under_Influence,2way,2.0,60,WiFi,-75,2.0,-9.0,0.045,40.32209998168958,21.790871943310517,Unintentional
User_58,2025-07-30 19:47:18,0.465,0.455,Driving,Zep,Reckless_Driving,4way,0.0,20,WiFi,-72,54.0,-23.0,0.0023962932667748,40.28004237811836,21.754557035754235,Unintentional
User_06,2025-07-30 20:39:11,0.584,0.7895,Walking,Zep,Driving_Under_Influence,1way,0.0,60,WiFi,-88,37.0,2.0,0.022,40.306230115631266,21.752586918127093,Unintentional
User_97,2025-07-30 23:39:16,0.337,0.7013,Running,Zep,Driving_Under_Influence,1way,1.0,90,WiFi,-85,36.0,-13.0,0.021,40.2784051755402,21.7523282360493,Unintentional
User_62,2025-07-31 01:12:25,0.366,0.5641,Walking,Koila,Speeding,1way,0.0,70,4G,-84,10.0,12.0,0.039,40.32168649086148,21.79067437912715,Unintentional
User_11,2025-07-31 02:45:15,0.602,0.739,Running,Koila,Driving_Under_Influence,2way,2.0,50,WiFi,-53,93.0,11.0,0.045,40.32206450280955,21.790717454969485,Unintentional
User_52,2025-07-31 03:49:57,0.46,0.4992,Driving,Ligeris,Driving_Under_Influence,2way,4.0,80,3G,-80,89.0,25.0,0.0069418724684816,40.30591161616304,21.807634615414702,Unintentional
User_45,2025-07-31 08:37:13,0.285,0.6953,Running,Ligeris,Driving_Under_Influence,2way,0.0,10,3G,-113,53.0,24.0,0.003671957736989,40.30624775595558,21.807742418632703,Unintentional
User_32,2025-07-31 10:31:08,0.464,0.442,Walking,Koila,Driving_Under_Influence,4way,0.0,20,3G,-101,9.0,18.0,0.005619904691393,40.32241371657677,21.791112103940936,Unintentional
User_30,2025-07-31 14:06:41,0.413,0.5124,Driving,Zep,Speeding,2way,0.0,30,5G,-120,24.0,21.0,0.0057200109561044,40.278167334412885,21.75256127540044,Unintentional
User_13,2025-07-31 17:06:54,0.75,0.6664,Running,Zep,Speeding,2way,3.0,20,WiFi,-90,93.0,14.0,0.048,40.28113487825709,21.75399983024398,Unintentional
User_58,2025-07-31 17:55:34,0.465,0.457,Running,Zep,Speeding,1way,0.0,30,4G,-109,24.0,-17.0,0.0070235569429056,40.27867462108239,21.751389737710312,Unintentional
User_14,2025-07-31 18:26:28,0.393,0.6304,Walking,Zep,Driving_Under_Influence,2way,1.0,20,WiFi,-52,33.0,22.0,0.0043102143492634,40.27852546661101,21.75306180599156,Unintentional
User_98,2025-07-31 19:17:39,0.46,0.5758,Walking,Koila,Driving_Under_Influence,1way,1.0,40,5G,-92,44.0,22.0,0.0037941710826173,40.322419726864425,21.791591756925488,Unintentional
User_60,2025-07-31 21:13:03,0.353,0.7888,Running,Koila,Driving_Under_Influence,2way,0.0,40,4G,-87,32.0,25.0,0.0019427506448608,40.32227887118273,21.79073826271276,Unintentional
User_78,2025-08-01 07:34:34,0.347,0.6646,Running,Zep,Driving_Under_Influence,2way,1.0,70,3G,-100,15.0,-7.0,0.038,40.280584980987435,21.753669452699175,Unintentional
User_49,2025-08-01 09:11:49,0.637,0.7663,Driving,Ligeris,Speeding,2way,2.0,130,WiFi,-60,50.0,-21.0,0.007436727342263,40.306770439036875,21.807509610254996,Unintentional
User_31,2025-08-01 12:05:12,0.56,0.7784,Running,Zep,Speeding,2way,0.0,50,5G,-86,59.0,0.0,0.021,40.2794916015468,21.752866275722862,Unintentional
User_90,2025-08-01 18:37:19,0.525,0.4848,Walking,Ligeris,Driving_Under_Influence,2way,3.0,30,4G,-75,61.0,-24.0,0.0044102757806588,40.30628211266989,21.808662003506456,Unintentional
User_54,2025-08-01 19:48:48,0.327,0.6999,Driving,Koila,Driving_Under_Influence,2way,2.0,30,3G,-87,19.0,17.0,0.0053583785792814,40.322170668352086,21.791256784153244,Unintentional
User_53,2025-08-01 22:26:34,0.313,0.5246,Running,Zep,Reckless_Driving,2way,0.0,10,4G,-99,83.0,-3.0,0.023,40.27868129610677,21.7515566528619,Unintentional
User_85,2025-08-02 02:37:20,0.254,0.5523,Running,Ligeris,Driving_Under_Influence,1way,2.0,40,WiFi,-51,44.0,2.0,0.039,40.30682893489518,21.805812935576657,Unintentional
User_57,2025-08-02 03:50:04,0.372,0.5392,Walking,Koila,Speeding,2way,3.0,40,WiFi,-80,46.0,-23.0,0.0013647666989513,40.32084252113376,21.79223177454336,Unintentional
User_31,2025-08-02 06:35:23,0.56,0.7794,Driving,Koila,Speeding,1way,0.0,90,5G,-109,92.0,9.0,0.045,40.32208998755808,21.79186526596934,Unintentional
User_19,2025-08-02 14:07:17,0.745,0.8085,Running,Ligeris,Reckless_Driving,2way,0.0,40,4G,-100,72.0,21.0,0.006678524951113,40.30636467201269,21.80773573568061,Unintentional
User_16,2025-08-02 15:23:09,0.513,0.6337,Running,Koila,Driving_Under_Influence,4way,0.0,70,3G,-106,87.0,-25.0,0.0015853372487136,40.32170735684676,21.790623232069308,Unintentional
User_53,2025-08-02 19:26:55,0.313,0.5266,Driving,Ligeris,7,2way,0.0,30,5G,-101,82.0,-17.0,0.0021065305214368,40.30673315303225,21.80658729300361,Unintentional
User_45,2025-08-02 19:35:50,0.285,0.7003,Driving,Ligeris,Driving_Under_Influence,2way,0.0,30,4G,-112,41.0,0.0,0.023,40.306230115631266,21.80784701807829,Unintentional
User_12,2025-08-02 22:22:36,0.67,0.7792,Walking,Zep,Driving_Under_Influence,2way,1.0,20,4G,-75,61.0,13.0,0.021,40.279522603948514,21.753555642624583,Unintentional
User_13,2025-08-02 23:00:02,0.75,0.6714,Walking,Koila,Driving_Under_Influence,2way,0.0,90,WiFi,-70,16.0,25.0,0.0039515207871082,40.3212442082799,21.792570520740085,Unintentional
User_70,2025-08-02 23:09:32,0.601,0.5219,Driving,Koila,Speeding,2way,0.0,40,5G,-117,21.0,-19.0,0.0077659782462251,40.32308219387624,21.789459219003017,Unintentional
User_41,2025-08-03 01:12:33,0.628,0.5901,Walking,Zep,Reckless_Driving,2way,0.0,40,4G,-80,44.0,4.0,0.047,40.27808795562366,21.751930114332325,Unintentional
User_46,2025-08-03 01:28:42,0.519,0.7706,Walking,Ligeris,Reckless_Driving,2way,0.0,60,5G,-108,25.0,18.0,0.0010772405804023,40.30649260607284,21.80595065204557,Unintentional
User_69,2025-08-03 03:24:47,0.34,0.7881,Running,Ligeris,Driving_Under_Influence,2way,0.0,30,WiFi,-69,88.0,19.0,0.0029118004795753,40.30706921787134,21.80910399095261,Unintentional
User_59,2025-08-03 04:39:01,0.265,0.6062,Running,Koila,9,4way,0.0,30,5G,-117,60.0,-17.0,0.0021640373246026,40.32157557740227,21.793194240658988,Unintentional
User_95,2025-08-03 15:08:03,0.545,0.7029,Running,Ligeris,Speeding,2way,0.0,70,5G,-88,99.0,17.0,0.0016736254217895,40.305375819942896,21.808177638599258,Unintentional
User_75,2025-08-03 17:41:28,0.409,0.6021,Walking,Ligeris,Speeding,1way,1.0,20,5G,-94,69.0,-9.0,0.039,40.30697397135208,21.80828442355807,Unintentional
User_85,2025-08-03 17:44:13,0.254,0.5553,Running,Koila,Speeding,4way,0.0,10,5G,-74,58.0,-22.0,0.0082890202996257,40.32242693725433,21.79292192286134,Unintentional
User_42,2025-08-03 18:13:44,0.738,0.5426,Driving,Ligeris,Driving_Under_Influence,2way,1.0,60,WiFi,-54,93.0,23.0,0.0027906581614869,40.304592674122105,21.80700849316863,Unintentional
User_28,2025-08-03 18:46:51,0.348,0.7393,Running,Zep,Speeding,1way,0.0,70,4G,-102,14.0,-8.0,0.044,40.27886803271079,21.754455985284395,Unintentional
User_83,2025-08-03 23:51:15,0.309,0.7885,Driving,Zep,Speeding,4way,1.0,60,WiFi,-86,15.0,-24.0,0.006801942685947,40.279387522240434,21.753663867005315,Unintentional
User_07,2025-08-03 23:51:18,0.625,0.5094,Driving,Koila,Speeding,1way,1.0,40,4G,-72,37.0,-21.0,0.0067430847760651,40.32273081887901,21.7901547258711,Unintentional
User_98,2025-08-04 00:20:15,0.46,0.5828,Driving,Zep,Reckless_Driving,2way,0.0,50,WiFi,-61,56.0,-5.0,0.042,40.28121895218044,21.753764947214833,Unintentional
User_32,2025-08-04 02:50:09,0.464,0.45,Walking,Ligeris,Reckless_Driving,1way,0.0,Lane_Discards,3G,-80,19.0,-17.0,0.0022484248728001,40.30549811995218,21.80591819046569,Unintentional
User_08,2025-08-04 03:41:41,0.347,0.7888,Running,Ligeris,Speeding,2way,2.0,30,4G,-88,34.0,10.0,0.046,40.3067631230608,21.808082597159807,Unintentional
User_11,2025-08-04 11:53:52,0.602,0.747,Driving,Zep,6,1way,3.0,30,5G,-102,55.0,-8.0,0.032,40.27950859976852,21.75330794844312,Unintentional
User_07,2025-08-04 19:04:43,0.625,0.5124,Running,Zep,Driving_Under_Influence,1way,1.0,30,4G,-100,30.0,1.0,0.021,40.27875051040116,21.75534092873844,Unintentional
User_89,2025-08-04 21:31:07,0.336,0.4441,Running,Koila,Reckless_Driving,2way,2.0,40,5G,-88,58.0,21.0,0.0059304261443545,40.30630171576294,21.80626873250633,Unintentional
User_100,2025-08-05 09:18:58,0.37,0.687,Running,Koila,Driving_Under_Influence,2way,2.0,60,4G,-97,11.0,20.0,0.0010220201626393,40.321823662544794,21.79129190997405,Unintentional
User_21,2025-08-05 13:14:38,0.303,0.4462,Walking,Zep,Driving_Under_Influence,2way,0.0,100,WiFi,-77,88.0,-1.0,0.031,40.27978477959674,21.753522682253376,Unintentional
User_02,2025-08-05 14:17:08,0.529,0.7326,Driving,Zep,Reckless_Driving,2way,1.0,40,WiFi,-79,20.0,15.0,0.046,40.27861428605878,21.75435467992197,Unintentional
User_85,2025-08-05 21:26:31,0.254,0.5593,Driving,Zep,Driving_Under_Influence,1way,3.0,30,3G,-118,82.0,-16.0,0.037,40.27959654072169,21.752464286206457,Unintentional
User_91,2025-08-06 00:06:36,0.587,0.7388,Running,Koila,Driving_Under_Influence,2way,0.0,80,3G,-115,92.0,-12.0,0.04,40.32172547126126,21.790825935871467,Unintentional
User_59,2025-08-06 01:21:22,0.265,0.6122,Driving,Ligeris,Driving_Under_Influence,2way,0.0,30,5G,-110,50.0,-14.0,0.05,40.30465303524919,21.80757855822713,Unintentional
User_74,2025-08-06 04:25:44,0.497,0.7924,Running,Zep,Speeding,2way,1.0,60,5G,-102,60.0,25.0,0.0093693893280067,40.27955866877729,21.753297031159804,Unintentional
User_26,2025-08-06 08:02:30,0.408,0.6835,Running,Koila,Driving_Under_Influence,1way,1.0,60,WiFi,-52,46.0,10.0,0.041,40.321493101333125,21.790872283793107,Unintentional
User_88,2025-08-06 14:04:54,0.471,0.5641,Driving,Ligeris,Driving_Under_Influence,4way,1.0,50,3G,-105,73.0,25.0,0.0046500531733529,40.30508867926368,21.807935184153948,Unintentional
User_24,2025-08-06 14:20:37,0.445,0.5641,Driving,Ligeris,Reckless_Driving,2way,0.0,10,4G,-111,74.0,9.0,0.035,40.3062348092046,21.807430324665283,Unintentional
User_79,2025-08-06 14:44:56,0.389,0.553,Driving,Ligeris,Driving_Under_Influence,2way,1.0,10,3G,-102,76.0,5.0,0.046,40.30624461426701,21.807842228263823,Unintentional
User_17,2025-08-06 20:24:43,0.631,0.5758,Driving,Zep,Driving_Under_Influence,1way,2.0,40,5G,-112,27.0,25.0,0.0081610588921641,40.27932172844618,21.75349988224303,Unintentional
User_22,2025-08-07 05:42:12,0.413,0.4839,Walking,Ligeris,Driving_Under_Influence,4way,1.0,20,WiFi,-67,92.0,-24.0,0.005653142335994,40.30648437498215,21.80539527081099,Unintentional
User_06,2025-08-07 07:21:57,0.584,0.8055,Driving,Ligeris,Speeding,2way,1.0,70,4G,-100,17.0,9.0,0.042,40.30604510325862,21.808436038143117,Unintentional
User_58,2025-08-07 08:28:18,0.465,0.47,Walking,Zep,Reckless_Driving,4way,2.0,70,4G,-70,48.0,-23.0,0.0092537314818078,40.27929835414244,21.75535420561641,Unintentional
User_02,2025-08-07 16:13:23,0.529,0.7366,Walking,Koila,Speeding,2way,0.0,40,5G,-104,83.0,-5.0,0.026,40.323517257915775,21.790248878207812,Unintentional
User_42,2025-08-07 16:23:23,0.738,0.5496,Running,Ligeris,Reckless_Driving,2way,1.0,30,5G,-116,9.0,-21.0,0.0092004186951176,40.307420072783465,21.80822821284376,Unintentional
User_58,2025-08-07 19:16:05,0.465,0.471,Running,Zep,Driving_Under_Influence,1way,0.0,90,4G,-70,92.0,-7.0,0.048,40.2790215990186,21.751147415980043,Unintentional
User_27,2025-08-07 20:38:41,0.535,0.6891,Walking,Koila,Driving_Under_Influence,2way,150.0,80,3G,-118,95.0,-18.0,0.0035383016979521,40.322662372943874,21.789444103270235,Unintentional
User_80,2025-08-07 20:46:55,0.704,0.5977,Driving,Koila,Reckless_Driving,2way,4.0,30,4G,-90,52.0,-16.0,0.021,40.322709399574016,21.79160119561923,Unintentional
User_09,2025-08-07 21:31:32,0.307,0.8228,Running,Ligeris,Speeding,2way,140.0,20,5G,-105,10.0,7.0,0.036,40.30733897519158,21.806605957780683,Unintentional
User_49,2025-08-08 00:59:33,0.637,0.7793,Driving,Ligeris,Driving_Under_Influence,2way,0.0,30,5G,-71,74.0,-18.0,0.0069861173768653,40.30602340824068,21.807736231229423,Unintentional
User_83,2025-08-08 02:10:26,0.309,0.7985,Running,Zep,Driving_Under_Influence,2way,0.0,40,5G,-90,7.0,7.0,0.043,40.27860465467363,21.752241334780912,Unintentional
User_14,2025-08-08 03:50:11,0.393,0.6454,Running,Ligeris,Driving_Under_Influence,2way,160.0,30,4G,-81,47.0,17.0,0.0097016720571999,40.30571959879705,21.807765191484727,Unintentional
User_19,2025-08-08 04:02:34,0.745,0.8195,Running,Zep,Reckless_Driving,1way,2.0,30,3G,-96,79.0,14.0,0.039,40.28015216472576,21.752300270595835,Unintentional
User_90,2025-08-08 05:49:37,0.525,0.4998,Walking,Ligeris,Speeding,4way,3.0,30,5G,-86,1.0,23.0,0.0070152671459559,40.30634200660234,21.80775279976035,Unintentional
User_07,2025-08-08 08:30:15,0.625,0.5194,Running,Koila,Speeding,1way,0.0,30,3G,-111,18.0,-3.0,0.023,40.32231673776372,21.790149055265733,Unintentional
User_02,2025-08-08 09:30:52,0.529,0.7386,Driving,Ligeris,Reckless_Driving,2way,2.0,70,3G,-88,9.0,-6.0,0.029,40.307900142629634,21.807706240771047,Unintentional
User_77,2025-08-08 10:02:09,0.428,0.4555,Walking,Ligeris,Driving_Under_Influence,2way,1.0,20,WiFi,-58,22.0,6.0,0.045,40.30561952250655,21.80868029632698,Unintentional
User_39,2025-08-08 10:33:10,0.598,0.5867,Running,Zep,6,1way,3.0,50,3G,-117,21.0,10.0,0.05,40.28065021678,21.752679902005134,Unintentional
User_58,2025-08-08 12:04:30,0.465,0.473,Running,Ligeris,Driving_Under_Influence,2way,4.0,90,3G,-94,64.0,-23.0,0.0094717438448692,40.30634724453508,21.80859879828142,Unintentional
User_60,2025-08-08 13:30:17,0.353,0.8038,Walking,Ligeris,Speeding,2way,0.0,70,3G,-112,100.0,25.0,0.0091447983089194,40.307039790092745,21.80899107431539,Unintentional
User_48,2025-08-08 14:05:37,0.599,0.7074,Walking,Koila,Speeding,2way,0.0,60,WiFi,-57,31.0,5.0,0.031,40.306230115631266,21.791363417807297,Unintentional
User_12,2025-08-08 18:29:39,0.67,0.7902,Driving,Ligeris,Speeding,2way,160.0,70,WiFi,-68,81.0,1.0,0.022,40.30610492579692,21.80808939690303,Unintentional
User_59,2025-08-08 19:29:48,0.265,0.6172,Driving,Zep,Driving_Under_Influence,2way,0.0,80,3G,-88,39.0,-20.0,0.0056758523262957,40.278256104534705,21.75356230130758,Unintentional
User_73,2025-08-08 20:32:14,0.325,0.6297,Walking,Koila,Speeding,4way,0.0,60,4G,-113,34.0,-20.0,0.0056686833438506,40.32205390103596,21.791163829526703,Unintentional
User_15,2025-08-08 22:12:29,0.627,0.7461,Walking,Ligeris,Reckless_Driving,2way,0.0,20,5G,-81,49.0,13.0,0.046,40.30582827713569,21.806998531216873,Unintentional
User_100,2025-08-08 23:31:07,0.37,0.693,Driving,Koila,Driving_Under_Influence,4way,160.0,70,4G,-94,100.0,2.0,0.041,40.322366574761155,21.792757504109098,Unintentional
User_77,2025-08-09 00:24:13,0.428,0.4575,Walking,Ligeris,Reckless_Driving,2way,2.0,20,3G,-107,79.0,-17.0,0.0061173538122993,40.30668384357139,21.808819350291532,Unintentional
User_70,2025-08-09 00:40:04,0.601,0.5349,Running,Zep,Reckless_Driving,2way,0.0,30,WiFi,-70,38.0,22.0,0.0078387636553573,40.27925008499147,21.753210035137595,Unintentional
User_48,2025-08-09 02:10:34,0.599,0.7084,Running,Ligeris,Reckless_Driving,2way,2.0,10,4G,-104,87.0,7.0,0.037,40.30526791096526,21.807146182879656,Unintentional
User_58,2025-08-09 02:56:25,0.465,0.474,Walking,Zep,Speeding,2way,0.0,10,WiFi,-58,73.0,-3.0,0.036,40.28065860357519,21.753250950748225,Unintentional
User_97,2025-08-09 06:08:44,0.337,0.7203,Driving,Zep,Reckless_Driving,2way,4.0,60,5G,-118,37.0,24.0,0.0018733505094684,40.27956288338772,21.752221161399067,Unintentional
User_51,2025-08-09 12:07:02,0.613,0.822,Walking,Koila,Speeding,4way,0.0,30,3G,-100,38.0,23.0,0.0026350783679776,40.3235988583795,21.79123352704886,Unintentional
User_19,2025-08-09 21:19:38,0.745,0.8225,Driving,Ligeris,Reckless_Driving,2way,0.0,30,WiFi,-65,56.0,-7.0,0.032,40.30646952066475,21.808043986680907,Unintentional
User_41,2025-08-09 21:25:00,0.628,0.6021,Walking,Koila,Reckless_Driving,4way,160.0,50,WiFi,-51,99.0,20.0,0.0042063014116574,40.322820929793096,21.79191077492776,Unintentional
User_22,2025-08-09 23:39:41,0.413,0.4879,Running,Koila,Reckless_Driving,4way,1.0,20,3G,-96,83.0,-12.0,0.044,40.3211512531685,21.79122561906563,Unintentional
User_76,2025-08-10 07:51:19,0.355,0.6411,Walking,Koila,Speeding,1way,0.0,50,4G,-89,95.0,-24.0,0.007587803263729,40.3214659792723,21.789184512866893,Unintentional
User_13,2025-08-10 12:16:42,0.75,0.6864,Walking,Zep,Reckless_Driving,2way,0.0,70,WiFi,-90,64.0,-22.0,0.0047550816063613,40.2783699543884,21.752349085953988,Unintentional
User_20,2025-08-10 12:26:45,0.334,0.7651,Walking,Zep,Speeding,4way,1.0,70,WiFi,-71,49.0,-9.0,0.045,40.27961024624176,21.791256784153244,Unintentional
User_72,2025-08-10 13:24:58,0.567,0.4835,Driving,Koila,Driving_Under_Influence,1way,1.0,50,4G,-92,87.0,-10.0,0.048,40.32154911699384,21.792033598814953,Unintentional
User_73,2025-08-10 19:31:34,0.325,0.6337,Driving,Koila,Reckless_Driving,1way,0.0,70,4G,-88,3.0,14.0,0.033,40.3221586963349,21.791057530467135,Unintentional
User_89,2025-08-10 20:13:39,0.336,0.4561,Driving,Koila,Reckless_Driving,1way,0.0,90,4G,-96,79.0,2.0,0.022,40.323299421889246,21.792365054621772,Unintentional
User_42,2025-08-11 00:00:57,0.738,0.5576,Running,Ligeris,Reckless_Driving,2way,0.0,30,3G,-71,47.0,18.0,0.0033531780220725,40.306743462822446,21.80944091864821,Unintentional
User_96,2025-08-11 02:49:57,0.261,0.7021,Running,Koila,Speeding,2way,0.0,40,4G,-117,63.0,22.0,0.0017101721145795,40.27948076240279,21.753153686892187,Unintentional
User_21,2025-08-11 05:42:22,0.303,0.4572,Walking,Ligeris,Reckless_Driving,2way,2.0,80,5G,-101,22.0,-19.0,0.0013686227673067,40.305873501878295,21.808330716997936,Unintentional
User_85,2025-08-11 06:50:07,0.254,0.5713,Walking,Koila,Speeding,4way,0.0,10,WiFi,-52,21.0,3.0,0.039,40.322036594880345,21.79179002141045,Unintentional
User_23,2025-08-11 09:57:50,0.458,0.594,Walking,Ligeris,Driving_Under_Influence,1way,0.0,90,5G,-116,37.0,-17.0,0.0036832646613555,40.30505995266548,21.80610828789751,Unintentional
User_21,2025-08-11 13:41:26,0.303,0.4582,Driving,Zep,Speeding,4way,0.0,60,5G,-109,23.0,-11.0,0.037,40.27776612308131,21.753357803067995,Unintentional
User_61,2025-08-11 14:38:04,0.546,0.5257,Driving,Zep,Speeding,4way,3.0,40,4G,-95,47.0,7.0,0.026,40.27896536708489,21.753138543995608,Unintentional
User_63,2025-08-11 15:09:50,0.543,0.5616,Driving,Zep,Reckless_Driving,2way,0.0,10,3G,-102,40.0,-7.0,0.049,40.279850714025095,21.75208028600955,Unintentional
User_11,2025-08-11 17:23:20,0.602,0.761,Driving,Koila,Driving_Under_Influence,1way,0.0,50,WiFi,-69,59.0,18.0,0.0053383657532106,40.32171412103238,21.7898397823806,Unintentional
User_47,2025-08-11 20:09:39,0.585,0.5532,Walking,Koila,Driving_Under_Influence,4way,1.0,40,WiFi,-58,55.0,21.0,0.0042410359719005,40.32185531360784,21.790910377320863,Unintentional
User_25,2025-08-12 01:45:00,0.408,0.5828,Running,Zep,Reckless_Driving,2way,1.0,50,3G,-84,65.0,-12.0,0.04,40.27924034517265,21.753219513725213,Unintentional
User_33,2025-08-12 02:22:19,0.634,0.6602,Walking,Zep,Speeding,1way,1.0,90,WiFi,-76,83.0,-20.0,0.0038354472827686,40.278509056071705,21.75135933761193,Unintentional
User_18,2025-08-12 03:00:38,0.251,0.8365,Walking,Ligeris,Speeding,2way,1.0,60,3G,-74,77.0,2.0,0.021,40.306662326448745,21.807577040926496,Unintentional
User_30,2025-08-12 06:10:46,0.413,0.5364,Walking,Zep,Driving_Under_Influence,2way,0.0,40,3G,-116,74.0,-25.0,0.005653142335994,40.27942021944684,21.75388455907463,Unintentional
User_01,2025-08-12 07:03:32,0.619,0.7198,Driving,Ligeris,7,1way,1.0,70,WiFi,-59,58.0,-19.0,0.0043503695820902,40.305524284719105,21.80572487895533,Unintentional
User_44,2025-08-12 08:11:52,0.332,0.5296,Running,Ligeris,Reckless_Driving,2way,1.0,50,WiFi,-84,15.0,-4.0,0.026,40.30629442581195,21.809796380390356,Unintentional
User_51,2025-08-12 10:50:26,0.613,0.828,Driving,Ligeris,Driving_Under_Influence,2way,0.0,70,4G,-120,60.0,-21.0,0.0087812339861225,40.307161517624166,21.80798163891463,Unintentional
User_22,2025-08-12 12:06:14,0.413,0.4939,Driving,Ligeris,Reckless_Driving,4way,0.0,80,4G,-103,38.0,19.0,0.0055314515808574,40.30743863969316,21.80904404700751,Unintentional
User_56,2025-08-12 13:45:56,0.374,0.4597,Running,Koila,Reckless_Driving,1way,0.0,30,3G,-106,86.0,24.0,0.0096506066063085,40.32203516027655,21.79108210173213,Unintentional
User_86,2025-08-12 15:32:08,0.46,0.4491,Driving,Koila,Reckless_Driving,2way,0.0,30,4G,-114,61.0,-22.0,0.0078678076489934,40.322327517807125,21.792668890751713,Unintentional
User_31,2025-08-12 16:21:31,0.56,0.8004,Driving,Ligeris,7,2way,0.0,70,WiFi,-69,30.0,-17.0,0.0011017396797607,40.306973175618744,21.809326486520455,Unintentional
User_95,2025-08-12 17:20:18,0.545,0.7209,Walking,Koila,Driving_Under_Influence,2way,1.0,60,WiFi,-72,19.0,14.0,0.044,40.322744789743496,21.79011604369054,Unintentional
User_76,2025-08-12 17:45:00,0.355,0.6461,Running,Ligeris,Reckless_Driving,1way,1.0,Harassing_Driver,5G,-115,20.0,12.0,0.046,40.30543096842434,21.80679834214588,Unintentional
User_89,2025-08-12 18:29:43,0.336,0.4601,Driving,Ligeris,Reckless_Driving,2way,5.0,80,4G,-111,54.0,-18.0,0.0059605250440379,40.30619425656427,21.80749333321996,Unintentional
User_57,2025-08-13 00:32:33,0.372,0.5602,Walking,Zep,Driving_Under_Influence,1way,1.0,20,WiFi,-86,100.0,12.0,0.023,40.27781361460902,21.75322139649255,Unintentional
User_38,2025-08-13 00:59:43,0.306,0.7541,Running,Koila,Reckless_Driving,2way,0.0,70,WiFi,-82,19.0,0.0,0.044,40.32321014467948,21.791436730532507,Unintentional
User_10,2025-08-13 01:24:00,0.315,0.7988,Walking,Koila,Driving_Under_Influence,2way,4.0,Lane_Discards,5G,-75,31.0,-2.0,0.042,40.32176925906725,21.79183757831254,Unintentional
User_33,2025-08-13 04:33:25,0.634,0.6622,Driving,Ligeris,Reckless_Driving,2way,1.0,Lane_Discards,3G,-100,16.0,22.0,0.0043540518441224,40.30599885663506,21.807956085549137,Unintentional
User_91,2025-08-13 07:05:54,0.587,0.7538,Walking,Koila,9,4way,0.0,80,3G,-120,94.0,10.0,0.024,40.32231903438215,21.792184503404982,Unintentional
User_31,2025-08-13 07:56:11,0.56,0.8014,Running,Zep,Driving_Under_Influence,4way,1.0,20,4G,-120,4.0,10.0,0.049,40.2787971423196,21.75193392730019,Unintentional
User_02,2025-08-13 10:25:22,0.529,0.7486,Running,Zep,Driving_Under_Influence,1way,4.0,10,WiFi,-88,61.0,-15.0,0.037,40.278225249383745,21.75356479853324,Unintentional
User_36,2025-08-13 11:07:28,0.563,0.8379,Driving,Ligeris,Driving_Under_Influence,2way,1.0,30,3G,-111,72.0,-24.0,0.0082371552305961,40.30627633375216,21.808653823188447,Unintentional
User_77,2025-08-13 14:42:27,0.428,0.4655,Walking,Zep,Reckless_Driving,4way,0.0,30,3G,-88,51.0,14.0,0.046,40.27814184237695,21.75452869148877,Unintentional
User_55,2025-08-13 18:58:14,0.447,0.7854,Running,Ligeris,Speeding,2way,0.0,30,4G,-86,60.0,-23.0,0.0016897084352905,40.307897004128904,21.807472511188134,Unintentional
User_86,2025-08-13 22:02:50,0.469,0.4511,Walking,Koila,Speeding,2way,1.0,90,5G,-71,21.0,21.0,0.0065323654547251,40.32214436202145,21.79209381343828,Unintentional
User_69,2025-08-14 07:35:48,0.34,0.8101,Walking,Zep,Speeding,4way,0.0,Illegal_Parking,5G,-96,27.0,13.0,0.04,40.27838558810105,21.791256784153244,Unintentional
User_12,2025-08-14 12:28:07,0.67,0.8032,Walking,Koila,Speeding,4way,0.0,30,5G,-94,25.0,-22.0,0.0026301842952638,40.322096299387795,21.790642793994973,Unintentional
User_32,2025-08-14 13:17:38,0.464,0.47,Running,Zep,Driving_Under_Influence,2way,0.0,70,3G,-112,77.0,25.0,0.0058852781783287,40.28019710709468,21.7536639518732,Unintentional
User_22,2025-08-14 18:39:02,0.413,0.4979,Driving,Koila,Speeding,2way,2.0,10,4G,-99,11.0,-9.0,0.024,40.322563261722095,21.7903950759208,Unintentional
User_84,2025-08-14 20:01:42,0.527,0.5247,Driving,Zep,8,1way,0.0,20,5G,-78,46.0,17.0,0.0032094529143539,40.27966274505108,21.753332169606615,Unintentional
User_79,2025-08-14 21:28:05,0.389,0.568,Running,Zep,Speeding,4way,0.0,30,4G,-109,42.0,3.0,0.041,40.27974225962598,21.751942488000157,Unintentional
User_06,2025-08-14 23:53:40,0.584,0.8195,Walking,Ligeris,Reckless_Driving,4way,1.0,70,WiFi,-64,24.0,0.0,0.021,40.305652260432986,21.807232858851545,Unintentional
User_57,2025-08-15 01:01:00,0.372,0.5642,Running,Zep,Speeding,2way,3.0,40,5G,-71,3.0,23.0,0.0082883575109131,40.27894384087485,21.75284159514882,Unintentional
User_16,2025-08-15 01:27:08,0.513,0.6587,Driving,Koila,Driving_Under_Influence,1way,2.0,40,5G,-73,34.0,5.0,0.023,40.32126645270797,21.789603623733736,Unintentional
User_48,2025-08-15 05:03:11,0.599,0.7204,Walking,Koila,Driving_Under_Influence,2way,0.0,Lane_Discards,WiFi,-73,100.0,-11.0,0.048,40.3228882691232,21.792450797507293,Unintentional
User_51,2025-08-15 05:33:42,0.613,0.833,Walking,Zep,Reckless_Driving,4way,1.0,10,3G,-84,89.0,-18.0,0.005653142335994,40.27917066354424,21.75408267793833,Unintentional
User_46,2025-08-15 08:14:06,0.519,0.7936,Walking,Zep,Reckless_Driving,1way,0.0,70,3G,-119,32.0,23.0,0.0057325303089754,40.27844533421096,21.75473688449539,Unintentional
User_42,2025-08-15 08:23:31,0.738,0.5666,Walking,Zep,Reckless_Driving,1way,0.0,70,5G,-118,49.0,16.0,0.047,40.27992059890373,21.75289513912963,Unintentional
User_29,2025-08-15 10:26:10,0.415,0.6174,Running,Zep,Reckless_Driving,1way,1.0,Harassing_Driver,3G,-81,63.0,15.0,0.034,40.279552954912326,21.75325253048402,Unintentional
User_95,2025-08-15 11:58:20,0.545,0.7269,Driving,Zep,Speeding,2way,1.0,10,3G,-80,27.0,-11.0,0.047,40.2794793216373,21.753521342974476,Unintentional
User_47,2025-08-15 15:08:39,0.585,0.5602,Walking,Koila,Speeding,1way,1.0,80,3G,-71,42.0,18.0,0.009541936739322,40.32155179428523,21.789112593737055,Unintentional
User_75,2025-08-16 02:17:32,0.409,0.6271,Walking,Ligeris,Speeding,1way,1.0,60,WiFi,-76,92.0,-11.0,0.027,40.305625746958775,21.80573052401511,Unintentional
User_84,2025-08-16 03:35:31,0.527,0.5277,Driving,Ligeris,Speeding,2way,2.0,70,3G,-113,44.0,-23.0,0.0073106922916481,40.306189154022846,21.807212015529945,Unintentional
User_84,2025-08-16 03:47:45,0.527,0.5287,Walking,Ligeris,Speeding,1way,0.0,40,WiFi,-64,5.0,-17.0,0.0016788232192441,40.30621022373545,21.809637712860923,Unintentional
User_82,2025-08-16 05:05:13,0.324,0.6679,Walking,Zep,Driving_Under_Influence,4way,4.0,80,4G,-75,99.0,19.0,0.0089320742355259,40.27942640592088,21.750943429184453,Unintentional
User_46,2025-08-16 10:52:52,0.519,0.7956,Running,Koila,Reckless_Driving,4way,160.0,50,4G,-87,55.0,3.0,0.027,40.32107470527074,21.79151072059983,Unintentional
User_88,2025-08-16 17:15:07,0.471,0.5807,Driving,Zep,Speeding,1way,0.0,70,3G,-90,93.0,2.0,0.023,40.2788196543347,21.75412246904578,Unintentional
User_86,2025-08-16 17:25:46,0.469,0.4571,Walking,Zep,Reckless_Driving,1way,1.0,30,WiFi,-53,14.0,17.0,0.0046461759401589,40.28076447985834,21.791256784153244,Unintentional
User_30,2025-08-16 18:34:19,0.413,0.5444,Walking,Zep,Reckless_Driving,2way,0.0,50,WiFi,-84,62.0,-14.0,0.021,40.27949142322467,21.753239277696533,Unintentional
User_47,2025-08-16 18:36:15,0.585,0.5632,Driving,Ligeris,Reckless_Driving,2way,0.0,70,4G,-77,58.0,-7.0,0.036,40.30552353092034,21.808977484033107,Unintentional
User_64,2025-08-16 23:47:35,0.511,0.8068,Walking,Koila,Reckless_Driving,2way,1.0,80,3G,-75,80.0,-23.0,0.001732590152071,40.32236431352515,21.791256784153244,Unintentional
User_45,2025-08-17 00:07:36,0.285,0.7293,Walking,Koila,Reckless_Driving,4way,1.0,90,WiFi,-76,31.0,22.0,0.0020505235464599,40.32222525729564,21.792070430403967,Unintentional
User_10,2025-08-17 03:39:18,0.315,0.8068,Walking,Koila,Speeding,2way,1.0,100,5G,-108,19.0,13.0,0.026,40.32266653647235,21.79050478162995,Unintentional
User_44,2025-08-17 03:52:45,0.332,0.5396,Running,Koila,Speeding,2way,1.0,60,WiFi,-53,16.0,-17.0,0.0014805705042946,40.32165939953031,21.792466136571957,Unintentional
User_47,2025-08-17 07:48:26,0.585,0.5642,Driving,Zep,Speeding,2way,0.0,20,4G,-115,96.0,0.0,0.037,40.279813757900115,21.752746784522564,Unintentional
User_99,2025-08-17 10:49:06,0.465,0.6664,Driving,Zep,Driving_Under_Influence,1way,0.0,Illegal_Parking,3G,-117,100.0,11.0,0.04,40.27924757477625,21.753584606080715,Unintentional
User_16,2025-08-17 11:21:00,0.513,0.6627,Running,Koila,Speeding,4way,0.0,90,5G,-110,57.0,4.0,0.035,40.323076919567626,21.792410761359545,Unintentional
User_13,2025-08-17 14:21:46,0.75,0.7014,Running,Koila,Reckless_Driving,4way,0.0,Lane_Discards,4G,-87,67.0,-7.0,0.047,40.32202115537556,21.791211647019317,Unintentional
User_77,2025-08-18 01:46:19,0.428,0.4755,Driving,Koila,9,4way,1.0,90,5G,-86,97.0,8.0,0.026,40.3237515060079,21.791337132173467,Unintentional
User_65,2025-08-18 11:59:12,0.448,0.5351,Driving,Ligeris,8,4way,1.0,70,WiFi,-71,33.0,19.0,0.0014340683891093,40.305949343443416,21.80663866352161,Unintentional
User_81,2025-08-18 19:45:59,0.376,0.7425,Walking,Ligeris,Reckless_Driving,2way,0.0,50,5G,-85,31.0,-18.0,0.0086372910553919,40.306204416961045,21.807562625069764,Unintentional
User_15,2025-08-19 01:49:34,0.627,0.7671,Driving,Zep,Reckless_Driving,4way,1.0,30,WiFi,-84,49.0,-22.0,0.0096016019934521,40.279943893435046,21.75183622759748,Unintentional
User_99,2025-08-19 03:37:15,0.465,0.6714,Walking,Ligeris,Reckless_Driving,2way,0.0,50,WiFi,-66,76.0,11.0,0.023,40.306230115631266,21.808774250939933,Unintentional
User_10,2025-08-19 05:16:08,0.315,0.8108,Driving,Zep,Reckless_Driving,2way,0.0,40,4G,-100,63.0,-25.0,0.0066480769075209,40.27950468977682,21.753406937246233,Unintentional
User_46,2025-08-19 08:36:02,0.519,0.8026,Driving,Koila,Reckless_Driving,2way,5.0,50,3G,-81,88.0,-19.0,0.0092199210867055,40.3225378824073,21.79081110332882,Unintentional
User_52,2025-08-19 12:40:30,0.46,0.5372,Walking,Koila,Driving_Under_Influence,1way,0.0,60,5G,-85,48.0,-4.0,0.048,40.322342350802614,21.789437998632685,Unintentional
User_89,2025-08-19 13:09:26,0.336,0.4741,Walking,Koila,Driving_Under_Influence,1way,2.0,50,5G,-71,29.0,-7.0,0.036,40.32201771811834,21.79146526204526,Unintentional
User_84,2025-08-19 20:29:29,0.527,0.5347,Running,Koila,8,4way,1.0,40,4G,-75,90.0,20.0,0.0033512793239811,40.32216943101147,21.793449668244364,Unintentional
User_10,2025-08-20 01:38:06,0.315,0.8128,Walking,Ligeris,Speeding,2way,3.0,30,3G,-84,9.0,-15.0,0.034,40.306393547056274,21.809490201547916,Unintentional
User_53,2025-08-20 02:49:23,0.313,0.5616,Running,Zep,Driving_Under_Influence,1way,3.0,70,3G,-110,56.0,19.0,0.0013701873738186,40.279597343730195,21.753308440156857,Unintentional
User_46,2025-08-20 05:27:04,0.519,0.8036,Driving,Koila,Speeding,2way,0.0,90,3G,-119,10.0,3.0,0.048,40.30634784158783,21.8070095316085,Unintentional
User_37,2025-08-20 10:06:55,0.306,0.7384,Walking,Koila,Reckless_Driving,2way,0.0,50,WiFi,-79,1.0,-18.0,0.0055450459882501,40.32115760129661,21.791913567117668,Unintentional
User_55,2025-08-20 14:39:34,0.447,0.7984,Running,Koila,Reckless_Driving,1way,0.0,90,3G,-114,62.0,-19.0,0.0016335210482567,40.32120960843899,21.7921560792464,Unintentional
User_43,2025-08-20 16:49:03,0.416,0.6217,Walking,Ligeris,Driving_Under_Influence,1way,1.0,10,4G,-106,76.0,17.0,0.0098207822122986,40.306664272411055,21.808068176202337,Unintentional
User_79,2025-08-21 00:39:15,0.389,0.582,Walking,Ligeris,Reckless_Driving,2way,1.0,70,5G,-73,2.0,4.0,0.05,40.306303799720055,21.80800683157946,Unintentional
User_27,2025-08-21 02:42:28,0.535,0.7171,Running,Zep,Reckless_Driving,2way,1.0,50,3G,-72,82.0,-14.0,0.04,40.280591420321976,21.752991326000704,Unintentional
User_94,2025-08-21 04:19:02,0.681,0.564,Walking,Koila,Driving_Under_Influence,2way,0.0,60,3G,-120,49.0,21.0,0.0058005294602566,40.32178976087401,21.792317970530615,Unintentional
User_22,2025-08-21 06:03:20,0.413,0.5109,Driving,Koila,Speeding,4way,1.0,50,4G,-80,27.0,-3.0,0.022,40.32211915219925,21.79139062831311,Unintentional
User_01,2025-08-21 14:39:06,0.619,0.7368,Walking,Ligeris,Driving_Under_Influence,4way,0.0,60,WiFi,-72,79.0,7.0,0.026,40.30622285499234,21.80961965740578,Unintentional
User_34,2025-08-21 15:55:59,0.431,0.6189,Walking,Koila,Speeding,2way,1.0,50,3G,-96,91.0,2.0,0.031,40.32123857650364,21.79157769282128,Unintentional
User_38,2025-08-22 02:24:38,0.306,0.7721,Walking,Zep,Speeding,1way,1.0,70,5G,-89,45.0,-17.0,0.0092267683288862,40.28071157056717,21.754284669583367,Unintentional
User_57,2025-08-22 03:16:23,0.372,0.5782,Running,Koila,Speeding,1way,2.0,50,WiFi,-90,97.0,-24.0,0.0039960535497164,40.32210032097187,21.791397043729635,Unintentional
User_96,2025-08-22 05:58:07,0.261,0.7251,Walking,Zep,Reckless_Driving,2way,0.0,80,5G,-85,24.0,-18.0,0.0027264510375202,40.280031570684635,21.754262629960884,Unintentional
User_64,2025-08-22 09:22:45,0.511,0.8178,Driving,Ligeris,6,2way,0.0,30,5G,-97,49.0,2.0,0.047,40.30769256110667,21.80705566375886,Unintentional
User_58,2025-08-22 10:57:00,0.465,0.5,Running,Koila,Driving_Under_Influence,1way,0.0,50,4G,-118,27.0,2.0,0.022,40.323011240901835,21.790136565154295,Unintentional
User_59,2025-08-22 13:04:46,0.265,0.6452,Running,Ligeris,Reckless_Driving,4way,2.0,Illegal_Parking,WiFi,-65,22.0,-1.0,0.031,40.305260669592265,21.80840478068898,Unintentional
User_66,2025-08-22 13:55:58,0.28,0.6957,Driving,Koila,Driving_Under_Influence,2way,1.0,60,WiFi,-61,68.0,15.0,0.035,40.322659362624435,21.79114470449032,Unintentional
User_94,2025-08-22 21:35:29,0.681,0.567,Running,Koila,Driving_Under_Influence,1way,0.0,50,WiFi,-87,98.0,-7.0,0.036,40.32360442131137,21.790232788003365,Unintentional
User_35,2025-08-22 23:18:35,0.274,0.5472,Walking,Koila,Speeding,2way,0.0,20,WiFi,-62,31.0,12.0,0.048,40.3231374461544,21.790441738173296,Unintentional
User_89,2025-08-22 23:29:02,0.336,0.4801,Running,Zep,Reckless_Driving,1way,1.0,80,5G,-88,85.0,-18.0,0.0071769315246632,40.27880261154656,21.753864216311097,Unintentional
User_28,2025-08-23 00:06:54,0.348,0.7783,Driving,Ligeris,Speeding,1way,0.0,20,5G,-90,8.0,-21.0,0.0097102911118628,40.306183442465525,21.807450086658008,Unintentional
User_62,2025-08-23 03:06:22,0.366,0.5772,Driving,Koila,Reckless_Driving,4way,1.0,10,4G,-78,12.0,0.0,0.048,40.32195759051434,21.790733891839096,Unintentional
User_26,2025-08-23 04:09:19,0.408,0.7165,Walking,Koila,Driving_Under_Influence,2way,1.0,50,5G,-104,18.0,-19.0,0.0045548771023631,40.32187195432037,21.79128735494951,Unintentional
User_07,2025-08-23 08:13:49,0.625,0.5504,Driving,Zep,Speeding,2way,2.0,90,WiFi,-73,50.0,-21.0,0.0048445426105125,40.28104142998354,21.753427733534867,Unintentional
User_54,2025-08-23 10:05:59,0.327,0.7429,Driving,Zep,Speeding,2way,1.0,40,4G,-94,75.0,-22.0,0.0056068194371341,40.27831960323529,21.752689074821458,Unintentional
User_80,2025-08-23 12:02:32,0.704,0.6287,Running,Koila,Reckless_Driving,2way,1.0,30,3G,-104,26.0,1.0,0.044,40.280437555976846,21.75235272826439,Unintentional
User_01,2025-08-23 13:05:10,0.619,0.7418,Walking,Zep,Speeding,4way,2.0,40,5G,-101,45.0,-3.0,0.029,40.2804504545722,21.75499514024974,Unintentional
User_30,2025-08-23 13:18:06,0.413,0.5594,Running,Zep,Reckless_Driving,2way,0.0,10,5G,-109,6.0,3.0,0.027,40.27855749769227,21.754244820459707,Unintentional
User_37,2025-08-23 16:45:34,0.306,0.7444,Running,Ligeris,Driving_Under_Influence,2way,0.0,20,3G,-116,85.0,-13.0,0.023,40.3069840642492,21.807010738761313,Unintentional
User_39,2025-08-23 19:44:23,0.598,0.6177,Walking,Koila,Reckless_Driving,2way,0.0,10,4G,-112,36.0,20.0,0.0043274785382233,40.321848458363995,21.792676654137654,Unintentional
User_58,2025-08-23 23:31:03,0.465,0.503,Running,Koila,Reckless_Driving,1way,0.0,30,3G,-105,74.0,-25.0,0.0052934536736426,40.322069193392124,21.79129682475451,Unintentional
User_95,2025-08-24 01:55:12,0.46,0.7439,Running,Ligeris,Reckless_Driving,4way,1.0,40,WiFi,-78,18.0,4.0,0.032,40.30599517955594,21.807358122918,Unintentional
User_47,2025-08-24 04:17:02,0.585,0.5782,Walking,Ligeris,Speeding,1way,1.0,40,3G,-87,60.0,-11.0,0.025,40.307209819713414,21.80609057427718,Unintentional
User_38,2025-08-24 07:10:51,0.306,0.7771,Running,Ligeris,Reckless_Driving,2way,1.0,30,3G,-77,24.0,-20.0,0.0037256821507759,40.30639370503761,21.807048092014412,Unintentional
User_93,2025-08-24 08:15:46,0.588,0.4912,Walking,Koila,Reckless_Driving,2way,4.0,10,3G,-102,24.0,15.0,0.021,40.322068267281,21.791248012445383,Unintentional
User_90,2025-08-24 09:25:46,0.525,0.5318,Running,Zep,Driving_Under_Influence,1way,2.0,60,WiFi,-73,47.0,-23.0,0.0055130002573266,40.28017747133359,21.755243881544445,Unintentional
User_80,2025-08-24 11:35:01,0.704,0.6317,Walking,Ligeris,Driving_Under_Influence,4way,0.0,30,4G,-86,56.0,19.0,0.0094369889750207,40.306366276408696,21.809396074359817,Unintentional
User_62,2025-08-24 16:17:01,0.366,0.5802,Walking,Koila,Speeding,1way,1.0,80,5G,-73,4.0,-5.0,0.043,40.32267012042228,21.791248374502896,Unintentional
User_13,2025-08-24 17:48:11,0.75,0.7144,Running,Ligeris,Reckless_Driving,4way,0.0,80,5G,-111,10.0,18.0,0.0056952756547446,40.30617323692875,21.8074506177405,Unintentional
User_42,2025-08-24 19:49:36,0.738,0.5846,Driving,Zep,Reckless_Driving,4way,4.0,40,3G,-74,65.0,25.0,0.0084947126494274,40.28018669957984,21.752941480135497,Unintentional
User_16,2025-08-25 03:14:17,0.513,0.6787,Driving,Ligeris,Speeding,2way,0.0,70,3G,-83,82.0,13.0,0.04,40.306230115631266,21.808319022569783,Unintentional
User_97,2025-08-25 07:20:50,0.337,0.7523,Walking,Zep,Driving_Under_Influence,1way,4.0,80,WiFi,-79,40.0,-20.0,0.0061566001151184,40.27943619821721,21.753062839341226,Unintentional
User_58,2025-08-25 09:13:02,0.465,0.506,Walking,Koila,Reckless_Driving,4way,1.0,50,5G,-107,54.0,-3.0,0.024,40.32031096534099,21.791266150050177,Unintentional
User_84,2025-08-25 11:30:01,0.527,0.5467,Running,Ligeris,Speeding,4way,0.0,80,4G,-73,69.0,-3.0,0.045,40.30685144883513,21.8075677107605,Unintentional
User_08,2025-08-25 15:51:07,0.347,0.8308,Running,Koila,Reckless_Driving,2way,1.0,30,WiFi,-90,21.0,-23.0,0.0077989612714414,40.3216494717694,21.79172627970002,Unintentional
User_91,2025-08-25 22:20:25,0.587,0.7778,Running,Koila,Reckless_Driving,2way,3.0,60,3G,-84,8.0,-6.0,0.031,40.32089428308001,21.79274231133829,Unintentional
User_54,2025-08-26 00:15:06,0.327,0.7489,Running,Koila,Reckless_Driving,1way,1.0,30,WiFi,-53,92.0,18.0,0.0036787837351042,40.32098221043252,21.7904868129597,Unintentional
User_82,2025-08-26 05:40:01,0.324,0.6879,Running,Ligeris,Driving_Under_Influence,2way,0.0,60,4G,-100,22.0,19.0,0.0043629829284172,40.30592193886051,21.805392817835266,Unintentional
User_30,2025-08-26 06:22:05,0.413,0.5644,Running,Zep,Driving_Under_Influence,4way,1.0,10,5G,-84,78.0,-2.0,0.023,40.27911271829518,21.75324909275013,Unintentional
User_67,2025-08-26 07:34:24,0.529,0.6856,Running,Zep,Reckless_Driving,2way,2.0,40,4G,-71,46.0,-23.0,0.006752542497239,40.27933060213112,21.753858519994814,Unintentional
User_13,2025-08-26 08:10:19,0.75,0.7184,Driving,Ligeris,8,2way,1.0,80,WiFi,-84,60.0,-6.0,0.034,40.30704601103041,21.807953381957592,Unintentional
User_31,2025-08-26 08:29:51,0.46,0.8274,Walking,Koila,Reckless_Driving,1way,3.0,60,5G,-87,34.0,11.0,0.036,40.32215502332329,21.791919090639645,Unintentional
User_14,2025-08-26 11:04:39,0.393,0.6814,Running,Zep,Speeding,4way,0.0,80,WiFi,-58,11.0,1.0,0.047,40.27895714956299,21.752591304444906,Unintentional
User_28,2025-08-26 11:40:57,0.348,0.7853,Walking,Zep,Reckless_Driving,4way,2.0,90,3G,-77,99.0,-22.0,0.0054795988370646,40.27923513257759,21.75409060140112,Unintentional
User_33,2025-08-26 12:44:28,0.634,0.6882,Driving,Koila,Driving_Under_Influence,2way,1.0,40,WiFi,-88,21.0,-14.0,0.038,40.32118198404753,21.792628617926663,Unintentional
User_87,2025-08-26 17:38:44,0.709,0.5641,Driving,Ligeris,Speeding,2way,1.0,80,3G,-88,1.0,22.0,0.0062419400807811,40.30532085528248,21.806778946287523,Unintentional
User_55,2025-08-26 22:23:05,0.447,0.8114,Running,Ligeris,Speeding,1way,0.0,50,4G,-113,45.0,-23.0,0.0059666721198333,40.30798446109078,21.80752462953149,Unintentional
User_70,2025-08-26 23:19:54,0.601,0.5699,Driving,Ligeris,Speeding,1way,1.0,20,3G,-96,43.0,-25.0,0.0034292299304928,40.30623321579938,21.807493774187716,Unintentional
User_76,2025-08-27 06:43:45,0.355,0.6751,Walking,Zep,Reckless_Driving,4way,1.0,40,4G,-108,12.0,18.0,0.0040950675423215,40.278764681455385,21.754024827294916,Unintentional
User_48,2025-08-27 07:00:49,0.599,0.7444,Walking,Zep,Speeding,4way,0.0,70,5G,-109,15.0,-4.0,0.023,40.27938161720461,21.75309582259411,Unintentional
User_89,2025-08-27 11:36:14,0.336,0.4891,Driving,Ligeris,Driving_Under_Influence,2way,0.0,40,4G,-117,61.0,-23.0,0.0093664485121974,40.30613559870063,21.809664140370717,Unintentional
User_12,2025-08-27 14:04:05,0.67,0.8292,Running,Ligeris,Speeding,2way,0.0,Lane_Discards,4G,-70,45.0,17.0,0.0083907407297523,40.3077301861092,21.80703586416456,Unintentional
User_25,2025-08-27 14:42:23,0.408,0.6138,Walking,Ligeris,Speeding,2way,0.0,60,WiFi,-71,75.0,-22.0,0.0020427286724278,40.307496291309675,21.807305464933208,Unintentional
User_06,2025-08-27 16:11:53,0.584,0.8455,Running,Zep,Driving_Under_Influence,2way,0.0,40,3G,-106,8.0,5.0,0.035,40.279608521331774,21.75143610877409,Unintentional
User_59,2025-08-27 16:49:36,0.265,0.6542,Walking,Koila,Speeding,4way,1.0,20,WiFi,-76,6.0,-17.0,0.0077489071396592,40.32105764754171,21.79260054116067,Unintentional
User_41,2025-08-27 17:52:17,0.628,0.6391,Driving,Koila,Speeding,2way,0.0,50,4G,-72,23.0,24.0,0.0068994498139588,40.322928938434686,21.792382362374138,Unintentional
User_62,2025-08-27 18:32:03,0.366,0.5862,Driving,Ligeris,Reckless_Driving,2way,1.0,Harassing_Driver,WiFi,-88,16.0,-17.0,0.0079725447294933,40.30737754632717,21.806554136946733,Unintentional
User_78,2025-08-27 23:23:09,0.347,0.7166,Walking,Koila,Reckless_Driving,2way,4.0,50,3G,-109,0.0,15.0,0.037,40.323108256732674,21.79113729737831,Unintentional
User_49,2025-08-28 12:28:59,0.637,0.8203,Driving,Koila,6,2way,2.0,40,4G,-107,59.0,-19.0,0.0075577344729716,40.32207935084219,21.7917718779301,Unintentional
User_30,2025-08-28 13:46:57,0.413,0.5694,Walking,Zep,Speeding,4way,1.0,60,3G,-89,23.0,-13.0,0.028,40.27847067382667,21.753620503798764,Unintentional
User_29,2025-08-28 14:53:49,0.415,0.6434,Driving,Zep,Driving_Under_Influence,4way,0.0,30,5G,-98,15.0,-17.0,0.0043520566253846,40.28090140053447,21.752742362093727,Unintentional
User_51,2025-08-28 15:18:03,0.613,0.86,Running,Koila,Speeding,2way,0.0,90,3G,-98,98.0,-3.0,0.033,40.3229772659906,21.7915260067671,Unintentional
User_73,2025-08-28 17:16:47,0.46,0.6687,Driving,Koila,Driving_Under_Influence,1way,2.0,40,4G,-88,75.0,-24.0,0.0028871640272728,40.323283475464024,21.79110656971351,Unintentional
User_07,2025-08-29 04:10:07,0.625,0.5614,Walking,Koila,Driving_Under_Influence,2way,2.0,20,4G,-82,56.0,-20.0,0.0096317780180932,40.320672373677496,21.790388122004604,Unintentional
User_67,2025-08-29 05:43:00,0.529,0.6926,Walking,Zep,Reckless_Driving,4way,2.0,20,WiFi,-60,73.0,-18.0,0.0051266540199712,40.2792706362096,21.75432205631107,Unintentional
User_97,2025-08-29 08:21:07,0.337,0.7603,Running,Ligeris,Reckless_Driving,2way,1.0,Harassing_Driver,3G,-98,99.0,4.0,0.045,40.30646741642353,21.806997261523065,Unintentional
User_49,2025-08-29 08:35:34,0.637,0.8223,Driving,Zep,Speeding,2way,160.0,20,WiFi,-51,49.0,-20.0,0.0031389707407015,40.27832774195259,21.75303067098602,Unintentional
User_43,2025-08-29 12:42:17,0.46,0.6407,Walking,Zep,Reckless_Driving,1way,1.0,110,4G,-74,52.0,19.0,0.0088261635041615,40.28010955723944,21.753060150047418,Unintentional
User_12,2025-08-29 20:09:11,0.67,0.8332,Driving,Koila,Speeding,1way,1.0,Illegal_Parking,WiFi,-55,23.0,21.0,0.0060499814858857,40.322069864258246,21.791183693478203,Unintentional
User_05,2025-08-29 22:07:41,0.743,0.7777,Driving,Koila,7,4way,4.0,40,5G,-120,77.0,-10.0,0.025,40.3218195134895,21.79047256077823,Unintentional
User_48,2025-08-29 22:45:55,0.599,0.7494,Driving,Ligeris,Reckless_Driving,4way,150.0,60,5G,-96,86.0,7.0,0.034,40.3058318885206,21.807298076151397,Unintentional
User_14,2025-08-30 00:08:25,0.393,0.6894,Driving,Koila,Reckless_Driving,2way,0.0,70,5G,-84,85.0,4.0,0.023,40.322435004678624,21.78910155313465,Unintentional
User_67,2025-08-30 02:55:10,0.529,0.6936,Driving,Ligeris,Reckless_Driving,1way,0.0,50,4G,-103,46.0,-11.0,0.042,40.30620191892834,21.80747562789644,Unintentional
User_06,2025-08-30 05:46:51,0.584,0.8505,Walking,Zep,Reckless_Driving,2way,0.0,20,WiFi,-59,50.0,-16.0,0.026,40.28041687954489,21.755260752369864,Unintentional
User_41,2025-08-30 07:05:37,0.628,0.6441,Walking,Zep,Speeding,1way,150.0,70,4G,-98,64.0,0.0,0.048,40.28053623980357,21.75251099865116,Unintentional
User_38,2025-08-30 08:22:56,0.306,0.7881,Walking,Koila,Driving_Under_Influence,2way,0.0,40,5G,-88,95.0,-19.0,0.0077883158741565,40.32181255783121,21.789144508527965,Unintentional
User_02,2025-08-30 08:47:01,0.529,0.7826,Running,Koila,Speeding,2way,0.0,30,4G,-102,54.0,-21.0,0.0041164332250989,40.32057761614764,21.791256784153244,Unintentional
User_93,2025-08-30 09:23:39,0.588,0.5042,Walking,Ligeris,Speeding,4way,3.0,60,WiFi,-77,2.0,-17.0,0.0081026080064666,40.306230115631266,21.806756289403538,Unintentional
User_41,2025-08-30 12:22:35,0.628,0.6451,Walking,Ligeris,Speeding,4way,0.0,50,4G,-105,60.0,-2.0,0.027,40.306129240044825,21.807101210984214,Unintentional
User_30,2025-08-30 14:01:27,0.413,0.5734,Driving,Zep,Reckless_Driving,4way,2.0,10,WiFi,-70,38.0,7.0,0.024,40.27919926760002,21.753035119545583,Unintentional
User_55,2025-08-30 15:54:31,0.447,0.8194,Driving,Zep,Speeding,2way,1.0,90,4G,-107,65.0,22.0,0.0010784110431644,40.27957234609154,21.75112064154652,Unintentional
User_10,2025-08-30 16:57:20,0.46,0.8328,Running,Ligeris,Driving_Under_Influence,1way,2.0,20,3G,-120,99.0,19.0,0.001517393593765,40.30704521408042,21.80793814717742,Unintentional
User_91,2025-08-30 18:23:13,0.587,0.7878,Walking,Ligeris,Reckless_Driving,1way,1.0,80,4G,-77,63.0,-3.0,0.03,40.30598896314969,21.807233723196337,Unintentional
User_98,2025-08-30 20:03:31,0.46,0.6358,Running,Koila,Reckless_Driving,2way,0.0,70,4G,-100,56.0,-1.0,0.024,40.32133952232158,21.79146512542145,Unintentional
User_17,2025-08-31 04:33:00,0.631,0.6248,Running,Zep,Driving_Under_Influence,1way,0.0,40,5G,-89,74.0,-1.0,0.046,40.279663144053856,21.75428757666608,Unintentional
User_88,2025-08-31 04:56:19,0.471,0.6107,Walking,Zep,Driving_Under_Influence,4way,2.0,Illegal_Parking,4G,-111,76.0,-16.0,0.021,40.306230115631266,21.75373752883963,Unintentional
User_25,2025-08-31 06:46:57,0.408,0.6208,Driving,Koila,Reckless_Driving,2way,0.0,10,4G,-73,89.0,14.0,0.027,40.32358124335594,21.791920433189095,Unintentional
User_46,2025-08-31 10:00:09,0.519,0.8256,Walking,Ligeris,Speeding,2way,0.0,30,4G,-114,67.0,-23.0,0.005653142335994,40.30575935480727,21.80646977192046,Unintentional
User_67,2025-08-31 10:03:55,0.529,0.6966,Running,Ligeris,Speeding,4way,0.0,30,5G,-82,16.0,5.0,0.022,40.30692953147804,21.808932819451545,Unintentional
User_55,2025-08-31 10:10:54,0.447,0.8204,Running,Zep,Speeding,4way,0.0,10,3G,-79,91.0,24.0,0.0054362322911112,40.2793948779409,21.75553250397507,Unintentional
User_99,2025-08-31 11:12:06,0.465,0.6944,Running,Ligeris,Reckless_Driving,4way,1.0,20,5G,-106,65.0,24.0,0.0044995225689452,40.30617651123298,21.806546875283715,Unintentional
User_95,2025-08-31 12:19:33,0.545,0.7579,Driving,Ligeris,Reckless_Driving,1way,1.0,80,5G,-94,59.0,1.0,0.05,40.3069897006352,21.807738158216715,Unintentional
User_06,2025-08-31 14:00:56,0.584,0.8535,Walking,Zep,Reckless_Driving,2way,0.0,40,4G,-87,81.0,23.0,0.0012033392526299,40.27814405665302,21.752158080058543,Unintentional
User_64,2025-08-31 14:48:43,0.511,0.8358,Running,Ligeris,Driving_Under_Influence,4way,3.0,110,3G,-89,52.0,7.0,0.04,40.30720627327094,21.805574009349677,Unintentional
User_95,2025-08-31 20:09:02,0.545,0.7589,Driving,Ligeris,Reckless_Driving,1way,1.0,30,4G,-85,10.0,-20.0,0.0094400143608235,40.30534655373363,21.806678681346717,Unintentional
User_94,2025-08-31 21:35:33,0.681,0.585,Driving,Zep,Reckless_Driving,2way,0.0,60,WiFi,-79,75.0,-10.0,0.036,40.27904783440689,21.75361060007724,Unintentional
User_88,2025-08-31 23:45:26,0.471,0.6117,Running,Zep,Reckless_Driving,4way,0.0,50,4G,-113,77.0,-20.0,0.002130202194406,40.27899454348717,21.752776507792102,Unintentional
User_91,2025-09-01 00:37:05,0.587,0.7908,Driving,Zep,Driving_Under_Influence,2way,140.0,50,WiFi,-78,16.0,-14.0,0.041,40.27978589557831,21.753613345959057,Unintentional
User_47,2025-09-01 02:06:09,0.585,0.5952,Running,Ligeris,Reckless_Driving,2way,0.0,80,WiFi,-87,69.0,-16.0,0.038,40.306422459091486,21.80803115191924,Unintentional
User_70,2025-09-01 06:05:13,0.601,0.5809,Running,Zep,Driving_Under_Influence,2way,0.0,90,4G,-101,95.0,-16.0,0.023,40.27949024883878,21.75383116422115,Unintentional
User_20,2025-09-01 09:25:41,0.334,0.8081,Running,Koila,Reckless_Driving,2way,1.0,60,3G,-87,18.0,7.0,0.048,40.32253460401111,21.79161847050439,Unintentional
User_51,2025-09-01 09:42:09,0.613,0.867,Running,Ligeris,Speeding,2way,0.0,40,5G,-72,8.0,13.0,0.026,40.30643980039867,21.808145202952744,Unintentional
User_86,2025-09-01 12:38:41,0.469,0.4891,Driving,Koila,Reckless_Driving,4way,140.0,40,3G,-120,49.0,-22.0,0.0064172402267488,40.30649112173397,21.80902863026989,Unintentional
User_13,2025-09-01 20:00:50,0.75,0.7304,Walking,Koila,Driving_Under_Influence,2way,0.0,50,5G,-72,55.0,-21.0,0.0072871745951484,40.306230115631266,21.791528957062088,Unintentional
User_13,2025-09-01 21:04:33,0.75,0.7314,Driving,Koila,Reckless_Driving,1way,2.0,60,5G,-112,26.0,-14.0,0.032,40.32176285859566,21.78992481187895,Unintentional
User_76,2025-09-02 00:12:11,0.355,0.6871,Walking,Ligeris,Driving_Under_Influence,4way,0.0,30,WiFi,-82,20.0,-22.0,0.0030349483663397,40.30629529811181,21.807412494951997,Unintentional
User_88,2025-09-02 01:17:33,0.471,0.6147,Driving,Ligeris,Reckless_Driving,2way,0.0,30,4G,-96,48.0,21.0,0.0026843296178833,40.30518686208177,21.80930023675485,Unintentional
User_98,2025-09-02 02:07:23,0.46,0.6408,Walking,Ligeris,Driving_Under_Influence,4way,1.0,Harassing_Driver,4G,-118,18.0,-25.0,0.003708001269912,40.30596503294177,21.806031661522997,Unintentional
User_75,2025-09-02 08:45:14,0.409,0.6611,Walking,Zep,Driving_Under_Influence,2way,2.0,10,WiFi,-72,83.0,-18.0,0.0011743061409033,40.27975563714042,21.75246803851501,Unintentional
User_35,2025-09-02 09:11:01,0.274,0.5682,Walking,Zep,Reckless_Driving,2way,0.0,50,3G,-111,4.0,-17.0,0.0021722663517095,40.27903660448886,21.75263031377477,Unintentional
User_97,2025-09-02 11:05:23,0.337,0.7693,Walking,Zep,Driving_Under_Influence,2way,140.0,20,5G,-106,19.0,17.0,0.0050051472385914,40.27985090836532,21.7531792320934,Unintentional
User_15,2025-09-02 12:41:28,0.627,0.7951,Walking,Ligeris,8,2way,0.0,70,5G,-108,11.0,6.0,0.035,40.30695158630886,21.80755573729664,Unintentional
User_45,2025-09-02 13:01:35,0.285,0.7613,Driving,Ligeris,Driving_Under_Influence,2way,160.0,50,WiFi,-79,49.0,-13.0,0.037,40.305264789760535,21.806785660923396,Unintentional
User_88,2025-09-02 13:17:07,0.471,0.6157,Running,Ligeris,Speeding,2way,2.0,60,3G,-86,7.0,25.0,0.0013668532892623,40.306469517425754,21.807287363636433,Unintentional
User_44,2025-09-02 13:23:52,0.332,0.5716,Walking,Koila,Driving_Under_Influence,2way,1.0,70,4G,-111,19.0,1.0,0.048,40.32175679553545,21.790874030421875,Unintentional
User_92,2025-09-02 19:09:11,0.694,0.6652,Running,Zep,Reckless_Driving,1way,3.0,10,3G,-102,46.0,-22.0,0.0042268601213231,40.2793672389135,21.7529611275047,Unintentional
User_04,2025-09-02 21:04:58,0.662,0.5417,Driving,Ligeris,Reckless_Driving,2way,0.0,60,3G,-80,20.0,16.0,0.03,40.3063834175133,21.808142646759272,Unintentional
User_44,2025-09-02 22:54:11,0.332,0.5726,Driving,Ligeris,Reckless_Driving,1way,1.0,10,WiFi,-81,27.0,8.0,0.043,40.306329660641374,21.807536365531806,Unintentional
User_79,2025-09-03 02:41:26,0.389,0.609,Walking,Koila,Reckless_Driving,1way,0.0,70,5G,-103,48.0,-17.0,0.0076998934481703,40.32137306918419,21.79210883404783,Unintentional
User_41,2025-09-03 04:21:34,0.628,0.6521,Driving,Ligeris,Driving_Under_Influence,2way,0.0,30,5G,-90,58.0,17.0,0.0078464577166914,40.3065169863097,21.809372436333003,Unintentional
User_82,2025-09-03 09:27:41,0.324,0.7039,Driving,Ligeris,Driving_Under_Influence,2way,0.0,50,3G,-95,59.0,23.0,0.004210375773232,40.30710684132346,21.807762323194066,Unintentional
User_15,2025-09-03 11:32:37,0.627,0.7981,Running,Koila,Reckless_Driving,1way,0.0,60,4G,-75,86.0,-19.0,0.0011239344621088,40.32090169866557,21.79176243882628,Unintentional
User_48,2025-09-03 11:44:48,0.599,0.7584,Driving,Zep,Reckless_Driving,1way,2.0,10,5G,-90,31.0,-25.0,0.0041355970157046,40.2800368238712,21.753158550701787,Unintentional
User_08,2025-09-03 14:00:30,0.347,0.8488,Driving,Koila,Driving_Under_Influence,2way,0.0,Illegal_Parking,5G,-119,44.0,-18.0,0.0082150737224905,40.32225147595382,21.791664410867867,Unintentional
User_75,2025-09-03 16:45:26,0.409,0.6641,Running,Koila,Reckless_Driving,1way,1.0,30,3G,-86,13.0,5.0,0.032,40.322531607258576,21.79161337102725,Unintentional
User_38,2025-09-03 19:13:41,0.306,0.5641,Driving,Ligeris,Reckless_Driving,4way,0.0,50,4G,-91,47.0,-2.0,0.028,40.306437781015354,21.80712439101946,Unintentional
User_02,2025-09-03 20:11:03,0.529,0.7916,Running,Koila,Driving_Under_Influence,4way,0.0,60,4G,-91,92.0,16.0,0.031,40.32053737201958,21.791413744013447,Unintentional
User_77,2025-09-03 21:11:59,0.428,0.5641,Walking,Zep,Reckless_Driving,4way,0.0,60,WiFi,-88,40.0,5.0,0.044,40.27953969475405,21.753219251281138,Unintentional
User_55,2025-09-03 23:23:22,0.447,0.8274,Driving,Zep,Driving_Under_Influence,2way,3.0,30,4G,-109,72.0,-20.0,0.009356731808232,40.27982688288983,21.751506967600452,Unintentional
User_18,2025-09-04 08:34:07,0.251,0.8825,Walking,Koila,Reckless_Driving,1way,0.0,60,4G,-93,90.0,-6.0,0.029,40.322030473379485,21.790159668462927,Unintentional
User_65,2025-09-04 08:36:41,0.448,0.5681,Walking,Ligeris,Driving_Under_Influence,1way,0.0,10,5G,-88,58.0,25.0,0.0032433875637282,40.30704951084964,21.80834508895035,Unintentional
User_90,2025-09-04 10:37:54,0.525,0.5528,Running,Ligeris,Speeding,2way,0.0,70,3G,-86,34.0,-8.0,0.047,40.306173888051674,21.807138185945455,Unintentional
User_02,2025-09-04 13:53:01,0.529,0.7936,Running,Zep,Driving_Under_Influence,1way,0.0,10,5G,-112,48.0,-4.0,0.041,40.27925776717592,21.753054499321657,Unintentional
User_74,2025-09-04 20:49:18,0.497,0.8504,Driving,Ligeris,Reckless_Driving,2way,1.0,70,4G,-93,58.0,17.0,0.0081740990912482,40.306939301263206,21.80828579781583,Unintentional
User_35,2025-09-04 22:33:32,0.274,0.5732,Walking,Ligeris,Speeding,2way,5.0,20,4G,-94,88.0,15.0,0.042,40.30603836448406,21.807107094750545,Unintentional
User_93,2025-09-04 23:20:38,0.588,0.5142,Driving,Koila,Reckless_Driving,1way,150.0,10,4G,-108,37.0,-3.0,0.031,40.32135538861243,21.78945582640803,Unintentional
User_99,2025-09-04 23:46:15,0.465,0.7034,Driving,Ligeris,Speeding,2way,0.0,80,3G,-71,92.0,-14.0,0.049,40.30556584442728,21.80795989738672,Unintentional
User_31,2025-09-05 14:48:05,0.56,0.8484,Running,Koila,Reckless_Driving,1way,0.0,30,WiFi,-70,90.0,-10.0,0.046,40.32203121086446,21.79124594276896,Unintentional
User_41,2025-09-05 19:20:50,0.628,0.6571,Driving,Zep,Reckless_Driving,1way,0.0,20,4G,-89,95.0,22.0,0.0054830001290578,40.2793185187636,21.7532824250806,Unintentional
User_75,2025-09-05 19:52:57,0.409,0.6681,Driving,Ligeris,Speeding,2way,1.0,20,WiFi,-86,28.0,25.0,0.0072759208557592,40.30748944114537,21.80705344801969,Unintentional
User_86,2025-09-06 00:33:44,0.469,0.4981,Driving,Zep,Driving_Under_Influence,1way,0.0,40,5G,-88,17.0,-13.0,0.042,40.281062404627335,21.752897565702185,Unintentional
User_37,2025-09-06 00:34:36,0.306,0.7724,Running,Ligeris,Driving_Under_Influence,2way,3.0,20,WiFi,-61,72.0,10.0,0.04,40.305607659743075,21.80716719429797,Unintentional
User_75,2025-09-06 00:59:29,0.409,0.6691,Walking,Zep,Speeding,4way,2.0,90,4G,-88,69.0,-7.0,0.029,40.27947690067792,21.752998252873624,Unintentional
User_28,2025-09-06 01:25:16,0.348,0.8063,Driving,Zep,Driving_Under_Influence,4way,1.0,40,4G,-120,58.0,-23.0,0.0041315902858069,40.27968640286922,21.752816892967285,Unintentional
User_01,2025-09-06 01:29:25,0.619,0.7688,Driving,Zep,Reckless_Driving,1way,0.0,60,4G,-74,49.0,16.0,0.021,40.280098734576995,21.754682458858547,Unintentional
User_45,2025-09-06 04:57:40,0.285,0.7703,Driving,Ligeris,Reckless_Driving,4way,3.0,50,WiFi,-87,82.0,-24.0,0.0024464440893828,40.30621851656588,21.807534195826776,Unintentional
User_89,2025-09-06 07:57:02,0.336,0.5091,Driving,Zep,Speeding,2way,2.0,80,5G,-103,61.0,17.0,0.0039204678798857,40.27959515902555,21.753165774761147,Unintentional
User_58,2025-09-06 08:38:21,0.465,0.53,Walking,Koila,Reckless_Driving,2way,0.0,Harassing_Driver,5G,-116,5.0,-1.0,0.039,40.32299964616734,21.791712089191623,Unintentional
User_87,2025-09-06 09:41:30,0.709,0.8782,Walking,Zep,Driving_Under_Influence,2way,0.0,40,5G,-70,63.0,10.0,0.049,40.27838657524541,21.75300438013528,Unintentional
User_50,2025-09-06 11:44:31,0.398,0.7296,Walking,Ligeris,Reckless_Driving,1way,1.0,60,3G,-102,92.0,0.0,0.038,40.30699533286208,21.80751144436262,Unintentional
User_52,2025-09-06 15:02:26,0.544,0.5742,Driving,Zep,Speeding,4way,1.0,80,4G,-108,55.0,-22.0,0.0033612048899441,40.279309429095214,21.753083267519266,Unintentional
User_08,2025-09-06 15:19:18,0.347,0.8558,Walking,Ligeris,Driving_Under_Influence,2way,0.0,30,WiFi,-58,94.0,-2.0,0.024,40.30708740970728,21.806431619347155,Unintentional
User_97,2025-09-06 17:19:11,0.337,0.7763,Driving,Zep,Driving_Under_Influence,2way,1.0,50,5G,-104,66.0,-24.0,0.0025623631411053,40.27839742758915,21.751742718821987,Unintentional
User_74,2025-09-06 17:49:18,0.497,0.8544,Driving,Koila,Speeding,2way,0.0,50,5G,-89,6.0,17.0,0.0037419307533114,40.32158433662247,21.7915389240553,Unintentional
User_13,2025-09-06 20:28:07,0.75,0.7414,Walking,Zep,Speeding,4way,0.0,70,4G,-101,49.0,8.0,0.028,40.2788167894141,21.751575624404445,Unintentional
User_97,2025-09-06 23:14:41,0.337,0.7773,Driving,Zep,Reckless_Driving,2way,1.0,30,WiFi,-72,96.0,18.0,0.0086127750249511,40.27795858191443,21.753181673050616,Unintentional
User_46,2025-09-07 00:01:37,0.519,0.8396,Walking,Ligeris,Driving_Under_Influence,2way,2.0,40,5G,-85,29.0,-19.0,0.0096764443882517,40.30603039788187,21.805374669842784,Unintentional
User_44,2025-09-07 08:44:14,0.332,0.5816,Running,Zep,Speeding,2way,140.0,60,4G,-70,37.0,12.0,0.023,40.306230115631266,21.75431388923566,Unintentional
User_50,2025-09-07 10:21:17,0.398,0.7306,Walking,Zep,Speeding,2way,1.0,10,5G,-87,74.0,-23.0,0.0092444126664813,40.28027031526596,21.753129246202725,Unintentional
User_35,2025-09-07 11:40:20,0.274,0.5782,Walking,Ligeris,Driving_Under_Influence,2way,0.0,20,4G,-73,21.0,-13.0,0.044,40.30691788244727,21.806544907638617,Unintentional
User_83,2025-09-07 13:07:49,0.309,0.8575,Driving,Zep,Driving_Under_Influence,2way,0.0,30,5G,-116,53.0,21.0,0.0082991877070985,40.27987484962386,21.753456869218432,Unintentional
User_82,2025-09-07 17:57:35,0.324,0.7119,Walking,Koila,Reckless_Driving,2way,0.0,50,3G,-96,84.0,25.0,0.003615893411677,40.32274448354579,21.79078781106685,Unintentional
User_21,2025-09-07 18:49:06,0.303,0.5122,Driving,Ligeris,Reckless_Driving,1way,1.0,70,5G,-112,36.0,25.0,0.0099630135278647,40.306207373705575,21.807581297896427,Unintentional
User_83,2025-09-08 00:11:09,0.309,0.8595,Walking,Koila,Driving_Under_Influence,1way,1.0,50,4G,-72,62.0,-23.0,0.0086537310618924,40.306230115631266,21.752902350028467,Unintentional
User_100,2025-09-08 03:17:02,0.37,0.755,Driving,Zep,8,4way,0.0,50,4G,-77,49.0,23.0,0.0027193401716864,40.27911407453908,21.75325915185497,Unintentional
User_27,2025-09-08 03:22:49,0.535,0.7521,Walking,Zep,Speeding,2way,3.0,90,WiFi,-80,44.0,-13.0,0.043,40.27902450591048,21.791256784153244,Unintentional
User_36,2025-09-08 03:43:17,0.563,0.8889,Walking,Zep,Driving_Under_Influence,1way,0.0,70,3G,-112,41.0,-20.0,0.0048408156715703,40.27906736829378,21.752264026757334,Unintentional
User_86,2025-09-08 03:54:38,0.469,0.5021,Walking,Zep,Reckless_Driving,2way,2.0,20,WiFi,-77,21.0,19.0,0.0088234537675782,40.27987342887093,21.752345521317988,Unintentional
User_63,2025-09-08 07:05:04,0.543,0.6166,Running,Koila,Speeding,4way,1.0,80,3G,-113,0.0,10.0,0.04,40.32151837778881,21.78995625506795,Unintentional
User_97,2025-09-08 09:38:09,0.337,0.7803,Driving,Ligeris,Speeding,1way,4.0,10,WiFi,-67,61.0,-19.0,0.0032999313280299,40.305257470568144,21.808361937550806,Unintentional
User_88,2025-09-08 14:32:02,0.471,0.6277,Running,Zep,Speeding,4way,0.0,100,4G,-71,45.0,14.0,0.038,40.27956256970428,21.753263104752055,Unintentional
User_71,2025-09-08 16:06:24,0.256,0.5033,Running,Zep,Reckless_Driving,2way,1.0,20,4G,-91,7.0,6.0,0.026,40.278907395898194,21.751381062309328,Unintentional
User_68,2025-09-08 16:54:22,0.472,0.5339,Driving,Ligeris,7,2way,4.0,30,5G,-117,84.0,-22.0,0.0014864481423547,40.30749538279058,21.807807854187708,Unintentional
User_10,2025-09-08 19:03:13,0.315,0.8508,Walking,Ligeris,Reckless_Driving,2way,0.0,30,5G,-85,37.0,4.0,0.044,40.305333108125254,21.808300678178416,Unintentional
User_69,2025-09-08 22:40:18,0.34,0.8611,Walking,Koila,Speeding,2way,1.0,40,WiFi,-57,95.0,2.0,0.033,40.32281755371901,21.79167783254757,Unintentional
User_67,2025-09-08 23:36:24,0.529,0.7126,Driving,Koila,Driving_Under_Influence,2way,1.0,30,4G,-70,7.0,-13.0,0.042,40.32207916665917,21.791070744932153,Unintentional
User_79,2025-09-09 01:48:45,0.389,0.62,Walking,Koila,Speeding,1way,1.0,50,5G,-95,25.0,1.0,0.037,40.321982240315656,21.791814378636396,Unintentional
User_84,2025-09-09 01:58:11,0.527,0.5757,Running,Koila,Reckless_Driving,2way,0.0,Lane_Discards,3G,-97,17.0,-25.0,0.0021026504109631,40.3221234521966,21.79101624694528,Unintentional
User_47,2025-09-09 02:53:13,0.585,0.6102,Walking,Zep,Reckless_Driving,2way,1.0,50,4G,-87,53.0,-12.0,0.037,40.279743626632566,21.754451534728418,Unintentional
User_92,2025-09-09 11:38:11,0.694,0.6782,Walking,Ligeris,Driving_Under_Influence,2way,1.0,40,5G,-119,60.0,-20.0,0.0066196370880813,40.30612892635766,21.80653239978501,Unintentional
User_75,2025-09-09 12:19:50,0.409,0.5641,Walking,Zep,Speeding,2way,1.0,30,4G,-119,60.0,15.0,0.037,40.27900209318657,21.752746191906084,Unintentional
User_24,2025-09-09 14:19:03,0.445,0.5846,Running,Ligeris,Reckless_Driving,1way,0.0,Lane_Discards,3G,-88,7.0,-1.0,0.034,40.30640395882114,21.80656628032191,Unintentional
User_28,2025-09-09 16:25:19,0.348,0.8133,Driving,Ligeris,Driving_Under_Influence,1way,0.0,60,3G,-99,45.0,8.0,0.032,40.306459377379205,21.807126551724327,Unintentional
User_38,2025-09-09 20:52:51,0.306,0.8091,Walking,Koila,Speeding,1way,0.0,70,5G,-70,90.0,-20.0,0.0021614162119307,40.32237575215174,21.7917907036814,Unintentional
User_49,2025-09-09 21:23:32,0.637,0.8443,Driving,Zep,Reckless_Driving,2way,1.0,70,3G,-70,24.0,-14.0,0.026,40.28030176308528,21.753483605892917,Unintentional
User_20,2025-09-10 02:49:45,0.334,0.8271,Driving,Koila,Speeding,2way,0.0,20,5G,-92,17.0,-24.0,0.0020050848189497,40.306230115631266,21.79147060064583,Unintentional
User_67,2025-09-10 03:59:19,0.529,0.7156,Driving,Zep,Driving_Under_Influence,2way,3.0,20,4G,-77,82.0,13.0,0.031,40.279911819260676,21.753261181912148,Unintentional
User_14,2025-09-10 04:01:22,0.393,0.7114,Driving,Zep,Speeding,4way,0.0,80,WiFi,-61,81.0,18.0,0.0071223928291468,40.278948123063635,21.754265290109533,Unintentional
User_70,2025-09-10 04:58:37,0.601,0.5989,Walking,Ligeris,Speeding,1way,1.0,Harassing_Driver,3G,-107,48.0,-7.0,0.046,40.307500684536095,21.808079950360053,Unintentional
User_47,2025-09-10 08:43:08,0.585,0.6122,Driving,Koila,Driving_Under_Influence,4way,1.0,Illegal_Parking,5G,-70,49.0,-21.0,0.0081639219341095,40.321067772242365,21.791952013644902,Unintentional
User_22,2025-09-10 12:37:08,0.413,0.5519,Running,Koila,Driving_Under_Influence,1way,1.0,100,4G,-89,40.0,23.0,0.0012978346679645,40.323006298170725,21.791256784153244,Unintentional
User_39,2025-09-10 14:14:20,0.598,0.6527,Walking,Zep,Driving_Under_Influence,2way,1.0,40,5G,-86,38.0,7.0,0.029,40.28011972476659,21.752862785975832,Unintentional
User_56,2025-09-10 15:54:02,0.374,0.5177,Running,Koila,Driving_Under_Influence,1way,0.0,20,5G,-91,62.0,-19.0,0.0097704727270012,40.32202921858874,21.790439681161622,Unintentional
User_49,2025-09-10 18:28:57,0.637,0.8463,Walking,Zep,Reckless_Driving,2way,0.0,40,5G,-116,43.0,-21.0,0.0080898059791271,40.28013203086648,21.755139061465467,Unintentional
User_72,2025-09-10 19:02:13,0.567,0.5465,Driving,Koila,Speeding,2way,2.0,40,4G,-118,33.0,21.0,0.0020027014257844,40.32160737384939,21.792152813385822,Unintentional
User_01,2025-09-10 19:24:34,0.619,0.7778,Driving,Koila,Reckless_Driving,1way,0.0,40,5G,-79,35.0,18.0,0.0047614053018958,40.32142618161795,21.79218791036968,Unintentional
User_60,2025-09-10 22:22:29,0.353,0.8708,Walking,Ligeris,Speeding,4way,0.0,40,5G,-102,83.0,24.0,0.0060444082214863,40.30612656996538,21.80836404724584,Unintentional
User_41,2025-09-11 00:43:47,0.628,0.6681,Driving,Ligeris,Reckless_Driving,2way,0.0,70,5G,-75,95.0,-17.0,0.0093384331465914,40.306526504238406,21.807473894429368,Unintentional
User_36,2025-09-11 02:35:38,0.563,0.8949,Running,Ligeris,Driving_Under_Influence,1way,0.0,Lane_Discards,4G,-110,76.0,-24.0,0.005951058994607,40.306831844869855,21.806891821026536,Unintentional
User_62,2025-09-11 03:51:08,0.366,0.6152,Running,Zep,Reckless_Driving,1way,1.0,20,3G,-109,12.0,12.0,0.03,40.279464876125736,21.75328866990329,Unintentional
User_94,2025-09-11 08:51:02,0.681,0.607,Walking,Koila,Speeding,2way,1.0,80,4G,-82,62.0,-5.0,0.037,40.32117249770342,21.79003180243199,Unintentional
User_73,2025-09-11 09:18:49,0.325,0.6967,Walking,Ligeris,Speeding,4way,0.0,10,3G,-116,54.0,0.0,0.025,40.305973748745544,21.80940461768601,Unintentional
User_91,2025-09-11 18:12:55,0.587,0.8118,Driving,Koila,Speeding,2way,1.0,40,5G,-103,57.0,-7.0,0.031,40.32088220002863,21.79112726955689,Unintentional
User_86,2025-09-11 18:13:19,0.469,0.5091,Driving,Ligeris,Reckless_Driving,2way,0.0,40,WiFi,-100,45.0,-4.0,0.047,40.30766360457699,21.80797514818535,Unintentional
User_14,2025-09-12 00:49:20,0.393,0.7154,Running,Koila,Driving_Under_Influence,1way,0.0,40,5G,-113,40.0,-16.0,0.04,40.32271896419889,21.791275663887895,Unintentional
User_91,2025-09-12 02:22:07,0.587,0.8128,Driving,Ligeris,7,1way,0.0,20,4G,-109,49.0,-18.0,0.0058221567843247,40.3048907712372,21.80600369600734,Unintentional
User_30,2025-09-12 04:57:29,0.413,0.5984,Driving,Zep,Speeding,4way,1.0,60,WiFi,-67,49.0,7.0,0.039,40.27855624332217,21.75427212701108,Unintentional
User_62,2025-09-12 09:29:14,0.366,0.6172,Driving,Koila,Reckless_Driving,1way,0.0,30,3G,-82,63.0,-24.0,0.004249275751034,40.32111064723481,21.792172939449845,Unintentional
User_99,2025-09-12 09:52:23,0.465,0.7184,Running,Koila,Speeding,4way,1.0,40,3G,-76,65.0,-20.0,0.0069999771616595,40.32245108003219,21.790141652204728,Unintentional
User_99,2025-09-12 10:20:44,0.465,0.7194,Running,Ligeris,Reckless_Driving,2way,1.0,80,3G,-76,31.0,12.0,0.026,40.30630437371827,21.807706237240648,Unintentional
User_16,2025-09-12 15:43:01,0.513,0.7147,Running,Zep,Reckless_Driving,2way,1.0,40,WiFi,-79,67.0,-7.0,0.04,40.27865829702811,21.75410934039363,Unintentional
User_94,2025-09-12 15:47:43,0.681,0.609,Running,Zep,Speeding,2way,1.0,Illegal_Parking,WiFi,-86,82.0,-13.0,0.039,40.279960080817006,21.753502585023252,Unintentional
User_69,2025-09-12 16:22:52,0.34,0.8691,Walking,Ligeris,Speeding,4way,0.0,30,5G,-104,45.0,2.0,0.027,40.3055840157559,21.805833862800007,Unintentional
User_42,2025-09-12 17:14:17,0.738,0.6226,Running,Koila,Driving_Under_Influence,2way,0.0,50,3G,-103,49.0,0.0,0.036,40.322268654389056,21.791525760736967,Unintentional
User_37,2025-09-12 21:24:21,0.306,0.7854,Running,Zep,Driving_Under_Influence,2way,0.0,30,3G,-112,86.0,-18.0,0.00745847888136,40.28074923237509,21.752165127420113,Unintentional
User_18,2025-09-12 22:02:09,0.251,0.8995,Walking,Ligeris,Speeding,1way,0.0,40,WiFi,-78,53.0,14.0,0.047,40.30588838661101,21.808974687578907,Unintentional
User_89,2025-09-13 01:32:48,0.336,0.5231,Running,Zep,Reckless_Driving,1way,1.0,40,3G,-79,29.0,16.0,0.04,40.2810202035413,21.75314494067986,Unintentional
User_33,2025-09-13 02:52:19,0.634,0.7242,Running,Ligeris,Reckless_Driving,2way,1.0,30,5G,-89,67.0,4.0,0.05,40.30690274776955,21.808628609705465,Unintentional
User_40,2025-09-13 03:53:37,0.482,0.8777,Running,Zep,Driving_Under_Influence,2way,0.0,20,WiFi,-112,10.0,8.0,0.049,40.28101917213253,21.754201784931904,Unintentional
User_69,2025-09-13 04:50:07,0.34,0.8701,Running,Koila,Reckless_Driving,1way,0.0,10,5G,-107,45.0,16.0,0.048,40.32153295844425,21.793063417023856,Unintentional
User_99,2025-09-13 11:58:33,0.465,0.7214,Running,Zep,Speeding,1way,0.0,40,3G,-94,22.0,19.0,0.0039191276400294,40.27816784480798,21.75345904279449,Unintentional
User_38,2025-09-13 12:35:30,0.306,0.8161,Driving,Zep,Speeding,2way,0.0,40,4G,-73,82.0,5.0,0.043,40.27961778181436,21.751263878642444,Unintentional
User_42,2025-09-13 13:24:30,0.738,0.6236,Driving,Zep,Speeding,2way,0.0,10,5G,-80,3.0,6.0,0.041,40.27924415486053,21.752195634857355,Unintentional
User_46,2025-09-13 15:37:11,0.519,0.8526,Driving,Koila,Driving_Under_Influence,1way,1.0,20,WiFi,-66,79.0,-23.0,0.0086129969645586,40.32286487745018,21.79119126552725,Unintentional
User_79,2025-09-13 17:42:57,0.389,0.629,Walking,Koila,Driving_Under_Influence,4way,0.0,30,5G,-86,39.0,2.0,0.049,40.321367432177865,21.792021687509543,Unintentional
User_73,2025-09-13 18:09:39,0.325,0.7017,Driving,Zep,Reckless_Driving,1way,0.0,80,4G,-117,93.0,-5.0,0.046,40.27990457259584,21.75520862362378,Unintentional
User_65,2025-09-13 20:35:13,0.448,0.5871,Driving,Koila,Driving_Under_Influence,2way,2.0,60,WiFi,-79,84.0,-9.0,0.037,40.32233406206848,21.7916631503798,Unintentional
User_28,2025-09-13 21:53:36,0.348,0.8213,Walking,Ligeris,Reckless_Driving,2way,0.0,80,3G,-103,71.0,18.0,0.0099980959288634,40.306128733533086,21.80634197601747,Unintentional
User_97,2025-09-13 22:51:58,0.337,0.7913,Walking,Zep,Speeding,2way,1.0,40,5G,-97,42.0,18.0,0.0028678400511418,40.2813139946374,21.753595338118373,Unintentional
User_48,2025-09-14 00:53:11,0.599,0.7804,Driving,Koila,Reckless_Driving,2way,140.0,10,4G,-109,64.0,16.0,0.031,40.32304976745194,21.79283683148926,Unintentional
User_07,2025-09-14 01:40:55,0.625,0.5934,Driving,Koila,Speeding,1way,0.0,30,WiFi,-88,65.0,-19.0,0.0040861741093047,40.321707781005294,21.790573964593538,Unintentional
User_62,2025-09-14 04:19:07,0.366,0.6212,Driving,Zep,Driving_Under_Influence,2way,2.0,30,3G,-104,95.0,20.0,0.0072421571846124,40.27948762582409,21.75357473416222,Unintentional
User_25,2025-09-14 05:50:55,0.408,0.6488,Running,Ligeris,Driving_Under_Influence,4way,1.0,70,3G,-94,9.0,-13.0,0.029,40.306829509089106,21.791256784153244,Unintentional
User_15,2025-09-14 06:10:02,0.627,0.8191,Running,Koila,Driving_Under_Influence,2way,0.0,90,5G,-108,95.0,-5.0,0.034,40.32167657122341,21.793183263628016,Unintentional
User_68,2025-09-14 06:14:36,0.472,0.5449,Running,Koila,Reckless_Driving,2way,1.0,10,4G,-77,49.0,12.0,0.022,40.321407475873215,21.79234680989642,Unintentional
User_89,2025-09-14 06:17:32,0.336,0.5251,Walking,Ligeris,Reckless_Driving,1way,5.0,80,3G,-119,37.0,-1.0,0.05,40.30577616946006,21.809234793502885,Unintentional
User_19,2025-09-14 07:49:54,0.745,0.8935,Running,Koila,Speeding,4way,4.0,40,4G,-73,88.0,-23.0,0.0060811776045839,40.32206980243231,21.791654861108277,Unintentional
User_62,2025-09-14 07:50:50,0.366,0.6222,Walking,Ligeris,Speeding,1way,1.0,70,WiFi,-72,58.0,-9.0,0.032,40.30621119949152,21.807216547482547,Unintentional
User_30,2025-09-14 10:08:10,0.413,0.6024,Running,Zep,Speeding,2way,0.0,80,WiFi,-50,40.0,-6.0,0.044,40.27951054410243,21.7545440751506,Unintentional
User_26,2025-09-14 11:44:10,0.408,0.7615,Driving,Koila,Reckless_Driving,2way,0.0,40,5G,-115,39.0,-20.0,0.001863008358864,40.32382754588255,21.79122200198711,Unintentional
User_68,2025-09-14 12:57:15,0.472,0.5459,Walking,Ligeris,Speeding,2way,1.0,30,3G,-99,99.0,-1.0,0.021,40.30630176725652,21.807527361707876,Unintentional
User_57,2025-09-14 15:08:13,0.372,0.6252,Walking,Zep,Driving_Under_Influence,1way,2.0,20,4G,-90,54.0,2.0,0.024,40.279937775690506,21.75360767147496,Unintentional
User_55,2025-09-14 15:55:42,0.447,0.8494,Walking,Ligeris,Reckless_Driving,2way,0.0,30,WiFi,-68,0.0,-20.0,0.0010689421444059,40.3063640231836,21.808479366607056,Unintentional
User_83,2025-09-14 18:22:07,0.309,0.8725,Driving,Ligeris,Driving_Under_Influence,2way,1.0,80,4G,-85,44.0,-14.0,0.025,40.30574191988771,21.807886927461155,Unintentional
User_58,2025-09-15 01:42:09,0.465,0.549,Walking,Ligeris,Reckless_Driving,4way,3.0,50,3G,-107,18.0,15.0,0.049,40.306576089113506,21.809472770680753,Unintentional
User_82,2025-09-15 02:01:10,0.324,0.7269,Walking,Zep,Reckless_Driving,2way,0.0,70,3G,-104,8.0,21.0,0.001554333049477,40.27896223355039,21.755099386474583,Unintentional
User_30,2025-09-15 03:15:38,0.413,0.6044,Driving,Koila,Reckless_Driving,2way,1.0,50,WiFi,-71,3.0,13.0,0.026,40.32268133345602,21.791844030352404,Unintentional
User_08,2025-09-15 05:34:49,0.347,0.8728,Driving,Zep,Reckless_Driving,4way,0.0,50,WiFi,-61,3.0,0.0,0.027,40.278533123246326,21.751906923917023,Unintentional
User_13,2025-09-15 05:40:53,0.75,0.7584,Walking,Ligeris,Reckless_Driving,2way,0.0,40,3G,-88,20.0,-2.0,0.027,40.30693192859509,21.80610861087098,Unintentional
User_08,2025-09-15 08:33:57,0.347,0.8738,Walking,Ligeris,Driving_Under_Influence,2way,0.0,30,4G,-97,24.0,13.0,0.048,40.30599065092341,21.807176071559898,Unintentional
User_10,2025-09-15 12:13:59,0.315,0.5641,Running,Koila,Reckless_Driving,1way,3.0,20,3G,-70,84.0,-1.0,0.039,40.279928725284975,21.754186020004987,Unintentional
User_51,2025-09-15 15:12:46,0.613,0.896,Running,Ligeris,Driving_Under_Influence,4way,2.0,30,4G,-86,68.0,13.0,0.042,40.30637571287832,21.80666800666607,Unintentional
User_40,2025-09-15 20:12:04,0.482,0.8827,Walking,Zep,Driving_Under_Influence,1way,0.0,Harassing_Driver,5G,-84,94.0,-24.0,0.0081203379392057,40.2798004748926,21.752685654652325,Unintentional
User_84,2025-09-15 22:00:23,0.527,0.5887,Running,Zep,Driving_Under_Influence,4way,1.0,30,4G,-99,8.0,-19.0,0.0064381631857821,40.279573242876005,21.75306718469255,Unintentional
User_14,2025-09-15 22:07:25,0.393,0.7224,Walking,Zep,Speeding,2way,0.0,40,4G,-117,77.0,-19.0,0.001175338161211,40.27863250924427,21.75359106775184,Unintentional
User_85,2025-09-15 22:44:22,0.254,0.6413,Running,Ligeris,Reckless_Driving,2way,1.0,30,3G,-88,100.0,23.0,0.0042061085720226,40.30625322982207,21.807481884631684,Unintentional
User_23,2025-09-16 00:20:22,0.458,0.665,Driving,Ligeris,Speeding,4way,160.0,40,WiFi,-83,13.0,23.0,0.0064370921662178,40.30624174226879,21.806489099138272,Unintentional
User_33,2025-09-16 02:06:18,0.634,0.7302,Running,Koila,Speeding,2way,0.0,30,3G,-92,41.0,-3.0,0.041,40.32270506142519,21.790731080980706,Unintentional
User_19,2025-09-16 05:47:37,0.745,0.8985,Walking,Zep,Driving_Under_Influence,2way,0.0,80,5G,-93,8.0,15.0,0.024,40.2798940064664,21.7525751366895,Unintentional
User_56,2025-09-16 06:33:16,0.374,0.5287,Running,Ligeris,Reckless_Driving,2way,1.0,50,3G,-106,34.0,21.0,0.004802977507944,40.30687473182549,21.80878975403753,Unintentional
User_53,2025-09-16 07:04:51,0.313,0.6166,Running,Koila,Reckless_Driving,2way,1.0,60,WiFi,-83,58.0,17.0,0.0075668470078977,40.32087725474579,21.792965369637777,Unintentional
User_92,2025-09-16 12:20:46,0.694,0.6922,Walking,Koila,Driving_Under_Influence,2way,4.0,70,WiFi,-87,66.0,23.0,0.0083882390275577,40.32200847564736,21.79128160627908,Unintentional
User_99,2025-09-16 14:23:09,0.465,0.7274,Driving,Zep,Driving_Under_Influence,2way,0.0,30,4G,-110,1.0,-22.0,0.0010378191328394,40.27955844335904,21.75324054698159,Unintentional
User_48,2025-09-16 16:36:18,0.599,0.7854,Driving,Koila,Reckless_Driving,1way,2.0,70,4G,-104,49.0,11.0,0.044,40.32221351107632,21.7906199332752,Unintentional
User_30,2025-09-16 17:40:32,0.413,0.6074,Walking,Koila,Speeding,2way,5.0,80,WiFi,-75,71.0,15.0,0.024,40.32133605394915,21.7918951324148,Unintentional
User_21,2025-09-16 20:36:28,0.303,0.5302,Walking,Ligeris,Driving_Under_Influence,1way,1.0,20,5G,-73,59.0,-11.0,0.022,40.306200712429245,21.80783678446966,Unintentional
User_64,2025-09-16 22:29:06,0.511,0.8688,Driving,Zep,Driving_Under_Influence,2way,1.0,20,5G,-92,21.0,-19.0,0.0066796944425155,40.27959695585351,21.75309711378969,Unintentional
User_42,2025-09-17 01:27:57,0.738,0.6316,Running,Koila,Driving_Under_Influence,2way,1.0,20,3G,-113,66.0,-25.0,0.0061912665049752,40.32141941396811,21.790645949225176,Unintentional
User_66,2025-09-17 02:52:58,0.28,0.7477,Running,Ligeris,Reckless_Driving,1way,0.0,60,WiFi,-67,9.0,-22.0,0.0028090927985652,40.30570864746711,21.80713002081498,Unintentional
User_97,2025-09-17 06:10:49,0.337,0.7983,Running,Zep,Reckless_Driving,2way,140.0,30,5G,-80,30.0,18.0,0.0038190115764001,40.27916554910355,21.75377195326604,Unintentional
User_99,2025-09-17 06:38:19,0.465,0.7284,Walking,Ligeris,Driving_Under_Influence,4way,1.0,Illegal_Parking,5G,-74,54.0,-24.0,0.0072826141932354,40.30628318960533,21.80688185728888,Unintentional
User_01,2025-09-17 08:05:40,0.619,0.7908,Running,Zep,Speeding,4way,1.0,70,3G,-106,4.0,5.0,0.021,40.27957146991976,21.75415729968901,Unintentional
User_26,2025-09-17 09:34:00,0.408,0.7665,Running,Ligeris,Reckless_Driving,2way,0.0,60,WiFi,-59,37.0,3.0,0.041,40.30675901854499,21.807018102686676,Unintentional
User_81,2025-09-17 12:31:33,0.376,0.8025,Driving,Ligeris,6,1way,0.0,50,5G,-120,56.0,-5.0,0.031,40.30663636812477,21.808667434746813,Unintentional
User_49,2025-09-17 16:31:18,0.637,0.8603,Walking,Ligeris,Reckless_Driving,1way,1.0,50,WiFi,-52,68.0,-2.0,0.04,40.30594456563011,21.807296936531102,Unintentional
User_55,2025-09-17 19:02:45,0.447,0.8544,Running,Ligeris,Driving_Under_Influence,2way,1.0,30,WiFi,-63,33.0,-6.0,0.034,40.3074983902317,21.80856318715816,Unintentional
User_54,2025-09-17 20:18:53,0.327,0.7939,Driving,Zep,Reckless_Driving,4way,0.0,20,4G,-90,33.0,14.0,0.045,40.28062299948734,21.75405586459226,Unintentional
User_21,2025-09-17 20:41:18,0.303,0.5322,Driving,Koila,Speeding,2way,1.0,10,WiFi,-84,90.0,18.0,0.0091268752806794,40.32205092528632,21.79081884091188,Unintentional
User_80,2025-09-17 22:38:55,0.704,0.6787,Walking,Koila,Driving_Under_Influence,1way,0.0,Harassing_Driver,4G,-99,92.0,23.0,0.0074858632366152,40.3219785530821,21.790870070923,Unintentional
User_07,2025-09-17 23:14:55,0.625,0.6004,Running,Koila,Driving_Under_Influence,1way,1.0,40,3G,-117,82.0,15.0,0.04,40.321746660775005,21.79135477578121,Unintentional
User_82,2025-09-18 00:02:16,0.324,0.7329,Running,Ligeris,Driving_Under_Influence,1way,0.0,30,WiFi,-70,36.0,-20.0,0.0028092952600073,40.306114981435925,21.80721799061234,Unintentional
User_77,2025-09-18 08:10:55,0.428,0.5385,Walking,Ligeris,Reckless_Driving,2way,1.0,40,5G,-106,35.0,7.0,0.042,40.30600556609373,21.80724200124942,Unintentional
User_26,2025-09-18 08:54:18,0.408,0.7695,Walking,Ligeris,Driving_Under_Influence,1way,0.0,70,WiFi,-64,54.0,-24.0,0.0079602624590408,40.30545055224032,21.807511211702337,Unintentional
User_53,2025-09-18 17:12:41,0.313,0.6206,Walking,Ligeris,Driving_Under_Influence,2way,0.0,40,3G,-100,54.0,-21.0,0.0092512386372653,40.30635026036269,21.80538372608406,Unintentional
User_83,2025-09-18 17:25:59,0.309,0.8805,Driving,Ligeris,Speeding,2way,1.0,90,WiFi,-69,8.0,-14.0,0.034,40.306278418580185,21.8072042983348,Unintentional
User_47,2025-09-18 18:41:49,0.585,0.6292,Walking,Zep,Reckless_Driving,2way,1.0,20,3G,-93,19.0,-4.0,0.035,40.28026189416467,21.75168637845452,Unintentional
User_03,2025-09-18 20:12:00,0.568,0.5504,Running,Zep,Reckless_Driving,2way,1.0,20,4G,-97,42.0,-21.0,0.006355191248163,40.2785086230893,21.75381624003913,Unintentional
User_13,2025-09-18 21:26:28,0.75,0.7654,Driving,Zep,Speeding,4way,0.0,40,5G,-96,72.0,-19.0,0.0050113194763752,40.27958239248392,21.755208845303716,Unintentional
User_47,2025-09-19 01:52:56,0.585,0.6302,Driving,Zep,Driving_Under_Influence,2way,0.0,90,WiFi,-64,11.0,20.0,0.0056954753641579,40.28024320385982,21.75538784156837,Unintentional
User_82,2025-09-19 08:42:43,0.324,0.7359,Running,Zep,Speeding,2way,0.0,60,3G,-104,91.0,5.0,0.023,40.27823522115487,21.753123600919704,Unintentional
User_40,2025-09-19 10:12:14,0.482,0.8897,Driving,Ligeris,Speeding,4way,1.0,60,3G,-98,54.0,1.0,0.027,40.306552814701575,21.80856426994312,Unintentional
User_77,2025-09-19 10:26:34,0.428,0.5395,Walking,Ligeris,Driving_Under_Influence,4way,2.0,30,4G,-99,44.0,22.0,0.0076285514593397,40.30718342143853,21.80698799371024,Unintentional
User_46,2025-09-19 16:28:45,0.519,0.8636,Driving,Koila,Speeding,1way,1.0,20,3G,-106,7.0,8.0,0.023,40.321420611416066,21.793247529376767,Unintentional
User_35,2025-09-19 16:55:34,0.274,0.6022,Walking,Zep,Reckless_Driving,4way,2.0,80,WiFi,-88,11.0,-6.0,0.048,40.2801420551617,21.752271409580217,Unintentional
User_33,2025-09-19 17:12:23,0.634,0.7372,Walking,Koila,Reckless_Driving,2way,0.0,80,WiFi,-76,69.0,-13.0,0.045,40.32219101573114,21.791487255686064,Unintentional
User_19,2025-09-19 18:17:15,0.745,0.9045,Driving,Koila,Driving_Under_Influence,2way,0.0,80,5G,-92,84.0,0.0,0.049,40.322195125937874,21.791790544253924,Unintentional
User_35,2025-09-19 19:14:14,0.274,0.6032,Walking,Ligeris,Speeding,2way,150.0,40,WiFi,-65,61.0,4.0,0.047,40.30608220009958,21.809357035859616,Unintentional
User_52,2025-09-19 19:37:04,0.46,0.6002,Driving,Koila,Speeding,2way,1.0,Harassing_Driver,3G,-74,72.0,25.0,0.007594579283821,40.32144364754169,21.791137284978717,Unintentional
User_60,2025-09-19 20:35:02,0.353,0.8888,Driving,Koila,Reckless_Driving,2way,3.0,10,4G,-87,71.0,6.0,0.029,40.32206734898097,21.791122043475,Unintentional
User_91,2025-09-19 23:54:32,0.587,0.8278,Running,Koila,Speeding,4way,3.0,70,WiFi,-59,15.0,-18.0,0.0021201383177315,40.322518849071734,21.79066829314385,Unintentional
User_09,2025-09-20 05:24:56,0.307,0.9098,Running,Ligeris,Reckless_Driving,4way,0.0,30,5G,-103,58.0,23.0,0.0048803232816174,40.30682750033506,21.8091757217695,Unintentional
User_49,2025-09-20 11:05:13,0.637,0.8653,Running,Koila,Speeding,2way,1.0,Illegal_Parking,3G,-73,12.0,25.0,0.0025961756113254,40.32339797396214,21.79008045830458,Unintentional
User_99,2025-09-20 15:46:17,0.465,0.7344,Driving,Zep,Speeding,2way,0.0,10,WiFi,-86,6.0,-10.0,0.027,40.28058640539394,21.75407647005169,Unintentional
User_83,2025-09-20 19:54:52,0.309,0.8845,Walking,Ligeris,Speeding,4way,2.0,60,WiFi,-67,90.0,2.0,0.029,40.3055198169284,21.807707528791155,Unintentional
User_61,2025-09-20 22:12:19,0.546,0.6057,Walking,Zep,Driving_Under_Influence,1way,0.0,20,4G,-117,75.0,19.0,0.0087305440162132,40.27982592701172,21.75289942785479,Unintentional
User_31,2025-09-20 22:43:34,0.56,0.8784,Running,Ligeris,Driving_Under_Influence,1way,3.0,90,4G,-106,32.0,-9.0,0.033,40.306294400725086,21.80877764748862,Unintentional
User_93,2025-09-21 00:28:37,0.588,0.5472,Driving,Ligeris,Speeding,2way,4.0,30,4G,-99,12.0,-18.0,0.0028865177847787,40.30689097919177,21.807129941779653,Unintentional
User_38,2025-09-21 01:15:30,0.306,0.8331,Running,Zep,Driving_Under_Influence,1way,1.0,30,5G,-72,72.0,10.0,0.045,40.28028323020691,21.752672728759354,Unintentional
User_03,2025-09-21 05:35:06,0.568,0.5554,Running,Zep,Speeding,4way,1.0,40,5G,-70,82.0,2.0,0.037,40.279484813780655,21.753397133824,Unintentional
User_43,2025-09-21 07:15:02,0.416,0.6857,Running,Ligeris,Driving_Under_Influence,2way,0.0,30,4G,-72,60.0,-19.0,0.0055519103614279,40.30616473962313,21.807079761366023,Unintentional
User_09,2025-09-21 18:18:18,0.307,0.9128,Walking,Koila,Reckless_Driving,1way,1.0,Lane_Discards,4G,-107,79.0,11.0,0.032,40.32203254248443,21.789381199286208,Unintentional
User_30,2025-09-22 02:30:55,0.413,0.6184,Walking,Zep,Reckless_Driving,2way,0.0,20,WiFi,-56,51.0,11.0,0.044,40.279944399068974,21.752585106168787,Unintentional
User_39,2025-09-22 07:15:52,0.598,0.5641,Driving,Ligeris,Driving_Under_Influence,2way,1.0,80,WiFi,-75,23.0,-17.0,0.0062636679094468,40.30641819038309,21.807357290433696,Unintentional
User_32,2025-09-22 10:34:16,0.464,0.548,Running,Ligeris,Speeding,2way,1.0,10,4G,-115,75.0,19.0,0.0041268192115238,40.30691047601068,21.8082426231386,Unintentional
User_89,2025-09-22 11:48:45,0.336,0.5411,Running,Ligeris,Reckless_Driving,1way,1.0,30,WiFi,-71,69.0,-14.0,0.026,40.30616350358875,21.808870994348496,Unintentional
User_42,2025-09-22 11:50:15,0.738,0.6426,Running,Zep,Driving_Under_Influence,2way,3.0,40,3G,-80,57.0,6.0,0.043,40.28048474033983,21.753818888354637,Unintentional
User_97,2025-09-22 21:28:23,0.337,0.8093,Walking,Koila,Driving_Under_Influence,1way,0.0,Harassing_Driver,5G,-96,46.0,17.0,0.0049593670207747,40.32163818856095,21.79266404848499,Unintentional
User_17,2025-09-22 22:46:35,0.631,0.6698,Running,Ligeris,Driving_Under_Influence,1way,0.0,40,3G,-116,6.0,-22.0,0.0062942552384538,40.307843053836535,21.791256784153244,Unintentional
User_32,2025-09-22 23:38:52,0.464,0.549,Walking,Zep,Speeding,4way,0.0,60,5G,-103,66.0,-10.0,0.045,40.27890141780161,21.751388249252063,Unintentional
User_18,2025-09-23 02:05:14,0.251,0.9205,Running,Zep,Speeding,2way,0.0,40,WiFi,-77,90.0,-22.0,0.0014076238214623,40.27810493107458,21.752143844673224,Unintentional
User_19,2025-09-23 02:47:40,0.745,0.9115,Running,Ligeris,Reckless_Driving,4way,1.0,30,4G,-80,85.0,14.0,0.023,40.306230115631266,21.806880594112243,Unintentional
User_21,2025-09-23 05:13:50,0.303,0.5641,Running,Zep,Driving_Under_Influence,2way,0.0,Lane_Discards,3G,-102,99.0,23.0,0.0065448364082501,40.27941408404789,21.751808620140864,Unintentional
User_66,2025-09-23 08:40:21,0.28,0.7597,Walking,Ligeris,Driving_Under_Influence,1way,0.0,40,WiFi,-65,69.0,3.0,0.028,40.30682924569004,21.807529471219414,Unintentional
User_15,2025-09-23 09:42:26,0.627,0.8371,Walking,Zep,Reckless_Driving,2way,0.0,50,WiFi,-68,61.0,18.0,0.0071555913712468,40.277808289774015,21.753161085652277,Unintentional
User_77,2025-09-23 14:07:39,0.428,0.5475,Walking,Zep,Reckless_Driving,4way,2.0,60,5G,-97,66.0,-25.0,0.0019861917079038,40.27889204483074,21.755261499806803,Unintentional
User_42,2025-09-23 15:42:24,0.738,0.6446,Running,Ligeris,Speeding,1way,0.0,30,5G,-104,28.0,2.0,0.041,40.30667625042423,21.80864789677801,Unintentional
User_55,2025-09-23 20:07:54,0.447,0.8674,Running,Koila,Reckless_Driving,1way,0.0,90,WiFi,-64,86.0,17.0,0.0066245779013392,40.32242070678921,21.790175485155444,Unintentional
User_34,2025-09-24 02:30:53,0.431,0.6859,Walking,Zep,Reckless_Driving,4way,1.0,40,4G,-98,59.0,25.0,0.0085458755157376,40.27993379518142,21.754226942647364,Unintentional
User_89,2025-09-24 08:29:27,0.336,0.5451,Driving,Zep,Driving_Under_Influence,2way,160.0,20,WiFi,-85,53.0,22.0,0.005653142335994,40.27953205987468,21.75328069909883,Unintentional
User_63,2025-09-24 14:16:02,0.543,0.6486,Running,Koila,Driving_Under_Influence,2way,0.0,40,WiFi,-79,26.0,-17.0,0.0022015967755114,40.322046685691106,21.79062682196194,Unintentional
User_99,2025-09-24 15:16:23,0.465,0.7434,Driving,Zep,Reckless_Driving,2way,0.0,60,5G,-81,82.0,6.0,0.05,40.27882090032363,21.75440713378173,Unintentional
User_90,2025-09-24 22:30:04,0.525,0.5938,Running,Koila,Reckless_Driving,2way,1.0,60,4G,-101,87.0,8.0,0.027,40.30651214641606,21.808158762130443,Unintentional
User_85,2025-09-25 01:07:24,0.254,0.6603,Running,Ligeris,Driving_Under_Influence,1way,2.0,Illegal_Parking,3G,-111,79.0,-3.0,0.048,40.305176140441816,21.80735318250107,Unintentional
User_45,2025-09-25 08:22:12,0.285,0.8073,Walking,Koila,Driving_Under_Influence,2way,4.0,60,WiFi,-63,60.0,-10.0,0.045,40.27952696304008,21.753215916461116,Unintentional
User_60,2025-09-25 10:15:32,0.353,0.8998,Running,Koila,Reckless_Driving,4way,0.0,50,4G,-73,63.0,19.0,0.0028405554662134,40.32242558938022,21.792163177518937,Unintentional
User_34,2025-09-25 12:01:14,0.431,0.6889,Driving,Koila,7,1way,0.0,40,WiFi,-68,17.0,-7.0,0.035,40.321364535147126,21.793393348151252,Unintentional
User_23,2025-09-25 17:41:07,0.458,0.684,Running,Koila,Speeding,4way,0.0,20,WiFi,-64,96.0,22.0,0.005653142335994,40.32183692032822,21.79202807932631,Unintentional
User_73,2025-09-25 20:40:20,0.325,0.7257,Running,Ligeris,Driving_Under_Influence,4way,2.0,20,4G,-80,59.0,-23.0,0.0044145721760613,40.30511265690979,21.80787797560052,Unintentional
User_32,2025-09-25 21:54:36,0.464,0.555,Running,Zep,Reckless_Driving,2way,1.0,10,4G,-84,97.0,16.0,0.037,40.279340303244574,21.752092519506512,Unintentional
User_15,2025-09-25 22:01:22,0.627,0.8421,Running,Ligeris,8,2way,0.0,50,4G,-71,53.0,17.0,0.0053293153302362,40.30524602536814,21.808211601014506,Unintentional
User_81,2025-09-25 23:50:05,0.376,0.8185,Running,Koila,7,2way,0.0,30,3G,-81,99.0,25.0,0.0083847603360803,40.32362642067359,21.79008642910025,Unintentional
User_92,2025-09-26 00:16:51,0.694,0.7122,Running,Koila,Speeding,4way,0.0,50,5G,-101,83.0,-2.0,0.04,40.32283578040872,21.79190417976919,Unintentional
User_23,2025-09-26 00:39:45,0.458,0.685,Running,Zep,Driving_Under_Influence,4way,1.0,80,4G,-109,49.0,-19.0,0.007799967331904,40.279582711289095,21.754239909735464,Unintentional
User_25,2025-09-26 11:31:58,0.408,0.6738,Running,Zep,Driving_Under_Influence,1way,2.0,20,WiFi,-68,77.0,21.0,0.0033202758913427,40.27869108596849,21.75274975761921,Unintentional
User_22,2025-09-26 14:23:34,0.413,0.5829,Driving,Ligeris,Driving_Under_Influence,1way,0.0,110,4G,-90,95.0,-17.0,0.0048560438228513,40.30613467804795,21.809226413053377,Unintentional
User_97,2025-09-26 16:32:09,0.337,0.8173,Driving,Koila,Driving_Under_Influence,2way,2.0,30,5G,-113,16.0,13.0,0.028,40.322353668863606,21.792198998479368,Unintentional
User_51,2025-09-26 19:19:04,0.613,0.918,Running,Zep,Driving_Under_Influence,2way,0.0,40,WiFi,-87,25.0,-5.0,0.026,40.281022943337675,21.75404703277719,Unintentional
User_45,2025-09-26 21:33:20,0.285,0.8103,Driving,Zep,9,2way,1.0,70,3G,-90,21.0,19.0,0.0033535390969691,40.279640643922406,21.75109851951775,Unintentional
User_16,2025-09-27 00:45:51,0.513,0.7447,Driving,Koila,Speeding,2way,1.0,Harassing_Driver,5G,-103,91.0,24.0,0.0058845526031698,40.32233612366933,21.791682162467342,Unintentional
User_37,2025-09-27 05:00:19,0.306,0.8154,Running,Koila,Driving_Under_Influence,2way,0.0,30,3G,-112,70.0,23.0,0.005653142335994,40.32262911791272,21.790124826696633,Unintentional
User_29,2025-09-27 07:24:52,0.415,0.7024,Driving,Koila,9,2way,1.0,30,3G,-79,81.0,-24.0,0.0077094907335299,40.32217975444714,21.79113913945697,Unintentional
User_94,2025-09-27 10:57:03,0.681,0.638,Driving,Koila,Reckless_Driving,2way,1.0,70,5G,-102,29.0,19.0,0.0061035073488483,40.32286352157635,21.790254291681432,Unintentional
User_43,2025-09-27 13:06:53,0.416,0.6977,Driving,Koila,6,2way,0.0,10,4G,-103,72.0,-9.0,0.034,40.320773415778554,21.79120589499147,Unintentional
User_54,2025-09-27 13:28:44,0.327,0.8129,Walking,Ligeris,Speeding,1way,0.0,50,4G,-120,100.0,2.0,0.049,40.30622259179293,21.807498412384383,Unintentional
User_07,2025-09-27 15:38:24,0.625,0.6204,Walking,Ligeris,Driving_Under_Influence,4way,2.0,40,WiFi,-89,1.0,-2.0,0.043,40.30529397767596,21.807272881654804,Unintentional
User_64,2025-09-27 16:51:35,0.511,0.8908,Driving,Koila,9,1way,0.0,30,5G,-79,70.0,24.0,0.0053658961723347,40.32207249540697,21.79120039140718,Unintentional
User_39,2025-09-27 18:39:46,0.598,0.6877,Walking,Ligeris,Driving_Under_Influence,2way,160.0,60,4G,-70,17.0,18.0,0.0013816335198675,40.30517095954647,21.807825718656815,Unintentional
User_100,2025-09-27 18:43:23,0.37,0.793,Driving,Zep,Reckless_Driving,2way,0.0,20,5G,-94,95.0,-12.0,0.025,40.27954741648159,21.75308365060341,Unintentional
User_47,2025-09-27 19:23:50,0.585,0.6472,Running,Ligeris,Reckless_Driving,1way,4.0,60,5G,-98,87.0,8.0,0.021,40.30535375422155,21.80895315516027,Unintentional
User_80,2025-09-27 22:12:52,0.704,0.6997,Driving,Zep,Speeding,2way,0.0,90,5G,-109,45.0,-24.0,0.0098946467077639,40.279772703168554,21.752778027316275,Unintentional
User_63,2025-09-28 01:24:25,0.543,0.6566,Walking,Zep,Reckless_Driving,1way,1.0,20,3G,-81,94.0,16.0,0.032,40.28077424599483,21.752485271617605,Unintentional
User_04,2025-09-28 02:06:48,0.662,0.5927,Driving,Ligeris,Reckless_Driving,1way,1.0,20,3G,-120,75.0,-20.0,0.0027941047322451,40.30712017851447,21.808758719188575,Unintentional
User_62,2025-09-28 10:43:27,0.366,0.6492,Walking,Koila,Driving_Under_Influence,1way,3.0,70,3G,-81,23.0,-15.0,0.041,40.32177129336259,21.79108371690347,Unintentional
User_26,2025-09-28 12:41:25,0.408,0.7895,Running,Koila,Driving_Under_Influence,2way,1.0,80,5G,-102,75.0,-11.0,0.042,40.32212199957049,21.791256784153244,Unintentional
User_93,2025-09-28 13:50:13,0.588,0.5612,Driving,Zep,Driving_Under_Influence,2way,0.0,70,3G,-86,84.0,-3.0,0.049,40.27955355053208,21.75291026787751,Unintentional
User_05,2025-09-28 16:09:19,0.743,0.8377,Walking,Koila,Driving_Under_Influence,2way,1.0,30,3G,-71,40.0,18.0,0.0011452074453543,40.321074866558405,21.789414576505024,Unintentional
User_39,2025-09-28 16:54:38,0.598,0.6897,Driving,Ligeris,Reckless_Driving,1way,1.0,70,4G,-100,66.0,-3.0,0.032,40.30625495233493,21.80812841151948,Unintentional
User_07,2025-09-29 03:53:30,0.625,0.6234,Running,Zep,Reckless_Driving,1way,0.0,80,5G,-86,98.0,-10.0,0.034,40.280300229727786,21.751224412498733,Unintentional
User_12,2025-09-29 04:36:44,0.67,0.8952,Driving,Ligeris,Speeding,2way,1.0,20,3G,-95,52.0,-24.0,0.0065289438737989,40.3062492418648,21.807495534578244,Unintentional
User_39,2025-09-29 10:37:26,0.598,0.6917,Driving,Koila,8,2way,1.0,80,4G,-77,75.0,-1.0,0.03,40.321406178472145,21.792107489354084,Unintentional
User_01,2025-09-29 14:04:48,0.619,0.8158,Walking,Ligeris,Reckless_Driving,1way,1.0,60,3G,-72,85.0,13.0,0.038,40.305838966693074,21.791256784153244,Unintentional
User_87,2025-09-29 21:18:53,0.709,0.9232,Walking,Zep,Reckless_Driving,2way,150.0,30,WiFi,-64,26.0,17.0,0.0099513368575637,40.27919647265625,21.754962523251763,Unintentional
User_15,2025-09-29 23:05:12,0.627,0.8501,Driving,Koila,Driving_Under_Influence,2way,1.0,20,WiFi,-59,89.0,19.0,0.0011246100292215,40.32037291728219,21.79136419092177,Unintentional
User_84,2025-09-29 23:45:12,0.527,0.6167,Running,Ligeris,Speeding,2way,2.0,40,3G,-82,88.0,11.0,0.034,40.30619814225576,21.807640788131103,Unintentional
User_05,2025-09-30 01:41:58,0.743,0.8407,Walking,Zep,Speeding,1way,4.0,20,4G,-119,48.0,11.0,0.046,40.27908592335139,21.754219184118277,Unintentional
User_65,2025-09-30 03:40:06,0.448,0.6201,Walking,Ligeris,Reckless_Driving,4way,0.0,50,4G,-75,91.0,12.0,0.022,40.30648181038845,21.80942717838867,Unintentional
User_87,2025-09-30 03:43:43,0.709,0.9252,Walking,Zep,Driving_Under_Influence,2way,0.0,30,WiFi,-66,53.0,-25.0,0.0030190449613542,40.27949616664022,21.75330226897964,Unintentional
User_72,2025-09-30 04:18:11,0.567,0.5855,Driving,Zep,Speeding,1way,0.0,70,3G,-111,59.0,16.0,0.046,40.306230115631266,21.75501517669849,Unintentional
User_89,2025-09-30 09:07:08,0.336,0.5581,Walking,Zep,Driving_Under_Influence,2way,0.0,10,WiFi,-71,48.0,25.0,0.0040602195524291,40.280310278162034,21.75160860363459,Unintentional
User_58,2025-09-30 11:06:13,0.465,0.578,Running,Ligeris,Speeding,1way,0.0,30,3G,-88,56.0,21.0,0.0014699200150903,40.30628405247044,21.807554997439208,Unintentional
User_59,2025-09-30 23:00:53,0.265,0.7232,Driving,Koila,Speeding,2way,1.0,40,5G,-89,6.0,-1.0,0.029,40.32215913215997,21.793203916892203,Unintentional
User_63,2025-10-01 02:22:40,0.543,0.6626,Walking,Zep,Speeding,2way,1.0,90,3G,-76,56.0,16.0,0.047,40.279303020044395,21.75286235777897,Unintentional
User_37,2025-10-01 03:08:11,0.306,0.8224,Driving,Ligeris,Reckless_Driving,4way,0.0,Illegal_Parking,4G,-88,42.0,-8.0,0.027,40.30686017971721,21.806860352281557,Unintentional
User_87,2025-10-01 03:29:41,0.709,0.9272,Driving,Zep,Driving_Under_Influence,2way,0.0,20,3G,-83,6.0,5.0,0.031,40.27849739937448,21.75335147199906,Unintentional
User_34,2025-10-01 06:57:57,0.431,0.6999,Running,Koila,Driving_Under_Influence,4way,3.0,40,WiFi,-74,39.0,-25.0,0.0070379530333476,40.32223968213857,21.79103479662072,Unintentional
User_94,2025-10-01 08:40:21,0.681,0.647,Running,Ligeris,Reckless_Driving,4way,0.0,100,WiFi,-86,4.0,-9.0,0.029,40.30660030507206,21.80874548464762,Unintentional
User_24,2025-10-01 09:48:43,0.445,0.6296,Walking,Koila,Reckless_Driving,4way,1.0,40,4G,-90,90.0,14.0,0.047,40.3230181699808,21.792029204724553,Unintentional
User_75,2025-10-01 12:53:28,0.409,0.7191,Running,Zep,Reckless_Driving,4way,0.0,40,WiFi,-75,74.0,-18.0,0.0038283634903524,40.27950052086423,21.752746269493727,Unintentional
User_81,2025-10-01 13:43:47,0.376,0.8305,Driving,Ligeris,Reckless_Driving,2way,3.0,20,WiFi,-52,7.0,6.0,0.041,40.306684149233256,21.806747294570368,Unintentional
User_55,2025-10-01 22:22:19,0.447,0.8834,Running,Koila,Reckless_Driving,2way,1.0,70,4G,-70,71.0,12.0,0.046,40.321722193461575,21.790335735574775,Unintentional
User_53,2025-10-02 07:22:04,0.313,0.6476,Running,Ligeris,Driving_Under_Influence,1way,3.0,20,WiFi,-66,80.0,25.0,0.0041310671619013,40.30688545758878,21.806970584363835,Unintentional
User_07,2025-10-02 07:48:03,0.625,0.6294,Walking,Zep,Driving_Under_Influence,4way,0.0,40,4G,-113,31.0,24.0,0.0015829892427882,40.2787007541018,21.75209078096811,Unintentional
User_87,2025-10-02 08:37:05,0.709,0.5641,Driving,Zep,Reckless_Driving,2way,0.0,40,4G,-116,35.0,-19.0,0.0054952237090622,40.279609552583494,21.75148334936714,Unintentional
User_96,2025-10-02 12:44:08,0.261,0.8071,Walking,Koila,Reckless_Driving,2way,1.0,70,5G,-90,71.0,-25.0,0.0082103118848511,40.3225707721251,21.79236616181302,Unintentional
User_24,2025-10-02 13:26:28,0.445,0.6316,Walking,Zep,Reckless_Driving,1way,2.0,70,4G,-73,28.0,12.0,0.041,40.28033725056277,21.75483373365592,Unintentional
User_05,2025-10-02 14:24:51,0.743,0.5641,Running,Ligeris,Reckless_Driving,4way,1.0,30,5G,-84,23.0,8.0,0.027,40.307858116079245,21.80706714721102,Unintentional
User_26,2025-10-02 15:11:15,0.408,0.7975,Running,Ligeris,6,4way,1.0,60,3G,-111,74.0,3.0,0.049,40.306261322920335,21.807490391784757,Unintentional
User_73,2025-10-02 18:29:17,0.325,0.7387,Walking,Ligeris,Driving_Under_Influence,4way,2.0,30,WiFi,-85,63.0,25.0,0.0038368914994848,40.30648724856482,21.808432317334923,Unintentional
User_54,2025-10-02 21:50:36,0.327,0.8239,Running,Ligeris,Reckless_Driving,2way,0.0,90,WiFi,-77,20.0,23.0,0.0020870840544025,40.305207816521886,21.8090646011728,Unintentional
User_16,2025-10-02 23:57:10,0.513,0.7557,Running,Koila,Speeding,2way,150.0,40,3G,-101,54.0,22.0,0.0069520775551968,40.32245027949049,21.791256475013416,Unintentional
User_40,2025-10-03 02:59:17,0.482,0.9177,Running,Ligeris,Speeding,4way,1.0,30,WiFi,-99,90.0,-17.0,0.0047690443143724,40.30792211315346,21.80694549249174,Unintentional
User_14,2025-10-03 04:15:51,0.393,0.7584,Running,Ligeris,Speeding,1way,0.0,80,4G,-87,81.0,-25.0,0.0079245982864107,40.30590184265177,21.80948822641479,Unintentional
User_99,2025-10-03 04:29:33,0.465,0.7604,Driving,Ligeris,Driving_Under_Influence,1way,0.0,40,5G,-77,82.0,6.0,0.034,40.30733495451109,21.808594405088705,Unintentional
User_18,2025-10-03 05:06:15,0.251,0.9405,Running,Zep,Speeding,2way,1.0,60,4G,-105,65.0,-11.0,0.037,40.28039047731525,21.75140688146315,Unintentional
User_42,2025-10-03 07:31:31,0.738,0.6636,Running,Ligeris,Speeding,2way,1.0,70,4G,-82,66.0,-22.0,0.0085226325926396,40.306644410150035,21.809607173677975,Unintentional
User_62,2025-10-03 14:14:50,0.366,0.6602,Walking,Koila,Speeding,1way,2.0,20,WiFi,-72,32.0,22.0,0.004887437249168,40.32302707069339,21.791256784153244,Unintentional
User_53,2025-10-04 01:24:03,0.313,0.6516,Running,Koila,Driving_Under_Influence,2way,0.0,30,5G,-80,17.0,6.0,0.031,40.32335233752949,21.79219757720089,Unintentional
User_53,2025-10-04 05:50:20,0.313,0.6526,Driving,Koila,Speeding,1way,3.0,20,4G,-73,73.0,4.0,0.031,40.32208077431273,21.79187179057745,Unintentional
User_82,2025-10-04 09:01:54,0.324,0.7649,Walking,Koila,Driving_Under_Influence,4way,1.0,50,WiFi,-53,44.0,16.0,0.031,40.32306665282248,21.792559561183793,Unintentional
User_17,2025-10-04 10:38:11,0.631,0.6938,Driving,Ligeris,Driving_Under_Influence,1way,0.0,90,WiFi,-82,58.0,3.0,0.034,40.30650613984317,21.808746024377964,Unintentional
User_64,2025-10-04 14:55:18,0.511,0.9038,Walking,Koila,Reckless_Driving,2way,0.0,80,WiFi,-89,34.0,-20.0,0.0047147353017624,40.32113970671003,21.79159054735924,Unintentional
User_24,2025-10-04 15:42:03,0.445,0.6346,Walking,Koila,Driving_Under_Influence,2way,0.0,70,5G,-111,41.0,25.0,0.0097326841422704,40.32225750056866,21.792078222974297,Unintentional
User_35,2025-10-04 18:27:32,0.274,0.6332,Walking,Zep,Reckless_Driving,4way,0.0,30,5G,-112,68.0,18.0,0.0065767562678686,40.27934201372844,21.752967821502455,Unintentional
User_25,2025-10-04 19:52:40,0.408,0.6888,Running,Zep,Driving_Under_Influence,4way,0.0,40,5G,-102,37.0,18.0,0.005653142335994,40.27929144597782,21.75361307572818,Unintentional
User_23,2025-10-04 20:41:46,0.458,0.702,Walking,Zep,Speeding,4way,3.0,60,4G,-108,62.0,12.0,0.029,40.2793113189027,21.754909115120736,Unintentional
User_22,2025-10-04 20:44:28,0.413,0.5999,Driving,Ligeris,Speeding,1way,0.0,50,5G,-110,83.0,10.0,0.021,40.305894931325454,21.80970706176778,Unintentional
User_85,2025-10-04 22:56:59,0.254,0.6793,Driving,Ligeris,Driving_Under_Influence,1way,3.0,Harassing_Driver,5G,-82,34.0,-7.0,0.022,40.30619975721082,21.806236430741578,Unintentional
User_66,2025-10-04 23:08:54,0.28,0.7827,Running,Ligeris,Reckless_Driving,4way,0.0,10,5G,-96,37.0,-12.0,0.029,40.30515803150912,21.806711325571513,Unintentional
User_78,2025-10-05 06:30:35,0.347,0.7936,Driving,Koila,Driving_Under_Influence,1way,0.0,40,WiFi,-73,86.0,15.0,0.034,40.32195665281035,21.791436072700407,Unintentional
User_05,2025-10-05 06:46:24,0.743,0.8507,Running,Zep,Driving_Under_Influence,2way,0.0,30,WiFi,-66,41.0,-18.0,0.0050931363724249,40.280252036109495,21.75435047758547,Unintentional
User_85,2025-10-05 07:27:26,0.254,0.6813,Running,Ligeris,Driving_Under_Influence,4way,140.0,60,WiFi,-88,34.0,24.0,0.0042099824260611,40.305982842982594,21.807889520690427,Unintentional
User_71,2025-10-05 12:40:27,0.256,0.5573,Walking,Zep,Driving_Under_Influence,4way,1.0,30,WiFi,-77,38.0,20.0,0.0061793557551224,40.27971474609854,21.75354306874262,Unintentional
User_41,2025-10-05 12:45:14,0.628,0.7161,Running,Koila,Driving_Under_Influence,1way,1.0,60,5G,-115,62.0,6.0,0.037,40.32096056179231,21.79209645145145,Unintentional
User_96,2025-10-05 13:26:18,0.261,0.8131,Walking,Koila,Speeding,4way,1.0,30,4G,-95,75.0,25.0,0.0048238407883091,40.32117744921448,21.789461999777114,Unintentional
User_47,2025-10-05 13:28:24,0.585,0.6622,Driving,Koila,9,2way,1.0,30,4G,-80,59.0,-24.0,0.0017334502822906,40.32169415248052,21.791012363726207,Unintentional
User_50,2025-10-05 13:31:12,0.398,0.7866,Driving,Zep,Speeding,2way,2.0,60,4G,-78,82.0,-11.0,0.038,40.306230115631266,21.75319125692499,Unintentional
User_54,2025-10-05 14:11:53,0.327,0.8289,Walking,Zep,Reckless_Driving,2way,0.0,80,5G,-102,52.0,-17.0,0.0087732208643034,40.27993597327463,21.754536654790943,Unintentional
User_10,2025-10-05 14:49:40,0.315,0.5641,Running,Koila,Driving_Under_Influence,1way,0.0,110,3G,-105,72.0,20.0,0.0091695679139075,40.32149543352329,21.79192449731837,Unintentional
User_51,2025-10-05 16:32:42,0.613,0.935,Walking,Ligeris,Speeding,2way,0.0,20,4G,-98,59.0,18.0,0.0014035171716686,40.307716726434194,21.808795336831967,Unintentional
User_73,2025-10-05 23:44:50,0.325,0.7457,Walking,Ligeris,Driving_Under_Influence,1way,0.0,10,WiFi,-64,89.0,-22.0,0.0071627689880804,40.30653220811725,21.807147203923424,Unintentional
User_55,2025-10-06 01:00:21,0.447,0.8924,Walking,Ligeris,Reckless_Driving,1way,3.0,80,WiFi,-84,48.0,6.0,0.022,40.307890713515505,21.808189897146033,Unintentional
User_88,2025-10-06 01:25:07,0.471,0.6827,Driving,Koila,Driving_Under_Influence,1way,0.0,50,WiFi,-113,63.0,-15.0,0.036,40.32203268417753,21.789393339203556,Unintentional
User_47,2025-10-06 02:55:23,0.585,0.6642,Running,Koila,Speeding,1way,150.0,10,5G,-74,74.0,6.0,0.032,40.32092433796696,21.792812276510556,Unintentional
User_66,2025-10-06 04:33:59,0.28,0.7857,Walking,Ligeris,Driving_Under_Influence,1way,2.0,20,5G,-82,75.0,11.0,0.022,40.30610981853337,21.80709709157586,Unintentional
User_14,2025-10-06 06:50:06,0.393,0.7634,Driving,Ligeris,Reckless_Driving,2way,1.0,50,3G,-77,13.0,-23.0,0.0040205948588831,40.30737807212898,21.80594406636844,Unintentional
User_58,2025-10-06 14:06:13,0.465,0.591,Walking,Zep,Speeding,2way,0.0,10,5G,-108,18.0,-22.0,0.0072640820239525,40.27937551647843,21.75440706533096,Unintentional
User_97,2025-10-06 16:10:08,0.337,0.8363,Driving,Koila,Speeding,1way,1.0,30,5G,-98,91.0,19.0,0.0066415727297478,40.322217936806645,21.789484296717504,Unintentional
User_59,2025-10-06 17:46:42,0.265,0.7342,Driving,Ligeris,Speeding,2way,4.0,20,4G,-104,93.0,-21.0,0.0076115352520967,40.30529318541709,21.807457139888704,Unintentional
User_47,2025-10-06 18:10:52,0.585,0.6652,Walking,Koila,Speeding,1way,160.0,40,4G,-100,77.0,-8.0,0.021,40.32076582693493,21.79112583582195,Unintentional
User_46,2025-10-06 19:23:21,0.519,0.8976,Running,Zep,Speeding,2way,0.0,40,3G,-75,98.0,22.0,0.0083952144200292,40.279388389227144,21.753221977974,Unintentional
User_59,2025-10-07 00:16:17,0.265,0.7362,Walking,Ligeris,Reckless_Driving,2way,140.0,40,5G,-81,28.0,20.0,0.0038145272886976,40.30537841111859,21.80816527140936,Unintentional
User_40,2025-10-07 01:16:52,0.482,0.9257,Driving,Zep,Reckless_Driving,2way,0.0,10,5G,-82,100.0,-24.0,0.0059338209364338,40.28014296168694,21.75107750039407,Unintentional
User_45,2025-10-07 02:20:13,0.285,0.8313,Walking,Ligeris,Driving_Under_Influence,2way,150.0,40,5G,-92,56.0,-9.0,0.031,40.30671126406538,21.807159583608932,Unintentional
User_82,2025-10-07 04:39:58,0.324,0.7709,Driving,Ligeris,Reckless_Driving,4way,0.0,30,5G,-93,84.0,1.0,0.039,40.30628848507555,21.80754661009456,Unintentional
User_69,2025-10-07 08:17:22,0.34,0.9191,Running,Ligeris,Reckless_Driving,2way,0.0,50,4G,-103,12.0,5.0,0.028,40.30506273252849,21.806597434470472,Unintentional
User_25,2025-10-07 12:13:53,0.408,0.6958,Driving,Koila,Speeding,4way,3.0,20,4G,-91,71.0,22.0,0.002464539915542,40.32061532857537,21.790430254314263,Unintentional
User_46,2025-10-07 13:17:31,0.46,0.9006,Driving,Zep,Reckless_Driving,1way,0.0,30,3G,-98,29.0,11.0,0.045,40.280399061614176,21.75172153546536,Unintentional
User_78,2025-10-07 20:15:08,0.347,0.7986,Running,Koila,Speeding,2way,1.0,10,3G,-80,59.0,17.0,0.002026645978268,40.32175951681027,21.7916253481412,Unintentional
User_21,2025-10-07 21:19:07,0.303,0.5712,Running,Koila,Speeding,1way,2.0,50,4G,-85,1.0,0.0,0.042,40.322001440867865,21.792075849906613,Unintentional
User_03,2025-10-07 22:45:33,0.568,0.5884,Running,Koila,Driving_Under_Influence,2way,1.0,10,3G,-81,38.0,11.0,0.036,40.32082029557297,21.791975619418515,Unintentional
User_58,2025-10-07 23:35:50,0.465,0.593,Driving,Zep,Driving_Under_Influence,2way,0.0,40,WiFi,-53,92.0,-25.0,0.0020754618591818,40.27923129039494,21.755092537723943,Unintentional
User_67,2025-10-08 00:55:26,0.529,0.7716,Walking,Koila,Reckless_Driving,4way,2.0,80,WiFi,-84,28.0,0.0,0.03,40.321001116389965,21.79208343271009,Unintentional
User_12,2025-10-08 05:02:51,0.67,0.9122,Driving,Koila,Speeding,4way,1.0,40,4G,-74,1.0,25.0,0.004488851618147,40.3206364504711,21.79094701439753,Unintentional
User_82,2025-10-08 09:51:23,0.324,0.7739,Walking,Koila,Driving_Under_Influence,4way,150.0,30,3G,-91,5.0,10.0,0.042,40.32205664532415,21.791252679367965,Unintentional
User_10,2025-10-08 11:21:29,0.315,0.9108,Walking,Ligeris,Driving_Under_Influence,2way,1.0,40,WiFi,-57,89.0,17.0,0.0068736376479212,40.30695869460503,21.80708868142086,Unintentional
User_97,2025-10-08 11:51:21,0.337,0.8403,Driving,Koila,8,1way,2.0,40,WiFi,-54,37.0,14.0,0.048,40.32197685441679,21.79193606093989,Unintentional
User_65,2025-10-08 16:24:49,0.448,0.6371,Running,Koila,Speeding,1way,0.0,90,5G,-114,46.0,-23.0,0.0090662020467648,40.3220232794825,21.791273773536137,Unintentional
User_30,2025-10-08 19:40:30,0.413,0.6514,Running,Zep,Driving_Under_Influence,4way,3.0,30,5G,-85,70.0,16.0,0.03,40.27959612958263,21.753578740751728,Unintentional
User_81,2025-10-08 23:55:57,0.376,0.8445,Running,Koila,7,2way,0.0,50,WiFi,-69,9.0,22.0,0.0088555852456618,40.32197779549952,21.79022513634902,Unintentional
User_34,2025-10-09 00:43:34,0.431,0.7159,Walking,Ligeris,Reckless_Driving,4way,0.0,30,5G,-101,98.0,-11.0,0.03,40.30613801898349,21.807387978560783,Unintentional
User_79,2025-10-09 02:00:32,0.389,0.68,Driving,Koila,Driving_Under_Influence,4way,0.0,70,3G,-99,57.0,-10.0,0.032,40.32337934040521,21.789911788424227,Unintentional
User_28,2025-10-09 04:02:21,0.348,0.8723,Walking,Ligeris,Speeding,2way,1.0,20,3G,-113,42.0,-17.0,0.0078040159226101,40.306236671045475,21.806357544325703,Unintentional
User_40,2025-10-09 07:41:11,0.482,0.9307,Driving,Zep,Driving_Under_Influence,2way,0.0,80,3G,-98,66.0,-25.0,0.0048674651493195,40.27930709880987,21.753483968891167,Unintentional
User_46,2025-10-09 09:00:28,0.519,0.9036,Driving,Koila,Reckless_Driving,1way,3.0,20,3G,-101,77.0,-23.0,0.0074009138101459,40.32301664395868,21.79058786204662,Unintentional
User_86,2025-10-09 10:58:12,0.469,0.5651,Driving,Ligeris,Driving_Under_Influence,2way,0.0,70,4G,-120,73.0,-25.0,0.0079954798957591,40.306165777969845,21.808296425142032,Unintentional
User_76,2025-10-09 11:16:56,0.355,0.7621,Walking,Koila,Speeding,2way,1.0,30,5G,-72,14.0,-25.0,0.007398712511091,40.3229991738885,21.791332493768333,Unintentional
User_38,2025-10-09 12:44:14,0.306,0.8681,Walking,Ligeris,Driving_Under_Influence,2way,0.0,20,5G,-102,98.0,24.0,0.0050824558266025,40.305782821888215,21.807038847698234,Unintentional
User_88,2025-10-09 14:48:46,0.471,0.6897,Driving,Ligeris,Reckless_Driving,2way,0.0,70,4G,-116,35.0,-8.0,0.041,40.30624456582769,21.807510385122868,Unintentional
User_56,2025-10-09 15:33:05,0.374,0.5757,Running,Ligeris,Speeding,1way,0.0,80,5G,-112,53.0,16.0,0.032,40.30673978634051,21.80837026076711,Unintentional
User_32,2025-10-09 17:19:49,0.46,0.582,Running,Zep,Driving_Under_Influence,4way,1.0,50,4G,-80,99.0,-18.0,0.0096568341031739,40.2792074124013,21.753140578044786,Unintentional
User_61,2025-10-09 17:41:59,0.546,0.6427,Driving,Ligeris,Speeding,2way,1.0,40,WiFi,-56,48.0,-11.0,0.046,40.30512777393021,21.807530232470903,Unintentional
User_05,2025-10-09 20:11:34,0.743,0.8597,Walking,Ligeris,6,2way,1.0,40,WiFi,-54,42.0,-20.0,0.0053867734070841,40.305391558858005,21.791256784153244,Unintentional
User_84,2025-10-09 20:35:43,0.527,0.6367,Running,Koila,Speeding,2way,3.0,60,5G,-109,15.0,-17.0,0.0011659322657275,40.32213305564358,21.7914362611125,Unintentional
User_08,2025-10-09 21:08:52,0.347,0.5641,Driving,Zep,Speeding,1way,0.0,80,3G,-78,11.0,-16.0,0.026,40.279555351736235,21.75326058173796,Unintentional
User_25,2025-10-09 22:09:37,0.408,0.6998,Driving,Ligeris,Reckless_Driving,4way,2.0,30,3G,-88,71.0,-8.0,0.047,40.305901225772416,21.805752583720796,Unintentional
User_66,2025-10-10 01:53:38,0.28,0.7937,Driving,Zep,Reckless_Driving,4way,1.0,60,3G,-86,4.0,20.0,0.0037139525029196,40.27958565110071,21.75334217186198,Unintentional
User_89,2025-10-10 05:57:05,0.336,0.5781,Running,Zep,Speeding,1way,2.0,30,4G,-110,36.0,-16.0,0.048,40.28042264408088,21.754359217817655,Unintentional
User_95,2025-10-10 11:58:38,0.545,0.8389,Walking,Koila,Speeding,2way,0.0,30,WiFi,-55,7.0,22.0,0.0090466090375425,40.323821566782954,21.79106719926388,Unintentional
User_57,2025-10-10 12:37:06,0.372,0.6762,Driving,Ligeris,Reckless_Driving,2way,1.0,10,4G,-114,63.0,-22.0,0.0039451680979176,40.304882333931786,21.807517082740652,Unintentional
User_71,2025-10-10 16:53:17,0.46,0.5683,Running,Ligeris,Reckless_Driving,2way,0.0,40,4G,-71,77.0,-10.0,0.039,40.30645966197938,21.809145258883856,Unintentional
User_84,2025-10-10 20:16:31,0.527,0.6387,Driving,Koila,Reckless_Driving,1way,0.0,90,WiFi,-66,70.0,18.0,0.0086383023666435,40.321150588065514,21.79325239880284,Unintentional
User_15,2025-10-10 21:45:32,0.627,0.8721,Walking,Koila,Driving_Under_Influence,1way,0.0,Illegal_Parking,3G,-112,90.0,11.0,0.022,40.32066327188032,21.79043871455116,Unintentional
User_63,2025-10-10 21:47:01,0.543,0.6816,Running,Ligeris,Speeding,4way,1.0,40,5G,-109,77.0,0.0,0.047,40.30605905416879,21.80843815384452,Unintentional
User_76,2025-10-11 02:24:42,0.355,0.7661,Driving,Koila,Speeding,1way,0.0,60,4G,-111,95.0,-1.0,0.039,40.27953108263519,21.752621798700194,Unintentional
User_98,2025-10-11 05:33:56,0.46,0.7188,Walking,Zep,Driving_Under_Influence,1way,1.0,30,4G,-77,73.0,20.0,0.0083442841924247,40.27985676971955,21.754120336257596,Unintentional
User_87,2025-10-11 14:51:01,0.709,0.9472,Running,Zep,Speeding,1way,0.0,40,5G,-110,61.0,13.0,0.023,40.28072321706657,21.754025527185043,Unintentional
User_58,2025-10-11 18:43:22,0.465,0.601,Driving,Koila,Driving_Under_Influence,2way,3.0,60,5G,-119,44.0,20.0,0.0029029418811526,40.32148362086179,21.789412267510578,Unintentional
User_56,2025-10-11 20:10:32,0.374,0.5797,Driving,Koila,Driving_Under_Influence,1way,2.0,20,WiFi,-66,43.0,21.0,0.0061164735347204,40.32325155916224,21.792358618216312,Unintentional
User_97,2025-10-11 22:52:59,0.337,0.8473,Running,Ligeris,Driving_Under_Influence,1way,0.0,40,3G,-80,72.0,22.0,0.0035861362203996,40.306234344114806,21.807518058812512,Unintentional
User_98,2025-10-12 01:49:47,0.46,0.7208,Running,Ligeris,Driving_Under_Influence,2way,3.0,30,WiFi,-82,32.0,-22.0,0.004669901784678,40.30594746835207,21.808117812803243,Unintentional
User_42,2025-10-12 03:49:01,0.738,0.6816,Running,Koila,Reckless_Driving,1way,1.0,30,5G,-107,39.0,-2.0,0.032,40.323054669698216,21.78970864113441,Unintentional
User_73,2025-10-12 03:57:56,0.325,0.7587,Driving,Ligeris,Speeding,4way,1.0,80,5G,-91,62.0,-24.0,0.0079219002876074,40.30525050365715,21.80746460676715,Unintentional
User_82,2025-10-12 05:01:17,0.324,0.7819,Walking,Ligeris,Reckless_Driving,2way,0.0,30,3G,-118,95.0,-15.0,0.039,40.30763175946755,21.791256784153244,Unintentional
User_50,2025-10-12 06:17:22,0.398,0.8006,Walking,Ligeris,Driving_Under_Influence,2way,0.0,70,WiFi,-67,4.0,25.0,0.0054022098045233,40.30483557600944,21.80634760077772,Unintentional
User_06,2025-10-12 08:48:01,0.584,0.9375,Driving,Ligeris,Reckless_Driving,1way,1.0,Harassing_Driver,WiFi,-75,33.0,-3.0,0.033,40.30456818759996,21.808245413868708,Unintentional
User_20,2025-10-12 12:10:05,0.334,0.8901,Running,Zep,Speeding,1way,1.0,30,WiFi,-85,91.0,7.0,0.045,40.27908323646576,21.75272027109203,Unintentional
User_99,2025-10-12 16:55:29,0.465,0.7784,Walking,Koila,Driving_Under_Influence,1way,2.0,10,3G,-85,24.0,-23.0,0.0072126639910932,40.3212371666482,21.79120478442846,Unintentional
User_23,2025-10-12 17:03:45,0.458,0.717,Walking,Koila,Reckless_Driving,4way,1.0,Lane_Discards,3G,-73,5.0,-25.0,0.0023196404164981,40.32190975920867,21.790604984017584,Unintentional
User_96,2025-10-12 18:51:54,0.261,0.8271,Driving,Koila,Speeding,1way,3.0,10,3G,-109,87.0,-22.0,0.0047982657433443,40.3220044588825,21.790900639180272,Unintentional
User_69,2025-10-12 21:23:07,0.34,0.9291,Driving,Ligeris,Driving_Under_Influence,4way,1.0,20,WiFi,-56,52.0,-25.0,0.0053972711636006,40.30677593639669,21.807279883167247,Unintentional
User_46,2025-10-12 23:22:57,0.519,0.9106,Driving,Koila,Reckless_Driving,1way,1.0,50,3G,-119,57.0,0.0,0.027,40.321061984154014,21.792866834268175,Unintentional
User_37,2025-10-12 23:25:07,0.306,0.8454,Driving,Koila,Speeding,4way,0.0,100,WiFi,-90,18.0,-18.0,0.0029137720691835,40.32199064921872,21.79167429801939,Unintentional
User_07,2025-10-12 23:35:28,0.625,0.6504,Driving,Koila,Reckless_Driving,2way,1.0,30,WiFi,-80,99.0,-25.0,0.0014937206572376,40.32353136913856,21.79178423073829,Unintentional
User_29,2025-10-13 02:37:27,0.415,0.7344,Running,Koila,Speeding,2way,1.0,70,5G,-107,32.0,21.0,0.0012291400822806,40.32221738784015,21.789561416866775,Unintentional
User_86,2025-10-13 05:46:58,0.469,0.5721,Walking,Koila,Speeding,4way,0.0,30,WiFi,-76,71.0,19.0,0.0061986611302902,40.32122671937471,21.790135409190786,Unintentional
User_09,2025-10-13 09:09:28,0.307,0.9558,Running,Koila,Speeding,2way,0.0,30,3G,-84,75.0,-12.0,0.031,40.323286518158184,21.791654894762285,Unintentional
User_27,2025-10-13 09:18:57,0.535,0.8221,Driving,Zep,Speeding,1way,0.0,30,3G,-101,61.0,8.0,0.042,40.27968823098049,21.75324467940944,Unintentional
User_84,2025-10-13 12:42:03,0.527,0.6447,Running,Zep,Driving_Under_Influence,1way,1.0,20,5G,-116,79.0,-21.0,0.0028689323139844,40.27978598408557,21.755328906567836,Unintentional
User_87,2025-10-13 12:54:38,0.709,0.9512,Running,Zep,Speeding,2way,0.0,30,3G,-93,21.0,-18.0,0.0047887293258716,40.306230115631266,21.75234967210644,Unintentional
User_29,2025-10-13 13:40:22,0.415,0.7354,Running,Zep,Driving_Under_Influence,1way,0.0,30,WiFi,-88,59.0,-13.0,0.026,40.27891131540847,21.751594977732083,Unintentional
User_25,2025-10-13 14:56:10,0.408,0.7068,Running,Koila,Driving_Under_Influence,2way,2.0,20,5G,-117,68.0,12.0,0.04,40.32169016714365,21.79193424429749,Unintentional
User_21,2025-10-13 15:54:53,0.303,0.5842,Driving,Koila,Driving_Under_Influence,4way,0.0,70,3G,-107,70.0,-20.0,0.0014291218765093,40.32339667279793,21.79248007752535,Unintentional
User_73,2025-10-13 19:01:34,0.325,0.7607,Running,Ligeris,Driving_Under_Influence,2way,1.0,50,5G,-95,84.0,0.0,0.047,40.30674520911044,21.806167858511664,Unintentional
User_89,2025-10-13 19:19:06,0.336,0.5841,Walking,Koila,Reckless_Driving,1way,2.0,Illegal_Parking,5G,-84,12.0,-11.0,0.036,40.322916007335806,21.79060106897253,Unintentional
User_56,2025-10-13 21:41:14,0.374,0.5827,Driving,Zep,Driving_Under_Influence,1way,1.0,10,3G,-80,91.0,-19.0,0.0023805757279745,40.279979556255554,21.791256784153244,Unintentional
User_03,2025-10-14 07:42:24,0.568,0.6014,Walking,Koila,Driving_Under_Influence,2way,160.0,90,4G,-85,74.0,25.0,0.0056873429314069,40.306230115631266,21.792071612722996,Unintentional
User_83,2025-10-14 11:42:49,0.309,0.9325,Driving,Ligeris,Reckless_Driving,1way,4.0,40,WiFi,-77,8.0,-22.0,0.0063997567853362,40.30609319870177,21.806394121810897,Unintentional
User_39,2025-10-14 18:03:53,0.598,0.7217,Driving,Koila,Reckless_Driving,1way,0.0,50,5G,-78,51.0,-22.0,0.0076231330281636,40.321678799072906,21.791162548360585,Unintentional
User_61,2025-10-14 19:03:30,0.546,0.6537,Running,Zep,Driving_Under_Influence,4way,0.0,40,WiFi,-57,71.0,-11.0,0.033,40.28028153450125,21.753459165089076,Unintentional
User_94,2025-10-14 22:56:16,0.681,0.673,Driving,Zep,Reckless_Driving,2way,0.0,80,4G,-80,79.0,19.0,0.0035157029295235,40.27840832267017,21.75345555311229,Unintentional
User_49,2025-10-15 00:04:43,0.637,0.9153,Walking,Koila,Reckless_Driving,2way,1.0,20,3G,-86,93.0,23.0,0.0052184266286368,40.32192200329798,21.792481087173684,Unintentional
User_04,2025-10-15 00:21:08,0.662,0.6267,Driving,Koila,Reckless_Driving,2way,160.0,60,4G,-88,28.0,25.0,0.0038067769463115,40.321354973462306,21.789931159763984,Unintentional
User_90,2025-10-15 02:28:45,0.525,0.6348,Walking,Ligeris,Reckless_Driving,2way,2.0,40,WiFi,-65,12.0,-19.0,0.002230933384548,40.305842470075405,21.791256784153244,Unintentional
User_58,2025-10-15 03:17:12,0.465,0.608,Running,Koila,Speeding,2way,1.0,50,3G,-111,66.0,0.0,0.041,40.32039249083381,21.791172891191664,Unintentional
User_66,2025-10-15 03:46:31,0.28,0.8037,Driving,Zep,Speeding,2way,1.0,80,WiFi,-66,13.0,-9.0,0.035,40.27941782396324,21.752398922505908,Unintentional
User_96,2025-10-15 04:09:27,0.261,0.8331,Walking,Koila,Speeding,2way,3.0,Lane_Discards,5G,-106,9.0,25.0,0.0062024032808032,40.321811918801586,21.79139417757935,Unintentional
User_45,2025-10-15 10:41:15,0.285,0.8473,Running,Ligeris,7,2way,1.0,50,4G,-84,8.0,-17.0,0.0073082403768004,40.30636373397142,21.80812562502891,Unintentional
User_45,2025-10-15 14:08:55,0.285,0.8483,Driving,Koila,Reckless_Driving,4way,2.0,Illegal_Parking,5G,-93,70.0,-18.0,0.0079391404616751,40.32106910745226,21.79110682242612,Unintentional
User_02,2025-10-15 15:30:01,0.529,0.8746,Running,Ligeris,Speeding,1way,1.0,40,3G,-98,93.0,10.0,0.05,40.30596549139408,21.808627346906704,Unintentional
User_17,2025-10-15 15:40:37,0.631,0.7158,Driving,Koila,Driving_Under_Influence,2way,0.0,40,5G,-106,71.0,-22.0,0.0046931038888975,40.32236366739668,21.792245314036556,Unintentional
User_79,2025-10-15 21:20:17,0.389,0.693,Running,Ligeris,9,2way,3.0,30,5G,-114,26.0,25.0,0.0032331424188488,40.305229773898645,21.807393260107418,Unintentional
User_06,2025-10-16 02:17:31,0.584,0.9445,Running,Koila,Reckless_Driving,2way,0.0,10,3G,-100,86.0,25.0,0.0094567579858855,40.32250174286691,21.79209521440702,Unintentional
User_100,2025-10-16 05:00:49,0.37,0.831,Running,Koila,Driving_Under_Influence,2way,1.0,80,5G,-115,20.0,17.0,0.002311771182665,40.321311309031344,21.790972571990732,Unintentional
User_88,2025-10-16 06:04:04,0.471,0.7027,Walking,Ligeris,Speeding,1way,0.0,20,5G,-107,28.0,18.0,0.0035962066407787,40.30514937104397,21.80777910201114,Unintentional
User_09,2025-10-16 11:56:48,0.307,0.9628,Driving,Ligeris,Driving_Under_Influence,4way,1.0,90,4G,-87,49.0,-21.0,0.0089126915099458,40.306303709386,21.80732068544071,Unintentional
User_24,2025-10-16 12:16:40,0.445,0.6596,Driving,Koila,Driving_Under_Influence,4way,1.0,60,4G,-86,63.0,-20.0,0.0086503020827107,40.32129393627305,21.79127419368979,Unintentional
User_98,2025-10-16 13:52:50,0.46,0.7298,Running,Koila,6,1way,1.0,80,4G,-112,2.0,11.0,0.046,40.30471793351325,21.808059207373123,Unintentional
User_04,2025-10-16 15:57:20,0.662,0.6287,Walking,Zep,Driving_Under_Influence,2way,4.0,60,4G,-72,34.0,-5.0,0.021,40.2791755986644,21.752968157493868,Unintentional
User_45,2025-10-16 17:52:12,0.285,0.8503,Walking,Koila,Speeding,1way,0.0,40,WiFi,-62,10.0,-4.0,0.049,40.32199428426147,21.7907690324886,Unintentional
User_67,2025-10-16 20:06:56,0.529,0.7886,Walking,Ligeris,Driving_Under_Influence,2way,0.0,70,3G,-110,9.0,13.0,0.038,40.30684795845212,21.806740723217224,Unintentional
User_16,2025-10-16 21:51:25,0.513,0.7837,Running,Ligeris,Driving_Under_Influence,2way,0.0,40,WiFi,-90,96.0,25.0,0.0055065627943712,40.30487712540409,21.807310969980836,Unintentional
User_12,2025-10-16 22:41:06,0.67,0.9292,Running,Koila,Speeding,2way,1.0,10,WiFi,-71,60.0,24.0,0.0029847924047549,40.32127974155404,21.789909733004688,Unintentional
User_100,2025-10-17 03:19:12,0.37,0.832,Driving,Zep,Driving_Under_Influence,2way,0.0,70,3G,-105,30.0,22.0,0.0081665295567976,40.28053719504338,21.754256711650367,Unintentional
User_87,2025-10-17 05:23:27,0.709,0.9592,Running,Zep,Speeding,2way,4.0,20,WiFi,-66,39.0,19.0,0.0093043614028085,40.27969303439957,21.75322780101096,Unintentional
User_19,2025-10-17 05:29:03,0.745,0.9595,Driving,Koila,Reckless_Driving,1way,1.0,10,3G,-90,13.0,-18.0,0.004691964693407,40.32234729852192,21.790356764055172,Unintentional
User_59,2025-10-17 07:20:03,0.265,0.7562,Running,Zep,Driving_Under_Influence,1way,1.0,20,5G,-106,47.0,24.0,0.0030866294643084,40.2800673740661,21.75290812515466,Unintentional
User_37,2025-10-17 11:18:27,0.306,0.8544,Driving,Koila,Reckless_Driving,4way,0.0,70,5G,-98,3.0,-11.0,0.045,40.32327943791428,21.789685606292608,Unintentional
User_18,2025-10-17 12:46:14,0.251,0.9685,Driving,Zep,Driving_Under_Influence,1way,0.0,40,4G,-71,5.0,-23.0,0.0066276907168678,40.279667210281545,21.7526006261522,Unintentional
User_25,2025-10-17 13:32:10,0.408,0.7148,Driving,Koila,Speeding,2way,0.0,90,3G,-120,85.0,24.0,0.007694012877288,40.32304762652314,21.792198418956723,Unintentional
User_39,2025-10-17 13:37:05,0.598,0.7267,Driving,Koila,Driving_Under_Influence,2way,0.0,60,4G,-103,27.0,14.0,0.043,40.32204083817859,21.793275527309124,Unintentional
User_95,2025-10-17 13:56:27,0.545,0.8519,Driving,Koila,Reckless_Driving,2way,140.0,10,4G,-79,74.0,-20.0,0.0062344945171825,40.32124458797389,21.79111752412603,Unintentional
User_34,2025-10-17 18:18:23,0.431,0.7319,Running,Zep,Reckless_Driving,1way,0.0,60,3G,-107,60.0,-19.0,0.0039224732043206,40.279933167117775,21.75174993354765,Unintentional
User_19,2025-10-17 22:44:26,0.745,0.9605,Driving,Koila,Driving_Under_Influence,2way,0.0,70,4G,-116,63.0,18.0,0.0079625729814043,40.32172509974489,21.79099557965983,Unintentional
User_54,2025-10-17 22:49:03,0.327,0.8539,Running,Zep,9,4way,1.0,40,3G,-99,91.0,21.0,0.0078172147793047,40.2797905134875,21.754681956820193,Unintentional
User_86,2025-10-18 01:08:38,0.469,0.5831,Walking,Ligeris,Driving_Under_Influence,2way,0.0,40,5G,-94,38.0,10.0,0.049,40.30772178526484,21.806362189570663,Unintentional
User_62,2025-10-18 02:55:59,0.366,0.6892,Driving,Koila,Driving_Under_Influence,2way,1.0,70,3G,-112,37.0,12.0,0.048,40.32237574965084,21.79139203820247,Unintentional
User_78,2025-10-18 10:03:58,0.347,0.8206,Running,Zep,Reckless_Driving,1way,0.0,80,3G,-103,63.0,8.0,0.029,40.27951967625362,21.753212340831897,Unintentional
User_69,2025-10-18 11:27:02,0.34,0.9401,Running,Koila,Driving_Under_Influence,4way,0.0,Lane_Discards,5G,-90,88.0,17.0,0.0015347856148548,40.32297579327705,21.79127990262515,Unintentional
User_31,2025-10-18 11:34:21,0.56,0.9334,Walking,Koila,Reckless_Driving,1way,3.0,30,WiFi,-65,53.0,1.0,0.03,40.32050322050553,21.790193852643377,Unintentional
User_39,2025-10-18 12:47:01,0.598,0.7287,Driving,Koila,Reckless_Driving,2way,0.0,30,5G,-94,49.0,1.0,0.038,40.32251620718251,21.792288278488023,Unintentional
User_82,2025-10-18 23:18:01,0.324,0.7939,Driving,Zep,Reckless_Driving,2way,1.0,70,5G,-96,66.0,-6.0,0.031,40.27963007451553,21.754219787339125,Unintentional
User_54,2025-10-19 03:36:16,0.327,0.8569,Walking,Ligeris,7,1way,0.0,10,3G,-79,100.0,6.0,0.023,40.305746450071545,21.8069152141683,Unintentional
User_81,2025-10-19 07:21:38,0.376,0.8665,Driving,Zep,Driving_Under_Influence,4way,0.0,10,5G,-87,67.0,0.0,0.044,40.27881181306896,21.752487436219297,Unintentional
User_72,2025-10-19 09:56:24,0.567,0.6245,Driving,Zep,Speeding,2way,1.0,50,WiFi,-54,54.0,0.0,0.028,40.279349326742256,21.75346417412246,Unintentional
User_48,2025-10-19 11:42:07,0.599,0.8514,Walking,Koila,Reckless_Driving,1way,1.0,50,5G,-107,80.0,-3.0,0.049,40.32196333205246,21.79181580977013,Unintentional
User_28,2025-10-19 13:23:39,0.348,0.8933,Walking,Zep,Reckless_Driving,2way,5.0,70,WiFi,-54,35.0,-8.0,0.026,40.27916356709545,21.752804747923605,Unintentional
User_14,2025-10-19 15:27:53,0.393,0.7894,Driving,Ligeris,Driving_Under_Influence,2way,0.0,60,4G,-107,98.0,-22.0,0.0020571223611539,40.3059682601221,21.80785494119381,Unintentional
User_92,2025-10-19 17:15:27,0.694,0.7592,Running,Zep,Driving_Under_Influence,2way,0.0,30,3G,-101,89.0,2.0,0.038,40.27968842460163,21.75324807352475,Unintentional
User_26,2025-10-19 20:22:10,0.408,0.8315,Driving,Zep,Speeding,2way,0.0,60,3G,-90,71.0,-20.0,0.003247946301058,40.27980203380076,21.753818776809577,Unintentional
User_26,2025-10-20 01:44:43,0.408,0.8325,Running,Ligeris,Driving_Under_Influence,2way,1.0,20,WiFi,-53,46.0,12.0,0.033,40.307103341403895,21.805485047714537,Unintentional
User_57,2025-10-20 03:38:24,0.372,0.6962,Walking,Zep,Reckless_Driving,4way,1.0,10,4G,-87,64.0,23.0,0.0064184393290626,40.28018925994161,21.751182123698953,Unintentional
User_47,2025-10-20 03:54:04,0.585,0.6922,Running,Zep,Reckless_Driving,2way,0.0,30,4G,-105,96.0,0.0,0.023,40.28022049446197,21.755127634643937,Unintentional
User_42,2025-10-20 11:11:15,0.738,0.6986,Walking,Koila,Reckless_Driving,2way,1.0,40,3G,-102,96.0,-14.0,0.035,40.322108181044555,21.792941088674414,Unintentional
User_81,2025-10-20 13:32:36,0.376,0.8675,Walking,Koila,Speeding,1way,0.0,10,4G,-84,83.0,-16.0,0.026,40.32350616209472,21.79066480679879,Unintentional
User_63,2025-10-20 14:56:14,0.543,0.7016,Driving,Ligeris,Reckless_Driving,2way,150.0,50,3G,-79,56.0,11.0,0.024,40.306167725014305,21.807591116377868,Unintentional
User_02,2025-10-20 19:05:02,0.529,0.8856,Walking,Ligeris,Speeding,2way,0.0,80,4G,-105,13.0,7.0,0.022,40.30599991721202,21.80607514097267,Unintentional
User_81,2025-10-20 23:38:05,0.376,0.8685,Running,Koila,Reckless_Driving,2way,140.0,20,WiFi,-79,17.0,-20.0,0.0033787256688049,40.322131409478715,21.79095596150589,Unintentional
User_71,2025-10-21 05:18:04,0.256,0.5903,Running,Ligeris,Reckless_Driving,1way,0.0,20,4G,-114,96.0,14.0,0.033,40.30480155582668,21.8065176992994,Unintentional
User_62,2025-10-21 06:10:51,0.366,0.6952,Running,Zep,Speeding,1way,150.0,50,4G,-111,54.0,-25.0,0.0046699710869787,40.279529451544086,21.751518047557727,Unintentional
User_100,2025-10-21 07:05:02,0.37,0.84,Driving,Ligeris,Reckless_Driving,4way,1.0,60,4G,-70,86.0,16.0,0.039,40.30603808683512,21.808257726355407,Unintentional
User_27,2025-10-21 08:58:31,0.535,0.8381,Walking,Ligeris,Speeding,1way,1.0,80,5G,-106,1.0,-17.0,0.0083917446942123,40.30583206376975,21.806828454408073,Unintentional
User_88,2025-10-21 10:58:18,0.471,0.7137,Walking,Zep,Reckless_Driving,2way,0.0,80,5G,-78,38.0,-15.0,0.046,40.28028468869977,21.751638388489862,Unintentional
User_34,2025-10-21 14:22:47,0.431,0.7409,Running,Zep,Speeding,2way,2.0,30,WiFi,-68,97.0,-17.0,0.0082726846877187,40.27859732821176,21.752570114062795,Unintentional
User_98,2025-10-21 15:26:06,0.46,0.7398,Driving,Zep,Driving_Under_Influence,2way,0.0,80,5G,-80,71.0,22.0,0.0077071044743179,40.279476828544865,21.75425186168739,Unintentional
User_35,2025-10-21 16:08:33,0.46,0.6672,Walking,Koila,Driving_Under_Influence,2way,0.0,60,WiFi,-67,55.0,-3.0,0.038,40.32196846175686,21.791253130839777,Unintentional
User_90,2025-10-21 18:07:55,0.525,0.6478,Running,Ligeris,Driving_Under_Influence,2way,2.0,Lane_Discards,4G,-107,52.0,-25.0,0.0099009928901563,40.3055307105619,21.808900360539443,Unintentional
User_51,2025-10-21 18:23:51,0.613,0.968,Walking,Ligeris,Reckless_Driving,2way,0.0,40,4G,-80,92.0,-25.0,0.0048763283263331,40.3071009578048,21.80714407924644,Unintentional
User_07,2025-10-21 21:42:53,0.46,0.6684,Driving,Koila,Speeding,4way,2.0,20,5G,-81,57.0,20.0,0.0046350185505379,40.32184130856024,21.79215070539968,Unintentional
User_10,2025-10-22 01:40:54,0.315,0.9388,Running,Koila,Reckless_Driving,1way,1.0,10,3G,-73,29.0,-17.0,0.0038043303189656,40.32213372539365,21.7908107192016,Unintentional
User_63,2025-10-22 01:48:01,0.543,0.7056,Walking,Ligeris,Speeding,4way,150.0,50,WiFi,-50,46.0,25.0,0.0079597557799182,40.30640794765188,21.805443149979936,Unintentional
User_13,2025-10-22 03:22:32,0.75,0.8334,Running,Zep,Reckless_Driving,1way,0.0,70,4G,-117,71.0,22.0,0.0072358376360333,40.2797582268676,21.753546903981498,Unintentional
User_20,2025-10-22 09:56:02,0.334,0.9111,Driving,Zep,Driving_Under_Influence,2way,0.0,50,WiFi,-68,34.0,0.0,0.049,40.278979382593725,21.75335618371625,Unintentional
User_86,2025-10-22 10:12:46,0.469,0.5911,Walking,Zep,Reckless_Driving,4way,0.0,50,4G,-101,80.0,14.0,0.029,40.27958619225347,21.753720984324357,Unintentional
User_92,2025-10-22 10:14:03,0.694,0.7652,Driving,Koila,Speeding,2way,1.0,10,5G,-74,16.0,-24.0,0.0025020632070222,40.32319645253118,21.792202321719127,Unintentional
User_94,2025-10-22 10:42:14,0.681,0.688,Walking,Koila,Reckless_Driving,4way,1.0,20,5G,-115,49.0,-19.0,0.0060647836244765,40.32346694120297,21.79239288995972,Unintentional
User_82,2025-10-22 16:16:22,0.324,0.8009,Running,Zep,Reckless_Driving,2way,0.0,50,3G,-73,40.0,-9.0,0.024,40.27903376476319,21.753042497053187,Unintentional
User_21,2025-10-22 16:36:10,0.303,0.6022,Walking,Ligeris,Reckless_Driving,1way,0.0,50,5G,-71,71.0,24.0,0.0058038805442095,40.306422897328254,21.80695181546977,Unintentional
User_16,2025-10-22 16:55:15,0.513,0.7957,Driving,Koila,Driving_Under_Influence,2way,1.0,40,4G,-93,18.0,-23.0,0.002434280521061,40.32282843396256,21.790824824000335,Unintentional
User_23,2025-10-22 21:14:09,0.458,0.738,Running,Koila,Speeding,2way,0.0,40,3G,-73,81.0,-20.0,0.0049733276641723,40.32229128243237,21.79117220173464,Unintentional
User_04,2025-10-23 01:26:36,0.662,0.6427,Driving,Zep,Reckless_Driving,1way,1.0,Harassing_Driver,3G,-112,93.0,-2.0,0.029,40.279376893873525,21.754795383469897,Unintentional
User_97,2025-10-23 04:21:11,0.337,0.8703,Driving,Zep,Speeding,4way,1.0,30,5G,-87,56.0,-13.0,0.047,40.28117673163494,21.752619491874388,Unintentional
User_04,2025-10-23 04:27:09,0.662,0.6437,Driving,Zep,Reckless_Driving,4way,1.0,90,4G,-100,35.0,-10.0,0.038,40.279448838817395,21.75269233603126,Unintentional
User_12,2025-10-23 07:25:48,0.67,0.9422,Walking,Ligeris,Reckless_Driving,2way,0.0,40,WiFi,-80,58.0,-3.0,0.047,40.30623781505227,21.80720644909111,Unintentional
User_05,2025-10-23 10:54:35,0.743,0.8877,Running,Koila,Driving_Under_Influence,2way,0.0,Illegal_Parking,WiFi,-78,88.0,-20.0,0.0077647255286026,40.32245693590681,21.790967992486056,Unintentional
User_51,2025-10-23 12:01:48,0.613,0.971,Running,Zep,Speeding,1way,0.0,90,3G,-99,12.0,21.0,0.0067198058384994,40.27954343916869,21.75266315346077,Unintentional
User_27,2025-10-23 14:01:30,0.535,0.8431,Walking,Ligeris,Driving_Under_Influence,4way,0.0,60,WiFi,-71,3.0,-20.0,0.0034209015456251,40.305643589208174,21.807830251082013,Unintentional
User_60,2025-10-23 14:44:47,0.353,0.9568,Driving,Zep,Driving_Under_Influence,4way,140.0,10,3G,-89,51.0,0.0,0.024,40.278950223135986,21.751774333642015,Unintentional
User_46,2025-10-23 17:13:11,0.519,0.9316,Walking,Zep,Reckless_Driving,2way,0.0,10,4G,-85,72.0,12.0,0.03,40.280646845705725,21.753957319359756,Unintentional
User_15,2025-10-23 17:36:35,0.627,0.8981,Driving,Ligeris,Speeding,2way,1.0,Lane_Discards,3G,-85,77.0,10.0,0.044,40.30497978796475,21.80882859351466,Unintentional
User_12,2025-10-23 17:56:18,0.67,0.9432,Driving,Ligeris,Driving_Under_Influence,2way,1.0,80,WiFi,-68,76.0,-6.0,0.022,40.30758213588594,21.8063172310182,Unintentional
User_22,2025-10-24 00:25:42,0.413,0.6389,Driving,Koila,Reckless_Driving,2way,0.0,40,5G,-105,11.0,-9.0,0.044,40.321982584557595,21.79037422362907,Unintentional
User_53,2025-10-24 01:04:33,0.313,0.6916,Walking,Ligeris,8,2way,0.0,50,3G,-113,86.0,25.0,0.006750611939895,40.30545726132278,21.80628248271904,Unintentional
User_25,2025-10-24 05:19:37,0.408,0.7288,Walking,Koila,Driving_Under_Influence,2way,0.0,20,WiFi,-72,55.0,17.0,0.002055437939963,40.32045009635838,21.791477170356817,Unintentional
User_80,2025-10-24 07:32:41,0.704,0.7527,Driving,Ligeris,Reckless_Driving,2way,140.0,20,5G,-78,97.0,12.0,0.038,40.306277574380935,21.805963926823527,Unintentional
User_36,2025-10-24 09:05:20,0.563,0.9809,Driving,Koila,Speeding,4way,2.0,50,4G,-118,78.0,-13.0,0.041,40.321864529274144,21.789686138059064,Unintentional
User_94,2025-10-24 11:30:54,0.681,0.692,Running,Zep,Speeding,2way,2.0,30,4G,-85,99.0,4.0,0.031,40.28064303047831,21.75362979960306,Unintentional
User_53,2025-10-24 13:04:14,0.313,0.5641,Driving,Ligeris,Driving_Under_Influence,2way,1.0,40,3G,-71,95.0,18.0,0.0086825364986305,40.30633816080975,21.80556734866475,Unintentional
User_40,2025-10-24 13:54:33,0.482,0.9607,Walking,Koila,Driving_Under_Influence,2way,2.0,20,5G,-85,0.0,20.0,0.0054270658858748,40.32278923140267,21.790693158036557,Unintentional
User_02,2025-10-24 15:58:37,0.529,0.8926,Driving,Koila,Reckless_Driving,1way,1.0,20,WiFi,-80,90.0,-5.0,0.032,40.32158153575384,21.7904282572242,Unintentional
User_58,2025-10-25 01:01:41,0.465,0.628,Walking,Zep,8,1way,1.0,20,5G,-79,15.0,-7.0,0.036,40.27983118181261,21.750976496115587,Unintentional
User_08,2025-10-25 02:31:15,0.347,0.9528,Walking,Zep,8,1way,0.0,60,5G,-115,19.0,-24.0,0.0096063407284018,40.27941447936037,21.753645518621457,Unintentional
User_37,2025-10-25 05:31:43,0.306,0.8704,Walking,Koila,Driving_Under_Influence,2way,1.0,70,4G,-120,82.0,-3.0,0.049,40.32292584903885,21.78930913652916,Unintentional
User_43,2025-10-25 06:30:48,0.416,0.7537,Walking,Ligeris,Reckless_Driving,2way,1.0,30,4G,-74,11.0,23.0,0.0043273732306917,40.30589820958973,21.80657146288041,Unintentional
User_46,2025-10-25 10:28:32,0.519,0.9366,Walking,Koila,Driving_Under_Influence,1way,1.0,40,3G,-85,4.0,-17.0,0.0047728514735087,40.32215776078088,21.7918350868939,Unintentional
User_56,2025-10-25 17:24:43,0.374,0.6067,Walking,Ligeris,Reckless_Driving,2way,1.0,50,4G,-88,54.0,-16.0,0.044,40.30682569780362,21.809163082552782,Unintentional
User_19,2025-10-25 18:43:56,0.745,0.9755,Walking,Koila,Driving_Under_Influence,1way,0.0,30,WiFi,-84,21.0,0.0,0.041,40.320744967941266,21.79115553271148,Unintentional
User_39,2025-10-25 19:23:07,0.598,0.7437,Walking,Zep,Speeding,2way,1.0,50,WiFi,-64,49.0,-24.0,0.0031514040278581,40.27965310802643,21.753572712881205,Unintentional
User_79,2025-10-25 21:22:34,0.389,0.712,Walking,Ligeris,Speeding,1way,1.0,30,WiFi,-58,42.0,20.0,0.0049708412940212,40.305332417570845,21.806773535955404,Unintentional
User_21,2025-10-25 22:28:24,0.303,0.6082,Running,Koila,Reckless_Driving,2way,0.0,30,5G,-98,99.0,-13.0,0.022,40.32331812320685,21.79043528236939,Unintentional
User_84,2025-10-26 01:20:37,0.527,0.6707,Driving,Koila,Driving_Under_Influence,2way,2.0,60,3G,-111,67.0,24.0,0.0059680862572217,40.32346501861837,21.791942303494288,Unintentional
User_29,2025-10-26 01:26:13,0.415,0.7604,Running,Koila,Speeding,2way,0.0,10,5G,-105,94.0,9.0,0.035,40.32232624262576,21.79145179420626,Unintentional
User_37,2025-10-26 22:47:46,0.306,0.8734,Walking,Ligeris,Reckless_Driving,4way,0.0,50,4G,-80,24.0,-14.0,0.043,40.30606346620357,21.80761818723458,Unintentional
User_21,2025-10-27 00:32:47,0.303,0.6112,Driving,Koila,Driving_Under_Influence,4way,1.0,20,4G,-89,13.0,-21.0,0.0024051361150072,40.32301229335712,21.79106448972656,Unintentional
User_90,2025-10-27 04:05:55,0.525,0.6588,Running,Ligeris,Speeding,1way,1.0,20,WiFi,-89,45.0,-14.0,0.025,40.3061234107787,21.807807396690137,Unintentional
User_81,2025-10-27 06:46:11,0.376,0.8815,Running,Ligeris,Speeding,2way,0.0,60,5G,-101,45.0,0.0,0.037,40.305400500093256,21.80848681940282,Unintentional
User_39,2025-10-27 06:52:39,0.598,0.7467,Walking,Koila,Driving_Under_Influence,4way,1.0,40,WiFi,-87,19.0,-14.0,0.026,40.320458304380715,21.79223440306113,Unintentional
User_65,2025-10-27 07:35:04,0.448,0.6741,Running,Koila,Speeding,4way,0.0,80,3G,-104,78.0,-25.0,0.0038724836962981,40.32250276323268,21.791641192179338,Unintentional
User_43,2025-10-27 07:52:29,0.416,0.7577,Driving,Ligeris,Driving_Under_Influence,1way,2.0,60,3G,-96,34.0,12.0,0.04,40.304864932934656,21.80615103677056,Unintentional
User_88,2025-10-27 10:41:30,0.46,0.7247,Walking,Ligeris,Driving_Under_Influence,2way,0.0,20,WiFi,-73,11.0,23.0,0.0074563294297782,40.305883539324526,21.806692064090203,Unintentional
User_16,2025-10-27 10:59:58,0.513,0.8057,Driving,Zep,Driving_Under_Influence,2way,140.0,30,4G,-96,47.0,-25.0,0.0085842074042632,40.28023007799822,21.752341103571137,Unintentional
User_70,2025-10-27 11:18:52,0.601,0.6939,Walking,Ligeris,Reckless_Driving,1way,0.0,40,5G,-102,65.0,20.0,0.0096158535464529,40.30532405412245,21.80812831706695,Unintentional
User_73,2025-10-27 11:39:26,0.325,0.7887,Driving,Koila,Speeding,1way,0.0,80,3G,-84,17.0,-15.0,0.025,40.3214146639899,21.79184219729603,Unintentional
User_52,2025-10-27 12:56:21,0.544,0.5641,Driving,Zep,Reckless_Driving,2way,0.0,30,WiFi,-63,55.0,-22.0,0.0051386858592415,40.27962240943109,21.753338445242115,Unintentional
User_96,2025-10-27 13:40:32,0.261,0.8571,Walking,Zep,Speeding,4way,0.0,40,4G,-76,56.0,21.0,0.0025152545837054,40.27902807327514,21.75295698973412,Unintentional
User_69,2025-10-27 15:16:14,0.34,0.9581,Walking,Koila,Reckless_Driving,1way,0.0,40,5G,-120,32.0,13.0,0.021,40.321302019535246,21.789171787316192,Unintentional
User_65,2025-10-27 15:51:35,0.448,0.6751,Driving,Zep,Speeding,2way,0.0,40,5G,-105,10.0,10.0,0.05,40.27984764077309,21.754749457800585,Unintentional
User_80,2025-10-27 19:20:43,0.704,0.7597,Running,Zep,Speeding,2way,150.0,90,4G,-111,73.0,20.0,0.0090413238071756,40.28123681070016,21.753625203789326,Unintentional
User_09,2025-10-27 20:27:13,0.307,0.9848,Driving,Ligeris,6,4way,0.0,40,4G,-102,61.0,-16.0,0.047,40.30535195977907,21.80920144782268,Unintentional
User_31,2025-10-27 22:12:35,0.56,0.9524,Walking,Zep,Speeding,1way,1.0,30,WiFi,-74,56.0,-19.0,0.0067423402201881,40.27930582294904,21.75325273755904,Unintentional
User_40,2025-10-27 23:17:03,0.482,0.9667,Running,Zep,Driving_Under_Influence,1way,2.0,40,WiFi,-76,22.0,-9.0,0.035,40.279665314492306,21.753103959792423,Unintentional
User_85,2025-10-28 03:34:15,0.254,0.7263,Running,Ligeris,Speeding,2way,1.0,90,5G,-80,63.0,-19.0,0.0059853797464965,40.30635238937582,21.806726459254733,Unintentional
User_54,2025-10-28 04:51:17,0.327,0.8749,Driving,Koila,Speeding,1way,0.0,60,4G,-113,10.0,-13.0,0.049,40.32312544902865,21.792609197799692,Unintentional
User_27,2025-10-28 07:48:23,0.535,0.8531,Running,Zep,Speeding,1way,1.0,80,5G,-83,40.0,-14.0,0.044,40.27949564402719,21.751280517527153,Unintentional
User_15,2025-10-28 09:29:40,0.627,0.9081,Driving,Ligeris,Driving_Under_Influence,2way,0.0,40,3G,-99,94.0,-22.0,0.0060508046829611,40.30616931389813,21.80739741431559,Unintentional
User_87,2025-10-28 16:23:33,0.709,0.9822,Driving,Zep,Reckless_Driving,2way,0.0,50,WiFi,-74,30.0,19.0,0.006200643730489,40.28000274829393,21.75151224168891,Unintentional
User_96,2025-10-28 20:30:06,0.261,0.8581,Running,Koila,Speeding,1way,1.0,20,WiFi,-63,7.0,22.0,0.0068109578719261,40.322335381459695,21.79078169680006,Unintentional
User_84,2025-10-28 21:28:01,0.527,0.6737,Walking,Zep,Driving_Under_Influence,1way,2.0,30,3G,-95,33.0,-15.0,0.033,40.280349469530265,21.75242191932768,Unintentional
User_08,2025-10-28 22:46:06,0.347,0.9598,Driving,Zep,7,2way,1.0,90,WiFi,-81,53.0,2.0,0.033,40.27952385605036,21.753320634715156,Unintentional
User_99,2025-10-28 23:17:13,0.465,0.8114,Running,Zep,Speeding,1way,1.0,30,5G,-120,17.0,-7.0,0.034,40.27975534935705,21.75329776494212,Unintentional
User_13,2025-10-28 23:26:24,0.75,0.8454,Running,Zep,Reckless_Driving,2way,150.0,20,4G,-70,30.0,20.0,0.0091966978177748,40.278585003146226,21.75458980988056,Unintentional
User_22,2025-10-29 00:38:03,0.413,0.6489,Driving,Zep,Reckless_Driving,2way,1.0,50,5G,-83,29.0,25.0,0.0044848749085188,40.27955676164197,21.753272791936208,Unintentional
User_43,2025-10-29 00:47:25,0.416,0.7617,Driving,Zep,Driving_Under_Influence,4way,0.0,30,4G,-94,69.0,-23.0,0.0083691309354635,40.27959184894127,21.75318842756418,Unintentional
User_86,2025-10-29 04:02:09,0.469,0.6041,Running,Zep,Reckless_Driving,2way,0.0,20,WiFi,-50,72.0,-22.0,0.0041704210251567,40.28088745917785,21.753848278449688,Unintentional
User_88,2025-10-29 04:03:27,0.471,0.7297,Walking,Ligeris,Reckless_Driving,2way,0.0,30,4G,-110,96.0,20.0,0.005653142335994,40.30654421350476,21.80742458161348,Unintentional
User_53,2025-10-29 07:09:23,0.313,0.7016,Driving,Zep,Driving_Under_Influence,4way,0.0,80,4G,-72,58.0,-2.0,0.033,40.27860073517885,21.754973849143862,Unintentional
User_55,2025-10-29 08:51:52,0.447,0.5641,Running,Ligeris,6,1way,0.0,40,3G,-72,93.0,-14.0,0.023,40.30700147911116,21.8075878365071,Unintentional
User_08,2025-10-29 10:45:29,0.347,0.9618,Driving,Zep,Reckless_Driving,1way,1.0,10,4G,-95,50.0,9.0,0.029,40.27947006645206,21.753786210959568,Unintentional
User_86,2025-10-29 10:45:43,0.469,0.6051,Driving,Ligeris,Reckless_Driving,1way,0.0,60,3G,-88,75.0,-9.0,0.025,40.30582119241415,21.8079725210626,Unintentional
User_59,2025-10-29 11:02:59,0.265,0.7812,Driving,Koila,Speeding,1way,0.0,50,3G,-88,0.0,21.0,0.0075814757530712,40.32242202231058,21.790734684791538,Unintentional
User_22,2025-10-29 14:28:06,0.413,0.5641,Walking,Ligeris,Driving_Under_Influence,1way,0.0,10,3G,-102,9.0,22.0,0.0051954903788499,40.30597167194053,21.80758487102519,Unintentional
User_24,2025-10-29 16:00:07,0.445,0.6856,Walking,Ligeris,Reckless_Driving,2way,1.0,40,WiFi,-75,54.0,24.0,0.0033341104559699,40.306530982144125,21.807116251975685,Unintentional
User_01,2025-10-29 18:28:50,0.619,0.8758,Walking,Zep,Driving_Under_Influence,2way,1.0,50,3G,-114,7.0,-12.0,0.049,40.279569466473866,21.754085297069288,Unintentional
User_03,2025-10-29 18:40:53,0.568,0.6324,Running,Ligeris,Speeding,2way,160.0,20,5G,-120,94.0,-20.0,0.0032334328766943,40.30687573926618,21.807038671224205,Unintentional
User_14,2025-10-29 20:20:51,0.393,0.8104,Walking,Zep,Reckless_Driving,2way,1.0,80,WiFi,-62,30.0,-10.0,0.037,40.27953086629386,21.791256784153244,Unintentional
User_77,2025-10-29 22:12:02,0.428,0.6205,Running,Ligeris,Reckless_Driving,2way,160.0,20,5G,-117,49.0,23.0,0.0087980173000498,40.30614371046303,21.80783251373169,Unintentional
User_78,2025-10-30 00:58:24,0.347,0.8436,Walking,Koila,Reckless_Driving,2way,2.0,20,5G,-112,72.0,-15.0,0.039,40.323284954874694,21.79089722642101,Unintentional
User_93,2025-10-30 01:21:21,0.588,0.6252,Walking,Zep,Driving_Under_Influence,2way,1.0,10,3G,-78,20.0,-23.0,0.0047001327000221,40.28000485955956,21.75384494155133,Unintentional
User_32,2025-10-30 04:37:02,0.464,0.624,Running,Zep,Driving_Under_Influence,1way,0.0,30,5G,-109,12.0,0.0,0.048,40.27924360428904,21.753221276542888,Unintentional
User_35,2025-10-30 05:31:49,0.274,0.6842,Walking,Ligeris,Speeding,1way,1.0,60,4G,-91,61.0,-17.0,0.0054885622099036,40.30640954518164,21.807202783784263,Unintentional
User_78,2025-10-30 07:55:22,0.347,0.5641,Driving,Zep,9,2way,0.0,80,3G,-90,17.0,-18.0,0.0062833316694171,40.28078360997519,21.752553921608207,Unintentional
User_76,2025-10-30 08:27:13,0.355,0.8041,Walking,Koila,Driving_Under_Influence,1way,4.0,50,3G,-104,53.0,7.0,0.038,40.32353103463625,21.790435833644327,Unintentional
User_91,2025-10-30 12:35:58,0.587,0.9098,Walking,Zep,Driving_Under_Influence,4way,0.0,60,4G,-91,16.0,-13.0,0.031,40.27963957408264,21.75447666586475,Unintentional
User_22,2025-10-30 16:15:51,0.413,0.6519,Walking,Ligeris,Driving_Under_Influence,1way,0.0,80,WiFi,-58,72.0,-17.0,0.0018443949573451,40.30731994439101,21.806832887766063,Unintentional
User_96,2025-10-30 19:18:56,0.261,0.8631,Driving,Ligeris,Speeding,2way,1.0,Harassing_Driver,3G,-117,7.0,-19.0,0.0082640701237207,40.30786073540991,21.806570062250604,Unintentional
User_11,2025-10-30 19:24:09,0.602,0.921,Running,Zep,Reckless_Driving,2way,0.0,20,3G,-75,58.0,2.0,0.049,40.27871873608079,21.75344871921294,Unintentional
User_45,2025-10-30 20:13:38,0.285,0.8783,Walking,Ligeris,Speeding,4way,1.0,70,4G,-88,42.0,8.0,0.03,40.30632193362562,21.806742154921857,Unintentional
User_88,2025-10-30 22:42:14,0.46,0.7317,Driving,Koila,Speeding,2way,0.0,30,5G,-80,11.0,4.0,0.043,40.320657519742475,21.791364855862383,Unintentional
User_17,2025-10-31 02:57:31,0.631,0.7468,Walking,Ligeris,Speeding,2way,0.0,70,WiFi,-70,8.0,-16.0,0.036,40.306305700837065,21.80571743246119,Unintentional
User_82,2025-10-31 04:04:35,0.324,0.8199,Walking,Zep,Driving_Under_Influence,2way,0.0,50,5G,-78,65.0,13.0,0.038,40.27961492162484,21.75386707207261,Unintentional
User_94,2025-10-31 04:12:54,0.681,0.706,Driving,Koila,Driving_Under_Influence,1way,1.0,Illegal_Parking,3G,-80,91.0,-23.0,0.0032835169005568,40.32192540761065,21.789446760298468,Unintentional
User_63,2025-10-31 04:14:14,0.543,0.7226,Driving,Zep,Speeding,4way,1.0,40,3G,-106,56.0,-22.0,0.0045258160818571,40.27897348879424,21.75401664930127,Unintentional
User_22,2025-10-31 06:52:30,0.413,0.6529,Running,Zep,9,1way,1.0,70,3G,-106,70.0,8.0,0.032,40.279986070977024,21.751892933583207,Unintentional
User_93,2025-10-31 06:58:18,0.588,0.6272,Running,Ligeris,Speeding,2way,2.0,80,4G,-114,23.0,-1.0,0.031,40.30594975231101,21.80652184865628,Unintentional
User_84,2025-10-31 10:51:36,0.527,0.6807,Driving,Ligeris,6,4way,0.0,50,5G,-116,21.0,0.0,0.034,40.30615552472315,21.808240171674477,Unintentional
User_37,2025-10-31 13:50:07,0.306,0.8824,Driving,Zep,Speeding,2way,1.0,20,3G,-77,34.0,17.0,0.0094324209579687,40.278404508762506,21.751627222225792,Unintentional
User_43,2025-10-31 17:11:45,0.416,0.5641,Walking,Ligeris,Speeding,2way,0.0,80,WiFi,-65,17.0,0.0,0.035,40.304825156011375,21.808387539257833,Unintentional
User_11,2025-10-31 17:36:42,0.602,0.924,Walking,Zep,Speeding,4way,3.0,40,4G,-113,18.0,-20.0,0.005220760148391,40.278782659282115,21.75301689072412,Unintentional
User_45,2025-10-31 20:41:25,0.285,0.8803,Walking,Ligeris,Driving_Under_Influence,2way,1.0,40,3G,-70,64.0,12.0,0.03,40.30494751006816,21.806315639655978,Unintentional
User_54,2025-11-01 00:02:45,0.327,0.8829,Walking,Ligeris,Reckless_Driving,2way,4.0,40,WiFi,-88,23.0,-23.0,0.0067122046755356,40.30745353018898,21.809162820098987,Unintentional
User_30,2025-11-01 03:02:15,0.413,0.6994,Running,Zep,Speeding,4way,140.0,50,3G,-72,49.0,-21.0,0.0081569825729996,40.28048072544322,21.752446540765376,Unintentional
User_13,2025-11-01 06:32:16,0.75,0.8534,Running,Koila,Speeding,4way,160.0,40,3G,-79,52.0,8.0,0.021,40.32268094853377,21.790673048468953,Unintentional
User_26,2025-11-01 07:00:22,0.408,0.8575,Driving,Zep,Driving_Under_Influence,2way,1.0,20,5G,-74,97.0,-19.0,0.0010855233248455,40.28048254502871,21.753383638646483,Unintentional
User_39,2025-11-01 08:55:35,0.598,0.7567,Driving,Zep,Speeding,2way,4.0,30,5G,-105,99.0,16.0,0.032,40.28051208531814,21.75312854768448,Unintentional
User_69,2025-11-01 09:21:34,0.34,0.9681,Walking,Koila,Reckless_Driving,1way,2.0,20,4G,-77,22.0,-17.0,0.0078471415745269,40.32125701455643,21.793341416730005,Unintentional
User_51,2025-11-01 09:23:56,0.613,0.989,Running,Zep,Speeding,2way,160.0,30,5G,-82,82.0,1.0,0.033,40.280562205317054,21.753354137687744,Unintentional
User_29,2025-11-01 10:49:39,0.415,0.7724,Running,Ligeris,Reckless_Driving,2way,0.0,20,3G,-78,21.0,8.0,0.036,40.30623444122411,21.807494327722843,Unintentional
User_15,2025-11-01 11:25:45,0.627,0.9151,Driving,Ligeris,Speeding,4way,0.0,40,3G,-102,62.0,4.0,0.031,40.30600890174476,21.80818140191103,Unintentional
User_02,2025-11-01 23:15:13,0.529,0.9096,Walking,Ligeris,Speeding,2way,1.0,20,5G,-107,35.0,-14.0,0.021,40.3064856001266,21.807121120986825,Unintentional
User_04,2025-11-02 05:39:47,0.662,0.6627,Driving,Koila,Reckless_Driving,1way,0.0,50,3G,-92,25.0,25.0,0.0096805018981715,40.32321930887963,21.792003261926748,Unintentional
User_71,2025-11-02 06:47:48,0.256,0.6133,Running,Zep,Reckless_Driving,1way,5.0,70,WiFi,-55,2.0,11.0,0.042,40.279848252115585,21.75455220217831,Unintentional
User_68,2025-11-02 07:29:02,0.472,0.6439,Driving,Koila,Speeding,1way,0.0,60,5G,-116,100.0,13.0,0.03,40.321505270796145,21.79052845585041,Unintentional
User_22,2025-11-02 07:47:04,0.413,0.6569,Running,Zep,Speeding,2way,140.0,60,WiFi,-52,49.0,-1.0,0.03,40.27897653404114,21.754383456012288,Unintentional
User_62,2025-11-02 12:56:38,0.366,0.7192,Walking,Ligeris,Speeding,2way,0.0,20,5G,-90,72.0,-7.0,0.043,40.30728473063749,21.80753910541692,Unintentional
User_57,2025-11-02 13:59:28,0.372,0.7232,Walking,Ligeris,Speeding,1way,0.0,50,5G,-106,61.0,7.0,0.041,40.30651558889626,21.807077574000846,Unintentional
User_60,2025-11-02 17:43:59,0.353,0.9768,Walking,Zep,Reckless_Driving,4way,3.0,50,WiFi,-72,96.0,-21.0,0.0025240012672404,40.27945406279868,21.753228098433546,Unintentional
User_65,2025-11-02 19:36:17,0.448,0.6871,Driving,Zep,Speeding,2way,1.0,40,WiFi,-78,0.0,-15.0,0.043,40.27900477765308,21.751317609156327,Unintentional
User_89,2025-11-02 23:54:29,0.336,0.6241,Running,Ligeris,Speeding,4way,0.0,60,WiFi,-80,53.0,5.0,0.048,40.30591987785379,21.808598414165523,Unintentional
User_50,2025-11-03 00:25:12,0.398,0.8446,Driving,Koila,Driving_Under_Influence,2way,0.0,Lane_Discards,5G,-119,88.0,-22.0,0.0032229226357792,40.32129718325509,21.79056263685979,Unintentional
User_93,2025-11-03 03:01:03,0.588,0.6332,Driving,Koila,Speeding,2way,4.0,80,5G,-83,75.0,-9.0,0.038,40.32304472819666,21.792580075198927,Unintentional
User_77,2025-11-03 05:35:05,0.428,0.6305,Running,Zep,Driving_Under_Influence,4way,0.0,70,3G,-78,83.0,-17.0,0.0096998385236859,40.28064563528746,21.755054648018564,Unintentional
User_95,2025-11-03 10:54:22,0.545,0.8859,Running,Koila,Reckless_Driving,1way,150.0,60,WiFi,-61,1.0,-23.0,0.0047685137924515,40.32111778559428,21.79263409976923,Unintentional
User_01,2025-11-03 12:02:34,0.619,0.8858,Running,Zep,Reckless_Driving,1way,0.0,10,WiFi,-61,26.0,-7.0,0.03,40.28007424600903,21.753371603636463,Unintentional
User_05,2025-11-03 16:57:28,0.743,0.9087,Walking,Zep,Speeding,1way,0.0,90,WiFi,-71,42.0,18.0,0.0045423571984805,40.27960083564869,21.7531473373126,Unintentional
User_88,2025-11-03 18:46:21,0.471,0.7387,Walking,Zep,Reckless_Driving,1way,1.0,10,WiFi,-82,82.0,-1.0,0.044,40.2799463259476,21.753662222352816,Unintentional
User_02,2025-11-03 22:54:28,0.529,0.9136,Walking,Ligeris,Reckless_Driving,2way,0.0,60,WiFi,-81,50.0,-14.0,0.044,40.30566654045133,21.808039941698496,Unintentional
User_65,2025-11-04 01:09:43,0.448,0.6901,Walking,Zep,Driving_Under_Influence,2way,3.0,80,WiFi,-87,38.0,21.0,0.0018826893711272,40.27915168194273,21.755497636024167,Unintentional
User_74,2025-11-04 05:05:21,0.497,0.9714,Driving,Ligeris,6,1way,1.0,90,5G,-70,50.0,-12.0,0.039,40.30569530090363,21.80730772211405,Unintentional
User_80,2025-11-04 07:45:11,0.704,0.7747,Running,Zep,Driving_Under_Influence,1way,0.0,30,4G,-80,41.0,-24.0,0.0074395594847254,40.27990972688619,21.75420501829012,Unintentional
User_94,2025-11-04 10:24:42,0.681,0.714,Walking,Koila,Driving_Under_Influence,1way,0.0,80,WiFi,-74,1.0,-20.0,0.0032647539257992,40.32329171136258,21.790181701164663,Unintentional
User_09,2025-11-04 11:17:40,0.307,0.9998,Walking,Koila,Reckless_Driving,1way,0.0,20,3G,-92,7.0,18.0,0.0033953158045622,40.32185153496342,21.790513589251507,Unintentional
User_03,2025-11-04 12:27:05,0.568,0.6434,Walking,Zep,Driving_Under_Influence,2way,1.0,70,3G,-78,54.0,19.0,0.0063721110059517,40.279556421992986,21.754538347438434,Unintentional
User_100,2025-11-04 13:28:48,0.37,0.869,Running,Zep,Reckless_Driving,2way,0.0,80,4G,-70,44.0,6.0,0.046,40.27802769428733,21.753273322774135,Unintentional
User_63,2025-11-04 18:35:21,0.543,0.7316,Walking,Zep,Speeding,2way,1.0,100,5G,-75,94.0,14.0,0.043,40.27878311482839,21.753448312427395,Unintentional
User_40,2025-11-04 18:57:48,0.482,0.9827,Walking,Zep,Speeding,1way,0.0,40,WiFi,-65,16.0,20.0,0.0037560589456217,40.28061503023992,21.75392057353479,Unintentional
User_47,2025-11-04 23:32:36,0.585,0.7232,Driving,Koila,Driving_Under_Influence,2way,1.0,40,4G,-80,84.0,4.0,0.021,40.32282683173642,21.789230694568996,Unintentional
User_71,2025-11-05 00:27:01,0.256,0.6193,Driving,Koila,Driving_Under_Influence,1way,1.0,70,5G,-119,41.0,-4.0,0.039,40.32215463778545,21.79138618868856,Unintentional
User_48,2025-11-05 04:59:10,0.599,0.8854,Running,Koila,Driving_Under_Influence,4way,1.0,50,5G,-110,93.0,-21.0,0.0083552323193146,40.322792899993686,21.790133079581803,Unintentional
User_64,2025-11-05 06:42:20,0.511,0.9678,Walking,Koila,Driving_Under_Influence,1way,1.0,20,WiFi,-86,50.0,-6.0,0.043,40.32131321092221,21.791038042380247,Unintentional
User_26,2025-11-05 08:08:43,0.408,0.8645,Walking,Zep,Speeding,2way,0.0,70,5G,-119,45.0,-25.0,0.0062651717489105,40.28005421024735,21.754827607258022,Unintentional
User_31,2025-11-05 14:13:13,0.56,0.9704,Driving,Zep,Driving_Under_Influence,2way,0.0,70,3G,-119,93.0,-24.0,0.005653142335994,40.27975274991837,21.75398967763636,Unintentional
User_09,2025-11-05 15:02:36,0.307,1.0,Driving,Koila,Speeding,2way,0.0,Lane_Discards,5G,-83,4.0,0.0,0.04,40.322364949187374,21.79142475873226,Unintentional
User_12,2025-11-05 17:09:39,0.67,0.9692,Driving,Ligeris,Driving_Under_Influence,1way,0.0,40,4G,-96,16.0,-13.0,0.026,40.30563987509755,21.80607567652242,Unintentional
User_51,2025-11-06 01:07:00,0.613,0.999,Driving,Ligeris,Reckless_Driving,1way,0.0,30,4G,-85,27.0,9.0,0.044,40.30670989490315,21.791256784153244,Unintentional
User_99,2025-11-06 02:03:18,0.465,0.8284,Running,Zep,Driving_Under_Influence,2way,1.0,110,5G,-111,40.0,14.0,0.022,40.279227080253,21.753430467712448,Unintentional
User_23,2025-11-06 05:08:01,0.458,0.767,Walking,Zep,Driving_Under_Influence,1way,0.0,80,5G,-107,39.0,-7.0,0.023,40.28024019768137,21.75508125634687,Unintentional
User_28,2025-11-06 06:19:40,0.348,0.9283,Driving,Koila,Driving_Under_Influence,2way,0.0,60,5G,-101,13.0,-15.0,0.044,40.322100380486944,21.791586834910355,Unintentional
User_15,2025-11-06 09:24:22,0.627,0.9251,Running,Koila,Reckless_Driving,4way,0.0,30,5G,-99,74.0,20.0,0.0017388496388241,40.3218498539135,21.790814090481256,Unintentional
User_12,2025-11-06 09:42:05,0.67,0.9702,Walking,Koila,Driving_Under_Influence,2way,140.0,40,WiFi,-79,89.0,19.0,0.0093258670581029,40.32199691896409,21.791256784153244,Unintentional
User_86,2025-11-06 09:57:39,0.469,0.6211,Running,Ligeris,Driving_Under_Influence,2way,0.0,50,WiFi,-53,54.0,-3.0,0.049,40.30649541139501,21.806797915137103,Unintentional
User_10,2025-11-06 11:45:40,0.315,0.9688,Walking,Koila,Driving_Under_Influence,2way,0.0,40,4G,-72,28.0,-20.0,0.005653142335994,40.32099098217872,21.79016571286903,Unintentional
User_01,2025-11-06 23:08:00,0.619,0.8918,Walking,Zep,Reckless_Driving,2way,1.0,30,3G,-116,36.0,17.0,0.0076829621891418,40.279801593546786,21.752749376068007,Unintentional
User_15,2025-11-07 00:33:49,0.627,0.9271,Running,Koila,Reckless_Driving,2way,0.0,80,WiFi,-74,88.0,-12.0,0.048,40.32204832731292,21.793412548282383,Unintentional
User_67,2025-11-07 06:04:34,0.529,0.5641,Walking,Koila,Driving_Under_Influence,2way,2.0,60,3G,-107,72.0,3.0,0.046,40.32265897707707,21.7912425273642,Unintentional
User_66,2025-11-07 07:48:08,0.28,0.8507,Running,Koila,Driving_Under_Influence,2way,3.0,10,4G,-78,10.0,-21.0,0.0087705112658501,40.3205051685918,21.791874258920863,Unintentional
User_100,2025-11-07 11:35:32,0.37,0.5641,Driving,Zep,Driving_Under_Influence,2way,0.0,20,4G,-74,28.0,18.0,0.0062706092665222,40.28084875438964,21.754313972976135,Unintentional
User_61,2025-11-07 13:50:48,0.546,0.7007,Walking,Zep,Driving_Under_Influence,2way,1.0,30,3G,-120,33.0,0.0,0.037,40.28046758104479,21.752213053345415,Unintentional
User_25,2025-11-07 14:00:06,0.408,0.7568,Walking,Ligeris,Driving_Under_Influence,2way,0.0,20,5G,-94,96.0,13.0,0.046,40.3062050498704,21.80735095801137,Unintentional
User_28,2025-11-07 14:37:22,0.348,0.9313,Walking,Ligeris,Driving_Under_Influence,1way,3.0,20,WiFi,-73,47.0,-17.0,0.0074377080318733,40.305973543772,21.80526245145941,Unintentional
User_38,2025-11-07 18:41:03,0.306,0.9271,Driving,Zep,Driving_Under_Influence,2way,140.0,60,4G,-115,12.0,23.0,0.0012655664915294,40.2799627537495,21.752849179534916,Unintentional
User_61,2025-11-07 18:44:34,0.546,0.7017,Running,Zep,Reckless_Driving,2way,150.0,30,5G,-113,98.0,-17.0,0.0084696491767106,40.27896019957945,21.751384658891872,Unintentional
User_32,2025-11-07 23:53:39,0.464,0.641,Driving,Ligeris,Driving_Under_Influence,1way,2.0,50,WiFi,-66,61.0,-24.0,0.0046691083008006,40.307001161316975,21.807612687474982,Unintentional
User_15,2025-11-08 03:50:34,0.627,0.5641,Running,Ligeris,6,2way,2.0,20,4G,-118,95.0,-18.0,0.0083079264158764,40.30480198110328,21.807649445177955,Unintentional
User_84,2025-11-08 05:33:35,0.46,0.6967,Running,Ligeris,Reckless_Driving,1way,140.0,80,3G,-88,78.0,-9.0,0.043,40.305517469984736,21.805513510326747,Unintentional
User_86,2025-11-08 06:40:05,0.469,0.6251,Driving,Koila,Speeding,2way,0.0,10,3G,-81,78.0,6.0,0.039,40.32170395082635,21.791518119021624,Unintentional
User_03,2025-11-08 09:01:39,0.568,0.6524,Driving,Zep,Driving_Under_Influence,1way,0.0,20,5G,-91,24.0,7.0,0.043,40.27995507529544,21.752142148115738,Unintentional
User_14,2025-11-08 11:48:41,0.393,0.8304,Driving,Zep,Reckless_Driving,2way,3.0,60,5G,-102,69.0,-4.0,0.047,40.27954253892417,21.754563308648994,Unintentional
User_40,2025-11-08 12:13:27,0.482,0.9907,Driving,Koila,Driving_Under_Influence,1way,0.0,80,3G,-94,51.0,23.0,0.0011332197402524,40.32106795949189,21.789682098645105,Unintentional
User_46,2025-11-08 12:33:02,0.519,0.9646,Driving,Ligeris,Reckless_Driving,2way,0.0,90,3G,-71,56.0,-12.0,0.033,40.30623260905371,21.80749613838322,Unintentional
User_34,2025-11-08 14:30:35,0.431,0.7759,Running,Ligeris,Driving_Under_Influence,2way,0.0,80,WiFi,-72,33.0,18.0,0.0027434087208073,40.30573863910367,21.80757433288369,Unintentional
User_43,2025-11-08 17:59:52,0.416,0.7827,Walking,Koila,Speeding,4way,0.0,30,3G,-99,20.0,17.0,0.0012236655781647,40.32300011747725,21.79022507220079,Unintentional
User_07,2025-11-08 20:26:50,0.625,0.7044,Driving,Koila,Reckless_Driving,2way,0.0,30,WiFi,-70,51.0,2.0,0.025,40.32147870241924,21.791591738948274,Unintentional
User_42,2025-11-08 20:26:56,0.738,0.7366,Driving,Koila,Driving_Under_Influence,4way,0.0,90,5G,-78,34.0,-23.0,0.0055515702065784,40.3204857830272,21.791256784153244,Unintentional
User_76,2025-11-08 21:11:48,0.355,0.8221,Running,Ligeris,Reckless_Driving,4way,160.0,30,5G,-108,4.0,-17.0,0.0098863350927959,40.30560977683754,21.80708823950667,Unintentional
User_15,2025-11-08 21:57:07,0.627,0.9301,Driving,Koila,Driving_Under_Influence,1way,0.0,30,5G,-73,95.0,-25.0,0.0010745647230566,40.32189492834242,21.791244466570312,Unintentional
User_54,2025-11-09 00:56:47,0.327,0.8989,Driving,Koila,Speeding,2way,1.0,Harassing_Driver,5G,-100,49.0,19.0,0.00434500668377,40.322010985108314,21.791294825230256,Unintentional
User_32,2025-11-09 01:05:30,0.464,0.644,Driving,Ligeris,Driving_Under_Influence,2way,1.0,60,3G,-105,47.0,-24.0,0.0069628024374992,40.307690202869125,21.807984000904803,Unintentional
User_81,2025-11-09 03:30:51,0.376,0.9085,Driving,Koila,Driving_Under_Influence,1way,0.0,Illegal_Parking,3G,-112,70.0,-25.0,0.005852322913883,40.321402288128425,21.793258814238936,Unintentional
User_44,2025-11-09 06:14:13,0.332,0.7076,Driving,Zep,Reckless_Driving,4way,4.0,40,5G,-84,22.0,-4.0,0.032,40.306230115631266,21.751369086903647,Unintentional
User_39,2025-11-09 06:17:06,0.598,0.7727,Running,Koila,Reckless_Driving,4way,0.0,60,3G,-78,31.0,-4.0,0.03,40.32229754626525,21.790572482830857,Unintentional
User_62,2025-11-09 13:15:51,0.366,0.7342,Driving,Zep,Speeding,1way,0.0,30,5G,-116,63.0,24.0,0.0041967636981567,40.27844513076452,21.753620891959123,Unintentional
User_70,2025-11-09 15:35:41,0.601,0.7199,Running,Koila,Driving_Under_Influence,1way,0.0,40,4G,-110,53.0,-5.0,0.028,40.32268778765324,21.7912426276036,Unintentional
User_90,2025-11-09 15:55:23,0.525,0.6858,Walking,Ligeris,Driving_Under_Influence,4way,1.0,30,WiFi,-52,36.0,-22.0,0.0039468512241034,40.30637013703449,21.805483726994986,Unintentional
User_79,2025-11-09 19:18:45,0.389,0.742,Walking,Koila,Speeding,1way,160.0,20,4G,-109,38.0,19.0,0.0022213087063451,40.32036164624297,21.791740718064617,Unintentional
User_65,2025-11-09 21:04:28,0.448,0.7011,Driving,Zep,Driving_Under_Influence,2way,0.0,70,WiFi,-81,49.0,-24.0,0.0052529458988653,40.280431471902816,21.753362551863365,Unintentional
User_48,2025-11-09 21:16:10,0.599,0.8924,Running,Ligeris,Driving_Under_Influence,4way,0.0,30,4G,-88,75.0,13.0,0.023,40.30632204494082,21.80786908978342,Unintentional
User_49,2025-11-10 00:00:10,0.637,0.9673,Walking,Koila,Reckless_Driving,2way,1.0,60,3G,-75,53.0,18.0,0.006485714682005,40.32159293744335,21.789385895898643,Unintentional
User_79,2025-11-10 00:28:37,0.389,0.744,Walking,Zep,Driving_Under_Influence,1way,1.0,60,4G,-80,26.0,-3.0,0.034,40.28083884282932,21.753505680693433,Unintentional
User_84,2025-11-10 00:36:23,0.527,0.6997,Running,Koila,Driving_Under_Influence,2way,0.0,20,4G,-107,52.0,-12.0,0.046,40.32248459163457,21.79015657863257,Unintentional
User_32,2025-11-10 06:09:31,0.464,0.646,Driving,Koila,Driving_Under_Influence,1way,0.0,20,WiFi,-77,4.0,-25.0,0.0069730078399391,40.32106378966091,21.79036912833961,Unintentional
User_49,2025-11-10 06:24:44,0.46,0.9683,Running,Ligeris,Reckless_Driving,2way,0.0,90,WiFi,-62,32.0,18.0,0.0031670888811539,40.30741230979315,21.807415726192524,Unintentional
User_12,2025-11-10 07:13:50,0.67,0.9782,Walking,Koila,Speeding,2way,150.0,70,4G,-76,85.0,23.0,0.0067393555533207,40.32088526948362,21.79161104183194,Unintentional
User_38,2025-11-10 07:29:48,0.306,0.9321,Walking,Zep,Speeding,1way,0.0,70,3G,-87,90.0,-24.0,0.0058147210584055,40.27979411908254,21.753241285956,Unintentional
User_89,2025-11-10 07:52:29,0.336,0.6391,Walking,Koila,Driving_Under_Influence,1way,0.0,20,3G,-88,28.0,24.0,0.007802624069255,40.322286260366575,21.79118826406382,Unintentional
User_42,2025-11-10 16:41:35,0.738,0.7396,Running,Ligeris,Driving_Under_Influence,4way,1.0,10,4G,-100,54.0,9.0,0.034,40.30645102394959,21.80749612878248,Unintentional
User_47,2025-11-10 16:44:33,0.585,0.7342,Walking,Zep,Driving_Under_Influence,2way,0.0,40,4G,-120,55.0,-2.0,0.039,40.28049875693558,21.752141369174307,Unintentional
User_03,2025-11-10 17:04:32,0.568,0.6564,Walking,Ligeris,Driving_Under_Influence,1way,0.0,30,WiFi,-61,64.0,25.0,0.0065162050325531,40.304929001220465,21.80780337757687,Unintentional
User_75,2025-11-10 18:48:36,0.409,0.7991,Driving,Ligeris,Reckless_Driving,2way,2.0,60,4G,-118,64.0,-18.0,0.0084516613828083,40.30785774019063,21.807078803483687,Unintentional
User_16,2025-11-10 20:45:02,0.513,0.8337,Driving,Ligeris,6,2way,0.0,50,WiFi,-77,66.0,-11.0,0.023,40.305877971765305,21.80545743096429,Unintentional
User_93,2025-11-10 22:47:28,0.588,0.6482,Driving,Koila,Reckless_Driving,2way,1.0,10,4G,-107,23.0,-18.0,0.0081936407088518,40.32224844752984,21.79128072812209,Unintentional
User_75,2025-11-10 23:13:08,0.409,0.8001,Walking,Ligeris,Driving_Under_Influence,2way,3.0,70,WiFi,-67,82.0,-13.0,0.022,40.30643662119216,21.791256784153244,Unintentional
User_70,2025-11-11 01:43:18,0.601,0.7229,Driving,Zep,Reckless_Driving,4way,1.0,30,3G,-78,33.0,0.0,0.023,40.28018779413341,21.75358663831363,Unintentional
User_16,2025-11-11 04:58:45,0.513,0.8357,Driving,Zep,Speeding,2way,1.0,80,4G,-94,4.0,-17.0,0.0048581725366075,40.27876711083929,21.753288128967743,Unintentional
User_27,2025-11-11 09:46:57,0.535,0.8801,Walking,Ligeris,Reckless_Driving,2way,0.0,40,5G,-112,56.0,25.0,0.0042549240791559,40.30594363051908,21.807122988010097,Unintentional
User_72,2025-11-11 15:37:46,0.567,0.6705,Driving,Koila,Speeding,4way,1.0,70,4G,-116,5.0,23.0,0.0087810315255756,40.32089883517849,21.79184586809973,Unintentional
User_99,2025-11-11 18:15:59,0.465,0.8384,Driving,Koila,Reckless_Driving,1way,1.0,90,3G,-100,7.0,-16.0,0.036,40.32279127445083,21.79158079667582,Unintentional
User_60,2025-11-11 19:26:36,0.353,0.9948,Walking,Ligeris,Driving_Under_Influence,2way,0.0,10,WiFi,-88,42.0,-18.0,0.0050291743719878,40.306225147038305,21.807491862392823,Unintentional
User_15,2025-11-11 20:26:43,0.627,0.9361,Running,Ligeris,Reckless_Driving,1way,3.0,40,WiFi,-81,73.0,14.0,0.046,40.306357878823995,21.807706218784688,Unintentional
User_84,2025-11-11 22:54:35,0.527,0.7027,Driving,Koila,Reckless_Driving,2way,0.0,50,WiFi,-71,35.0,-11.0,0.04,40.322074675335294,21.79116852434556,Unintentional
User_81,2025-11-12 04:00:25,0.376,0.9135,Driving,Zep,Reckless_Driving,1way,0.0,20,5G,-76,57.0,1.0,0.042,40.27873478854695,21.75236365415955,Unintentional
User_98,2025-11-12 11:50:02,0.46,0.7838,Running,Ligeris,Driving_Under_Influence,2way,1.0,30,WiFi,-65,55.0,21.0,0.0016222153097177,40.305939305051126,21.805785490227468,Unintentional
User_95,2025-11-12 21:11:38,0.545,0.9039,Walking,Koila,Reckless_Driving,2way,0.0,50,5G,-75,49.0,-9.0,0.028,40.322973769298954,21.79172861326173,Unintentional
User_01,2025-11-13 03:06:13,0.619,0.9048,Walking,Koila,Reckless_Driving,2way,0.0,20,3G,-109,37.0,20.0,0.0047383650420249,40.32335186186953,21.791345849149607,Unintentional
User_91,2025-11-13 05:11:21,0.587,0.9368,Walking,Ligeris,Driving_Under_Influence,2way,0.0,70,4G,-107,9.0,-9.0,0.044,40.30752889523297,21.80751546046023,Unintentional
User_03,2025-11-13 06:59:39,0.568,0.6614,Running,Ligeris,Driving_Under_Influence,2way,0.0,90,4G,-90,31.0,-25.0,0.0054843306640431,40.30698209761694,21.8086790901949,Unintentional
User_20,2025-11-13 10:29:11,0.334,0.9551,Running,Ligeris,Speeding,4way,4.0,70,3G,-94,46.0,4.0,0.022,40.306009567946866,21.806209451507065,Unintentional
User_79,2025-11-13 11:18:16,0.389,0.751,Driving,Ligeris,Reckless_Driving,4way,0.0,40,WiFi,-76,16.0,24.0,0.0080973902079272,40.30621205586928,21.80547915689639,Unintentional
User_97,2025-11-13 18:38:13,0.337,0.9133,Walking,Koila,Speeding,2way,4.0,90,5G,-99,20.0,24.0,0.0091510108810981,40.32319374137755,21.792544614922004,Unintentional
User_67,2025-11-13 19:46:09,0.529,0.8446,Walking,Ligeris,Speeding,4way,150.0,30,5G,-82,9.0,-22.0,0.0041471391751458,40.30575496902198,21.807337050814223,Unintentional
User_95,2025-11-13 20:43:22,0.545,0.9069,Walking,Ligeris,Driving_Under_Influence,1way,0.0,50,5G,-95,88.0,16.0,0.022,40.30514860773693,21.80844061256764,Unintentional
User_92,2025-11-13 23:27:40,0.694,0.8092,Driving,Koila,Reckless_Driving,1way,0.0,10,4G,-119,53.0,0.0,0.045,40.32270147761317,21.789409707761116,Unintentional
User_17,2025-11-14 03:49:31,0.631,0.7758,Walking,Zep,Speeding,1way,0.0,60,3G,-112,29.0,17.0,0.0083488778022067,40.279592472540294,21.755566404449556,Unintentional
User_01,2025-11-14 03:50:44,0.619,0.9068,Driving,Ligeris,Driving_Under_Influence,1way,0.0,50,3G,-74,83.0,-7.0,0.04,40.305251891127995,21.80655348204218,Unintentional
User_57,2025-11-14 04:52:17,0.372,0.7462,Running,Koila,Speeding,2way,0.0,20,4G,-70,65.0,-24.0,0.0051323693084876,40.32217918637737,21.791652377085953,Unintentional
User_73,2025-11-14 05:58:19,0.325,0.8247,Driving,Koila,Speeding,4way,1.0,30,5G,-120,87.0,17.0,0.0028608496970483,40.32205383835048,21.79168909206549,Unintentional
User_92,2025-11-14 06:23:54,0.694,0.8102,Driving,Zep,Reckless_Driving,2way,0.0,40,WiFi,-85,32.0,-11.0,0.035,40.27914796400697,21.752279826226268,Unintentional
User_59,2025-11-14 09:21:45,0.265,0.8122,Driving,Ligeris,Driving_Under_Influence,2way,1.0,10,3G,-86,92.0,14.0,0.029,40.30585100733653,21.80607369785645,Unintentional
User_64,2025-11-14 09:48:05,0.511,0.9858,Running,Ligeris,Reckless_Driving,2way,0.0,60,4G,-81,31.0,2.0,0.021,40.30642026173556,21.807278258936083,Unintentional
User_07,2025-11-14 13:20:55,0.625,0.7164,Walking,Ligeris,Driving_Under_Influence,4way,0.0,30,4G,-86,21.0,-3.0,0.029,40.30624990196455,21.791256784153244,Unintentional
User_51,2025-11-14 19:47:48,0.613,1.0,Running,Zep,Driving_Under_Influence,4way,1.0,50,5G,-101,25.0,14.0,0.049,40.280438576306146,21.754512855002194,Unintentional
User_36,2025-11-14 20:28:31,0.563,1.0,Driving,Zep,Reckless_Driving,4way,2.0,20,WiFi,-61,31.0,-7.0,0.034,40.27849157058667,21.754842701129135,Unintentional
User_85,2025-11-14 20:35:22,0.254,0.7613,Driving,Zep,Driving_Under_Influence,4way,1.0,40,WiFi,-72,0.0,10.0,0.042,40.28046652389131,21.75403530581809,Unintentional
User_20,2025-11-15 06:04:22,0.334,0.9581,Driving,Ligeris,Speeding,2way,150.0,80,3G,-107,50.0,-21.0,0.005229994998333,40.306536290932875,21.805848784570266,Unintentional
User_76,2025-11-15 13:54:14,0.355,0.8361,Driving,Koila,Reckless_Driving,2way,0.0,80,5G,-91,38.0,-21.0,0.0054229648066347,40.323742912210605,21.790592494923565,Unintentional
User_08,2025-11-15 15:57:36,0.347,0.9948,Driving,Zep,Speeding,2way,3.0,60,4G,-113,4.0,-20.0,0.0080233192511388,40.27936493920467,21.753245369226196,Unintentional
User_28,2025-11-15 17:02:09,0.348,0.9463,Walking,Koila,Driving_Under_Influence,2way,1.0,50,WiFi,-51,88.0,17.0,0.002786013541151,40.32120464670296,21.79304719951198,Unintentional
User_68,2025-11-15 23:25:56,0.472,0.6699,Walking,Ligeris,Speeding,4way,1.0,20,WiFi,-66,46.0,-10.0,0.036,40.30741397296352,21.806555001958955,Unintentional
User_64,2025-11-16 02:46:38,0.511,0.9898,Walking,Ligeris,6,2way,3.0,70,WiFi,-74,67.0,-16.0,0.029,40.30753073990798,21.808929787902724,Unintentional
User_91,2025-11-16 05:14:27,0.587,0.9428,Walking,Ligeris,Reckless_Driving,2way,0.0,30,3G,-74,99.0,23.0,0.0036367592723794,40.3059336885719,21.806639044370524,Unintentional
User_88,2025-11-16 06:37:11,0.471,0.7657,Driving,Ligeris,Reckless_Driving,1way,0.0,80,5G,-95,46.0,20.0,0.0083245763072879,40.30730233509081,21.80751365303453,Unintentional
User_31,2025-11-16 08:01:05,0.56,0.9914,Running,Koila,Reckless_Driving,4way,1.0,80,5G,-104,95.0,-12.0,0.033,40.32287674160448,21.79092789960473,Unintentional
User_07,2025-11-16 08:19:31,0.625,0.7194,Driving,Koila,7,4way,1.0,30,5G,-74,47.0,-21.0,0.0024510825230363,40.321106547062854,21.791749852044106,Unintentional
User_49,2025-11-16 12:08:17,0.637,0.9793,Driving,Ligeris,Speeding,1way,1.0,80,3G,-86,19.0,-10.0,0.028,40.306207787580774,21.80755276977832,Unintentional
User_06,2025-11-16 13:40:40,0.584,1.0,Walking,Ligeris,Reckless_Driving,2way,0.0,70,5G,-110,49.0,-10.0,0.047,40.30661478817085,21.80835055445907,Unintentional
User_27,2025-11-16 14:02:50,0.535,0.8901,Running,Zep,Reckless_Driving,2way,1.0,40,5G,-79,52.0,-4.0,0.037,40.27961639907389,21.752084099885018,Unintentional
User_41,2025-11-16 15:32:20,0.628,0.8001,Walking,Ligeris,Reckless_Driving,2way,1.0,60,WiFi,-81,47.0,11.0,0.036,40.30536458280386,21.807239146068383,Unintentional
User_23,2025-11-16 16:13:32,0.458,0.787,Walking,Zep,Speeding,4way,0.0,40,5G,-98,43.0,24.0,0.001056428963265,40.278100097645165,21.752146193254475,Unintentional
User_30,2025-11-16 19:42:48,0.413,0.7294,Walking,Ligeris,Speeding,1way,4.0,80,WiFi,-67,100.0,15.0,0.026,40.306060696786794,21.80770210276415,Unintentional
User_38,2025-11-16 20:53:20,0.306,0.5641,Driving,Koila,Driving_Under_Influence,1way,0.0,50,5G,-71,53.0,5.0,0.024,40.32045156103515,21.79124953519876,Unintentional
User_98,2025-11-17 05:36:05,0.46,0.7928,Running,Zep,Driving_Under_Influence,2way,0.0,30,4G,-82,64.0,-24.0,0.003104100307196,40.28043994501403,21.753035603716587,Unintentional
User_32,2025-11-17 09:40:12,0.464,0.66,Walking,Ligeris,Driving_Under_Influence,1way,0.0,10,WiFi,-62,46.0,22.0,0.0069179320035545,40.306132126590086,21.80905153258962,Unintentional
User_34,2025-11-17 12:12:03,0.431,0.7939,Running,Ligeris,Speeding,4way,2.0,40,5G,-109,35.0,-22.0,0.0063069129964572,40.30602499177031,21.805172296592783,Unintentional
User_82,2025-11-17 15:19:19,0.324,0.8529,Driving,Zep,Reckless_Driving,2way,1.0,20,WiFi,-51,84.0,-21.0,0.0034908318696987,40.28075734544303,21.75319127971715,Unintentional
User_16,2025-11-17 15:41:05,0.513,0.8467,Running,Zep,Driving_Under_Influence,2way,1.0,10,4G,-74,71.0,19.0,0.0096267161975262,40.27940464852285,21.751246649897947,Unintentional
User_95,2025-11-17 17:04:58,0.545,0.9149,Driving,Ligeris,Reckless_Driving,2way,3.0,20,4G,-109,68.0,23.0,0.0027360802146866,40.30577489034866,21.807025815588432,Unintentional
User_78,2025-11-17 18:44:39,0.347,0.8806,Walking,Koila,Reckless_Driving,2way,0.0,60,5G,-80,20.0,-14.0,0.028,40.32311601395488,21.789943968633768,Unintentional
User_66,2025-11-17 19:17:30,0.28,0.8707,Driving,Zep,Speeding,4way,1.0,50,3G,-94,13.0,22.0,0.004439026205093,40.27803388654241,21.75417698288977,Unintentional
User_89,2025-11-17 20:42:03,0.336,0.6541,Walking,Ligeris,Reckless_Driving,2way,160.0,40,3G,-117,43.0,-2.0,0.041,40.30569677280692,21.80527738002851,Unintentional
User_72,2025-11-17 23:12:19,0.567,0.6825,Running,Ligeris,Speeding,4way,1.0,80,WiFi,-60,7.0,-22.0,0.0042311175641219,40.305426012855264,21.80891675831689,Unintentional
User_68,2025-11-18 00:06:53,0.472,0.6749,Driving,Zep,Driving_Under_Influence,2way,4.0,20,3G,-88,18.0,-17.0,0.0071919661087927,40.27954945420265,21.75328716630228,Unintentional
User_49,2025-11-18 05:34:25,0.637,0.9833,Running,Koila,Speeding,4way,0.0,80,3G,-75,95.0,-17.0,0.0059706873701621,40.32168609738907,21.79181446413683,Unintentional
User_14,2025-11-18 07:48:08,0.393,0.8494,Running,Koila,Driving_Under_Influence,2way,0.0,50,4G,-93,44.0,22.0,0.0035800874944171,40.32209533503397,21.79123660302901,Unintentional
User_30,2025-11-18 07:59:42,0.413,0.7324,Driving,Ligeris,Speeding,2way,0.0,60,4G,-113,97.0,-3.0,0.041,40.305862930600696,21.807566517279664,Unintentional
User_53,2025-11-18 12:56:50,0.313,0.7426,Driving,Koila,Driving_Under_Influence,1way,2.0,30,4G,-86,39.0,5.0,0.033,40.30672964956882,21.80889049959264,Unintentional
User_36,2025-11-18 19:23:10,0.563,0.5641,Walking,Koila,Reckless_Driving,2way,4.0,40,4G,-102,23.0,8.0,0.042,40.32248996168968,21.7921888432915,Unintentional
User_04,2025-11-18 21:05:59,0.662,0.6957,Driving,Ligeris,Speeding,1way,0.0,70,3G,-103,98.0,-24.0,0.0062775977459161,40.30651275387727,21.808516369421643,Unintentional
User_91,2025-11-18 21:57:54,0.587,0.9478,Driving,Koila,Reckless_Driving,2way,2.0,50,3G,-79,77.0,-4.0,0.049,40.32182239593056,21.79118654693755,Unintentional
User_35,2025-11-18 23:50:29,0.274,0.7232,Walking,Koila,Reckless_Driving,2way,0.0,30,4G,-99,81.0,-13.0,0.043,40.32205613149205,21.79149676235275,Unintentional
User_70,2025-11-19 01:39:07,0.601,0.7389,Running,Zep,Reckless_Driving,2way,0.0,40,5G,-90,84.0,-5.0,0.024,40.28058313548638,21.75247569692236,Unintentional
User_66,2025-11-19 04:58:23,0.28,0.8747,Driving,Zep,Speeding,2way,1.0,50,4G,-104,49.0,24.0,0.0097050614677659,40.27814418305679,21.75251415266463,Unintentional
User_23,2025-11-19 05:46:28,0.46,0.5641,Driving,Ligeris,Speeding,2way,1.0,50,4G,-118,59.0,23.0,0.0067459896854998,40.306516826217845,21.80928865988975,Unintentional
User_21,2025-11-19 06:26:03,0.303,0.6572,Running,Ligeris,Driving_Under_Influence,2way,0.0,50,3G,-71,11.0,-11.0,0.036,40.305615388645755,21.808513555592324,Unintentional
User_51,2025-11-19 09:24:53,0.613,1.0,Driving,Ligeris,Speeding,1way,2.0,40,4G,-105,91.0,-13.0,0.049,40.30640364833584,21.807767462323497,Unintentional
User_52,2025-11-19 11:31:51,0.544,0.7222,Walking,Koila,Speeding,1way,1.0,40,WiFi,-76,52.0,10.0,0.032,40.32210258095085,21.7912445396366,Unintentional
User_69,2025-11-19 14:00:55,0.34,1.0,Walking,Zep,Reckless_Driving,1way,0.0,10,3G,-110,34.0,7.0,0.026,40.28059530459044,21.753580040185575,Unintentional
User_26,2025-11-19 15:28:06,0.408,0.8925,Driving,Koila,Reckless_Driving,4way,0.0,60,3G,-81,10.0,21.0,0.0048242437072475,40.32120183080024,21.791956928140024,Unintentional
User_25,2025-11-19 19:10:33,0.408,0.7818,Walking,Ligeris,7,2way,2.0,80,WiFi,-80,94.0,-17.0,0.0035317258792783,40.30690480603362,21.807298778945693,Unintentional
User_85,2025-11-19 20:45:28,0.254,0.7713,Walking,Ligeris,Driving_Under_Influence,2way,2.0,Lane_Discards,WiFi,-63,56.0,23.0,0.0064814826523285,40.30551279006132,21.806660626560305,Unintentional
User_91,2025-11-20 00:57:09,0.587,0.9508,Driving,Zep,Driving_Under_Influence,2way,0.0,30,3G,-82,90.0,-23.0,0.0065925535113304,40.27905521514102,21.75436431465783,Unintentional
User_24,2025-11-20 02:37:22,0.445,0.7286,Driving,Koila,Reckless_Driving,2way,3.0,90,3G,-116,42.0,8.0,0.023,40.32187943752991,21.791256784153244,Unintentional
User_10,2025-11-20 04:13:58,0.315,0.9968,Walking,Koila,Driving_Under_Influence,2way,0.0,80,4G,-70,16.0,-15.0,0.026,40.32149205823978,21.790338968452915,Unintentional
User_91,2025-11-20 06:41:16,0.587,0.9518,Walking,Koila,Driving_Under_Influence,2way,1.0,70,3G,-103,85.0,17.0,0.0022622953133497,40.280784939418574,21.753056102648696,Unintentional
User_33,2025-11-20 08:08:47,0.634,0.8612,Driving,Koila,Driving_Under_Influence,4way,1.0,80,4G,-84,38.0,25.0,0.0036794505752427,40.322077120558966,21.79123564037152,Unintentional
User_62,2025-11-20 08:21:39,0.366,0.7562,Running,Koila,Driving_Under_Influence,1way,1.0,70,4G,-104,71.0,5.0,0.027,40.32364302799953,21.791098667125137,Unintentional
User_32,2025-11-20 09:52:15,0.464,0.666,Walking,Ligeris,Driving_Under_Influence,1way,0.0,80,5G,-108,51.0,20.0,0.0082972886485274,40.30568135577172,21.807234075241528,Unintentional
User_80,2025-11-20 11:13:04,0.704,0.8067,Walking,Zep,Speeding,1way,4.0,Illegal_Parking,3G,-85,62.0,-21.0,0.0049155214298222,40.28023436676753,21.75447752576035,Unintentional
User_47,2025-11-20 12:40:15,0.585,0.7552,Driving,Koila,Reckless_Driving,4way,0.0,20,3G,-88,94.0,-24.0,0.0040301066994401,40.32303813010726,21.791561655256658,Unintentional
User_42,2025-11-20 13:25:40,0.738,0.7596,Running,Zep,Speeding,1way,0.0,90,5G,-80,8.0,20.0,0.0026728679466607,40.27933697576207,21.75411993974543,Unintentional
User_16,2025-11-20 18:03:24,0.513,0.8537,Walking,Zep,Driving_Under_Influence,2way,0.0,80,4G,-77,26.0,16.0,0.038,40.278348404234094,21.753675561279323,Unintentional
User_57,2025-11-20 19:53:02,0.372,0.5641,Running,Koila,Speeding,2way,0.0,30,4G,-72,100.0,4.0,0.037,40.322037458653874,21.7910718090325,Unintentional
User_44,2025-11-20 23:09:31,0.332,0.7306,Running,Koila,Driving_Under_Influence,2way,1.0,30,4G,-99,24.0,5.0,0.037,40.32201726627045,21.789092086500865,Unintentional
User_94,2025-11-21 02:01:50,0.681,0.748,Walking,Ligeris,Reckless_Driving,1way,0.0,20,WiFi,-83,4.0,-24.0,0.0061873089601913,40.30706959082033,21.80899998789763,Unintentional
User_50,2025-11-21 08:16:49,0.398,0.8806,Walking,Koila,Driving_Under_Influence,2way,1.0,10,3G,-89,52.0,-7.0,0.036,40.32220148474049,21.791512880489393,Unintentional
User_95,2025-11-21 12:20:20,0.545,0.9219,Walking,Ligeris,Reckless_Driving,4way,0.0,90,5G,-103,35.0,24.0,0.007913897513517,40.30637642798156,21.807607548888285,Unintentional
User_93,2025-11-21 15:20:43,0.588,0.6692,Driving,Ligeris,Driving_Under_Influence,2way,4.0,60,4G,-71,92.0,-2.0,0.035,40.306783475765144,21.80708719703085,Unintentional
User_46,2025-11-21 15:25:46,0.519,0.9896,Running,Zep,Driving_Under_Influence,1way,140.0,30,3G,-75,76.0,-8.0,0.031,40.28044333839032,21.75238872157982,Unintentional
User_52,2025-11-21 19:23:41,0.544,0.7262,Walking,Zep,Driving_Under_Influence,1way,1.0,50,5G,-110,54.0,-14.0,0.045,40.27863516745158,21.75392023629687,Unintentional
User_58,2025-11-21 21:36:22,0.465,0.683,Driving,Ligeris,Speeding,1way,0.0,10,5G,-91,65.0,-25.0,0.0074396148353874,40.30717820556993,21.806640867722372,Unintentional
User_98,2025-11-22 03:13:27,0.46,0.8028,Driving,Ligeris,Reckless_Driving,4way,0.0,70,4G,-90,10.0,-10.0,0.042,40.307733495748465,21.806640486733844,Unintentional
User_39,2025-11-22 04:11:31,0.598,0.7987,Walking,Zep,Speeding,2way,0.0,70,5G,-95,91.0,2.0,0.029,40.27956340215303,21.753278129482357,Unintentional
User_60,2025-11-22 05:10:11,0.353,0.5641,Running,Koila,Speeding,2way,2.0,60,5G,-82,46.0,-23.0,0.0011671410183812,40.3222480330449,21.789907055865815,Unintentional
User_34,2025-11-22 10:11:31,0.431,0.8039,Driving,Koila,Speeding,2way,1.0,50,3G,-83,99.0,1.0,0.04,40.32102092593961,21.791333143693333,Unintentional
User_58,2025-11-22 11:57:54,0.465,0.685,Walking,Koila,Speeding,2way,0.0,10,WiFi,-69,20.0,12.0,0.031,40.306230115631266,21.791225231292938,Unintentional
User_55,2025-11-22 17:07:48,0.447,0.9874,Walking,Zep,Speeding,4way,0.0,Lane_Discards,3G,-74,28.0,0.0,0.023,40.28066138323468,21.75486070672757,Unintentional
User_44,2025-11-22 21:30:46,0.332,0.7346,Walking,Koila,Reckless_Driving,1way,2.0,50,5G,-71,57.0,-22.0,0.00694741201647,40.32205317718389,21.79279798797289,Unintentional
User_41,2025-11-23 00:43:24,0.628,0.8141,Driving,Zep,Reckless_Driving,1way,0.0,60,3G,-86,75.0,21.0,0.0091487218657295,40.27950111627701,21.753671707921963,Unintentional
User_14,2025-11-23 04:11:49,0.393,0.8594,Running,Ligeris,Speeding,1way,0.0,40,WiFi,-66,5.0,0.0,0.035,40.30605196426252,21.808036358474176,Unintentional
User_35,2025-11-23 06:49:16,0.274,0.7332,Walking,Koila,Driving_Under_Influence,2way,150.0,10,WiFi,-81,59.0,20.0,0.0040858028996844,40.321403166173816,21.791862727219176,Unintentional
User_21,2025-11-23 06:53:01,0.303,0.6652,Driving,Zep,Reckless_Driving,1way,1.0,40,5G,-71,28.0,9.0,0.024,40.280337252507096,21.75390630959767,Unintentional
User_71,2025-11-23 13:40:06,0.256,0.6553,Walking,Koila,Speeding,1way,0.0,20,4G,-72,44.0,25.0,0.0024166230363401,40.32113845024929,21.79015384845766,Unintentional
User_63,2025-11-23 14:23:09,0.543,0.7696,Running,Ligeris,Reckless_Driving,4way,0.0,30,5G,-76,95.0,-24.0,0.0070245349895556,40.30626497808218,21.807383041523845,Unintentional
User_50,2025-11-23 14:47:38,0.398,0.8846,Running,Ligeris,Speeding,1way,1.0,30,4G,-80,51.0,9.0,0.022,40.30468438752934,21.808325985689184,Unintentional
User_34,2025-11-23 17:29:59,0.431,0.8069,Driving,Koila,Reckless_Driving,2way,0.0,90,5G,-72,86.0,25.0,0.0027418355944882,40.32161616217273,21.790883349233248,Unintentional
User_97,2025-11-23 18:24:36,0.337,0.9323,Running,Zep,Driving_Under_Influence,2way,1.0,50,4G,-103,61.0,-12.0,0.024,40.279827005444574,21.754388484146745,Unintentional
User_38,2025-11-23 22:04:26,0.306,0.9591,Walking,Koila,Speeding,2way,1.0,10,WiFi,-65,1.0,25.0,0.0060690921683019,40.32202246042144,21.791772928516146,Unintentional
User_26,2025-11-23 23:35:51,0.408,0.9015,Running,Koila,Speeding,1way,0.0,60,4G,-100,55.0,24.0,0.0072899192644244,40.322454121323304,21.791107081876028,Unintentional
User_18,2025-11-23 23:37:43,0.251,1.0,Running,Zep,Reckless_Driving,4way,1.0,50,3G,-103,75.0,13.0,0.046,40.27953782304917,21.753819285340892,Unintentional
User_31,2025-11-24 02:23:09,0.56,1.0,Walking,Koila,Driving_Under_Influence,2way,1.0,50,5G,-107,49.0,-21.0,0.0052549216264047,40.277971602827265,21.75237566988959,Unintentional
User_07,2025-11-24 02:25:00,0.625,0.7354,Driving,Koila,Speeding,4way,0.0,20,5G,-76,25.0,8.0,0.033,40.321103406187625,21.79165019926654,Unintentional
User_41,2025-11-24 03:11:19,0.628,0.8171,Driving,Zep,Driving_Under_Influence,1way,1.0,30,3G,-94,90.0,16.0,0.044,40.280211621387295,21.753737693143595,Unintentional
User_33,2025-11-24 05:40:00,0.634,0.8682,Running,Ligeris,Speeding,2way,3.0,90,3G,-95,33.0,-11.0,0.029,40.30454478220457,21.8070457083897,Unintentional
User_83,2025-11-24 07:57:42,0.309,1.0,Running,Ligeris,Reckless_Driving,2way,1.0,70,5G,-83,68.0,-6.0,0.03,40.306230115631266,21.806668758931018,Unintentional
User_34,2025-11-24 09:20:17,0.431,0.8079,Driving,Ligeris,Reckless_Driving,2way,0.0,30,4G,-113,49.0,25.0,0.0051480368295625,40.30782263608918,21.807337036945697,Unintentional
User_72,2025-11-24 09:45:44,0.567,0.6955,Driving,Ligeris,Speeding,2way,0.0,60,5G,-70,1.0,21.0,0.0077312333131758,40.30626232367861,21.809002791157916,Unintentional
User_83,2025-11-24 13:28:21,0.309,1.0,Walking,Ligeris,Reckless_Driving,1way,4.0,20,3G,-88,55.0,5.0,0.037,40.30584785306223,21.807405798759785,Unintentional
User_64,2025-11-24 14:13:21,0.511,1.0,Running,Koila,Driving_Under_Influence,2way,1.0,70,4G,-74,64.0,-22.0,0.007364425161271,40.32168855219505,21.79235543776379,Unintentional
User_87,2025-11-24 15:00:57,0.709,1.0,Driving,Ligeris,Reckless_Driving,2way,4.0,30,4G,-111,35.0,22.0,0.0034963025214814,40.30516234650402,21.80790863473596,Unintentional
User_44,2025-11-24 16:46:51,0.332,0.7386,Walking,Zep,Speeding,2way,1.0,60,3G,-110,73.0,-22.0,0.0027155982743634,40.279328667782295,21.75344434345947,Unintentional
User_39,2025-11-24 17:25:15,0.46,0.8037,Running,Koila,Speeding,1way,1.0,60,3G,-91,49.0,-20.0,0.0093199315539111,40.32096904229002,21.792441599267885,Unintentional
User_16,2025-11-24 19:37:46,0.513,0.8617,Running,Koila,Driving_Under_Influence,2way,150.0,80,3G,-90,13.0,8.0,0.03,40.321152143783145,21.793092265309657,Unintentional
User_61,2025-11-24 20:49:00,0.546,0.7357,Walking,Koila,Reckless_Driving,1way,2.0,40,5G,-86,82.0,-22.0,0.0096217889585437,40.32150108770949,21.791256784153244,Unintentional
User_81,2025-11-24 21:01:10,0.376,0.9385,Running,Ligeris,Reckless_Driving,4way,0.0,50,WiFi,-65,51.0,-2.0,0.03,40.305038857595726,21.806247068417857,Unintentional
User_18,2025-11-24 22:22:28,0.251,1.0,Walking,Koila,7,4way,1.0,50,4G,-71,51.0,-20.0,0.0037576444846489,40.32169030816673,21.79231587828001,Unintentional
User_21,2025-11-25 00:53:38,0.303,0.6692,Running,Zep,Driving_Under_Influence,1way,1.0,30,5G,-96,8.0,20.0,0.0080784910353664,40.28002142875737,21.752981452861405,Unintentional
User_75,2025-11-25 05:57:28,0.409,0.8291,Running,Ligeris,Speeding,4way,1.0,20,4G,-99,47.0,12.0,0.042,40.30640254690888,21.80830100475076,Unintentional
User_15,2025-11-25 16:03:32,0.627,0.9631,Driving,Zep,Speeding,4way,0.0,20,3G,-84,35.0,9.0,0.04,40.279660206191785,21.752864026126463,Unintentional
User_19,2025-11-25 16:33:15,0.745,1.0,Running,Ligeris,Driving_Under_Influence,4way,1.0,10,WiFi,-81,49.0,-19.0,0.0079868929218618,40.30694082709867,21.807759240464488,Unintentional
User_22,2025-11-25 16:35:23,0.413,0.7039,Running,Ligeris,Reckless_Driving,2way,160.0,70,4G,-106,80.0,-11.0,0.044,40.305635085208245,21.808848038000065,Unintentional
User_03,2025-11-25 17:21:25,0.568,0.6854,Driving,Ligeris,Driving_Under_Influence,4way,0.0,80,3G,-72,13.0,24.0,0.0015798642767926,40.30619448816395,21.8086961982851,Unintentional
User_12,2025-11-25 18:59:36,0.67,1.0,Driving,Koila,Driving_Under_Influence,1way,1.0,80,4G,-71,60.0,15.0,0.049,40.322291760551224,21.79055434197176,Unintentional
User_09,2025-11-25 20:40:56,0.307,1.0,Running,Koila,Speeding,1way,0.0,50,4G,-85,7.0,-19.0,0.0073626286388784,40.32129195068607,21.79164045926992,Unintentional
User_85,2025-11-25 23:26:45,0.254,0.7833,Running,Koila,Reckless_Driving,2way,4.0,90,5G,-102,33.0,-15.0,0.044,40.321498078366304,21.791978736235126,Unintentional
User_20,2025-11-26 00:53:41,0.334,0.9801,Driving,Zep,Driving_Under_Influence,4way,2.0,Harassing_Driver,4G,-102,58.0,-1.0,0.04,40.27940817729261,21.75225861575169,Unintentional
User_22,2025-11-26 03:17:16,0.413,0.7049,Driving,Koila,Driving_Under_Influence,2way,1.0,20,5G,-100,35.0,-2.0,0.043,40.32168869670121,21.790693301162857,Unintentional
User_32,2025-11-26 04:07:08,0.464,0.679,Walking,Zep,9,2way,1.0,30,5G,-85,1.0,-6.0,0.038,40.2791742479059,21.75549008243315,Unintentional
User_66,2025-11-26 04:17:48,0.28,0.8877,Running,Zep,9,2way,5.0,70,3G,-88,74.0,-8.0,0.026,40.279554626578104,21.753900231624566,Unintentional
User_56,2025-11-26 05:59:44,0.374,0.6707,Walking,Zep,Driving_Under_Influence,1way,0.0,20,3G,-73,88.0,-11.0,0.038,40.27794532543785,21.754044584421827,Unintentional
User_11,2025-11-26 07:09:52,0.602,0.975,Walking,Ligeris,Driving_Under_Influence,2way,0.0,80,3G,-84,83.0,-24.0,0.0016657843429214,40.30625592004884,21.807534222614844,Unintentional
User_97,2025-11-26 08:57:50,0.337,0.9383,Running,Ligeris,Reckless_Driving,4way,0.0,50,4G,-83,100.0,0.0,0.025,40.30495683663388,21.805927619151156,Unintentional
User_53,2025-11-26 10:55:32,0.313,0.7586,Driving,Ligeris,Driving_Under_Influence,2way,0.0,60,3G,-101,91.0,4.0,0.049,40.30636342919452,21.806804055745605,Unintentional
User_58,2025-11-26 13:44:58,0.465,0.693,Walking,Ligeris,Speeding,2way,0.0,50,WiFi,-71,35.0,2.0,0.044,40.30533156986493,21.80825781399451,Unintentional
User_35,2025-11-26 16:06:17,0.274,0.7392,Walking,Zep,Driving_Under_Influence,2way,0.0,30,3G,-86,96.0,-9.0,0.024,40.27969724000432,21.75196528775733,Unintentional
User_30,2025-11-26 16:55:53,0.413,0.7494,Walking,Zep,Reckless_Driving,2way,2.0,30,3G,-89,20.0,17.0,0.0084544371387277,40.27879214821142,21.754724838882595,Unintentional
User_37,2025-11-27 05:21:13,0.306,0.9364,Running,Zep,Driving_Under_Influence,2way,0.0,10,5G,-74,4.0,21.0,0.005653142335994,40.27864549401673,21.7529326730622,Unintentional
User_07,2025-11-27 10:05:49,0.625,0.7414,Driving,Zep,Speeding,1way,1.0,30,WiFi,-85,60.0,5.0,0.045,40.278476201152834,21.754062997299265,Unintentional
User_73,2025-11-27 10:16:03,0.325,0.8517,Walking,Koila,Reckless_Driving,4way,0.0,50,5G,-105,77.0,-2.0,0.035,40.320646664302494,21.790118852593753,Unintentional
User_05,2025-11-27 12:50:29,0.743,0.9577,Driving,Ligeris,Driving_Under_Influence,2way,1.0,80,4G,-98,77.0,1.0,0.03,40.30683665058924,21.806966770944943,Unintentional
User_27,2025-11-27 12:52:36,0.535,0.9131,Running,Zep,Driving_Under_Influence,1way,0.0,30,WiFi,-78,70.0,-12.0,0.045,40.27860561135069,21.751625900998157,Unintentional
User_21,2025-11-27 13:17:04,0.303,0.6742,Driving,Ligeris,6,2way,3.0,20,WiFi,-87,9.0,11.0,0.028,40.30634194626148,21.8063071711494,Unintentional
User_80,2025-11-27 16:55:16,0.704,0.8207,Running,Ligeris,Driving_Under_Influence,2way,2.0,60,3G,-117,24.0,18.0,0.0076974306530793,40.307940511335744,21.807143810940335,Unintentional
User_80,2025-11-27 18:33:44,0.704,0.8217,Walking,Zep,Reckless_Driving,2way,1.0,60,WiFi,-76,77.0,-4.0,0.036,40.279678740844254,21.75320465813756,Unintentional
User_08,2025-11-27 18:50:10,0.347,1.0,Walking,Koila,Speeding,1way,1.0,70,WiFi,-70,76.0,-5.0,0.038,40.32134437565449,21.790057494263063,Unintentional
User_58,2025-11-28 03:12:21,0.465,0.697,Walking,Koila,Speeding,1way,1.0,10,3G,-108,79.0,-21.0,0.0033127098319636,40.32210219036351,21.791275517855112,Unintentional
User_02,2025-11-28 04:27:56,0.529,0.9636,Driving,Ligeris,Reckless_Driving,2way,1.0,10,4G,-78,34.0,-25.0,0.0027688161027654,40.305853742742336,21.806400970103304,Unintentional
User_26,2025-11-28 06:30:40,0.408,0.9105,Running,Zep,Reckless_Driving,1way,1.0,60,4G,-87,90.0,23.0,0.0012301152119506,40.28077151895949,21.754645220572893,Unintentional
User_14,2025-11-28 06:42:57,0.393,0.8694,Walking,Zep,Driving_Under_Influence,1way,1.0,60,4G,-92,39.0,20.0,0.0054612889281715,40.2793785204515,21.753075215992787,Unintentional
User_83,2025-11-28 07:22:15,0.309,1.0,Running,Koila,Driving_Under_Influence,2way,2.0,70,3G,-118,8.0,-4.0,0.037,40.321960491247275,21.79193495652436,Unintentional
User_47,2025-11-28 07:47:27,0.585,0.7712,Driving,Zep,Driving_Under_Influence,2way,0.0,80,4G,-84,73.0,20.0,0.0037179568805942,40.2789882341209,21.75250080358817,Unintentional
User_01,2025-11-28 11:47:30,0.619,0.9348,Driving,Ligeris,Reckless_Driving,2way,1.0,80,5G,-72,46.0,20.0,0.0065227503168004,40.3062088197779,21.80760557663144,Unintentional
User_38,2025-11-28 17:58:01,0.306,0.9691,Walking,Koila,Speeding,2way,0.0,20,5G,-95,11.0,-11.0,0.033,40.322471689278785,21.791093872011174,Unintentional
User_17,2025-11-28 19:15:09,0.631,0.8038,Driving,Koila,Speeding,4way,0.0,Illegal_Parking,4G,-81,37.0,-4.0,0.044,40.32208330142536,21.79090553432929,Unintentional
User_57,2025-11-28 20:11:21,0.372,0.7752,Running,Zep,Driving_Under_Influence,4way,4.0,60,4G,-87,74.0,-20.0,0.0034102141737156,40.27955407784517,21.753249244569353,Unintentional
User_96,2025-11-28 21:45:24,0.261,0.9211,Running,Koila,Driving_Under_Influence,2way,1.0,60,3G,-79,6.0,1.0,0.037,40.32171861967905,21.79171817910297,Unintentional
User_19,2025-11-28 22:13:50,0.745,1.0,Driving,Ligeris,Speeding,4way,4.0,50,4G,-118,3.0,5.0,0.04,40.30675371425142,21.806290344213707,Unintentional
User_43,2025-11-28 23:38:16,0.416,0.8227,Walking,Koila,Speeding,4way,1.0,30,5G,-97,54.0,23.0,0.0075846337788198,40.32268860747803,21.790915357615113,Unintentional
User_49,2025-11-29 06:06:42,0.637,1.0,Driving,Zep,Driving_Under_Influence,2way,3.0,80,WiFi,-86,46.0,8.0,0.037,40.28007615782052,21.753293142473815,Unintentional
User_80,2025-11-29 06:13:01,0.704,0.8247,Running,Koila,Reckless_Driving,4way,0.0,70,4G,-83,76.0,18.0,0.0096574797975143,40.32226293593339,21.7928281359601,Unintentional
User_92,2025-11-29 08:13:09,0.694,0.5641,Walking,Ligeris,Driving_Under_Influence,2way,1.0,50,3G,-109,83.0,-16.0,0.029,40.3070830972442,21.80569279924961,Unintentional
User_64,2025-11-29 08:56:55,0.511,1.0,Driving,Koila,Driving_Under_Influence,4way,0.0,10,3G,-118,27.0,23.0,0.0098115590407328,40.32157704809896,21.78981619871477,Unintentional
User_52,2025-11-29 09:10:54,0.544,0.7422,Walking,Koila,Reckless_Driving,2way,0.0,70,3G,-79,58.0,2.0,0.026,40.32271285248432,21.791702419982347,Unintentional
User_40,2025-11-29 10:47:55,0.482,1.0,Walking,Zep,Speeding,2way,1.0,30,4G,-94,42.0,11.0,0.026,40.2785159328037,21.75213340678791,Unintentional
User_29,2025-11-29 11:28:59,0.415,0.8294,Walking,Zep,Reckless_Driving,1way,1.0,10,WiFi,-90,47.0,-24.0,0.0085276492991456,40.28049683493855,21.752974890014613,Unintentional
User_50,2025-11-29 12:36:28,0.398,0.8966,Running,Koila,Driving_Under_Influence,1way,0.0,70,3G,-108,15.0,-21.0,0.0091876549612124,40.30561077142662,21.809357193533423,Unintentional
User_51,2025-11-29 12:47:09,0.613,1.0,Driving,Koila,Speeding,1way,2.0,30,WiFi,-78,10.0,4.0,0.027,40.32187143686535,21.79096657016185,Unintentional
User_67,2025-11-29 13:01:25,0.529,0.8766,Walking,Koila,Reckless_Driving,2way,1.0,40,3G,-110,89.0,3.0,0.05,40.32245026293336,21.79167880659103,Unintentional
User_31,2025-11-29 13:16:25,0.56,1.0,Walking,Koila,Reckless_Driving,1way,0.0,80,3G,-83,49.0,-2.0,0.025,40.32110695729912,21.793175504766353,Unintentional
User_28,2025-11-29 15:47:57,0.348,0.9743,Running,Ligeris,9,4way,0.0,50,WiFi,-70,69.0,19.0,0.0059172750847688,40.30533309011528,21.805882977241275,Unintentional
User_41,2025-11-29 17:15:34,0.628,0.8271,Running,Ligeris,Driving_Under_Influence,2way,1.0,80,5G,-81,94.0,-19.0,0.0037572156802024,40.305751194853805,21.80692396140112,Unintentional
User_30,2025-11-29 17:29:45,0.413,0.7554,Walking,Koila,Driving_Under_Influence,2way,0.0,80,3G,-114,92.0,-17.0,0.0093369388274992,40.322604638071375,21.790814509191875,Unintentional
User_90,2025-11-30 00:03:57,0.525,0.7268,Driving,Zep,Driving_Under_Influence,2way,0.0,40,3G,-96,8.0,-17.0,0.0082185891263415,40.2799967837178,21.75431086246248,Unintentional
User_44,2025-11-30 03:52:08,0.332,0.7506,Walking,Zep,Speeding,2way,0.0,20,5G,-93,24.0,22.0,0.0055133490951155,40.28064824643161,21.75244106924051,Unintentional
User_06,2025-11-30 06:36:38,0.584,1.0,Walking,Zep,9,4way,1.0,50,5G,-75,37.0,13.0,0.028,40.27840110209533,21.752701885929778,Unintentional
User_15,2025-11-30 13:40:34,0.627,0.9741,Walking,Zep,Speeding,2way,150.0,30,WiFi,-78,83.0,23.0,0.0043158910416372,40.28017671479141,21.755460406690904,Unintentional
User_37,2025-11-30 14:05:43,0.306,0.9434,Running,Zep,Reckless_Driving,1way,0.0,60,3G,-102,94.0,23.0,0.0074807762108123,40.28064804621663,21.75399878606737,Unintentional
User_36,2025-11-30 15:07:23,0.563,1.0,Running,Zep,Driving_Under_Influence,2way,0.0,30,3G,-113,70.0,-13.0,0.027,40.28019046771177,21.75407557157133,Unintentional
User_54,2025-11-30 20:32:27,0.46,0.9419,Walking,Zep,Driving_Under_Influence,2way,0.0,10,3G,-88,2.0,0.0,0.036,40.27967369641087,21.75301263489188,Unintentional
User_26,2025-11-30 20:37:07,0.408,0.9155,Walking,Zep,6,1way,1.0,60,5G,-85,1.0,-15.0,0.033,40.27938364655157,21.753140083320485,Unintentional
User_25,2025-11-30 21:22:55,0.408,0.8038,Driving,Zep,Reckless_Driving,2way,0.0,80,4G,-72,90.0,3.0,0.026,40.279062998033226,21.754548695039215,Unintentional
User_82,2025-12-01 00:04:09,0.324,0.8809,Driving,Zep,Reckless_Driving,2way,0.0,70,5G,-87,45.0,2.0,0.045,40.279605159287485,21.75308686060683,Unintentional
User_100,2025-12-01 00:17:39,0.37,0.922,Running,Ligeris,Speeding,2way,1.0,90,3G,-77,7.0,0.0,0.039,40.30661895173897,21.809257813350555,Unintentional
User_07,2025-12-01 05:49:09,0.625,0.7494,Running,Ligeris,Speeding,2way,0.0,Illegal_Parking,4G,-117,50.0,14.0,0.029,40.30617485444049,21.80784390616946,Unintentional
User_23,2025-12-01 06:32:12,0.458,0.818,Driving,Zep,Driving_Under_Influence,2way,0.0,60,3G,-89,6.0,-16.0,0.044,40.27953722426994,21.753215429830497,Unintentional
User_04,2025-12-01 08:55:02,0.662,0.7207,Driving,Koila,Driving_Under_Influence,1way,5.0,Lane_Discards,5G,-93,38.0,-3.0,0.044,40.320455743883024,21.790267568852062,Unintentional
User_29,2025-12-01 09:07:18,0.415,0.8324,Running,Ligeris,Driving_Under_Influence,1way,0.0,10,5G,-100,0.0,15.0,0.028,40.305194081855234,21.805909932912776,Unintentional
User_22,2025-12-01 09:49:03,0.413,0.7159,Walking,Ligeris,6,1way,0.0,70,4G,-91,86.0,24.0,0.0094619003173874,40.30674557676443,21.809274414826596,Unintentional
User_68,2025-12-01 11:22:01,0.472,0.7019,Driving,Koila,Driving_Under_Influence,1way,5.0,40,3G,-71,21.0,-25.0,0.006070458636671,40.32214738094561,21.791039422444623,Unintentional
User_57,2025-12-01 12:20:54,0.372,0.7802,Driving,Ligeris,Driving_Under_Influence,2way,0.0,70,5G,-88,3.0,14.0,0.029,40.305474815772875,21.8085588759786,Unintentional
User_39,2025-12-01 15:15:44,0.598,0.8177,Walking,Koila,Reckless_Driving,2way,2.0,60,4G,-110,64.0,-20.0,0.0072016684180669,40.32256340369907,21.7902474259226,Unintentional
User_64,2025-12-01 19:27:44,0.511,1.0,Driving,Zep,Reckless_Driving,1way,1.0,40,WiFi,-71,49.0,25.0,0.0011425020739623,40.27872084515415,21.75194149035051,Unintentional
User_79,2025-12-02 02:13:51,0.389,0.788,Walking,Zep,Driving_Under_Influence,2way,2.0,70,3G,-77,65.0,-18.0,0.0090835664364354,40.27984152339065,21.7546609320465,Unintentional
User_23,2025-12-02 07:42:00,0.458,0.819,Walking,Ligeris,Speeding,2way,0.0,20,5G,-104,70.0,13.0,0.03,40.306533436567506,21.807553413029524,Unintentional
User_95,2025-12-02 17:10:21,0.545,0.9449,Running,Koila,Speeding,2way,0.0,20,3G,-72,49.0,9.0,0.038,40.32204831635441,21.79067438213533,Unintentional
User_23,2025-12-02 17:56:46,0.458,0.82,Driving,Zep,Driving_Under_Influence,2way,1.0,90,3G,-88,79.0,-19.0,0.0027023456608857,40.27940976334981,21.754657407608757,Unintentional
User_84,2025-12-02 19:01:08,0.527,0.7447,Running,Koila,Reckless_Driving,1way,0.0,40,5G,-110,46.0,-25.0,0.0061523527658685,40.32183768690845,21.79105653565932,Unintentional
User_56,2025-12-02 21:51:38,0.374,0.6837,Walking,Zep,Reckless_Driving,4way,5.0,50,WiFi,-82,29.0,1.0,0.023,40.27942374494714,21.75343838359657,Unintentional
User_99,2025-12-02 22:15:55,0.465,0.8814,Running,Koila,Driving_Under_Influence,2way,4.0,80,WiFi,-61,5.0,6.0,0.046,40.306230115631266,21.7912569829491,Unintentional
User_10,2025-12-02 22:28:08,0.315,1.0,Driving,Koila,Speeding,4way,1.0,20,WiFi,-52,96.0,-20.0,0.0052919612712302,40.32098367325157,21.7906986707633,Unintentional
User_21,2025-12-03 01:13:08,0.303,0.6852,Walking,Zep,8,1way,0.0,20,5G,-115,8.0,24.0,0.003170787720255,40.2805953513002,21.75489280187536,Unintentional
User_36,2025-12-03 02:26:20,0.563,1.0,Walking,Zep,Reckless_Driving,2way,0.0,50,4G,-78,49.0,5.0,0.043,40.27834609027122,21.75472933529882,Unintentional
User_92,2025-12-03 04:39:15,0.694,0.8492,Driving,Zep,Speeding,4way,4.0,20,4G,-101,65.0,-9.0,0.046,40.28082473333075,21.754283895480796,Unintentional
User_47,2025-12-03 04:41:06,0.585,0.7812,Driving,Zep,Driving_Under_Influence,1way,0.0,40,3G,-85,35.0,-10.0,0.036,40.2799594860716,21.753799081178027,Unintentional
User_87,2025-12-03 06:09:00,0.709,1.0,Running,Koila,Speeding,1way,3.0,20,3G,-96,63.0,-21.0,0.0027427687443629,40.321693681265366,21.791637207834885,Unintentional
User_72,2025-12-03 13:23:28,0.567,0.7145,Driving,Ligeris,Reckless_Driving,2way,0.0,30,4G,-80,83.0,16.0,0.039,40.30660794070235,21.808461576343465,Unintentional
User_06,2025-12-03 14:42:24,0.584,1.0,Walking,Ligeris,Speeding,2way,1.0,30,WiFi,-55,31.0,25.0,0.0074167012883273,40.30526712136581,21.806256464414545,Unintentional
User_35,2025-12-03 14:46:12,0.274,0.7532,Walking,Ligeris,Reckless_Driving,2way,0.0,40,5G,-84,43.0,3.0,0.021,40.304865213356216,21.80875371511223,Unintentional
User_53,2025-12-03 17:03:10,0.313,0.7716,Walking,Ligeris,Reckless_Driving,1way,0.0,70,4G,-118,73.0,-16.0,0.025,40.30633667605876,21.807580258384125,Unintentional
User_95,2025-12-03 20:53:03,0.545,0.9469,Driving,Koila,Reckless_Driving,1way,0.0,80,WiFi,-80,36.0,-20.0,0.0061068552347608,40.32111359072579,21.790959692099193,Unintentional
User_45,2025-12-03 22:56:25,0.285,0.9463,Running,Ligeris,Driving_Under_Influence,2way,1.0,50,WiFi,-67,67.0,-23.0,0.0073383342363348,40.3048785407362,21.80726546510124,Unintentional
User_57,2025-12-04 02:33:32,0.372,0.7862,Running,Koila,Driving_Under_Influence,2way,0.0,80,4G,-117,68.0,-10.0,0.039,40.32211567462665,21.791279341962735,Unintentional
User_78,2025-12-04 07:22:56,0.347,0.9136,Driving,Ligeris,Reckless_Driving,2way,4.0,60,3G,-109,30.0,-7.0,0.049,40.306347598872954,21.807729004450582,Unintentional
User_95,2025-12-04 08:53:12,0.545,0.9489,Driving,Ligeris,Reckless_Driving,4way,0.0,30,4G,-76,62.0,-22.0,0.0078189461232073,40.30646150241955,21.809546565366016,Unintentional
User_26,2025-12-04 11:26:13,0.408,0.9235,Driving,Zep,Reckless_Driving,2way,0.0,70,4G,-86,23.0,23.0,0.0023683725408965,40.27838034808077,21.7516326565436,Unintentional
User_53,2025-12-04 11:51:44,0.313,0.7746,Running,Ligeris,Reckless_Driving,4way,1.0,40,4G,-97,74.0,-4.0,0.022,40.307341335561965,21.80628577134592,Unintentional
User_47,2025-12-04 13:34:46,0.585,0.7822,Driving,Zep,Speeding,4way,0.0,40,4G,-95,86.0,21.0,0.0057164694220981,40.279383501480154,21.754742285811727,Unintentional
User_90,2025-12-04 15:14:40,0.525,0.7358,Walking,Zep,Driving_Under_Influence,2way,2.0,20,WiFi,-69,59.0,20.0,0.0039383029861298,40.2794999298615,21.753235024074932,Unintentional
User_34,2025-12-04 20:06:53,0.431,0.8289,Driving,Zep,Speeding,1way,0.0,10,4G,-88,47.0,25.0,0.0088482337563395,40.27983204850253,21.75379517257011,Unintentional
User_87,2025-12-04 23:49:34,0.709,1.0,Running,Koila,Reckless_Driving,1way,1.0,Illegal_Parking,5G,-89,13.0,19.0,0.003395289838913,40.3208835738156,21.790104613774194,Unintentional
User_100,2025-12-05 02:05:16,0.37,0.93,Walking,Ligeris,Reckless_Driving,2way,1.0,90,4G,-78,56.0,25.0,0.0057142697671824,40.306230115631266,21.808798563000515,Unintentional
User_94,2025-12-05 05:56:03,0.681,0.777,Driving,Ligeris,Driving_Under_Influence,2way,2.0,20,4G,-91,99.0,23.0,0.0052415947140145,40.30520095064923,21.806021109549647,Unintentional
User_13,2025-12-05 07:48:19,0.75,0.9214,Walking,Ligeris,Driving_Under_Influence,1way,0.0,80,4G,-81,70.0,2.0,0.041,40.304724511785665,21.807238479787703,Unintentional
User_57,2025-12-05 12:23:06,0.372,0.7882,Walking,Ligeris,Speeding,1way,0.0,60,WiFi,-56,22.0,19.0,0.0078277381435182,40.30554949300367,21.807854844921103,Unintentional
User_100,2025-12-05 13:03:20,0.37,0.931,Driving,Zep,Driving_Under_Influence,2way,0.0,30,3G,-114,82.0,17.0,0.007696641011497,40.280890598733514,21.752502224835837,Unintentional
User_84,2025-12-05 13:25:39,0.527,0.7507,Walking,Zep,Driving_Under_Influence,2way,0.0,60,WiFi,-75,78.0,22.0,0.006593758809732,40.2804436604644,21.753682835309412,Unintentional
User_91,2025-12-05 18:03:47,0.587,0.9818,Walking,Koila,Reckless_Driving,2way,1.0,50,4G,-82,7.0,-10.0,0.026,40.32102921645143,21.790305102087324,Unintentional
User_83,2025-12-05 22:19:07,0.309,1.0,Walking,Koila,Driving_Under_Influence,2way,1.0,Harassing_Driver,5G,-76,46.0,21.0,0.0019707234460041,40.32138500277816,21.79230972985788,Unintentional
User_15,2025-12-06 01:26:15,0.627,0.9851,Running,Ligeris,Reckless_Driving,4way,1.0,20,5G,-119,78.0,-3.0,0.036,40.30472740660591,21.806502802282175,Unintentional
User_41,2025-12-06 03:24:59,0.628,0.8401,Walking,Koila,Driving_Under_Influence,1way,1.0,40,5G,-99,60.0,7.0,0.046,40.32238977357574,21.791121350832604,Unintentional
User_74,2025-12-06 03:55:38,0.497,1.0,Driving,Koila,Driving_Under_Influence,2way,0.0,40,5G,-104,79.0,8.0,0.022,40.32252320269776,21.79062242385974,Unintentional
User_93,2025-12-06 04:30:34,0.588,0.6992,Driving,Koila,Reckless_Driving,2way,1.0,80,4G,-87,49.0,2.0,0.025,40.323282089100424,21.791383699170588,Unintentional
User_32,2025-12-06 05:40:48,0.464,0.698,Driving,Ligeris,Speeding,1way,0.0,20,WiFi,-68,17.0,-22.0,0.0087859450822346,40.30504595595349,21.80840940164759,Unintentional
User_51,2025-12-06 06:27:28,0.613,1.0,Driving,Zep,Reckless_Driving,4way,0.0,50,WiFi,-88,2.0,13.0,0.023,40.28047971748589,21.791256784153244,Unintentional
User_07,2025-12-06 07:52:19,0.625,0.7594,Running,Koila,Driving_Under_Influence,1way,1.0,30,3G,-88,61.0,-1.0,0.037,40.32213466493159,21.79114346243665,Unintentional
User_81,2025-12-06 09:20:24,0.376,0.9615,Running,Koila,Driving_Under_Influence,4way,0.0,50,5G,-78,30.0,6.0,0.049,40.322025627860114,21.78927191988403,Unintentional
User_80,2025-12-06 14:18:58,0.704,0.8397,Driving,Koila,Reckless_Driving,4way,1.0,30,WiFi,-61,9.0,5.0,0.028,40.321796561601616,21.791593222793946,Unintentional
User_70,2025-12-06 18:29:58,0.601,0.7739,Walking,Ligeris,Speeding,2way,4.0,60,4G,-104,75.0,0.0,0.03,40.30717338309149,21.8079625299136,Unintentional
User_56,2025-12-06 19:50:16,0.374,0.6917,Running,Ligeris,Driving_Under_Influence,2way,160.0,20,5G,-76,22.0,21.0,0.0046000243036006,40.30653077439998,21.80867748229247,Unintentional
User_20,2025-12-06 21:30:02,0.46,1.0,Walking,Ligeris,Driving_Under_Influence,2way,1.0,70,3G,-95,25.0,0.0,0.022,40.30626992653845,21.807682761309323,Unintentional
User_68,2025-12-07 02:56:20,0.472,0.7129,Driving,Ligeris,9,2way,0.0,20,WiFi,-86,2.0,-9.0,0.045,40.30701516901636,21.80874700632142,Unintentional
User_05,2025-12-07 03:57:15,0.743,0.9767,Running,Ligeris,Driving_Under_Influence,4way,140.0,50,WiFi,-51,49.0,21.0,0.0013368466270557,40.306230115631266,21.805857029160528,Unintentional
User_81,2025-12-07 07:44:56,0.376,0.9635,Driving,Zep,Speeding,2way,1.0,60,5G,-101,44.0,13.0,0.027,40.280129256374515,21.75225448906765,Unintentional
User_37,2025-12-07 10:01:58,0.306,0.9564,Walking,Ligeris,Driving_Under_Influence,2way,1.0,40,5G,-102,78.0,3.0,0.049,40.30597571929177,21.808162127401783,Unintentional
User_53,2025-12-07 10:52:19,0.313,0.7796,Walking,Zep,Reckless_Driving,2way,0.0,10,5G,-105,19.0,8.0,0.045,40.27931036113231,21.75355282854939,Unintentional
User_55,2025-12-07 11:46:02,0.447,1.0,Driving,Koila,Reckless_Driving,4way,1.0,Lane_Discards,4G,-99,69.0,18.0,0.0048590029268929,40.3218028534575,21.791125971104428,Unintentional
User_96,2025-12-07 13:37:50,0.261,0.9381,Running,Zep,Driving_Under_Influence,1way,1.0,40,4G,-76,31.0,17.0,0.0068144296627401,40.28038770754775,21.75236653071089,Unintentional
User_70,2025-12-07 13:49:53,0.601,0.7759,Running,Ligeris,Reckless_Driving,2way,2.0,70,4G,-75,27.0,9.0,0.027,40.305575774066234,21.807423723046774,Unintentional
User_77,2025-12-07 14:39:08,0.428,0.6975,Running,Koila,Speeding,1way,0.0,40,WiFi,-116,49.0,22.0,0.007187381519057,40.32097433188297,21.790713509014257,Unintentional
User_15,2025-12-07 14:57:54,0.627,0.9881,Walking,Zep,Reckless_Driving,1way,2.0,10,5G,-80,22.0,-23.0,0.0030358331244322,40.28004914631254,21.753610590391656,Unintentional
User_61,2025-12-07 17:44:45,0.546,0.7617,Driving,Zep,Driving_Under_Influence,2way,3.0,10,5G,-85,57.0,-4.0,0.043,40.27978457962003,21.753929498701403,Unintentional
User_94,2025-12-07 20:29:14,0.681,0.781,Driving,Zep,Speeding,2way,0.0,90,WiFi,-55,52.0,10.0,0.021,40.27939308317047,21.751068306234043,Unintentional
User_63,2025-12-08 00:36:41,0.543,0.7986,Walking,Ligeris,Reckless_Driving,2way,0.0,40,5G,-96,70.0,18.0,0.0041255031306724,40.30648661253865,21.80800945210464,Unintentional
User_59,2025-12-08 01:46:16,0.265,0.8602,Running,Ligeris,Reckless_Driving,1way,0.0,60,3G,-94,66.0,-22.0,0.0081970353363337,40.30662948600643,21.80838074766751,Unintentional
User_85,2025-12-08 12:11:43,0.254,0.8083,Driving,Ligeris,Speeding,4way,4.0,Illegal_Parking,3G,-80,91.0,-25.0,0.0062453903197362,40.307115385166256,21.805627445730476,Unintentional
User_96,2025-12-08 13:00:23,0.261,0.9411,Running,Koila,Speeding,1way,1.0,40,3G,-79,7.0,4.0,0.021,40.32124894193377,21.791256784153244,Unintentional
User_38,2025-12-08 13:02:08,0.306,0.9881,Walking,Ligeris,Reckless_Driving,1way,1.0,40,3G,-77,34.0,24.0,0.0030948204494535,40.304868746268006,21.80879360548552,Unintentional
User_66,2025-12-08 16:35:31,0.28,0.9127,Walking,Ligeris,Reckless_Driving,1way,0.0,40,3G,-104,6.0,4.0,0.049,40.3073700106203,21.80671191907733,Unintentional
User_75,2025-12-08 17:09:26,0.409,0.8561,Driving,Koila,Speeding,1way,1.0,30,4G,-89,23.0,-19.0,0.0033913779127648,40.32203489158305,21.791642606005528,Unintentional
User_64,2025-12-08 19:50:11,0.511,1.0,Walking,Ligeris,Driving_Under_Influence,2way,0.0,80,5G,-85,3.0,-22.0,0.0071793494693702,40.30739568790733,21.808752028995272,Unintentional
User_89,2025-12-08 21:12:15,0.336,0.6951,Driving,Zep,Driving_Under_Influence,2way,1.0,Lane_Discards,3G,-88,94.0,-11.0,0.026,40.27957101816979,21.752381065348988,Unintentional
User_22,2025-12-09 04:22:33,0.413,0.7309,Walking,Zep,Driving_Under_Influence,4way,0.0,50,5G,-98,32.0,16.0,0.037,40.27786881076176,21.753717859554506,Unintentional
User_18,2025-12-09 07:24:17,0.251,1.0,Running,Ligeris,Driving_Under_Influence,4way,0.0,50,WiFi,-72,91.0,19.0,0.0019067106232425,40.30464332443623,21.806932284343592,Unintentional
User_03,2025-12-09 09:19:10,0.568,0.7144,Driving,Koila,Reckless_Driving,4way,4.0,20,3G,-90,28.0,5.0,0.021,40.321877403852575,21.791176058864178,Unintentional
User_83,2025-12-09 09:40:10,0.309,1.0,Running,Ligeris,Driving_Under_Influence,1way,0.0,20,5G,-103,60.0,-22.0,0.0075198423963824,40.30681108484481,21.807361355526933,Unintentional
User_69,2025-12-09 10:49:00,0.34,1.0,Walking,Koila,Reckless_Driving,2way,4.0,20,4G,-83,70.0,-16.0,0.04,40.32274323558688,21.789100194818147,Unintentional
User_89,2025-12-09 13:02:41,0.336,0.6981,Running,Ligeris,Speeding,1way,3.0,20,4G,-110,53.0,-2.0,0.05,40.30622882851006,21.807480544610716,Unintentional
User_51,2025-12-09 16:30:44,0.613,1.0,Running,Koila,Speeding,1way,2.0,30,5G,-118,5.0,-20.0,0.0044247942115202,40.32265158526424,21.791256784153244,Unintentional
User_17,2025-12-09 19:50:58,0.631,0.8258,Walking,Koila,Reckless_Driving,2way,0.0,20,WiFi,-69,0.0,-25.0,0.0089953467914396,40.32191355857095,21.791722409998066,Unintentional
User_08,2025-12-09 23:22:14,0.347,1.0,Walking,Ligeris,Driving_Under_Influence,2way,0.0,30,5G,-86,55.0,25.0,0.0076343344168712,40.30528559564419,21.80746469216085,Unintentional
User_13,2025-12-10 02:39:58,0.75,0.9304,Running,Ligeris,Reckless_Driving,1way,1.0,20,5G,-72,65.0,-23.0,0.0060847073410194,40.306359503211915,21.80940139956252,Unintentional
User_15,2025-12-10 03:55:05,0.627,0.9931,Driving,Zep,Driving_Under_Influence,4way,0.0,20,5G,-85,69.0,-11.0,0.034,40.28052421326952,21.75297874431056,Unintentional
User_70,2025-12-10 06:19:05,0.601,0.7809,Running,Koila,Speeding,2way,0.0,40,4G,-70,31.0,7.0,0.033,40.322370745357695,21.79169043282438,Unintentional
User_72,2025-12-10 08:06:31,0.567,0.7275,Running,Zep,Reckless_Driving,2way,0.0,70,5G,-120,100.0,3.0,0.027,40.27948944894956,21.75339504752689,Unintentional
User_83,2025-12-11 04:37:43,0.309,1.0,Running,Zep,Driving_Under_Influence,4way,0.0,40,3G,-86,16.0,-8.0,0.047,40.279505851556216,21.791256784153244,Unintentional
User_87,2025-12-11 05:07:15,0.709,1.0,Driving,Ligeris,Driving_Under_Influence,1way,0.0,30,5G,-86,2.0,23.0,0.0078747256743198,40.30582444429241,21.806751380701353,Unintentional
User_68,2025-12-11 06:56:21,0.472,0.7219,Running,Zep,Speeding,4way,2.0,40,5G,-94,3.0,8.0,0.042,40.27905010148564,21.75289006298027,Unintentional
User_48,2025-12-11 09:34:39,0.599,0.9574,Walking,Zep,Speeding,2way,1.0,60,WiFi,-70,81.0,7.0,0.049,40.27808703861195,21.752879419946495,Unintentional
User_05,2025-12-11 12:01:18,0.743,0.9857,Driving,Zep,Driving_Under_Influence,4way,1.0,60,WiFi,-72,70.0,21.0,0.0038826081430815,40.27953361839037,21.75338015713198,Unintentional
User_69,2025-12-11 13:08:23,0.34,1.0,Driving,Zep,Driving_Under_Influence,2way,140.0,70,4G,-80,20.0,-22.0,0.0018041663168223,40.27965610853921,21.75396511842064,Unintentional
User_92,2025-12-11 20:24:55,0.694,0.8652,Driving,Zep,Speeding,2way,0.0,70,WiFi,-83,57.0,21.0,0.0052036630011114,40.28050225399725,21.753057245930208,Unintentional
User_09,2025-12-12 02:02:26,0.307,1.0,Running,Koila,Speeding,2way,1.0,70,3G,-120,35.0,-13.0,0.024,40.32106537729309,21.790114397428248,Unintentional
User_47,2025-12-12 03:07:35,0.585,0.7982,Running,Koila,Driving_Under_Influence,1way,0.0,110,4G,-106,60.0,-23.0,0.002944962479008,40.32197663010428,21.791187170828103,Unintentional
User_86,2025-12-12 04:50:20,0.469,0.6921,Driving,Zep,Driving_Under_Influence,1way,1.0,60,4G,-97,57.0,-13.0,0.038,40.280708926839665,21.75494478700296,Unintentional
User_34,2025-12-12 06:27:27,0.431,0.8439,Walking,Koila,Reckless_Driving,2way,3.0,60,WiFi,-63,66.0,-24.0,0.0020239879074226,40.32335735351033,21.790468645628263,Unintentional
User_40,2025-12-12 11:17:34,0.482,1.0,Driving,Ligeris,Reckless_Driving,2way,0.0,30,WiFi,-80,74.0,-5.0,0.046,40.3046099986347,21.80698403051963,Unintentional
User_95,2025-12-12 12:12:55,0.545,0.9649,Driving,Ligeris,Driving_Under_Influence,2way,1.0,80,WiFi,-71,89.0,18.0,0.00368843810832,40.305477684009496,21.80882484082189,Unintentional
User_22,2025-12-12 12:18:32,0.413,0.7369,Walking,Koila,Speeding,2way,0.0,60,3G,-95,68.0,-15.0,0.027,40.32193078062314,21.793486410527336,Unintentional
User_56,2025-12-12 20:28:30,0.374,0.7037,Walking,Koila,Driving_Under_Influence,2way,0.0,70,4G,-115,10.0,-1.0,0.033,40.32212121820745,21.791033876356114,Unintentional
User_89,2025-12-12 21:14:29,0.336,0.7041,Walking,Zep,Reckless_Driving,2way,0.0,80,5G,-89,59.0,-6.0,0.031,40.2797153176632,21.753266481923184,Unintentional
User_01,2025-12-13 01:58:18,0.619,0.9648,Driving,Ligeris,Driving_Under_Influence,4way,3.0,30,WiFi,-68,7.0,-14.0,0.042,40.30561344978721,21.808670040569307,Unintentional
User_29,2025-12-13 02:11:52,0.415,0.8564,Walking,Koila,Speeding,2way,0.0,10,WiFi,-80,5.0,20.0,0.0023967982844337,40.32118255959625,21.79237421147803,Unintentional
User_35,2025-12-13 02:30:33,0.274,0.7722,Walking,Koila,Driving_Under_Influence,2way,1.0,60,3G,-115,18.0,24.0,0.0035347674108613,40.32211110539767,21.79108570627979,Unintentional
User_91,2025-12-13 04:34:53,0.587,0.9968,Walking,Koila,Speeding,4way,1.0,50,WiFi,-64,10.0,-24.0,0.0024741540109161,40.32200623414033,21.7919697145283,Unintentional
User_30,2025-12-13 07:51:52,0.413,0.7824,Running,Koila,Driving_Under_Influence,1way,3.0,30,4G,-88,42.0,0.0,0.041,40.32246106861141,21.79084877510758,Unintentional
User_49,2025-12-13 17:11:30,0.637,1.0,Walking,Zep,Driving_Under_Influence,4way,0.0,60,5G,-103,54.0,17.0,0.0070763297419777,40.280111777288866,21.75172444407931,Unintentional
User_86,2025-12-13 17:27:50,0.469,0.6951,Walking,Zep,Speeding,1way,0.0,80,WiFi,-59,16.0,-8.0,0.031,40.280219891505325,21.753822101717656,Unintentional
User_47,2025-12-13 19:16:31,0.585,0.8012,Running,Ligeris,9,1way,0.0,60,3G,-103,63.0,-8.0,0.04,40.3065886492518,21.80733571547618,Unintentional
User_24,2025-12-13 19:36:28,0.445,0.7756,Running,Ligeris,Driving_Under_Influence,1way,1.0,30,5G,-93,93.0,19.0,0.0061668289614941,40.30653177147105,21.805658748258793,Unintentional
User_43,2025-12-13 19:56:29,0.416,0.8527,Walking,Koila,Reckless_Driving,2way,0.0,20,5G,-94,59.0,3.0,0.022,40.32085144985104,21.790731432381897,Unintentional
User_87,2025-12-13 22:13:32,0.709,1.0,Walking,Zep,Reckless_Driving,2way,4.0,20,3G,-109,39.0,14.0,0.029,40.279525878473,21.7533804352599,Unintentional
User_17,2025-12-13 22:51:55,0.631,0.8338,Walking,Ligeris,Reckless_Driving,4way,1.0,80,3G,-96,50.0,-25.0,0.007148263130814,40.3072999087458,21.809101142355324,Unintentional
User_39,2025-12-14 01:09:36,0.598,0.8427,Walking,Zep,Speeding,2way,0.0,20,4G,-77,59.0,0.0,0.046,40.27957265988342,21.753315356021115,Unintentional
User_72,2025-12-14 02:30:20,0.567,0.7365,Running,Koila,6,4way,1.0,50,WiFi,-90,72.0,-4.0,0.033,40.32163341866478,21.790987467414727,Unintentional
User_73,2025-12-14 02:50:59,0.325,0.8847,Driving,Ligeris,Driving_Under_Influence,2way,1.0,50,3G,-101,62.0,22.0,0.0098365702228922,40.3065191353332,21.807612158177665,Unintentional
User_88,2025-12-14 02:57:58,0.471,0.8217,Walking,Zep,Driving_Under_Influence,2way,0.0,40,4G,-106,24.0,7.0,0.022,40.28021031130152,21.753864277712538,Unintentional
User_64,2025-12-14 04:02:50,0.511,1.0,Driving,Zep,Reckless_Driving,1way,1.0,70,5G,-90,54.0,9.0,0.046,40.28002928862205,21.752967830559907,Unintentional
User_97,2025-12-14 04:23:44,0.337,0.9743,Walking,Koila,Reckless_Driving,2way,0.0,50,4G,-120,54.0,7.0,0.036,40.322643094514355,21.789545239888906,Unintentional
User_68,2025-12-14 04:40:42,0.472,0.7269,Driving,Koila,Reckless_Driving,2way,0.0,50,5G,-116,65.0,12.0,0.043,40.32211242647709,21.79126013420021,Unintentional
User_69,2025-12-14 04:42:42,0.34,1.0,Driving,Ligeris,Driving_Under_Influence,4way,0.0,80,4G,-104,55.0,23.0,0.0019770842321511,40.3068739657998,21.808834437372756,Unintentional
User_91,2025-12-14 07:06:15,0.587,0.9998,Running,Ligeris,7,1way,1.0,70,4G,-116,48.0,17.0,0.0051491600185263,40.306118887131184,21.808080855767734,Unintentional
User_58,2025-12-14 08:47:44,0.465,0.729,Driving,Koila,Driving_Under_Influence,2way,0.0,90,5G,-84,79.0,-25.0,0.0092683841955155,40.32198470931922,21.791997615985405,Unintentional
User_10,2025-12-14 13:37:10,0.315,1.0,Walking,Koila,Speeding,2way,1.0,50,5G,-72,56.0,-23.0,0.0054790852391601,40.321069972529024,21.790000717635248,Unintentional
User_70,2025-12-14 16:26:33,0.601,0.7899,Running,Zep,Reckless_Driving,4way,1.0,20,WiFi,-60,72.0,2.0,0.021,40.27978011976454,21.75343018682273,Unintentional
User_42,2025-12-14 17:43:40,0.738,0.8086,Driving,Koila,Speeding,2way,0.0,Illegal_Parking,5G,-88,80.0,-2.0,0.049,40.32350723814853,21.790163809756827,Unintentional
User_34,2025-12-14 19:05:55,0.431,0.8489,Walking,Zep,Reckless_Driving,2way,0.0,10,WiFi,-88,4.0,-16.0,0.032,40.27977708394731,21.754015305173155,Unintentional
User_53,2025-12-14 23:35:33,0.313,0.7946,Running,Koila,Reckless_Driving,4way,1.0,30,4G,-115,0.0,21.0,0.0060650515370616,40.32202186266264,21.792327033120547,Unintentional
User_90,2025-12-14 23:45:44,0.525,0.7558,Walking,Ligeris,Driving_Under_Influence,4way,0.0,20,5G,-100,0.0,-1.0,0.036,40.306043444970655,21.808707565896658,Unintentional
User_36,2025-12-15 03:10:18,0.563,1.0,Running,Koila,8,4way,0.0,50,3G,-92,39.0,19.0,0.0048977822673021,40.32261642996927,21.79032062566772,Unintentional
User_44,2025-12-15 11:08:55,0.332,0.7796,Walking,Zep,Driving_Under_Influence,1way,1.0,40,5G,-79,55.0,6.0,0.031,40.28061535809136,21.752617689387428,Unintentional
User_95,2025-12-15 11:51:22,0.545,0.9699,Driving,Ligeris,Reckless_Driving,2way,0.0,Harassing_Driver,WiFi,-51,1.0,-25.0,0.0098094768950558,40.306270503239766,21.8075680021603,Unintentional
User_02,2025-12-15 14:25:22,0.529,0.9976,Walking,Koila,Speeding,2way,1.0,90,WiFi,-84,15.0,-25.0,0.0025424318290093,40.321651308529304,21.79095486034996,Unintentional
User_92,2025-12-15 18:08:37,0.694,0.8732,Walking,Ligeris,7,1way,0.0,10,3G,-85,68.0,4.0,0.049,40.306144741913286,21.808179755603803,Unintentional
User_27,2025-12-15 19:02:30,0.535,0.9491,Driving,Zep,Driving_Under_Influence,2way,2.0,20,5G,-97,1.0,17.0,0.0049958592463006,40.27969182775147,21.75320784577723,Unintentional
User_28,2025-12-15 19:58:47,0.348,1.0,Running,Zep,Speeding,2way,1.0,Illegal_Parking,WiFi,-66,52.0,17.0,0.0016867456683997,40.27878425011214,21.75367480679696,Unintentional
User_30,2025-12-16 01:16:11,0.413,0.7884,Driving,Koila,Speeding,2way,1.0,80,5G,-99,23.0,0.0,0.035,40.32178113245909,21.79126042909108,Unintentional
User_54,2025-12-16 02:55:36,0.327,0.9729,Driving,Koila,Reckless_Driving,2way,0.0,40,3G,-120,53.0,25.0,0.0035350881969763,40.32192655667327,21.793373120644468,Unintentional
User_25,2025-12-16 08:06:48,0.46,0.8358,Running,Koila,Speeding,2way,4.0,70,WiFi,-61,85.0,19.0,0.0078046916856886,40.3208989770066,21.792941524367947,Unintentional
User_48,2025-12-16 08:20:18,0.599,0.9664,Running,Ligeris,Reckless_Driving,2way,2.0,20,5G,-96,50.0,-10.0,0.031,40.30747122296092,21.807797490225685,Unintentional
User_07,2025-12-16 12:49:12,0.625,0.7794,Walking,Zep,Reckless_Driving,2way,150.0,10,3G,-107,87.0,15.0,0.026,40.2796330362782,21.75363976232405,Unintentional
User_69,2025-12-16 13:15:02,0.34,1.0,Driving,Koila,Speeding,2way,2.0,Illegal_Parking,3G,-93,66.0,-4.0,0.046,40.321685171310115,21.789398764127228,Unintentional
User_45,2025-12-16 19:26:21,0.285,0.9723,Running,Ligeris,Driving_Under_Influence,2way,2.0,50,3G,-103,18.0,1.0,0.036,40.30616627733574,21.80539793786567,Unintentional
User_26,2025-12-16 19:36:55,0.408,0.9475,Driving,Ligeris,Reckless_Driving,4way,2.0,80,4G,-88,59.0,-24.0,0.0077598492391292,40.307941202804216,21.807109812969006,Unintentional
User_10,2025-12-16 22:15:05,0.315,1.0,Driving,Zep,Driving_Under_Influence,1way,0.0,40,5G,-94,2.0,25.0,0.0021233821233683,40.28084937389757,21.753807703741376,Unintentional
User_03,2025-12-17 00:22:21,0.568,0.7294,Driving,Zep,Speeding,2way,3.0,10,WiFi,-83,22.0,8.0,0.048,40.27882095955403,21.75306566041174,Unintentional
User_52,2025-12-17 00:29:12,0.544,0.7772,Running,Zep,Reckless_Driving,2way,1.0,40,3G,-98,54.0,10.0,0.046,40.27842438051515,21.751713182032457,Unintentional
User_39,2025-12-17 00:30:24,0.598,0.8487,Running,Ligeris,Driving_Under_Influence,2way,1.0,30,WiFi,-82,16.0,-6.0,0.024,40.306616050668694,21.80808649508846,Unintentional
User_71,2025-12-17 01:35:23,0.256,0.7043,Running,Ligeris,Speeding,1way,0.0,30,3G,-107,58.0,24.0,0.0086162012406135,40.30577765131852,21.80637819651698,Unintentional
User_05,2025-12-17 04:53:55,0.743,0.9967,Driving,Ligeris,Reckless_Driving,2way,0.0,10,WiFi,-59,31.0,-11.0,0.049,40.30604706568781,21.80772161597059,Unintentional
User_37,2025-12-17 06:46:24,0.306,0.9764,Driving,Zep,Speeding,1way,1.0,70,3G,-114,98.0,23.0,0.0019452838811706,40.2798648984508,21.753305767631595,Unintentional
User_09,2025-12-17 08:48:37,0.307,1.0,Walking,Zep,Speeding,4way,0.0,50,WiFi,-62,23.0,-5.0,0.03,40.28053267979794,21.753746516710592,Unintentional
User_36,2025-12-17 12:40:32,0.563,1.0,Driving,Ligeris,Speeding,2way,1.0,10,4G,-89,75.0,-8.0,0.032,40.30524962846935,21.805729385297,Unintentional
User_38,2025-12-17 18:07:22,0.306,1.0,Running,Koila,Reckless_Driving,2way,1.0,110,5G,-72,89.0,-21.0,0.0039347493355994,40.321529249419235,21.79042781676245,Unintentional
User_65,2025-12-17 18:55:48,0.448,0.7771,Driving,Zep,Speeding,2way,0.0,30,4G,-114,19.0,-14.0,0.043,40.27911027415858,21.754130347931447,Unintentional
User_58,2025-12-17 19:54:02,0.465,0.735,Running,Koila,Driving_Under_Influence,2way,160.0,80,3G,-72,93.0,3.0,0.047,40.32113570813239,21.789325732468154,Unintentional
User_42,2025-12-17 20:05:26,0.738,0.8146,Running,Zep,Driving_Under_Influence,2way,0.0,50,WiFi,-57,57.0,22.0,0.0048148999065746,40.27873224939418,21.751734532158956,Unintentional
User_59,2025-12-17 20:17:47,0.265,0.8792,Driving,Koila,Speeding,2way,0.0,30,4G,-103,23.0,-14.0,0.044,40.32218272516705,21.791525641973376,Unintentional
User_47,2025-12-17 20:27:42,0.585,0.8092,Driving,Koila,Driving_Under_Influence,2way,5.0,50,WiFi,-53,86.0,-8.0,0.024,40.322205351206485,21.790632504673265,Unintentional
User_05,2025-12-17 22:24:59,0.743,0.9977,Driving,Ligeris,Reckless_Driving,4way,2.0,50,3G,-78,85.0,-12.0,0.036,40.306310473415294,21.80869844138248,Unintentional
User_79,2025-12-18 02:37:43,0.389,0.82,Walking,Ligeris,Driving_Under_Influence,1way,1.0,70,4G,-120,31.0,7.0,0.04,40.30519701484289,21.807873177287703,Unintentional
User_27,2025-12-18 02:45:46,0.535,0.9541,Driving,Koila,Driving_Under_Influence,1way,140.0,30,5G,-98,23.0,19.0,0.002920496945242,40.32166231706412,21.79288773330262,Unintentional
User_70,2025-12-18 03:17:05,0.601,0.7969,Walking,Koila,Speeding,2way,5.0,Harassing_Driver,4G,-83,5.0,10.0,0.028,40.32139279899009,21.79330933136064,Unintentional
User_29,2025-12-18 05:27:54,0.415,0.8664,Walking,Zep,Reckless_Driving,2way,1.0,20,4G,-85,44.0,24.0,0.0066163997049505,40.278652693187134,21.75409984555115,Unintentional
User_25,2025-12-18 07:26:36,0.408,0.8388,Driving,Zep,Driving_Under_Influence,4way,1.0,40,4G,-115,84.0,11.0,0.027,40.27918022623305,21.753238770991565,Unintentional
User_75,2025-12-18 08:24:58,0.409,0.8751,Running,Zep,Driving_Under_Influence,1way,3.0,70,3G,-96,84.0,7.0,0.049,40.279948399795174,21.753348609781572,Unintentional
User_51,2025-12-18 11:39:08,0.613,1.0,Walking,Koila,Speeding,2way,0.0,Illegal_Parking,4G,-100,18.0,-7.0,0.037,40.30615959103758,21.808913757079655,Unintentional
User_40,2025-12-18 12:30:11,0.482,0.5641,Walking,Zep,Speeding,1way,0.0,40,WiFi,-71,75.0,4.0,0.044,40.28036963341089,21.75197558010434,Unintentional
User_68,2025-12-18 21:36:46,0.472,0.7359,Walking,Zep,Driving_Under_Influence,1way,1.0,50,3G,-111,53.0,-23.0,0.0099624127365804,40.27947954750339,21.75316879378932,Unintentional
User_43,2025-12-19 01:35:37,0.416,0.8637,Running,Zep,Driving_Under_Influence,2way,1.0,30,4G,-74,99.0,21.0,0.0062171097461108,40.28045046690058,21.752245704423675,Unintentional
User_67,2025-12-19 10:45:39,0.529,0.9156,Driving,Zep,Reckless_Driving,2way,1.0,20,5G,-81,37.0,17.0,0.007597564105976,40.306230115631266,21.752463567992844,Unintentional
User_55,2025-12-19 11:43:27,0.447,1.0,Driving,Ligeris,Driving_Under_Influence,2way,0.0,80,5G,-88,27.0,-6.0,0.036,40.30458753183097,21.80664176768385,Unintentional
User_17,2025-12-19 13:54:04,0.631,0.8458,Walking,Zep,Driving_Under_Influence,2way,0.0,70,WiFi,-54,77.0,22.0,0.0079441587681378,40.27928511298847,21.75292991192933,Unintentional
User_37,2025-12-19 14:40:59,0.306,0.9814,Running,Ligeris,Reckless_Driving,2way,2.0,Lane_Discards,4G,-97,4.0,-24.0,0.0082027432573603,40.30488382930864,21.808474633322103,Unintentional
User_06,2025-12-19 14:41:33,0.584,1.0,Driving,Koila,9,2way,0.0,30,4G,-104,38.0,7.0,0.027,40.32187040122831,21.7908464022024,Unintentional
User_16,2025-12-19 18:13:09,0.513,0.9117,Running,Zep,Reckless_Driving,2way,0.0,30,WiFi,-88,29.0,24.0,0.0038064133412656,40.27931185974725,21.752686247514134,Unintentional
User_65,2025-12-20 02:24:49,0.448,0.7821,Driving,Koila,Driving_Under_Influence,4way,140.0,60,5G,-88,97.0,-8.0,0.023,40.32204986269112,21.79039134825275,Unintentional
User_35,2025-12-20 06:30:17,0.274,0.5641,Walking,Koila,Speeding,1way,0.0,10,4G,-90,67.0,12.0,0.024,40.306230115631266,21.79175665370709,Unintentional
User_41,2025-12-20 09:56:21,0.628,0.8681,Driving,Koila,Speeding,1way,1.0,60,3G,-90,1.0,5.0,0.04,40.3222298957712,21.791744687308956,Unintentional
User_59,2025-12-20 10:31:48,0.265,0.8852,Walking,Koila,Driving_Under_Influence,2way,0.0,40,3G,-91,78.0,-6.0,0.04,40.321707738261466,21.792176174743386,Unintentional
User_63,2025-12-20 11:24:13,0.46,0.8226,Driving,Ligeris,Reckless_Driving,1way,0.0,90,4G,-118,39.0,-22.0,0.0024403108220111,40.30775144054997,21.80700803426174,Unintentional
User_84,2025-12-20 12:51:49,0.527,0.7807,Walking,Zep,Reckless_Driving,2way,1.0,40,4G,-89,30.0,4.0,0.047,40.2793874280972,21.75305182217394,Unintentional
User_80,2025-12-20 13:01:34,0.704,0.8667,Walking,Zep,Driving_Under_Influence,4way,0.0,60,5G,-108,56.0,23.0,0.009543879044559,40.27950909464316,21.753220650179856,Unintentional
User_24,2025-12-20 23:30:18,0.445,0.7896,Driving,Koila,Speeding,1way,1.0,Lane_Discards,4G,-106,84.0,-6.0,0.025,40.321558021228114,21.791048046094772,Unintentional
User_11,2025-12-21 01:28:58,0.602,1.0,Walking,Ligeris,Reckless_Driving,2way,4.0,30,WiFi,-88,81.0,-7.0,0.034,40.30501279550601,21.806699361517005,Unintentional
User_20,2025-12-21 03:05:58,0.334,1.0,Running,Zep,Reckless_Driving,4way,0.0,40,5G,-102,24.0,2.0,0.047,40.27954731840103,21.75149139533203,Unintentional
User_23,2025-12-21 04:54:02,0.458,0.858,Driving,Ligeris,Reckless_Driving,4way,1.0,30,4G,-96,55.0,-2.0,0.046,40.30612484077463,21.807884390929473,Unintentional
User_33,2025-12-21 05:02:36,0.634,0.9222,Walking,Ligeris,8,2way,2.0,20,3G,-92,17.0,-20.0,0.0073702231303605,40.305559663194686,21.807426198961608,Unintentional
User_06,2025-12-21 05:36:04,0.46,1.0,Driving,Ligeris,Driving_Under_Influence,2way,1.0,10,3G,-85,14.0,23.0,0.0063934675142667,40.305192748794504,21.809134072073988,Unintentional
User_42,2025-12-21 06:08:48,0.738,0.8216,Walking,Koila,Speeding,1way,1.0,70,4G,-82,30.0,-18.0,0.0036866879357512,40.322675080222176,21.789090992515305,Unintentional
User_37,2025-12-21 07:39:57,0.306,0.9854,Driving,Zep,Speeding,1way,0.0,40,4G,-80,76.0,-13.0,0.038,40.279559472995,21.753239061440805,Unintentional
User_30,2025-12-21 11:07:45,0.413,0.7994,Running,Ligeris,Reckless_Driving,1way,0.0,80,4G,-88,74.0,-10.0,0.039,40.30596286916519,21.807179005939112,Unintentional
User_15,2025-12-21 11:40:41,0.627,1.0,Running,Ligeris,Driving_Under_Influence,2way,1.0,40,5G,-108,97.0,-25.0,0.0057869702619103,40.30500463994103,21.807556859351592,Unintentional
User_41,2025-12-21 12:30:10,0.628,0.8711,Walking,Koila,Reckless_Driving,2way,1.0,60,WiFi,-55,64.0,-24.0,0.0034714097511187,40.32314541144088,21.789839541679445,Unintentional
User_82,2025-12-21 17:29:57,0.324,0.9219,Driving,Zep,Speeding,2way,0.0,50,3G,-100,76.0,9.0,0.022,40.28078908184274,21.75317531225246,Unintentional
User_97,2025-12-21 17:37:19,0.337,0.9883,Walking,Koila,Speeding,4way,0.0,70,5G,-104,4.0,-12.0,0.03,40.32245660121427,21.792008399642377,Unintentional
User_27,2025-12-21 20:24:47,0.535,0.9611,Running,Zep,Reckless_Driving,1way,0.0,Illegal_Parking,WiFi,-100,38.0,-7.0,0.049,40.27870556953118,21.753908386861436,Unintentional
User_48,2025-12-21 21:34:35,0.599,0.9764,Driving,Zep,Speeding,2way,1.0,40,4G,-95,72.0,24.0,0.0097234690632112,40.27946557025406,21.753472668030216,Unintentional
User_54,2025-12-21 22:43:46,0.327,0.9839,Running,Ligeris,Driving_Under_Influence,2way,1.0,40,5G,-97,32.0,16.0,0.04,40.307027104147835,21.807994898441883,Unintentional
User_20,2025-12-22 01:30:32,0.334,1.0,Walking,Koila,Speeding,2way,0.0,40,3G,-89,42.0,-22.0,0.005653142335994,40.32361361099577,21.79047530406774,Unintentional
User_17,2025-12-22 01:53:13,0.631,0.8508,Walking,Koila,Reckless_Driving,1way,0.0,30,WiFi,-71,71.0,-3.0,0.031,40.32212962571382,21.790988812618384,Unintentional
User_99,2025-12-22 02:11:05,0.465,0.9204,Running,Koila,Reckless_Driving,4way,1.0,40,5G,-70,0.0,-10.0,0.028,40.32155953301048,21.79036274356257,Unintentional
User_94,2025-12-22 06:55:17,0.681,0.811,Running,Koila,Driving_Under_Influence,2way,0.0,90,WiFi,-76,26.0,12.0,0.03,40.322855829106,21.791437115291963,Unintentional
User_88,2025-12-22 07:11:58,0.46,0.8377,Driving,Koila,Reckless_Driving,4way,2.0,50,WiFi,-73,73.0,10.0,0.027,40.32200097287084,21.791195714099217,Unintentional
User_52,2025-12-22 07:43:45,0.544,0.7882,Driving,Koila,Driving_Under_Influence,1way,1.0,30,5G,-77,64.0,-3.0,0.04,40.322440840578984,21.790881083879217,Unintentional
User_09,2025-12-22 09:56:34,0.307,1.0,Running,Zep,Driving_Under_Influence,2way,0.0,50,4G,-94,12.0,-17.0,0.0035297538215728,40.2794507255206,21.755001296496005,Unintentional
User_75,2025-12-22 11:43:49,0.409,0.8831,Driving,Koila,Driving_Under_Influence,4way,0.0,60,4G,-83,25.0,7.0,0.041,40.32157235692319,21.79019411869214,Unintentional
User_70,2025-12-22 13:24:57,0.601,0.8049,Running,Zep,Reckless_Driving,1way,0.0,70,5G,-104,62.0,21.0,0.0069490380792452,40.27961761259433,21.75445535177213,Unintentional
User_60,2025-12-22 21:27:11,0.353,1.0,Running,Zep,7,4way,0.0,80,5G,-81,54.0,-24.0,0.0089146537606169,40.27946140038714,21.753244373542735,Unintentional
User_73,2025-12-23 04:18:16,0.325,0.9027,Driving,Ligeris,Reckless_Driving,2way,1.0,Illegal_Parking,3G,-106,85.0,-25.0,0.001959970440126,40.306044228376635,21.807904958073156,Unintentional
User_83,2025-12-23 05:35:43,0.309,1.0,Driving,Koila,Driving_Under_Influence,2way,1.0,80,4G,-117,6.0,-3.0,0.05,40.32311159975381,21.79282121218416,Unintentional
User_49,2025-12-23 12:19:50,0.637,1.0,Running,Zep,Reckless_Driving,2way,0.0,40,5G,-103,44.0,-16.0,0.032,40.27869340042755,21.75343544546121,Unintentional
User_79,2025-12-23 17:02:39,0.389,0.83,Running,Koila,Speeding,2way,2.0,40,3G,-111,53.0,-25.0,0.0076773047584657,40.32205555215844,21.79123362247295,Unintentional
User_64,2025-12-23 18:17:22,0.511,1.0,Running,Ligeris,Driving_Under_Influence,2way,160.0,50,WiFi,-68,47.0,13.0,0.027,40.30704197214753,21.806979394417496,Unintentional
User_99,2025-12-23 18:45:58,0.465,0.9234,Running,Zep,Reckless_Driving,1way,0.0,80,4G,-71,3.0,-11.0,0.036,40.279301192319735,21.75226897774454,Unintentional
User_72,2025-12-23 19:15:10,0.567,0.7535,Driving,Koila,Driving_Under_Influence,2way,1.0,50,3G,-113,38.0,-11.0,0.038,40.32107776062461,21.79202806737452,Unintentional
User_72,2025-12-23 20:08:01,0.567,0.7545,Walking,Zep,Reckless_Driving,4way,1.0,30,5G,-120,43.0,-23.0,0.0039765543443665,40.27792723017406,21.7541332974438,Unintentional
User_83,2025-12-24 03:37:06,0.309,1.0,Running,Zep,Driving_Under_Influence,1way,1.0,90,4G,-103,33.0,18.0,0.00289618919605,40.27884989538825,21.754174064926705,Unintentional
User_48,2025-12-24 04:35:33,0.599,0.9824,Running,Koila,Reckless_Driving,1way,1.0,50,5G,-116,13.0,16.0,0.023,40.32214626453061,21.79125094638855,Unintentional
User_70,2025-12-24 06:01:57,0.601,0.8089,Walking,Zep,Reckless_Driving,2way,0.0,80,3G,-111,67.0,4.0,0.039,40.279278451538296,21.751438260833723,Unintentional
User_09,2025-12-24 06:59:05,0.307,1.0,Walking,Ligeris,Speeding,4way,1.0,80,3G,-87,33.0,-5.0,0.028,40.306225464514625,21.80843213912685,Unintentional
User_48,2025-12-24 10:11:37,0.599,0.9834,Running,Koila,Reckless_Driving,4way,0.0,80,3G,-118,80.0,19.0,0.0011118802576504,40.32188611844972,21.78909941709379,Unintentional
User_08,2025-12-24 11:32:26,0.347,1.0,Driving,Zep,Speeding,2way,1.0,10,3G,-73,89.0,4.0,0.03,40.279332050451984,21.75382957634082,Unintentional
User_100,2025-12-24 13:04:08,0.37,0.968,Driving,Zep,Speeding,1way,2.0,20,4G,-109,76.0,17.0,0.0083985660358633,40.27906940279535,21.755086011435612,Unintentional
User_07,2025-12-24 13:06:23,0.625,0.7964,Driving,Ligeris,Speeding,4way,1.0,30,3G,-88,80.0,-1.0,0.041,40.305534781187575,21.807901565347752,Unintentional
User_28,2025-12-24 19:29:03,0.348,1.0,Running,Ligeris,Driving_Under_Influence,2way,2.0,60,WiFi,-53,83.0,24.0,0.0055657999204619,40.305536968800105,21.80784773615142,Unintentional
User_86,2025-12-24 22:09:25,0.469,0.7171,Running,Koila,Driving_Under_Influence,2way,0.0,40,4G,-88,5.0,24.0,0.0035866551622089,40.32141047687516,21.79219639820656,Unintentional
User_45,2025-12-24 22:55:08,0.285,0.9883,Running,Koila,Speeding,1way,0.0,80,3G,-72,30.0,20.0,0.0088507965007419,40.3210927181241,21.789794518225115,Unintentional
User_74,2025-12-25 00:06:26,0.497,1.0,Walking,Zep,Speeding,2way,0.0,60,5G,-115,68.0,18.0,0.0092321511936283,40.2791834534354,21.75482522777514,Unintentional
User_25,2025-12-25 05:29:43,0.408,0.8528,Walking,Zep,Driving_Under_Influence,1way,1.0,60,4G,-84,16.0,-25.0,0.0073435661061139,40.27980138979451,21.7533464628046,Unintentional
User_08,2025-12-25 07:41:00,0.347,1.0,Driving,Koila,9,1way,4.0,70,WiFi,-84,41.0,21.0,0.0077169358694361,40.3061461017509,21.805194466807553,Unintentional
User_77,2025-12-25 11:02:29,0.428,0.7335,Running,Zep,Speeding,2way,0.0,30,5G,-116,92.0,-20.0,0.0079651631351577,40.280129637765434,21.752658426143512,Unintentional
User_72,2025-12-25 14:01:47,0.567,0.7575,Running,Zep,Speeding,2way,4.0,120,WiFi,-54,82.0,24.0,0.0045124112031138,40.279036908775694,21.75501789380074,Unintentional
User_34,2025-12-25 18:48:35,0.431,0.8709,Walking,Koila,Speeding,1way,1.0,10,4G,-115,56.0,18.0,0.0018242568198835,40.321631316766776,21.79161100158466,Unintentional
User_95,2025-12-25 21:03:10,0.545,0.9909,Walking,Koila,Driving_Under_Influence,2way,0.0,60,3G,-89,27.0,24.0,0.0094313075608401,40.32267542182894,21.79055982986206,Unintentional
User_18,2025-12-25 22:57:22,0.251,1.0,Running,Ligeris,Reckless_Driving,1way,0.0,70,4G,-101,49.0,0.0,0.035,40.30797293686958,21.807068563627453,Unintentional
User_70,2025-12-26 03:18:53,0.601,0.8139,Running,Ligeris,Driving_Under_Influence,2way,1.0,10,5G,-70,49.0,11.0,0.024,40.30641899561005,21.80654753263574,Unintentional
User_79,2025-12-26 03:24:52,0.389,0.836,Running,Ligeris,Driving_Under_Influence,4way,1.0,20,3G,-75,42.0,-17.0,0.0010135431152199,40.30594982300224,21.807373230123304,Unintentional
User_82,2025-12-26 05:33:41,0.324,0.9309,Walking,Koila,Reckless_Driving,4way,1.0,10,5G,-75,39.0,-9.0,0.044,40.32199088006972,21.79184960665412,Unintentional
User_35,2025-12-26 06:20:09,0.274,0.7982,Walking,Koila,7,1way,1.0,80,4G,-95,87.0,-19.0,0.0064756867679658,40.322141268227696,21.789256944410237,Unintentional
User_71,2025-12-26 17:37:24,0.256,0.7213,Running,Koila,Speeding,1way,0.0,30,5G,-118,90.0,10.0,0.049,40.32205045506556,21.791239402405335,Unintentional
User_83,2025-12-26 18:24:04,0.309,1.0,Walking,Ligeris,9,4way,3.0,20,5G,-81,34.0,-22.0,0.0059110030371048,40.30658660825786,21.808339076637765,Unintentional
User_69,2025-12-26 23:12:24,0.34,1.0,Driving,Ligeris,Driving_Under_Influence,1way,0.0,40,5G,-88,41.0,22.0,0.0059259871021043,40.30677603818601,21.80851694272875,Unintentional
User_56,2025-12-26 23:15:09,0.374,0.7317,Driving,Ligeris,Reckless_Driving,2way,1.0,60,5G,-74,41.0,-22.0,0.0081959391513162,40.307780391491235,21.807561666691676,Unintentional
User_92,2025-12-27 00:56:46,0.694,0.8962,Driving,Ligeris,Reckless_Driving,2way,1.0,40,5G,-108,44.0,0.0,0.029,40.30719483340245,21.80682051357276,Unintentional
User_91,2025-12-27 03:17:45,0.587,1.0,Driving,Ligeris,Speeding,4way,1.0,80,WiFi,-70,80.0,-14.0,0.029,40.30589238308777,21.807721808766168,Unintentional
User_30,2025-12-27 05:30:42,0.46,0.8104,Running,Ligeris,Reckless_Driving,4way,0.0,30,3G,-100,0.0,19.0,0.0088758054201107,40.30507937335421,21.806711351850787,Unintentional
User_86,2025-12-27 05:50:13,0.469,0.7221,Walking,Ligeris,Reckless_Driving,4way,1.0,30,3G,-110,72.0,-8.0,0.026,40.306230115631266,21.808452642462665,Unintentional
User_03,2025-12-27 06:00:07,0.568,0.7494,Driving,Zep,Driving_Under_Influence,2way,0.0,40,4G,-100,7.0,8.0,0.044,40.279693676515826,21.75293838707026,Unintentional
User_57,2025-12-27 07:47:59,0.372,0.8322,Running,Zep,Reckless_Driving,1way,0.0,30,4G,-91,31.0,4.0,0.04,40.28084917892732,21.753180627542253,Unintentional
User_16,2025-12-27 12:50:24,0.513,0.9267,Walking,Zep,Speeding,2way,0.0,10,5G,-118,87.0,12.0,0.042,40.279115277847254,21.754518568505254,Unintentional
User_67,2025-12-27 18:27:35,0.529,0.5641,Driving,Koila,Speeding,4way,1.0,10,5G,-92,93.0,5.0,0.033,40.32245398273743,21.791783145364736,Unintentional
User_97,2025-12-27 22:45:11,0.337,1.0,Running,Ligeris,Speeding,2way,0.0,30,5G,-96,48.0,-24.0,0.0050665955116914,40.30631684320144,21.806258372634872,Unintentional
User_22,2025-12-28 02:48:19,0.413,0.7689,Driving,Ligeris,9,1way,1.0,90,4G,-71,37.0,21.0,0.0048003672536844,40.30560270963711,21.807222146166666,Unintentional
User_14,2025-12-28 05:14:31,0.393,0.9294,Driving,Zep,Reckless_Driving,2way,0.0,Illegal_Parking,WiFi,-84,39.0,21.0,0.0014807837504597,40.2794196219865,21.753161852587688,Unintentional
User_31,2025-12-28 07:26:48,0.46,1.0,Running,Ligeris,Driving_Under_Influence,2way,0.0,30,4G,-113,27.0,25.0,0.0078135741811005,40.307188871892045,21.806790281995795,Unintentional
User_05,2025-12-28 08:35:58,0.743,1.0,Driving,Zep,Reckless_Driving,2way,0.0,60,4G,-92,8.0,-15.0,0.028,40.27990214187358,21.753808507253215,Unintentional
User_32,2025-12-28 08:49:03,0.464,0.742,Walking,Koila,Speeding,1way,0.0,50,4G,-118,95.0,17.0,0.0035512913249714,40.32104238509065,21.792058748991614,Unintentional
User_02,2025-12-28 09:12:53,0.529,1.0,Running,Koila,Speeding,2way,140.0,40,3G,-113,25.0,-13.0,0.022,40.3231403732972,21.791113474812253,Unintentional
User_83,2025-12-28 11:59:28,0.309,1.0,Driving,Zep,Driving_Under_Influence,2way,0.0,90,3G,-70,88.0,-6.0,0.023,40.27970241968232,21.75312199600226,Unintentional
User_38,2025-12-28 18:15:45,0.306,1.0,Walking,Zep,Driving_Under_Influence,1way,1.0,Illegal_Parking,WiFi,-70,12.0,-15.0,0.035,40.27993966848032,21.754408650152975,Unintentional
User_81,2025-12-28 19:52:01,0.376,1.0,Walking,Zep,Speeding,2way,160.0,60,5G,-72,60.0,-24.0,0.0033158939606594,40.27970560583537,21.75337729289438,Unintentional
User_69,2025-12-28 21:05:37,0.34,1.0,Running,Ligeris,Driving_Under_Influence,1way,0.0,30,5G,-87,16.0,-7.0,0.024,40.30629166078883,21.80716470319124,Unintentional
User_69,2025-12-28 22:32:35,0.34,1.0,Driving,Ligeris,Reckless_Driving,4way,0.0,10,5G,-110,87.0,22.0,0.0064546528394646,40.30687891346946,21.80890354890579,Unintentional
User_53,2025-12-29 00:23:47,0.313,0.8236,Driving,Zep,Driving_Under_Influence,2way,0.0,50,5G,-82,3.0,17.0,0.0022156686024331,40.279278678605195,21.753778413106662,Unintentional
User_03,2025-12-29 00:31:32,0.568,0.7534,Driving,Zep,Driving_Under_Influence,2way,4.0,Harassing_Driver,WiFi,-57,45.0,8.0,0.046,40.27959216806492,21.75540516922353,Unintentional
User_69,2025-12-29 00:59:05,0.34,1.0,Walking,Zep,Driving_Under_Influence,2way,0.0,30,WiFi,-62,65.0,-5.0,0.024,40.28094482872944,21.751803359426912,Unintentional
User_05,2025-12-29 03:43:07,0.743,1.0,Driving,Ligeris,Driving_Under_Influence,1way,0.0,70,5G,-74,76.0,25.0,0.0035115897190916,40.30682777771409,21.80783808843304,Unintentional
User_04,2025-12-29 05:28:42,0.662,0.7767,Driving,Zep,Driving_Under_Influence,1way,1.0,20,WiFi,-60,73.0,20.0,0.0087815759587696,40.27964420403931,21.753527408539995,Unintentional
User_67,2025-12-29 08:57:06,0.529,0.9366,Walking,Ligeris,Speeding,4way,0.0,50,4G,-101,11.0,14.0,0.047,40.3063432715758,21.80819294693955,Unintentional
User_89,2025-12-29 09:08:15,0.336,0.7371,Driving,Koila,Speeding,4way,150.0,70,3G,-101,1.0,1.0,0.046,40.30624724405939,21.80804867606662,Unintentional
User_44,2025-12-29 13:10:32,0.332,0.8076,Walking,Ligeris,Driving_Under_Influence,2way,0.0,Harassing_Driver,5G,-81,79.0,-15.0,0.026,40.30575295960051,21.80921615315309,Unintentional
User_58,2025-12-29 15:40:22,0.465,0.759,Walking,Koila,Reckless_Driving,4way,3.0,70,WiFi,-68,35.0,10.0,0.035,40.32105917947704,21.792239957034727,Unintentional
User_79,2025-12-29 17:19:23,0.389,0.843,Walking,Koila,Speeding,1way,1.0,60,WiFi,-73,35.0,-22.0,0.0058246143381876,40.32253044600699,21.791256784153244,Unintentional
User_69,2025-12-29 17:40:50,0.34,1.0,Running,Koila,Speeding,1way,0.0,40,WiFi,-94,92.0,14.0,0.021,40.32194944295867,21.79059073434212,Unintentional
User_12,2025-12-29 18:17:27,0.67,1.0,Running,Ligeris,Driving_Under_Influence,2way,0.0,10,WiFi,-58,57.0,13.0,0.033,40.30582903851886,21.8090527767219,Unintentional
User_85,2025-12-30 03:25:29,0.254,0.8523,Running,Ligeris,Reckless_Driving,2way,1.0,60,WiFi,-50,16.0,-18.0,0.0011376391349479,40.305931626059625,21.8071155498156,Unintentional
User_97,2025-12-30 04:20:26,0.337,1.0,Running,Zep,Speeding,1way,1.0,30,3G,-105,62.0,22.0,0.0076379467537857,40.2805557554946,21.75503356339488,Unintentional
User_17,2025-12-30 11:44:39,0.631,0.8678,Driving,Ligeris,Driving_Under_Influence,1way,1.0,70,WiFi,-69,95.0,-14.0,0.038,40.305290897608465,21.809051881588186,Unintentional
User_73,2025-12-30 18:45:11,0.325,0.9177,Walking,Ligeris,Speeding,1way,1.0,30,4G,-89,12.0,6.0,0.023,40.30740207350141,21.80739156698756,Unintentional
User_53,2025-12-30 21:39:12,0.313,0.8266,Walking,Koila,Driving_Under_Influence,2way,1.0,40,WiFi,-60,77.0,-20.0,0.00781930046118,40.323562945517466,21.79221216553868,Unintentional
User_97,2025-12-31 00:53:03,0.337,1.0,Walking,Koila,Driving_Under_Influence,2way,0.0,20,3G,-80,40.0,15.0,0.036,40.32139421931713,21.792579180694585,Unintentional
User_79,2025-12-31 01:07:36,0.389,0.846,Driving,Koila,6,2way,0.0,40,4G,-120,29.0,-25.0,0.0089144853007299,40.32082233040928,21.790794411733597,Unintentional
User_31,2025-12-31 01:58:47,0.56,1.0,Driving,Koila,Speeding,2way,0.0,10,4G,-108,34.0,16.0,0.03,40.32203040703581,21.792277094684867,Unintentional
User_92,2025-12-31 03:37:23,0.694,0.9042,Running,Koila,Driving_Under_Influence,2way,0.0,90,3G,-115,71.0,-22.0,0.003091938182404,40.30668475917881,21.80536611924651,Unintentional
User_60,2025-12-31 07:41:04,0.353,1.0,Driving,Koila,Speeding,2way,0.0,50,4G,-107,68.0,22.0,0.0023392725775176,40.320908669779755,21.792205090185508,Unintentional
User_60,2025-12-31 09:36:36,0.353,1.0,Running,Koila,Reckless_Driving,2way,0.0,50,WiFi,-80,71.0,21.0,0.009391580056662,40.322287411870526,21.791203801587812,Unintentional
User_36,2025-12-31 10:35:23,0.563,1.0,Driving,Zep,6,2way,0.0,20,3G,-114,96.0,22.0,0.0016858946601414,40.27978437169113,21.75498015855328,Unintentional
User_16,2025-12-31 12:33:16,0.513,0.9357,Walking,Ligeris,Reckless_Driving,1way,0.0,60,5G,-110,74.0,3.0,0.03,40.30658667702872,21.80691413649101,Unintentional
User_46,2025-12-31 14:34:42,0.519,1.0,Running,Zep,Driving_Under_Influence,2way,1.0,80,WiFi,-81,58.0,-2.0,0.049,40.2806602148728,21.752946000707823,Unintentional
User_27,2025-12-31 17:37:56,0.535,0.9811,Running,Koila,Driving_Under_Influence,2way,0.0,80,WiFi,-63,49.0,-22.0,0.0030218437561727,40.322092115880544,21.791861837471195,Unintentional
User_53,2025-12-31 23:40:00,0.313,0.8286,Walking,Zep,Speeding,2way,0.0,60,WiFi,-67,70.0,-18.0,0.0018494329947731,40.27937066334318,21.753481517340845,Unintentional
