User_Id,Timestamp,User_Reputation,User_Experience,User_Activity,University_Area,Violation_Type,Road_Type,Road_Accident,Speed_Limit,Internet_Connection,Internet_Signal_Strength,Battery_Percentage,Accelerometer_Range,Accelerometer_Resolution,Latitude,Longitude,True_Class
User_17,2025-01-01 01:43:03,0.383,0.0252,Driving,Zep,Speeding,1way,1.0,70,5G,-97,28.0,-23.0,0.0047795898599108,40.280212905876986,21.753741212948174,Unintentional
User_86,2025-01-01 05:46:26,0.63,0.2693,Walking,Koila,Speeding,2way,0.0,90,WiFi,-83,8.0,-18.0,0.0067163222284352,40.3216976445392,21.791884973139343,Unintentional
User_51,2025-01-01 06:39:30,0.708,0.3469,Driving,Koila,Speeding,2way,0.0,Harassing_Driver,4G,-88,68.0,10.0,0.049,40.32142729407584,21.791284549409124,Unintentional
User_94,2025-01-01 08:22:00,0.648,0.0638,Driving,Zep,Speeding,1way,2.0,10,3G,-88,52.0,0.0,0.047,40.27937346183132,21.753308060820533,Unintentional
User_05,2025-01-01 13:28:03,0.311,0.1548,Walking,Koila,Speeding,2way,1.0,90,3G,-104,82.0,-25.0,0.0098041023536009,40.32132744710561,21.792692669191652,Unintentional
User_81,2025-01-01 17:25:43,0.482,0.2484,Walking,Ligeris,Speeding,2way,1.0,40,4G,-114,48.0,20.0,0.0092683648866801,40.3050159423335,21.80875230879385,Unintentional
User_08,2025-01-01 19:30:09,0.325,0.3766,Running,Zep,Speeding,1way,1.0,40,3G,-99,7.0,-24.0,0.0073452043874963,40.27940997166719,21.75154520366296,Unintentional
User_65,2025-01-01 21:08:55,0.578,0.0943,Walking,Koila,9,2way,1.0,20,WiFi,-76,52.0,-10.0,0.049,40.32098828751265,21.790492126040206,Unintentional
User_87,2025-01-02 00:00:37,0.374,0.1486,Walking,Zep,Speeding,2way,0.0,30,3G,-108,23.0,2.0,0.033,40.30622692377462,21.753308533901095,Unintentional
User_05,2025-01-02 06:47:34,0.311,0.1568,Walking,Zep,9,1way,1.0,40,3G,-98,86.0,-8.0,0.027,40.27816883300507,21.791258825989416,Unintentional
User_68,2025-01-02 07:02:49,0.736,0.3185,Walking,Koila,Speeding,1way,2.0,80,3G,-102,96.0,-23.0,0.009064535092835,40.32275472321392,21.791258825989416,Unintentional
User_31,2025-01-02 10:24:24,0.72,0.2529,Walking,Zep,Speeding,1way,1.0,20,WiFi,-54,12.0,23.0,0.0018586372221287,40.27932490980926,21.754111106353708,Unintentional
User_40,2025-01-02 13:05:05,0.498,0.2587,Driving,Zep,Driving_Under_Influence,2way,1.0,10,3G,-73,57.0,0.0,0.04,40.30622692377462,21.751628362271745,Unintentional
User_12,2025-01-02 14:02:49,0.251,0.0237,Walking,Zep,Speeding,2way,1.0,50,3G,-83,14.0,-21.0,0.0068419569275997,40.280292353113985,21.75335835567534,Unintentional
User_59,2025-01-02 17:35:39,0.508,0.3718,Walking,Koila,Speeding,2way,1.0,40,WiFi,Ethernet,29.0,13.0,0.027,40.32069462922053,21.791941278951615,Unintentional
User_25,2025-01-02 18:25:27,0.627,0.0613,Driving,Koila,Speeding,1way,1.0,70,3G,-93,84.0,-4.0,0.046,40.32301485068323,21.791258825989416,Unintentional
User_73,2025-01-02 22:07:04,0.676,0.3598,Driving,Koila,Speeding,2way,0.0,20,5G,-118,61.0,19.0,0.0040720899996614,40.321329660392145,21.791258825989416,Unintentional
User_06,2025-01-02 23:50:03,0.614,0.3763,Running,Ligeris,Driving_Under_Influence,2way,0.0,20,5G,-95,97.0,20.0,0.0080201860053558,40.27833919435742,21.752978842112466,Unintentional
User_87,2025-01-03 03:30:27,0.374,0.1516,Driving,Koila,Speeding,2way,0.0,110,3G,Ethernet,5.0,-1.0,0.026,40.32204318286489,21.791258825989416,Unintentional
User_91,2025-01-03 08:29:46,0.409,0.0732,Walking,Ligeris,Driving_Under_Influence,2way,1.0,20,WiFi,-67,18.0,-21.0,0.0076357284558297,40.30682619555238,21.791258825989416,Unintentional
User_46,2025-01-03 10:19:37,0.621,0.5725,Walking,Ligeris,Driving_Under_Influence,1way,0.0,40,5G,-78,53.0,21.0,0.0039201337867715,40.30622692377462,21.755228456838,Unintentional
User_88,2025-01-03 14:57:02,0.676,0.037,Running,Koila,Reckless_Driving,2way,0.0,70,WiFi,Ethernet,37.0,-18.0,0.0086415678234939,40.32341008293056,21.7925015812475,Unintentional
User_95,2025-01-03 16:50:35,0.739,0.0933,Walking,Zep,Speeding,1way,0.0,50,3G,-107,54.0,-22.0,0.009109516214249,40.27920450775387,21.754087296234307,Unintentional
User_79,2025-01-03 17:39:38,0.426,0.0456,Running,Koila,Speeding,2way,0.0,50,4G,-73,93.0,-24.0,0.0084462989329351,40.321115095540094,21.79033049557303,Unintentional
User_20,2025-01-03 20:42:04,0.686,0.3344,Running,Koila,Reckless_Driving,1way,0.0,130,WiFi,-69,42.0,-25.0,0.0051491950264502,40.32077857302568,21.7907677218824,Unintentional
User_73,2025-01-03 20:56:17,0.676,0.3618,Driving,Koila,Driving_Under_Influence,2way,0.0,60,3G,-103,57.0,18.0,0.0052859780889803,40.32155772425253,21.790533376311288,Unintentional
User_16,2025-01-03 22:32:05,0.438,0.1309,Running,Ligeris,Reckless_Driving,4way,160.0,20,5G,-70,65.0,-5.0,0.039,40.30622692377462,21.791258825989416,Unintentional
User_99,2025-01-04 01:27:04,0.618,0.2133,Walking,Zep,Speeding,4way,0.0,60,5G,-81,94.0,-22.0,0.0083340914405332,40.27935869159107,21.751459326992556,Unintentional
User_15,2025-01-04 07:34:09,0.585,0.0394,Running,Zep,Speeding,2way,2.0,30,WiFi,-66,17.0,10.0,0.046,40.28030217068363,21.791258825989416,Unintentional
User_99,2025-01-04 08:50:52,0.618,0.2143,Walking,Koila,Speeding,2way,1.0,10,5G,-78,47.0,2.0,0.027,40.32102886260543,21.791258825989416,Unintentional
User_34,2025-01-04 10:00:43,0.508,0.1886,Driving,Ligeris,Driving_Under_Influence,1way,0.0,40,3G,-87,28.0,18.0,0.0079675531145515,40.30622692377462,21.805951071359605,Unintentional
User_85,2025-01-04 10:31:05,0.572,0.5725,Walking,Ligeris,Driving_Under_Influence,1way,0.0,10,5G,Ethernet,73.0,-21.0,0.007450690913518,40.30535754130155,21.806381833261792,Unintentional
User_95,2025-01-04 11:21:17,0.739,0.0953,Running,Ligeris,Reckless_Driving,2way,1.0,80,WiFi,-64,57.0,-21.0,0.0065599847430712,40.30761664834451,21.806751333832715,Unintentional
User_21,2025-01-04 12:41:06,0.64,0.3695,Running,Ligeris,Reckless_Driving,2way,160.0,40,4G,-117,34.0,-10.0,0.021,40.3071322989077,21.80825811674109,Unintentional
User_45,2025-01-04 13:33:46,0.446,0.0655,Walking,Zep,Speeding,2way,1.0,30,4G,-92,48.0,-20.0,0.002192486352225,40.27949115697039,21.75255441894165,Unintentional
User_33,2025-01-04 13:38:11,0.486,0.1476,Walking,Ligeris,Reckless_Driving,2way,0.0,50,WiFi,-71,67.0,-5.0,0.043,40.28028550746752,21.791258825989416,Unintentional
User_17,2025-01-04 15:32:29,0.383,0.5725,Running,Ligeris,Reckless_Driving,4way,0.0,40,WiFi,-83,25.0,-3.0,0.044,40.30578420409939,21.80849891886044,Unintentional
User_25,2025-01-04 19:24:04,0.627,0.0653,Running,Zep,Driving_Under_Influence,2way,0.0,30,3G,-81,48.0,0.0,0.036,40.27990955714706,21.751252595306383,Unintentional
User_55,2025-01-04 21:15:51,0.489,0.0818,Driving,Zep,Speeding,1way,2.0,40,WiFi,-74,40.0,8.0,0.044,40.30622692377462,21.754608110354425,Unintentional
User_93,2025-01-04 22:54:32,0.418,0.1101,Running,Zep,Speeding,2way,0.0,60,5G,-96,9.0,18.0,0.0016382065723962,40.30622692377462,21.75298157449042,Unintentional
User_20,2025-01-05 02:05:42,0.686,0.3374,Running,Zep,Driving_Under_Influence,2way,0.0,70,5G,-98,93.0,24.0,0.0087143312290558,40.28041615658312,21.751600307334876,Unintentional
User_36,2025-01-05 05:26:05,0.394,0.3449,Running,Ligeris,Driving_Under_Influence,2way,0.0,70,4G,-87,88.0,19.0,0.0023769407392133,40.30603435475811,21.80895359484656,Unintentional
User_37,2025-01-05 06:24:55,0.528,0.3449,Walking,Ligeris,Driving_Under_Influence,2way,1.0,30,WiFi,-51,61.0,-23.0,0.002414454506406,40.32288344936028,21.789903326615708,Unintentional
User_91,2025-01-05 08:57:29,0.409,0.0772,Walking,Ligeris,Reckless_Driving,2way,1.0,40,3G,-102,35.0,0.0,0.024,40.30711606791343,21.809312819466022,Unintentional
User_30,2025-01-05 13:24:20,0.577,0.2755,Running,Zep,Speeding,2way,4.0,80,3G,-72,35.0,-25.0,0.0012415989012195,40.28050927664672,21.791258825989416,Unintentional
User_19,2025-01-05 16:02:53,0.384,0.3483,Driving,Koila,Driving_Under_Influence,1way,0.0,30,WiFi,-60,99.0,10.0,0.022,40.32063050902122,21.791944756518735,Unintentional
User_54,2025-01-05 16:04:33,0.508,0.1561,Walking,Zep,Speeding,2way,0.0,80,5G,-117,14.0,-14.0,0.041,40.27988353314571,21.791258825989416,Unintentional
User_22,2025-01-05 17:59:07,0.712,0.0493,Walking,Zep,Speeding,1way,1.0,40,4G,-118,71.0,18.0,0.0077673156285164,40.27999336318336,21.753564216218106,Unintentional
User_11,2025-01-05 18:05:08,0.539,0.1836,Running,Ligeris,Speeding,1way,1.0,40,5G,-71,20.0,19.0,0.0024372277085687,40.30509390192904,21.809163124371945,Unintentional
User_53,2025-01-05 18:40:55,0.364,0.3767,Walking,Ligeris,Reckless_Driving,1way,1.0,30,3G,-110,85.0,-5.0,0.033,40.306445045486726,21.80653574198381,Unintentional
User_58,2025-01-05 19:57:27,0.669,0.142,Walking,Ligeris,Speeding,2way,3.0,80,3G,-87,8.0,1.0,0.042,40.30796880598461,21.807418245908227,Unintentional
User_42,2025-01-05 20:22:35,0.577,0.2742,Walking,Zep,Speeding,2way,1.0,20,4G,-114,63.0,-25.0,0.0039795673881563,40.2809927876818,21.752248008594353,Unintentional
User_45,2025-01-06 00:55:58,0.508,0.0685,Running,Koila,Speeding,2way,2.0,40,5G,-98,64.0,-24.0,0.0079862478956812,40.32103685143772,21.792863777857484,Unintentional
User_54,2025-01-06 01:03:29,0.508,0.1571,Running,Ligeris,Speeding,4way,1.0,40,4G,Ethernet,30.0,16.0,0.033,40.306216616082594,21.80896182180009,Unintentional
User_42,2025-01-06 02:23:28,0.577,0.5725,Walking,Koila,Driving_Under_Influence,2way,4.0,30,WiFi,Ethernet,87.0,18.0,0.0039869324532986,40.32207600786385,21.791113946019323,Unintentional
User_93,2025-01-06 02:49:07,0.418,0.5725,Running,Ligeris,Driving_Under_Influence,2way,150.0,50,5G,-88,58.0,-8.0,0.045,40.3047580166971,21.80773631686058,Unintentional
User_88,2025-01-06 03:56:49,0.676,0.5725,Walking,Ligeris,Driving_Under_Influence,1way,0.0,60,5G,-79,48.0,-25.0,0.0057075556957114,40.30539148304982,21.791258825989416,Unintentional
User_79,2025-01-06 04:47:36,0.508,0.0506,Running,Ligeris,Driving_Under_Influence,1way,1.0,60,3G,Ethernet,15.0,21.0,0.0071257329425428,40.30614861873833,21.807526754764837,Unintentional
User_98,2025-01-06 07:06:32,0.553,0.2549,Driving,Zep,Speeding,2way,0.0,50,5G,-71,39.0,-25.0,0.0057271729697465,40.27856724215544,21.75260440756952,Unintentional
User_38,2025-01-06 09:57:41,0.448,0.1782,Walking,Koila,Reckless_Driving,2way,4.0,30,5G,-80,49.0,-17.0,0.0087977803512293,40.32207768563478,21.79077207229557,Unintentional
User_23,2025-01-06 12:26:33,0.508,0.3756,Walking,Ligeris,Driving_Under_Influence,2way,0.0,30,5G,-109,47.0,-7.0,0.046,40.30622692377462,21.8083098972226,Unintentional
User_65,2025-01-06 13:58:59,0.578,0.5725,Walking,Ligeris,Driving_Under_Influence,2way,1.0,Lane_Discards,5G,Ethernet,27.0,-9.0,0.024,40.27998302362133,21.752263758253616,Unintentional
User_01,2025-01-06 14:08:55,0.618,0.5725,Driving,Koila,Driving_Under_Influence,2way,1.0,90,5G,-97,69.0,-2.0,0.042,40.32232256020566,21.79094208569369,Unintentional
User_46,2025-01-06 14:34:16,0.621,0.1979,Walking,Koila,Speeding,2way,1.0,10,WiFi,-85,96.0,-6.0,0.039,40.30622692377462,21.790997200346293,Unintentional
User_52,2025-01-06 15:55:51,0.399,0.3489,Running,Ligeris,Speeding,4way,2.0,90,WiFi,-71,91.0,-20.0,0.0014494601356967,40.30622692377462,21.805916495636453,Unintentional
User_27,2025-01-06 23:09:07,0.319,0.3226,Driving,Ligeris,Reckless_Driving,2way,1.0,80,5G,Ethernet,41.0,-21.0,0.0086616892611065,40.30596064654273,21.807513909179924,Unintentional
User_07,2025-01-07 00:59:08,0.508,0.267,Driving,Ligeris,7,2way,1.0,30,3G,Ethernet,32.0,-8.0,0.045,40.307632114135295,21.808161650214597,Unintentional
User_82,2025-01-07 10:30:30,0.499,0.3704,Running,Koila,Reckless_Driving,2way,140.0,50,3G,-93,37.0,24.0,0.006963574693615,40.32193129527265,21.792295709479003,Unintentional
User_56,2025-01-07 10:35:50,0.419,0.1896,Driving,Zep,Driving_Under_Influence,2way,3.0,80,4G,-89,45.0,12.0,0.039,40.2786871290321,21.751788652287708,Unintentional
User_19,2025-01-07 10:41:00,0.508,0.3513,Running,Ligeris,Speeding,2way,2.0,70,4G,-115,48.0,-25.0,0.0095227930720188,40.30616371840702,21.807776405574867,Unintentional
User_97,2025-01-07 14:10:44,0.508,0.3689,Driving,Koila,Speeding,1way,0.0,40,4G,-106,0.0,16.0,0.033,40.30622692377462,21.79148560644945,Unintentional
User_74,2025-01-07 14:28:09,0.6,0.0205,Driving,Zep,Speeding,2way,0.0,40,4G,-71,34.0,-24.0,0.0064937570108774,40.30622692377462,21.75440012101473,Unintentional
User_15,2025-01-07 14:46:14,0.585,0.5725,Driving,Zep,Reckless_Driving,2way,0.0,40,5G,-115,4.0,2.0,0.034,40.27847238957107,21.75336588909107,Unintentional
User_60,2025-01-07 18:19:59,0.508,0.3166,Walking,Zep,Speeding,2way,150.0,20,WiFi,-85,37.0,0.0,0.032,40.27886052037055,21.75284452715543,Unintentional
User_60,2025-01-07 23:06:16,0.602,0.3176,Driving,Zep,Reckless_Driving,4way,0.0,130,3G,-87,0.0,-25.0,0.0072939154977502,40.27859135832755,21.754689964739413,Unintentional
User_64,2025-01-07 23:17:48,0.508,0.5725,Walking,Ligeris,Reckless_Driving,2way,0.0,40,5G,-109,77.0,4.0,0.039,40.28048329673407,21.752405357490613,Unintentional
User_59,2025-01-07 23:42:51,0.696,0.3818,Walking,Koila,Speeding,2way,1.0,40,4G,-107,48.0,8.0,0.033,40.321834746218435,21.791258825989416,Unintentional
User_06,2025-01-08 01:19:45,0.614,0.5725,Running,Koila,Driving_Under_Influence,1way,0.0,60,5G,-114,31.0,-3.0,0.04,40.322747669542814,21.790568418560287,Unintentional
User_78,2025-01-08 01:51:14,0.508,0.1146,Walking,Ligeris,Driving_Under_Influence,2way,0.0,40,5G,Ethernet,60.0,20.0,0.0047580195824012,40.30784080038768,21.807433310975835,Unintentional
User_65,2025-01-08 04:16:26,0.578,0.1073,Walking,Ligeris,Speeding,1way,1.0,20,4G,Ethernet,62.0,0.0,0.037,40.305979600338,21.807350537438527,Unintentional
User_03,2025-01-08 04:17:15,0.381,0.2065,Walking,Ligeris,Speeding,1way,0.0,40,WiFi,Ethernet,13.0,23.0,0.0078688078501808,40.30622692377462,21.80973673542786,Unintentional
User_44,2025-01-08 08:02:56,0.508,0.5725,Walking,Zep,Reckless_Driving,2way,1.0,60,4G,-89,53.0,12.0,0.036,40.279783627255206,21.753104992870252,Unintentional
User_25,2025-01-08 11:07:54,0.627,0.0723,Walking,Zep,Reckless_Driving,2way,0.0,120,5G,-85,58.0,0.0,0.027,40.27951390575964,21.753353378281137,Unintentional
User_66,2025-01-08 12:18:55,0.508,0.4007,Running,Zep,Speeding,2way,0.0,40,WiFi,-82,62.0,1.0,0.021,40.281107368409856,21.75263633620957,Unintentional
User_94,2025-01-08 14:39:13,0.648,0.0778,Walking,Ligeris,Speeding,1way,1.0,30,3G,-111,26.0,-2.0,0.04,40.30622692377462,21.80896432686542,Unintentional
User_59,2025-01-08 18:05:20,0.696,0.3838,Running,Zep,Driving_Under_Influence,4way,0.0,60,5G,-119,15.0,-22.0,0.0020491494696164,40.27953036979049,21.753358246525156,Unintentional
User_68,2025-01-08 18:30:50,0.736,0.3305,Driving,Koila,Speeding,2way,5.0,40,5G,Ethernet,35.0,21.0,0.0057271729697465,40.32386826906193,21.79135718258796,Unintentional
User_84,2025-01-08 21:06:55,0.508,0.1926,Walking,Ligeris,Driving_Under_Influence,2way,1.0,20,5G,-94,2.0,-18.0,0.0045675346485634,40.306774048980294,21.809728667758456,Unintentional
User_29,2025-01-08 23:10:40,0.309,0.2366,Walking,Ligeris,Reckless_Driving,2way,1.0,30,4G,-88,60.0,-15.0,0.025,40.30503901603454,21.806925563222425,Unintentional
User_86,2025-01-08 23:43:04,0.63,0.2833,Driving,Ligeris,Speeding,1way,1.0,70,3G,-82,48.0,-13.0,0.025,40.30461091315818,21.791258825989416,Unintentional
User_95,2025-01-09 04:43:21,0.739,0.1053,Driving,Zep,Driving_Under_Influence,2way,1.0,Illegal_Parking,4G,-112,12.0,-21.0,0.0012768525475613,40.27958562482407,21.753320098453113,Unintentional
User_55,2025-01-09 07:53:06,0.508,0.0918,Driving,Koila,Speeding,2way,0.0,50,WiFi,Ethernet,74.0,17.0,0.0049673643616336,40.32205932222348,21.791405283933837,Unintentional
User_05,2025-01-09 08:30:45,0.311,0.1708,Walking,Koila,Reckless_Driving,2way,1.0,40,4G,-106,15.0,14.0,0.03,40.32171849137765,21.790237205241457,Unintentional
User_80,2025-01-09 08:57:59,0.313,0.2305,Walking,Ligeris,Reckless_Driving,2way,0.0,50,WiFi,-50,48.0,23.0,0.0057271729697465,40.307832082956345,21.808154014986492,Unintentional
User_61,2025-01-09 10:49:55,0.261,0.1145,Driving,Koila,6,1way,1.0,90,5G,-111,76.0,23.0,0.0092840165470969,40.30622692377462,21.79065454981825,Unintentional
User_10,2025-01-09 13:21:11,0.719,0.5725,Walking,Koila,Reckless_Driving,2way,0.0,30,3G,-88,53.0,17.0,0.0048904165473791,40.32189994227379,21.791258825989416,Unintentional
User_49,2025-01-09 13:35:10,0.483,0.124,Walking,Ligeris,Speeding,2way,3.0,110,5G,-75,29.0,-4.0,0.037,40.32046482001471,21.791258825989416,Unintentional
User_15,2025-01-09 14:31:01,0.585,0.0494,Driving,Koila,Reckless_Driving,2way,2.0,70,3G,-94,92.0,22.0,0.0021154332984288,40.32285783773285,21.78954870071457,Unintentional
User_77,2025-01-09 15:57:30,0.508,0.5725,Running,Zep,Reckless_Driving,2way,1.0,90,4G,Ethernet,50.0,18.0,0.0041750907345335,40.279442178266756,21.755309083716284,Unintentional
User_38,2025-01-09 18:19:46,0.448,0.5725,Walking,Ligeris,Speeding,1way,0.0,30,3G,Ethernet,74.0,-1.0,0.027,40.27958801199329,21.75326914735093,Unintentional
User_40,2025-01-09 19:09:55,0.498,0.2717,Walking,Koila,Speeding,2way,1.0,60,3G,-113,48.0,11.0,0.039,40.322091266115784,21.791616682469815,Unintentional
User_63,2025-01-09 19:50:41,0.408,0.2374,Running,Ligeris,Speeding,2way,0.0,40,5G,-106,39.0,22.0,0.0072521342011819,40.28096887185055,21.75466954352176,Unintentional
User_26,2025-01-10 00:08:50,0.642,0.1752,Driving,Koila,Speeding,2way,4.0,60,3G,-98,64.0,-23.0,0.0057271729697465,40.320838713605305,21.790253781097224,Unintentional
User_21,2025-01-10 01:38:09,0.64,0.3805,Driving,Koila,Reckless_Driving,2way,1.0,40,WiFi,-65,48.0,-17.0,0.0059493082632899,40.32256659243089,21.790520512294467,Unintentional
User_33,2025-01-10 13:00:51,0.486,0.1596,Walking,Ligeris,Driving_Under_Influence,2way,0.0,70,WiFi,-80,15.0,19.0,0.0070393388999238,40.27941880527101,21.791258825989416,Unintentional
User_12,2025-01-10 13:37:24,0.251,0.0397,Running,Ligeris,Speeding,2way,0.0,50,5G,Ethernet,20.0,24.0,0.0014381605668444,40.30595296493149,21.808911009755334,Unintentional
User_36,2025-01-10 17:59:05,0.394,0.3539,Walking,Ligeris,Reckless_Driving,2way,1.0,40,3G,-80,38.0,18.0,0.0087753307105814,40.30638085029776,21.80744399845605,Unintentional
User_10,2025-01-10 18:35:41,0.719,0.5725,Walking,Koila,8,2way,0.0,20,3G,Ethernet,81.0,15.0,0.042,40.30622692377462,21.791975482505475,Unintentional
User_27,2025-01-10 19:34:01,0.319,0.5725,Driving,Koila,Speeding,4way,2.0,70,3G,-85,35.0,6.0,0.033,40.322310137334334,21.792847336841056,Unintentional
User_74,2025-01-10 20:45:00,0.508,0.0275,Driving,Zep,Speeding,2way,0.0,30,3G,Ethernet,89.0,3.0,0.031,40.279539248678944,21.753218446785855,Unintentional
User_07,2025-01-10 20:57:42,0.319,0.274,Walking,Ligeris,Speeding,2way,0.0,70,5G,-74,21.0,-5.0,0.024,40.30606003692778,21.808011298360004,Unintentional
User_79,2025-01-10 22:39:16,0.426,0.5725,Walking,Koila,Reckless_Driving,2way,1.0,20,4G,-92,92.0,17.0,0.0085603302820029,40.323173853793115,21.792742564670863,Unintentional
User_51,2025-01-10 22:42:12,0.708,0.3659,Walking,Koila,Speeding,2way,0.0,60,5G,-109,77.0,0.0,0.047,40.32041982517954,21.791258825989416,Unintentional
User_28,2025-01-10 22:51:19,0.561,0.1215,Driving,Koila,Speeding,2way,160.0,80,3G,Ethernet,56.0,6.0,0.025,40.32101011797903,21.790487037974643,Unintentional
User_94,2025-01-10 23:32:25,0.648,0.0828,Running,Koila,7,2way,0.0,10,3G,-120,49.0,0.0,0.047,40.32189357997301,21.791284397449612,Unintentional
User_82,2025-01-11 01:17:19,0.499,0.3784,Running,Koila,Speeding,2way,1.0,20,WiFi,-86,70.0,0.0,0.028,40.32294279737983,21.790784984426377,Unintentional
User_96,2025-01-11 02:04:01,0.722,0.0356,Running,Ligeris,9,2way,0.0,20,3G,-115,48.0,-19.0,0.0057271729697465,40.28066876007275,21.752918274241367,Unintentional
User_03,2025-01-11 11:10:10,0.381,0.2125,Running,Ligeris,Reckless_Driving,2way,0.0,20,WiFi,Ethernet,48.0,-22.0,0.0011622138572287,40.27964076405903,21.75273290640171,Unintentional
User_21,2025-01-11 11:38:29,0.64,0.3835,Walking,Koila,Driving_Under_Influence,4way,0.0,10,3G,Ethernet,64.0,11.0,0.028,40.321620887816664,21.79167654666616,Unintentional
User_23,2025-01-11 12:58:43,0.669,0.3856,Walking,Koila,Speeding,4way,150.0,50,5G,Ethernet,71.0,18.0,0.0061201991710707,40.32097239849129,21.79277287409696,Unintentional
User_36,2025-01-11 14:27:18,0.394,0.3559,Walking,Zep,Reckless_Driving,2way,0.0,70,5G,-75,43.0,19.0,0.0057271729697465,40.27938067623349,21.753312851780453,Unintentional
User_51,2025-01-11 16:45:45,0.508,0.3679,Running,Zep,Reckless_Driving,4way,0.0,70,3G,-93,76.0,-20.0,0.0099626856431379,40.27953857308541,21.753370278275813,Unintentional
User_67,2025-01-11 17:26:00,0.557,0.2036,Running,Koila,Speeding,2way,1.0,40,3G,-83,50.0,-20.0,0.0090351899039044,40.321719656226385,21.79233381105838,Unintentional
User_02,2025-01-11 21:33:10,0.508,0.2068,Walking,Zep,Reckless_Driving,2way,0.0,70,5G,-98,25.0,0.0,0.026,40.28072533906077,21.791258825989416,Unintentional
User_58,2025-01-11 22:28:48,0.669,0.5725,Walking,Koila,Driving_Under_Influence,2way,0.0,10,4G,-100,48.0,0.0,0.021,40.32255206405554,21.792038576917143,Unintentional
User_48,2025-01-12 00:59:07,0.611,0.2423,Walking,Zep,Driving_Under_Influence,2way,0.0,40,5G,-85,48.0,24.0,0.0057271729697465,40.27865335952982,21.75292366806065,Unintentional
User_13,2025-01-12 04:27:36,0.657,0.1549,Driving,Ligeris,Driving_Under_Influence,2way,1.0,80,5G,Ethernet,99.0,0.0,0.042,40.30622692377462,21.80776201335654,Unintentional
User_53,2025-01-12 04:56:54,0.364,0.5725,Walking,Koila,Reckless_Driving,2way,0.0,10,5G,-104,71.0,-22.0,0.0057271729697465,40.30622692377462,21.791258825989416,Unintentional
User_18,2025-01-12 08:03:16,0.508,0.1654,Driving,Ligeris,Reckless_Driving,2way,1.0,Illegal_Parking,4G,Ethernet,83.0,-18.0,0.0078660413431389,40.30639373648172,21.80730368237538,Unintentional
User_67,2025-01-12 08:58:37,0.557,0.2056,Driving,Zep,Speeding,2way,0.0,20,WiFi,-73,87.0,25.0,0.0013885061453729,40.28128137680696,21.753750552547164,Unintentional
User_27,2025-01-12 09:55:48,0.319,0.3346,Walking,Ligeris,Reckless_Driving,1way,1.0,60,4G,-111,21.0,0.0,0.03,40.32285149459317,21.78963255327717,Unintentional
User_37,2025-01-12 12:12:15,0.528,0.3599,Walking,Koila,Driving_Under_Influence,2way,3.0,40,3G,-100,72.0,-9.0,0.029,40.32250085199363,21.79126740017351,Unintentional
User_25,2025-01-12 14:04:34,0.627,0.0803,Running,Zep,Reckless_Driving,4way,1.0,30,3G,Ethernet,27.0,0.0,0.026,40.27910272764303,21.754764470265073,Unintentional
User_32,2025-01-12 14:12:02,0.508,0.3238,Running,Ligeris,Speeding,2way,0.0,10,3G,-99,87.0,5.0,0.046,40.30609326568961,21.807423259939352,Unintentional
User_97,2025-01-12 14:52:29,0.296,0.3799,Running,Zep,Speeding,1way,0.0,40,5G,-93,50.0,0.0,0.027,40.27967794489563,21.752634848319115,Unintentional
User_96,2025-01-12 17:23:40,0.722,0.0376,Running,Zep,Reckless_Driving,1way,1.0,40,WiFi,-50,91.0,-23.0,0.0057271729697465,40.27892616134429,21.752728036634803,Unintentional
User_80,2025-01-12 18:51:15,0.313,0.2355,Walking,Koila,Driving_Under_Influence,4way,0.0,40,5G,-119,22.0,-5.0,0.03,40.32179920011257,21.79211256985939,Unintentional
User_89,2025-01-12 22:09:33,0.485,0.5725,Driving,Koila,Speeding,2way,3.0,40,5G,-107,49.0,-18.0,0.005851642131862,40.32215565162882,21.789416389949707,Unintentional
User_65,2025-01-12 23:22:08,0.578,0.1163,Walking,Zep,8,4way,0.0,60,4G,-112,3.0,-18.0,0.0096514545269878,40.30622692377462,21.753731204614756,Unintentional
User_87,2025-01-13 01:22:59,0.374,0.1706,Walking,Zep,Speeding,2way,1.0,40,3G,-117,79.0,0.0,0.033,40.279481106936025,21.754341380454942,Unintentional
User_72,2025-01-13 03:33:21,0.508,0.1252,Driving,Ligeris,Reckless_Driving,1way,0.0,90,4G,-90,0.0,-19.0,0.0074247085239159,40.27952601526679,21.753229228916123,Unintentional
User_80,2025-01-13 04:32:42,0.313,0.5725,Driving,Zep,Speeding,2way,1.0,40,4G,Ethernet,13.0,-17.0,0.0036096250580146,40.2800807942461,21.75133292871525,Unintentional
User_48,2025-01-13 05:14:36,0.611,0.2443,Walking,Zep,Reckless_Driving,1way,1.0,Lane_Discards,WiFi,-67,74.0,-16.0,0.048,40.30622692377462,21.75262641087527,Unintentional
User_99,2025-01-13 10:15:18,0.618,0.2323,Walking,Koila,Reckless_Driving,2way,0.0,50,4G,-91,79.0,22.0,0.0013939473282909,40.32134593154601,21.79080231562549,Unintentional
User_34,2025-01-13 11:52:34,0.508,0.2076,Walking,Koila,Driving_Under_Influence,1way,1.0,40,4G,-90,53.0,7.0,0.03,40.321727521052786,21.79123817092485,Unintentional
User_45,2025-01-13 12:10:43,0.446,0.0835,Walking,Ligeris,Driving_Under_Influence,1way,0.0,50,WiFi,Ethernet,34.0,-8.0,0.035,40.305929230428525,21.808446316480016,Unintentional
User_98,2025-01-13 12:12:08,0.553,0.2689,Driving,Ligeris,Reckless_Driving,1way,1.0,50,5G,-115,96.0,21.0,0.0062399300044085,40.30609071341507,21.80860446106091,Unintentional
User_36,2025-01-13 13:54:24,0.394,0.5725,Walking,Ligeris,Speeding,1way,0.0,40,3G,-107,39.0,-23.0,0.0087570201040492,40.306751376116765,21.80610914915827,Unintentional
User_43,2025-01-13 18:22:33,0.255,0.2993,Walking,Koila,Reckless_Driving,2way,1.0,80,WiFi,-62,66.0,19.0,0.0092271344045608,40.3220779516887,21.790808850844147,Unintentional
User_16,2025-01-13 18:38:51,0.438,0.1509,Walking,Ligeris,Reckless_Driving,4way,1.0,70,5G,-73,0.0,4.0,0.04,40.30679033856737,21.80810656223152,Unintentional
User_78,2025-01-13 21:03:06,0.64,0.1256,Walking,Ligeris,Speeding,4way,4.0,40,WiFi,-87,48.0,-8.0,0.033,40.3064752643818,21.806522561227684,Unintentional
User_59,2025-01-13 23:29:04,0.696,0.3938,Walking,Ligeris,Speeding,2way,0.0,50,WiFi,-87,48.0,-10.0,0.045,40.30574362801018,21.80778522417762,Unintentional
User_64,2025-01-14 11:41:40,0.508,0.0396,Running,Zep,Reckless_Driving,2way,1.0,60,4G,-86,46.0,0.0,0.05,40.27957797650622,21.751293987584827,Unintentional
User_50,2025-01-14 13:38:32,0.477,0.5725,Running,Ligeris,Speeding,4way,0.0,40,4G,-117,45.0,24.0,0.0073141374996521,40.305760790740955,21.80681839614192,Unintentional
User_31,2025-01-14 14:29:25,0.508,0.5725,Walking,Zep,Reckless_Driving,2way,2.0,30,3G,-106,64.0,14.0,0.021,40.279303755466664,21.751769209020345,Unintentional
User_12,2025-01-14 15:49:58,0.251,0.0487,Running,Zep,Reckless_Driving,2way,1.0,40,WiFi,Ethernet,71.0,11.0,0.039,40.27832275895173,21.75369168730919,Unintentional
User_64,2025-01-14 15:53:33,0.508,0.0406,Running,Zep,Speeding,2way,0.0,40,3G,-85,23.0,-24.0,0.0057271729697465,40.27896164039083,21.754578609976083,Unintentional
User_38,2025-01-14 16:13:52,0.508,0.1942,Walking,Koila,Speeding,2way,0.0,60,3G,-109,33.0,-20.0,0.0031716995470822,40.322698507376984,21.792912495247748,Unintentional
User_78,2025-01-14 17:02:52,0.64,0.1276,Walking,Ligeris,Reckless_Driving,1way,1.0,40,4G,-103,61.0,15.0,0.046,40.30681922531557,21.807292659510203,Unintentional
User_95,2025-01-14 22:45:12,0.508,0.5725,Walking,Ligeris,Speeding,2way,1.0,30,3G,Ethernet,83.0,5.0,0.039,40.30615787618225,21.791258825989416,Unintentional
User_85,2025-01-14 23:14:30,0.572,0.4242,Walking,Zep,Reckless_Driving,2way,0.0,60,WiFi,-88,48.0,-16.0,0.044,40.27912128083138,21.753364912294103,Unintentional
User_77,2025-01-15 05:07:48,0.508,0.1686,Walking,Zep,Driving_Under_Influence,2way,1.0,40,WiFi,-79,48.0,-20.0,0.0095864892787082,40.279352677371946,21.7529612569543,Unintentional
User_18,2025-01-15 06:12:29,0.271,0.1714,Walking,Zep,9,2way,1.0,70,WiFi,-58,33.0,18.0,0.0057271729697465,40.27980095154064,21.75256958998337,Unintentional
User_97,2025-01-15 06:17:30,0.508,0.3849,Walking,Koila,Speeding,2way,1.0,Lane_Discards,4G,Ethernet,95.0,-3.0,0.022,40.32092612928523,21.79201867126466,Unintentional
User_89,2025-01-15 06:52:34,0.485,0.3353,Driving,Zep,Driving_Under_Influence,2way,3.0,40,4G,-108,17.0,2.0,0.049,40.27969848185421,21.753048207649947,Unintentional
User_13,2025-01-15 09:21:22,0.657,0.1619,Running,Ligeris,Speeding,1way,0.0,60,5G,Ethernet,50.0,-21.0,0.0027597954364239,40.30511481994575,21.806223296292742,Unintentional
User_63,2025-01-15 11:45:02,0.408,0.2494,Walking,Ligeris,Driving_Under_Influence,2way,1.0,70,WiFi,-51,81.0,0.0,0.021,40.30622692377462,21.791258825989416,Unintentional
User_17,2025-01-15 13:10:32,0.383,0.0542,Driving,Zep,Driving_Under_Influence,1way,0.0,30,5G,-109,81.0,2.0,0.046,40.27898735759468,21.75261038471172,Unintentional
User_22,2025-01-15 13:21:38,0.712,0.0683,Walking,Zep,Speeding,4way,1.0,70,3G,-92,44.0,-25.0,0.0012884073271815,40.30622692377462,21.754527902354347,Unintentional
User_09,2025-01-15 14:59:06,0.377,0.4078,Walking,Koila,Reckless_Driving,2way,1.0,Harassing_Driver,5G,-107,44.0,22.0,0.0075946246757877,40.3213723548259,21.791258825989416,Unintentional
User_80,2025-01-15 16:50:25,0.313,0.5725,Driving,Zep,Reckless_Driving,1way,0.0,90,WiFi,-65,48.0,9.0,0.032,40.28032867544676,21.752746918368487,Unintentional
User_59,2025-01-15 17:08:55,0.696,0.3978,Driving,Koila,Speeding,2way,0.0,40,4G,-92,38.0,-3.0,0.04,40.32291693241982,21.792256834534605,Unintentional
User_11,2025-01-15 18:46:07,0.539,0.2026,Walking,Ligeris,Reckless_Driving,4way,1.0,10,WiFi,-69,87.0,1.0,0.027,40.30719909111108,21.80820822857118,Unintentional
User_26,2025-01-15 20:57:09,0.508,0.1862,Driving,Zep,Speeding,4way,0.0,40,4G,-103,14.0,-21.0,0.0052133818516493,40.27966775632571,21.753443372043556,Unintentional
User_44,2025-01-15 21:15:29,0.332,0.1317,Running,Koila,Speeding,1way,0.0,60,3G,-88,45.0,-24.0,0.0091047051829303,40.32196461649354,21.793521021299064,Unintentional
User_24,2025-01-15 21:16:43,0.7,0.254,Driving,Zep,Driving_Under_Influence,1way,1.0,40,WiFi,-59,48.0,-20.0,0.0031101790415141,40.30622692377462,21.752766287965645,Unintentional
User_93,2025-01-15 21:54:20,0.418,0.5725,Driving,Zep,Driving_Under_Influence,4way,0.0,20,5G,-85,88.0,-24.0,0.0040527535106802,40.28002238599144,21.75300313218727,Unintentional
User_27,2025-01-16 05:16:30,0.319,0.3426,Walking,Koila,Reckless_Driving,1way,1.0,40,WiFi,-58,15.0,8.0,0.025,40.3220430343052,21.79184751740853,Unintentional
User_23,2025-01-16 06:34:49,0.669,0.3946,Walking,Ligeris,Speeding,2way,0.0,30,4G,-109,78.0,23.0,0.0079514222708483,40.27963079625425,21.753819963668917,Unintentional
User_62,2025-01-16 08:41:15,0.346,0.2823,Walking,Ligeris,Speeding,2way,0.0,10,5G,-95,69.0,-17.0,0.0096301473507395,40.32185215773395,21.790382352457573,Unintentional
User_34,2025-01-16 09:25:53,0.401,0.2126,Driving,Ligeris,Driving_Under_Influence,2way,140.0,30,WiFi,-73,12.0,-22.0,0.0078653295560815,40.306184510065606,21.807059713791656,Unintentional
User_74,2025-01-16 09:33:59,0.6,0.0395,Driving,Koila,Driving_Under_Influence,1way,4.0,Harassing_Driver,WiFi,-87,30.0,-17.0,0.0033319317275012,40.32328408638718,21.79148041930208,Unintentional
User_86,2025-01-16 13:03:21,0.63,0.2993,Driving,Ligeris,Speeding,2way,160.0,40,4G,-101,75.0,-11.0,0.035,40.28063522317819,21.751602918922135,Unintentional
User_85,2025-01-16 14:03:38,0.572,0.5725,Walking,Koila,Speeding,2way,0.0,60,3G,-114,48.0,-22.0,0.0045226959230089,40.32125250098796,21.793143986991108,Unintentional
User_12,2025-01-16 14:22:48,0.251,0.0517,Driving,Zep,Speeding,2way,1.0,30,WiFi,-53,15.0,-7.0,0.038,40.27784981752749,21.753366850595174,Unintentional
User_54,2025-01-16 14:39:11,0.508,0.1781,Driving,Koila,Driving_Under_Influence,1way,2.0,70,WiFi,-64,30.0,-12.0,0.046,40.32180946059466,21.790205867975647,Unintentional
User_10,2025-01-16 15:39:46,0.719,0.3503,Running,Koila,Driving_Under_Influence,1way,0.0,20,4G,Ethernet,60.0,-1.0,0.022,40.321073119256944,21.79152177782345,Unintentional
User_11,2025-01-16 16:20:39,0.539,0.5725,Driving,Ligeris,Driving_Under_Influence,2way,2.0,10,5G,-79,90.0,13.0,0.044,40.30652518261707,21.8073085637244,Unintentional
User_88,2025-01-16 21:53:56,0.676,0.064,Walking,Zep,Speeding,2way,1.0,80,3G,-77,58.0,-18.0,0.0011385379573546,40.27953504557925,21.753230135967417,Unintentional
User_89,2025-01-16 22:48:52,0.485,0.5725,Walking,Ligeris,Driving_Under_Influence,2way,2.0,70,4G,-86,60.0,25.0,0.0062214474072367,40.30622692377462,21.80722949611553,Unintentional
User_66,2025-01-17 03:47:40,0.325,0.4197,Walking,Ligeris,Speeding,2way,0.0,50,3G,-113,99.0,-11.0,0.05,40.30622692377462,21.80737285285289,Unintentional
User_42,2025-01-17 04:17:47,0.577,0.2972,Walking,Zep,Speeding,2way,1.0,90,3G,-61,92.0,5.0,0.022,40.27941147643081,21.75331432030383,Unintentional
User_16,2025-01-17 05:03:16,0.438,0.1579,Running,Koila,Reckless_Driving,2way,0.0,40,3G,-106,29.0,25.0,0.0057271729697465,40.32159042312853,21.791970557227188,Unintentional
User_67,2025-01-17 06:11:39,0.557,0.2146,Walking,Ligeris,Driving_Under_Influence,4way,150.0,60,4G,-119,0.0,0.0,0.036,40.30622692377462,21.80599268045073,Unintentional
User_50,2025-01-17 07:32:20,0.508,0.3597,Driving,Zep,Driving_Under_Influence,1way,2.0,30,4G,-75,35.0,0.0,0.022,40.27951928364672,21.753197020395287,Unintentional
User_63,2025-01-17 07:38:37,0.408,0.2524,Running,Koila,Driving_Under_Influence,2way,0.0,60,4G,-100,23.0,-12.0,0.037,40.30622692377462,21.79123215854259,Unintentional
User_12,2025-01-17 09:06:12,0.251,0.0537,Running,Ligeris,Speeding,2way,1.0,40,WiFi,Ethernet,0.0,-3.0,0.025,40.30505545144322,21.806141602270596,Unintentional
User_52,2025-01-17 09:27:51,0.399,0.3699,Driving,Zep,Driving_Under_Influence,1way,0.0,30,3G,-91,67.0,-21.0,0.0050539307156858,40.30622692377462,21.75518673847432,Unintentional
User_52,2025-01-17 09:36:17,0.399,0.3709,Running,Zep,Reckless_Driving,1way,1.0,40,WiFi,-86,94.0,21.0,0.0041509986864076,40.279858989181726,21.791258825989416,Unintentional
User_03,2025-01-17 11:16:55,0.381,0.2255,Running,Ligeris,Reckless_Driving,2way,140.0,10,WiFi,-54,72.0,21.0,0.0044894379334339,40.30622692377462,21.791258825989416,Unintentional
User_11,2025-01-17 14:35:12,0.508,0.2076,Walking,Zep,Driving_Under_Influence,1way,0.0,40,WiFi,-74,24.0,22.0,0.0010785990124304,40.30622692377462,21.75476665033193,Unintentional
User_71,2025-01-17 20:52:37,0.431,0.318,Walking,Zep,Driving_Under_Influence,4way,1.0,20,5G,-74,55.0,22.0,0.0082282099066318,40.2800098387175,21.75407718736049,Unintentional
User_10,2025-01-17 23:06:49,0.719,0.3533,Driving,Koila,Driving_Under_Influence,2way,0.0,70,WiFi,-67,44.0,22.0,0.0016145508601048,40.32268005499548,21.792106592477943,Unintentional
User_51,2025-01-18 01:31:32,0.708,0.5725,Walking,Ligeris,Speeding,4way,0.0,70,WiFi,-86,93.0,-20.0,0.0057271729697465,40.30536234133813,21.80888105409136,Unintentional
User_93,2025-01-18 02:02:55,0.418,0.1371,Driving,Zep,Driving_Under_Influence,2way,1.0,30,WiFi,-58,19.0,17.0,0.0057271729697465,40.30622692377462,21.752481223712316,Unintentional
User_49,2025-01-18 03:08:19,0.483,0.142,Walking,Ligeris,Reckless_Driving,2way,1.0,40,3G,-103,40.0,15.0,0.047,40.30729275166824,21.808192053264367,Unintentional
User_91,2025-01-18 03:17:24,0.508,0.1032,Walking,Zep,Reckless_Driving,2way,0.0,70,3G,Ethernet,18.0,18.0,0.0028126483995697,40.30622692377462,21.75207125202641,Unintentional
User_79,2025-01-18 06:04:24,0.426,0.0746,Running,Ligeris,Reckless_Driving,2way,1.0,10,WiFi,-86,83.0,25.0,0.006039597806364,40.32121217590127,21.79277001129979,Unintentional
User_51,2025-01-18 07:31:42,0.708,0.3819,Driving,Koila,Reckless_Driving,1way,1.0,10,5G,-84,31.0,-23.0,0.0022033297332998,40.32210910585531,21.791256424213923,Unintentional
User_34,2025-01-18 09:22:46,0.401,0.2166,Walking,Zep,Driving_Under_Influence,2way,2.0,90,3G,-84,44.0,18.0,0.0014066214008066,40.27847952502427,21.753469503054507,Unintentional
User_41,2025-01-18 11:10:35,0.251,0.2965,Walking,Zep,Reckless_Driving,2way,0.0,50,4G,-78,80.0,2.0,0.024,40.280492001806536,21.75186187555855,Unintentional
User_04,2025-01-18 12:07:51,0.295,0.0969,Walking,Ligeris,Driving_Under_Influence,2way,0.0,70,3G,Ethernet,59.0,14.0,0.025,40.30623166046335,21.80747174063532,Unintentional
User_46,2025-01-18 13:11:20,0.621,0.2219,Running,Koila,Speeding,4way,1.0,40,5G,Ethernet,20.0,-24.0,0.0011808014220774,40.32179210382457,21.791539827296837,Unintentional
User_02,2025-01-18 15:43:12,0.504,0.2198,Driving,Zep,Speeding,2way,1.0,70,WiFi,-51,62.0,-8.0,0.043,40.27830865877621,21.75301490801688,Unintentional
User_27,2025-01-18 16:28:35,0.319,0.3476,Walking,Ligeris,Driving_Under_Influence,2way,0.0,20,3G,-78,56.0,-18.0,0.0068058261566154,40.305709303294755,21.80676817674578,Unintentional
User_57,2025-01-18 17:51:19,0.733,0.1514,Walking,Zep,Speeding,4way,1.0,10,3G,-99,48.0,5.0,0.039,40.279855912418235,21.753223215127573,Unintentional
User_06,2025-01-18 21:37:45,0.614,0.4083,Walking,Koila,Reckless_Driving,2way,0.0,Harassing_Driver,5G,-115,72.0,-22.0,0.0014933246118638,40.32236618603392,21.791335016599614,Unintentional
User_100,2025-01-19 07:09:04,0.592,0.2351,Driving,Ligeris,Speeding,1way,1.0,10,3G,-76,48.0,1.0,0.05,40.307113431783755,21.808298159646185,Unintentional
User_59,2025-01-19 08:16:53,0.508,0.4048,Running,Koila,Speeding,1way,0.0,50,5G,-112,28.0,10.0,0.04,40.321238370872685,21.79296570003478,Unintentional
User_43,2025-01-19 11:10:31,0.255,0.3113,Running,Zep,Reckless_Driving,1way,1.0,60,3G,Ethernet,96.0,-21.0,0.0062744898446946,40.2790092384343,21.791258825989416,Unintentional
User_88,2025-01-19 12:44:16,0.676,0.069,Driving,Ligeris,Speeding,1way,4.0,10,3G,-120,43.0,-22.0,0.0023879495147729,40.30666675097619,21.808413321202877,Unintentional
User_25,2025-01-19 14:34:47,0.627,0.5725,Running,Ligeris,Reckless_Driving,2way,2.0,20,3G,Ethernet,85.0,5.0,0.033,40.30607733048751,21.791258825989416,Unintentional
User_26,2025-01-19 14:47:22,0.642,0.5725,Driving,Zep,Driving_Under_Influence,2way,1.0,80,WiFi,Ethernet,43.0,9.0,0.026,40.27956406664968,21.753243451103824,Unintentional
User_71,2025-01-19 17:53:19,0.431,0.322,Driving,Ligeris,Speeding,2way,1.0,80,4G,-96,63.0,-10.0,0.023,40.30695862766251,21.807105059449924,Unintentional
User_49,2025-01-19 19:38:12,0.483,0.144,Walking,Ligeris,Driving_Under_Influence,1way,0.0,40,5G,-82,90.0,5.0,0.026,40.30649009186995,21.807422564007062,Unintentional
User_41,2025-01-19 20:35:32,0.251,0.5725,Running,Zep,Reckless_Driving,1way,0.0,40,3G,-116,15.0,19.0,0.0097258079197629,40.27871454304588,21.75187000075473,Unintentional
User_38,2025-01-19 23:16:59,0.508,0.5725,Walking,Ligeris,Speeding,1way,1.0,30,3G,-104,7.0,25.0,0.0057271729697465,40.30524301825048,21.808647885144048,Unintentional
User_74,2025-01-20 00:12:36,0.6,0.0465,Driving,Ligeris,Speeding,2way,0.0,60,4G,-98,54.0,18.0,0.0053148167480382,40.30593689336836,21.80726032767861,Unintentional
User_29,2025-01-20 03:11:03,0.309,0.2596,Walking,Zep,Speeding,2way,1.0,80,4G,-119,24.0,1.0,0.039,40.280566326492355,21.7543864366513,Unintentional
User_39,2025-01-20 06:35:15,0.508,0.2998,Walking,Koila,Speeding,2way,1.0,Harassing_Driver,WiFi,-61,48.0,-15.0,0.028,40.32205545030653,21.79129264751598,Unintentional
User_03,2025-01-20 11:00:17,0.381,0.2305,Walking,Ligeris,Speeding,4way,0.0,60,5G,-76,54.0,-22.0,0.0018843883858165,40.30632094355857,21.80741150892905,Unintentional
User_66,2025-01-20 12:09:40,0.325,0.4247,Running,Ligeris,6,2way,1.0,50,4G,-106,48.0,-25.0,0.0057271729697465,40.305744000882754,21.80906793223262,Unintentional
User_61,2025-01-20 12:23:12,0.261,0.1365,Walking,Ligeris,Driving_Under_Influence,2way,1.0,50,5G,-74,81.0,-23.0,0.0026958215485005,40.304928145866135,21.80904519392409,Unintentional
User_41,2025-01-20 12:29:28,0.251,0.2995,Walking,Ligeris,7,1way,1.0,40,4G,-98,97.0,-16.0,0.047,40.305252526858155,21.80669869589883,Unintentional
User_10,2025-01-20 13:09:26,0.719,0.5725,Running,Koila,Driving_Under_Influence,2way,1.0,Lane_Discards,WiFi,-52,56.0,-10.0,0.04,40.30622692377462,21.790913582149656,Unintentional
User_13,2025-01-20 13:48:23,0.657,0.1709,Walking,Koila,6,2way,1.0,20,3G,-90,8.0,0.0,0.046,40.32214597429217,21.793060302436395,Unintentional
User_94,2025-01-20 14:33:39,0.648,0.5725,Driving,Koila,8,2way,1.0,30,3G,-71,98.0,17.0,0.0036250289156443,40.32192946192666,21.791598865999045,Unintentional
User_80,2025-01-20 15:35:20,0.313,0.2515,Driving,Koila,Speeding,2way,1.0,Lane_Discards,5G,-113,93.0,23.0,0.0027627766853958,40.30622692377462,21.791258825989416,Unintentional
User_99,2025-01-20 16:38:04,0.508,0.2453,Driving,Zep,Reckless_Driving,4way,0.0,40,4G,-115,44.0,0.0,0.031,40.28003128427542,21.754305561993508,Unintentional
User_18,2025-01-20 17:21:42,0.508,0.1814,Running,Ligeris,Driving_Under_Influence,2way,0.0,40,3G,-107,48.0,-4.0,0.037,40.30724453177958,21.80870760612175,Unintentional
User_73,2025-01-21 05:52:33,0.676,0.3968,Driving,Ligeris,Driving_Under_Influence,2way,0.0,40,WiFi,-75,59.0,10.0,0.05,40.30609855820228,21.808833683482217,Unintentional
User_30,2025-01-21 06:22:19,0.577,0.3075,Walking,Ligeris,Reckless_Driving,1way,1.0,20,3G,-91,90.0,-24.0,0.0029324076869979,40.306283306925195,21.807476397931936,Unintentional
User_72,2025-01-21 06:53:32,0.697,0.1412,Walking,Zep,Reckless_Driving,1way,1.0,40,WiFi,-85,40.0,-11.0,0.048,40.28065880866093,21.753259609486967,Unintentional
User_36,2025-01-21 09:45:23,0.508,0.3769,Walking,Koila,Driving_Under_Influence,1way,0.0,Illegal_Parking,4G,-86,93.0,9.0,0.044,40.32169164814825,21.791396551179016,Unintentional
User_95,2025-01-21 10:27:18,0.739,0.1293,Walking,Ligeris,Driving_Under_Influence,2way,1.0,Lane_Discards,3G,-70,48.0,-18.0,0.0088880508228017,40.322793617355224,21.789543589262124,Unintentional
User_56,2025-01-21 12:49:03,0.419,0.2166,Running,Zep,Driving_Under_Influence,2way,0.0,10,5G,-79,48.0,-24.0,0.0077926965652937,40.28088822256039,21.791258825989416,Unintentional
User_90,2025-01-21 18:45:26,0.522,0.1064,Running,Ligeris,Driving_Under_Influence,2way,1.0,70,5G,-80,84.0,24.0,0.0057271729697465,40.32280366087721,21.790061583110266,Unintentional
User_62,2025-01-21 20:44:33,0.346,0.2933,Walking,Koila,Reckless_Driving,2way,0.0,40,3G,-92,3.0,-21.0,0.0037264496240639,40.32236957904255,21.791214984863466,Unintentional
User_34,2025-01-21 23:26:23,0.401,0.2236,Walking,Ligeris,Speeding,2way,1.0,10,WiFi,-80,97.0,0.0,0.048,40.30596468303411,21.80901197263266,Unintentional
User_33,2025-01-21 23:45:37,0.508,0.1816,Walking,Zep,Speeding,2way,0.0,40,4G,-92,15.0,-24.0,0.0057271729697465,40.2781375634321,21.752797960358784,Unintentional
User_70,2025-01-22 00:33:42,0.359,0.5725,Walking,Zep,9,1way,1.0,40,5G,-73,40.0,0.0,0.046,40.30622692377462,21.75361695285997,Unintentional
User_31,2025-01-22 08:37:02,0.72,0.2929,Walking,Koila,Speeding,4way,1.0,30,3G,Ethernet,0.0,15.0,0.047,40.30622692377462,21.791166281747007,Unintentional
User_43,2025-01-22 10:22:02,0.255,0.3163,Driving,Ligeris,Driving_Under_Influence,2way,0.0,20,4G,-104,48.0,12.0,0.044,40.30622692377462,21.806492660826276,Unintentional
User_90,2025-01-22 14:30:37,0.522,0.1084,Driving,Ligeris,Driving_Under_Influence,4way,2.0,40,5G,-109,51.0,-24.0,0.0011011063966875,40.30780996204501,21.80784158523412,Unintentional
User_25,2025-01-22 14:33:36,0.627,0.1013,Walking,Koila,Driving_Under_Influence,2way,2.0,Lane_Discards,5G,-73,42.0,-13.0,0.045,40.30622692377462,21.789735562434043,Unintentional
User_88,2025-01-22 16:19:41,0.676,0.076,Driving,Ligeris,Driving_Under_Influence,2way,140.0,10,4G,-101,92.0,7.0,0.033,40.30628934449164,21.807499419890483,Unintentional
User_08,2025-01-22 16:39:30,0.325,0.5725,Running,Koila,Speeding,4way,0.0,30,3G,-96,2.0,21.0,0.0057271729697465,40.30622692377462,21.790757711040115,Unintentional
User_13,2025-01-22 19:44:38,0.508,0.1749,Driving,Ligeris,Speeding,2way,0.0,70,3G,-89,54.0,-6.0,0.038,40.30647923113369,21.807047005010418,Unintentional
User_62,2025-01-22 20:09:56,0.508,0.2943,Driving,Ligeris,Speeding,2way,160.0,40,3G,-119,22.0,-18.0,0.0011495229336735,40.28071070032038,21.753533428856375,Unintentional
User_70,2025-01-22 20:31:43,0.359,0.3782,Walking,Zep,Speeding,1way,0.0,90,3G,-102,76.0,-7.0,0.042,40.28089321827686,21.75286264033043,Unintentional
User_57,2025-01-22 21:20:30,0.733,0.1604,Walking,Koila,Reckless_Driving,2way,0.0,60,3G,-103,10.0,0.0,0.022,40.32300427950428,21.78931964964189,Unintentional
User_79,2025-01-22 22:00:37,0.426,0.0836,Driving,Zep,Speeding,1way,1.0,40,3G,-85,14.0,-20.0,0.001230743611909,40.30622692377462,21.751657190682486,Unintentional
User_16,2025-01-23 01:24:10,0.438,0.1699,Driving,Zep,Driving_Under_Influence,2way,0.0,40,3G,-67,6.0,24.0,0.0030290510482357,40.279671605803934,21.75309940124494,Unintentional
User_11,2025-01-23 01:27:38,0.539,0.2186,Walking,Ligeris,8,2way,4.0,40,4G,Ethernet,44.0,-7.0,0.041,40.30621729415461,21.807499972221677,Unintentional
User_74,2025-01-23 01:52:39,0.6,0.5725,Driving,Ligeris,Speeding,4way,0.0,60,5G,-100,15.0,15.0,0.025,40.30622692377462,21.807892008126156,Unintentional
User_07,2025-01-23 04:49:04,0.319,0.299,Walking,Ligeris,Speeding,2way,1.0,10,WiFi,-67,60.0,17.0,0.0057271729697465,40.30622692377462,21.80857518434965,Unintentional
User_09,2025-01-23 05:06:37,0.377,0.5725,Driving,Koila,Speeding,2way,2.0,Illegal_Parking,5G,Ethernet,66.0,-25.0,0.0024310178145002,40.321825526004176,21.790999269016016,Unintentional
User_65,2025-01-23 05:19:55,0.578,0.1373,Running,Zep,Speeding,2way,3.0,10,5G,-83,48.0,16.0,0.033,40.280355412568376,21.75304486458702,Unintentional
User_100,2025-01-23 05:45:05,0.592,0.2441,Walking,Zep,Driving_Under_Influence,2way,0.0,30,3G,-76,48.0,19.0,0.0046069568744296,40.279996421145896,21.752419681618168,Unintentional
User_08,2025-01-23 08:36:25,0.325,0.4216,Driving,Zep,Driving_Under_Influence,4way,0.0,40,5G,-75,92.0,3.0,0.026,40.27977937807635,21.754311579275782,Unintentional
User_92,2025-01-23 10:49:08,0.611,0.4281,Driving,Zep,Driving_Under_Influence,2way,1.0,Harassing_Driver,WiFi,-90,92.0,25.0,0.0040603384285108,40.2798341347759,21.753469933434335,Unintentional
User_42,2025-01-23 12:13:18,0.508,0.3092,Walking,Zep,Driving_Under_Influence,2way,1.0,70,4G,-83,48.0,-8.0,0.037,40.27854337802523,21.754831721699876,Unintentional
User_43,2025-01-23 12:59:38,0.255,0.3193,Walking,Koila,Driving_Under_Influence,2way,1.0,50,WiFi,-73,38.0,24.0,0.0036660201110317,40.32223715551381,21.79119448009576,Unintentional
User_66,2025-01-23 14:31:36,0.325,0.4317,Walking,Ligeris,Speeding,1way,0.0,70,4G,-71,10.0,-22.0,0.0075377340714251,40.32049819736462,21.791258825989416,Unintentional
User_63,2025-01-23 14:52:31,0.408,0.2654,Walking,Koila,Reckless_Driving,1way,0.0,80,WiFi,-65,48.0,16.0,0.035,40.32118284428077,21.792613267690815,Unintentional
User_05,2025-01-23 15:08:27,0.311,0.1988,Driving,Koila,Driving_Under_Influence,2way,1.0,Illegal_Parking,4G,-95,4.0,17.0,0.0010850837978571,40.32212308717884,21.791233021029548,Unintentional
User_75,2025-01-23 15:43:49,0.544,0.5725,Walking,Ligeris,Driving_Under_Influence,4way,0.0,60,4G,-102,48.0,5.0,0.047,40.30527566122058,21.809118917285343,Unintentional
User_01,2025-01-23 16:57:41,0.508,0.3625,Walking,Ligeris,7,2way,1.0,80,WiFi,-80,89.0,19.0,0.0056472287304963,40.305884338322294,21.808956707691987,Unintentional
User_54,2025-01-23 17:12:01,0.508,0.5725,Running,Ligeris,Speeding,4way,1.0,70,3G,Ethernet,48.0,18.0,0.0040957177744736,40.306145511176915,21.807386865364425,Unintentional
User_28,2025-01-23 17:35:30,0.561,0.1465,Driving,Koila,Reckless_Driving,2way,2.0,10,WiFi,-72,48.0,-23.0,0.0089487045564325,40.32212459677499,21.79130983855718,Unintentional
User_61,2025-01-23 20:08:40,0.261,0.1425,Walking,Ligeris,Driving_Under_Influence,4way,2.0,40,WiFi,-68,90.0,0.0,0.026,40.30677591160277,21.80683798952334,Unintentional
User_50,2025-01-23 21:06:46,0.508,0.3727,Running,Ligeris,Speeding,4way,2.0,Lane_Discards,3G,-119,76.0,24.0,0.0088346863777725,40.30676194380658,21.80868733721247,Unintentional
User_24,2025-01-23 23:10:46,0.7,0.27,Driving,Ligeris,Reckless_Driving,2way,4.0,40,5G,-99,29.0,-19.0,0.0059902035042296,40.30554578515109,21.807838847132036,Unintentional
User_68,2025-01-24 01:55:59,0.508,0.3615,Walking,Ligeris,Driving_Under_Influence,2way,0.0,40,3G,-70,76.0,22.0,0.0057271729697465,40.30626611150849,21.80772083227723,Unintentional
User_81,2025-01-24 02:23:01,0.482,0.2944,Walking,Zep,Speeding,2way,0.0,30,4G,-79,61.0,22.0,0.0057271729697465,40.28005881892053,21.754294337168087,Unintentional
User_82,2025-01-24 07:06:20,0.499,0.4054,Running,Zep,Reckless_Driving,1way,1.0,40,4G,-76,48.0,12.0,0.04,40.2812435616634,21.75291302349233,Unintentional
User_15,2025-01-24 07:30:21,0.585,0.0784,Walking,Ligeris,Driving_Under_Influence,4way,0.0,80,4G,-115,91.0,0.0,0.023,40.3067286529051,21.809005388259752,Unintentional
User_75,2025-01-24 09:04:49,0.544,0.3884,Running,Zep,Speeding,2way,1.0,40,WiFi,Ethernet,99.0,-22.0,0.0081268403057966,40.27847643608312,21.791258825989416,Unintentional
User_10,2025-01-24 11:43:20,0.508,0.3663,Running,Zep,Reckless_Driving,2way,1.0,70,5G,-85,40.0,0.0,0.022,40.280416141208434,21.791258825989416,Unintentional
User_09,2025-01-24 12:54:07,0.377,0.4258,Walking,Ligeris,Reckless_Driving,2way,1.0,40,3G,-92,5.0,-3.0,0.042,40.32203136652839,21.791274445233537,Unintentional
User_07,2025-01-24 17:10:28,0.508,0.302,Driving,Zep,Driving_Under_Influence,1way,1.0,40,5G,-72,3.0,8.0,0.047,40.278935376922036,21.75297168084814,Unintentional
User_63,2025-01-24 19:51:58,0.408,0.2674,Driving,Ligeris,Speeding,4way,160.0,40,3G,-102,13.0,-2.0,0.048,40.305833097658926,21.80615716161792,Unintentional
User_84,2025-01-24 20:02:09,0.689,0.2246,Walking,Koila,Speeding,2way,0.0,50,4G,Ethernet,89.0,0.0,0.029,40.32332430309688,21.79096386255769,Unintentional
User_98,2025-01-24 20:02:56,0.553,0.2919,Running,Koila,Speeding,1way,0.0,40,WiFi,-84,45.0,5.0,0.04,40.32210691428774,21.789192386494037,Unintentional
User_86,2025-01-25 01:43:54,0.63,0.3163,Driving,Zep,Reckless_Driving,2way,0.0,50,4G,-114,48.0,-17.0,0.009648547321256,40.30622692377462,21.75363569222187,Unintentional
User_35,2025-01-25 06:47:30,0.379,0.2546,Walking,Koila,9,4way,0.0,40,4G,Ethernet,52.0,-5.0,0.049,40.32239259758141,21.78994999996211,Unintentional
User_06,2025-01-25 06:55:22,0.614,0.4223,Running,Ligeris,Driving_Under_Influence,2way,0.0,30,3G,-67,31.0,-21.0,0.0087711108831554,40.30552707281097,21.80615357850073,Unintentional
User_74,2025-01-25 08:27:52,0.6,0.0575,Driving,Ligeris,Driving_Under_Influence,2way,1.0,60,3G,-116,42.0,23.0,0.0042000488111533,40.307471293541475,21.807585923281223,Unintentional
User_22,2025-01-25 10:59:48,0.712,0.0883,Running,Ligeris,Driving_Under_Influence,4way,0.0,40,3G,-87,43.0,-16.0,0.036,40.30622692377462,21.791258825989416,Unintentional
User_95,2025-01-25 11:10:53,0.739,0.5725,Running,Zep,Speeding,4way,0.0,40,4G,-114,27.0,25.0,0.002730190087691,40.27952933624754,21.75549578353817,Unintentional
User_63,2025-01-25 13:25:07,0.408,0.2694,Walking,Koila,Driving_Under_Influence,2way,2.0,50,3G,Ethernet,50.0,6.0,0.029,40.322920502232286,21.792775402839432,Unintentional
User_46,2025-01-25 13:34:44,0.621,0.2359,Running,Ligeris,Driving_Under_Influence,4way,1.0,40,3G,-107,13.0,-14.0,0.026,40.30622692377462,21.80562664484082,Unintentional
User_77,2025-01-25 14:41:33,0.347,0.1896,Driving,Zep,Reckless_Driving,2way,0.0,20,WiFi,-72,14.0,2.0,0.024,40.27905641811251,21.751523046331307,Unintentional
User_69,2025-01-25 15:32:47,0.289,0.1996,Running,Koila,Speeding,2way,0.0,70,3G,Ethernet,2.0,-10.0,0.046,40.32341896075471,21.79045152109494,Unintentional
User_82,2025-01-25 17:03:17,0.499,0.4074,Driving,Ligeris,Speeding,2way,0.0,Lane_Discards,WiFi,-58,35.0,20.0,0.0061527821291957,40.30609209994266,21.80591994623114,Unintentional
User_73,2025-01-25 21:21:45,0.676,0.4058,Driving,Ligeris,Speeding,2way,2.0,70,WiFi,-80,97.0,-16.0,0.037,40.306396389136346,21.807592678535503,Unintentional
User_26,2025-01-25 22:08:33,0.642,0.5725,Driving,Ligeris,Driving_Under_Influence,4way,2.0,40,3G,Ethernet,11.0,-5.0,0.047,40.28074507929044,21.752743198862618,Unintentional
User_40,2025-01-25 22:58:37,0.498,0.3047,Driving,Ligeris,Driving_Under_Influence,1way,2.0,10,WiFi,-57,48.0,17.0,0.0011157642476464,40.30626983989742,21.80682571456333,Unintentional
User_64,2025-01-25 23:05:44,0.257,0.0626,Walking,Zep,Driving_Under_Influence,2way,0.0,40,4G,-111,31.0,23.0,0.0040147850838861,40.27945151392711,21.75293423996789,Unintentional
User_03,2025-01-26 00:48:33,0.381,0.2425,Running,Zep,Reckless_Driving,2way,0.0,70,4G,-114,28.0,-22.0,0.0028266207601555,40.280765214753984,21.751715657315636,Unintentional
User_80,2025-01-26 03:40:51,0.313,0.2635,Walking,Koila,Driving_Under_Influence,2way,1.0,10,3G,-106,92.0,-20.0,0.0074827208622084,40.322165464337,21.78991273888587,Unintentional
User_77,2025-01-26 03:58:11,0.347,0.1906,Walking,Koila,Speeding,4way,1.0,30,WiFi,-61,3.0,-3.0,0.04,40.32243791115368,21.78895844072842,Unintentional
User_06,2025-01-26 07:34:57,0.614,0.4243,Walking,Koila,Speeding,4way,0.0,40,3G,-103,22.0,14.0,0.026,40.321264060038416,21.792368917511048,Unintentional
User_11,2025-01-26 11:02:07,0.539,0.5725,Walking,Ligeris,Driving_Under_Influence,1way,1.0,20,3G,-118,48.0,-13.0,0.046,40.307893294701856,21.80729812902859,Unintentional
User_72,2025-01-26 11:36:45,0.697,0.1522,Driving,Koila,Driving_Under_Influence,4way,0.0,50,WiFi,-62,4.0,17.0,0.0057271729697465,40.30622692377462,21.793509604944617,Unintentional
User_56,2025-01-26 12:04:24,0.419,0.2266,Driving,Ligeris,Speeding,2way,3.0,70,4G,Ethernet,21.0,8.0,0.042,40.30568210700075,21.80649618531941,Unintentional
User_45,2025-01-26 12:12:13,0.508,0.1085,Driving,Ligeris,Driving_Under_Influence,1way,0.0,30,5G,-118,53.0,24.0,0.0087908706032812,40.30618941027911,21.80758237804719,Unintentional
User_36,2025-01-26 13:29:46,0.394,0.5725,Driving,Ligeris,Speeding,2way,1.0,40,3G,-79,66.0,22.0,0.0090681558919687,40.30496654057568,21.80844236047097,Unintentional
User_41,2025-01-26 16:00:07,0.251,0.5725,Walking,Zep,Driving_Under_Influence,2way,4.0,10,5G,-72,61.0,7.0,0.029,40.27992782565171,21.751817456012624,Unintentional
User_04,2025-01-26 17:42:37,0.295,0.5725,Driving,Ligeris,Speeding,2way,1.0,50,3G,-115,44.0,-11.0,0.044,40.32289580837044,21.791258825989416,Unintentional
User_44,2025-01-26 18:10:36,0.332,0.1537,Driving,Ligeris,Speeding,1way,0.0,40,3G,-95,22.0,-13.0,0.037,40.30621531688204,21.80800176192507,Unintentional
User_86,2025-01-26 18:13:49,0.63,0.3183,Running,Zep,Speeding,1way,1.0,40,4G,-115,37.0,18.0,0.0077330207852892,40.28007280852337,21.791258825989416,Unintentional
User_13,2025-01-26 18:33:42,0.508,0.1839,Walking,Zep,Speeding,4way,1.0,Harassing_Driver,3G,-100,87.0,-23.0,0.0057271729697465,40.28029233970656,21.75277837371919,Unintentional
User_48,2025-01-26 20:08:03,0.508,0.5725,Walking,Ligeris,Speeding,4way,1.0,40,WiFi,-85,39.0,10.0,0.033,40.30648702156347,21.8089366570978,Unintentional
User_07,2025-01-27 00:02:13,0.319,0.307,Driving,Zep,Reckless_Driving,1way,0.0,10,5G,-73,48.0,-10.0,0.036,40.27907064368629,21.752999563026304,Unintentional
User_79,2025-01-27 01:41:09,0.508,0.0926,Running,Ligeris,Speeding,4way,1.0,10,WiFi,Ethernet,37.0,-21.0,0.0080049386223497,40.306448480751,21.807555295060737,Unintentional
User_08,2025-01-27 02:45:43,0.325,0.4286,Driving,Koila,Driving_Under_Influence,2way,1.0,60,3G,-88,48.0,-9.0,0.044,40.30622692377462,21.791271626368,Unintentional
User_10,2025-01-27 05:19:01,0.719,0.3723,Walking,Ligeris,Reckless_Driving,4way,1.0,40,4G,-120,59.0,-16.0,0.05,40.30622692377462,21.807857767128183,Unintentional
User_92,2025-01-27 05:35:18,0.611,0.4351,Walking,Zep,7,2way,1.0,40,4G,-114,62.0,0.0,0.036,40.27959080530971,21.753051615112152,Unintentional
User_98,2025-01-27 09:59:08,0.553,0.2969,Running,Koila,Driving_Under_Influence,2way,0.0,50,5G,Ethernet,48.0,25.0,0.0064713271609215,40.32263326924386,21.79005199102567,Unintentional
User_71,2025-01-27 11:29:26,0.431,0.338,Walking,Ligeris,Speeding,1way,0.0,20,4G,-76,1.0,-21.0,0.0060448178875319,40.279995588040904,21.75322947502158,Unintentional
User_42,2025-01-27 13:52:34,0.577,0.3182,Walking,Koila,Reckless_Driving,1way,5.0,30,4G,Ethernet,48.0,5.0,0.04,40.322610525792285,21.793453496444428,Unintentional
User_36,2025-01-27 14:29:16,0.394,0.3889,Driving,Zep,Driving_Under_Influence,2way,1.0,80,5G,Ethernet,1.0,9.0,0.048,40.30622692377462,21.7539306804908,Unintentional
User_72,2025-01-27 18:47:54,0.697,0.1542,Driving,Zep,Speeding,2way,150.0,50,4G,-90,35.0,-16.0,0.049,40.30622692377462,21.753406410942983,Unintentional
User_92,2025-01-27 23:06:10,0.611,0.4361,Walking,Zep,Driving_Under_Influence,4way,3.0,60,4G,-88,73.0,-3.0,0.034,40.27951163264942,21.755230178324354,Unintentional
User_09,2025-01-27 23:30:09,0.377,0.4318,Running,Koila,Speeding,1way,2.0,70,4G,-112,99.0,17.0,0.0048859070606649,40.32195508259855,21.791299812307173,Unintentional
User_79,2025-01-28 01:34:23,0.426,0.0946,Driving,Ligeris,Driving_Under_Influence,2way,1.0,50,3G,-74,44.0,-18.0,0.0074249565351324,40.306781176533285,21.807920433345807,Unintentional
User_66,2025-01-28 02:31:50,0.325,0.4407,Walking,Zep,Driving_Under_Influence,1way,1.0,Harassing_Driver,5G,-112,87.0,-14.0,0.043,40.27864101413517,21.75422977448184,Unintentional
User_77,2025-01-28 03:23:41,0.347,0.1956,Running,Koila,Reckless_Driving,2way,4.0,30,WiFi,-51,78.0,19.0,0.0057271729697465,40.32224719777693,21.790614808842548,Unintentional
User_65,2025-01-28 04:48:25,0.578,0.1483,Running,Ligeris,Speeding,2way,0.0,40,WiFi,-62,48.0,0.0,0.029,40.305376520627746,21.791258825989416,Unintentional
User_67,2025-01-28 06:54:22,0.557,0.2366,Running,Ligeris,Driving_Under_Influence,2way,0.0,30,WiFi,-87,63.0,-2.0,0.034,40.306671478140395,21.80677097130724,Unintentional
User_35,2025-01-28 11:37:37,0.379,0.2606,Walking,Zep,Speeding,4way,1.0,40,4G,Ethernet,76.0,0.0,0.03,40.28087940263884,21.75435841870454,Unintentional
User_17,2025-01-28 14:29:55,0.508,0.0792,Driving,Ligeris,Driving_Under_Influence,1way,1.0,50,5G,-85,93.0,17.0,0.0061265934466976,40.30789988419342,21.791258825989416,Unintentional
User_40,2025-01-28 16:38:49,0.498,0.3107,Walking,Ligeris,Speeding,2way,1.0,10,WiFi,-69,96.0,12.0,0.047,40.30454398888224,21.808203376040588,Unintentional
User_46,2025-01-28 17:09:07,0.621,0.2419,Driving,Ligeris,Reckless_Driving,1way,5.0,20,3G,-117,36.0,6.0,0.027,40.2787109095656,21.753937953000477,Unintentional
User_50,2025-01-28 19:32:46,0.477,0.3827,Walking,Ligeris,Speeding,2way,0.0,20,3G,-99,55.0,-2.0,0.024,40.306624947309885,21.80841263986385,Unintentional
User_54,2025-01-28 21:18:31,0.508,0.2021,Walking,Zep,Driving_Under_Influence,1way,2.0,80,WiFi,-85,79.0,-25.0,0.0020013646200269,40.280096820967536,21.753746562620304,Unintentional
User_01,2025-01-28 22:14:59,0.618,0.3735,Walking,Koila,Speeding,4way,1.0,30,WiFi,-52,48.0,-18.0,0.0090808469985835,40.32367493245101,21.791258825989416,Unintentional
User_03,2025-01-28 23:16:17,0.381,0.5725,Walking,Ligeris,Driving_Under_Influence,2way,1.0,40,3G,-91,21.0,23.0,0.0018934236731021,40.27995301148425,21.75437517815903,Unintentional
User_22,2025-01-28 23:18:18,0.712,0.0953,Walking,Ligeris,Reckless_Driving,1way,0.0,40,4G,-111,68.0,8.0,0.044,40.30609524348099,21.809084326110312,Unintentional
User_45,2025-01-29 06:06:56,0.446,0.5725,Driving,Koila,Reckless_Driving,1way,1.0,30,3G,-70,7.0,-25.0,0.0039878249651419,40.32121667773403,21.792604991373807,Unintentional
User_90,2025-01-29 07:58:34,0.522,0.1224,Walking,Koila,Reckless_Driving,1way,2.0,20,3G,-77,6.0,-21.0,0.0076822969355548,40.3208341139306,21.79063641652927,Unintentional
User_11,2025-01-29 11:48:45,0.539,0.2316,Walking,Ligeris,Driving_Under_Influence,2way,0.0,Harassing_Driver,WiFi,-75,95.0,0.0,0.024,40.3077796844415,21.80846409988093,Unintentional
User_09,2025-01-29 15:42:06,0.377,0.4358,Walking,Koila,Speeding,2way,0.0,30,3G,Ethernet,48.0,0.0,0.038,40.30622692377462,21.792978848709073,Unintentional
User_63,2025-01-29 17:01:13,0.408,0.2774,Driving,Zep,Reckless_Driving,4way,1.0,40,3G,-116,9.0,18.0,0.0069315844389119,40.28042180128795,21.7524825514013,Unintentional
User_43,2025-01-29 17:02:19,0.508,0.3303,Walking,Zep,Reckless_Driving,2way,0.0,30,5G,Ethernet,48.0,-22.0,0.0057271729697465,40.280290019829984,21.752728849152756,Unintentional
User_12,2025-01-29 17:05:36,0.251,0.0777,Running,Koila,Driving_Under_Influence,2way,150.0,40,4G,-91,42.0,24.0,0.0029175156880491,40.32056573956712,21.79166801258216,Unintentional
User_28,2025-01-29 20:03:03,0.561,0.1595,Running,Ligeris,Speeding,2way,0.0,Harassing_Driver,WiFi,-56,48.0,22.0,0.0014457467930226,40.30623508189355,21.807493680449753,Unintentional
User_85,2025-01-29 22:43:23,0.572,0.5725,Walking,Koila,Speeding,2way,1.0,40,5G,-86,6.0,20.0,0.0055582860626694,40.32209468408709,21.791258825989416,Unintentional
User_52,2025-01-29 22:52:09,0.399,0.5725,Driving,Zep,9,2way,0.0,70,3G,-96,49.0,6.0,0.046,40.28006245679421,21.7533970555903,Unintentional
User_62,2025-01-30 00:18:34,0.346,0.3103,Driving,Koila,Driving_Under_Influence,1way,0.0,30,3G,Ethernet,54.0,19.0,0.0025349175927403,40.32185609803437,21.791258825989416,Unintentional
User_71,2025-01-30 00:27:38,0.431,0.5725,Walking,Koila,Speeding,2way,0.0,40,5G,-109,94.0,21.0,0.0083582531069652,40.32185341618357,21.791258825989416,Unintentional
User_30,2025-01-30 02:17:20,0.577,0.3255,Walking,Ligeris,Speeding,2way,1.0,20,WiFi,-76,31.0,14.0,0.049,40.30622692377462,21.806789907067763,Unintentional
User_58,2025-01-30 03:19:55,0.669,0.191,Walking,Zep,Speeding,2way,2.0,70,5G,-88,41.0,22.0,0.0084389192576545,40.27880315804248,21.754467651049243,Unintentional
User_72,2025-01-30 05:18:55,0.508,0.5725,Driving,Koila,Speeding,2way,1.0,Harassing_Driver,5G,-84,93.0,9.0,0.042,40.30622692377462,21.793208903151235,Unintentional
User_63,2025-01-30 06:29:31,0.408,0.2784,Driving,Koila,Reckless_Driving,2way,1.0,Lane_Discards,4G,-104,99.0,-24.0,0.0088691674391569,40.32191745710539,21.7903284231617,Unintentional
User_40,2025-01-30 06:41:47,0.498,0.3137,Walking,Zep,Driving_Under_Influence,2way,0.0,80,4G,-100,7.0,16.0,0.041,40.30622692377462,21.753125558665012,Unintentional
User_03,2025-01-30 09:43:33,0.381,0.2515,Walking,Koila,6,2way,1.0,130,5G,-94,18.0,6.0,0.038,40.3204660316057,21.791088298154772,Unintentional
User_23,2025-01-30 09:54:10,0.669,0.4236,Running,Ligeris,Reckless_Driving,4way,1.0,20,5G,-86,35.0,8.0,0.036,40.30486763427417,21.80744006815326,Unintentional
User_07,2025-01-30 10:11:10,0.319,0.314,Running,Koila,Speeding,2way,0.0,30,4G,-87,91.0,14.0,0.045,40.32101910130936,21.79218173268867,Unintentional
User_25,2025-01-30 17:41:08,0.627,0.1173,Walking,Koila,Speeding,2way,1.0,60,3G,-111,0.0,2.0,0.041,40.32259441040766,21.79011263483814,Unintentional
User_34,2025-01-30 18:52:48,0.401,0.2416,Walking,Ligeris,Driving_Under_Influence,2way,1.0,20,3G,-94,75.0,18.0,0.0049552517155892,40.30622692377462,21.753627159900223,Unintentional
User_84,2025-01-30 20:57:54,0.689,0.2366,Walking,Koila,Reckless_Driving,2way,0.0,Illegal_Parking,5G,-80,27.0,12.0,0.046,40.30622692377462,21.79194452395968,Unintentional
User_43,2025-01-30 22:36:14,0.508,0.3333,Driving,Ligeris,Driving_Under_Influence,2way,2.0,10,4G,-120,23.0,-10.0,0.029,40.27952660598295,21.753895153681786,Unintentional
User_10,2025-01-31 00:39:58,0.719,0.3803,Walking,Ligeris,Reckless_Driving,2way,0.0,40,5G,Ethernet,48.0,5.0,0.048,40.32249772836342,21.79031369872388,Unintentional
User_60,2025-01-31 01:09:41,0.602,0.3646,Running,Zep,Speeding,4way,0.0,50,4G,-107,56.0,-3.0,0.031,40.27988787676331,21.75325071653377,Unintentional
User_43,2025-01-31 05:10:30,0.255,0.3343,Walking,Ligeris,Reckless_Driving,1way,1.0,40,WiFi,Ethernet,52.0,-4.0,0.049,40.30600779114072,21.80675176974487,Unintentional
User_25,2025-01-31 08:44:20,0.627,0.1183,Running,Ligeris,Reckless_Driving,1way,2.0,80,WiFi,-62,14.0,17.0,0.0020119673007915,40.3055630975673,21.8079201785984,Unintentional
User_74,2025-01-31 10:33:00,0.6,0.0695,Walking,Ligeris,Speeding,2way,1.0,60,5G,Ethernet,20.0,10.0,0.029,40.32318019357856,21.79122633596152,Unintentional
User_78,2025-01-31 11:39:45,0.508,0.1606,Driving,Koila,Speeding,2way,2.0,80,3G,-79,14.0,18.0,0.0081026209724591,40.30622692377462,21.791848055481555,Unintentional
User_61,2025-01-31 12:55:35,0.261,0.1595,Running,Koila,Speeding,2way,0.0,40,5G,-109,94.0,17.0,0.008769389848002,40.32157327685292,21.791291566826335,Unintentional
User_18,2025-01-31 16:27:07,0.508,0.2034,Running,Ligeris,Speeding,2way,2.0,30,3G,-98,40.0,-23.0,0.0078491277309479,40.30677463881909,21.806639210660553,Unintentional
User_11,2025-01-31 18:22:38,0.508,0.2356,Walking,Zep,Reckless_Driving,2way,1.0,90,4G,-88,30.0,24.0,0.0066897750819089,40.279630247380055,21.75478348229492,Unintentional
User_05,2025-01-31 21:07:03,0.311,0.5725,Walking,Koila,Reckless_Driving,4way,0.0,40,3G,Ethernet,9.0,7.0,0.034,40.30622692377462,21.79099469696843,Unintentional
User_94,2025-02-01 07:25:32,0.508,0.1258,Walking,Zep,Reckless_Driving,2way,5.0,80,5G,-101,54.0,21.0,0.0065553020712075,40.30622692377462,21.75215681524423,Unintentional
User_78,2025-02-01 09:09:49,0.64,0.1626,Walking,Zep,Driving_Under_Influence,2way,0.0,40,3G,-109,37.0,24.0,0.0041134794028901,40.27956501353244,21.753215080924612,Unintentional
User_37,2025-02-01 10:42:30,0.528,0.3999,Walking,Koila,Driving_Under_Influence,1way,0.0,80,5G,Ethernet,5.0,-23.0,0.0035436884787209,40.32106066203742,21.790717913857183,Unintentional
User_41,2025-02-01 11:15:46,0.251,0.3235,Walking,Koila,Reckless_Driving,4way,1.0,90,3G,-89,90.0,14.0,0.028,40.32116716464964,21.790117828461188,Unintentional
User_33,2025-02-01 12:28:08,0.486,0.5725,Walking,Zep,Driving_Under_Influence,2way,0.0,90,4G,-95,82.0,-17.0,0.0057271729697465,40.28086277720264,21.754284391252177,Unintentional
User_68,2025-02-01 14:22:38,0.736,0.3785,Walking,Koila,Reckless_Driving,1way,0.0,20,5G,-70,6.0,10.0,0.032,40.32211316565965,21.79117099273557,Unintentional
User_11,2025-02-01 15:42:34,0.539,0.5725,Running,Zep,Reckless_Driving,2way,1.0,20,5G,-92,48.0,-14.0,0.047,40.27949020909739,21.75231111940043,Unintentional
User_10,2025-02-01 16:24:21,0.719,0.3833,Walking,Ligeris,Speeding,2way,1.0,30,WiFi,Ethernet,91.0,-24.0,0.0065207171232287,40.306269199408675,21.807322930013008,Unintentional
User_96,2025-02-01 17:15:51,0.722,0.0776,Walking,Zep,Speeding,1way,2.0,70,3G,-90,56.0,-5.0,0.041,40.28034340995429,21.753944368900093,Unintentional
User_67,2025-02-01 22:24:03,0.557,0.2456,Running,Zep,Reckless_Driving,4way,1.0,80,4G,-86,49.0,-20.0,0.0061852908730955,40.27940707978618,21.753652051437804,Unintentional
User_16,2025-02-01 22:28:03,0.438,0.1889,Driving,Ligeris,Speeding,1way,0.0,30,3G,-103,5.0,-3.0,0.045,40.306300175597265,21.807169515075643,Unintentional
User_38,2025-02-02 00:44:34,0.448,0.2312,Walking,Ligeris,Speeding,2way,2.0,60,4G,-80,85.0,-12.0,0.032,40.30599977671929,21.807943451075666,Unintentional
User_68,2025-02-02 01:08:44,0.736,0.5725,Driving,Koila,Reckless_Driving,2way,2.0,80,3G,-109,86.0,-19.0,0.0090199624648252,40.32128100698179,21.7914793829897,Unintentional
User_90,2025-02-02 03:51:22,0.522,0.1294,Walking,Ligeris,Driving_Under_Influence,2way,0.0,90,WiFi,-69,12.0,2.0,0.03,40.30454406296591,21.80676575083556,Unintentional
User_72,2025-02-02 05:35:52,0.697,0.1652,Driving,Koila,Reckless_Driving,2way,1.0,40,5G,-77,28.0,23.0,0.0010687286840917,40.3225897279189,21.791577863599993,Unintentional
User_22,2025-02-02 09:16:41,0.712,0.1043,Running,Ligeris,Speeding,2way,3.0,60,5G,-118,21.0,-17.0,0.0041366794660258,40.30460917533876,21.808201185316243,Unintentional
User_55,2025-02-02 10:52:35,0.489,0.5725,Walking,Zep,Driving_Under_Influence,4way,0.0,40,3G,-108,0.0,-3.0,0.047,40.30622692377462,21.753674068212128,Unintentional
User_60,2025-02-02 14:21:26,0.508,0.3696,Driving,Ligeris,Speeding,1way,1.0,40,4G,-76,100.0,5.0,0.037,40.305878743484705,21.805552971631947,Unintentional
User_56,2025-02-02 16:11:37,0.419,0.2406,Running,Koila,Reckless_Driving,1way,0.0,60,3G,-59,48.0,17.0,0.0064992881483687,40.3223105344244,21.789802842469665,Unintentional
User_80,2025-02-02 19:31:04,0.508,0.2785,Driving,Zep,Speeding,2way,0.0,10,3G,-86,82.0,25.0,0.002814851395552,40.27875127895442,21.753595472875855,Unintentional
User_15,2025-02-02 20:10:26,0.585,0.0974,Running,Zep,Speeding,2way,3.0,80,4G,Ethernet,76.0,-5.0,0.027,40.30622692377462,21.753354545390028,Unintentional
User_71,2025-02-02 20:26:42,0.431,0.35,Walking,Ligeris,6,2way,1.0,10,5G,-73,21.0,22.0,0.0054791517106334,40.30622692377462,21.807543425019052,Unintentional
User_02,2025-02-02 21:02:50,0.504,0.2508,Running,Ligeris,Driving_Under_Influence,2way,1.0,80,3G,-50,40.0,0.0,0.049,40.30622692377462,21.791205624762323,Unintentional
User_81,2025-02-02 23:34:21,0.482,0.3134,Driving,Ligeris,Driving_Under_Influence,1way,0.0,60,3G,-84,8.0,-18.0,0.0034020244242608,40.30622692377462,21.808255941590417,Unintentional
User_24,2025-02-03 03:00:14,0.7,0.291,Walking,Ligeris,Driving_Under_Influence,2way,0.0,20,3G,-55,50.0,-4.0,0.033,40.32058495964309,21.79006874306283,Unintentional
User_87,2025-02-03 03:01:26,0.374,0.2126,Walking,Ligeris,Speeding,2way,1.0,20,3G,-102,48.0,7.0,0.047,40.30622692377462,21.808735201066412,Unintentional
User_63,2025-02-03 04:33:31,0.408,0.2864,Driving,Zep,Speeding,4way,0.0,90,4G,Ethernet,14.0,-23.0,0.0068572278334007,40.279876028482256,21.791258825989416,Unintentional
User_33,2025-02-03 05:59:23,0.486,0.2066,Driving,Ligeris,Speeding,1way,0.0,20,3G,-96,48.0,19.0,0.0088761033553445,40.30642065715504,21.806668608435476,Unintentional
User_63,2025-02-03 06:10:20,0.408,0.2874,Running,Ligeris,Speeding,1way,0.0,10,3G,-101,29.0,-19.0,0.0057271729697465,40.322615512498906,21.791356442936145,Unintentional
User_31,2025-02-03 06:47:00,0.72,0.3169,Driving,Ligeris,Driving_Under_Influence,1way,0.0,20,3G,-87,65.0,24.0,0.0052085274706215,40.30622692377462,21.78947518729728,Unintentional
User_52,2025-02-03 08:47:35,0.399,0.4039,Running,Ligeris,Speeding,2way,0.0,10,4G,-71,87.0,1.0,0.047,40.30610923436826,21.80788174542636,Unintentional
User_49,2025-02-03 09:25:33,0.483,0.174,Driving,Zep,Speeding,1way,1.0,40,WiFi,-73,48.0,-25.0,0.0010746805137552,40.30622692377462,21.75222194318549,Unintentional
User_02,2025-02-03 14:53:04,0.504,0.2528,Driving,Koila,Speeding,4way,1.0,80,WiFi,Ethernet,48.0,-25.0,0.0034266263537662,40.32338879691014,21.791685916321473,Unintentional
User_75,2025-02-03 16:37:52,0.544,0.4094,Driving,Zep,Speeding,4way,1.0,10,5G,Ethernet,29.0,-19.0,0.001785141820413,40.30622692377462,21.753378695094217,Unintentional
User_29,2025-02-03 21:04:08,0.309,0.2886,Running,Zep,Reckless_Driving,2way,4.0,70,3G,-80,80.0,22.0,0.0057302523513257,40.27821072476181,21.75317395077741,Unintentional
User_22,2025-02-03 21:16:03,0.712,0.1073,Driving,Zep,Reckless_Driving,2way,1.0,20,WiFi,-58,48.0,6.0,0.026,40.27969707919923,21.753162553860545,Unintentional
User_41,2025-02-03 21:24:52,0.251,0.3285,Running,Zep,Driving_Under_Influence,2way,0.0,60,WiFi,-59,48.0,-24.0,0.0025492035503188,40.27951323658852,21.752730299788453,Unintentional
User_53,2025-02-03 22:36:05,0.364,0.4347,Running,Koila,6,2way,2.0,40,3G,-107,48.0,-15.0,0.042,40.32206936325144,21.791563593281808,Unintentional
User_77,2025-02-04 01:05:53,0.347,0.2086,Driving,Koila,Driving_Under_Influence,2way,0.0,30,3G,-101,48.0,4.0,0.035,40.3216038436348,21.790799400744575,Unintentional
User_05,2025-02-04 03:25:11,0.311,0.5725,Walking,Zep,Reckless_Driving,2way,0.0,40,5G,Ethernet,96.0,17.0,0.0037410988493679,40.30622692377462,21.753024127077733,Unintentional
User_48,2025-02-04 03:46:15,0.611,0.5725,Running,Zep,Reckless_Driving,2way,2.0,20,4G,-102,48.0,-20.0,0.0052460673276399,40.28016019639427,21.753693415757276,Unintentional
User_86,2025-02-04 07:36:38,0.63,0.5725,Walking,Koila,7,2way,1.0,10,3G,-83,24.0,-17.0,0.0068530836225882,40.32140018072238,21.790386406115477,Unintentional
User_14,2025-02-04 08:14:16,0.549,0.0857,Driving,Zep,Speeding,1way,1.0,70,3G,-100,83.0,14.0,0.029,40.279800421404055,21.753414559352684,Unintentional
User_10,2025-02-04 08:54:16,0.719,0.3883,Walking,Zep,Reckless_Driving,2way,1.0,10,3G,-81,33.0,-10.0,0.032,40.27983736855151,21.791258825989416,Unintentional
User_98,2025-02-04 12:19:24,0.553,0.3139,Walking,Koila,Driving_Under_Influence,2way,0.0,40,WiFi,-81,93.0,3.0,0.026,40.32110190224632,21.791518478016165,Unintentional
User_58,2025-02-04 13:05:04,0.669,0.202,Walking,Zep,Driving_Under_Influence,4way,0.0,40,3G,-78,92.0,-17.0,0.0057271729697465,40.27965291580994,21.751147959973057,Unintentional
User_32,2025-02-04 14:03:38,0.694,0.3698,Walking,Ligeris,Speeding,2way,1.0,60,3G,-72,5.0,0.0,0.037,40.27956128535706,21.752898032991364,Unintentional
User_68,2025-02-04 14:12:10,0.736,0.3835,Walking,Ligeris,Driving_Under_Influence,2way,0.0,20,5G,-107,42.0,0.0,0.021,40.30576495748628,21.791258825989416,Unintentional
User_29,2025-02-04 15:29:55,0.309,0.2906,Walking,Ligeris,Driving_Under_Influence,2way,1.0,70,WiFi,-80,78.0,24.0,0.0037927790007779,40.279097288350854,21.75457903885658,Unintentional
User_04,2025-02-04 18:45:23,0.295,0.1309,Driving,Zep,Reckless_Driving,1way,0.0,60,5G,-95,34.0,-24.0,0.0041077026309192,40.30622692377462,21.754330842130074,Unintentional
User_69,2025-02-05 01:51:17,0.508,0.2206,Driving,Koila,Speeding,2way,0.0,80,5G,Ethernet,39.0,-8.0,0.024,40.321553406767755,21.78980962463455,Unintentional
User_46,2025-02-05 04:20:27,0.621,0.2579,Running,Koila,Speeding,2way,0.0,30,3G,-86,48.0,2.0,0.043,40.32237045250369,21.79159735960618,Unintentional
User_93,2025-02-05 06:45:06,0.418,0.1731,Running,Koila,Speeding,2way,0.0,20,WiFi,-53,68.0,-16.0,0.024,40.32149260780039,21.791361902991092,Unintentional
User_16,2025-02-05 07:26:06,0.438,0.5725,Walking,Ligeris,Speeding,1way,1.0,70,5G,-95,17.0,0.0,0.04,40.30465186389576,21.806515234657443,Unintentional
User_39,2025-02-05 14:04:23,0.685,0.3318,Walking,Ligeris,Reckless_Driving,1way,1.0,40,3G,-106,48.0,13.0,0.037,40.30622692377462,21.806926478425098,Unintentional
User_47,2025-02-05 17:59:40,0.636,0.2051,Driving,Zep,Driving_Under_Influence,2way,1.0,10,5G,-97,46.0,-10.0,0.032,40.2786607824491,21.751981334957172,Unintentional
User_82,2025-02-06 06:34:13,0.508,0.5725,Driving,Koila,Speeding,1way,1.0,60,4G,Ethernet,73.0,-8.0,0.03,40.32214458107819,21.791258825989416,Unintentional
User_84,2025-02-06 10:21:36,0.689,0.2506,Running,Zep,Driving_Under_Influence,4way,0.0,40,5G,-117,76.0,9.0,0.027,40.27882676723805,21.754929269148448,Unintentional
User_89,2025-02-06 10:59:18,0.485,0.3803,Walking,Ligeris,Speeding,2way,1.0,40,WiFi,-55,94.0,18.0,0.0057271729697465,40.32369758169758,21.790693495565716,Unintentional
User_44,2025-02-06 11:47:59,0.332,0.1757,Walking,Ligeris,Speeding,2way,2.0,80,5G,-118,31.0,-15.0,0.043,40.27819215538359,21.752192862218468,Unintentional
User_30,2025-02-06 16:50:08,0.577,0.3405,Walking,Ligeris,Speeding,4way,1.0,30,5G,-89,44.0,20.0,0.0089599589576533,40.32230931205577,21.792293290509978,Unintentional
User_40,2025-02-06 17:44:25,0.508,0.3287,Walking,Ligeris,Driving_Under_Influence,1way,4.0,60,3G,-72,57.0,25.0,0.0045362772803328,40.30689982001286,21.791258825989416,Unintentional
User_72,2025-02-06 19:44:55,0.697,0.1742,Driving,Ligeris,Speeding,2way,1.0,60,4G,-102,90.0,-21.0,0.0075621987455273,40.30588310277477,21.806705407613933,Unintentional
User_18,2025-02-06 19:58:47,0.271,0.2154,Walking,Ligeris,Driving_Under_Influence,2way,0.0,90,3G,Ethernet,76.0,-25.0,0.0057271729697465,40.306378518643,21.805252930602418,Unintentional
User_50,2025-02-06 20:46:00,0.477,0.4007,Running,Zep,Driving_Under_Influence,2way,1.0,30,3G,-92,40.0,12.0,0.022,40.27835429694186,21.753972659556872,Unintentional
User_57,2025-02-06 21:35:34,0.733,0.1904,Walking,Ligeris,Driving_Under_Influence,2way,0.0,60,4G,-117,58.0,9.0,0.047,40.30766908662113,21.807727413981024,Unintentional
User_22,2025-02-06 23:42:29,0.712,0.1133,Driving,Ligeris,Driving_Under_Influence,2way,1.0,50,WiFi,-67,48.0,-23.0,0.006501560621544,40.30759511807115,21.791258825989416,Unintentional
User_02,2025-02-06 23:50:15,0.504,0.2588,Walking,Ligeris,Reckless_Driving,1way,1.0,Illegal_Parking,5G,-78,47.0,-1.0,0.032,40.305230822206866,21.806423561477683,Unintentional
User_19,2025-02-07 03:10:11,0.384,0.4143,Running,Ligeris,Driving_Under_Influence,2way,1.0,40,3G,-68,13.0,-23.0,0.0040716861883692,40.3222994407607,21.79163848443404,Unintentional
User_86,2025-02-07 05:41:14,0.63,0.3423,Running,Zep,Driving_Under_Influence,2way,1.0,10,3G,-113,26.0,-15.0,0.022,40.30622692377462,21.75357198016424,Unintentional
User_44,2025-02-07 07:42:28,0.332,0.1767,Walking,Koila,Speeding,2way,1.0,50,4G,Ethernet,44.0,-24.0,0.005205563038694,40.3210280260539,21.792216119092963,Unintentional
User_95,2025-02-07 07:47:33,0.739,0.1633,Running,Ligeris,Speeding,4way,0.0,10,5G,-72,1.0,-24.0,0.0057271729697465,40.30611133948363,21.807448920191177,Unintentional
User_18,2025-02-07 08:41:49,0.271,0.2184,Driving,Koila,6,2way,1.0,40,4G,-88,75.0,10.0,0.029,40.322683959935674,21.790464580066768,Unintentional
User_49,2025-02-07 09:10:01,0.508,0.182,Walking,Zep,Reckless_Driving,1way,1.0,40,5G,-110,16.0,-25.0,0.0086080498046016,40.27899953165953,21.791258825989416,Unintentional
User_72,2025-02-07 11:46:58,0.697,0.1762,Driving,Koila,Speeding,1way,1.0,40,4G,-92,70.0,24.0,0.0021768783358348,40.32343276839785,21.792393404522,Unintentional
User_74,2025-02-07 12:55:40,0.6,0.0825,Walking,Zep,7,2way,1.0,70,WiFi,-79,13.0,-20.0,0.0099339327583965,40.28097871654449,21.75453307615991,Unintentional
User_63,2025-02-07 14:08:38,0.408,0.2944,Running,Ligeris,Reckless_Driving,2way,2.0,80,3G,-95,18.0,20.0,0.0028404566955946,40.30747299214812,21.807774044713263,Unintentional
User_44,2025-02-07 14:15:21,0.332,0.1777,Running,Zep,Speeding,2way,2.0,40,3G,-115,91.0,-6.0,0.027,40.27959117929136,21.75331656260567,Unintentional
User_31,2025-02-07 16:45:08,0.72,0.3259,Driving,Ligeris,Driving_Under_Influence,2way,0.0,40,3G,-71,11.0,-15.0,0.023,40.30618380838923,21.80793961455698,Unintentional
User_74,2025-02-07 17:09:27,0.6,0.0835,Driving,Ligeris,Driving_Under_Influence,2way,1.0,80,WiFi,-52,48.0,24.0,0.0012183294359197,40.307704953080666,21.80771000613725,Unintentional
User_76,2025-02-07 20:05:21,0.349,0.4496,Walking,Koila,Speeding,2way,1.0,40,5G,-96,34.0,-18.0,0.0025712280846895,40.30622692377462,21.79243360049574,Unintentional
User_78,2025-02-07 20:17:13,0.64,0.1756,Running,Zep,Driving_Under_Influence,4way,0.0,Harassing_Driver,WiFi,-52,61.0,25.0,0.00412055017085,40.27992211147632,21.755022124325812,Unintentional
User_43,2025-02-07 23:18:56,0.255,0.3493,Running,Ligeris,Speeding,2way,0.0,40,WiFi,-71,48.0,3.0,0.022,40.32209178707404,21.791498023343163,Unintentional
User_72,2025-02-08 00:15:00,0.697,0.1772,Walking,Ligeris,Driving_Under_Influence,4way,3.0,40,WiFi,-84,61.0,18.0,0.0082958511513035,40.30622692377462,21.807054051441888,Unintentional
User_54,2025-02-08 03:29:17,0.508,0.5725,Driving,Koila,Speeding,2way,0.0,60,4G,-109,99.0,-22.0,0.0064173457252823,40.32313857917541,21.79272291548496,Unintentional
User_25,2025-02-08 05:26:37,0.627,0.5725,Driving,Koila,Speeding,2way,1.0,80,3G,-71,48.0,-21.0,0.0019808478899095,40.30622692377462,21.791613064222865,Unintentional
User_26,2025-02-08 05:28:56,0.642,0.2342,Running,Koila,Speeding,2way,1.0,110,5G,-109,79.0,8.0,0.046,40.322852758593584,21.790811044100806,Unintentional
User_19,2025-02-08 07:50:24,0.384,0.4153,Walking,Ligeris,Speeding,2way,1.0,40,5G,-109,77.0,0.0,0.042,40.320886461086744,21.79095632097962,Unintentional
User_91,2025-02-08 07:59:11,0.409,0.1452,Running,Koila,Driving_Under_Influence,4way,0.0,10,WiFi,-75,27.0,13.0,0.029,40.32177820343922,21.79199337761664,Unintentional
User_25,2025-02-08 11:07:02,0.627,0.1353,Driving,Ligeris,Reckless_Driving,4way,0.0,40,4G,-88,53.0,24.0,0.0016602917271823,40.30572843116365,21.791258825989416,Unintentional
User_20,2025-02-08 16:40:36,0.686,0.5725,Running,Ligeris,Driving_Under_Influence,1way,0.0,40,4G,-99,6.0,-17.0,0.0025890917906322,40.30622692377462,21.80719007729247,Unintentional
User_37,2025-02-08 20:34:34,0.528,0.4139,Driving,Koila,Speeding,2way,1.0,40,3G,Ethernet,99.0,10.0,0.025,40.32247888363744,21.79237903378768,Unintentional
User_53,2025-02-08 20:56:15,0.364,0.4447,Running,Ligeris,Driving_Under_Influence,1way,0.0,50,3G,Ethernet,64.0,18.0,0.0081124781068405,40.3061747308642,21.80752541059399,Unintentional
User_47,2025-02-08 21:55:12,0.636,0.2111,Walking,Ligeris,Reckless_Driving,4way,4.0,40,3G,-100,51.0,20.0,0.0098337240675151,40.3055855253045,21.808397456168713,Unintentional
User_52,2025-02-08 22:18:19,0.399,0.4149,Running,Zep,Driving_Under_Influence,2way,0.0,20,5G,Ethernet,90.0,16.0,0.024,40.27878072995299,21.754892235716323,Unintentional
User_64,2025-02-09 03:22:21,0.257,0.0916,Driving,Ligeris,Speeding,2way,0.0,Harassing_Driver,5G,-85,62.0,-17.0,0.0038463034213137,40.27931100499912,21.755081623330064,Unintentional
User_23,2025-02-09 04:15:01,0.669,0.4426,Driving,Ligeris,Speeding,1way,1.0,20,4G,-88,31.0,8.0,0.044,40.306158358322705,21.806991851673544,Unintentional
User_18,2025-02-09 10:02:01,0.271,0.2214,Walking,Ligeris,Reckless_Driving,2way,0.0,40,WiFi,-90,48.0,-15.0,0.04,40.305188515979744,21.806849125676244,Unintentional
User_96,2025-02-09 10:06:55,0.722,0.5725,Running,Zep,Speeding,2way,1.0,30,3G,-104,36.0,-4.0,0.031,40.30622692377462,21.75283642873108,Unintentional
User_60,2025-02-09 10:28:31,0.602,0.3826,Walking,Ligeris,Speeding,2way,1.0,30,5G,-113,9.0,-6.0,0.044,40.307102107742665,21.80590939101828,Unintentional
User_68,2025-02-09 10:32:22,0.736,0.3935,Walking,Zep,Speeding,2way,0.0,40,4G,Ethernet,92.0,0.0,0.038,40.27967052867862,21.75343516560228,Unintentional
User_31,2025-02-09 13:28:43,0.72,0.3289,Walking,Ligeris,Reckless_Driving,4way,0.0,30,WiFi,-79,91.0,-25.0,0.0058306541270622,40.30624843947475,21.806602059674105,Unintentional
User_65,2025-02-09 15:29:57,0.578,0.1713,Driving,Zep,Speeding,2way,1.0,40,3G,-83,28.0,-25.0,0.0057271729697465,40.27878314388183,21.752736207553895,Unintentional
User_02,2025-02-09 18:30:57,0.504,0.2648,Running,Koila,Reckless_Driving,2way,0.0,Harassing_Driver,4G,Ethernet,66.0,25.0,0.0057271729697465,40.3222104173198,21.791365101126928,Unintentional
User_04,2025-02-09 19:27:12,0.295,0.1409,Driving,Ligeris,Reckless_Driving,2way,1.0,30,3G,-104,35.0,19.0,0.0095529404744375,40.30669532475646,21.80762851226281,Unintentional
User_34,2025-02-09 21:28:50,0.401,0.2616,Walking,Koila,Reckless_Driving,2way,0.0,40,4G,-81,76.0,-19.0,0.0043814680099485,40.32192910926366,21.791258825989416,Unintentional
User_81,2025-02-10 00:15:34,0.482,0.3284,Driving,Koila,Driving_Under_Influence,4way,0.0,50,3G,-113,14.0,24.0,0.0036712717771404,40.30622692377462,21.791620034379136,Unintentional
User_94,2025-02-10 01:14:58,0.648,0.1448,Walking,Zep,Reckless_Driving,4way,0.0,20,3G,Ethernet,48.0,13.0,0.049,40.27934039553511,21.754997812159875,Unintentional
User_04,2025-02-10 04:25:44,0.295,0.1429,Driving,Ligeris,Speeding,4way,1.0,40,4G,-100,51.0,23.0,0.0078809170647307,40.30661116802115,21.807974218795316,Unintentional
User_83,2025-02-10 10:45:50,0.453,0.3705,Walking,Ligeris,Driving_Under_Influence,1way,1.0,70,3G,-70,11.0,0.0,0.044,40.306204801068475,21.807523179676743,Unintentional
User_24,2025-02-10 10:48:22,0.508,0.305,Running,Zep,Speeding,2way,1.0,90,3G,-110,48.0,23.0,0.0015079474611841,40.27878304515309,21.753250825168543,Unintentional
User_40,2025-02-10 11:05:15,0.498,0.3367,Walking,Koila,Driving_Under_Influence,2way,2.0,Illegal_Parking,WiFi,-72,44.0,2.0,0.023,40.32225576830195,21.790190018262827,Unintentional
User_14,2025-02-10 11:06:19,0.549,0.0967,Running,Ligeris,Driving_Under_Influence,1way,1.0,60,4G,-88,10.0,19.0,0.0019253499216736,40.30718669451167,21.80828181473182,Unintentional
User_98,2025-02-10 17:12:40,0.553,0.3249,Walking,Ligeris,Driving_Under_Influence,2way,2.0,80,3G,-76,13.0,-18.0,0.0053158459732886,40.30667956677306,21.808109064209404,Unintentional
User_97,2025-02-10 17:16:40,0.296,0.4379,Driving,Ligeris,Speeding,2way,0.0,70,WiFi,-54,28.0,17.0,0.0075239236047306,40.28037947820227,21.791258825989416,Unintentional
User_77,2025-02-10 19:23:46,0.347,0.5725,Walking,Ligeris,Reckless_Driving,1way,3.0,30,3G,-115,13.0,-11.0,0.025,40.306221128662166,21.807545490680035,Unintentional
User_79,2025-02-10 20:07:59,0.426,0.1216,Running,Zep,Driving_Under_Influence,2way,1.0,20,3G,-72,2.0,-17.0,0.0018728549852241,40.27922254461057,21.753343621554013,Unintentional
User_90,2025-02-10 21:06:12,0.522,0.1464,Running,Ligeris,6,2way,0.0,10,3G,-98,88.0,-10.0,0.027,40.30671227747885,21.809068201092003,Unintentional
User_16,2025-02-11 00:42:16,0.438,0.2079,Driving,Ligeris,Driving_Under_Influence,4way,1.0,60,4G,-82,49.0,-18.0,0.0057271729697465,40.30622692377462,21.792309741053412,Unintentional
User_89,2025-02-11 00:58:14,0.485,0.3893,Running,Ligeris,Reckless_Driving,2way,0.0,Lane_Discards,WiFi,-83,48.0,-22.0,0.0065338580917964,40.30726227369386,21.80849674856124,Unintentional
User_38,2025-02-11 03:53:22,0.508,0.2492,Driving,Zep,Reckless_Driving,4way,0.0,50,3G,-116,56.0,-17.0,0.0057271729697465,40.28083565008691,21.75391408465037,Unintentional
User_100,2025-02-11 07:20:04,0.592,0.2821,Running,Zep,Driving_Under_Influence,2way,1.0,90,4G,-89,15.0,0.0,0.034,40.279673189422056,21.753312483580604,Unintentional
User_23,2025-02-11 08:12:39,0.669,0.4466,Running,Koila,Driving_Under_Influence,2way,0.0,40,4G,-73,93.0,7.0,0.045,40.32207211876535,21.79198009226794,Unintentional
User_32,2025-02-11 12:51:58,0.694,0.3848,Running,Zep,Speeding,2way,0.0,40,WiFi,-62,89.0,14.0,0.035,40.27896321051908,21.75130486599485,Unintentional
User_97,2025-02-11 15:29:40,0.296,0.4389,Running,Ligeris,Driving_Under_Influence,2way,1.0,60,3G,-71,48.0,9.0,0.041,40.279183871912,21.754978414592703,Unintentional
User_61,2025-02-11 17:57:22,0.261,0.1815,Driving,Ligeris,Speeding,2way,0.0,70,5G,-118,96.0,13.0,0.043,40.306259946054034,21.806053599912246,Unintentional
User_47,2025-02-11 21:16:40,0.636,0.2171,Driving,Ligeris,Speeding,4way,2.0,40,WiFi,-54,99.0,19.0,0.0020118694040684,40.306083837832446,21.807194554914464,Unintentional
User_60,2025-02-11 21:16:56,0.602,0.5725,Walking,Zep,Reckless_Driving,2way,0.0,60,5G,-116,31.0,13.0,0.043,40.28003533370428,21.75332790245444,Unintentional
User_90,2025-02-11 21:18:50,0.508,0.5725,Walking,Koila,Reckless_Driving,2way,1.0,Lane_Discards,4G,-103,84.0,3.0,0.04,40.32235087376013,21.789164103180287,Unintentional
User_71,2025-02-11 21:25:40,0.508,0.368,Running,Zep,Speeding,1way,1.0,70,3G,-86,72.0,-18.0,0.0097665643084149,40.27879038883197,21.791258825989416,Unintentional
User_76,2025-02-12 02:52:33,0.508,0.5725,Running,Ligeris,Driving_Under_Influence,4way,0.0,10,5G,-78,76.0,7.0,0.024,40.27976665835514,21.75347661454413,Unintentional
User_83,2025-02-12 03:04:02,0.453,0.5725,Driving,Koila,Speeding,2way,1.0,70,3G,-99,86.0,7.0,0.036,40.32258825682393,21.789740518904384,Unintentional
User_68,2025-02-12 05:14:35,0.736,0.3995,Walking,Ligeris,Reckless_Driving,2way,0.0,40,5G,-85,63.0,0.0,0.034,40.30669001992799,21.808348647910112,Unintentional
User_66,2025-02-12 05:32:34,0.325,0.4707,Running,Ligeris,Reckless_Driving,2way,0.0,20,3G,Ethernet,48.0,22.0,0.0045649207738894,40.3072756225312,21.805975789291573,Unintentional
User_64,2025-02-12 06:30:14,0.257,0.0976,Driving,Koila,Driving_Under_Influence,1way,1.0,20,3G,-72,72.0,20.0,0.0025797634781555,40.32190932829862,21.792025699222886,Unintentional
User_96,2025-02-12 13:23:56,0.722,0.0996,Walking,Koila,Reckless_Driving,2way,0.0,70,WiFi,-63,58.0,10.0,0.047,40.32267099703374,21.791553653472644,Unintentional
User_43,2025-02-12 14:23:30,0.255,0.3593,Driving,Koila,Driving_Under_Influence,2way,2.0,10,3G,-116,29.0,21.0,0.0057271729697465,40.32152860724157,21.792440260332256,Unintentional
User_24,2025-02-12 14:40:01,0.7,0.309,Walking,Ligeris,Reckless_Driving,2way,0.0,40,5G,-105,92.0,7.0,0.044,40.32208782139416,21.791267487904328,Unintentional
User_21,2025-02-12 16:04:27,0.64,0.4465,Walking,Zep,Driving_Under_Influence,2way,4.0,50,3G,-78,75.0,23.0,0.0022404644969376,40.279840672753714,21.75478009969581,Unintentional
User_18,2025-02-12 19:00:40,0.271,0.2284,Running,Zep,Speeding,2way,1.0,40,5G,-96,89.0,-12.0,0.032,40.30622692377462,21.75178838936753,Unintentional
User_38,2025-02-12 19:13:16,0.448,0.2522,Walking,Koila,Speeding,4way,1.0,40,5G,-94,85.0,20.0,0.0037480333222955,40.30622692377462,21.7914306518457,Unintentional
User_30,2025-02-12 21:24:07,0.577,0.3515,Walking,Ligeris,8,2way,1.0,50,3G,-79,74.0,-1.0,0.026,40.30692730846589,21.791258825989416,Unintentional
User_05,2025-02-12 23:12:25,0.311,0.2398,Driving,Koila,Reckless_Driving,4way,0.0,40,3G,-90,48.0,-25.0,0.0057271729697465,40.323095528657014,21.791258825989416,Unintentional
User_90,2025-02-13 00:08:12,0.522,0.1514,Driving,Ligeris,Driving_Under_Influence,2way,1.0,30,3G,-55,48.0,0.0,0.041,40.28066246232341,21.752904860909062,Unintentional
User_88,2025-02-13 03:33:23,0.676,0.119,Driving,Ligeris,Driving_Under_Influence,2way,0.0,90,3G,Ethernet,13.0,-19.0,0.0091214644332556,40.30530440701007,21.805619914015914,Unintentional
User_16,2025-02-13 08:04:05,0.438,0.2119,Driving,Koila,Reckless_Driving,2way,2.0,Illegal_Parking,WiFi,-90,93.0,7.0,0.033,40.30622692377462,21.790092820914133,Unintentional
User_96,2025-02-13 09:13:56,0.722,0.5725,Running,Zep,Speeding,4way,3.0,40,4G,-80,87.0,14.0,0.037,40.27970140158137,21.751821698714668,Unintentional
User_59,2025-02-13 11:02:20,0.696,0.4548,Driving,Zep,Reckless_Driving,4way,0.0,20,3G,-118,53.0,22.0,0.0016665140567661,40.2779565479586,21.752826456110174,Unintentional
User_69,2025-02-13 13:12:19,0.289,0.2366,Driving,Zep,Driving_Under_Influence,4way,0.0,90,3G,-87,44.0,-20.0,0.0031371719454462,40.27951714002584,21.752595670815225,Unintentional
User_09,2025-02-13 13:22:43,0.377,0.4658,Walking,Zep,Driving_Under_Influence,1way,0.0,40,4G,-115,44.0,22.0,0.0057271729697465,40.27873391192721,21.75211389509654,Unintentional
User_64,2025-02-13 14:02:17,0.257,0.0996,Walking,Koila,Speeding,2way,0.0,40,WiFi,-50,92.0,-5.0,0.047,40.32290481189143,21.791965608163284,Unintentional
User_84,2025-02-13 17:17:22,0.689,0.2646,Walking,Zep,Speeding,4way,1.0,60,3G,-117,30.0,24.0,0.0057271729697465,40.279583288217154,21.752266167021563,Unintentional
User_85,2025-02-13 17:34:26,0.572,0.4832,Driving,Koila,Reckless_Driving,2way,3.0,40,3G,-77,13.0,0.0,0.036,40.320641737124696,21.78998741760056,Unintentional
User_32,2025-02-13 19:47:58,0.694,0.3878,Running,Zep,Reckless_Driving,2way,0.0,60,4G,-75,48.0,20.0,0.007188010422464,40.27893189609666,21.75114783805403,Unintentional
User_72,2025-02-13 20:06:29,0.697,0.1882,Driving,Zep,Speeding,2way,0.0,80,WiFi,-85,32.0,-20.0,0.0032351337529173,40.2794249205985,21.791258825989416,Unintentional
User_04,2025-02-13 20:06:43,0.295,0.1489,Driving,Ligeris,Speeding,2way,1.0,Lane_Discards,3G,-97,98.0,25.0,0.0098831265430176,40.30691804983544,21.80905904657855,Unintentional
User_27,2025-02-14 03:30:05,0.319,0.4006,Running,Ligeris,Speeding,1way,1.0,60,3G,-78,82.0,6.0,0.024,40.30622692377462,21.791258825989416,Unintentional
User_22,2025-02-14 05:27:07,0.508,0.1283,Walking,Zep,Reckless_Driving,4way,0.0,70,WiFi,-68,79.0,10.0,0.023,40.30622692377462,21.754331736178436,Unintentional
User_13,2025-02-14 10:39:30,0.657,0.5725,Walking,Koila,Driving_Under_Influence,2way,0.0,40,WiFi,-72,50.0,-18.0,0.0057271729697465,40.32121614578875,21.792841696849383,Unintentional
User_63,2025-02-14 11:19:11,0.408,0.3084,Walking,Zep,Reckless_Driving,2way,0.0,20,5G,Ethernet,47.0,10.0,0.041,40.27917134325446,21.754068733916004,Unintentional
User_61,2025-02-14 12:07:21,0.261,0.1875,Driving,Ligeris,Speeding,1way,2.0,40,3G,-103,31.0,23.0,0.0057271729697465,40.30617387916905,21.807605292887896,Unintentional
User_83,2025-02-14 12:59:16,0.453,0.5725,Walking,Zep,Reckless_Driving,2way,0.0,60,5G,-92,78.0,-7.0,0.04,40.2809400245216,21.791258825989416,Unintentional
User_60,2025-02-14 17:50:54,0.602,0.3936,Walking,Zep,Driving_Under_Influence,2way,150.0,40,3G,-120,80.0,-19.0,0.0018671567995199,40.279578613997856,21.7532902090186,Unintentional
User_57,2025-02-14 20:07:21,0.733,0.2054,Driving,Ligeris,Reckless_Driving,1way,1.0,Harassing_Driver,3G,-86,48.0,-21.0,0.0026177661492299,40.307546449470976,21.807248144839537,Unintentional
User_87,2025-02-14 22:48:48,0.374,0.2356,Running,Zep,Driving_Under_Influence,4way,0.0,60,5G,-74,10.0,10.0,0.039,40.30622692377462,21.754327600824567,Unintentional
User_86,2025-02-14 22:51:53,0.63,0.3573,Running,Koila,9,2way,0.0,50,5G,-103,34.0,-22.0,0.0014889784426777,40.32329431399761,21.79122862211276,Unintentional
User_25,2025-02-15 03:10:10,0.508,0.1483,Running,Ligeris,Driving_Under_Influence,1way,1.0,20,3G,-76,48.0,-8.0,0.034,40.30634174393829,21.807399587641896,Unintentional
User_70,2025-02-15 09:58:48,0.359,0.5725,Driving,Koila,Speeding,2way,1.0,40,4G,-103,10.0,-14.0,0.028,40.32200771479371,21.793305534247366,Unintentional
User_71,2025-02-15 13:39:25,0.431,0.375,Running,Zep,Reckless_Driving,2way,1.0,20,WiFi,-61,34.0,-20.0,0.0030383554818327,40.27905327634736,21.75382924891301,Unintentional
User_90,2025-02-15 16:02:03,0.522,0.1564,Running,Koila,Speeding,2way,4.0,30,5G,-85,85.0,18.0,0.0084789468077695,40.32227916094959,21.79137954019844,Unintentional
User_30,2025-02-15 18:56:43,0.577,0.3585,Walking,Ligeris,Speeding,1way,0.0,30,WiFi,-85,28.0,-15.0,0.05,40.32130063746572,21.790542589288354,Unintentional
User_73,2025-02-15 20:03:02,0.676,0.4468,Walking,Zep,Speeding,2way,0.0,Illegal_Parking,4G,-98,48.0,0.0,0.041,40.27983695431476,21.75245331946623,Unintentional
User_39,2025-02-15 20:17:59,0.685,0.3528,Walking,Ligeris,8,1way,1.0,40,3G,-103,20.0,-21.0,0.0099267101287988,40.30777911439023,21.807945874628174,Unintentional
User_73,2025-02-15 21:49:05,0.676,0.4478,Driving,Zep,Reckless_Driving,1way,1.0,40,5G,-76,48.0,-21.0,0.0032459379791946,40.27971987220416,21.753080939903477,Unintentional
User_78,2025-02-15 23:10:02,0.64,0.1916,Walking,Zep,Reckless_Driving,4way,140.0,20,4G,-95,48.0,-19.0,0.0053114880009297,40.27946192771259,21.75342020567933,Unintentional
User_36,2025-02-15 23:46:57,0.508,0.4269,Running,Ligeris,Speeding,1way,140.0,30,3G,Ethernet,96.0,-23.0,0.0046047744177606,40.27943899644847,21.75235104135132,Unintentional
User_100,2025-02-16 00:48:04,0.592,0.2911,Running,Koila,Speeding,2way,0.0,60,3G,Ethernet,62.0,7.0,0.026,40.322655381741335,21.79174365881254,Unintentional
User_03,2025-02-16 01:05:15,0.381,0.2845,Walking,Zep,Speeding,2way,2.0,40,4G,-108,38.0,10.0,0.034,40.28109541347989,21.791258825989416,Unintentional
User_77,2025-02-16 01:23:19,0.347,0.5725,Walking,Zep,Reckless_Driving,1way,0.0,20,4G,Ethernet,91.0,-13.0,0.042,40.30622692377462,21.75379060611368,Unintentional
User_65,2025-02-16 01:31:00,0.578,0.1853,Running,Ligeris,Speeding,2way,2.0,60,3G,-57,58.0,16.0,0.029,40.28002329896023,21.75205026805652,Unintentional
User_17,2025-02-16 07:12:09,0.383,0.1172,Driving,Ligeris,Speeding,2way,1.0,40,3G,-84,16.0,-11.0,0.045,40.30622692377462,21.791675331267296,Unintentional
User_62,2025-02-16 07:56:42,0.346,0.3453,Running,Ligeris,Speeding,1way,160.0,70,3G,-84,48.0,8.0,0.021,40.30536258284967,21.80874529155591,Unintentional
User_80,2025-02-16 08:25:49,0.313,0.3055,Driving,Zep,Driving_Under_Influence,2way,1.0,20,3G,-112,15.0,-5.0,0.044,40.2793557416685,21.754163448881577,Unintentional
User_60,2025-02-16 10:57:35,0.602,0.5725,Walking,Zep,Speeding,2way,0.0,20,3G,-118,30.0,12.0,0.022,40.280542978406245,21.791258825989416,Unintentional
User_67,2025-02-16 12:50:05,0.557,0.2746,Running,Ligeris,Speeding,1way,1.0,50,3G,-73,64.0,-22.0,0.0066123024407659,40.3059543382298,21.807313511230333,Unintentional
User_69,2025-02-16 13:24:24,0.289,0.2426,Walking,Zep,Driving_Under_Influence,1way,1.0,70,3G,-83,48.0,4.0,0.039,40.27959972338024,21.791258825989416,Unintentional
User_98,2025-02-16 13:30:14,0.553,0.3369,Running,Ligeris,Speeding,2way,0.0,30,3G,-82,48.0,-8.0,0.041,40.30588914457617,21.808509224562357,Unintentional
User_51,2025-02-16 18:01:04,0.708,0.4399,Running,Zep,Speeding,2way,0.0,60,WiFi,Ethernet,35.0,19.0,0.0069911634368753,40.28000035519021,21.754865964319254,Unintentional
User_72,2025-02-16 18:30:12,0.508,0.1942,Driving,Zep,Speeding,2way,0.0,70,4G,Ethernet,0.0,6.0,0.036,40.27963687893218,21.752701187064726,Unintentional
User_98,2025-02-16 18:52:40,0.553,0.3379,Walking,Ligeris,Speeding,2way,2.0,70,4G,-70,48.0,-1.0,0.036,40.2781541936765,21.752554958693626,Unintentional
User_74,2025-02-16 20:03:55,0.6,0.1015,Walking,Ligeris,Driving_Under_Influence,2way,4.0,20,3G,-72,79.0,-15.0,0.043,40.307838008829755,21.80806402679432,Unintentional
User_46,2025-02-16 20:06:49,0.621,0.2809,Walking,Ligeris,Reckless_Driving,2way,4.0,20,4G,-92,57.0,-3.0,0.031,40.306527712509954,21.80696263952521,Unintentional
User_12,2025-02-16 21:26:00,0.251,0.5725,Running,Zep,Reckless_Driving,1way,1.0,40,4G,Ethernet,20.0,-23.0,0.0090025470536135,40.279663112036495,21.791258825989416,Unintentional
User_43,2025-02-17 01:06:11,0.255,0.3683,Driving,Zep,Speeding,4way,1.0,80,4G,-70,48.0,20.0,0.0095680679450275,40.279434750539046,21.753864644484626,Unintentional
User_11,2025-02-17 03:36:04,0.539,0.2686,Walking,Zep,Reckless_Driving,2way,0.0,Illegal_Parking,4G,-80,48.0,17.0,0.0032373471667517,40.30622692377462,21.753177940283425,Unintentional
User_17,2025-02-17 03:44:22,0.383,0.1192,Running,Koila,Driving_Under_Influence,4way,0.0,40,3G,-90,48.0,18.0,0.0075610909820605,40.320857913227954,21.792713690933248,Unintentional
User_35,2025-02-17 07:01:54,0.508,0.3006,Walking,Koila,Speeding,1way,1.0,30,3G,-77,91.0,8.0,0.05,40.322445606380185,21.79341603493426,Unintentional
User_69,2025-02-17 12:35:31,0.289,0.2446,Driving,Ligeris,Driving_Under_Influence,2way,0.0,40,5G,Ethernet,8.0,-22.0,0.0033527194567794,40.30624609083144,21.807510748382523,Unintentional
User_93,2025-02-17 13:49:05,0.418,0.1971,Walking,Zep,Speeding,1way,0.0,130,5G,-119,50.0,-7.0,0.026,40.28114908052997,21.753555847112644,Unintentional
User_38,2025-02-17 14:13:32,0.448,0.2622,Driving,Koila,Speeding,2way,1.0,30,5G,-85,42.0,0.0,0.043,40.32196096430176,21.791385257054245,Unintentional
User_13,2025-02-17 17:09:10,0.657,0.2279,Driving,Koila,Speeding,1way,0.0,40,4G,-89,9.0,-23.0,0.0099008442107866,40.32081786395032,21.79100005025016,Unintentional
User_39,2025-02-17 17:41:40,0.685,0.3568,Walking,Koila,Speeding,1way,0.0,Lane_Discards,5G,-102,24.0,2.0,0.023,40.32147263717409,21.791258825989416,Unintentional
User_71,2025-02-17 19:13:23,0.431,0.38,Running,Zep,Driving_Under_Influence,2way,1.0,Harassing_Driver,4G,-85,44.0,-24.0,0.0029776528257182,40.30622692377462,21.75326314364595,Unintentional
User_19,2025-02-17 20:41:56,0.384,0.4333,Walking,Ligeris,Speeding,2way,2.0,100,3G,-105,32.0,-25.0,0.0087211111136914,40.27951646229838,21.791258825989416,Unintentional
User_80,2025-02-17 22:30:28,0.313,0.3075,Running,Ligeris,Speeding,2way,0.0,60,4G,-71,16.0,-20.0,0.002212448335946,40.305085062018954,21.808274009391447,Unintentional
User_28,2025-02-18 01:57:30,0.508,0.1985,Driving,Ligeris,Reckless_Driving,4way,1.0,20,3G,-52,9.0,-16.0,0.024,40.30768684015804,21.807252932292457,Unintentional
User_53,2025-02-18 02:31:00,0.364,0.4637,Driving,Koila,Driving_Under_Influence,2way,0.0,50,3G,-72,17.0,-3.0,0.024,40.3209042200053,21.792916258086745,Unintentional
User_16,2025-02-18 06:23:53,0.438,0.2229,Driving,Koila,Speeding,4way,0.0,40,3G,-119,66.0,17.0,0.0012484135760486,40.32165704686019,21.79113463893572,Unintentional
User_30,2025-02-18 08:59:47,0.577,0.3635,Walking,Zep,Speeding,2way,0.0,40,5G,-81,3.0,-23.0,0.0061259164548395,40.28080864661434,21.753077472000705,Unintentional
User_60,2025-02-18 10:30:05,0.602,0.4016,Running,Ligeris,Speeding,1way,0.0,90,5G,Ethernet,70.0,17.0,0.001078189210154,40.30622692377462,21.80729823415487,Unintentional
User_48,2025-02-18 13:20:46,0.611,0.5725,Walking,Koila,Speeding,2way,3.0,50,3G,-91,8.0,-24.0,0.0057271729697465,40.32145328697238,21.79133986714287,Unintentional
User_04,2025-02-18 18:43:11,0.508,0.1579,Walking,Ligeris,Driving_Under_Influence,2way,0.0,70,4G,-108,99.0,0.0,0.045,40.30622692377462,21.807063522549065,Unintentional
User_82,2025-02-18 21:26:41,0.499,0.4544,Running,Zep,Speeding,4way,0.0,10,4G,-99,48.0,16.0,0.029,40.30622692377462,21.75196359929152,Unintentional
User_49,2025-02-18 21:57:03,0.483,0.5725,Walking,Zep,Speeding,2way,2.0,40,5G,-112,10.0,-14.0,0.033,40.30622692377462,21.752895598649143,Unintentional
User_09,2025-02-18 23:03:10,0.377,0.4758,Driving,Ligeris,Speeding,2way,1.0,Illegal_Parking,3G,Ethernet,48.0,22.0,0.0057271729697465,40.30665249185092,21.80809257745776,Unintentional
User_92,2025-02-19 00:32:10,0.611,0.4811,Driving,Zep,Speeding,2way,0.0,60,5G,-73,41.0,-22.0,0.0052946640922757,40.27854514321832,21.75141537334954,Unintentional
User_55,2025-02-19 02:04:29,0.489,0.1728,Running,Ligeris,Speeding,2way,1.0,20,3G,-105,56.0,-19.0,0.0043928981086905,40.30622692377462,21.791258825989416,Unintentional
User_98,2025-02-19 03:32:08,0.553,0.3429,Driving,Ligeris,Speeding,1way,1.0,50,4G,-94,19.0,24.0,0.0094874947910908,40.28091647667452,21.7531939562036,Unintentional
User_16,2025-02-19 03:42:14,0.438,0.2249,Driving,Zep,Speeding,4way,0.0,60,3G,-75,79.0,-8.0,0.037,40.27994703496136,21.753952440199093,Unintentional
User_28,2025-02-19 05:52:17,0.508,0.2005,Walking,Zep,Driving_Under_Influence,2way,2.0,40,5G,-120,48.0,23.0,0.0022629062767913,40.27972035963719,21.753919907321205,Unintentional
User_58,2025-02-19 07:04:04,0.669,0.232,Driving,Ligeris,Reckless_Driving,2way,5.0,50,4G,Ethernet,97.0,15.0,0.029,40.32073738182659,21.79138813686841,Unintentional
User_45,2025-02-19 11:21:43,0.446,0.1565,Walking,Koila,Reckless_Driving,4way,0.0,90,3G,-90,82.0,-24.0,0.0013704195902797,40.32050369837328,21.791469523492825,Unintentional
User_34,2025-02-19 13:30:04,0.401,0.5725,Walking,Ligeris,Driving_Under_Influence,1way,1.0,50,4G,-88,48.0,0.0,0.031,40.30558672035609,21.806304878958965,Unintentional
User_01,2025-02-19 17:01:51,0.618,0.4175,Driving,Koila,Speeding,2way,2.0,Illegal_Parking,5G,-107,48.0,-22.0,0.0067450796842752,40.32254471652959,21.79035406259549,Unintentional
User_73,2025-02-19 19:51:54,0.676,0.4558,Running,Koila,Reckless_Driving,2way,0.0,30,5G,-96,74.0,-19.0,0.0016663912691285,40.32147193641239,21.791258825989416,Unintentional
User_66,2025-02-19 20:27:39,0.325,0.4857,Running,Ligeris,Speeding,2way,1.0,80,WiFi,Ethernet,1.0,-24.0,0.0011062116479926,40.30589770650084,21.807362530012067,Unintentional
User_32,2025-02-19 21:02:06,0.508,0.4008,Walking,Ligeris,8,1way,1.0,40,5G,-118,70.0,-18.0,0.0036826609356521,40.30680857020078,21.791258825989416,Unintentional
User_33,2025-02-19 22:26:49,0.486,0.2396,Running,Zep,Speeding,2way,1.0,40,3G,-75,83.0,21.0,0.0081725955438451,40.278856158358955,21.753921534276643,Unintentional
User_63,2025-02-19 23:17:08,0.408,0.3194,Driving,Ligeris,Speeding,2way,1.0,50,5G,-78,54.0,23.0,0.0092305837164944,40.30658365969838,21.80767561052508,Unintentional
User_74,2025-02-19 23:53:30,0.6,0.5725,Driving,Ligeris,Driving_Under_Influence,2way,1.0,40,4G,-70,73.0,-18.0,0.0057271729697465,40.30756231217022,21.808719423596873,Unintentional
User_33,2025-02-20 03:01:07,0.486,0.2406,Running,Ligeris,Speeding,2way,0.0,40,5G,-90,44.0,-25.0,0.0013107020283472,40.30724530306623,21.80632576624495,Unintentional
User_64,2025-02-20 06:50:38,0.257,0.1136,Driving,Ligeris,Reckless_Driving,2way,0.0,50,4G,-83,67.0,22.0,0.004231889083183,40.30622692377462,21.80810295609281,Unintentional
User_72,2025-02-20 11:56:25,0.697,0.2012,Driving,Koila,Speeding,2way,0.0,40,WiFi,-75,16.0,17.0,0.0057271729697465,40.32263229141342,21.78910294890092,Unintentional
User_94,2025-02-20 14:30:49,0.648,0.1638,Driving,Ligeris,Speeding,2way,3.0,30,3G,-94,23.0,-2.0,0.028,40.30543610562759,21.80754716601301,Unintentional
User_73,2025-02-20 15:42:35,0.676,0.4568,Running,Zep,Driving_Under_Influence,1way,0.0,70,3G,-115,47.0,-14.0,0.047,40.279502774197624,21.754888602616788,Unintentional
User_86,2025-02-20 16:43:19,0.63,0.3693,Walking,Ligeris,Speeding,2way,1.0,50,WiFi,-55,42.0,23.0,0.0062783940694086,40.30686220406836,21.8083946330722,Unintentional
User_08,2025-02-20 16:57:54,0.508,0.4766,Running,Koila,8,4way,1.0,50,4G,-91,32.0,18.0,0.0023824715354958,40.32349578931447,21.792671249667286,Unintentional
User_11,2025-02-20 19:28:47,0.539,0.2756,Running,Zep,Speeding,2way,3.0,10,4G,-96,24.0,-11.0,0.026,40.279924331253184,21.752496666334117,Unintentional
User_44,2025-02-20 20:11:01,0.332,0.2037,Running,Koila,Speeding,2way,1.0,50,5G,-82,48.0,15.0,0.031,40.30622692377462,21.790947392978683,Unintentional
User_92,2025-02-20 22:54:51,0.611,0.4841,Driving,Ligeris,Reckless_Driving,2way,1.0,70,WiFi,-54,90.0,-13.0,0.021,40.30622692377462,21.80617217179246,Unintentional
User_11,2025-02-21 00:30:13,0.539,0.2766,Running,Koila,Driving_Under_Influence,1way,1.0,40,3G,Ethernet,99.0,-20.0,0.0043511021757116,40.32085970868712,21.7907777629358,Unintentional
User_28,2025-02-21 03:32:37,0.561,0.2045,Driving,Zep,Speeding,2way,1.0,50,4G,-110,48.0,21.0,0.0079046682935719,40.27956673816992,21.753225218390018,Unintentional
User_79,2025-02-21 04:07:48,0.426,0.5725,Walking,Ligeris,Speeding,2way,0.0,40,5G,-113,92.0,19.0,0.0081043626274265,40.307105931738874,21.80716214525411,Unintentional
User_29,2025-02-21 05:31:38,0.309,0.3236,Walking,Koila,Driving_Under_Influence,2way,1.0,10,5G,-81,71.0,-21.0,0.0044650886936997,40.32029862386032,21.79100799395492,Unintentional
User_43,2025-02-21 07:20:36,0.255,0.3763,Walking,Koila,Driving_Under_Influence,2way,0.0,60,5G,-71,38.0,17.0,0.0044358649713688,40.32162499519264,21.791258825989416,Unintentional
User_95,2025-02-21 09:53:17,0.739,0.5725,Walking,Ligeris,Speeding,1way,2.0,70,4G,-92,57.0,18.0,0.0057271729697465,40.306615268165366,21.80555350893704,Unintentional
User_71,2025-02-21 12:02:30,0.431,0.387,Driving,Ligeris,Speeding,1way,0.0,40,WiFi,-50,44.0,0.0,0.021,40.30674980692043,21.809337177815085,Unintentional
User_15,2025-02-21 14:32:26,0.585,0.1344,Walking,Koila,Driving_Under_Influence,4way,0.0,80,5G,-83,48.0,-7.0,0.023,40.30622692377462,21.79008644472767,Unintentional
User_72,2025-02-21 14:38:30,0.697,0.2032,Walking,Zep,Driving_Under_Influence,2way,1.0,20,4G,-95,55.0,-7.0,0.035,40.2792971738473,21.75318403838043,Unintentional
User_91,2025-02-21 20:23:43,0.409,0.1722,Walking,Koila,Speeding,2way,0.0,40,3G,-83,63.0,7.0,0.025,40.3216610408283,21.791258825989416,Unintentional
User_42,2025-02-22 04:54:54,0.577,0.3692,Walking,Ligeris,Reckless_Driving,2way,3.0,10,4G,-103,70.0,2.0,0.021,40.30572090883068,21.80865464194251,Unintentional
User_93,2025-02-22 06:31:25,0.508,0.2071,Walking,Ligeris,Speeding,2way,0.0,60,WiFi,-89,17.0,17.0,0.0085251798880158,40.30652640735401,21.791258825989416,Unintentional
User_03,2025-02-22 06:54:22,0.381,0.5725,Running,Ligeris,Reckless_Driving,2way,3.0,100,3G,-79,81.0,20.0,0.0078878007817308,40.30590742282059,21.809257154622056,Unintentional
User_59,2025-02-22 07:46:06,0.696,0.4728,Walking,Ligeris,Driving_Under_Influence,2way,1.0,40,4G,-118,14.0,-21.0,0.0084445451829505,40.306868628972985,21.8079700319545,Unintentional
User_06,2025-02-22 08:28:46,0.614,0.4773,Running,Ligeris,Speeding,2way,1.0,40,5G,-82,48.0,21.0,0.0075530035402437,40.30610947849884,21.80736387318818,Unintentional
User_32,2025-02-22 11:06:29,0.694,0.5725,Driving,Koila,Reckless_Driving,4way,0.0,40,5G,-94,56.0,-25.0,0.0083098989257949,40.32250796916637,21.790074683074316,Unintentional
User_12,2025-02-22 16:15:02,0.251,0.1267,Running,Zep,Speeding,2way,5.0,40,WiFi,-87,43.0,22.0,0.0057271729697465,40.27973851123503,21.753429110471934,Unintentional
User_01,2025-02-22 16:26:41,0.618,0.4225,Running,Ligeris,Speeding,2way,0.0,40,4G,-113,89.0,25.0,0.007662071585357,40.305095599710725,21.807663633642708,Unintentional
User_14,2025-02-22 17:32:58,0.549,0.1217,Driving,Koila,Reckless_Driving,2way,1.0,70,3G,-88,87.0,16.0,0.036,40.30622692377462,21.79073420026007,Unintentional
User_52,2025-02-22 17:42:36,0.399,0.4429,Walking,Ligeris,9,2way,1.0,10,WiFi,-89,80.0,9.0,0.044,40.30616718188106,21.791258825989416,Unintentional
User_48,2025-02-22 18:19:00,0.611,0.3253,Walking,Ligeris,Reckless_Driving,2way,1.0,40,5G,-73,63.0,-19.0,0.0021858722508738,40.27919850640678,21.75240008067732,Unintentional
User_26,2025-02-22 19:03:09,0.642,0.2622,Walking,Ligeris,Speeding,1way,1.0,10,WiFi,-90,19.0,20.0,0.0020805417208534,40.30630645311799,21.807563364164142,Unintentional
User_58,2025-02-22 20:27:10,0.669,0.5725,Running,Ligeris,9,4way,0.0,50,4G,Ethernet,48.0,11.0,0.031,40.307157519068866,21.80798332139354,Unintentional
User_45,2025-02-22 21:21:09,0.508,0.1635,Walking,Ligeris,Speeding,1way,1.0,70,4G,Ethernet,48.0,9.0,0.035,40.30621583496333,21.80634196922789,Unintentional
User_36,2025-02-23 00:03:26,0.394,0.4419,Driving,Ligeris,Driving_Under_Influence,2way,5.0,Harassing_Driver,WiFi,-75,85.0,11.0,0.042,40.30676011156881,21.80757546489333,Unintentional
User_29,2025-02-23 00:53:33,0.309,0.3276,Driving,Koila,Speeding,2way,1.0,Illegal_Parking,4G,-95,32.0,20.0,0.0057271729697465,40.32175198955432,21.790573856438726,Unintentional
User_94,2025-02-23 03:04:25,0.648,0.1698,Running,Ligeris,Speeding,2way,0.0,20,WiFi,-80,83.0,-11.0,0.043,40.30605297103037,21.807537104143773,Unintentional
User_62,2025-02-23 04:53:14,0.346,0.3593,Walking,Ligeris,Reckless_Driving,2way,0.0,50,4G,-110,75.0,20.0,0.0068210891796299,40.279672994619744,21.75400257100016,Unintentional
User_50,2025-02-23 05:35:56,0.477,0.4337,Walking,Ligeris,Speeding,1way,3.0,10,WiFi,-56,92.0,8.0,0.043,40.305248633759085,21.806099800352776,Unintentional
User_16,2025-02-23 08:40:59,0.508,0.2319,Running,Zep,Reckless_Driving,1way,1.0,60,4G,-105,49.0,23.0,0.0028452898961445,40.27944693466199,21.754064072172028,Unintentional
User_84,2025-02-23 11:59:31,0.689,0.2846,Driving,Zep,Speeding,1way,0.0,40,3G,-104,27.0,4.0,0.049,40.27904833750992,21.753123048048497,Unintentional
User_48,2025-02-23 12:12:50,0.611,0.3263,Driving,Zep,Speeding,2way,0.0,40,WiFi,-88,50.0,14.0,0.046,40.30622692377462,21.753966340181755,Unintentional
User_79,2025-02-23 15:35:04,0.426,0.1466,Walking,Ligeris,Driving_Under_Influence,4way,0.0,20,4G,-84,32.0,-19.0,0.0013042951056931,40.30650052813297,21.791258825989416,Unintentional
User_93,2025-02-23 16:50:03,0.418,0.2101,Running,Koila,Speeding,2way,1.0,80,WiFi,-57,99.0,4.0,0.024,40.320470701943314,21.791258825989416,Unintentional
User_39,2025-02-23 19:03:09,0.685,0.3678,Driving,Ligeris,Driving_Under_Influence,4way,150.0,40,4G,-100,54.0,21.0,0.0011881098891035,40.30635009225192,21.80751887165739,Unintentional
User_99,2025-02-23 21:14:34,0.618,0.3143,Walking,Ligeris,Driving_Under_Influence,4way,0.0,20,4G,-76,48.0,-25.0,0.0088141801682461,40.306394448506296,21.80653820884937,Unintentional
User_39,2025-02-23 21:41:06,0.685,0.5725,Running,Ligeris,Driving_Under_Influence,2way,0.0,50,3G,-103,98.0,-25.0,0.0095215448920178,40.322036761286945,21.79173237110218,Unintentional
User_30,2025-02-23 21:59:56,0.508,0.3745,Walking,Zep,Reckless_Driving,2way,3.0,70,3G,-76,36.0,-5.0,0.025,40.280349702901624,21.752518795639133,Unintentional
User_08,2025-02-24 00:47:56,0.508,0.4846,Walking,Koila,Speeding,4way,0.0,20,WiFi,-75,11.0,4.0,0.037,40.32151318498807,21.79197343569285,Unintentional
User_75,2025-02-24 02:33:23,0.544,0.4504,Running,Zep,Driving_Under_Influence,1way,0.0,40,3G,-76,19.0,-1.0,0.033,40.2792143937056,21.752903429591218,Unintentional
User_81,2025-02-24 06:37:49,0.482,0.3564,Walking,Koila,Reckless_Driving,2way,140.0,30,4G,-79,45.0,-20.0,0.0057271729697465,40.30622692377462,21.792339714504006,Unintentional
User_52,2025-02-24 06:40:12,0.399,0.4459,Running,Zep,Speeding,2way,0.0,40,3G,-84,48.0,-14.0,0.032,40.279037921254314,21.754346490695497,Unintentional
User_98,2025-02-24 07:17:31,0.553,0.3529,Walking,Zep,Speeding,4way,0.0,50,3G,-108,98.0,-21.0,0.0049368651463811,40.27963658865187,21.75284984959824,Unintentional
User_02,2025-02-24 08:50:32,0.504,0.2948,Running,Koila,Speeding,1way,5.0,30,4G,Ethernet,55.0,-20.0,0.0066476398634282,40.32209349269756,21.79141132005668,Unintentional
User_67,2025-02-24 14:40:16,0.557,0.2916,Walking,Ligeris,Reckless_Driving,4way,2.0,70,3G,-91,62.0,4.0,0.026,40.30738273941869,21.80739149757837,Unintentional
User_33,2025-02-24 15:42:49,0.486,0.2486,Driving,Ligeris,Speeding,4way,0.0,10,3G,-113,31.0,0.0,0.022,40.32199608780636,21.79174008066939,Unintentional
User_84,2025-02-24 17:35:34,0.689,0.2866,Walking,Zep,Reckless_Driving,2way,1.0,50,WiFi,-69,48.0,21.0,0.0014895827299292,40.27848070129593,21.75355021181039,Unintentional
User_50,2025-02-24 18:18:16,0.477,0.4367,Walking,Ligeris,Driving_Under_Influence,1way,1.0,80,WiFi,-73,95.0,-3.0,0.045,40.30680499972976,21.806629605929206,Unintentional
User_16,2025-02-24 19:49:39,0.438,0.2339,Walking,Ligeris,Reckless_Driving,2way,1.0,50,5G,-93,97.0,20.0,0.0080182756875935,40.30622692377462,21.809669294224427,Unintentional
User_61,2025-02-24 20:46:57,0.261,0.2075,Walking,Zep,Speeding,2way,0.0,10,3G,-114,7.0,23.0,0.0071743521829613,40.30622692377462,21.755538263648145,Unintentional
User_47,2025-02-24 20:52:14,0.636,0.5725,Walking,Ligeris,Speeding,1way,0.0,50,3G,-91,51.0,0.0,0.027,40.306524326102874,21.80745134693417,Unintentional
User_37,2025-02-24 21:14:51,0.508,0.5725,Walking,Koila,Driving_Under_Influence,2way,0.0,30,3G,-97,94.0,22.0,0.0038598419243806,40.32184129595931,21.793327407403332,Unintentional
User_39,2025-02-24 22:38:54,0.685,0.3708,Running,Ligeris,Reckless_Driving,2way,1.0,80,4G,Ethernet,98.0,-8.0,0.028,40.30603587757247,21.80725872393273,Unintentional
User_42,2025-02-25 03:40:31,0.577,0.3752,Walking,Ligeris,Reckless_Driving,1way,0.0,50,3G,-84,10.0,24.0,0.0068384863502528,40.3060422865557,21.80958741575457,Unintentional
User_62,2025-02-25 03:59:39,0.346,0.3623,Running,Ligeris,Reckless_Driving,2way,0.0,40,WiFi,-60,70.0,13.0,0.023,40.30630381127858,21.80655887470115,Unintentional
User_35,2025-02-25 05:46:42,0.379,0.3166,Walking,Zep,Driving_Under_Influence,1way,1.0,60,WiFi,-51,83.0,-7.0,0.048,40.279746716802144,21.753861002861576,Unintentional
User_15,2025-02-25 13:45:40,0.585,0.1434,Walking,Zep,Driving_Under_Influence,1way,1.0,30,4G,-91,75.0,19.0,0.0097743755801384,40.27941992723558,21.751250617035033,Unintentional
User_25,2025-02-25 14:55:38,0.627,0.1693,Driving,Ligeris,Reckless_Driving,4way,4.0,40,3G,-75,18.0,-12.0,0.022,40.3057269960115,21.809703973001483,Unintentional
User_82,2025-02-25 17:35:55,0.499,0.4684,Driving,Zep,Driving_Under_Influence,1way,1.0,80,3G,-83,49.0,24.0,0.0087084535934208,40.28025627208216,21.753524997400913,Unintentional
User_95,2025-02-25 19:45:38,0.508,0.2003,Running,Zep,Driving_Under_Influence,4way,0.0,60,3G,-87,55.0,23.0,0.0067868647957577,40.28036382528423,21.75321368486555,Unintentional
User_92,2025-02-25 21:59:36,0.611,0.4941,Driving,Ligeris,Reckless_Driving,2way,0.0,30,4G,-83,62.0,0.0,0.032,40.30611582175083,21.805813026843435,Unintentional
User_61,2025-02-26 02:06:44,0.261,0.2105,Driving,Zep,Driving_Under_Influence,1way,1.0,50,4G,-118,78.0,25.0,0.001586884587834,40.28007836767709,21.751598593954025,Unintentional
User_73,2025-02-26 02:09:07,0.676,0.4698,Running,Ligeris,Driving_Under_Influence,2way,3.0,40,3G,Ethernet,32.0,24.0,0.0069639972744273,40.30562671180776,21.808431873931937,Unintentional
User_68,2025-02-26 05:10:56,0.736,0.4275,Walking,Zep,Speeding,4way,4.0,70,3G,-111,67.0,19.0,0.0078472636457888,40.30622692377462,21.750941618517988,Unintentional
User_53,2025-02-26 06:45:21,0.364,0.5725,Walking,Ligeris,Reckless_Driving,4way,5.0,80,WiFi,-50,93.0,9.0,0.033,40.30622692377462,21.80840376183275,Unintentional
User_93,2025-02-26 08:12:46,0.418,0.2151,Running,Koila,Speeding,4way,0.0,40,4G,Ethernet,97.0,0.0,0.033,40.322324334989354,21.791430572962433,Unintentional
User_06,2025-02-26 08:37:07,0.614,0.4863,Driving,Koila,Speeding,2way,0.0,80,4G,-95,12.0,1.0,0.042,40.321965684208806,21.790138523566768,Unintentional
User_62,2025-02-26 10:54:43,0.346,0.3653,Driving,Zep,8,2way,4.0,60,3G,-84,25.0,-16.0,0.038,40.2800416512057,21.75251146942827,Unintentional
User_31,2025-02-26 11:35:19,0.72,0.3639,Walking,Ligeris,Driving_Under_Influence,2way,0.0,Harassing_Driver,4G,-116,55.0,13.0,0.037,40.30625338949874,21.791258825989416,Unintentional
User_58,2025-02-27 03:21:15,0.508,0.247,Driving,Ligeris,Driving_Under_Influence,1way,0.0,90,WiFi,-82,36.0,-11.0,0.041,40.30632676944805,21.807489325675775,Unintentional
User_27,2025-02-27 04:39:33,0.319,0.4276,Running,Ligeris,Reckless_Driving,1way,1.0,90,5G,-117,0.0,5.0,0.047,40.30588080986411,21.80783779343024,Unintentional
User_85,2025-02-27 07:37:01,0.572,0.5112,Running,Ligeris,Speeding,2way,1.0,80,WiFi,-66,2.0,-16.0,0.021,40.30518663154687,21.791258825989416,Unintentional
User_21,2025-02-27 08:09:02,0.508,0.5725,Driving,Ligeris,Speeding,1way,2.0,40,4G,-105,93.0,11.0,0.049,40.30622692377462,21.753761457218538,Unintentional
User_56,2025-02-27 08:51:27,0.419,0.2906,Walking,Ligeris,Driving_Under_Influence,2way,1.0,20,4G,-77,48.0,-2.0,0.041,40.306186178743445,21.808737322528593,Unintentional
User_25,2025-02-27 10:02:53,0.627,0.1733,Walking,Koila,Speeding,2way,160.0,70,3G,-75,37.0,-18.0,0.0075572157019541,40.32119197566283,21.792271899498974,Unintentional
User_02,2025-02-27 11:13:39,0.508,0.5725,Walking,Ligeris,Driving_Under_Influence,4way,1.0,Illegal_Parking,WiFi,-62,48.0,-2.0,0.031,40.30642147793143,21.80724396781732,Unintentional
User_50,2025-02-27 11:30:01,0.477,0.4417,Walking,Ligeris,Driving_Under_Influence,1way,0.0,30,3G,-102,48.0,19.0,0.0051534759017196,40.30680100036861,21.806861570798976,Unintentional
User_52,2025-02-27 11:30:35,0.399,0.4519,Driving,Ligeris,Speeding,2way,0.0,90,3G,-117,58.0,5.0,0.037,40.30622692377462,21.75271150002227,Unintentional
User_12,2025-02-27 12:16:52,0.508,0.1357,Driving,Koila,Speeding,4way,150.0,40,WiFi,-64,48.0,0.0,0.032,40.321923229809485,21.791120950926302,Unintentional
User_82,2025-02-27 15:12:14,0.499,0.5725,Walking,Zep,Reckless_Driving,1way,0.0,30,3G,-110,92.0,-15.0,0.032,40.278521035524335,21.753774995128747,Unintentional
User_33,2025-02-27 15:47:57,0.486,0.2556,Running,Ligeris,Reckless_Driving,2way,2.0,40,4G,-86,75.0,6.0,0.043,40.306172648323994,21.80894892764205,Unintentional
User_99,2025-02-27 17:59:59,0.508,0.3223,Running,Zep,Driving_Under_Influence,2way,1.0,40,5G,Ethernet,89.0,22.0,0.003802981613443,40.27966307518531,21.75336876309092,Unintentional
User_28,2025-02-27 18:20:41,0.508,0.5725,Running,Ligeris,Speeding,4way,0.0,70,5G,-97,19.0,18.0,0.0012547760837528,40.30627914795502,21.807318864112872,Unintentional
User_11,2025-02-27 18:45:25,0.539,0.2896,Walking,Ligeris,Reckless_Driving,2way,150.0,60,WiFi,-61,53.0,-3.0,0.047,40.30581726128383,21.80621356647197,Unintentional
User_24,2025-02-27 20:05:48,0.7,0.5725,Running,Ligeris,Driving_Under_Influence,2way,0.0,80,3G,Ethernet,99.0,3.0,0.026,40.32310012319968,21.79163986411332,Unintentional
User_76,2025-02-27 23:20:56,0.508,0.4896,Driving,Ligeris,Driving_Under_Influence,4way,0.0,10,4G,-73,26.0,7.0,0.038,40.30622692377462,21.791258825989416,Unintentional
User_57,2025-02-27 23:43:16,0.733,0.2324,Driving,Ligeris,Reckless_Driving,1way,4.0,30,3G,-120,2.0,-21.0,0.0099879478053306,40.30685096563099,21.807191077905657,Unintentional
User_12,2025-02-28 01:18:31,0.251,0.1377,Walking,Koila,8,2way,1.0,20,3G,-95,39.0,-22.0,0.0057271729697465,40.321501062835274,21.791258825989416,Unintentional
User_38,2025-02-28 15:07:29,0.448,0.2842,Running,Ligeris,Speeding,4way,2.0,60,WiFi,-82,48.0,-9.0,0.036,40.30622692377462,21.807817247169105,Unintentional
User_61,2025-02-28 15:29:33,0.508,0.2145,Driving,Ligeris,6,2way,0.0,40,4G,-107,38.0,-11.0,0.048,40.30722712687986,21.80892845546116,Unintentional
User_40,2025-02-28 15:55:07,0.498,0.3727,Running,Ligeris,Driving_Under_Influence,4way,0.0,30,WiFi,-53,80.0,6.0,0.025,40.30551443649665,21.806456590822428,Unintentional
User_55,2025-02-28 16:40:27,0.489,0.1918,Running,Zep,Reckless_Driving,2way,2.0,30,3G,-120,33.0,11.0,0.037,40.27939879792178,21.75473688352666,Unintentional
User_10,2025-02-28 16:41:13,0.508,0.4363,Walking,Zep,Reckless_Driving,2way,2.0,30,WiFi,-75,68.0,-19.0,0.0090824302494128,40.27992198001442,21.75307733752688,Unintentional
User_28,2025-02-28 19:54:18,0.561,0.2195,Driving,Zep,Speeding,4way,0.0,20,3G,-84,18.0,-25.0,0.0098709009712298,40.30622692377462,21.75324119806739,Unintentional
User_50,2025-02-28 22:52:42,0.477,0.4447,Running,Ligeris,Speeding,2way,1.0,70,4G,-95,48.0,16.0,0.048,40.30744445258974,21.806790905291813,Unintentional
User_84,2025-02-28 23:41:30,0.689,0.2946,Running,Zep,Driving_Under_Influence,2way,1.0,80,3G,-120,13.0,-11.0,0.031,40.279936992651585,21.751956047212403,Unintentional
User_93,2025-03-01 02:09:40,0.418,0.2211,Walking,Zep,Speeding,2way,1.0,20,WiFi,-69,33.0,6.0,0.027,40.27945738311191,21.752278293708,Unintentional
User_58,2025-03-01 04:02:12,0.669,0.251,Walking,Ligeris,Driving_Under_Influence,2way,1.0,40,3G,-103,74.0,-17.0,0.0040298598659361,40.30587257962274,21.80850624320933,Unintentional
User_09,2025-03-01 05:16:13,0.377,0.4968,Driving,Ligeris,Speeding,2way,1.0,80,5G,-84,49.0,24.0,0.0035355935808593,40.30645418569061,21.80660423814581,Unintentional
User_67,2025-03-01 08:17:32,0.557,0.5725,Driving,Zep,Driving_Under_Influence,4way,4.0,80,4G,-115,30.0,9.0,0.021,40.28021636361905,21.754810712511183,Unintentional
User_55,2025-03-01 08:44:49,0.489,0.1938,Driving,Zep,Driving_Under_Influence,2way,1.0,20,3G,-112,46.0,-18.0,0.009147506838507,40.30622692377462,21.75312743986385,Unintentional
User_69,2025-03-01 10:54:23,0.289,0.2696,Driving,Ligeris,Reckless_Driving,2way,2.0,60,3G,-106,84.0,-22.0,0.0014855232693024,40.307644353690655,21.791258825989416,Unintentional
User_63,2025-03-01 12:30:44,0.408,0.3394,Walking,Koila,Speeding,2way,1.0,30,5G,-112,71.0,11.0,0.025,40.32240602454937,21.792232299430555,Unintentional
User_15,2025-03-01 13:36:31,0.585,0.1504,Walking,Ligeris,Driving_Under_Influence,1way,0.0,60,WiFi,-84,88.0,23.0,0.0018386583028136,40.3071063348228,21.805854291922817,Unintentional
User_72,2025-03-01 14:05:45,0.697,0.2202,Driving,Ligeris,Speeding,4way,3.0,40,WiFi,-58,50.0,0.0,0.036,40.30616649731394,21.807594772809953,Unintentional
User_88,2025-03-01 15:44:08,0.676,0.151,Running,Zep,Speeding,2way,1.0,40,3G,-105,79.0,24.0,0.0085886627195859,40.27965791336245,21.751037735824937,Unintentional
User_88,2025-03-01 15:45:36,0.676,0.152,Walking,Ligeris,Driving_Under_Influence,2way,1.0,Lane_Discards,3G,-105,22.0,-19.0,0.0057271729697465,40.32137748127472,21.791073850255053,Unintentional
User_24,2025-03-01 19:33:35,0.7,0.343,Running,Ligeris,7,2way,0.0,20,3G,-97,84.0,11.0,0.041,40.32122604814827,21.78993431103674,Unintentional
User_42,2025-03-01 20:30:08,0.577,0.5725,Walking,Ligeris,Speeding,1way,1.0,60,5G,-72,48.0,-6.0,0.028,40.30622692377462,21.808589124067073,Unintentional
User_40,2025-03-02 02:51:23,0.498,0.5725,Walking,Ligeris,Driving_Under_Influence,2way,0.0,70,5G,-71,52.0,-16.0,0.026,40.30622692377462,21.807649353474932,Unintentional
User_93,2025-03-02 03:50:18,0.418,0.2231,Walking,Koila,Driving_Under_Influence,1way,1.0,10,4G,-114,35.0,21.0,0.0012760023078336,40.32248429395491,21.79038506789374,Unintentional
User_26,2025-03-02 04:44:39,0.642,0.2772,Walking,Zep,Speeding,2way,2.0,Illegal_Parking,3G,-107,48.0,-21.0,0.0057271729697465,40.27854124324936,21.753963321257903,Unintentional
User_81,2025-03-02 07:23:47,0.482,0.3684,Walking,Koila,Speeding,2way,0.0,80,3G,Ethernet,18.0,-6.0,0.021,40.32293431288324,21.79109783507309,Unintentional
User_07,2025-03-02 09:36:34,0.319,0.376,Walking,Zep,6,2way,1.0,80,3G,-91,3.0,-17.0,0.0093582915478409,40.27942686789901,21.752064352953877,Unintentional
User_74,2025-03-02 10:36:15,0.6,0.1295,Walking,Koila,Speeding,1way,1.0,60,3G,-111,75.0,0.0,0.034,40.3219216069434,21.7911219580351,Unintentional
User_88,2025-03-02 11:42:10,0.508,0.154,Running,Ligeris,Reckless_Driving,2way,0.0,30,4G,-73,48.0,24.0,0.0086042763743271,40.30706697802955,21.805840107622963,Unintentional
User_24,2025-03-02 11:51:39,0.508,0.345,Running,Ligeris,Speeding,2way,0.0,10,4G,-92,48.0,11.0,0.026,40.305430534595665,21.791258825989416,Unintentional
User_13,2025-03-02 13:01:59,0.657,0.2539,Walking,Koila,Speeding,2way,1.0,20,WiFi,Ethernet,64.0,19.0,0.0034787086259071,40.322580296580334,21.790358347708068,Unintentional
User_56,2025-03-02 13:45:20,0.419,0.2976,Driving,Ligeris,Reckless_Driving,1way,1.0,40,WiFi,-59,32.0,-11.0,0.036,40.27907955572461,21.753927782782668,Unintentional
User_97,2025-03-02 13:56:03,0.508,0.4779,Running,Ligeris,Speeding,2way,0.0,20,4G,-114,48.0,12.0,0.022,40.305337356726355,21.80869116361685,Unintentional
User_33,2025-03-02 15:22:08,0.486,0.5725,Driving,Ligeris,Driving_Under_Influence,2way,0.0,90,3G,-75,60.0,0.0,0.049,40.30582936654432,21.808135331374647,Unintentional
User_96,2025-03-02 15:41:53,0.722,0.1366,Walking,Zep,Speeding,2way,1.0,20,3G,-92,67.0,20.0,0.0041367068762297,40.280090552572325,21.752088579867355,Unintentional
User_08,2025-03-02 23:44:21,0.325,0.4976,Walking,Koila,Speeding,2way,0.0,100,3G,-80,53.0,-25.0,0.0022119219000708,40.32233714986763,21.791808195896664,Unintentional
User_70,2025-03-03 00:37:29,0.359,0.4572,Running,Ligeris,Speeding,2way,3.0,60,5G,-80,41.0,21.0,0.0057271729697465,40.27919180094481,21.753841635982113,Unintentional
User_72,2025-03-03 02:37:54,0.697,0.2232,Running,Ligeris,Reckless_Driving,2way,0.0,70,3G,-100,31.0,6.0,0.024,40.32183065747075,21.791539449642514,Unintentional
User_25,2025-03-03 03:33:40,0.627,0.5725,Walking,Ligeris,7,1way,2.0,30,5G,-91,48.0,20.0,0.0019652949766397,40.30622692377462,21.7530987521232,Unintentional
User_66,2025-03-03 06:22:23,0.325,0.5087,Running,Zep,Driving_Under_Influence,1way,2.0,90,WiFi,-66,46.0,-25.0,0.0036788726449289,40.280811903333046,21.75334846986799,Unintentional
User_50,2025-03-03 07:00:45,0.477,0.5725,Driving,Zep,Driving_Under_Influence,2way,0.0,40,WiFi,-50,32.0,25.0,0.0039246516792507,40.27953925123539,21.753381287085137,Unintentional
User_60,2025-03-03 07:58:53,0.602,0.5725,Running,Zep,Speeding,2way,140.0,30,5G,-75,76.0,-18.0,0.0086796880678267,40.279330672064674,21.791258825989416,Unintentional
User_13,2025-03-03 09:51:01,0.657,0.2549,Running,Ligeris,Driving_Under_Influence,2way,0.0,70,3G,Ethernet,23.0,1.0,0.033,40.30663007908155,21.791258825989416,Unintentional
User_48,2025-03-03 11:34:24,0.508,0.5725,Running,Ligeris,Reckless_Driving,1way,0.0,60,5G,-82,24.0,-25.0,0.006472993683639,40.30628297832059,21.791258825989416,Unintentional
User_56,2025-03-03 11:58:10,0.419,0.2986,Running,Zep,Reckless_Driving,2way,0.0,60,5G,-75,48.0,19.0,0.0043671771712658,40.280376620064054,21.75431297033795,Unintentional
User_20,2025-03-03 14:01:29,0.686,0.4524,Running,Ligeris,Reckless_Driving,2way,3.0,Lane_Discards,4G,-107,44.0,22.0,0.0052288645688071,40.32253459864526,21.792670755230716,Unintentional
User_14,2025-03-03 14:11:56,0.549,0.1387,Driving,Ligeris,Driving_Under_Influence,2way,160.0,70,3G,Ethernet,87.0,-6.0,0.033,40.30703935317152,21.807305269933707,Unintentional
User_24,2025-03-03 15:11:54,0.7,0.347,Driving,Zep,Reckless_Driving,1way,0.0,40,3G,-96,86.0,0.0,0.041,40.27947474904938,21.791258825989416,Unintentional
User_22,2025-03-03 16:46:02,0.712,0.1633,Running,Ligeris,Reckless_Driving,2way,0.0,40,4G,-118,88.0,14.0,0.049,40.305096531963386,21.807207942590985,Unintentional
User_36,2025-03-03 18:43:59,0.394,0.4589,Driving,Ligeris,Speeding,4way,2.0,60,3G,-75,63.0,11.0,0.032,40.30622692377462,21.791258825989416,Unintentional
User_18,2025-03-03 19:25:53,0.271,0.2664,Driving,Ligeris,Driving_Under_Influence,2way,0.0,10,4G,Ethernet,26.0,-11.0,0.042,40.30535808592287,21.80835469597827,Unintentional
User_30,2025-03-03 21:28:23,0.577,0.3905,Running,Koila,Reckless_Driving,1way,140.0,60,5G,-110,30.0,-16.0,0.022,40.322838524035554,21.79063485233439,Unintentional
User_85,2025-03-03 21:44:08,0.508,0.5202,Walking,Zep,Reckless_Driving,4way,160.0,40,4G,-75,51.0,-11.0,0.046,40.281213608411505,21.75255639838368,Unintentional
User_97,2025-03-04 00:10:07,0.296,0.4809,Walking,Koila,Reckless_Driving,2way,1.0,30,4G,-75,8.0,-1.0,0.023,40.322186980240446,21.79173695105139,Unintentional
User_25,2025-03-04 02:09:19,0.508,0.5725,Running,Ligeris,Speeding,1way,5.0,30,4G,-109,95.0,-19.0,0.0069989325372068,40.30628917348944,21.807524484689186,Unintentional
User_77,2025-03-04 08:29:17,0.508,0.5725,Driving,Koila,Speeding,4way,0.0,40,4G,-75,89.0,20.0,0.0062616384182234,40.30622692377462,21.792129799897577,Unintentional
User_42,2025-03-04 09:39:13,0.577,0.3892,Driving,Zep,Reckless_Driving,1way,0.0,40,4G,-120,48.0,-2.0,0.033,40.30622692377462,21.791258825989416,Unintentional
User_57,2025-03-04 09:54:02,0.508,0.2414,Walking,Ligeris,Speeding,4way,0.0,70,5G,Ethernet,63.0,25.0,0.007372072969551,40.30622692377462,21.80710428095824,Unintentional
User_100,2025-03-04 09:54:37,0.508,0.3231,Running,Ligeris,Driving_Under_Influence,1way,150.0,40,5G,-90,72.0,22.0,0.0084315489333481,40.307117799896645,21.808966255770095,Unintentional
User_93,2025-03-04 12:08:54,0.418,0.2271,Running,Koila,Driving_Under_Influence,2way,0.0,60,3G,-117,19.0,22.0,0.0037413974099897,40.321974938382496,21.791258825989416,Unintentional
User_33,2025-03-04 13:25:40,0.486,0.5725,Walking,Ligeris,Speeding,2way,0.0,70,3G,-67,76.0,11.0,0.032,40.27856377037744,21.753388592330246,Unintentional
User_39,2025-03-04 16:26:49,0.685,0.3868,Walking,Zep,Speeding,2way,1.0,Lane_Discards,3G,Ethernet,13.0,25.0,0.0066993016691564,40.27968904266705,21.753652772649687,Unintentional
User_28,2025-03-04 19:02:56,0.561,0.2275,Walking,Ligeris,Speeding,2way,0.0,80,5G,-115,29.0,-20.0,0.0015321022860784,40.30719861828832,21.809305247730904,Unintentional
User_93,2025-03-04 19:35:20,0.418,0.2281,Walking,Ligeris,7,1way,1.0,70,5G,-82,72.0,2.0,0.045,40.30578039483136,21.808251849335704,Unintentional
User_76,2025-03-04 19:38:55,0.349,0.4996,Walking,Zep,Speeding,2way,0.0,70,4G,Ethernet,48.0,-24.0,0.0026193562857404,40.280184467210944,21.75139125630827,Unintentional
User_60,2025-03-04 21:37:58,0.602,0.4296,Walking,Ligeris,Driving_Under_Influence,1way,5.0,30,3G,-114,48.0,20.0,0.0057271729697465,40.32228449237168,21.793265940601472,Unintentional
User_30,2025-03-04 22:04:13,0.577,0.5725,Running,Zep,Driving_Under_Influence,4way,0.0,20,WiFi,-53,23.0,12.0,0.039,40.279626958762144,21.75329237518981,Unintentional
User_65,2025-03-05 03:11:16,0.578,0.2193,Walking,Koila,Reckless_Driving,1way,0.0,40,5G,-120,48.0,16.0,0.049,40.32186281746756,21.791258825989416,Unintentional
User_24,2025-03-05 04:30:57,0.7,0.351,Driving,Ligeris,Speeding,1way,0.0,90,4G,-97,58.0,-18.0,0.0057271729697465,40.30758521523227,21.80759631406595,Unintentional
User_33,2025-03-05 07:23:20,0.486,0.2676,Driving,Koila,Driving_Under_Influence,2way,0.0,80,WiFi,Ethernet,14.0,-24.0,0.005115964974228,40.322327312734906,21.791645059131007,Unintentional
User_62,2025-03-05 09:40:24,0.346,0.3793,Walking,Koila,6,2way,0.0,20,5G,-114,7.0,13.0,0.028,40.32101782163689,21.789889939355874,Unintentional
User_05,2025-03-05 12:36:48,0.311,0.2818,Driving,Zep,Speeding,4way,0.0,40,3G,Ethernet,26.0,-6.0,0.034,40.30622692377462,21.75354779329826,Unintentional
User_96,2025-03-05 15:54:04,0.722,0.5725,Walking,Ligeris,9,2way,0.0,20,WiFi,-87,46.0,-5.0,0.047,40.30622692377462,21.80868006851159,Unintentional
User_85,2025-03-05 15:56:21,0.572,0.5242,Driving,Koila,Reckless_Driving,2way,1.0,30,5G,-112,60.0,9.0,0.029,40.320698519981526,21.791258825989416,Unintentional
User_08,2025-03-05 16:14:51,0.325,0.5026,Walking,Zep,Speeding,2way,0.0,90,3G,-113,95.0,20.0,0.0038992673048039,40.280295195661026,21.752285832059385,Unintentional
User_60,2025-03-05 22:14:48,0.602,0.4316,Walking,Ligeris,6,2way,0.0,80,WiFi,-62,94.0,21.0,0.0028151288159943,40.32069455286085,21.791914095657845,Unintentional
User_20,2025-03-05 22:48:07,0.686,0.4564,Driving,Ligeris,Reckless_Driving,2way,0.0,40,5G,Ethernet,48.0,-12.0,0.037,40.306103727562,21.807941247895975,Unintentional
User_54,2025-03-05 22:48:41,0.508,0.2731,Walking,Ligeris,Speeding,2way,0.0,Lane_Discards,3G,-98,74.0,24.0,0.0075381873347994,40.30562925100627,21.808889005131107,Unintentional
User_36,2025-03-05 23:06:36,0.394,0.5725,Running,Koila,Driving_Under_Influence,2way,0.0,Harassing_Driver,3G,-119,32.0,3.0,0.048,40.30622692377462,21.790086465515422,Unintentional
User_72,2025-03-05 23:55:14,0.508,0.2282,Driving,Koila,Driving_Under_Influence,1way,1.0,50,WiFi,-75,50.0,20.0,0.0074472579818083,40.32225370702117,21.791258825989416,Unintentional
User_100,2025-03-06 00:21:19,0.508,0.5725,Running,Ligeris,Reckless_Driving,2way,1.0,20,3G,-50,92.0,-13.0,0.041,40.30622692377462,21.806303279969303,Unintentional
User_18,2025-03-06 00:28:25,0.271,0.2714,Walking,Koila,Driving_Under_Influence,1way,1.0,80,3G,-114,70.0,1.0,0.03,40.32155063765194,21.79076838438701,Unintentional
User_83,2025-03-06 02:13:59,0.453,0.4185,Walking,Koila,Reckless_Driving,1way,1.0,30,5G,Ethernet,11.0,-19.0,0.0045642126924535,40.32129731062507,21.79121507673162,Unintentional
User_47,2025-03-06 03:59:27,0.636,0.2621,Running,Ligeris,Speeding,1way,1.0,70,4G,-84,5.0,-14.0,0.046,40.32081556525062,21.790469979551624,Unintentional
User_82,2025-03-06 04:38:05,0.508,0.4864,Walking,Zep,Reckless_Driving,1way,150.0,90,4G,Ethernet,1.0,-6.0,0.045,40.279037725427806,21.75297075048404,Unintentional
User_16,2025-03-06 06:06:50,0.438,0.2539,Driving,Ligeris,Speeding,2way,0.0,Harassing_Driver,4G,-90,26.0,14.0,0.027,40.30634726060633,21.807128347288657,Unintentional
User_51,2025-03-06 08:11:40,0.708,0.4749,Walking,Ligeris,Reckless_Driving,2way,0.0,10,4G,Ethernet,33.0,14.0,0.034,40.306671654376785,21.791258825989416,Unintentional
User_25,2025-03-06 08:38:41,0.627,0.1873,Walking,Ligeris,Driving_Under_Influence,2way,1.0,40,5G,Ethernet,94.0,-20.0,0.0066018442743084,40.30622692377462,21.80641833653276,Unintentional
User_88,2025-03-06 11:55:11,0.508,0.162,Driving,Ligeris,Reckless_Driving,2way,0.0,10,3G,-87,48.0,24.0,0.0047669682415188,40.30577852700382,21.807809299739112,Unintentional
User_43,2025-03-06 15:38:51,0.255,0.4023,Driving,Ligeris,Driving_Under_Influence,2way,3.0,40,4G,-83,48.0,17.0,0.0087242278129275,40.32337026305682,21.792433578489977,Unintentional
User_72,2025-03-06 19:30:57,0.508,0.2302,Running,Zep,Driving_Under_Influence,1way,1.0,60,5G,-93,67.0,-7.0,0.023,40.27977824273794,21.75352109586863,Unintentional
User_31,2025-03-06 22:17:01,0.72,0.3789,Walking,Ligeris,Speeding,4way,150.0,70,3G,-73,66.0,-6.0,0.034,40.306225655437906,21.807356584700287,Unintentional
User_66,2025-03-06 23:00:20,0.508,0.5157,Walking,Ligeris,Driving_Under_Influence,1way,0.0,20,WiFi,-54,56.0,-5.0,0.021,40.30685701260067,21.80759654399509,Unintentional
User_08,2025-03-07 00:20:41,0.325,0.5066,Driving,Zep,Speeding,2way,0.0,10,5G,-110,55.0,-16.0,0.037,40.30622692377462,21.791258825989416,Unintentional
User_47,2025-03-07 01:10:49,0.636,0.2641,Running,Ligeris,Speeding,1way,1.0,70,5G,-119,48.0,21.0,0.0053738946270751,40.322814432383765,21.791613891987467,Unintentional
User_78,2025-03-07 04:05:51,0.64,0.2306,Driving,Koila,Speeding,1way,1.0,40,WiFi,-70,80.0,-6.0,0.026,40.322084268241866,21.791008029389538,Unintentional
User_54,2025-03-07 05:27:59,0.508,0.2771,Driving,Ligeris,Speeding,2way,0.0,10,3G,-118,11.0,20.0,0.0020099630113212,40.306835448025254,21.808594679189888,Unintentional
User_18,2025-03-07 05:49:37,0.271,0.2734,Walking,Koila,Reckless_Driving,2way,0.0,80,5G,-78,48.0,-14.0,0.031,40.32187406313917,21.791258825989416,Unintentional
User_03,2025-03-07 07:37:08,0.508,0.3225,Running,Ligeris,Speeding,2way,0.0,10,WiFi,-58,48.0,24.0,0.002917464883955,40.30586801610583,21.80630371881875,Unintentional
User_03,2025-03-07 10:56:33,0.508,0.3235,Walking,Ligeris,Speeding,2way,0.0,20,3G,-70,36.0,-19.0,0.0018073726007726,40.30686440908767,21.8082671817145,Unintentional
User_58,2025-03-07 14:23:18,0.669,0.263,Running,Ligeris,Speeding,2way,4.0,40,5G,-83,11.0,5.0,0.038,40.30622528716004,21.80958677365456,Unintentional
User_15,2025-03-07 19:34:40,0.585,0.1634,Walking,Ligeris,Driving_Under_Influence,1way,1.0,30,4G,-71,95.0,0.0,0.044,40.30622692377462,21.753276475576985,Unintentional
User_66,2025-03-07 22:25:17,0.325,0.5177,Walking,Koila,Speeding,1way,3.0,80,4G,-77,84.0,23.0,0.0014207244937585,40.32257769517951,21.79107996142782,Unintentional
User_28,2025-03-07 22:41:35,0.561,0.2335,Running,Ligeris,Driving_Under_Influence,2way,0.0,60,4G,-85,48.0,-24.0,0.0069152630195902,40.30570580917317,21.791258825989416,Unintentional
User_20,2025-03-08 07:21:16,0.508,0.4614,Walking,Ligeris,Speeding,2way,0.0,20,3G,-85,48.0,0.0,0.022,40.32126725779653,21.79084519386765,Unintentional
User_97,2025-03-08 12:13:51,0.296,0.5725,Driving,Koila,Speeding,2way,1.0,80,WiFi,-68,27.0,-19.0,0.0098622002891964,40.32186309070845,21.79214833391278,Unintentional
User_38,2025-03-08 15:31:47,0.448,0.3002,Running,Ligeris,Reckless_Driving,2way,0.0,40,WiFi,Ethernet,89.0,-3.0,0.041,40.323126055314745,21.791258825989416,Unintentional
User_67,2025-03-08 17:22:39,0.557,0.3156,Driving,Ligeris,Speeding,2way,1.0,Lane_Discards,WiFi,-54,1.0,-2.0,0.021,40.30636839579803,21.807647304438927,Unintentional
User_33,2025-03-08 18:07:48,0.486,0.2736,Driving,Ligeris,Speeding,1way,1.0,90,5G,-93,44.0,-24.0,0.0064553330910447,40.306205759029574,21.807763885392,Unintentional
User_10,2025-03-08 18:16:38,0.719,0.4533,Running,Ligeris,Reckless_Driving,4way,0.0,40,3G,-114,12.0,-20.0,0.004246532202647,40.32333532365843,21.79292876971441,Unintentional
User_27,2025-03-08 19:00:54,0.508,0.5725,Running,Koila,Speeding,2way,0.0,40,WiFi,-63,38.0,7.0,0.023,40.32244146510086,21.79056011907307,Unintentional
User_19,2025-03-08 19:57:49,0.384,0.4723,Walking,Ligeris,Reckless_Driving,2way,1.0,60,3G,-77,91.0,-12.0,0.046,40.27975741980681,21.753289300915643,Unintentional
User_09,2025-03-08 21:10:30,0.377,0.5118,Running,Koila,Speeding,2way,1.0,50,4G,-98,48.0,0.0,0.029,40.30622692377462,21.7927947769929,Unintentional
User_02,2025-03-08 23:20:33,0.504,0.5725,Walking,Koila,Reckless_Driving,1way,0.0,Illegal_Parking,WiFi,-82,94.0,10.0,0.024,40.32288084488755,21.79154616684084,Unintentional
User_68,2025-03-09 00:29:23,0.736,0.5725,Running,Koila,Driving_Under_Influence,2way,2.0,60,WiFi,-89,25.0,-21.0,0.0019831697748167,40.320978393487344,21.79133323501677,Unintentional
User_61,2025-03-09 00:38:37,0.261,0.2325,Walking,Ligeris,Driving_Under_Influence,1way,0.0,40,4G,Ethernet,82.0,9.0,0.047,40.30622692377462,21.80754310112121,Unintentional
User_30,2025-03-09 01:32:01,0.577,0.4015,Running,Koila,Driving_Under_Influence,1way,1.0,30,5G,-112,39.0,24.0,0.0072774958946088,40.32348274269902,21.7926478670537,Unintentional
User_72,2025-03-09 05:45:37,0.697,0.2352,Walking,Zep,Reckless_Driving,2way,0.0,Lane_Discards,3G,-82,100.0,-19.0,0.0088985220665277,40.27795323630869,21.7527028301445,Unintentional
User_38,2025-03-09 06:52:39,0.508,0.3012,Driving,Zep,Reckless_Driving,1way,0.0,30,4G,-116,63.0,-23.0,0.0065191924067921,40.278761864530416,21.791258825989416,Unintentional
User_87,2025-03-09 07:34:38,0.374,0.2806,Driving,Zep,Driving_Under_Influence,1way,2.0,40,3G,-95,19.0,21.0,0.0043884869441323,40.280598209252005,21.75414813660177,Unintentional
User_20,2025-03-09 07:54:16,0.686,0.4644,Running,Zep,Speeding,1way,1.0,20,WiFi,-79,85.0,5.0,0.05,40.27986982637518,21.75203521372154,Unintentional
User_91,2025-03-09 09:13:55,0.409,0.2032,Walking,Ligeris,Driving_Under_Influence,2way,1.0,80,5G,-108,52.0,-17.0,0.0052216450184313,40.30660976878934,21.808912921921145,Unintentional
User_04,2025-03-09 09:28:13,0.295,0.5725,Driving,Zep,Speeding,4way,2.0,40,4G,-107,97.0,23.0,0.0056962822341639,40.27969219440324,21.75365761996098,Unintentional
User_14,2025-03-09 13:40:26,0.549,0.1507,Driving,Ligeris,Speeding,2way,1.0,80,3G,-97,3.0,0.0,0.027,40.32192631628872,21.7912175573263,Unintentional
User_74,2025-03-09 16:22:15,0.6,0.5725,Running,Ligeris,9,2way,0.0,20,WiFi,-50,31.0,19.0,0.0073695138838736,40.27947337119107,21.753361008199256,Unintentional
User_36,2025-03-09 19:06:31,0.394,0.5725,Running,Zep,Reckless_Driving,1way,0.0,40,3G,-81,73.0,-1.0,0.035,40.27854112805237,21.753878528382327,Unintentional
User_58,2025-03-10 01:58:29,0.669,0.269,Walking,Koila,9,4way,0.0,40,5G,Ethernet,48.0,-23.0,0.0013094266788227,40.3206010401466,21.790321437451432,Unintentional
User_81,2025-03-10 02:41:25,0.482,0.3844,Walking,Ligeris,Speeding,2way,0.0,70,3G,-74,37.0,22.0,0.0067578336023627,40.30588148227246,21.808862072656066,Unintentional
User_73,2025-03-10 05:19:52,0.508,0.4928,Running,Koila,Speeding,1way,0.0,60,5G,-113,30.0,-20.0,0.0031137638586726,40.32101364927533,21.791515731713577,Unintentional
User_35,2025-03-10 06:19:19,0.379,0.3426,Walking,Zep,Driving_Under_Influence,2way,1.0,90,3G,Ethernet,53.0,0.0,0.037,40.279418705004986,21.75326482660121,Unintentional
User_80,2025-03-10 07:37:00,0.313,0.3505,Driving,Ligeris,Driving_Under_Influence,2way,0.0,80,5G,-97,48.0,5.0,0.049,40.3062244089171,21.80749295471326,Unintentional
User_17,2025-03-10 07:49:45,0.383,0.1612,Running,Zep,Driving_Under_Influence,2way,1.0,30,WiFi,-83,20.0,-17.0,0.0057271729697465,40.279725470707504,21.75339423836464,Unintentional
User_15,2025-03-10 08:47:03,0.585,0.1684,Walking,Ligeris,Speeding,2way,1.0,50,3G,-85,96.0,-21.0,0.0072573829926352,40.30771863318587,21.80777524422503,Unintentional
User_20,2025-03-10 10:43:24,0.686,0.4654,Driving,Ligeris,Driving_Under_Influence,2way,1.0,30,WiFi,Ethernet,85.0,-21.0,0.0057271729697465,40.305626870477056,21.791258825989416,Unintentional
User_59,2025-03-10 18:19:13,0.696,0.5058,Walking,Ligeris,Driving_Under_Influence,4way,1.0,90,3G,-117,51.0,6.0,0.046,40.30637815117979,21.80794460629364,Unintentional
User_12,2025-03-10 23:48:54,0.251,0.1587,Driving,Ligeris,Reckless_Driving,2way,2.0,40,3G,-117,53.0,-24.0,0.0094581246564252,40.32186104175045,21.788986248212066,Unintentional
User_17,2025-03-11 00:07:28,0.383,0.1632,Walking,Koila,Speeding,1way,1.0,40,5G,-105,44.0,23.0,0.0015524403508344,40.32092540069043,21.792310919296742,Unintentional
User_01,2025-03-11 00:26:27,0.618,0.4565,Walking,Koila,Reckless_Driving,2way,1.0,50,4G,-87,97.0,9.0,0.042,40.32189519366031,21.79199762003072,Unintentional
User_05,2025-03-11 02:04:49,0.311,0.2928,Walking,Ligeris,Speeding,2way,2.0,10,WiFi,Ethernet,38.0,15.0,0.023,40.30650386635968,21.808356949028717,Unintentional
User_68,2025-03-11 03:46:15,0.736,0.4535,Driving,Ligeris,Speeding,1way,0.0,Harassing_Driver,WiFi,-72,49.0,6.0,0.023,40.306213998021654,21.80749710182308,Unintentional
User_51,2025-03-11 04:22:17,0.708,0.4859,Driving,Koila,Driving_Under_Influence,2way,0.0,60,4G,Ethernet,61.0,19.0,0.0098212662078862,40.32068840440327,21.79160263710895,Unintentional
User_95,2025-03-11 06:59:37,0.739,0.2273,Walking,Zep,Reckless_Driving,2way,0.0,90,5G,Ethernet,45.0,0.0,0.037,40.28007943719871,21.753261121665577,Unintentional
User_74,2025-03-11 08:33:53,0.6,0.1475,Driving,Zep,Speeding,4way,1.0,70,3G,-99,1.0,-20.0,0.0073750514056618,40.27953959877387,21.752205575613104,Unintentional
User_07,2025-03-11 09:51:19,0.319,0.394,Driving,Koila,Reckless_Driving,2way,0.0,20,3G,-70,26.0,19.0,0.00917672256555,40.32267019927511,21.79131518171781,Unintentional
User_11,2025-03-11 09:56:53,0.539,0.3136,Walking,Zep,Reckless_Driving,2way,140.0,40,3G,-89,48.0,0.0,0.04,40.28080160870319,21.75283677699206,Unintentional
User_84,2025-03-11 16:38:12,0.689,0.3166,Running,Zep,Driving_Under_Influence,2way,1.0,80,WiFi,-55,62.0,-23.0,0.0057271729697465,40.27907109395394,21.75383766868236,Unintentional
User_25,2025-03-12 00:21:19,0.627,0.1983,Driving,Ligeris,6,4way,0.0,40,4G,-102,48.0,-20.0,0.009733619949378,40.30535343676506,21.80714099277018,Unintentional
User_56,2025-03-12 01:19:34,0.419,0.3166,Walking,Koila,Speeding,4way,0.0,40,3G,-92,89.0,3.0,0.034,40.322690944482915,21.791276108144395,Unintentional
User_03,2025-03-12 07:44:01,0.381,0.3325,Running,Zep,Reckless_Driving,2way,1.0,30,4G,-106,62.0,13.0,0.036,40.30622692377462,21.751624704381907,Unintentional
User_26,2025-03-12 08:24:40,0.642,0.5725,Walking,Koila,Speeding,2way,0.0,60,WiFi,-55,48.0,14.0,0.03,40.30622692377462,21.792923951564138,Unintentional
User_50,2025-03-12 09:04:39,0.477,0.4687,Walking,Zep,Speeding,2way,2.0,20,WiFi,-53,26.0,2.0,0.037,40.278896869617405,21.75368275313481,Unintentional
User_78,2025-03-12 09:54:00,0.508,0.2416,Driving,Koila,Reckless_Driving,1way,1.0,30,WiFi,-87,48.0,-18.0,0.0011318069462071,40.32154567869537,21.790943500754356,Unintentional
User_29,2025-03-12 13:06:47,0.508,0.3616,Walking,Zep,Driving_Under_Influence,4way,0.0,40,5G,-80,48.0,-10.0,0.028,40.27946624831347,21.753739158534714,Unintentional
User_90,2025-03-12 13:17:12,0.508,0.2064,Running,Ligeris,Reckless_Driving,2way,1.0,Harassing_Driver,3G,-75,14.0,10.0,0.039,40.30661012323143,21.809151954041265,Unintentional
User_40,2025-03-12 14:54:49,0.498,0.3957,Driving,Ligeris,Driving_Under_Influence,2way,0.0,40,WiFi,Ethernet,81.0,-20.0,0.0050984560786214,40.32238862804117,21.791359986025977,Unintentional
User_10,2025-03-12 22:59:23,0.719,0.4613,Walking,Zep,9,1way,1.0,20,3G,-102,48.0,0.0,0.025,40.279533250691365,21.753227435806437,Unintentional
User_77,2025-03-13 02:18:15,0.347,0.2826,Running,Ligeris,Speeding,2way,1.0,40,5G,-91,35.0,-9.0,0.05,40.307043115490096,21.805869705198692,Unintentional
User_23,2025-03-13 03:31:41,0.669,0.5066,Running,Ligeris,Speeding,2way,0.0,60,WiFi,-72,48.0,1.0,0.037,40.30622692377462,21.80752504169039,Unintentional
User_80,2025-03-13 04:37:03,0.313,0.3555,Driving,Koila,Speeding,4way,0.0,20,5G,-88,68.0,0.0,0.037,40.32239384400457,21.791021331953324,Unintentional
User_63,2025-03-13 04:39:51,0.508,0.5725,Running,Zep,8,2way,0.0,60,5G,-79,16.0,22.0,0.0030059139029863,40.27959836122354,21.752946237224577,Unintentional
User_61,2025-03-13 08:47:15,0.508,0.2405,Driving,Ligeris,Speeding,2way,0.0,10,4G,-95,2.0,-9.0,0.024,40.28016805786564,21.754313063180405,Unintentional
User_71,2025-03-13 09:33:04,0.431,0.427,Walking,Koila,Speeding,4way,1.0,40,4G,-78,5.0,2.0,0.034,40.322819622048435,21.791726379099828,Unintentional
User_55,2025-03-13 09:40:59,0.489,0.2168,Walking,Koila,Driving_Under_Influence,2way,1.0,40,5G,-76,48.0,-20.0,0.0075594286412892,40.32177818566196,21.79122973829499,Unintentional
User_76,2025-03-13 10:10:22,0.349,0.5176,Driving,Ligeris,Reckless_Driving,1way,0.0,80,WiFi,Ethernet,12.0,-1.0,0.023,40.30622692377462,21.75308688490828,Unintentional
User_75,2025-03-13 13:57:19,0.544,0.5725,Driving,Zep,Reckless_Driving,1way,1.0,50,WiFi,-51,43.0,18.0,0.0061705767891306,40.28116212659127,21.791258825989416,Unintentional
User_21,2025-03-13 16:12:04,0.64,0.5045,Running,Koila,Reckless_Driving,1way,0.0,40,3G,-84,99.0,20.0,0.0075304318580583,40.322764603242064,21.79167211910399,Unintentional
User_56,2025-03-13 21:20:35,0.419,0.5725,Running,Zep,Speeding,4way,1.0,40,4G,-110,29.0,22.0,0.0057271729697465,40.28025723626873,21.791258825989416,Unintentional
User_38,2025-03-14 01:46:09,0.448,0.3122,Driving,Ligeris,Reckless_Driving,2way,150.0,10,3G,-72,45.0,-19.0,0.0063210359896515,40.322063713543265,21.790831371345764,Unintentional
User_56,2025-03-14 04:06:51,0.419,0.3206,Walking,Zep,Speeding,4way,1.0,10,5G,-104,33.0,1.0,0.022,40.280682763531615,21.754258975384143,Unintentional
User_88,2025-03-14 04:53:28,0.676,0.177,Walking,Zep,Driving_Under_Influence,2way,0.0,80,3G,-102,56.0,-22.0,0.0028050331055031,40.27911064407051,21.75325084672867,Unintentional
User_70,2025-03-14 07:31:19,0.359,0.4802,Walking,Ligeris,Speeding,2way,1.0,30,4G,-120,53.0,-23.0,0.0033550548817494,40.30521394072577,21.80665352416595,Unintentional
User_26,2025-03-14 16:37:54,0.642,0.3022,Running,Zep,Reckless_Driving,2way,0.0,40,WiFi,-87,46.0,-20.0,0.0082213358922919,40.28043888869933,21.753125093341673,Unintentional
User_18,2025-03-14 17:35:53,0.508,0.2874,Walking,Ligeris,Reckless_Driving,4way,1.0,50,3G,-120,12.0,0.0,0.043,40.30571228185523,21.80723611892777,Unintentional
User_65,2025-03-14 17:45:50,0.508,0.2373,Walking,Zep,Speeding,4way,0.0,10,5G,-103,53.0,16.0,0.04,40.2787562044592,21.75289119713107,Unintentional
User_80,2025-03-14 18:17:04,0.313,0.3585,Driving,Koila,Driving_Under_Influence,2way,1.0,Illegal_Parking,WiFi,-57,48.0,25.0,0.0044643388851551,40.322211163161285,21.791768765536226,Unintentional
User_34,2025-03-14 19:08:03,0.401,0.3276,Walking,Zep,Speeding,1way,0.0,30,5G,-80,92.0,-14.0,0.044,40.27961303525271,21.75559077552493,Unintentional
User_44,2025-03-14 20:03:19,0.332,0.5725,Walking,Zep,Speeding,2way,0.0,40,WiFi,-66,20.0,2.0,0.029,40.279451433748335,21.753930865051544,Unintentional
User_98,2025-03-15 00:35:05,0.553,0.3909,Running,Zep,Speeding,2way,0.0,60,5G,-96,93.0,-4.0,0.024,40.28023977770212,21.75259535907219,Unintentional
User_67,2025-03-15 00:50:24,0.557,0.3286,Driving,Ligeris,Speeding,4way,5.0,40,3G,-112,47.0,25.0,0.0057271729697465,40.30579072676118,21.806942242578252,Unintentional
User_71,2025-03-15 06:26:20,0.431,0.5725,Driving,Koila,6,2way,3.0,40,4G,-97,56.0,10.0,0.027,40.32231932441065,21.792772212370643,Unintentional
User_75,2025-03-15 06:27:04,0.544,0.5725,Walking,Ligeris,Reckless_Driving,2way,1.0,70,5G,-96,0.0,-19.0,0.0067145348576072,40.30622692377462,21.805364275126337,Unintentional
User_79,2025-03-15 08:15:49,0.426,0.1866,Walking,Ligeris,Driving_Under_Influence,2way,0.0,70,4G,Ethernet,60.0,18.0,0.0046196443644465,40.30566946939466,21.807330572278232,Unintentional
User_52,2025-03-15 09:23:21,0.399,0.4849,Driving,Zep,Reckless_Driving,2way,0.0,20,4G,Ethernet,12.0,0.0,0.028,40.30622692377462,21.791258825989416,Unintentional
User_87,2025-03-15 10:09:35,0.508,0.2926,Driving,Zep,Speeding,4way,4.0,80,3G,-84,48.0,18.0,0.0057271729697465,40.27985254678691,21.75322628595886,Unintentional
User_81,2025-03-15 10:28:34,0.482,0.3944,Walking,Zep,Reckless_Driving,2way,0.0,30,3G,-105,28.0,-14.0,0.039,40.28013278371357,21.75267054653632,Unintentional
User_88,2025-03-15 11:09:27,0.676,0.179,Running,Ligeris,Reckless_Driving,2way,1.0,20,3G,Ethernet,72.0,-23.0,0.0084970796755772,40.307461672509426,21.80821781801496,Unintentional
User_89,2025-03-15 11:41:26,0.485,0.4543,Walking,Koila,Speeding,4way,1.0,80,3G,Ethernet,8.0,-3.0,0.024,40.32160339197661,21.78899618968316,Unintentional
User_24,2025-03-15 13:37:00,0.7,0.372,Driving,Zep,Reckless_Driving,2way,1.0,60,4G,-80,98.0,13.0,0.044,40.27947210488623,21.752826290411864,Unintentional
User_100,2025-03-15 16:51:25,0.592,0.3461,Running,Zep,Speeding,2way,160.0,20,4G,-97,59.0,17.0,0.0018007494260972,40.27978322994844,21.75348719926906,Unintentional
User_94,2025-03-15 17:46:57,0.508,0.2108,Walking,Koila,Reckless_Driving,4way,0.0,40,3G,-87,11.0,18.0,0.0027857014740698,40.30622692377462,21.79140805928464,Unintentional
User_54,2025-03-15 18:49:09,0.508,0.2941,Running,Koila,Driving_Under_Influence,1way,0.0,40,5G,-86,11.0,9.0,0.044,40.30622692377462,21.792665651214215,Unintentional
User_58,2025-03-15 18:55:21,0.669,0.28,Walking,Ligeris,Speeding,1way,0.0,10,WiFi,-68,6.0,-5.0,0.033,40.322385851067466,21.791693743624933,Unintentional
User_19,2025-03-15 20:27:16,0.508,0.4863,Driving,Ligeris,Speeding,2way,1.0,40,5G,-75,24.0,18.0,0.0057271729697465,40.27858174613266,21.791258825989416,Unintentional
User_57,2025-03-15 20:55:29,0.508,0.2644,Running,Ligeris,Driving_Under_Influence,1way,0.0,40,3G,Ethernet,37.0,-20.0,0.0094854639509705,40.30728825767136,21.807831792257353,Unintentional
User_02,2025-03-15 23:11:17,0.504,0.3328,Driving,Koila,Driving_Under_Influence,2way,1.0,80,5G,-111,95.0,13.0,0.046,40.323192110694215,21.790828573986687,Unintentional
User_56,2025-03-16 01:09:32,0.419,0.3246,Driving,Ligeris,Speeding,4way,0.0,50,5G,-78,30.0,-1.0,0.022,40.279585894252634,21.75331920236071,Unintentional
User_57,2025-03-16 05:16:41,0.733,0.2654,Running,Koila,Driving_Under_Influence,2way,0.0,Lane_Discards,WiFi,-87,16.0,-25.0,0.0057271729697465,40.32182671024262,21.791450261181144,Unintentional
User_03,2025-03-16 10:34:15,0.508,0.3405,Walking,Ligeris,Reckless_Driving,1way,2.0,40,3G,-76,33.0,-18.0,0.0085179836237798,40.30692182870952,21.807787804710028,Unintentional
User_37,2025-03-16 11:54:29,0.528,0.5725,Walking,Ligeris,Speeding,1way,1.0,50,3G,-84,55.0,22.0,0.0093869991037926,40.30622692377462,21.75405166318977,Unintentional
User_58,2025-03-16 11:55:17,0.669,0.281,Running,Ligeris,Speeding,1way,1.0,20,5G,-112,97.0,-19.0,0.0026073423461603,40.30535077996859,21.807850954672467,Unintentional
User_97,2025-03-16 12:25:56,0.508,0.5059,Driving,Zep,Reckless_Driving,2way,2.0,Harassing_Driver,3G,-89,27.0,16.0,0.041,40.28035968346658,21.75389872836132,Unintentional
User_72,2025-03-16 14:29:24,0.697,0.2502,Walking,Ligeris,Driving_Under_Influence,2way,0.0,70,3G,Ethernet,88.0,19.0,0.004302064318763,40.30622692377462,21.791258825989416,Unintentional
User_82,2025-03-16 17:01:13,0.499,0.5725,Running,Zep,Reckless_Driving,1way,1.0,20,WiFi,Ethernet,70.0,-19.0,0.0026686826634042,40.30622692377462,21.751154133736584,Unintentional
User_59,2025-03-16 19:05:34,0.696,0.5178,Walking,Koila,Reckless_Driving,2way,1.0,40,5G,Ethernet,88.0,19.0,0.0062198316663021,40.32206589880498,21.79148318551827,Unintentional
User_36,2025-03-16 20:14:38,0.394,0.5725,Driving,Ligeris,Speeding,1way,0.0,Harassing_Driver,4G,-109,88.0,1.0,0.045,40.30579940122858,21.80718636446802,Unintentional
User_04,2025-03-17 00:13:19,0.295,0.2119,Driving,Zep,Speeding,4way,0.0,30,3G,-96,70.0,15.0,0.028,40.2782270845039,21.754600758043985,Unintentional
User_50,2025-03-17 01:09:42,0.477,0.4777,Driving,Ligeris,Speeding,2way,0.0,30,3G,-105,18.0,-10.0,0.021,40.30537551596198,21.791258825989416,Unintentional
User_65,2025-03-17 05:39:49,0.578,0.5725,Driving,Zep,Speeding,2way,160.0,50,3G,-71,27.0,17.0,0.0091785873331978,40.30622692377462,21.75334920578723,Unintentional
User_01,2025-03-17 05:42:33,0.618,0.4695,Running,Zep,Speeding,4way,1.0,60,4G,-86,11.0,24.0,0.009793106784834,40.28005284177219,21.7535291363742,Unintentional
User_97,2025-03-17 08:41:40,0.296,0.5079,Walking,Koila,7,2way,0.0,20,3G,-95,38.0,22.0,0.0057271729697465,40.32170116741647,21.789782381592666,Unintentional
User_04,2025-03-17 09:09:36,0.295,0.2129,Driving,Ligeris,Speeding,4way,0.0,10,4G,-91,42.0,3.0,0.033,40.279462210268605,21.755206419701935,Unintentional
User_100,2025-03-17 09:59:21,0.508,0.3491,Driving,Koila,Driving_Under_Influence,1way,1.0,120,3G,-118,85.0,-24.0,0.0092490849533531,40.321328123502234,21.79018596793081,Unintentional
User_15,2025-03-17 12:09:03,0.508,0.1824,Running,Zep,Speeding,2way,1.0,20,4G,-91,86.0,22.0,0.0021781198420265,40.27915041997838,21.753070528042,Unintentional
User_67,2025-03-17 15:41:29,0.557,0.3326,Driving,Ligeris,Speeding,1way,0.0,40,3G,-81,3.0,-23.0,0.0057271729697465,40.30622692377462,21.791258825989416,Unintentional
User_13,2025-03-17 17:19:06,0.657,0.2839,Driving,Zep,Speeding,2way,1.0,50,WiFi,-81,48.0,-1.0,0.041,40.27886346313576,21.75212512437772,Unintentional
User_29,2025-03-17 17:50:25,0.309,0.3726,Driving,Ligeris,Driving_Under_Influence,1way,1.0,20,3G,Ethernet,88.0,11.0,0.021,40.30450886458359,21.791258825989416,Unintentional
User_45,2025-03-18 00:42:49,0.508,0.2105,Driving,Ligeris,9,1way,1.0,10,5G,Ethernet,49.0,18.0,0.0032006485387564,40.305814493240355,21.807094900002976,Unintentional
User_44,2025-03-18 01:45:25,0.332,0.2547,Walking,Ligeris,Reckless_Driving,2way,1.0,60,5G,-113,72.0,7.0,0.048,40.30688027348459,21.807075300504227,Unintentional
User_94,2025-03-18 04:43:54,0.648,0.2168,Driving,Ligeris,Driving_Under_Influence,1way,0.0,40,4G,-81,97.0,-17.0,0.0097688433954541,40.30622692377462,21.75353030646108,Unintentional
User_89,2025-03-18 07:02:56,0.485,0.4593,Driving,Koila,Reckless_Driving,4way,4.0,40,3G,-107,76.0,-8.0,0.043,40.32050902959932,21.790947854014572,Unintentional
User_95,2025-03-18 07:17:30,0.739,0.5725,Driving,Ligeris,Driving_Under_Influence,1way,3.0,60,WiFi,-89,68.0,-22.0,0.0021425637830909,40.306412021796206,21.80853050417668,Unintentional
User_97,2025-03-18 09:48:35,0.508,0.5089,Running,Ligeris,Speeding,2way,0.0,10,5G,-85,48.0,23.0,0.0081090276772971,40.30770860300829,21.80734224375502,Unintentional
User_75,2025-03-18 09:56:49,0.544,0.4954,Running,Zep,Speeding,2way,3.0,50,4G,-84,66.0,-23.0,0.0049491384288311,40.27841077415665,21.75191645106086,Unintentional
User_43,2025-03-18 10:08:35,0.255,0.4273,Walking,Koila,Speeding,4way,0.0,40,4G,-82,66.0,20.0,0.0081635962602355,40.32210495338188,21.791264286467268,Unintentional
User_15,2025-03-18 12:52:36,0.585,0.1854,Driving,Zep,Driving_Under_Influence,4way,1.0,20,WiFi,-56,63.0,21.0,0.0091901278804216,40.280011212601806,21.791258825989416,Unintentional
User_98,2025-03-18 14:59:14,0.553,0.3969,Driving,Ligeris,Reckless_Driving,2way,1.0,30,5G,-88,1.0,20.0,0.0044225430525737,40.27866223988338,21.753756213200273,Unintentional
User_25,2025-03-18 15:47:40,0.627,0.2103,Driving,Ligeris,Reckless_Driving,4way,150.0,50,5G,-113,13.0,22.0,0.0035305120043122,40.323380737685255,21.789637346073665,Unintentional
User_99,2025-03-18 18:07:38,0.618,0.3603,Driving,Koila,Speeding,2way,1.0,70,5G,-73,25.0,-13.0,0.042,40.32318801057956,21.79186686430144,Unintentional
User_36,2025-03-18 20:28:56,0.508,0.4889,Running,Ligeris,Driving_Under_Influence,1way,140.0,80,5G,-85,48.0,0.0,0.049,40.30605694106442,21.805382200598142,Unintentional
User_72,2025-03-18 21:21:36,0.697,0.2542,Walking,Ligeris,7,1way,1.0,60,WiFi,-57,93.0,0.0,0.025,40.30567623698205,21.807625616548844,Unintentional
User_85,2025-03-18 21:48:02,0.508,0.5502,Running,Koila,Speeding,1way,2.0,80,3G,-85,61.0,19.0,0.0017921666419244,40.30622692377462,21.789751913985988,Unintentional
User_89,2025-03-18 23:48:13,0.485,0.4603,Running,Ligeris,Reckless_Driving,1way,2.0,40,WiFi,-82,71.0,-17.0,0.0057271729697465,40.30623209905745,21.807671763436733,Unintentional
User_15,2025-03-19 04:34:44,0.585,0.1864,Running,Zep,Driving_Under_Influence,2way,1.0,40,4G,-103,5.0,-8.0,0.025,40.27997193829933,21.753705239037792,Unintentional
User_21,2025-03-19 08:19:57,0.64,0.5165,Driving,Koila,Driving_Under_Influence,2way,1.0,Illegal_Parking,WiFi,Ethernet,80.0,-20.0,0.0012347214206562,40.30622692377462,21.79088126658953,Unintentional
User_70,2025-03-19 08:45:14,0.359,0.4892,Walking,Zep,Speeding,4way,0.0,40,3G,-74,79.0,-21.0,0.0099883479474386,40.27894431864873,21.75218342077249,Unintentional
User_83,2025-03-19 09:26:33,0.453,0.4445,Driving,Koila,Speeding,1way,0.0,30,WiFi,-86,48.0,-14.0,0.038,40.32245073883431,21.79011039449081,Unintentional
User_25,2025-03-19 10:54:42,0.627,0.2133,Running,Koila,Driving_Under_Influence,1way,0.0,80,3G,-101,39.0,-2.0,0.024,40.32310481956435,21.7920104629754,Unintentional
User_85,2025-03-19 11:31:59,0.572,0.5725,Driving,Ligeris,Speeding,4way,0.0,40,3G,-100,79.0,6.0,0.047,40.27965539080476,21.75332535198095,Unintentional
User_51,2025-03-19 12:27:26,0.708,0.5019,Driving,Zep,Reckless_Driving,2way,0.0,20,4G,-80,26.0,19.0,0.0057271729697465,40.27897108820723,21.752181428093397,Unintentional
User_21,2025-03-19 13:03:59,0.64,0.5175,Walking,Koila,Speeding,1way,0.0,30,3G,-79,20.0,-7.0,0.049,40.32301727574572,21.78978418091828,Unintentional
User_71,2025-03-19 19:27:23,0.431,0.44,Driving,Zep,Speeding,1way,5.0,10,4G,-74,19.0,13.0,0.047,40.27956689558096,21.752063634438237,Unintentional
User_16,2025-03-19 20:22:46,0.508,0.2799,Walking,Zep,Speeding,1way,0.0,10,3G,-111,49.0,22.0,0.0073482351860151,40.2796328927469,21.753982195544328,Unintentional
User_14,2025-03-19 23:17:36,0.549,0.1717,Running,Zep,Speeding,4way,0.0,50,3G,-99,20.0,24.0,0.00130834042528,40.27992468094855,21.75228073119255,Unintentional
User_65,2025-03-20 02:07:16,0.578,0.2493,Walking,Koila,Speeding,2way,1.0,80,3G,Ethernet,13.0,24.0,0.0064744252966283,40.321993360224305,21.79152100163913,Unintentional
User_32,2025-03-20 04:27:53,0.694,0.4578,Running,Zep,Speeding,2way,0.0,Harassing_Driver,WiFi,Ethernet,44.0,-15.0,0.048,40.279906503098466,21.75422262311344,Unintentional
User_73,2025-03-20 05:15:16,0.676,0.5725,Walking,Ligeris,Reckless_Driving,2way,0.0,90,5G,-87,4.0,-23.0,0.0057271729697465,40.30552848166177,21.80746207403824,Unintentional
User_86,2025-03-20 07:14:55,0.63,0.4243,Running,Zep,Speeding,4way,0.0,60,5G,-120,62.0,20.0,0.0057271729697465,40.30622692377462,21.752461823636235,Unintentional
User_55,2025-03-20 07:37:01,0.508,0.2318,Driving,Ligeris,Reckless_Driving,4way,0.0,80,WiFi,-74,9.0,-18.0,0.0038288488071533,40.30655744857706,21.809453675469857,Unintentional
User_37,2025-03-20 07:39:31,0.528,0.4929,Driving,Ligeris,Reckless_Driving,2way,0.0,20,5G,-71,48.0,-17.0,0.0065466549245461,40.3225994663916,21.79095690275643,Unintentional
User_46,2025-03-20 10:05:53,0.621,0.3449,Walking,Ligeris,Reckless_Driving,2way,0.0,70,3G,-94,100.0,25.0,0.0067399541921266,40.30622692377462,21.808359425621234,Unintentional
User_28,2025-03-20 10:23:50,0.508,0.2585,Running,Ligeris,Reckless_Driving,1way,0.0,30,4G,Ethernet,48.0,16.0,0.042,40.30533156410234,21.807779512769887,Unintentional
User_06,2025-03-20 11:07:51,0.614,0.5303,Walking,Zep,Speeding,4way,0.0,40,WiFi,-86,77.0,22.0,0.0037133099919471,40.30622692377462,21.75207660740446,Unintentional
User_09,2025-03-20 14:28:25,0.377,0.5348,Driving,Zep,Speeding,2way,0.0,40,4G,-104,16.0,10.0,0.033,40.30622692377462,21.752230848660087,Unintentional
User_56,2025-03-20 17:19:12,0.419,0.5725,Running,Ligeris,Reckless_Driving,2way,1.0,50,4G,-70,89.0,-16.0,0.04,40.322734396667386,21.789532222319888,Unintentional
User_34,2025-03-20 21:45:26,0.401,0.3386,Driving,Ligeris,6,4way,0.0,40,WiFi,-77,32.0,-24.0,0.0020628402820461,40.30709286224459,21.791258825989416,Unintentional
User_12,2025-03-20 22:53:45,0.251,0.1787,Driving,Ligeris,Speeding,2way,1.0,30,5G,-101,11.0,24.0,0.0060168388469344,40.27935040496567,21.791258825989416,Unintentional
User_32,2025-03-20 23:35:49,0.694,0.4588,Walking,Koila,Driving_Under_Influence,2way,1.0,40,5G,-113,63.0,18.0,0.0047086517694914,40.321545183842325,21.791708080930313,Unintentional
User_59,2025-03-20 23:48:08,0.696,0.5258,Running,Koila,Speeding,2way,0.0,50,5G,Ethernet,16.0,0.0,0.028,40.32094796440407,21.791258825989416,Unintentional
User_55,2025-03-21 00:14:18,0.489,0.2328,Walking,Koila,Reckless_Driving,4way,0.0,40,5G,-84,54.0,0.0,0.039,40.32198911112182,21.790719081601186,Unintentional
User_93,2025-03-21 02:07:37,0.418,0.2611,Running,Ligeris,Driving_Under_Influence,1way,0.0,40,WiFi,-75,6.0,18.0,0.0077801780529875,40.30622692377462,21.809010266878552,Unintentional
User_23,2025-03-21 02:40:37,0.669,0.5226,Walking,Ligeris,Reckless_Driving,2way,0.0,40,4G,-96,63.0,6.0,0.035,40.3059467587136,21.791258825989416,Unintentional
User_16,2025-03-21 12:24:28,0.508,0.2839,Running,Zep,Driving_Under_Influence,4way,0.0,40,5G,-97,22.0,-19.0,0.0057271729697465,40.280326889659435,21.751575004797782,Unintentional
User_04,2025-03-21 13:42:44,0.508,0.2199,Driving,Koila,Speeding,4way,0.0,60,4G,Ethernet,9.0,6.0,0.04,40.30622692377462,21.791258825989416,Unintentional
User_14,2025-03-21 15:31:04,0.549,0.1757,Driving,Zep,Speeding,2way,160.0,110,5G,-91,35.0,25.0,0.0037922450566945,40.280703096994785,21.751760156661515,Unintentional
User_05,2025-03-21 17:43:31,0.311,0.3138,Driving,Ligeris,Speeding,2way,0.0,20,5G,-118,67.0,-18.0,0.0057271729697465,40.30622692377462,21.791258825989416,Unintentional
User_28,2025-03-21 18:05:01,0.561,0.2615,Walking,Zep,6,2way,0.0,80,3G,-95,50.0,25.0,0.0024527923819661,40.2807608884967,21.751993342593067,Unintentional
User_18,2025-03-21 18:28:51,0.271,0.5725,Walking,Zep,Reckless_Driving,2way,1.0,30,3G,-100,48.0,0.0,0.027,40.27867204540842,21.751877542852235,Unintentional
User_03,2025-03-21 20:34:18,0.381,0.5725,Driving,Zep,7,4way,0.0,80,5G,-100,80.0,-18.0,0.0033236117276268,40.28028921250781,21.75332252861884,Unintentional
User_78,2025-03-21 20:49:15,0.64,0.2596,Driving,Zep,Driving_Under_Influence,2way,140.0,70,3G,-84,46.0,-19.0,0.0057271729697465,40.27943175513724,21.75346905510667,Unintentional
User_45,2025-03-22 00:05:56,0.446,0.5725,Driving,Zep,Speeding,2way,1.0,60,5G,Ethernet,19.0,-25.0,0.0049869891100989,40.280144865382546,21.753764134621292,Unintentional
User_34,2025-03-22 00:12:55,0.401,0.3426,Driving,Koila,Speeding,4way,0.0,40,5G,-80,19.0,22.0,0.0057271729697465,40.30622692377462,21.791438786709183,Unintentional
User_70,2025-03-22 02:56:41,0.359,0.4952,Driving,Ligeris,Speeding,2way,4.0,20,3G,-114,4.0,-7.0,0.041,40.30622692377462,21.751823651693265,Unintentional
User_03,2025-03-22 03:36:16,0.381,0.3535,Running,Ligeris,Speeding,4way,1.0,130,3G,-115,88.0,-15.0,0.048,40.30467182827908,21.8068479351224,Unintentional
User_14,2025-03-22 04:00:09,0.549,0.1767,Driving,Koila,Driving_Under_Influence,4way,1.0,50,3G,-103,13.0,6.0,0.023,40.32217932393624,21.791258825989416,Unintentional
User_94,2025-03-22 04:00:59,0.648,0.2238,Walking,Ligeris,Driving_Under_Influence,2way,150.0,40,5G,-76,39.0,-13.0,0.028,40.30622692377462,21.805962663695343,Unintentional
User_21,2025-03-22 04:45:07,0.508,0.5225,Driving,Koila,Reckless_Driving,2way,1.0,30,WiFi,-84,35.0,15.0,0.025,40.32193895958764,21.79154760651722,Unintentional
User_77,2025-03-22 07:19:05,0.347,0.3016,Walking,Ligeris,Reckless_Driving,2way,0.0,80,WiFi,-88,95.0,-21.0,0.0091617735532383,40.30641428242015,21.807165433523725,Unintentional
User_86,2025-03-22 10:04:01,0.63,0.4283,Walking,Ligeris,7,2way,1.0,10,3G,Ethernet,57.0,25.0,0.0025102960915374,40.27865916364196,21.753029659808252,Unintentional
User_94,2025-03-22 14:04:06,0.648,0.5725,Walking,Ligeris,Speeding,2way,0.0,40,3G,-77,46.0,22.0,0.0039420973959186,40.30616813045294,21.791258825989416,Unintentional
User_12,2025-03-22 14:36:50,0.251,0.1827,Running,Zep,Reckless_Driving,2way,0.0,60,5G,-81,99.0,-17.0,0.0090236143057152,40.30622692377462,21.754846543110112,Unintentional
User_83,2025-03-22 15:09:20,0.508,0.4515,Walking,Koila,Reckless_Driving,1way,0.0,20,3G,Ethernet,0.0,15.0,0.029,40.32269907695852,21.792948060808506,Unintentional
User_76,2025-03-22 15:59:28,0.349,0.5356,Walking,Koila,Reckless_Driving,2way,0.0,40,3G,-91,93.0,-11.0,0.048,40.32241548440489,21.791089040434493,Unintentional
User_29,2025-03-22 15:59:47,0.508,0.3816,Driving,Zep,Reckless_Driving,2way,0.0,Harassing_Driver,WiFi,-65,13.0,2.0,0.024,40.280189872062486,21.75142679233474,Unintentional
User_91,2025-03-22 18:19:32,0.409,0.2302,Walking,Zep,Driving_Under_Influence,2way,0.0,80,5G,-87,48.0,-10.0,0.026,40.30622692377462,21.754096130587815,Unintentional
User_95,2025-03-22 19:17:54,0.739,0.2503,Running,Ligeris,Reckless_Driving,1way,1.0,40,4G,-92,97.0,-15.0,0.046,40.30578582451061,21.80842882711657,Unintentional
User_98,2025-03-22 21:32:02,0.553,0.4059,Walking,Zep,Reckless_Driving,1way,0.0,50,3G,-66,40.0,-23.0,0.0070858592284326,40.27928102230883,21.751236139617703,Unintentional
User_28,2025-03-23 00:34:05,0.561,0.2645,Walking,Ligeris,Driving_Under_Influence,2way,2.0,70,5G,-74,92.0,25.0,0.0064842915068974,40.305458915289194,21.805990696433497,Unintentional
User_87,2025-03-23 03:02:04,0.508,0.3086,Walking,Ligeris,Speeding,1way,0.0,40,3G,-69,48.0,0.0,0.026,40.30622165119597,21.807612868907192,Unintentional
User_26,2025-03-23 03:59:40,0.642,0.3192,Driving,Koila,Driving_Under_Influence,2way,1.0,40,5G,-90,76.0,-16.0,0.033,40.32109130796089,21.791258825989416,Unintentional
User_54,2025-03-23 07:58:58,0.508,0.3101,Running,Ligeris,Speeding,1way,0.0,30,4G,-119,73.0,-21.0,0.0017427682981909,40.30622692377462,21.807751515814076,Unintentional
User_79,2025-03-23 08:12:41,0.426,0.2026,Running,Ligeris,7,1way,1.0,40,WiFi,-75,83.0,-16.0,0.04,40.307554529626586,21.791258825989416,Unintentional
User_49,2025-03-23 09:02:21,0.483,0.5725,Walking,Zep,Driving_Under_Influence,1way,1.0,40,3G,Ethernet,35.0,-17.0,0.0049083544695894,40.280488051934135,21.753649767417656,Unintentional
User_16,2025-03-23 09:30:36,0.438,0.2879,Walking,Ligeris,Driving_Under_Influence,2way,1.0,30,5G,-111,53.0,-10.0,0.045,40.304552962227206,21.807766471911744,Unintentional
User_39,2025-03-23 11:01:07,0.685,0.4238,Walking,Koila,Speeding,2way,0.0,20,3G,-103,79.0,17.0,0.0026690777325949,40.32102502601725,21.790963088082503,Unintentional
User_50,2025-03-23 11:04:15,0.477,0.4907,Running,Ligeris,Speeding,1way,0.0,50,5G,-105,64.0,0.0,0.03,40.304659268622515,21.807093221605705,Unintentional
User_65,2025-03-23 13:46:36,0.578,0.2563,Driving,Koila,Driving_Under_Influence,2way,0.0,80,WiFi,Ethernet,63.0,15.0,0.022,40.32207599982369,21.791439856547903,Unintentional
User_59,2025-03-23 20:40:23,0.696,0.5318,Walking,Zep,7,2way,1.0,40,5G,-103,15.0,21.0,0.0057271729697465,40.27901422490998,21.791258825989416,Unintentional
User_44,2025-03-23 22:28:56,0.332,0.2657,Running,Zep,Speeding,1way,0.0,30,5G,-107,77.0,21.0,0.007333443461172,40.30622692377462,21.75380260935084,Unintentional
User_06,2025-03-24 00:43:32,0.614,0.5373,Running,Ligeris,Driving_Under_Influence,2way,0.0,60,3G,-93,0.0,19.0,0.0091465388326195,40.30636984247688,21.808290192785623,Unintentional
User_84,2025-03-24 02:53:00,0.689,0.3416,Running,Ligeris,Driving_Under_Influence,2way,0.0,80,4G,-103,43.0,18.0,0.0088151431952654,40.32246549374665,21.791258825989416,Unintentional
User_13,2025-03-24 08:05:03,0.508,0.2969,Running,Ligeris,Reckless_Driving,4way,1.0,50,4G,-118,45.0,-25.0,0.0057271729697465,40.307180446990046,21.806247420522418,Unintentional
User_17,2025-03-24 12:43:55,0.508,0.1902,Running,Zep,Speeding,2way,0.0,80,3G,-109,62.0,-21.0,0.0059323529640295,40.27926533813272,21.7536082496281,Unintentional
User_87,2025-03-24 13:46:21,0.374,0.3106,Running,Zep,Driving_Under_Influence,2way,0.0,70,WiFi,-55,9.0,-11.0,0.045,40.279399197295454,21.754898570696593,Unintentional
User_59,2025-03-24 15:17:59,0.696,0.5328,Driving,Koila,Speeding,2way,150.0,70,3G,-86,46.0,-10.0,0.031,40.321850880063366,21.79163404005935,Unintentional
User_68,2025-03-24 16:34:35,0.508,0.4795,Running,Zep,Reckless_Driving,2way,0.0,50,3G,-93,48.0,17.0,0.0035975072828311,40.27967852815416,21.7518003045571,Unintentional
User_84,2025-03-24 18:14:23,0.689,0.3426,Running,Koila,Speeding,2way,0.0,40,3G,-87,3.0,15.0,0.021,40.32327751109769,21.792352190733745,Unintentional
User_36,2025-03-24 18:55:24,0.394,0.5009,Walking,Ligeris,Driving_Under_Influence,2way,1.0,40,3G,-90,1.0,24.0,0.0063132436802786,40.30673660862693,21.807907064221503,Unintentional
User_23,2025-03-24 19:47:45,0.508,0.5296,Walking,Ligeris,Speeding,1way,0.0,40,WiFi,-73,96.0,-21.0,0.0031964174352528,40.30622692377462,21.809397366969986,Unintentional
User_74,2025-03-25 05:22:06,0.6,0.1745,Walking,Ligeris,Driving_Under_Influence,2way,0.0,50,WiFi,-84,56.0,-17.0,0.0063370715243933,40.30536193431552,21.807762853768654,Unintentional
User_06,2025-03-25 07:54:57,0.614,0.5403,Driving,Ligeris,Speeding,1way,150.0,50,3G,-82,57.0,-21.0,0.0029365542867399,40.3233101846229,21.79085512867869,Unintentional
User_57,2025-03-25 09:54:22,0.733,0.2844,Walking,Zep,Driving_Under_Influence,1way,0.0,10,3G,-98,64.0,-21.0,0.0017205098708235,40.27869708499448,21.75334911092422,Unintentional
User_84,2025-03-25 10:45:19,0.689,0.3436,Walking,Zep,Reckless_Driving,1way,0.0,90,3G,-93,48.0,0.0,0.048,40.279087720820435,21.75468744428277,Unintentional
User_14,2025-03-25 11:32:53,0.549,0.1837,Walking,Zep,Speeding,4way,3.0,10,WiFi,-71,33.0,23.0,0.0068520426996638,40.27956261804769,21.753286008405865,Unintentional
User_98,2025-03-25 12:26:01,0.553,0.4109,Driving,Koila,Driving_Under_Influence,2way,0.0,40,WiFi,-80,8.0,-23.0,0.0023980727415688,40.30622692377462,21.792065333512085,Unintentional
User_49,2025-03-25 17:42:51,0.508,0.274,Driving,Ligeris,Speeding,1way,0.0,40,WiFi,-88,40.0,-11.0,0.033,40.30743431146527,21.805969893734822,Unintentional
User_65,2025-03-25 18:06:10,0.578,0.2603,Walking,Koila,Driving_Under_Influence,1way,0.0,30,WiFi,Ethernet,17.0,-23.0,0.0023266257031498,40.32211968958456,21.79114356672604,Unintentional
User_22,2025-03-25 19:03:19,0.712,0.2073,Walking,Koila,Reckless_Driving,2way,0.0,90,3G,-88,7.0,0.0,0.029,40.32339768693433,21.791413168972657,Unintentional
User_95,2025-03-26 01:12:26,0.739,0.2583,Walking,Ligeris,8,2way,2.0,80,WiFi,-73,100.0,25.0,0.0042779193364283,40.30560307654972,21.80778238540543,Unintentional
User_69,2025-03-26 01:32:11,0.289,0.3186,Driving,Ligeris,Speeding,2way,0.0,90,3G,-114,50.0,1.0,0.043,40.27786432489349,21.791258825989416,Unintentional
User_35,2025-03-26 01:52:14,0.379,0.3746,Walking,Ligeris,Speeding,2way,1.0,30,WiFi,-86,83.0,-3.0,0.038,40.306328117860275,21.806212311388812,Unintentional
User_88,2025-03-26 02:21:20,0.676,0.5725,Running,Ligeris,Driving_Under_Influence,2way,1.0,40,4G,-96,18.0,16.0,0.028,40.32115938207414,21.792228747615017,Unintentional
User_93,2025-03-26 02:24:34,0.418,0.2711,Walking,Koila,Speeding,2way,0.0,80,3G,-107,28.0,-23.0,0.0049738131291091,40.3209579227013,21.79036887088392,Unintentional
User_33,2025-03-26 04:36:09,0.486,0.3086,Walking,Ligeris,Reckless_Driving,1way,1.0,40,3G,-102,17.0,8.0,0.04,40.32352582374743,21.790053091157215,Unintentional
User_42,2025-03-26 06:46:31,0.577,0.4342,Walking,Zep,Driving_Under_Influence,2way,0.0,60,3G,Ethernet,26.0,0.0,0.032,40.30622692377462,21.75331620177341,Unintentional
User_61,2025-03-26 06:57:12,0.261,0.2665,Running,Koila,Speeding,2way,3.0,20,3G,-119,13.0,17.0,0.002343918757274,40.30622692377462,21.791438281509336,Unintentional
User_62,2025-03-26 10:58:25,0.346,0.5725,Driving,Koila,Speeding,1way,0.0,40,5G,-109,56.0,16.0,0.034,40.320772211046666,21.791800973511247,Unintentional
User_83,2025-03-26 11:22:54,0.453,0.4585,Walking,Koila,Speeding,4way,4.0,Illegal_Parking,4G,-91,32.0,-16.0,0.025,40.323141348638096,21.78940224166332,Unintentional
User_56,2025-03-26 11:41:12,0.419,0.3446,Running,Zep,Driving_Under_Influence,1way,0.0,40,4G,-104,39.0,17.0,0.0057271729697465,40.27998504150139,21.75208542271614,Unintentional
User_65,2025-03-26 13:43:49,0.578,0.2623,Running,Koila,Speeding,1way,0.0,70,WiFi,-90,54.0,10.0,0.039,40.32107765711241,21.791744765041987,Unintentional
User_82,2025-03-26 14:15:38,0.499,0.5274,Running,Koila,Reckless_Driving,2way,0.0,80,3G,-86,80.0,4.0,0.049,40.32311976029198,21.791790759119003,Unintentional
User_10,2025-03-26 14:41:13,0.719,0.4883,Walking,Zep,Speeding,2way,0.0,60,5G,-86,62.0,0.0,0.044,40.27885916693402,21.753743081062865,Unintentional
User_90,2025-03-26 17:11:08,0.522,0.2334,Running,Ligeris,Speeding,2way,1.0,40,3G,-110,65.0,-25.0,0.0023277427108579,40.30495174221174,21.791258825989416,Unintentional
User_64,2025-03-26 18:51:02,0.257,0.1826,Walking,Ligeris,Speeding,1way,5.0,100,3G,-82,55.0,17.0,0.0060257204603863,40.28054177570118,21.75297095049405,Unintentional
User_04,2025-03-26 19:58:43,0.295,0.2299,Walking,Ligeris,Driving_Under_Influence,4way,0.0,20,WiFi,-50,94.0,-23.0,0.0057271729697465,40.30558259597195,21.807613652218116,Unintentional
User_79,2025-03-26 21:23:07,0.426,0.2096,Walking,Ligeris,Driving_Under_Influence,2way,0.0,40,3G,-116,94.0,11.0,0.044,40.30710677169819,21.80782695448283,Unintentional
User_86,2025-03-26 21:31:44,0.63,0.4373,Walking,Ligeris,Speeding,2way,160.0,10,5G,Ethernet,41.0,-20.0,0.0057271729697465,40.30626471064549,21.807523914804023,Unintentional
User_30,2025-03-26 23:08:55,0.508,0.4365,Driving,Koila,7,1way,1.0,10,WiFi,-82,25.0,0.0,0.041,40.32200160732156,21.79081911389567,Unintentional
User_73,2025-03-26 23:17:13,0.676,0.5258,Driving,Ligeris,Speeding,2way,0.0,50,4G,-84,39.0,10.0,0.036,40.30622692377462,21.80894346261853,Unintentional
User_90,2025-03-26 23:21:21,0.522,0.2344,Walking,Zep,Driving_Under_Influence,2way,1.0,80,3G,-79,12.0,20.0,0.0069741327880584,40.280095095152745,21.7513796646027,Unintentional
User_77,2025-03-26 23:51:01,0.347,0.5725,Running,Ligeris,Speeding,2way,1.0,80,5G,-85,49.0,17.0,0.006001394358353,40.30577079359925,21.806997345402696,Unintentional
User_82,2025-03-27 03:40:35,0.499,0.5294,Driving,Zep,Speeding,2way,1.0,30,WiFi,-51,99.0,22.0,0.0032370558570311,40.27943820508866,21.7519758502648,Unintentional
User_30,2025-03-27 04:27:06,0.577,0.4375,Driving,Koila,Speeding,2way,0.0,40,4G,-82,48.0,-19.0,0.0099234252965848,40.323258095910774,21.790137613586264,Unintentional
User_66,2025-03-27 05:01:21,0.325,0.5567,Walking,Ligeris,Speeding,2way,1.0,30,WiFi,Ethernet,35.0,-2.0,0.044,40.30777712176125,21.80825305374628,Unintentional
User_43,2025-03-27 07:13:23,0.255,0.4443,Walking,Koila,Speeding,4way,150.0,80,4G,Ethernet,48.0,-8.0,0.032,40.32204330393679,21.79040617135325,Unintentional
User_86,2025-03-27 10:43:31,0.63,0.4393,Driving,Ligeris,Reckless_Driving,2way,4.0,40,4G,-100,82.0,-16.0,0.03,40.27794242706583,21.75242108909628,Unintentional
User_48,2025-03-27 10:52:01,0.611,0.3913,Driving,Koila,Speeding,4way,0.0,120,3G,Ethernet,21.0,24.0,0.0024562331294982,40.32272079208474,21.790260010884538,Unintentional
User_41,2025-03-27 19:38:12,0.251,0.4325,Walking,Koila,Speeding,1way,1.0,80,WiFi,-80,48.0,-13.0,0.047,40.32251622639655,21.791760923551784,Unintentional
User_68,2025-03-27 20:07:37,0.736,0.4865,Walking,Koila,Speeding,1way,0.0,Harassing_Driver,5G,Ethernet,48.0,-14.0,0.042,40.32347506760916,21.791360024850828,Unintentional
User_32,2025-03-27 22:32:42,0.694,0.4728,Walking,Ligeris,Reckless_Driving,4way,0.0,90,4G,-116,48.0,25.0,0.0021775702894715,40.3073786478365,21.807995536422307,Unintentional
User_18,2025-03-28 03:04:36,0.271,0.3154,Walking,Koila,Reckless_Driving,1way,1.0,20,5G,-96,85.0,21.0,0.0085099401650313,40.30622692377462,21.7917936231947,Unintentional
User_61,2025-03-28 04:18:51,0.261,0.2705,Driving,Ligeris,Speeding,4way,0.0,20,5G,-117,48.0,16.0,0.039,40.30609180247082,21.791258825989416,Unintentional
User_65,2025-03-28 05:43:31,0.578,0.2663,Walking,Ligeris,Driving_Under_Influence,2way,2.0,50,5G,Ethernet,48.0,22.0,0.0019404172607887,40.3066930346537,21.791258825989416,Unintentional
User_83,2025-03-28 05:55:11,0.453,0.4625,Walking,Koila,Reckless_Driving,2way,140.0,40,WiFi,-81,48.0,0.0,0.024,40.32212792443414,21.791268930746643,Unintentional
User_01,2025-03-28 06:45:29,0.508,0.4905,Walking,Ligeris,Reckless_Driving,1way,2.0,50,3G,-60,16.0,-14.0,0.022,40.322324647443544,21.791664877869582,Unintentional
User_34,2025-03-28 10:11:42,0.401,0.5725,Running,Koila,Driving_Under_Influence,1way,4.0,90,5G,Ethernet,43.0,20.0,0.0057271729697465,40.32098129047232,21.79153631054335,Unintentional
User_67,2025-03-28 21:07:15,0.557,0.3556,Driving,Ligeris,Reckless_Driving,1way,5.0,70,4G,-117,75.0,14.0,0.046,40.30622692377462,21.791364856608432,Unintentional
User_58,2025-03-28 21:53:45,0.669,0.306,Running,Koila,Speeding,4way,0.0,20,3G,-116,46.0,-3.0,0.041,40.32246370630991,21.7910999436834,Unintentional
User_70,2025-03-28 23:37:11,0.508,0.5082,Walking,Ligeris,Speeding,2way,1.0,40,4G,-101,12.0,-16.0,0.038,40.30711373736164,21.80721086447219,Unintentional
User_27,2025-03-29 02:06:34,0.508,0.4876,Walking,Ligeris,Reckless_Driving,2way,1.0,30,5G,-108,44.0,10.0,0.025,40.30622692377462,21.808862672114135,Unintentional
User_68,2025-03-29 03:39:01,0.736,0.4895,Driving,Ligeris,Driving_Under_Influence,2way,1.0,40,WiFi,Ethernet,99.0,-23.0,0.0080138864444359,40.30678209047424,21.791258825989416,Unintentional
User_28,2025-03-29 06:48:44,0.561,0.2775,Driving,Ligeris,Reckless_Driving,2way,1.0,20,4G,-110,18.0,-17.0,0.0026602335210554,40.30749200549632,21.80882253142048,Unintentional
User_99,2025-03-29 07:21:32,0.618,0.3813,Driving,Ligeris,Driving_Under_Influence,4way,0.0,40,WiFi,-55,33.0,-12.0,0.029,40.30589747662966,21.805770480390187,Unintentional
User_43,2025-03-29 09:45:25,0.255,0.4483,Running,Ligeris,Speeding,1way,150.0,80,WiFi,Ethernet,48.0,-21.0,0.0069903754945065,40.30614004725159,21.80767836995591,Unintentional
User_70,2025-03-29 15:17:28,0.359,0.5102,Walking,Zep,Speeding,2way,1.0,20,3G,-102,48.0,2.0,0.04,40.27827078836146,21.752374681433263,Unintentional
User_43,2025-03-29 17:51:07,0.255,0.4493,Running,Zep,Speeding,2way,0.0,40,4G,-102,67.0,0.0,0.038,40.28024778517044,21.75245654428631,Unintentional
User_36,2025-03-29 19:32:13,0.394,0.5099,Driving,Zep,Reckless_Driving,1way,2.0,30,4G,-119,46.0,17.0,0.0043175368255187,40.279547475787545,21.753325556044988,Unintentional
User_17,2025-03-29 20:34:23,0.383,0.5725,Driving,Zep,Driving_Under_Influence,1way,0.0,70,WiFi,Ethernet,47.0,18.0,0.0077248428115089,40.280206982840355,21.75223377450886,Unintentional
User_62,2025-03-29 22:36:00,0.346,0.4273,Walking,Zep,Driving_Under_Influence,1way,0.0,20,4G,-87,24.0,9.0,0.044,40.2801284608367,21.75133355020183,Unintentional
User_39,2025-03-29 22:37:12,0.685,0.4368,Walking,Ligeris,Speeding,2way,4.0,10,WiFi,-80,39.0,19.0,0.0062896786450493,40.307897986999,21.807242412358928,Unintentional
User_83,2025-03-29 23:38:22,0.453,0.4655,Walking,Koila,Reckless_Driving,4way,150.0,40,WiFi,-66,23.0,23.0,0.0038823004262286,40.32156631732857,21.791258825989416,Unintentional
User_20,2025-03-30 03:43:23,0.686,0.5054,Running,Zep,8,2way,4.0,70,4G,-94,73.0,-20.0,0.0020793775543235,40.27890665575909,21.753327494894897,Unintentional
User_05,2025-03-30 06:50:30,0.311,0.3308,Driving,Ligeris,Speeding,1way,1.0,30,4G,-77,78.0,20.0,0.0011051280367237,40.30622692377462,21.753167154383043,Unintentional
User_47,2025-03-30 07:35:37,0.508,0.3111,Walking,Zep,Driving_Under_Influence,2way,0.0,30,5G,-120,33.0,0.0,0.035,40.2807947642299,21.751812131495733,Unintentional
User_83,2025-03-30 08:11:05,0.453,0.4665,Running,Zep,Driving_Under_Influence,1way,0.0,70,WiFi,-69,9.0,-25.0,0.006699304553032,40.27959593279552,21.75266860242959,Unintentional
User_70,2025-03-30 12:35:44,0.359,0.5122,Walking,Zep,Speeding,2way,0.0,40,3G,-106,72.0,-17.0,0.0068806524346476,40.30622692377462,21.7549657255748,Unintentional
User_66,2025-03-30 16:09:35,0.325,0.5637,Walking,Ligeris,Speeding,2way,2.0,Illegal_Parking,3G,-105,32.0,-17.0,0.0034748495892634,40.32285645986542,21.7920980570446,Unintentional
User_93,2025-03-30 16:29:40,0.418,0.2791,Walking,Ligeris,Reckless_Driving,4way,1.0,20,4G,-94,48.0,22.0,0.0057271729697465,40.27904751191608,21.754694899479404,Unintentional
User_92,2025-03-30 20:28:00,0.611,0.5601,Driving,Koila,Driving_Under_Influence,4way,0.0,50,4G,-107,48.0,0.0,0.022,40.32166068173253,21.79095452847701,Unintentional
User_02,2025-03-30 23:41:20,0.504,0.3628,Driving,Zep,6,1way,0.0,40,WiFi,-86,99.0,-20.0,0.005841604417992,40.30622692377462,21.754759295093457,Unintentional
User_80,2025-03-31 00:02:51,0.313,0.3915,Walking,Zep,Reckless_Driving,2way,2.0,30,WiFi,-53,55.0,-23.0,0.004467327338032,40.280031528888024,21.753783261834144,Unintentional
User_96,2025-03-31 02:34:40,0.722,0.5725,Walking,Zep,Reckless_Driving,1way,1.0,50,4G,-94,22.0,5.0,0.046,40.27989998463085,21.752001498317817,Unintentional
User_75,2025-03-31 03:44:01,0.544,0.5214,Running,Ligeris,Speeding,1way,2.0,40,4G,-99,10.0,18.0,0.0036132365788404,40.30700813456394,21.80620141665015,Unintentional
User_63,2025-03-31 04:41:58,0.408,0.3984,Running,Koila,Driving_Under_Influence,2way,1.0,40,3G,-98,88.0,21.0,0.0057438895763231,40.321022325113454,21.792297618327147,Unintentional
User_53,2025-03-31 05:16:21,0.364,0.5457,Running,Ligeris,Speeding,2way,0.0,40,WiFi,-75,92.0,2.0,0.036,40.306665179959374,21.807584400038625,Unintentional
User_25,2025-03-31 08:08:28,0.627,0.2363,Driving,Koila,Speeding,2way,0.0,60,3G,-118,1.0,3.0,0.043,40.32266772477636,21.791459888701908,Unintentional
User_08,2025-03-31 09:27:51,0.325,0.5546,Driving,Koila,Speeding,2way,0.0,40,WiFi,-63,33.0,3.0,0.029,40.32268758458428,21.791258825989416,Unintentional
User_57,2025-03-31 09:52:25,0.733,0.2954,Walking,Ligeris,Speeding,2way,0.0,40,WiFi,-83,5.0,24.0,0.0019651467735844,40.30492575308697,21.80607560250066,Unintentional
User_52,2025-03-31 10:48:33,0.399,0.5159,Driving,Koila,Reckless_Driving,4way,1.0,30,3G,-101,9.0,-18.0,0.0052436793667803,40.321395619521944,21.78945399370181,Unintentional
User_85,2025-03-31 10:56:35,0.572,0.5752,Running,Ligeris,6,2way,1.0,50,3G,-76,14.0,0.0,0.049,40.28071285313124,21.752847202995245,Unintentional
User_100,2025-03-31 13:42:20,0.592,0.3781,Walking,Ligeris,Speeding,4way,150.0,70,5G,-115,48.0,-11.0,0.029,40.323663621851054,21.79135017064671,Unintentional
User_86,2025-03-31 15:43:39,0.63,0.4473,Walking,Ligeris,Speeding,4way,0.0,70,WiFi,-82,32.0,-6.0,0.034,40.30728948114416,21.809329178518347,Unintentional
User_73,2025-03-31 19:30:20,0.676,0.5358,Walking,Zep,Driving_Under_Influence,2way,1.0,30,WiFi,-70,20.0,-17.0,0.0060274076916829,40.27956939449086,21.7532946629297,Unintentional
User_05,2025-03-31 20:39:32,0.311,0.5725,Walking,Ligeris,Speeding,1way,2.0,10,5G,-91,85.0,22.0,0.0072085048203435,40.30622692377462,21.80826253532728,Unintentional
User_78,2025-03-31 22:30:40,0.64,0.2796,Walking,Koila,Reckless_Driving,2way,4.0,60,3G,-105,63.0,13.0,0.028,40.3223990905806,21.79102272421815,Unintentional
User_19,2025-04-01 01:29:57,0.384,0.5193,Walking,Zep,Reckless_Driving,2way,0.0,Lane_Discards,3G,-74,57.0,0.0,0.035,40.279508487681134,21.791258825989416,Unintentional
User_09,2025-04-01 03:05:43,0.377,0.5588,Running,Koila,Speeding,2way,1.0,60,5G,-83,48.0,2.0,0.031,40.32275384168743,21.789671984123867,Unintentional
User_24,2025-04-01 06:18:13,0.7,0.405,Walking,Ligeris,8,2way,1.0,50,5G,Ethernet,74.0,23.0,0.0092318503448964,40.322673243208165,21.790539228729926,Unintentional
User_95,2025-04-01 10:24:59,0.508,0.2703,Walking,Koila,Driving_Under_Influence,4way,2.0,40,4G,-108,19.0,-24.0,0.0087884389594354,40.30622692377462,21.79241200291451,Unintentional
User_46,2025-04-01 11:16:39,0.621,0.3689,Walking,Zep,Reckless_Driving,2way,2.0,40,4G,-88,76.0,-9.0,0.037,40.27967619418252,21.791258825989416,Unintentional
User_10,2025-04-01 12:08:08,0.719,0.5013,Walking,Zep,Reckless_Driving,2way,1.0,10,WiFi,-80,92.0,21.0,0.0077202526250386,40.27839840699493,21.7529475959129,Unintentional
User_97,2025-04-01 12:15:18,0.508,0.5379,Walking,Koila,Driving_Under_Influence,2way,1.0,20,3G,-77,7.0,3.0,0.043,40.30622692377462,21.791350959312712,Unintentional
User_82,2025-04-01 14:50:22,0.499,0.5394,Walking,Koila,Reckless_Driving,4way,1.0,40,WiFi,-67,48.0,25.0,0.0023792707450528,40.32150448471293,21.78935538168168,Unintentional
User_51,2025-04-01 18:13:01,0.708,0.5279,Driving,Ligeris,Speeding,1way,0.0,40,3G,-82,37.0,-2.0,0.035,40.30618458734933,21.807071357414394,Unintentional
User_05,2025-04-01 20:55:54,0.311,0.3358,Driving,Zep,Driving_Under_Influence,1way,2.0,40,5G,-95,42.0,8.0,0.039,40.27889440610942,21.753268859601523,Unintentional
User_56,2025-04-02 00:14:35,0.419,0.3586,Driving,Ligeris,Reckless_Driving,1way,140.0,40,5G,-97,62.0,3.0,0.021,40.30675704517665,21.808075476816736,Unintentional
User_91,2025-04-02 00:48:45,0.409,0.2512,Walking,Koila,Speeding,1way,0.0,40,3G,-55,4.0,-18.0,0.0030353822655918,40.32149744096958,21.78965390714651,Unintentional
User_70,2025-04-02 01:15:41,0.359,0.5172,Running,Koila,Speeding,2way,0.0,30,3G,-93,88.0,-10.0,0.035,40.32216298427988,21.79115772406043,Unintentional
User_35,2025-04-02 02:31:14,0.379,0.3886,Walking,Koila,Speeding,4way,1.0,40,3G,-90,98.0,22.0,0.0037742287480712,40.32055412033726,21.79046959218256,Unintentional
User_57,2025-04-02 04:30:51,0.733,0.2994,Walking,Ligeris,Speeding,2way,0.0,90,5G,-110,70.0,-18.0,0.0057271729697465,40.30617934836226,21.80746855671858,Unintentional
User_22,2025-04-02 06:38:52,0.712,0.5725,Driving,Koila,7,1way,0.0,10,3G,-101,0.0,6.0,0.023,40.32315906120394,21.79055410901868,Unintentional
User_36,2025-04-02 07:52:27,0.394,0.5179,Driving,Koila,Speeding,2way,1.0,40,5G,Ethernet,31.0,3.0,0.042,40.32088315217056,21.791258825989416,Unintentional
User_22,2025-04-02 08:34:38,0.712,0.2233,Walking,Zep,Speeding,2way,0.0,70,5G,-94,72.0,-21.0,0.0062033327052118,40.28052996955936,21.75194902980112,Unintentional
User_48,2025-04-02 19:01:20,0.611,0.4033,Walking,Ligeris,Reckless_Driving,2way,1.0,50,4G,-107,90.0,3.0,0.024,40.30688270572943,21.791258825989416,Unintentional
User_43,2025-04-02 19:17:43,0.255,0.5725,Walking,Zep,Driving_Under_Influence,2way,3.0,10,5G,-89,97.0,24.0,0.0075829968559123,40.279423086884144,21.75339614755903,Unintentional
User_03,2025-04-02 20:59:31,0.381,0.3755,Walking,Ligeris,Driving_Under_Influence,4way,1.0,40,3G,-100,84.0,0.0,0.033,40.304907813548525,21.80779322753683,Unintentional
User_07,2025-04-02 23:15:10,0.319,0.438,Walking,Koila,Speeding,2way,0.0,60,3G,Ethernet,34.0,0.0,0.03,40.32239895416627,21.791684627511795,Unintentional
User_43,2025-04-03 04:19:01,0.255,0.4583,Running,Ligeris,Speeding,2way,1.0,90,4G,-119,48.0,-19.0,0.0049882258584137,40.30626390844952,21.80747940296157,Unintentional
User_89,2025-04-03 07:45:27,0.508,0.4913,Running,Ligeris,Speeding,4way,0.0,Harassing_Driver,4G,-79,17.0,-3.0,0.023,40.30613263156124,21.807424037859793,Unintentional
User_92,2025-04-03 09:09:42,0.611,0.5671,Walking,Koila,Driving_Under_Influence,1way,1.0,50,4G,Ethernet,36.0,-5.0,0.036,40.32236403789423,21.791635136050004,Unintentional
User_59,2025-04-03 12:42:38,0.508,0.5538,Walking,Koila,Speeding,4way,150.0,40,5G,-87,53.0,-14.0,0.043,40.30622692377462,21.79202988383744,Unintentional
User_38,2025-04-03 14:54:18,0.508,0.3512,Walking,Koila,Reckless_Driving,2way,1.0,80,5G,-114,48.0,0.0,0.043,40.322183293058174,21.791258825989416,Unintentional
User_96,2025-04-03 18:40:10,0.722,0.1996,Running,Koila,Driving_Under_Influence,4way,1.0,40,5G,-99,47.0,21.0,0.0017325170872797,40.32195882593976,21.791036384620913,Unintentional
User_07,2025-04-03 19:08:42,0.319,0.44,Walking,Ligeris,Reckless_Driving,1way,0.0,60,WiFi,-67,48.0,-25.0,0.0057271729697465,40.306805275656245,21.807572919321853,Unintentional
User_04,2025-04-03 20:45:52,0.295,0.2469,Driving,Ligeris,Reckless_Driving,2way,0.0,50,4G,Ethernet,93.0,-25.0,0.006080923015616,40.30622692377462,21.8055451740203,Unintentional
User_02,2025-04-03 21:57:41,0.504,0.3708,Walking,Koila,Reckless_Driving,2way,1.0,Lane_Discards,WiFi,-65,61.0,18.0,0.0076418024878623,40.32242691019588,21.791258825989416,Unintentional
User_91,2025-04-03 22:07:27,0.409,0.2542,Walking,Zep,Speeding,2way,1.0,30,5G,-98,27.0,17.0,0.0059354136344515,40.28013683917406,21.753258433379223,Unintentional
User_74,2025-04-04 01:43:24,0.6,0.1945,Driving,Koila,Speeding,4way,160.0,10,4G,-110,67.0,24.0,0.0050998271626238,40.322183729659976,21.792035866327417,Unintentional
User_84,2025-04-04 03:53:40,0.689,0.3636,Walking,Ligeris,Reckless_Driving,2way,1.0,50,4G,-119,21.0,12.0,0.037,40.3069295185733,21.80872645452247,Unintentional
User_52,2025-04-04 08:23:46,0.399,0.5239,Running,Zep,Reckless_Driving,4way,0.0,10,4G,-119,3.0,-16.0,0.033,40.27841685713205,21.751695186367215,Unintentional
User_66,2025-04-04 08:46:18,0.325,0.5737,Running,Zep,Driving_Under_Influence,2way,1.0,90,3G,-103,45.0,3.0,0.05,40.2795658957089,21.75355649849252,Unintentional
User_45,2025-04-04 10:19:58,0.446,0.2445,Driving,Ligeris,Driving_Under_Influence,2way,1.0,40,WiFi,-84,14.0,17.0,0.0085010348837245,40.279505246846064,21.75342507177406,Unintentional
User_16,2025-04-04 10:29:37,0.438,0.3129,Running,Koila,Speeding,1way,1.0,70,3G,-102,50.0,-19.0,0.0091672610724376,40.32192821954773,21.791212599179055,Unintentional
User_29,2025-04-04 12:31:56,0.309,0.5725,Driving,Ligeris,Reckless_Driving,2way,1.0,60,WiFi,-61,19.0,4.0,0.048,40.30545831848603,21.80560419721057,Unintentional
User_23,2025-04-04 16:52:58,0.669,0.5516,Driving,Ligeris,Speeding,1way,1.0,20,WiFi,-75,48.0,24.0,0.0047888414576715,40.30529855913097,21.808823518952952,Unintentional
User_84,2025-04-04 18:04:06,0.689,0.3646,Walking,Zep,Speeding,2way,0.0,10,5G,-96,87.0,20.0,0.0090519596551519,40.278495953231854,21.75372658684152,Unintentional
User_55,2025-04-04 19:08:46,0.489,0.2618,Walking,Koila,Speeding,2way,1.0,40,WiFi,-67,34.0,18.0,0.0043101111571722,40.321909769969174,21.791467036066702,Unintentional
User_15,2025-04-04 20:19:15,0.585,0.2194,Running,Ligeris,Driving_Under_Influence,2way,1.0,60,5G,-73,67.0,-25.0,0.0048653532128134,40.32137650794098,21.793393349977407,Unintentional
User_31,2025-04-04 23:09:37,0.72,0.4379,Walking,Ligeris,Driving_Under_Influence,2way,1.0,70,5G,-109,74.0,1.0,0.031,40.30752753863461,21.80836344878743,Unintentional
User_79,2025-04-04 23:25:37,0.426,0.2276,Running,Ligeris,Driving_Under_Influence,1way,1.0,30,3G,-93,19.0,-23.0,0.0023050968087725,40.30622692377462,21.75322018210259,Unintentional
User_45,2025-04-05 03:33:34,0.446,0.5725,Walking,Zep,Reckless_Driving,2way,2.0,70,5G,Ethernet,70.0,1.0,0.046,40.280370719149765,21.752427994545368,Unintentional
User_39,2025-04-05 04:03:21,0.685,0.4508,Driving,Ligeris,Reckless_Driving,2way,0.0,40,WiFi,-68,48.0,25.0,0.0010736124238439,40.322403316651304,21.79353685168322,Unintentional
User_78,2025-04-05 06:37:34,0.64,0.2886,Running,Zep,Driving_Under_Influence,1way,1.0,80,3G,-91,76.0,-18.0,0.0057271729697465,40.30622692377462,21.752952854068976,Unintentional
User_53,2025-04-05 06:51:36,0.364,0.5567,Driving,Ligeris,Speeding,2way,0.0,50,5G,-99,40.0,-17.0,0.0010206515124892,40.306155287549615,21.80750584933931,Unintentional
User_51,2025-04-05 08:05:18,0.708,0.5359,Walking,Ligeris,Speeding,2way,0.0,10,5G,-120,30.0,17.0,0.0075169787064499,40.30622692377462,21.807481310721837,Unintentional
User_15,2025-04-05 08:32:48,0.585,0.5725,Walking,Zep,Reckless_Driving,2way,1.0,40,5G,-120,80.0,-4.0,0.034,40.279574917995035,21.7537557575695,Unintentional
User_21,2025-04-05 12:23:18,0.64,0.5515,Driving,Zep,Driving_Under_Influence,2way,1.0,50,4G,-118,98.0,-24.0,0.0043943015547493,40.27930417928711,21.753307568679833,Unintentional
User_26,2025-04-05 13:17:05,0.642,0.3462,Walking,Ligeris,Reckless_Driving,2way,1.0,90,3G,-83,14.0,0.0,0.038,40.30640822696464,21.808101241266343,Unintentional
User_97,2025-04-06 06:53:04,0.296,0.5725,Driving,Zep,Driving_Under_Influence,1way,0.0,90,3G,-118,71.0,17.0,0.008979329172062,40.27973081611949,21.75311267648381,Unintentional
User_77,2025-04-06 10:03:15,0.347,0.3306,Walking,Ligeris,Speeding,4way,1.0,Illegal_Parking,3G,-104,80.0,-24.0,0.005523958990749,40.30622692377462,21.806063011164667,Unintentional
User_52,2025-04-06 11:15:06,0.399,0.5279,Running,Zep,8,2way,1.0,20,WiFi,-87,12.0,13.0,0.043,40.30622692377462,21.754000838791733,Unintentional
User_51,2025-04-06 13:02:11,0.508,0.5379,Running,Koila,Speeding,2way,1.0,40,3G,-106,58.0,4.0,0.042,40.32205314496443,21.791336542950702,Unintentional
User_61,2025-04-06 13:18:34,0.261,0.5725,Walking,Koila,Speeding,2way,0.0,70,3G,-101,72.0,-23.0,0.0047356846635653,40.32141275642072,21.793236583492316,Unintentional
User_66,2025-04-06 13:40:06,0.325,0.5777,Walking,Ligeris,Reckless_Driving,2way,1.0,30,3G,-60,94.0,17.0,0.0097753687161561,40.3063080355756,21.80757572453904,Unintentional
User_57,2025-04-06 14:02:33,0.733,0.3084,Walking,Ligeris,Reckless_Driving,2way,4.0,60,WiFi,-68,24.0,-21.0,0.0053085234027749,40.32369877241456,21.790642483183557,Unintentional
User_73,2025-04-06 15:59:59,0.676,0.5468,Walking,Zep,Speeding,2way,0.0,80,5G,Ethernet,49.0,7.0,0.038,40.27963269869843,21.752823834180628,Unintentional
User_11,2025-04-06 23:02:17,0.539,0.3656,Driving,Ligeris,Reckless_Driving,1way,4.0,100,5G,-81,65.0,22.0,0.0057271729697465,40.30622692377462,21.791258825989416,Unintentional
User_58,2025-04-07 00:14:52,0.669,0.325,Walking,Ligeris,Speeding,1way,0.0,20,WiFi,-71,48.0,11.0,0.047,40.30603575060783,21.806701560686623,Unintentional
User_54,2025-04-07 00:45:01,0.508,0.3391,Driving,Koila,Speeding,1way,0.0,20,WiFi,-70,86.0,18.0,0.0057271729697465,40.32116696371052,21.79169192646865,Unintentional
User_69,2025-04-07 01:28:10,0.289,0.3426,Walking,Zep,Speeding,1way,1.0,20,3G,-94,49.0,0.0,0.03,40.30622692377462,21.75318074997805,Unintentional
User_12,2025-04-07 01:52:05,0.251,0.5725,Walking,Ligeris,Reckless_Driving,4way,0.0,70,WiFi,Ethernet,31.0,19.0,0.0057271729697465,40.32344800269546,21.791258825989416,Unintentional
User_54,2025-04-07 02:27:32,0.508,0.5725,Walking,Zep,Speeding,2way,0.0,10,5G,-73,81.0,20.0,0.0071718963267394,40.27925406652801,21.791258825989416,Unintentional
User_93,2025-04-07 05:47:10,0.418,0.2951,Walking,Ligeris,Reckless_Driving,2way,1.0,50,5G,-105,49.0,23.0,0.0060556079162936,40.304721884513086,21.807985745311804,Unintentional
User_85,2025-04-07 05:50:54,0.572,0.5902,Running,Ligeris,Reckless_Driving,2way,1.0,40,5G,-76,29.0,0.0,0.023,40.30622692377462,21.806729827883743,Unintentional
User_80,2025-04-07 08:43:42,0.313,0.4065,Walking,Koila,Speeding,1way,1.0,30,WiFi,-50,39.0,22.0,0.0064520462477512,40.32236762705524,21.79136945789854,Unintentional
User_38,2025-04-07 11:55:26,0.508,0.3592,Walking,Zep,Speeding,2way,0.0,10,3G,-114,42.0,-2.0,0.042,40.27974704195812,21.75457558511502,Unintentional
User_21,2025-04-07 12:17:05,0.64,0.5545,Running,Koila,Speeding,2way,1.0,50,WiFi,-63,48.0,0.0,0.042,40.32118449970368,21.790749404671512,Unintentional
User_03,2025-04-07 12:43:30,0.381,0.5725,Walking,Ligeris,Driving_Under_Influence,4way,4.0,30,5G,-83,4.0,-24.0,0.0033429537702957,40.30599084872365,21.807634253452367,Unintentional
User_25,2025-04-07 15:02:56,0.627,0.2513,Running,Ligeris,Driving_Under_Influence,2way,2.0,20,5G,-110,65.0,-13.0,0.037,40.307047100539826,21.807045026861115,Unintentional
User_75,2025-04-07 15:09:08,0.544,0.5344,Walking,Ligeris,Reckless_Driving,1way,0.0,40,3G,Ethernet,31.0,-13.0,0.048,40.30498527262285,21.806712040454176,Unintentional
User_15,2025-04-07 17:28:41,0.585,0.2244,Walking,Ligeris,Speeding,1way,1.0,Harassing_Driver,WiFi,-63,48.0,-25.0,0.0046601079326428,40.30728939774906,21.808332220567745,Unintentional
User_16,2025-04-07 21:41:30,0.438,0.3189,Driving,Koila,Driving_Under_Influence,2way,1.0,10,3G,-110,48.0,-14.0,0.032,40.32369271146906,21.791258825989416,Unintentional
User_11,2025-04-08 00:05:13,0.539,0.3686,Running,Koila,Driving_Under_Influence,2way,0.0,80,4G,-106,97.0,-23.0,0.0076295542561914,40.32267004141915,21.789522416156,Unintentional
User_45,2025-04-08 03:09:02,0.446,0.2525,Driving,Ligeris,Speeding,1way,1.0,40,4G,-110,100.0,-22.0,0.0035883635818529,40.30610510249482,21.80727620128665,Unintentional
User_22,2025-04-08 03:40:20,0.712,0.2343,Running,Koila,Reckless_Driving,1way,1.0,40,4G,-104,40.0,-22.0,0.0051829763787494,40.32191780393407,21.792768215640173,Unintentional
User_41,2025-04-08 03:44:56,0.251,0.4555,Walking,Zep,Reckless_Driving,2way,0.0,80,3G,Ethernet,8.0,6.0,0.05,40.27907057596592,21.752866034112408,Unintentional
User_09,2025-04-08 03:48:10,0.377,0.5725,Walking,Zep,Speeding,2way,1.0,20,4G,-94,23.0,4.0,0.039,40.27957290113742,21.75327920924604,Unintentional
User_91,2025-04-08 04:34:53,0.409,0.2632,Walking,Ligeris,Speeding,4way,1.0,10,4G,-113,48.0,-10.0,0.046,40.30678235642719,21.809284191861508,Unintentional
User_40,2025-04-08 05:13:27,0.498,0.4497,Running,Ligeris,Reckless_Driving,2way,140.0,80,3G,-99,91.0,-25.0,0.0093188106258463,40.30620040916819,21.791258825989416,Unintentional
User_63,2025-04-08 05:54:38,0.408,0.4144,Walking,Ligeris,Reckless_Driving,2way,1.0,30,4G,-87,4.0,2.0,0.034,40.32182050029722,21.789800516479826,Unintentional
User_83,2025-04-08 07:46:53,0.453,0.5725,Running,Ligeris,Speeding,2way,1.0,40,5G,-93,19.0,-24.0,0.0017450947868649,40.30482447663274,21.807882845388683,Unintentional
User_21,2025-04-08 09:47:53,0.64,0.5565,Driving,Ligeris,Driving_Under_Influence,2way,0.0,80,4G,-83,6.0,-21.0,0.0092558786993403,40.32119942096865,21.793004859436007,Unintentional
User_99,2025-04-08 09:54:07,0.618,0.4013,Walking,Ligeris,Driving_Under_Influence,2way,0.0,40,5G,-115,67.0,20.0,0.0066265604448564,40.307295401907446,21.80788237514304,Unintentional
User_83,2025-04-08 10:06:20,0.453,0.4855,Running,Zep,Driving_Under_Influence,2way,0.0,20,3G,-99,95.0,2.0,0.041,40.30622692377462,21.791258825989416,Unintentional
User_69,2025-04-08 11:23:45,0.289,0.3456,Driving,Ligeris,Driving_Under_Influence,2way,2.0,10,4G,-107,48.0,-20.0,0.0057271729697465,40.30622692377462,21.8053233871018,Unintentional
User_73,2025-04-08 16:11:43,0.676,0.5518,Driving,Ligeris,Speeding,4way,0.0,30,4G,-73,48.0,11.0,0.04,40.30622692377462,21.808238997413454,Unintentional
User_56,2025-04-08 17:04:33,0.508,0.3706,Running,Ligeris,Speeding,2way,0.0,80,3G,-90,34.0,-19.0,0.005203759235187,40.32144136597122,21.791258825989416,Unintentional
User_58,2025-04-08 18:10:59,0.508,0.328,Driving,Ligeris,Speeding,4way,1.0,40,WiFi,-60,75.0,-20.0,0.00727212016331,40.30606340504476,21.807339158954257,Unintentional
User_77,2025-04-08 21:40:18,0.347,0.3356,Driving,Ligeris,Speeding,4way,1.0,30,5G,Ethernet,97.0,-20.0,0.0090528411214415,40.306479454917984,21.806193039703363,Unintentional
User_07,2025-04-08 22:16:14,0.319,0.45,Driving,Ligeris,Speeding,4way,2.0,90,4G,-84,63.0,-15.0,0.044,40.30622687889659,21.791258825989416,Unintentional
User_13,2025-04-09 01:36:53,0.657,0.3289,Running,Ligeris,Reckless_Driving,2way,1.0,80,3G,-80,6.0,-17.0,0.0081092901225155,40.30573449319347,21.808892943240167,Unintentional
User_84,2025-04-09 02:09:19,0.689,0.5725,Running,Zep,Driving_Under_Influence,2way,0.0,60,3G,-76,37.0,0.0,0.023,40.27929954741795,21.791258825989416,Unintentional
User_64,2025-04-09 02:34:22,0.257,0.2096,Running,Ligeris,Reckless_Driving,1way,0.0,10,3G,-95,64.0,8.0,0.045,40.30679336938224,21.808399972432507,Unintentional
User_02,2025-04-09 02:52:53,0.504,0.3818,Walking,Ligeris,Reckless_Driving,1way,4.0,20,WiFi,-87,48.0,-18.0,0.0057271729697465,40.30692067995082,21.807262767750053,Unintentional
User_14,2025-04-09 08:34:04,0.549,0.2127,Walking,Koila,Speeding,2way,1.0,40,3G,-108,69.0,-18.0,0.001344543646809,40.32133206262182,21.789909244550135,Unintentional
User_80,2025-04-09 09:03:39,0.313,0.4095,Walking,Ligeris,Speeding,4way,1.0,40,4G,-79,7.0,-13.0,0.028,40.306590492280975,21.807935523238484,Unintentional
User_91,2025-04-09 09:06:02,0.409,0.2662,Walking,Ligeris,Reckless_Driving,1way,2.0,40,5G,-109,48.0,2.0,0.04,40.27941122658954,21.752695614903857,Unintentional
User_79,2025-04-09 09:06:09,0.426,0.2376,Walking,Zep,Speeding,2way,0.0,Lane_Discards,WiFi,-56,90.0,17.0,0.0044122199160747,40.28106062678184,21.75333030207585,Unintentional
User_59,2025-04-09 09:31:32,0.508,0.5648,Running,Ligeris,Reckless_Driving,2way,2.0,10,WiFi,-81,89.0,2.0,0.043,40.27875876044506,21.791258825989416,Unintentional
User_14,2025-04-09 09:51:47,0.549,0.2137,Running,Ligeris,Driving_Under_Influence,2way,1.0,40,3G,-73,48.0,-4.0,0.045,40.32209609389211,21.791527506675248,Unintentional
User_36,2025-04-09 11:01:24,0.394,0.5329,Driving,Ligeris,Reckless_Driving,4way,0.0,40,5G,-85,68.0,-6.0,0.026,40.30642015749569,21.80736895587647,Unintentional
User_44,2025-04-09 12:52:08,0.332,0.2997,Running,Ligeris,Speeding,1way,2.0,80,4G,-86,14.0,0.0,0.023,40.3046457152392,21.791258825989416,Unintentional
User_84,2025-04-09 15:16:40,0.689,0.3746,Running,Zep,Reckless_Driving,1way,4.0,40,4G,-74,95.0,5.0,0.034,40.27961556126557,21.791258825989416,Unintentional
User_33,2025-04-09 16:40:47,0.486,0.3376,Driving,Koila,6,2way,0.0,80,4G,-73,48.0,0.0,0.042,40.32105800914118,21.791258825989416,Unintentional
User_52,2025-04-10 04:32:38,0.399,0.5369,Driving,Koila,9,2way,1.0,60,WiFi,-74,68.0,17.0,0.0070158235100907,40.32164704203453,21.790320897306376,Unintentional
User_81,2025-04-10 05:02:02,0.482,0.4464,Running,Ligeris,Driving_Under_Influence,1way,0.0,40,5G,-93,56.0,-18.0,0.0020040934820999,40.32122928139419,21.78951444564057,Unintentional
User_39,2025-04-10 05:55:46,0.685,0.4598,Walking,Ligeris,Speeding,2way,0.0,70,5G,-82,48.0,-19.0,0.0079948561648211,40.30660054711918,21.80555824021306,Unintentional
User_08,2025-04-10 09:15:49,0.325,0.5756,Driving,Ligeris,Speeding,2way,160.0,60,WiFi,-70,20.0,16.0,0.043,40.30622692377462,21.753248845712186,Unintentional
User_79,2025-04-10 18:13:37,0.426,0.5725,Running,Koila,Driving_Under_Influence,2way,1.0,30,5G,-97,55.0,-22.0,0.0080775843657166,40.32219242275457,21.790465404580686,Unintentional
User_18,2025-04-10 19:41:49,0.271,0.3424,Driving,Ligeris,Driving_Under_Influence,4way,0.0,20,4G,-116,21.0,0.0,0.041,40.27968202902804,21.753046753144577,Unintentional
User_60,2025-04-10 22:48:04,0.602,0.5036,Driving,Ligeris,Driving_Under_Influence,1way,140.0,30,4G,-100,32.0,5.0,0.029,40.30769542702755,21.806743012172056,Unintentional
User_03,2025-04-11 05:19:08,0.381,0.3925,Walking,Koila,Speeding,2way,0.0,70,WiFi,-76,49.0,0.0,0.042,40.322318725803086,21.79149408695469,Unintentional
User_35,2025-04-11 05:36:53,0.379,0.5725,Walking,Ligeris,Reckless_Driving,4way,0.0,40,3G,-72,78.0,-19.0,0.0057271729697465,40.304990953878864,21.806082184116764,Unintentional
User_51,2025-04-11 07:53:25,0.708,0.5469,Driving,Koila,Driving_Under_Influence,2way,1.0,90,3G,-103,4.0,-15.0,0.047,40.30622692377462,21.79107895869906,Unintentional
User_20,2025-04-11 07:56:24,0.686,0.5304,Running,Koila,Reckless_Driving,4way,3.0,30,WiFi,-76,10.0,10.0,0.033,40.323847293565414,21.791599112447063,Unintentional
User_93,2025-04-11 10:43:07,0.418,0.3031,Running,Zep,Driving_Under_Influence,2way,0.0,40,3G,-85,15.0,19.0,0.006579148470851,40.28004506184155,21.791258825989416,Unintentional
User_57,2025-04-11 12:06:44,0.733,0.3184,Running,Koila,Reckless_Driving,1way,1.0,30,3G,-71,13.0,0.0,0.042,40.322154520628295,21.792113425541675,Unintentional
User_75,2025-04-11 15:02:13,0.544,0.5434,Driving,Ligeris,Speeding,2way,1.0,50,4G,-106,43.0,12.0,0.022,40.305506459198426,21.791258825989416,Unintentional
User_44,2025-04-11 18:17:52,0.508,0.3037,Driving,Koila,Speeding,2way,1.0,40,3G,-87,68.0,-13.0,0.023,40.3216442620549,21.79176461122132,Unintentional
User_07,2025-04-11 19:43:42,0.319,0.455,Walking,Koila,Reckless_Driving,2way,0.0,20,5G,-108,77.0,-23.0,0.0036374386531655,40.32074859707114,21.789696377786335,Unintentional
User_07,2025-04-11 23:00:50,0.319,0.456,Driving,Ligeris,Speeding,2way,0.0,50,3G,Ethernet,76.0,23.0,0.0057271729697465,40.30622692377462,21.75270388204192,Unintentional
User_30,2025-04-11 23:02:01,0.508,0.4685,Walking,Ligeris,Speeding,1way,0.0,90,WiFi,Ethernet,54.0,-1.0,0.023,40.30459847539608,21.80818303148343,Unintentional
User_25,2025-04-12 00:02:01,0.508,0.2603,Driving,Ligeris,Driving_Under_Influence,1way,0.0,50,3G,-71,48.0,18.0,0.0091640197492281,40.28040887044551,21.753800404020367,Unintentional
User_100,2025-04-12 03:25:32,0.592,0.4011,Running,Koila,Speeding,1way,1.0,40,5G,Ethernet,60.0,1.0,0.043,40.32210403331896,21.791258825989416,Unintentional
User_38,2025-04-12 03:57:29,0.448,0.3692,Walking,Koila,Reckless_Driving,1way,3.0,10,4G,-82,51.0,-21.0,0.0020756297454577,40.322871958378414,21.79127908381818,Unintentional
User_86,2025-04-12 06:52:42,0.63,0.4713,Walking,Ligeris,Speeding,2way,2.0,40,3G,Ethernet,74.0,-23.0,0.0081638506461211,40.306527009763386,21.80713469302832,Unintentional
User_90,2025-04-12 07:48:21,0.522,0.2684,Walking,Koila,Driving_Under_Influence,2way,0.0,70,4G,Ethernet,16.0,0.0,0.046,40.32059484946912,21.79145893455536,Unintentional
User_55,2025-04-12 08:18:24,0.489,0.2768,Walking,Zep,Driving_Under_Influence,2way,0.0,70,3G,-88,37.0,10.0,0.03,40.30622692377462,21.753859785897017,Unintentional
User_38,2025-04-12 09:43:49,0.448,0.3702,Driving,Zep,Driving_Under_Influence,4way,1.0,30,3G,-118,69.0,-22.0,0.0097393587148045,40.279700235590326,21.75449167793616,Unintentional
User_30,2025-04-12 13:40:37,0.577,0.4705,Walking,Ligeris,Driving_Under_Influence,2way,0.0,10,3G,-81,69.0,-16.0,0.026,40.30558849441935,21.791258825989416,Unintentional
User_41,2025-04-12 16:32:46,0.251,0.5725,Running,Zep,7,1way,0.0,50,3G,-71,60.0,-6.0,0.033,40.280347050513065,21.752481471455077,Unintentional
User_17,2025-04-12 16:59:51,0.383,0.2272,Running,Ligeris,Speeding,2way,1.0,90,4G,-110,86.0,-15.0,0.036,40.30622692377462,21.80667936903428,Unintentional
User_58,2025-04-12 17:18:29,0.669,0.336,Walking,Ligeris,Speeding,4way,0.0,60,3G,-101,41.0,-17.0,0.0023329526499946,40.30606263957176,21.791258825989416,Unintentional
User_29,2025-04-12 19:49:39,0.309,0.4236,Driving,Ligeris,Reckless_Driving,2way,0.0,30,WiFi,-58,25.0,-17.0,0.0057271729697465,40.307074559328505,21.80711731087665,Unintentional
User_36,2025-04-12 20:05:59,0.394,0.5389,Driving,Zep,Driving_Under_Influence,1way,2.0,20,3G,-116,34.0,2.0,0.036,40.279739064705886,21.7520088186696,Unintentional
User_74,2025-04-12 21:13:50,0.6,0.2115,Walking,Ligeris,Reckless_Driving,2way,0.0,60,4G,-85,56.0,0.0,0.04,40.30737055065163,21.80771008496063,Unintentional
User_94,2025-04-12 22:22:03,0.648,0.2668,Walking,Koila,Driving_Under_Influence,2way,0.0,40,5G,-93,16.0,16.0,0.048,40.3224635084887,21.790689111437736,Unintentional
User_87,2025-04-13 00:09:39,0.374,0.3506,Walking,Zep,Reckless_Driving,2way,0.0,20,3G,-90,48.0,13.0,0.033,40.27948639499219,21.75248319792208,Unintentional
User_67,2025-04-13 03:41:40,0.557,0.3876,Walking,Koila,Reckless_Driving,1way,1.0,90,4G,-103,97.0,-23.0,0.0057271729697465,40.322047384451494,21.790405076900853,Unintentional
User_89,2025-04-13 04:40:17,0.485,0.5123,Driving,Zep,Driving_Under_Influence,2way,150.0,40,5G,Ethernet,43.0,-17.0,0.0084171890206512,40.279588220834846,21.75550165037369,Unintentional
User_24,2025-04-13 06:54:05,0.7,0.43,Running,Ligeris,Speeding,4way,0.0,Illegal_Parking,3G,-99,58.0,-18.0,0.0057271729697465,40.306513451764694,21.806617541296223,Unintentional
User_97,2025-04-13 12:51:53,0.296,0.5619,Running,Koila,Speeding,2way,1.0,10,4G,-114,8.0,21.0,0.0057271729697465,40.322064185400585,21.791310595990172,Unintentional
User_62,2025-04-13 16:24:52,0.346,0.4573,Driving,Zep,Speeding,4way,150.0,30,5G,-89,23.0,-10.0,0.035,40.279325504802856,21.75408561189997,Unintentional
User_71,2025-04-13 18:07:14,0.431,0.49,Walking,Ligeris,Driving_Under_Influence,1way,0.0,40,5G,-120,64.0,-10.0,0.024,40.27899504555799,21.7531580297784,Unintentional
User_64,2025-04-13 18:57:42,0.257,0.2176,Driving,Zep,Reckless_Driving,1way,1.0,20,WiFi,Ethernet,77.0,-21.0,0.0046084447582474,40.27866497876531,21.75434797746284,Unintentional
User_64,2025-04-13 19:25:40,0.508,0.2186,Walking,Koila,Reckless_Driving,2way,1.0,40,3G,-113,53.0,2.0,0.039,40.30622692377462,21.79290309424934,Unintentional
User_20,2025-04-13 20:23:30,0.686,0.5344,Driving,Ligeris,Reckless_Driving,1way,0.0,40,WiFi,-81,86.0,-13.0,0.022,40.305902306876874,21.808028133527326,Unintentional
User_84,2025-04-13 23:36:18,0.689,0.3826,Walking,Ligeris,Driving_Under_Influence,1way,1.0,Illegal_Parking,3G,-111,90.0,-21.0,0.0051872535284389,40.305953396871026,21.80800608968227,Unintentional
User_46,2025-04-13 23:57:54,0.508,0.3929,Walking,Ligeris,Reckless_Driving,2way,1.0,70,3G,Ethernet,48.0,20.0,0.0057271729697465,40.306265477223576,21.80720692194401,Unintentional
User_15,2025-04-14 00:37:38,0.585,0.2384,Driving,Ligeris,Speeding,1way,1.0,30,WiFi,-74,93.0,24.0,0.0058534109129231,40.32179926174273,21.791562375557294,Unintentional
User_56,2025-04-14 01:19:12,0.419,0.3826,Driving,Zep,Reckless_Driving,4way,1.0,40,WiFi,Ethernet,4.0,0.0,0.043,40.280156765128034,21.754777294971795,Unintentional
User_48,2025-04-14 02:37:42,0.611,0.4263,Walking,Koila,Speeding,2way,150.0,120,4G,-95,48.0,23.0,0.0057271729697465,40.30622692377462,21.790847072703382,Unintentional
User_47,2025-04-14 04:08:12,0.508,0.3411,Walking,Ligeris,Speeding,1way,1.0,20,WiFi,-82,8.0,23.0,0.0057271729697465,40.280213232744856,21.755144622752702,Unintentional
User_30,2025-04-14 05:51:35,0.577,0.4745,Running,Ligeris,Reckless_Driving,4way,0.0,20,WiFi,Ethernet,90.0,-24.0,0.0069636346038133,40.306268716392495,21.791258825989416,Unintentional
User_72,2025-04-14 06:21:18,0.697,0.3072,Driving,Ligeris,Speeding,1way,0.0,40,4G,-101,2.0,20.0,0.0080367506320273,40.306153824621006,21.791258825989416,Unintentional
User_01,2025-04-14 09:26:36,0.508,0.5245,Walking,Zep,Speeding,2way,1.0,10,3G,-96,79.0,11.0,0.023,40.28030579033133,21.75386364011258,Unintentional
User_73,2025-04-14 11:05:42,0.508,0.5628,Running,Koila,Driving_Under_Influence,2way,4.0,50,WiFi,-63,13.0,-20.0,0.0019910144870217,40.32189415203641,21.79117257824489,Unintentional
User_98,2025-04-14 15:21:02,0.553,0.4519,Driving,Ligeris,Reckless_Driving,2way,2.0,80,4G,-112,15.0,-6.0,0.028,40.30770450847938,21.791258825989416,Unintentional
User_08,2025-04-14 17:42:49,0.325,0.5725,Driving,Koila,Speeding,4way,1.0,10,3G,-104,87.0,14.0,0.023,40.32052576051837,21.79068357016808,Unintentional
User_20,2025-04-14 19:44:04,0.686,0.5354,Walking,Koila,Speeding,2way,0.0,20,5G,-84,27.0,20.0,0.0024754541848334,40.322143136292745,21.793566273357676,Unintentional
User_31,2025-04-14 21:17:48,0.72,0.4579,Walking,Koila,Speeding,2way,3.0,30,5G,-116,13.0,24.0,0.0091199126983797,40.322446191651665,21.792452197824375,Unintentional
User_04,2025-04-14 22:14:40,0.295,0.2689,Driving,Zep,Speeding,1way,2.0,20,WiFi,-82,97.0,0.0,0.041,40.27846711866249,21.754604581140963,Unintentional
User_83,2025-04-14 22:58:17,0.508,0.4965,Walking,Koila,Driving_Under_Influence,4way,1.0,40,5G,-82,56.0,-18.0,0.0012094968558587,40.321506125632816,21.793445876122743,Unintentional
User_16,2025-04-15 05:03:01,0.438,0.3339,Running,Ligeris,Driving_Under_Influence,4way,0.0,Harassing_Driver,WiFi,Ethernet,72.0,-17.0,0.0022410509262236,40.30622692377462,21.791258825989416,Unintentional
User_32,2025-04-15 06:55:29,0.694,0.5098,Driving,Koila,Reckless_Driving,2way,1.0,90,3G,-103,48.0,24.0,0.009166635382498,40.32089952860027,21.790494866396035,Unintentional
User_40,2025-04-15 09:21:21,0.498,0.4637,Walking,Ligeris,Driving_Under_Influence,2way,0.0,20,4G,-110,64.0,0.0,0.046,40.306037509782186,21.80673181460979,Unintentional
User_74,2025-04-15 11:07:57,0.508,0.2165,Running,Ligeris,Speeding,2way,0.0,40,3G,-110,39.0,-19.0,0.0027041171667463,40.306339173774234,21.80739091363833,Unintentional
User_99,2025-04-15 11:27:31,0.618,0.4153,Running,Koila,Reckless_Driving,2way,140.0,40,3G,-115,82.0,-9.0,0.023,40.32260838965747,21.791919722691777,Unintentional
User_74,2025-04-15 12:03:20,0.6,0.2175,Running,Ligeris,Speeding,4way,1.0,10,WiFi,-88,48.0,20.0,0.006844639910547,40.32054234634476,21.791258825989416,Unintentional
User_100,2025-04-15 12:24:32,0.592,0.5725,Running,Ligeris,Reckless_Driving,2way,140.0,70,5G,-115,48.0,-5.0,0.034,40.305711095846824,21.805896276427692,Unintentional
User_84,2025-04-15 13:32:15,0.689,0.3866,Walking,Ligeris,9,2way,1.0,40,3G,-113,10.0,24.0,0.0015441041270154,40.30678688609472,21.808151937660153,Unintentional
User_73,2025-04-15 13:54:37,0.676,0.5658,Running,Ligeris,Speeding,1way,0.0,130,WiFi,-50,34.0,21.0,0.0057271729697465,40.30622692377462,21.80674485242172,Unintentional
User_63,2025-04-15 14:57:07,0.408,0.5725,Driving,Zep,Reckless_Driving,2way,0.0,60,4G,-107,5.0,17.0,0.0044477163168482,40.279520462083156,21.7531069979369,Unintentional
User_11,2025-04-15 15:00:09,0.539,0.5725,Running,Zep,Speeding,1way,0.0,60,WiFi,-84,60.0,0.0,0.028,40.28082518131292,21.75265245281121,Unintentional
User_27,2025-04-15 15:29:05,0.319,0.5206,Walking,Zep,Speeding,2way,0.0,30,3G,-99,38.0,-16.0,0.05,40.30622692377462,21.752474908350184,Unintentional
User_91,2025-04-15 17:07:58,0.409,0.2772,Driving,Zep,Driving_Under_Influence,4way,1.0,40,3G,-87,24.0,12.0,0.034,40.27880425601485,21.75354568914804,Unintentional
User_95,2025-04-16 03:00:14,0.739,0.2993,Walking,Ligeris,Driving_Under_Influence,2way,2.0,60,3G,-105,91.0,0.0,0.038,40.3221377396406,21.791138478599148,Unintentional
User_40,2025-04-16 03:04:24,0.508,0.5725,Driving,Ligeris,Speeding,1way,3.0,40,3G,Ethernet,77.0,-23.0,0.0057271729697465,40.30561957509272,21.809635151424366,Unintentional
User_35,2025-04-16 13:55:00,0.379,0.4166,Walking,Ligeris,Speeding,2way,0.0,40,4G,-96,79.0,15.0,0.025,40.32248726569309,21.790761393333263,Unintentional
User_50,2025-04-16 19:17:38,0.477,0.5377,Running,Ligeris,Reckless_Driving,2way,0.0,40,4G,-97,40.0,0.0,0.032,40.30625571793366,21.791258825989416,Unintentional
User_30,2025-04-16 21:16:38,0.577,0.4785,Running,Koila,Driving_Under_Influence,2way,1.0,30,4G,-107,59.0,-17.0,0.0072234770903094,40.321389640166394,21.79116835546026,Unintentional
User_02,2025-04-16 22:34:00,0.504,0.3958,Walking,Koila,Reckless_Driving,1way,0.0,20,3G,Ethernet,48.0,-25.0,0.0057271729697465,40.32334450211808,21.790833174069032,Unintentional
User_97,2025-04-16 23:53:41,0.296,0.5725,Driving,Zep,Reckless_Driving,4way,1.0,60,4G,-105,20.0,3.0,0.048,40.280578556358186,21.754832042062713,Unintentional
User_89,2025-04-16 23:54:32,0.485,0.5725,Driving,Koila,Driving_Under_Influence,2way,0.0,40,3G,-84,12.0,-3.0,0.043,40.32140804121472,21.79087166126334,Unintentional
User_54,2025-04-17 00:06:17,0.508,0.3591,Running,Zep,Reckless_Driving,2way,2.0,70,3G,-85,48.0,21.0,0.0057271729697465,40.28035998746268,21.752753111134705,Unintentional
User_31,2025-04-17 11:16:58,0.72,0.4639,Walking,Zep,7,2way,0.0,10,WiFi,-77,48.0,2.0,0.04,40.27980433502213,21.791258825989416,Unintentional
User_64,2025-04-17 12:17:46,0.257,0.2266,Walking,Zep,Speeding,2way,1.0,40,WiFi,-55,51.0,-15.0,0.023,40.30622692377462,21.751704953013128,Unintentional
User_10,2025-04-17 14:16:33,0.719,0.5323,Walking,Zep,Driving_Under_Influence,2way,1.0,40,4G,-92,46.0,-7.0,0.038,40.27815268521631,21.752282255635507,Unintentional
User_65,2025-04-17 16:55:18,0.578,0.3063,Driving,Ligeris,Speeding,2way,1.0,40,WiFi,-78,19.0,18.0,0.0050147169105555,40.30622692377462,21.791258825989416,Unintentional
User_28,2025-04-17 17:35:32,0.508,0.3155,Running,Zep,Speeding,1way,2.0,80,WiFi,Ethernet,77.0,-12.0,0.035,40.30622692377462,21.754452388024266,Unintentional
User_47,2025-04-17 23:10:41,0.636,0.3471,Walking,Ligeris,Driving_Under_Influence,2way,0.0,90,4G,-114,24.0,-5.0,0.042,40.30597913336259,21.80664967870075,Unintentional
User_43,2025-04-18 00:51:29,0.508,0.4883,Driving,Ligeris,Driving_Under_Influence,1way,140.0,40,3G,Ethernet,77.0,-20.0,0.0037260563766677,40.27919972877166,21.753845846898397,Unintentional
User_07,2025-04-18 00:54:40,0.508,0.469,Walking,Ligeris,Driving_Under_Influence,2way,0.0,80,4G,-76,74.0,-10.0,0.044,40.307092968935294,21.80734087136545,Unintentional
User_40,2025-04-18 02:57:34,0.498,0.4697,Driving,Koila,Reckless_Driving,2way,1.0,60,5G,Ethernet,48.0,0.0,0.04,40.32209337519185,21.79122933533215,Unintentional
User_69,2025-04-18 03:18:02,0.289,0.3646,Running,Zep,Speeding,1way,1.0,10,WiFi,Ethernet,79.0,0.0,0.046,40.279389677251544,21.755233181612443,Unintentional
User_67,2025-04-18 03:23:41,0.557,0.3966,Walking,Zep,Speeding,2way,1.0,70,5G,-114,48.0,0.0,0.033,40.30622692377462,21.75175475646539,Unintentional
User_100,2025-04-18 04:40:56,0.592,0.4141,Running,Zep,Speeding,2way,1.0,60,5G,-76,70.0,23.0,0.0049841123246528,40.27987648055045,21.75322545483434,Unintentional
User_24,2025-04-18 05:50:45,0.7,0.439,Walking,Ligeris,Driving_Under_Influence,2way,0.0,40,4G,-85,22.0,17.0,0.0063767569662224,40.30591477772864,21.791258825989416,Unintentional
User_77,2025-04-18 06:15:09,0.347,0.3546,Walking,Ligeris,Speeding,2way,0.0,80,WiFi,-90,39.0,-13.0,0.029,40.306551808726105,21.80578734770377,Unintentional
User_64,2025-04-18 08:09:19,0.257,0.2286,Walking,Ligeris,Speeding,1way,1.0,40,WiFi,-66,68.0,23.0,0.0066210932529128,40.30645846647664,21.80779013834391,Unintentional
User_45,2025-04-18 10:41:48,0.446,0.5725,Driving,Ligeris,Driving_Under_Influence,2way,1.0,40,WiFi,-62,42.0,9.0,0.023,40.3058755938357,21.807730785116,Unintentional
User_41,2025-04-18 12:01:45,0.251,0.4765,Running,Ligeris,Driving_Under_Influence,2way,1.0,30,4G,-109,3.0,6.0,0.05,40.32132355026456,21.79116225647436,Unintentional
User_21,2025-04-18 12:32:17,0.64,0.5765,Walking,Ligeris,Speeding,2way,0.0,80,WiFi,-60,50.0,0.0,0.043,40.2794453846512,21.75352487034937,Unintentional
User_10,2025-04-18 20:32:45,0.719,0.5343,Driving,Ligeris,Speeding,4way,0.0,50,4G,Ethernet,98.0,14.0,0.039,40.30632778961919,21.791258825989416,Unintentional
User_90,2025-04-18 21:13:31,0.522,0.2804,Running,Ligeris,Driving_Under_Influence,1way,0.0,90,3G,-110,86.0,-23.0,0.0057271729697465,40.306810827121666,21.806873799177794,Unintentional
User_94,2025-04-18 22:23:19,0.648,0.2788,Walking,Zep,Speeding,1way,1.0,70,3G,Ethernet,41.0,6.0,0.046,40.27962819119471,21.753627463450908,Unintentional
User_33,2025-04-19 00:55:21,0.508,0.3566,Walking,Ligeris,Reckless_Driving,2way,0.0,80,5G,Ethernet,15.0,3.0,0.045,40.30622692377462,21.80691779400921,Unintentional
User_25,2025-04-19 03:43:51,0.627,0.2743,Running,Zep,Reckless_Driving,2way,1.0,40,3G,-119,74.0,-16.0,0.048,40.27909428831517,21.791258825989416,Unintentional
User_14,2025-04-19 03:48:30,0.549,0.5725,Walking,Ligeris,Driving_Under_Influence,4way,1.0,50,5G,Ethernet,95.0,13.0,0.031,40.28026485511295,21.753764278634,Unintentional
User_53,2025-04-19 04:43:45,0.508,0.5837,Walking,Zep,Reckless_Driving,2way,1.0,50,4G,-98,71.0,16.0,0.035,40.27984902759081,21.752493802919528,Unintentional
User_36,2025-04-19 05:34:59,0.508,0.5519,Running,Zep,Reckless_Driving,1way,1.0,40,3G,-87,48.0,3.0,0.033,40.30622692377462,21.75405720952948,Unintentional
User_69,2025-04-19 05:56:11,0.289,0.3676,Walking,Zep,Driving_Under_Influence,4way,0.0,70,4G,-83,62.0,-7.0,0.03,40.277838598836894,21.753523826855968,Unintentional
User_59,2025-04-19 07:29:11,0.696,0.5848,Running,Zep,Reckless_Driving,1way,0.0,40,4G,-84,82.0,-24.0,0.0058824365092089,40.28113211709833,21.75437721396247,Unintentional
User_59,2025-04-19 08:09:45,0.696,0.5725,Walking,Zep,Reckless_Driving,2way,1.0,40,3G,-101,93.0,18.0,0.0061947708535151,40.27899801498321,21.75288034491403,Unintentional
User_40,2025-04-19 08:31:19,0.498,0.4717,Walking,Koila,Reckless_Driving,2way,0.0,40,WiFi,Ethernet,2.0,-20.0,0.0055976924404244,40.32219501720471,21.789811633558735,Unintentional
User_65,2025-04-19 09:48:24,0.578,0.3093,Walking,Zep,Reckless_Driving,2way,1.0,40,4G,-120,39.0,3.0,0.041,40.27891286995203,21.753004163706745,Unintentional
User_30,2025-04-19 10:18:49,0.577,0.4845,Walking,Ligeris,Speeding,1way,0.0,10,WiFi,-82,51.0,0.0,0.04,40.3058848088055,21.80713114994693,Unintentional
User_38,2025-04-19 11:45:56,0.448,0.3842,Walking,Ligeris,Speeding,4way,0.0,70,WiFi,-89,48.0,0.0,0.035,40.322487200221694,21.789548390347157,Unintentional
User_16,2025-04-19 12:41:21,0.438,0.5725,Walking,Ligeris,Speeding,2way,0.0,70,3G,-74,35.0,-8.0,0.029,40.30619369229048,21.80933475198469,Unintentional
User_23,2025-04-19 14:37:42,0.669,0.5816,Walking,Koila,Driving_Under_Influence,2way,4.0,60,3G,-94,48.0,-9.0,0.029,40.30622692377462,21.79220266438099,Unintentional
User_32,2025-04-19 15:45:07,0.694,0.5178,Running,Koila,Reckless_Driving,2way,0.0,50,WiFi,-75,23.0,3.0,0.036,40.32203428715607,21.791391043826863,Unintentional
User_21,2025-04-19 15:54:05,0.64,0.5785,Walking,Ligeris,Reckless_Driving,2way,1.0,30,3G,-100,38.0,-19.0,0.0041749293958208,40.30538260485225,21.808892073551107,Unintentional
User_03,2025-04-19 16:06:36,0.508,0.4095,Walking,Ligeris,6,2way,1.0,80,5G,-115,25.0,-18.0,0.0045398211430312,40.30650371215303,21.807902912158852,Unintentional
User_06,2025-04-19 21:31:41,0.614,0.5903,Walking,Ligeris,Driving_Under_Influence,4way,140.0,40,WiFi,-52,2.0,-25.0,0.0077626437813731,40.30623508119938,21.807964722578163,Unintentional
User_08,2025-04-20 03:29:24,0.325,0.5946,Driving,Ligeris,Speeding,2way,1.0,20,4G,-111,71.0,14.0,0.038,40.30695758579234,21.80638394491791,Unintentional
User_19,2025-04-20 03:58:01,0.384,0.5573,Running,Ligeris,Speeding,1way,1.0,50,3G,-89,10.0,-8.0,0.035,40.30624412994511,21.8071935455523,Unintentional
User_48,2025-04-20 08:22:49,0.611,0.5725,Walking,Zep,Speeding,2way,2.0,40,3G,-105,84.0,-21.0,0.0046742357692281,40.27990752867293,21.754715401147234,Unintentional
User_81,2025-04-20 09:02:36,0.482,0.5725,Running,Koila,Reckless_Driving,1way,1.0,30,3G,Ethernet,24.0,-18.0,0.0097441297681964,40.32071595600971,21.791085407554032,Unintentional
User_49,2025-04-20 10:26:14,0.483,0.326,Walking,Koila,Speeding,2way,1.0,20,WiFi,Ethernet,3.0,-18.0,0.0057271729697465,40.32160023434315,21.789204912625753,Unintentional
User_17,2025-04-20 13:54:40,0.508,0.2432,Walking,Ligeris,Driving_Under_Influence,2way,3.0,60,WiFi,Ethernet,95.0,21.0,0.0057271729697465,40.30621912943436,21.80752735458493,Unintentional
User_21,2025-04-20 15:58:13,0.64,0.5805,Running,Ligeris,Driving_Under_Influence,2way,1.0,40,WiFi,-84,59.0,-25.0,0.007568904814573,40.322554343953406,21.789875462796267,Unintentional
User_34,2025-04-20 17:02:01,0.401,0.4016,Driving,Koila,Reckless_Driving,2way,0.0,40,WiFi,-50,59.0,-5.0,0.046,40.32111928743577,21.789443781601022,Unintentional
User_74,2025-04-20 17:13:01,0.6,0.2265,Walking,Ligeris,Speeding,2way,0.0,60,4G,-81,46.0,23.0,0.0018678857309511,40.30622692377462,21.809444579749556,Unintentional
User_04,2025-04-20 17:45:16,0.295,0.2809,Driving,Ligeris,Reckless_Driving,2way,1.0,60,5G,-73,48.0,19.0,0.0057271729697465,40.306038613898245,21.809314071602795,Unintentional
User_45,2025-04-20 19:21:16,0.446,0.2775,Walking,Ligeris,Reckless_Driving,1way,0.0,10,4G,-100,66.0,17.0,0.0083267127711861,40.27805673581944,21.75215872305418,Unintentional
User_23,2025-04-20 22:39:29,0.669,0.5836,Walking,Ligeris,Driving_Under_Influence,1way,3.0,20,3G,-106,73.0,0.0,0.036,40.30622692377462,21.80641035788174,Unintentional
User_78,2025-04-21 04:20:10,0.64,0.3206,Driving,Ligeris,7,2way,1.0,30,3G,Ethernet,56.0,-10.0,0.032,40.27942266919647,21.75401209139335,Unintentional
User_30,2025-04-21 06:18:28,0.508,0.4875,Running,Ligeris,8,2way,1.0,60,3G,-80,37.0,23.0,0.0085424504236113,40.30659657385702,21.791258825989416,Unintentional
User_74,2025-04-21 06:56:42,0.6,0.2285,Walking,Ligeris,Speeding,4way,2.0,70,5G,-110,41.0,10.0,0.024,40.30622692377462,21.791258825989416,Unintentional
User_45,2025-04-21 07:13:23,0.508,0.5725,Running,Ligeris,Driving_Under_Influence,2way,150.0,30,5G,-104,48.0,21.0,0.0054471661771462,40.306794212253514,21.80885094851723,Unintentional
User_16,2025-04-21 07:40:54,0.438,0.5725,Driving,Ligeris,Reckless_Driving,1way,0.0,40,WiFi,-55,29.0,24.0,0.004073146730557,40.30622692377462,21.806550756665793,Unintentional
User_28,2025-04-21 09:29:00,0.561,0.3225,Driving,Ligeris,Reckless_Driving,2way,1.0,40,4G,-106,1.0,-8.0,0.029,40.30621740161559,21.80717636580592,Unintentional
User_26,2025-04-21 10:14:05,0.642,0.3772,Walking,Zep,Reckless_Driving,2way,1.0,40,3G,-90,95.0,7.0,0.04,40.279441367083024,21.791258825989416,Unintentional
User_46,2025-04-21 11:34:52,0.621,0.5725,Walking,Koila,Speeding,1way,0.0,60,4G,-106,48.0,1.0,0.026,40.322896198066246,21.791629584152663,Unintentional
User_32,2025-04-21 11:47:21,0.508,0.5218,Driving,Ligeris,Driving_Under_Influence,2way,0.0,60,WiFi,Ethernet,61.0,-12.0,0.028,40.30622692377462,21.805274578361377,Unintentional
User_07,2025-04-21 12:48:19,0.319,0.476,Walking,Zep,Speeding,2way,0.0,40,WiFi,Ethernet,49.0,25.0,0.0021607655532956,40.27971896921344,21.752098137689156,Unintentional
User_61,2025-04-21 13:56:56,0.261,0.3195,Walking,Koila,Reckless_Driving,1way,1.0,90,WiFi,-77,99.0,23.0,0.0021388267048759,40.321865944009474,21.792011403148795,Unintentional
User_05,2025-04-21 17:04:56,0.311,0.5725,Walking,Ligeris,Speeding,2way,140.0,50,4G,-81,28.0,23.0,0.0042331806992032,40.30573858321212,21.807269259941695,Unintentional
User_15,2025-04-21 17:36:28,0.585,0.2534,Walking,Zep,Reckless_Driving,1way,1.0,50,WiFi,-68,47.0,22.0,0.0082337042865922,40.280522638755535,21.752727931736203,Unintentional
User_91,2025-04-21 19:00:19,0.409,0.2892,Walking,Zep,Speeding,2way,0.0,40,5G,-100,36.0,1.0,0.043,40.27935508775986,21.753314660850528,Unintentional
User_67,2025-04-22 01:09:53,0.557,0.5725,Driving,Ligeris,Reckless_Driving,2way,0.0,40,4G,-84,70.0,-22.0,0.0078571469628799,40.306320236112654,21.80599543908925,Unintentional
User_53,2025-04-22 04:28:10,0.364,0.5897,Driving,Zep,Speeding,2way,4.0,60,5G,-113,15.0,17.0,0.0069407754802289,40.278371371124926,21.751667824360563,Unintentional
User_51,2025-04-22 04:45:48,0.708,0.5699,Walking,Koila,Speeding,4way,0.0,60,5G,-114,100.0,16.0,0.021,40.32230741141608,21.79358549966147,Unintentional
User_26,2025-04-22 09:23:47,0.642,0.3792,Running,Ligeris,Speeding,1way,0.0,40,4G,Ethernet,31.0,-21.0,0.0053090309785069,40.30566486072072,21.805806625860583,Unintentional
User_87,2025-04-22 10:27:31,0.508,0.5725,Walking,Zep,Speeding,1way,0.0,Harassing_Driver,WiFi,-51,48.0,25.0,0.0098714928806436,40.30622692377462,21.753425898327887,Unintentional
User_56,2025-04-22 11:37:41,0.419,0.3996,Driving,Koila,Speeding,2way,0.0,40,4G,-96,1.0,15.0,0.034,40.32147514212346,21.79208932930325,Unintentional
User_12,2025-04-22 12:31:49,0.251,0.2447,Driving,Ligeris,Driving_Under_Influence,4way,1.0,60,3G,-95,47.0,-8.0,0.038,40.321116488306785,21.78996624867506,Unintentional
User_81,2025-04-22 13:02:46,0.482,0.5725,Driving,Koila,Driving_Under_Influence,2way,150.0,60,3G,-95,68.0,0.0,0.041,40.30622692377462,21.790187851605616,Unintentional
User_96,2025-04-22 14:56:57,0.722,0.2386,Walking,Zep,7,2way,0.0,60,3G,-90,99.0,-25.0,0.0022280743731782,40.28039506395435,21.753021745945713,Unintentional
User_04,2025-04-22 20:32:47,0.295,0.2849,Driving,Zep,Speeding,4way,3.0,70,5G,-105,22.0,24.0,0.0021191708627628,40.30622692377462,21.752348756043233,Unintentional
User_23,2025-04-22 23:13:52,0.669,0.5876,Walking,Ligeris,Reckless_Driving,2way,1.0,20,4G,-105,51.0,18.0,0.0061261739577476,40.30662240652361,21.80754171203192,Unintentional
User_74,2025-04-22 23:29:29,0.6,0.2315,Running,Zep,Speeding,2way,1.0,40,4G,-87,48.0,-8.0,0.033,40.27960130764983,21.752886942657103,Unintentional
User_15,2025-04-23 04:54:47,0.585,0.2574,Walking,Ligeris,Reckless_Driving,2way,0.0,40,4G,-115,53.0,-23.0,0.0036800971350943,40.323230074430214,21.791258825989416,Unintentional
User_33,2025-04-23 09:31:02,0.486,0.3656,Walking,Zep,Reckless_Driving,2way,1.0,Harassing_Driver,WiFi,-62,46.0,25.0,0.0041629858017297,40.27945508056868,21.75347987191141,Unintentional
User_80,2025-04-23 10:39:07,0.508,0.4385,Running,Ligeris,Reckless_Driving,2way,160.0,10,WiFi,-63,25.0,12.0,0.043,40.30724678264219,21.806162187495943,Unintentional
User_79,2025-04-23 15:30:31,0.426,0.5725,Walking,Ligeris,Speeding,4way,1.0,Lane_Discards,4G,-115,73.0,-5.0,0.043,40.306445453614046,21.791258825989416,Unintentional
User_70,2025-04-23 15:37:21,0.359,0.5602,Running,Koila,Driving_Under_Influence,2way,0.0,60,3G,-79,96.0,-23.0,0.0057271729697465,40.32152657896907,21.79116844220075,Unintentional
User_90,2025-04-23 21:06:30,0.522,0.2904,Driving,Zep,Reckless_Driving,2way,1.0,70,3G,-108,18.0,14.0,0.028,40.27945309530211,21.753561822880577,Unintentional
User_52,2025-04-24 00:08:50,0.399,0.5639,Running,Ligeris,8,2way,1.0,60,WiFi,Ethernet,57.0,25.0,0.0057271729697465,40.27955461739504,21.791258825989416,Unintentional
User_68,2025-04-24 00:15:09,0.736,0.5415,Driving,Ligeris,Driving_Under_Influence,1way,0.0,40,5G,-110,37.0,9.0,0.031,40.30659412174973,21.791258825989416,Unintentional
User_02,2025-04-24 01:25:46,0.504,0.4118,Running,Ligeris,Speeding,4way,150.0,60,5G,Ethernet,96.0,-18.0,0.0051400670332026,40.30466608906181,21.8072592917298,Unintentional
User_79,2025-04-24 02:55:22,0.426,0.2666,Running,Zep,Speeding,1way,2.0,10,4G,-112,42.0,-8.0,0.026,40.30622692377462,21.75285110094969,Unintentional
User_76,2025-04-24 04:52:39,0.349,0.6016,Walking,Ligeris,Speeding,2way,1.0,40,3G,-92,80.0,-2.0,0.022,40.3062678764462,21.806717694203552,Unintentional
User_62,2025-04-24 05:12:37,0.346,0.5725,Running,Zep,Reckless_Driving,1way,140.0,30,4G,-116,37.0,-12.0,0.025,40.278418876381586,21.752819383330603,Unintentional
User_45,2025-04-24 06:48:50,0.446,0.2845,Walking,Zep,Speeding,2way,5.0,60,5G,-83,82.0,-21.0,0.0088142303939848,40.30622692377462,21.75381648023546,Unintentional
User_69,2025-04-24 09:12:14,0.289,0.3766,Driving,Koila,Reckless_Driving,2way,0.0,40,5G,-82,48.0,-14.0,0.022,40.32092852777841,21.789809447785064,Unintentional
User_21,2025-04-24 10:03:17,0.64,0.5885,Walking,Koila,Speeding,2way,0.0,50,3G,-113,54.0,5.0,0.044,40.30622692377462,21.791774273220184,Unintentional
User_100,2025-04-24 10:51:02,0.592,0.4251,Driving,Zep,Driving_Under_Influence,1way,1.0,10,4G,-109,48.0,24.0,0.0057976646289435,40.27907580494868,21.754829361879757,Unintentional
User_51,2025-04-24 10:58:23,0.708,0.5739,Running,Koila,Speeding,1way,0.0,40,4G,Ethernet,35.0,-7.0,0.048,40.30622692377462,21.790877662100996,Unintentional
User_59,2025-04-24 11:30:56,0.508,0.5948,Walking,Koila,Speeding,2way,1.0,40,4G,-70,48.0,4.0,0.041,40.32197322706513,21.790527875222367,Unintentional
User_06,2025-04-24 13:11:43,0.614,0.6003,Walking,Ligeris,Driving_Under_Influence,2way,0.0,40,WiFi,-61,48.0,-1.0,0.041,40.30622692377462,21.791258825989416,Unintentional
User_53,2025-04-24 14:51:56,0.364,0.5725,Walking,Ligeris,Reckless_Driving,2way,1.0,130,4G,-89,2.0,23.0,0.001050167217545,40.30622692377462,21.791258825989416,Unintentional
User_80,2025-04-24 15:35:37,0.313,0.4405,Driving,Zep,Speeding,2way,160.0,20,3G,-108,66.0,16.0,0.045,40.279651964522955,21.752712330446187,Unintentional
User_05,2025-04-24 17:29:56,0.508,0.3818,Driving,Koila,Reckless_Driving,2way,1.0,50,3G,-119,48.0,-25.0,0.0091216832047225,40.32258499438675,21.789082114589657,Unintentional
User_12,2025-04-24 19:22:33,0.508,0.2487,Running,Zep,Driving_Under_Influence,1way,0.0,60,5G,Ethernet,48.0,22.0,0.0059834436757634,40.278014150767376,21.752771935901457,Unintentional
User_98,2025-04-24 22:54:07,0.508,0.4719,Driving,Ligeris,Reckless_Driving,2way,1.0,10,3G,-71,48.0,-2.0,0.047,40.306215457070415,21.805678569115234,Unintentional
User_92,2025-04-24 23:06:26,0.611,0.6101,Walking,Ligeris,Reckless_Driving,4way,150.0,40,3G,-94,0.0,2.0,0.025,40.3057025301126,21.80819374812791,Unintentional
User_54,2025-04-24 23:10:22,0.508,0.3741,Running,Koila,Speeding,2way,0.0,90,WiFi,-62,90.0,0.0,0.042,40.30622692377462,21.79268915862363,Unintentional
User_49,2025-04-24 23:46:58,0.508,0.334,Running,Zep,Speeding,2way,1.0,10,WiFi,-66,82.0,1.0,0.022,40.28030898522287,21.754389218937963,Unintentional
User_85,2025-04-25 02:13:42,0.572,0.6252,Walking,Ligeris,Reckless_Driving,2way,0.0,40,3G,-72,6.0,-19.0,0.0065804719409926,40.30592305001697,21.807387843350888,Unintentional
User_52,2025-04-25 02:18:11,0.399,0.5659,Driving,Koila,Reckless_Driving,2way,0.0,30,5G,-104,98.0,-5.0,0.022,40.32201257640228,21.79154970601449,Unintentional
User_27,2025-04-25 06:13:10,0.319,0.5406,Walking,Koila,Reckless_Driving,2way,0.0,30,3G,-72,79.0,0.0,0.023,40.32077495043824,21.789658765453417,Unintentional
User_96,2025-04-25 08:42:05,0.722,0.5725,Walking,Zep,Driving_Under_Influence,2way,150.0,50,3G,-82,23.0,23.0,0.0093971592084655,40.28008453439424,21.75539064654177,Unintentional
User_47,2025-04-25 09:47:18,0.636,0.3631,Walking,Zep,Speeding,2way,0.0,50,4G,-112,46.0,-7.0,0.035,40.27919963839783,21.75108017096159,Unintentional
User_10,2025-04-25 10:44:29,0.719,0.5725,Running,Ligeris,Speeding,1way,0.0,30,WiFi,-60,59.0,-19.0,0.0057271729697465,40.305913577408326,21.80847162318236,Unintentional
User_98,2025-04-25 14:25:50,0.553,0.4739,Walking,Koila,Speeding,1way,4.0,120,WiFi,-63,51.0,-13.0,0.033,40.30622692377462,21.790269796632487,Unintentional
User_35,2025-04-25 16:25:00,0.379,0.4346,Walking,Ligeris,Driving_Under_Influence,2way,0.0,40,4G,-93,19.0,-5.0,0.027,40.30526978650506,21.791258825989416,Unintentional
User_80,2025-04-25 18:28:45,0.313,0.4425,Driving,Ligeris,Reckless_Driving,2way,1.0,30,WiFi,-81,33.0,1.0,0.034,40.30687664170343,21.80744925296291,Unintentional
User_29,2025-04-25 20:52:46,0.309,0.4506,Walking,Ligeris,Speeding,2way,1.0,60,3G,-120,93.0,-14.0,0.039,40.30739432608245,21.808477552035676,Unintentional
User_49,2025-04-25 22:43:16,0.483,0.336,Driving,Koila,Speeding,1way,1.0,40,3G,Ethernet,89.0,-17.0,0.0015670781273869,40.323375028349766,21.791258825989416,Unintentional
User_64,2025-04-25 23:45:34,0.257,0.2426,Driving,Ligeris,Reckless_Driving,2way,1.0,60,5G,-107,75.0,-6.0,0.023,40.30574220773222,21.806857715108553,Unintentional
User_53,2025-04-26 00:39:37,0.508,0.5725,Running,Ligeris,Speeding,2way,2.0,110,WiFi,-63,52.0,9.0,0.044,40.322708263825696,21.79141097483534,Unintentional
User_76,2025-04-26 01:13:45,0.349,0.5725,Driving,Ligeris,Reckless_Driving,1way,0.0,40,4G,-114,94.0,0.0,0.029,40.3227259984595,21.790959350588835,Unintentional
User_49,2025-04-26 02:13:50,0.508,0.337,Walking,Zep,Reckless_Driving,2way,0.0,70,5G,-120,26.0,13.0,0.04,40.28042586990251,21.753260509995037,Unintentional
User_23,2025-04-26 04:57:48,0.669,0.5956,Walking,Ligeris,Speeding,2way,0.0,40,WiFi,-74,48.0,18.0,0.0043860446278101,40.306610472967975,21.80677855904876,Unintentional
User_05,2025-04-26 07:05:29,0.311,0.3848,Walking,Zep,Reckless_Driving,1way,1.0,50,3G,-83,1.0,3.0,0.043,40.27897980518349,21.751636649161792,Unintentional
User_40,2025-04-26 11:22:29,0.498,0.4857,Driving,Zep,Speeding,4way,1.0,40,3G,-93,29.0,-25.0,0.0026070490011516,40.27944078519394,21.754817597199395,Unintentional
User_42,2025-04-26 12:59:09,0.577,0.4962,Driving,Ligeris,Reckless_Driving,4way,1.0,20,5G,-77,65.0,25.0,0.0031507313852825,40.30614737287712,21.791258825989416,Unintentional
User_56,2025-04-26 13:36:04,0.508,0.4066,Walking,Koila,Reckless_Driving,2way,5.0,40,4G,-105,48.0,-11.0,0.024,40.32206621137846,21.791258825989416,Unintentional
User_68,2025-04-26 15:41:38,0.736,0.5465,Walking,Koila,Driving_Under_Influence,1way,0.0,40,4G,-101,82.0,0.0,0.047,40.32254203016199,21.790249252471188,Unintentional
User_27,2025-04-26 16:21:11,0.319,0.5426,Running,Ligeris,Reckless_Driving,4way,1.0,Illegal_Parking,3G,Ethernet,80.0,23.0,0.006031408133908,40.27909512680871,21.791258825989416,Unintentional
User_17,2025-04-26 18:27:53,0.383,0.5725,Running,Ligeris,8,1way,0.0,90,3G,-109,56.0,1.0,0.022,40.30516617918923,21.808609085779757,Unintentional
User_10,2025-04-26 22:43:52,0.719,0.5513,Driving,Zep,Driving_Under_Influence,1way,0.0,50,5G,-112,62.0,6.0,0.042,40.30622692377462,21.75182311702573,Unintentional
User_24,2025-04-26 22:44:52,0.7,0.456,Running,Ligeris,Driving_Under_Influence,2way,3.0,Lane_Discards,3G,-72,73.0,-18.0,0.0029145501522713,40.30673747947017,21.806030337994393,Unintentional
User_20,2025-04-26 22:57:28,0.508,0.5604,Driving,Ligeris,Speeding,2way,1.0,Harassing_Driver,3G,Ethernet,84.0,-17.0,0.0060598378946516,40.306481249323,21.791258825989416,Unintentional
User_46,2025-04-26 23:18:34,0.621,0.4189,Walking,Ligeris,Speeding,1way,0.0,70,3G,-93,6.0,20.0,0.0056053139628137,40.28059251076544,21.752222833396825,Unintentional
User_71,2025-04-26 23:20:12,0.431,0.516,Running,Ligeris,Speeding,1way,3.0,40,3G,Ethernet,48.0,24.0,0.009455711423194,40.3063211390232,21.80670384014528,Unintentional
User_62,2025-04-26 23:57:31,0.346,0.4833,Running,Koila,Speeding,2way,0.0,60,5G,-111,38.0,-9.0,0.022,40.323243791221486,21.79225094441966,Unintentional
User_100,2025-04-27 00:45:16,0.508,0.4311,Running,Koila,Speeding,2way,0.0,70,4G,-95,64.0,0.0,0.021,40.30622692377462,21.791258825989416,Unintentional
User_20,2025-04-27 02:03:56,0.686,0.5614,Walking,Ligeris,Speeding,4way,2.0,50,3G,Ethernet,26.0,-17.0,0.009091920157706,40.30622692377462,21.80660737313192,Unintentional
User_49,2025-04-27 09:30:05,0.483,0.34,Running,Ligeris,Speeding,4way,1.0,40,5G,-97,19.0,3.0,0.048,40.30622692377462,21.791258825989416,Unintentional
User_25,2025-04-27 11:10:20,0.627,0.2913,Driving,Ligeris,Speeding,2way,0.0,40,3G,-78,95.0,-4.0,0.042,40.30632467912771,21.807166444594134,Unintentional
User_38,2025-04-27 15:18:33,0.448,0.4002,Driving,Koila,Reckless_Driving,2way,1.0,60,4G,-87,38.0,-23.0,0.0045520079796381,40.32066409700432,21.79177153298602,Unintentional
User_11,2025-04-27 19:45:40,0.539,0.5725,Running,Ligeris,Driving_Under_Influence,1way,0.0,60,3G,-99,40.0,12.0,0.045,40.27943646680466,21.751737381521707,Unintentional
User_70,2025-04-27 20:19:10,0.359,0.5682,Walking,Zep,Speeding,2way,1.0,40,4G,-108,53.0,18.0,0.0053639975205491,40.27923955770651,21.752899392926405,Unintentional
User_05,2025-04-27 23:18:54,0.311,0.3878,Walking,Ligeris,Driving_Under_Influence,2way,4.0,40,3G,-82,48.0,25.0,0.0060604495917601,40.307801500810626,21.80658574291341,Unintentional
User_81,2025-04-27 23:56:55,0.482,0.4814,Running,Zep,Reckless_Driving,2way,4.0,10,5G,-90,96.0,0.0,0.045,40.27955667444771,21.75341837459604,Unintentional
User_16,2025-04-28 03:16:32,0.438,0.3599,Running,Koila,Driving_Under_Influence,2way,1.0,90,4G,-98,94.0,8.0,0.034,40.3221218018655,21.79128286270304,Unintentional
User_37,2025-04-28 07:21:54,0.528,0.5709,Driving,Zep,Driving_Under_Influence,2way,0.0,50,3G,-120,64.0,-13.0,0.04,40.27797500538013,21.754338602742052,Unintentional
User_62,2025-04-28 07:44:49,0.346,0.4873,Driving,Ligeris,Speeding,2way,0.0,10,4G,-91,48.0,-23.0,0.0024885980996674,40.27843238242665,21.753824178850795,Unintentional
User_07,2025-04-28 09:14:34,0.319,0.49,Running,Ligeris,Speeding,2way,1.0,50,3G,Ethernet,47.0,24.0,0.0090471186581816,40.306711141750405,21.806737779495876,Unintentional
User_38,2025-04-28 09:58:04,0.448,0.4012,Driving,Zep,Driving_Under_Influence,2way,1.0,10,3G,-118,93.0,-25.0,0.007300800014195,40.27985498755117,21.7533348806403,Unintentional
User_59,2025-04-28 10:34:55,0.696,0.6038,Walking,Zep,Reckless_Driving,1way,0.0,30,3G,-92,62.0,24.0,0.0057271729697465,40.27929235078607,21.75359125130986,Unintentional
User_46,2025-04-28 10:41:01,0.621,0.4219,Driving,Ligeris,Reckless_Driving,2way,1.0,Lane_Discards,4G,-96,58.0,10.0,0.025,40.304693760959395,21.807544228812965,Unintentional
User_81,2025-04-28 13:16:10,0.482,0.4834,Driving,Zep,Reckless_Driving,1way,0.0,20,4G,-109,6.0,20.0,0.005564952810152,40.27918922910302,21.75272053342678,Unintentional
User_87,2025-04-28 13:42:24,0.374,0.3816,Running,Ligeris,Speeding,2way,0.0,70,4G,-90,48.0,20.0,0.0053285773468337,40.30604922844773,21.80778904143719,Unintentional
User_88,2025-04-28 16:26:02,0.676,0.268,Driving,Ligeris,Driving_Under_Influence,4way,0.0,40,WiFi,Ethernet,40.0,-19.0,0.0046219888387458,40.3057477304994,21.807291933445665,Unintentional
User_08,2025-04-28 17:45:09,0.325,0.6116,Driving,Zep,Driving_Under_Influence,1way,1.0,80,5G,-82,48.0,-10.0,0.038,40.28008736669749,21.791258825989416,Unintentional
User_53,2025-04-28 21:03:08,0.364,0.6027,Walking,Ligeris,Driving_Under_Influence,2way,1.0,50,3G,-119,48.0,-21.0,0.0080719740052154,40.306176678432806,21.791258825989416,Unintentional
User_22,2025-04-28 21:05:01,0.712,0.2753,Running,Zep,Speeding,2way,0.0,60,WiFi,Ethernet,41.0,17.0,0.0063941113267633,40.28073978826127,21.791258825989416,Unintentional
User_01,2025-04-29 00:58:32,0.618,0.5545,Running,Ligeris,Driving_Under_Influence,2way,0.0,30,3G,-107,56.0,22.0,0.0029501681975173,40.3066271420485,21.80647937218751,Unintentional
User_03,2025-04-29 10:24:19,0.381,0.4295,Running,Ligeris,Speeding,4way,1.0,40,WiFi,-79,48.0,10.0,0.036,40.305739709086,21.80659627642395,Unintentional
User_69,2025-04-29 11:08:40,0.508,0.3876,Walking,Koila,Speeding,1way,0.0,60,3G,-102,90.0,18.0,0.0062004549932765,40.320768791856786,21.78997592493979,Unintentional
User_75,2025-04-29 11:36:33,0.508,0.5725,Walking,Zep,Speeding,1way,0.0,20,3G,-78,48.0,-3.0,0.037,40.27954475719793,21.753139026111697,Unintentional
User_26,2025-04-29 12:25:37,0.642,0.3932,Walking,Ligeris,Speeding,1way,1.0,20,WiFi,-65,42.0,-5.0,0.037,40.27920208121737,21.753391406586744,Unintentional
User_16,2025-04-29 12:41:33,0.438,0.3629,Running,Ligeris,Driving_Under_Influence,2way,0.0,20,3G,-82,87.0,0.0,0.04,40.30622692377462,21.754451930788075,Unintentional
User_86,2025-04-29 12:54:55,0.63,0.5053,Walking,Ligeris,Reckless_Driving,2way,0.0,60,5G,-96,72.0,-12.0,0.039,40.322189611698064,21.791417369267407,Unintentional
User_20,2025-04-29 13:02:47,0.686,0.5664,Walking,Koila,Speeding,4way,1.0,40,WiFi,-83,94.0,-24.0,0.0037452675752344,40.322216174533466,21.79191580782233,Unintentional
User_67,2025-04-29 13:30:31,0.557,0.4186,Running,Zep,Speeding,2way,0.0,70,WiFi,-75,39.0,-24.0,0.0089729723562383,40.28070777641192,21.753206807673475,Unintentional
User_09,2025-04-29 21:55:23,0.377,0.6158,Running,Koila,Driving_Under_Influence,4way,1.0,90,WiFi,-74,54.0,12.0,0.045,40.3220946754945,21.79122555726178,Unintentional
User_63,2025-04-29 23:45:01,0.408,0.4574,Driving,Zep,Speeding,1way,1.0,40,3G,-104,31.0,23.0,0.0066979854366491,40.279431715912146,21.791258825989416,Unintentional
User_03,2025-04-30 02:41:36,0.508,0.4305,Walking,Koila,Speeding,4way,0.0,Harassing_Driver,WiFi,-68,67.0,25.0,0.0046913952043328,40.30622692377462,21.79228169224319,Unintentional
User_65,2025-04-30 02:49:26,0.578,0.3313,Running,Zep,Driving_Under_Influence,1way,1.0,80,3G,Ethernet,54.0,12.0,0.037,40.27936667808272,21.754413172267046,Unintentional
User_71,2025-04-30 04:39:21,0.431,0.523,Running,Zep,Speeding,2way,2.0,70,5G,-92,41.0,-2.0,0.028,40.27956478974502,21.753332807396585,Unintentional
User_69,2025-04-30 06:41:43,0.289,0.3886,Running,Koila,Speeding,2way,1.0,40,WiFi,-74,48.0,10.0,0.036,40.32109771838932,21.792249901246475,Unintentional
User_88,2025-04-30 09:37:00,0.676,0.271,Walking,Ligeris,Reckless_Driving,2way,0.0,Lane_Discards,5G,-100,48.0,5.0,0.025,40.305759729861535,21.791258825989416,Unintentional
User_91,2025-04-30 11:31:07,0.409,0.3082,Running,Ligeris,Reckless_Driving,2way,1.0,60,WiFi,Ethernet,48.0,16.0,0.021,40.32109204593379,21.789309751529306,Unintentional
User_60,2025-04-30 13:36:32,0.602,0.5426,Running,Zep,Speeding,2way,1.0,60,4G,-98,89.0,-9.0,0.041,40.28043894997593,21.751633833330285,Unintentional
User_54,2025-04-30 14:43:15,0.508,0.3851,Driving,Koila,Speeding,2way,0.0,70,4G,-87,75.0,-24.0,0.0046767047594437,40.32211363700605,21.791879555855175,Unintentional
User_83,2025-04-30 15:27:35,0.508,0.5725,Running,Koila,Driving_Under_Influence,2way,0.0,40,3G,-88,56.0,2.0,0.042,40.32218823615035,21.79107206797932,Unintentional
User_12,2025-04-30 17:38:36,0.251,0.2607,Walking,Koila,Reckless_Driving,2way,1.0,60,4G,-108,84.0,14.0,0.042,40.32225678303042,21.791178187777707,Unintentional
User_68,2025-04-30 17:44:00,0.736,0.5545,Running,Zep,8,1way,1.0,40,3G,-103,22.0,-23.0,0.0030368141698942,40.27898691895176,21.753666726096977,Unintentional
User_35,2025-04-30 19:46:56,0.508,0.4446,Walking,Zep,Speeding,2way,1.0,40,3G,-107,54.0,1.0,0.044,40.28048318137944,21.75321613980764,Unintentional
User_45,2025-05-01 01:03:53,0.446,0.2985,Walking,Zep,Reckless_Driving,4way,1.0,40,WiFi,-58,94.0,-9.0,0.043,40.278455444165004,21.75505598145155,Unintentional
User_78,2025-05-01 03:31:04,0.64,0.3406,Walking,Koila,Driving_Under_Influence,2way,0.0,60,3G,-81,20.0,-6.0,0.045,40.3209522344383,21.792381174080894,Unintentional
User_65,2025-05-01 04:56:05,0.578,0.3333,Driving,Koila,Driving_Under_Influence,4way,0.0,70,3G,-115,48.0,9.0,0.023,40.321910878609195,21.79196038337132,Unintentional
User_69,2025-05-01 05:54:25,0.508,0.3906,Walking,Koila,Driving_Under_Influence,2way,1.0,10,5G,Ethernet,39.0,0.0,0.024,40.32113596330595,21.791667144402673,Unintentional
User_81,2025-05-01 07:32:16,0.482,0.4884,Walking,Ligeris,Speeding,4way,0.0,40,3G,-105,32.0,-24.0,0.0045354952303172,40.30653488636244,21.80636084916398,Unintentional
User_62,2025-05-01 10:00:06,0.346,0.4933,Driving,Zep,Driving_Under_Influence,1way,140.0,50,WiFi,-84,50.0,15.0,0.038,40.279310642482145,21.753155992755968,Unintentional
User_46,2025-05-01 12:14:09,0.621,0.4279,Driving,Koila,Reckless_Driving,2way,0.0,30,4G,-116,83.0,-13.0,0.044,40.32183433398392,21.79159040640139,Unintentional
User_100,2025-05-01 14:42:08,0.592,0.5725,Driving,Zep,Speeding,2way,1.0,30,4G,-91,38.0,-21.0,0.003106906323229,40.30622692377462,21.791258825989416,Unintentional
User_32,2025-05-01 17:01:05,0.694,0.5418,Walking,Ligeris,Driving_Under_Influence,1way,1.0,50,4G,-102,22.0,-22.0,0.0012633885022641,40.306225664579856,21.807407384268597,Unintentional
User_18,2025-05-01 17:46:05,0.271,0.3844,Running,Ligeris,Driving_Under_Influence,2way,1.0,60,4G,-113,85.0,-17.0,0.0021943578741876,40.30622692377462,21.80771130858604,Unintentional
User_38,2025-05-01 17:49:06,0.448,0.4082,Driving,Ligeris,Driving_Under_Influence,2way,0.0,30,WiFi,-64,23.0,1.0,0.025,40.28062854886123,21.75479178265546,Unintentional
User_68,2025-05-01 19:16:58,0.736,0.5725,Driving,Koila,Reckless_Driving,2way,0.0,20,3G,-113,38.0,15.0,0.044,40.320948523022786,21.792101525897927,Unintentional
User_28,2025-05-01 22:07:50,0.561,0.3435,Walking,Zep,Speeding,1way,1.0,40,5G,-119,48.0,23.0,0.0074694553520394,40.27938970722374,21.754150091448043,Unintentional
User_88,2025-05-01 22:36:01,0.676,0.274,Driving,Zep,Reckless_Driving,1way,1.0,80,WiFi,-56,69.0,-12.0,0.04,40.27880406303115,21.7533052497466,Unintentional
User_89,2025-05-02 11:16:41,0.485,0.5493,Running,Zep,Speeding,2way,1.0,10,4G,-88,98.0,0.0,0.042,40.278751199394286,21.75302106848729,Unintentional
User_79,2025-05-02 13:06:19,0.426,0.2826,Walking,Koila,8,2way,0.0,40,WiFi,-54,92.0,-24.0,0.004250509207293,40.322767811737506,21.789445500519797,Unintentional
User_04,2025-05-02 14:21:38,0.295,0.3039,Driving,Zep,Speeding,1way,1.0,40,5G,-113,52.0,-6.0,0.047,40.27861996554391,21.75498894624784,Unintentional
User_53,2025-05-02 15:45:47,0.364,0.6107,Walking,Ligeris,Driving_Under_Influence,4way,1.0,70,3G,-83,59.0,24.0,0.0040014350035465,40.32080886389382,21.792725656016614,Unintentional
User_55,2025-05-02 15:59:31,0.489,0.3168,Driving,Zep,Speeding,2way,2.0,50,WiFi,-63,75.0,-16.0,0.029,40.28055349934342,21.791258825989416,Unintentional
User_71,2025-05-02 17:03:28,0.431,0.527,Walking,Koila,Speeding,2way,1.0,20,5G,Ethernet,71.0,0.0,0.037,40.32264292578977,21.792657623749378,Unintentional
User_01,2025-05-02 17:57:01,0.618,0.5615,Running,Ligeris,Speeding,2way,1.0,40,5G,-106,85.0,-22.0,0.0057271729697465,40.30622692377462,21.79192616501084,Unintentional
User_51,2025-05-02 18:57:57,0.508,0.5899,Driving,Zep,Driving_Under_Influence,2way,4.0,60,4G,Ethernet,48.0,-3.0,0.025,40.28115815215572,21.752674575674043,Unintentional
User_90,2025-05-02 19:34:00,0.522,0.3084,Running,Koila,Speeding,2way,1.0,60,3G,-84,25.0,-16.0,0.047,40.32297975178059,21.79047524898886,Unintentional
User_27,2025-05-02 21:49:40,0.319,0.5556,Running,Koila,Reckless_Driving,1way,1.0,40,3G,-95,48.0,0.0,0.022,40.30622692377462,21.791863261316788,Unintentional
User_99,2025-05-03 00:02:02,0.618,0.4513,Driving,Ligeris,Driving_Under_Influence,2way,1.0,60,4G,-112,31.0,-7.0,0.038,40.30644635237118,21.806017148881544,Unintentional
User_02,2025-05-03 01:05:19,0.504,0.4298,Walking,Zep,Reckless_Driving,1way,1.0,70,5G,-90,71.0,8.0,0.03,40.27884990655642,21.752722152014428,Unintentional
User_93,2025-05-03 02:16:19,0.508,0.3471,Driving,Ligeris,Driving_Under_Influence,4way,0.0,50,5G,-116,77.0,-5.0,0.034,40.321538916665254,21.79020881431713,Unintentional
User_91,2025-05-03 06:44:48,0.508,0.3142,Running,Ligeris,Speeding,2way,1.0,40,5G,-87,48.0,-22.0,0.0082460607239563,40.306387512212154,21.806869329870494,Unintentional
User_17,2025-05-03 06:59:26,0.383,0.2692,Driving,Koila,Speeding,2way,0.0,60,3G,-112,65.0,11.0,0.048,40.32264014282691,21.791258825989416,Unintentional
User_52,2025-05-03 08:42:28,0.399,0.5829,Running,Zep,Speeding,4way,0.0,70,3G,-79,54.0,0.0,0.039,40.30622692377462,21.754801688719994,Unintentional
User_85,2025-05-03 08:53:26,0.572,0.6412,Walking,Koila,Driving_Under_Influence,2way,1.0,80,3G,-84,65.0,-16.0,0.031,40.3212682565913,21.792477080812976,Unintentional
User_35,2025-05-03 11:52:17,0.379,0.4516,Walking,Koila,9,1way,0.0,50,WiFi,-72,93.0,16.0,0.031,40.3226587294516,21.79214725050028,Unintentional
User_99,2025-05-03 13:50:09,0.618,0.4523,Driving,Ligeris,Reckless_Driving,2way,0.0,70,4G,-93,0.0,3.0,0.032,40.304776524789226,21.808767729831555,Unintentional
User_05,2025-05-03 14:17:22,0.311,0.5725,Running,Koila,Driving_Under_Influence,1way,2.0,40,3G,-73,48.0,0.0,0.04,40.32143046855313,21.790414510199128,Unintentional
User_48,2025-05-03 14:28:34,0.611,0.5725,Driving,Zep,Speeding,4way,0.0,10,4G,-87,46.0,3.0,0.037,40.27967279949597,21.75151506393349,Unintentional
User_43,2025-05-03 15:17:40,0.255,0.5725,Driving,Ligeris,Reckless_Driving,4way,1.0,60,3G,-74,5.0,-3.0,0.045,40.3058719169258,21.805801255604216,Unintentional
User_87,2025-05-03 15:21:12,0.508,0.5725,Driving,Ligeris,Reckless_Driving,2way,1.0,50,WiFi,-88,1.0,0.0,0.035,40.305190416757114,21.807339521654733,Unintentional
User_32,2025-05-03 16:41:46,0.694,0.5468,Driving,Ligeris,Reckless_Driving,2way,1.0,30,3G,-75,11.0,-15.0,0.039,40.3064150872204,21.806934356899927,Unintentional
User_47,2025-05-03 19:28:03,0.636,0.5725,Running,Zep,Speeding,4way,1.0,40,3G,-111,10.0,-10.0,0.026,40.27958608741757,21.754017578803513,Unintentional
User_33,2025-05-03 19:29:06,0.508,0.3856,Walking,Koila,Driving_Under_Influence,2way,0.0,30,3G,Ethernet,62.0,-14.0,0.044,40.32191841495658,21.791365033073788,Unintentional
User_84,2025-05-03 20:33:44,0.689,0.4226,Walking,Ligeris,Driving_Under_Influence,1way,1.0,40,5G,-75,43.0,-8.0,0.043,40.27902775936531,21.752888447132065,Unintentional
User_41,2025-05-03 21:42:31,0.251,0.5065,Walking,Zep,Driving_Under_Influence,2way,0.0,70,3G,-104,48.0,-13.0,0.023,40.279044470179784,21.75255433354044,Unintentional
User_51,2025-05-03 22:14:04,0.708,0.5919,Walking,Zep,Driving_Under_Influence,2way,0.0,20,4G,-83,78.0,-22.0,0.0029766440441634,40.27862126130019,21.752861322536955,Unintentional
User_15,2025-05-03 23:39:00,0.585,0.2774,Walking,Ligeris,Speeding,1way,1.0,80,WiFi,-59,41.0,22.0,0.0031806721260466,40.27836948487567,21.753542986827764,Unintentional
User_40,2025-05-04 01:08:15,0.498,0.5725,Walking,Zep,Speeding,2way,0.0,10,WiFi,-85,14.0,0.0,0.028,40.27970492254623,21.753282048748652,Unintentional
User_10,2025-05-04 01:55:09,0.508,0.5663,Walking,Zep,Speeding,4way,1.0,Lane_Discards,4G,-108,47.0,-18.0,0.003171116871717,40.30622692377462,21.791258825989416,Unintentional
User_87,2025-05-04 04:14:22,0.374,0.3926,Driving,Zep,Speeding,4way,4.0,10,5G,-75,85.0,0.0,0.04,40.30622692377462,21.752536246884983,Unintentional
User_55,2025-05-04 04:36:33,0.489,0.3208,Walking,Koila,9,4way,1.0,40,5G,-120,65.0,0.0,0.025,40.322399209030415,21.79072208260921,Unintentional
User_32,2025-05-04 04:39:47,0.694,0.5478,Driving,Koila,Reckless_Driving,1way,4.0,10,5G,-120,66.0,-11.0,0.026,40.3217843754926,21.791232651053328,Unintentional
User_92,2025-05-04 08:28:24,0.611,0.6301,Running,Koila,Reckless_Driving,1way,1.0,20,3G,-76,75.0,25.0,0.0067158771627517,40.322444792929,21.792492865044665,Unintentional
User_01,2025-05-04 08:46:52,0.618,0.5725,Driving,Zep,Speeding,4way,1.0,70,4G,-109,48.0,16.0,0.025,40.28026868682547,21.753190519445145,Unintentional
User_45,2025-05-04 13:04:53,0.446,0.3055,Driving,Zep,Driving_Under_Influence,4way,4.0,40,4G,Ethernet,48.0,-22.0,0.0049249303381329,40.278175933588415,21.791258825989416,Unintentional
User_88,2025-05-04 15:08:01,0.676,0.28,Walking,Ligeris,Speeding,2way,1.0,60,5G,-111,42.0,0.0,0.021,40.30553313618788,21.80781030856475,Unintentional
User_97,2025-05-04 16:31:43,0.296,0.6039,Driving,Ligeris,Speeding,1way,1.0,90,4G,-85,48.0,-15.0,0.034,40.30545841729705,21.791258825989416,Unintentional
User_64,2025-05-04 18:27:39,0.257,0.2606,Running,Ligeris,Speeding,2way,1.0,70,3G,-107,9.0,-21.0,0.0057271729697465,40.30641499143543,21.807150097035468,Unintentional
User_62,2025-05-04 22:18:27,0.346,0.4993,Walking,Ligeris,Speeding,2way,0.0,100,5G,-105,25.0,18.0,0.0057271729697465,40.30747477415146,21.808019557212848,Unintentional
User_84,2025-05-04 22:25:53,0.689,0.4246,Walking,Ligeris,Driving_Under_Influence,2way,1.0,110,WiFi,-64,1.0,-25.0,0.0046005425217528,40.30622692377462,21.753080825514335,Unintentional
User_48,2025-05-04 22:45:05,0.508,0.4673,Running,Zep,Speeding,2way,1.0,50,WiFi,-69,64.0,7.0,0.027,40.30622692377462,21.755152338922883,Unintentional
User_74,2025-05-04 23:14:38,0.6,0.5725,Walking,Ligeris,Driving_Under_Influence,2way,1.0,70,3G,-56,86.0,17.0,0.0072056933043461,40.27897832370432,21.791258825989416,Unintentional
User_73,2025-05-05 13:48:37,0.676,0.5725,Driving,Koila,Reckless_Driving,1way,1.0,Illegal_Parking,3G,-110,24.0,6.0,0.028,40.32160375975316,21.791258825989416,Unintentional
User_58,2025-05-05 17:28:30,0.669,0.382,Running,Zep,Speeding,2way,2.0,40,3G,-97,16.0,25.0,0.0096222598065271,40.27928254796828,21.753580131907288,Unintentional
User_21,2025-05-05 21:01:39,0.64,0.6105,Running,Zep,Reckless_Driving,1way,0.0,70,4G,-117,48.0,3.0,0.039,40.27987550734894,21.752527952612095,Unintentional
User_33,2025-05-05 23:53:05,0.486,0.3896,Running,Zep,Driving_Under_Influence,4way,0.0,30,WiFi,-86,19.0,18.0,0.0072805996256869,40.27947781739722,21.753417016138116,Unintentional
User_03,2025-05-06 00:12:16,0.381,0.4425,Walking,Ligeris,Driving_Under_Influence,2way,1.0,40,5G,-89,48.0,25.0,0.0032355928427847,40.30565491659232,21.80543560821932,Unintentional
User_88,2025-05-06 00:27:17,0.676,0.283,Walking,Ligeris,Driving_Under_Influence,1way,1.0,60,WiFi,-77,82.0,-24.0,0.0017120960322369,40.27962076800183,21.752046568577065,Unintentional
User_14,2025-05-06 00:45:50,0.549,0.2667,Walking,Zep,Speeding,4way,1.0,60,5G,-103,9.0,-9.0,0.049,40.2784224321434,21.791258825989416,Unintentional
User_87,2025-05-06 04:07:16,0.374,0.3976,Driving,Ligeris,Speeding,2way,0.0,60,3G,-93,87.0,23.0,0.0087535460257863,40.3068288772888,21.80910250108563,Unintentional
User_65,2025-05-06 07:15:34,0.578,0.3433,Driving,Ligeris,Driving_Under_Influence,2way,1.0,90,4G,-91,17.0,14.0,0.036,40.30622692377462,21.80638706756836,Unintentional
User_09,2025-05-06 08:22:07,0.377,0.6288,Walking,Koila,Reckless_Driving,2way,1.0,40,3G,Ethernet,35.0,13.0,0.047,40.30622692377462,21.79141059192393,Unintentional
User_15,2025-05-06 10:17:33,0.585,0.2834,Driving,Zep,Speeding,2way,5.0,20,3G,-96,84.0,3.0,0.041,40.27959276973096,21.75253568313561,Unintentional
User_93,2025-05-06 13:58:49,0.418,0.3541,Driving,Ligeris,Reckless_Driving,2way,1.0,40,5G,-111,38.0,-19.0,0.0050405748593444,40.306381288880765,21.80719038153173,Unintentional
User_23,2025-05-06 15:34:03,0.508,0.6146,Walking,Koila,Reckless_Driving,1way,0.0,40,3G,-85,96.0,-16.0,0.027,40.322799822325955,21.79155104879923,Unintentional
User_96,2025-05-06 16:26:50,0.722,0.2666,Walking,Zep,Reckless_Driving,2way,2.0,90,3G,-114,20.0,-25.0,0.0028907698122875,40.27935013484327,21.753773054164565,Unintentional
User_03,2025-05-06 16:36:10,0.381,0.4435,Walking,Zep,Speeding,1way,1.0,20,5G,-86,96.0,-24.0,0.0032906286186499,40.280930569246,21.752590160913115,Unintentional
User_43,2025-05-06 19:18:11,0.255,0.5253,Driving,Koila,Driving_Under_Influence,1way,140.0,90,4G,Ethernet,75.0,9.0,0.034,40.322295896509,21.791059377903295,Unintentional
User_61,2025-05-06 20:32:06,0.508,0.3485,Running,Koila,Speeding,2way,1.0,70,WiFi,-79,100.0,0.0,0.049,40.32186800770157,21.79097066800198,Unintentional
User_42,2025-05-06 22:50:49,0.577,0.5725,Walking,Zep,Driving_Under_Influence,2way,1.0,40,5G,-84,12.0,15.0,0.046,40.28021849959203,21.75271008102943,Unintentional
User_37,2025-05-06 23:22:23,0.508,0.5879,Driving,Koila,7,2way,1.0,40,5G,-92,58.0,-22.0,0.0086777344341994,40.32201681876755,21.79126723645444,Unintentional
User_93,2025-05-07 06:54:27,0.418,0.3551,Driving,Ligeris,Speeding,1way,0.0,40,4G,-84,33.0,-2.0,0.05,40.30664520135116,21.80915786783066,Unintentional
User_66,2025-05-07 09:12:57,0.325,0.6397,Driving,Koila,Driving_Under_Influence,1way,1.0,20,3G,-98,95.0,-24.0,0.0014841386114122,40.32141146132467,21.791004440972323,Unintentional
User_86,2025-05-07 09:46:56,0.63,0.5213,Walking,Koila,Driving_Under_Influence,1way,1.0,10,WiFi,-70,32.0,0.0,0.033,40.30622692377462,21.792246987100896,Unintentional
User_02,2025-05-07 10:59:44,0.508,0.4388,Running,Zep,Speeding,1way,1.0,30,3G,-108,48.0,20.0,0.0084341709768556,40.27949068851365,21.753826857409873,Unintentional
User_19,2025-05-07 11:29:28,0.384,0.5923,Driving,Zep,Speeding,2way,150.0,30,4G,-107,10.0,-6.0,0.032,40.30622692377462,21.752964378232107,Unintentional
User_34,2025-05-07 12:27:26,0.401,0.5725,Driving,Ligeris,Reckless_Driving,2way,1.0,50,4G,-72,67.0,18.0,0.0056997269253107,40.30621288729754,21.807169814349336,Unintentional
User_21,2025-05-07 13:50:14,0.64,0.6155,Running,Zep,Driving_Under_Influence,2way,3.0,60,WiFi,-85,24.0,-12.0,0.049,40.27801881309205,21.753560672407513,Unintentional
User_17,2025-05-07 14:43:27,0.383,0.2782,Walking,Koila,Reckless_Driving,2way,1.0,60,4G,-92,8.0,0.0,0.031,40.32266207036694,21.79088197166336,Unintentional
User_85,2025-05-07 17:03:49,0.508,0.6502,Walking,Koila,Speeding,4way,1.0,30,3G,-89,79.0,11.0,0.023,40.32213501843682,21.790853446468457,Unintentional
User_10,2025-05-07 17:59:22,0.719,0.5733,Running,Ligeris,Driving_Under_Influence,2way,1.0,20,4G,-117,48.0,9.0,0.047,40.30542866052488,21.807696992977537,Unintentional
User_84,2025-05-07 18:47:47,0.689,0.4306,Walking,Zep,Speeding,2way,0.0,20,WiFi,-54,7.0,1.0,0.041,40.30622692377462,21.75445568724721,Unintentional
User_100,2025-05-07 21:06:35,0.592,0.5725,Driving,Zep,Driving_Under_Influence,1way,0.0,30,4G,-100,32.0,15.0,0.047,40.27835076320042,21.754825857252268,Unintentional
User_37,2025-05-07 22:18:50,0.528,0.5899,Running,Koila,Speeding,1way,1.0,40,4G,-118,97.0,24.0,0.0054004566636772,40.322440924500945,21.79100745138797,Unintentional
User_89,2025-05-07 23:56:06,0.485,0.5603,Walking,Ligeris,Driving_Under_Influence,2way,1.0,Harassing_Driver,WiFi,-77,34.0,-10.0,0.021,40.306719248265765,21.791258825989416,Unintentional
User_43,2025-05-08 01:17:23,0.255,0.5283,Running,Ligeris,Driving_Under_Influence,2way,160.0,80,3G,Ethernet,41.0,-17.0,0.0057271729697465,40.30557672190752,21.807914944471715,Unintentional
User_19,2025-05-08 02:55:21,0.384,0.5933,Running,Zep,Reckless_Driving,2way,3.0,10,4G,-89,22.0,0.0,0.03,40.278932305654834,21.753280000620187,Unintentional
User_07,2025-05-08 04:07:20,0.508,0.5725,Walking,Zep,Reckless_Driving,4way,2.0,20,4G,-79,48.0,19.0,0.0016092875351731,40.28103382837015,21.75200554625859,Unintentional
User_53,2025-05-08 06:11:04,0.364,0.6217,Driving,Ligeris,Speeding,1way,1.0,40,3G,-78,45.0,23.0,0.0071883498973262,40.306589288126496,21.809348084336513,Unintentional
User_63,2025-05-08 06:36:15,0.508,0.5725,Driving,Ligeris,Speeding,1way,0.0,50,WiFi,-76,1.0,-1.0,0.041,40.30646172704549,21.808538242958345,Unintentional
User_34,2025-05-08 11:00:02,0.508,0.4366,Walking,Ligeris,Reckless_Driving,2way,2.0,10,3G,-92,33.0,-14.0,0.04,40.30575109416136,21.791258825989416,Unintentional
User_27,2025-05-08 11:27:13,0.319,0.5676,Walking,Zep,Reckless_Driving,1way,4.0,70,5G,-83,48.0,24.0,0.0031162291641013,40.27908139262067,21.753886624535387,Unintentional
User_97,2025-05-08 12:45:13,0.296,0.6109,Running,Ligeris,Reckless_Driving,1way,3.0,80,4G,-107,90.0,21.0,0.0060042834032328,40.30622692377462,21.791568881509168,Unintentional
User_77,2025-05-08 13:08:59,0.347,0.5725,Running,Ligeris,Reckless_Driving,1way,1.0,80,3G,-90,43.0,21.0,0.0064387570461398,40.30622692377462,21.808486635774987,Unintentional
User_87,2025-05-08 19:12:54,0.374,0.4006,Driving,Zep,Reckless_Driving,1way,1.0,40,3G,-113,60.0,2.0,0.038,40.27786917387723,21.753363855075616,Unintentional
User_06,2025-05-08 20:40:38,0.614,0.6283,Walking,Ligeris,Driving_Under_Influence,2way,140.0,80,WiFi,-73,93.0,0.0,0.023,40.30768803620264,21.80822600817476,Unintentional
User_80,2025-05-08 22:13:55,0.313,0.4685,Driving,Koila,Driving_Under_Influence,1way,0.0,90,5G,-108,61.0,-25.0,0.0014147676920937,40.30622692377462,21.791258825989416,Unintentional
User_80,2025-05-09 02:16:33,0.313,0.4695,Walking,Zep,Reckless_Driving,2way,1.0,40,3G,-94,16.0,-22.0,0.0057271729697465,40.2791119507609,21.753668524537737,Unintentional
User_63,2025-05-09 06:04:33,0.408,0.4764,Walking,Zep,Reckless_Driving,2way,160.0,30,WiFi,-79,62.0,0.0,0.044,40.28044581779311,21.791258825989416,Unintentional
User_53,2025-05-09 20:35:38,0.364,0.6247,Walking,Ligeris,Speeding,2way,1.0,40,5G,-77,38.0,0.0,0.039,40.30622692377462,21.808477382444853,Unintentional
User_48,2025-05-09 23:11:17,0.611,0.4773,Driving,Ligeris,Speeding,2way,1.0,10,4G,-79,86.0,-19.0,0.0027332621390506,40.306413291272285,21.80821526139975,Unintentional
User_36,2025-05-09 23:28:59,0.394,0.5929,Driving,Ligeris,Reckless_Driving,1way,0.0,30,WiFi,-68,49.0,-25.0,0.0059566089437799,40.30631622411817,21.808446426945096,Unintentional
User_29,2025-05-10 04:08:40,0.508,0.4796,Driving,Koila,Speeding,2way,0.0,Lane_Discards,WiFi,-86,83.0,-23.0,0.0057271729697465,40.32195704619177,21.791594922024977,Unintentional
User_15,2025-05-10 04:09:48,0.585,0.2914,Walking,Ligeris,Reckless_Driving,2way,0.0,110,5G,-120,48.0,0.0,0.048,40.30620820889939,21.80666487403485,Unintentional
User_37,2025-05-10 08:05:08,0.528,0.5725,Walking,Zep,Speeding,1way,0.0,80,4G,-101,45.0,21.0,0.0057271729697465,40.27973539041017,21.75404403783813,Unintentional
User_31,2025-05-10 09:35:24,0.72,0.5099,Running,Ligeris,Speeding,2way,1.0,Illegal_Parking,4G,-74,68.0,-5.0,0.04,40.30587997286589,21.80670996833588,Unintentional
User_48,2025-05-10 11:19:37,0.611,0.4793,Running,Ligeris,Speeding,2way,140.0,60,4G,-95,88.0,6.0,0.044,40.30687392859306,21.805563438154884,Unintentional
User_50,2025-05-10 11:51:09,0.477,0.5857,Driving,Ligeris,Driving_Under_Influence,2way,0.0,40,5G,-104,48.0,-10.0,0.03,40.305432169581074,21.807920625087103,Unintentional
User_71,2025-05-10 13:07:26,0.508,0.544,Driving,Ligeris,Reckless_Driving,1way,0.0,70,WiFi,Ethernet,80.0,-18.0,0.0057271729697465,40.305399825542295,21.807674023956423,Unintentional
User_55,2025-05-10 13:49:23,0.489,0.3338,Running,Koila,Speeding,1way,4.0,90,4G,-118,89.0,-12.0,0.039,40.32167977308466,21.7914969350051,Unintentional
User_41,2025-05-10 13:58:29,0.251,0.5205,Walking,Koila,Reckless_Driving,2way,0.0,50,4G,-119,60.0,25.0,0.0053987358272986,40.32131434035274,21.791354142125936,Unintentional
User_14,2025-05-10 16:19:52,0.549,0.2757,Walking,Koila,Speeding,2way,3.0,30,3G,-99,100.0,-16.0,0.028,40.32227108045241,21.789607706308484,Unintentional
User_09,2025-05-10 21:30:30,0.377,0.5725,Walking,Zep,Reckless_Driving,2way,2.0,20,WiFi,-64,85.0,-13.0,0.046,40.28034255407384,21.754267460651025,Unintentional
User_89,2025-05-10 22:01:16,0.485,0.5663,Driving,Zep,Speeding,4way,0.0,60,WiFi,-52,13.0,21.0,0.0057271729697465,40.27957726885507,21.753242143436985,Unintentional
User_78,2025-05-11 00:23:28,0.64,0.3606,Running,Zep,Speeding,2way,1.0,80,5G,-120,82.0,10.0,0.032,40.278593628932995,21.791258825989416,Unintentional
User_70,2025-05-11 04:22:19,0.359,0.5725,Driving,Ligeris,Driving_Under_Influence,2way,0.0,Harassing_Driver,5G,-90,33.0,0.0,0.029,40.307046423949984,21.80910980365692,Unintentional
User_38,2025-05-11 07:11:02,0.448,0.4272,Driving,Zep,Speeding,4way,0.0,20,4G,-71,95.0,-2.0,0.049,40.28064328667801,21.75499193456778,Unintentional
User_21,2025-05-11 07:33:47,0.508,0.6225,Walking,Zep,Speeding,2way,2.0,10,3G,-95,76.0,5.0,0.035,40.30622692377462,21.753992112725957,Unintentional
User_25,2025-05-11 08:52:15,0.627,0.3193,Driving,Ligeris,Speeding,4way,150.0,30,3G,-111,76.0,-23.0,0.0018346588803106,40.30655854593243,21.807548591142847,Unintentional
User_12,2025-05-11 09:53:37,0.251,0.2817,Driving,Koila,Speeding,2way,0.0,40,3G,-87,48.0,-1.0,0.031,40.32111736751154,21.79157237474579,Unintentional
User_48,2025-05-11 09:54:52,0.611,0.4813,Walking,Zep,Driving_Under_Influence,2way,4.0,40,4G,-103,80.0,-10.0,0.047,40.28064291812325,21.753406202614975,Unintentional
User_80,2025-05-11 10:27:04,0.313,0.4745,Driving,Zep,Reckless_Driving,2way,3.0,70,WiFi,-57,97.0,-7.0,0.036,40.27963761957938,21.753256501415844,Unintentional
User_83,2025-05-11 10:33:32,0.453,0.5505,Walking,Ligeris,Reckless_Driving,2way,0.0,50,4G,-101,62.0,12.0,0.031,40.305573706620606,21.807953360815823,Unintentional
User_52,2025-05-11 11:56:54,0.508,0.5979,Walking,Zep,Reckless_Driving,2way,1.0,50,5G,-80,2.0,20.0,0.0040452707867934,40.27899200984975,21.75168419573954,Unintentional
User_100,2025-05-11 18:20:23,0.592,0.4601,Running,Zep,Speeding,1way,0.0,20,5G,-88,25.0,20.0,0.0054902142040956,40.27950614180173,21.754229696972896,Unintentional
User_73,2025-05-11 21:20:09,0.676,0.6168,Running,Zep,Driving_Under_Influence,2way,5.0,30,5G,-79,86.0,-18.0,0.0057271729697465,40.27961539539264,21.75415941790334,Unintentional
User_83,2025-05-11 21:46:46,0.453,0.5515,Walking,Ligeris,6,1way,0.0,70,WiFi,-85,6.0,-17.0,0.0085547093016294,40.30659572214417,21.806562433094665,Unintentional
User_92,2025-05-11 22:45:35,0.611,0.6441,Running,Ligeris,9,2way,0.0,30,3G,-72,12.0,-16.0,0.026,40.32226258815622,21.791553144516715,Unintentional
User_81,2025-05-12 01:22:17,0.482,0.5104,Running,Zep,Reckless_Driving,2way,1.0,40,5G,-116,48.0,-10.0,0.038,40.278468697828856,21.752390797993417,Unintentional
User_33,2025-05-12 07:08:56,0.486,0.4026,Driving,Koila,Reckless_Driving,4way,2.0,70,3G,-95,36.0,24.0,0.0051495263185575,40.32216199892969,21.791724708612097,Unintentional
User_59,2025-05-12 08:32:22,0.696,0.6318,Running,Koila,Driving_Under_Influence,2way,1.0,50,4G,-111,8.0,-9.0,0.044,40.322594700735245,21.789690595529276,Unintentional
User_33,2025-05-12 09:36:55,0.486,0.4036,Walking,Koila,Reckless_Driving,2way,0.0,50,4G,Ethernet,82.0,0.0,0.043,40.322034556092895,21.791258825989416,Unintentional
User_81,2025-05-12 11:13:10,0.482,0.5114,Walking,Ligeris,8,1way,1.0,10,3G,-73,48.0,14.0,0.024,40.30629129618006,21.791258825989416,Unintentional
User_77,2025-05-12 13:27:15,0.347,0.4036,Walking,Ligeris,Speeding,1way,1.0,10,3G,-70,66.0,-23.0,0.001335303297538,40.30693798245691,21.791258825989416,Unintentional
User_79,2025-05-12 23:18:17,0.508,0.3036,Walking,Zep,Speeding,2way,0.0,60,5G,-73,95.0,25.0,0.0057099769714656,40.279754306375786,21.755494682432428,Unintentional
User_97,2025-05-12 23:19:11,0.296,0.6199,Walking,Ligeris,Speeding,2way,0.0,40,4G,-71,48.0,23.0,0.0014401172294342,40.30610887404371,21.807391814054085,Unintentional
User_18,2025-05-13 01:23:05,0.271,0.4074,Driving,Ligeris,Speeding,2way,1.0,10,WiFi,Ethernet,23.0,0.0,0.023,40.30545786586706,21.808432468077427,Unintentional
User_82,2025-05-13 01:26:28,0.499,0.6224,Driving,Ligeris,Reckless_Driving,4way,1.0,30,5G,-94,24.0,-18.0,0.0017312042065308,40.30657713890111,21.809305105232273,Unintentional
User_51,2025-05-13 02:05:34,0.708,0.5725,Walking,Koila,Driving_Under_Influence,2way,0.0,90,5G,-103,4.0,10.0,0.026,40.32245439387758,21.791126698874628,Unintentional
User_69,2025-05-13 05:04:00,0.289,0.4146,Walking,Ligeris,Driving_Under_Influence,2way,1.0,40,5G,-87,48.0,17.0,0.0017669346373922,40.32080841083676,21.78969512249247,Unintentional
User_61,2025-05-13 06:25:38,0.508,0.3625,Driving,Ligeris,Reckless_Driving,2way,1.0,30,4G,-94,72.0,8.0,0.032,40.27799175322222,21.75277295072057,Unintentional
User_31,2025-05-13 10:12:14,0.72,0.5159,Running,Koila,Reckless_Driving,2way,1.0,30,5G,-84,92.0,-25.0,0.0094917975578938,40.30622692377462,21.791452316631187,Unintentional
User_21,2025-05-13 12:12:16,0.508,0.6265,Walking,Zep,Reckless_Driving,2way,0.0,10,3G,-71,66.0,-4.0,0.022,40.27980471935178,21.752388163855983,Unintentional
User_80,2025-05-13 13:59:17,0.313,0.4775,Walking,Zep,Driving_Under_Influence,2way,3.0,Illegal_Parking,4G,-110,36.0,-17.0,0.0084390952397186,40.278139379222175,21.75197875581441,Unintentional
User_06,2025-05-13 19:11:04,0.614,0.6383,Walking,Zep,Speeding,2way,1.0,70,WiFi,-52,5.0,9.0,0.037,40.279765355416174,21.7533637161221,Unintentional
User_56,2025-05-13 20:55:44,0.508,0.4416,Walking,Ligeris,Speeding,2way,0.0,40,5G,-117,51.0,25.0,0.0094482758257894,40.30595728556998,21.806257508981425,Unintentional
User_48,2025-05-14 03:58:21,0.611,0.4863,Running,Zep,Speeding,4way,2.0,70,3G,-78,100.0,-16.0,0.043,40.27996952656249,21.75332600929555,Unintentional
User_11,2025-05-14 05:44:29,0.539,0.4406,Walking,Zep,Driving_Under_Influence,2way,0.0,40,WiFi,-55,25.0,-1.0,0.044,40.30622692377462,21.755072358417813,Unintentional
User_35,2025-05-14 06:23:15,0.379,0.4726,Walking,Ligeris,Reckless_Driving,4way,0.0,30,5G,Ethernet,87.0,-24.0,0.0071625236803167,40.30622692377462,21.80804647757325,Unintentional
User_91,2025-05-14 08:10:16,0.409,0.3352,Walking,Ligeris,8,2way,0.0,20,WiFi,Ethernet,12.0,-18.0,0.0043215132798027,40.30673897283167,21.80702088617643,Unintentional
User_79,2025-05-14 09:01:55,0.426,0.3066,Running,Zep,Driving_Under_Influence,1way,0.0,Harassing_Driver,3G,-92,28.0,20.0,0.0088186417100385,40.28012603663404,21.753505138914385,Unintentional
User_43,2025-05-14 09:17:12,0.255,0.5413,Walking,Koila,Speeding,2way,160.0,40,3G,-66,28.0,-6.0,0.046,40.321702196546774,21.792555614047384,Unintentional
User_33,2025-05-14 12:44:10,0.486,0.5725,Walking,Ligeris,Driving_Under_Influence,4way,1.0,40,3G,Ethernet,84.0,-20.0,0.002124246136229,40.30757643197444,21.808114564533852,Unintentional
User_37,2025-05-14 15:14:53,0.528,0.6029,Walking,Ligeris,Reckless_Driving,2way,1.0,20,4G,-93,81.0,25.0,0.0057895217311836,40.306612730487565,21.807053838782984,Unintentional
User_45,2025-05-14 15:41:17,0.446,0.3245,Walking,Zep,Speeding,4way,0.0,20,WiFi,-59,83.0,8.0,0.024,40.27858040587754,21.752849274385063,Unintentional
User_94,2025-05-14 17:49:22,0.648,0.3298,Running,Zep,Speeding,4way,3.0,40,5G,-84,95.0,19.0,0.0047111337066451,40.27802002723771,21.752369198407084,Unintentional
User_99,2025-05-14 19:52:29,0.618,0.4743,Walking,Koila,Speeding,2way,0.0,30,3G,-114,24.0,12.0,0.026,40.32257590582248,21.79058108681189,Unintentional
User_47,2025-05-14 20:55:34,0.636,0.4011,Walking,Ligeris,Speeding,1way,1.0,40,4G,-73,44.0,25.0,0.0079389088765977,40.30622692377462,21.808052459017624,Unintentional
User_69,2025-05-14 21:05:07,0.289,0.4176,Driving,Koila,Reckless_Driving,1way,1.0,60,3G,Ethernet,27.0,15.0,0.036,40.32163088072966,21.789385872889905,Unintentional
User_05,2025-05-14 23:00:18,0.311,0.4218,Running,Ligeris,Driving_Under_Influence,2way,1.0,40,WiFi,-84,48.0,-19.0,0.0018544158310866,40.305941127216144,21.80891501371887,Unintentional
User_94,2025-05-14 23:02:10,0.648,0.3308,Running,Koila,Reckless_Driving,4way,0.0,80,5G,-94,48.0,17.0,0.0010160680694564,40.32235869156173,21.79063301569194,Unintentional
User_28,2025-05-14 23:16:49,0.561,0.3695,Driving,Zep,Speeding,2way,1.0,90,4G,-98,92.0,22.0,0.0088600268785868,40.2796045711491,21.791258825989416,Unintentional
User_36,2025-05-15 00:17:56,0.508,0.6039,Walking,Ligeris,Reckless_Driving,4way,1.0,10,4G,-103,72.0,9.0,0.038,40.3212017336424,21.791332766584816,Unintentional
User_70,2025-05-15 03:23:46,0.508,0.5725,Driving,Zep,Speeding,1way,1.0,60,3G,-112,42.0,-15.0,0.036,40.27955202567106,21.753281850618716,Unintentional
User_10,2025-05-15 04:00:52,0.719,0.5883,Driving,Zep,Speeding,4way,1.0,60,4G,Ethernet,78.0,-11.0,0.032,40.277963813513416,21.75313273438547,Unintentional
User_61,2025-05-15 04:11:17,0.261,0.5725,Walking,Ligeris,Driving_Under_Influence,2way,2.0,30,4G,-120,60.0,0.0,0.028,40.30622692377462,21.79207392305476,Unintentional
User_55,2025-05-15 05:08:52,0.489,0.5725,Driving,Zep,Reckless_Driving,1way,0.0,40,3G,-78,54.0,-5.0,0.04,40.27886623607912,21.753712151287555,Unintentional
User_89,2025-05-15 06:26:40,0.485,0.5753,Running,Koila,Speeding,2way,1.0,70,4G,-91,74.0,12.0,0.045,40.321071971090426,21.789592831666702,Unintentional
User_55,2025-05-15 12:16:24,0.489,0.3438,Driving,Ligeris,Speeding,2way,0.0,10,5G,-120,38.0,4.0,0.047,40.30614780349784,21.80763973181082,Unintentional
User_13,2025-05-15 13:14:26,0.657,0.4009,Driving,Koila,Speeding,2way,2.0,50,WiFi,-88,12.0,18.0,0.0094327043639894,40.30622692377462,21.79286282748445,Unintentional
User_34,2025-05-15 15:30:59,0.401,0.4506,Driving,Koila,Reckless_Driving,1way,4.0,70,5G,-111,60.0,24.0,0.0092637082279428,40.32233579258336,21.79200372382988,Unintentional
User_30,2025-05-15 15:41:09,0.577,0.5365,Running,Zep,Driving_Under_Influence,2way,160.0,60,3G,-97,95.0,-19.0,0.0065758933260291,40.27930725116586,21.755534412021895,Unintentional
User_63,2025-05-15 17:57:15,0.408,0.4884,Walking,Koila,Driving_Under_Influence,2way,1.0,90,WiFi,-83,86.0,22.0,0.0020089579335629,40.322728288168584,21.791258825989416,Unintentional
User_68,2025-05-15 18:39:47,0.736,0.5725,Walking,Ligeris,Speeding,2way,1.0,60,3G,-81,58.0,-21.0,0.0057271729697465,40.30622692377462,21.807506939131997,Unintentional
User_27,2025-05-15 18:57:01,0.319,0.5816,Running,Ligeris,6,1way,2.0,80,3G,Ethernet,80.0,7.0,0.041,40.30561503361628,21.80851625587787,Unintentional
User_91,2025-05-15 19:01:46,0.508,0.3382,Walking,Zep,Speeding,2way,1.0,60,4G,-70,48.0,-23.0,0.0067487476114197,40.28064952527854,21.754986437670897,Unintentional
User_48,2025-05-15 22:47:36,0.611,0.4893,Walking,Zep,Speeding,2way,1.0,60,4G,-78,47.0,-19.0,0.0088500678116775,40.27812016248064,21.791258825989416,Unintentional
User_26,2025-05-15 22:50:16,0.642,0.4262,Driving,Ligeris,Speeding,2way,2.0,60,3G,-83,48.0,0.0,0.036,40.30650619732699,21.80782327918838,Unintentional
User_59,2025-05-15 23:34:03,0.696,0.6378,Walking,Koila,Speeding,2way,1.0,40,4G,-101,72.0,-23.0,0.003296134745699,40.32184437376398,21.791307578173683,Unintentional
User_20,2025-05-15 23:47:31,0.686,0.5984,Running,Koila,Reckless_Driving,1way,0.0,30,3G,-71,58.0,-25.0,0.0066043307579929,40.30622692377462,21.78926025000264,Unintentional
User_61,2025-05-16 00:06:51,0.261,0.5725,Walking,Ligeris,Driving_Under_Influence,2way,0.0,30,5G,-110,88.0,25.0,0.0098624934193611,40.306167696037015,21.80748006465176,Unintentional
User_24,2025-05-16 00:27:38,0.508,0.495,Walking,Koila,Reckless_Driving,2way,1.0,20,3G,-81,72.0,-9.0,0.033,40.30622692377462,21.793393297965434,Unintentional
User_56,2025-05-16 00:44:36,0.419,0.5725,Running,Koila,Speeding,4way,0.0,40,5G,-94,92.0,0.0,0.025,40.32179726883152,21.792051812750064,Unintentional
User_93,2025-05-16 00:44:49,0.418,0.3731,Walking,Zep,Driving_Under_Influence,2way,1.0,60,WiFi,-71,9.0,12.0,0.026,40.279545687136206,21.75329731150217,Unintentional
User_83,2025-05-16 01:03:10,0.453,0.5605,Running,Ligeris,Speeding,1way,0.0,40,4G,-119,99.0,-23.0,0.0057271729697465,40.306841183246306,21.807423610221832,Unintentional
User_38,2025-05-16 05:49:49,0.448,0.4372,Running,Ligeris,Speeding,2way,2.0,30,4G,Ethernet,3.0,18.0,0.001529230398577,40.322333363766454,21.79197256301782,Unintentional
User_62,2025-05-16 06:10:49,0.346,0.5223,Driving,Koila,Driving_Under_Influence,2way,0.0,Illegal_Parking,5G,-109,48.0,20.0,0.0066167075270158,40.30622692377462,21.791673729816875,Unintentional
User_16,2025-05-16 06:56:06,0.508,0.3959,Walking,Zep,Speeding,1way,1.0,30,WiFi,-60,17.0,-11.0,0.044,40.27880295355025,21.752911203563745,Unintentional
User_38,2025-05-16 07:55:57,0.448,0.4382,Driving,Zep,Reckless_Driving,2way,0.0,40,4G,-109,73.0,-1.0,0.049,40.27813351745293,21.753884838625048,Unintentional
User_13,2025-05-16 12:55:20,0.657,0.4029,Walking,Ligeris,Speeding,2way,1.0,70,4G,-104,47.0,-15.0,0.041,40.30497232599686,21.80737011815584,Unintentional
User_59,2025-05-16 13:06:44,0.696,0.6398,Driving,Ligeris,Speeding,2way,1.0,20,3G,Ethernet,59.0,0.0,0.045,40.30615846117014,21.80701965948239,Unintentional
User_90,2025-05-16 17:59:44,0.522,0.3364,Running,Zep,Driving_Under_Influence,1way,1.0,20,3G,-72,71.0,19.0,0.0057271729697465,40.27938303274513,21.753178272445,Unintentional
User_44,2025-05-16 19:47:18,0.332,0.5725,Walking,Ligeris,Reckless_Driving,1way,1.0,60,WiFi,Ethernet,92.0,-22.0,0.0026817570190605,40.30601090082192,21.80773883287521,Unintentional
User_91,2025-05-16 20:49:43,0.409,0.5725,Running,Koila,Reckless_Driving,1way,1.0,70,5G,-113,7.0,23.0,0.0029033309009565,40.32068352664807,21.791151541542376,Unintentional
User_34,2025-05-16 21:29:54,0.401,0.5725,Walking,Koila,Speeding,1way,1.0,60,5G,-81,38.0,-19.0,0.0056901988001711,40.32165331190718,21.79345716870215,Unintentional
User_16,2025-05-16 22:28:38,0.438,0.3969,Walking,Zep,Reckless_Driving,1way,140.0,80,4G,-107,59.0,6.0,0.028,40.279930252808136,21.752276508913635,Unintentional
User_43,2025-05-16 23:09:57,0.255,0.5725,Running,Ligeris,Driving_Under_Influence,4way,1.0,70,5G,-75,99.0,-15.0,0.048,40.30721273127193,21.808349973733566,Unintentional
User_42,2025-05-16 23:14:13,0.508,0.5362,Driving,Zep,Driving_Under_Influence,4way,0.0,20,WiFi,-65,71.0,13.0,0.033,40.30622692377462,21.75264880021628,Unintentional
User_52,2025-05-17 05:14:20,0.399,0.6109,Walking,Ligeris,Reckless_Driving,2way,1.0,60,3G,-88,35.0,22.0,0.0072277842248601,40.279482337351965,21.791258825989416,Unintentional
User_59,2025-05-17 06:37:38,0.696,0.6408,Walking,Zep,Speeding,2way,0.0,70,4G,-98,23.0,4.0,0.025,40.27948031759721,21.751970629038908,Unintentional
User_09,2025-05-17 08:19:24,0.377,0.6508,Driving,Zep,Reckless_Driving,1way,2.0,70,WiFi,-60,63.0,-14.0,0.031,40.30622692377462,21.75334477899484,Unintentional
User_93,2025-05-17 13:56:23,0.508,0.5725,Running,Zep,Speeding,2way,1.0,Illegal_Parking,3G,-87,57.0,10.0,0.043,40.279152144481046,21.75230573624248,Unintentional
User_32,2025-05-17 18:29:59,0.508,0.5748,Walking,Ligeris,Reckless_Driving,2way,0.0,30,WiFi,Ethernet,15.0,19.0,0.0039658172639756,40.30622692377462,21.791258825989416,Unintentional
User_90,2025-05-17 22:44:52,0.522,0.3384,Driving,Ligeris,Reckless_Driving,1way,0.0,40,3G,Ethernet,92.0,25.0,0.0045746851171581,40.30659767329802,21.791258825989416,Unintentional
User_28,2025-05-17 23:15:03,0.561,0.5725,Walking,Ligeris,Speeding,1way,1.0,20,5G,-107,44.0,22.0,0.0099887019699246,40.30559746184318,21.806969269179824,Unintentional
User_29,2025-05-17 23:18:12,0.309,0.4946,Walking,Koila,Reckless_Driving,1way,1.0,70,3G,-113,78.0,21.0,0.0066372138918024,40.322117996734434,21.791305772212297,Unintentional
User_94,2025-05-17 23:20:25,0.648,0.3368,Running,Koila,Reckless_Driving,2way,1.0,80,3G,-117,66.0,-16.0,0.04,40.32260234342857,21.791258825989416,Unintentional
User_15,2025-05-18 00:52:43,0.585,0.3074,Running,Ligeris,Driving_Under_Influence,1way,140.0,50,4G,-71,48.0,-18.0,0.00948963209905,40.306299293972415,21.807042269312227,Unintentional
User_71,2025-05-18 01:48:46,0.431,0.559,Walking,Ligeris,Speeding,4way,0.0,40,4G,-77,70.0,0.0,0.037,40.280391994799466,21.755258733041583,Unintentional
User_53,2025-05-18 02:31:56,0.364,0.6417,Walking,Zep,Reckless_Driving,2way,1.0,Illegal_Parking,WiFi,Ethernet,17.0,-17.0,0.0048356201101701,40.279262669756115,21.75294763435847,Unintentional
User_92,2025-05-18 02:36:08,0.508,0.5725,Walking,Koila,Speeding,2way,0.0,30,3G,-76,48.0,-12.0,0.021,40.323634784333315,21.791258825989416,Unintentional
User_36,2025-05-18 03:44:29,0.394,0.6109,Walking,Ligeris,9,1way,1.0,40,3G,-82,85.0,-25.0,0.0039127623634674,40.30582934396989,21.808399099505596,Unintentional
User_50,2025-05-18 05:04:19,0.477,0.6017,Driving,Ligeris,Driving_Under_Influence,1way,0.0,20,5G,-85,60.0,0.0,0.032,40.30641295380156,21.807214114331973,Unintentional
User_05,2025-05-18 06:11:29,0.311,0.5725,Walking,Koila,Speeding,2way,1.0,50,4G,-93,48.0,-6.0,0.03,40.32171388772779,21.792264040385017,Unintentional
User_18,2025-05-18 10:30:12,0.508,0.4184,Running,Ligeris,Driving_Under_Influence,4way,0.0,20,3G,-102,4.0,-6.0,0.022,40.30622692377462,21.80772774569334,Unintentional
User_51,2025-05-18 14:59:36,0.708,0.6219,Running,Ligeris,Driving_Under_Influence,2way,0.0,40,3G,-75,27.0,-21.0,0.0041259966684642,40.30595959869041,21.806635551946396,Unintentional
User_73,2025-05-18 17:11:28,0.508,0.6308,Running,Koila,Driving_Under_Influence,4way,0.0,10,5G,Ethernet,78.0,-17.0,0.0057271729697465,40.32215048854421,21.79202475713121,Unintentional
User_57,2025-05-18 18:42:44,0.508,0.3924,Walking,Ligeris,Reckless_Driving,2way,4.0,20,3G,-78,61.0,-17.0,0.0040290227027674,40.30568622167625,21.809259221076417,Unintentional
User_52,2025-05-18 19:10:06,0.399,0.5725,Walking,Koila,Driving_Under_Influence,1way,0.0,20,WiFi,Ethernet,88.0,0.0,0.021,40.30622692377462,21.791267325963936,Unintentional
User_92,2025-05-18 19:20:06,0.611,0.6581,Walking,Koila,7,2way,1.0,50,3G,-116,34.0,23.0,0.0057271729697465,40.32079528772935,21.792116570843337,Unintentional
User_86,2025-05-18 21:08:53,0.63,0.5433,Walking,Koila,Speeding,1way,1.0,30,3G,-89,48.0,7.0,0.042,40.322211812262005,21.791420711875407,Unintentional
User_58,2025-05-18 23:03:45,0.669,0.408,Running,Ligeris,Driving_Under_Influence,4way,0.0,80,3G,Ethernet,8.0,0.0,0.048,40.3051157767608,21.808988181782876,Unintentional
User_47,2025-05-18 23:13:29,0.508,0.4091,Running,Zep,Reckless_Driving,2way,1.0,60,4G,-92,19.0,-11.0,0.035,40.279758341235926,21.791258825989416,Unintentional
User_94,2025-05-18 23:16:20,0.508,0.3388,Walking,Zep,Reckless_Driving,2way,1.0,60,5G,-97,19.0,4.0,0.023,40.28046226485197,21.791258825989416,Unintentional
User_10,2025-05-19 00:05:05,0.719,0.5963,Walking,Zep,Speeding,1way,1.0,30,WiFi,Ethernet,94.0,5.0,0.049,40.280024155691514,21.75407763635558,Unintentional
User_28,2025-05-19 00:47:24,0.561,0.5725,Driving,Zep,Speeding,2way,0.0,10,5G,-92,48.0,20.0,0.0071525473227863,40.30622692377462,21.75304018089139,Unintentional
User_35,2025-05-19 02:46:03,0.379,0.4826,Walking,Ligeris,Reckless_Driving,1way,1.0,40,WiFi,-52,77.0,0.0,0.042,40.27875087771829,21.752843567407417,Unintentional
User_15,2025-05-19 04:20:23,0.585,0.3084,Running,Koila,Speeding,2way,2.0,40,3G,Ethernet,46.0,0.0,0.035,40.32251484978441,21.790768888041352,Unintentional
User_07,2025-05-19 06:42:02,0.319,0.531,Driving,Koila,Speeding,2way,0.0,40,3G,Ethernet,27.0,-19.0,0.0016287133106706,40.32104370050715,21.791056034178673,Unintentional
User_43,2025-05-19 08:03:10,0.255,0.5503,Running,Zep,Driving_Under_Influence,1way,2.0,60,3G,-89,74.0,-13.0,0.042,40.28047070498516,21.75482092624658,Unintentional
User_90,2025-05-19 09:25:35,0.522,0.5725,Walking,Ligeris,Speeding,4way,0.0,30,5G,-80,30.0,-3.0,0.049,40.30587217009412,21.80556410684016,Unintentional
User_68,2025-05-19 09:38:04,0.736,0.5915,Walking,Koila,Speeding,1way,0.0,70,3G,-97,19.0,19.0,0.0057271729697465,40.32347886653497,21.791258825989416,Unintentional
User_37,2025-05-19 12:30:10,0.528,0.6129,Driving,Ligeris,Reckless_Driving,1way,1.0,40,3G,-72,38.0,-2.0,0.033,40.306432914779805,21.809332669540556,Unintentional
User_34,2025-05-19 14:11:26,0.401,0.4586,Walking,Zep,Speeding,2way,1.0,40,5G,-83,55.0,-24.0,0.0066789236657753,40.278464816106215,21.75439781869,Unintentional
User_56,2025-05-19 14:29:55,0.419,0.4536,Walking,Zep,Reckless_Driving,4way,0.0,80,4G,-99,66.0,18.0,0.0076406531214824,40.27945946334729,21.751663162894555,Unintentional
User_57,2025-05-19 14:40:50,0.733,0.3944,Running,Ligeris,9,1way,0.0,70,WiFi,-52,28.0,-14.0,0.039,40.28081534724429,21.791258825989416,Unintentional
User_25,2025-05-19 16:03:23,0.627,0.3353,Driving,Zep,Reckless_Driving,2way,0.0,50,4G,-113,98.0,21.0,0.0082946433934304,40.279732558798074,21.754858112436352,Unintentional
User_83,2025-05-19 17:08:38,0.453,0.5675,Walking,Ligeris,Speeding,2way,0.0,20,4G,Ethernet,4.0,16.0,0.024,40.30670941200863,21.791258825989416,Unintentional
User_94,2025-05-19 17:46:41,0.648,0.3398,Driving,Zep,Speeding,1way,0.0,Harassing_Driver,3G,-88,27.0,0.0,0.032,40.28058082368205,21.751418666887012,Unintentional
User_40,2025-05-19 18:40:24,0.498,0.5327,Driving,Koila,Driving_Under_Influence,4way,1.0,40,3G,-88,21.0,22.0,0.0057271729697465,40.322203499621025,21.792555828190977,Unintentional
User_72,2025-05-19 19:27:37,0.697,0.3782,Walking,Ligeris,Speeding,2way,1.0,20,4G,-94,82.0,4.0,0.036,40.30622692377462,21.807081837943013,Unintentional
User_93,2025-05-20 06:17:37,0.508,0.3811,Driving,Ligeris,8,2way,0.0,20,5G,Ethernet,48.0,15.0,0.028,40.3058499140211,21.791258825989416,Unintentional
User_73,2025-05-20 06:29:46,0.676,0.6358,Running,Ligeris,Driving_Under_Influence,4way,0.0,80,5G,-80,9.0,-13.0,0.035,40.30487766896917,21.806070667692957,Unintentional
User_49,2025-05-20 07:55:34,0.483,0.385,Driving,Ligeris,Driving_Under_Influence,1way,1.0,40,WiFi,-55,38.0,-5.0,0.026,40.305891008001794,21.807667730877903,Unintentional
User_77,2025-05-20 09:58:42,0.347,0.4196,Walking,Zep,Driving_Under_Influence,2way,2.0,50,3G,-92,35.0,-18.0,0.0092925559473189,40.27938038862784,21.752996831483713,Unintentional
User_100,2025-05-20 10:53:58,0.592,0.4771,Walking,Zep,Reckless_Driving,2way,0.0,40,WiFi,-50,100.0,0.0,0.035,40.27867421693341,21.75217217460994,Unintentional
User_42,2025-05-20 11:11:44,0.577,0.5432,Driving,Zep,Driving_Under_Influence,1way,1.0,80,3G,-85,48.0,25.0,0.0043089262471973,40.27909124095362,21.7534854701227,Unintentional
User_69,2025-05-20 13:36:21,0.289,0.4296,Driving,Zep,Reckless_Driving,2way,1.0,70,4G,-119,60.0,14.0,0.048,40.280649340421064,21.753435330081142,Unintentional
User_07,2025-05-20 14:16:00,0.319,0.533,Driving,Ligeris,Driving_Under_Influence,1way,1.0,50,5G,-106,75.0,25.0,0.0097333282991232,40.306696646896754,21.806888467544617,Unintentional
User_31,2025-05-20 16:48:02,0.508,0.5299,Running,Zep,Reckless_Driving,2way,2.0,30,5G,-91,83.0,-18.0,0.0057271729697465,40.27970201787673,21.753201269716964,Unintentional
User_78,2025-05-21 01:53:31,0.64,0.3806,Running,Zep,Speeding,1way,0.0,20,WiFi,-68,90.0,21.0,0.0057271729697465,40.28014460681327,21.75330748275072,Unintentional
User_93,2025-05-21 02:11:03,0.418,0.3831,Walking,Koila,Speeding,2way,1.0,20,WiFi,-79,43.0,-8.0,0.03,40.32236060118724,21.792113918974778,Unintentional
User_84,2025-05-21 03:31:48,0.689,0.4576,Walking,Koila,Speeding,2way,2.0,90,4G,-88,16.0,-24.0,0.0073041907248621,40.32166937389027,21.791402551681287,Unintentional
User_27,2025-05-21 04:06:58,0.319,0.5926,Running,Zep,Reckless_Driving,4way,1.0,40,3G,-97,62.0,-7.0,0.034,40.28013173886974,21.754727585501065,Unintentional
User_94,2025-05-21 07:18:29,0.648,0.3438,Running,Ligeris,Driving_Under_Influence,4way,0.0,60,3G,-100,94.0,18.0,0.0022407091908758,40.30722182840947,21.808249526969323,Unintentional
User_19,2025-05-21 08:01:30,0.384,0.6193,Driving,Ligeris,Speeding,2way,2.0,20,3G,Ethernet,81.0,4.0,0.021,40.30622692377462,21.80741764579212,Unintentional
User_75,2025-05-21 09:40:39,0.544,0.6224,Walking,Ligeris,Reckless_Driving,1way,1.0,40,4G,-117,42.0,-17.0,0.0092721782456442,40.307614511831545,21.80621595352831,Unintentional
User_31,2025-05-21 09:44:26,0.508,0.5725,Running,Koila,Speeding,1way,0.0,40,3G,-76,2.0,-18.0,0.0091195592961304,40.32187152527837,21.79175498218563,Unintentional
User_59,2025-05-21 11:00:02,0.696,0.6488,Running,Koila,Reckless_Driving,2way,1.0,60,5G,-82,99.0,12.0,0.024,40.322196526235594,21.792127488376885,Unintentional
User_57,2025-05-21 12:45:55,0.733,0.3984,Walking,Ligeris,Driving_Under_Influence,4way,0.0,90,3G,-113,48.0,-23.0,0.0021556695976654,40.306305752502645,21.807141352168887,Unintentional
User_91,2025-05-21 14:40:32,0.409,0.3492,Driving,Zep,Reckless_Driving,2way,2.0,Illegal_Parking,5G,-105,48.0,24.0,0.0086661614694867,40.27984766583915,21.75099908722052,Unintentional
User_34,2025-05-21 15:37:30,0.508,0.4626,Running,Ligeris,9,4way,3.0,50,3G,-91,29.0,5.0,0.029,40.30640379334746,21.807848453034847,Unintentional
User_53,2025-05-21 15:53:51,0.364,0.6477,Running,Ligeris,6,2way,5.0,60,5G,Ethernet,34.0,-12.0,0.027,40.32154737085863,21.79111102839382,Unintentional
User_35,2025-05-21 17:24:37,0.379,0.4866,Walking,Ligeris,Driving_Under_Influence,4way,1.0,80,WiFi,-61,100.0,19.0,0.0014168326214464,40.30677332115687,21.8080793494602,Unintentional
User_65,2025-05-21 17:46:10,0.578,0.5725,Walking,Ligeris,Speeding,2way,1.0,80,4G,-110,13.0,12.0,0.029,40.30652174341579,21.80632063568238,Unintentional
User_91,2025-05-21 18:55:52,0.409,0.3502,Walking,Koila,9,2way,1.0,20,5G,-110,90.0,22.0,0.0013252366241228,40.32237519986752,21.791683842989947,Unintentional
User_64,2025-05-21 20:16:58,0.257,0.2946,Running,Ligeris,Driving_Under_Influence,4way,2.0,90,4G,-91,48.0,-25.0,0.0021961716045454,40.323529706102974,21.790626574259683,Unintentional
User_39,2025-05-21 20:33:22,0.685,0.5418,Running,Ligeris,Speeding,1way,3.0,50,3G,-71,13.0,-22.0,0.0016169444525233,40.27890111393963,21.753089068525888,Unintentional
User_96,2025-05-21 21:38:36,0.508,0.2966,Driving,Ligeris,Driving_Under_Influence,2way,1.0,10,3G,-72,86.0,0.0,0.026,40.27952108041405,21.753243459982183,Unintentional
User_61,2025-05-22 02:18:59,0.261,0.3805,Driving,Koila,Speeding,2way,1.0,60,3G,-102,48.0,0.0,0.045,40.32067552614461,21.790928727612357,Unintentional
User_04,2025-05-22 02:37:57,0.295,0.3439,Driving,Zep,Reckless_Driving,2way,3.0,50,3G,Ethernet,85.0,-7.0,0.037,40.27974760422489,21.755252549923608,Unintentional
User_94,2025-05-22 07:42:01,0.648,0.3458,Driving,Koila,Reckless_Driving,2way,1.0,10,3G,-108,67.0,25.0,0.0045593788866152,40.32351594625591,21.790129627826857,Unintentional
User_03,2025-05-22 08:12:04,0.381,0.4755,Driving,Zep,Driving_Under_Influence,4way,1.0,130,3G,-110,20.0,-12.0,0.025,40.279180814545576,21.754434097822912,Unintentional
User_99,2025-05-22 09:39:25,0.508,0.4903,Driving,Koila,Speeding,1way,0.0,20,5G,-116,29.0,-13.0,0.046,40.32158254283608,21.793005042354338,Unintentional
User_36,2025-05-22 10:52:58,0.394,0.6179,Walking,Zep,Speeding,1way,1.0,20,4G,-103,33.0,-22.0,0.0057271729697465,40.27941742122354,21.752897098457293,Unintentional
User_28,2025-05-22 13:35:32,0.508,0.3855,Walking,Koila,Speeding,4way,1.0,50,4G,-100,98.0,24.0,0.0018716896968607,40.32295521632987,21.79298930912438,Unintentional
User_01,2025-05-22 15:29:17,0.618,0.6015,Driving,Zep,Driving_Under_Influence,2way,1.0,40,3G,-96,38.0,3.0,0.044,40.2794113976671,21.753220479206774,Unintentional
User_53,2025-05-22 23:16:24,0.364,0.6507,Running,Koila,Speeding,2way,1.0,80,3G,Ethernet,43.0,3.0,0.03,40.3207936917596,21.792582586206517,Unintentional
User_94,2025-05-23 05:00:44,0.648,0.3488,Walking,Zep,Speeding,2way,1.0,50,3G,-94,80.0,-22.0,0.0058089107759271,40.30622692377462,21.753633115660765,Unintentional
User_63,2025-05-23 06:08:46,0.408,0.5044,Walking,Koila,Driving_Under_Influence,2way,1.0,50,5G,-98,82.0,14.0,0.045,40.32164745161169,21.791258825989416,Unintentional
User_71,2025-05-23 08:58:42,0.431,0.569,Driving,Ligeris,Speeding,4way,0.0,40,3G,-109,48.0,-9.0,0.046,40.30689043941921,21.808345775985995,Unintentional
User_88,2025-05-23 11:34:29,0.676,0.318,Walking,Ligeris,Speeding,2way,140.0,60,3G,-112,63.0,0.0,0.035,40.30728649103222,21.80850482838668,Unintentional
User_68,2025-05-23 14:19:05,0.736,0.5995,Driving,Ligeris,Driving_Under_Influence,1way,2.0,Illegal_Parking,5G,-106,87.0,17.0,0.0022104642193982,40.30622692377462,21.80736557352337,Unintentional
User_95,2025-05-23 14:47:27,0.508,0.3743,Walking,Zep,Driving_Under_Influence,2way,0.0,60,5G,-108,48.0,25.0,0.00896495675179,40.30622692377462,21.752109324472674,Unintentional
User_30,2025-05-23 16:34:36,0.577,0.5525,Driving,Koila,Driving_Under_Influence,4way,1.0,40,3G,-86,9.0,-25.0,0.0097428242349128,40.321771286525426,21.791258825989416,Unintentional
User_87,2025-05-23 17:27:24,0.508,0.4316,Walking,Koila,Speeding,4way,3.0,50,3G,Ethernet,48.0,12.0,0.037,40.32219325822635,21.792694498282646,Unintentional
User_99,2025-05-23 17:59:48,0.508,0.4923,Running,Zep,Reckless_Driving,2way,2.0,40,WiFi,-75,48.0,-11.0,0.042,40.28087555633924,21.752693122813128,Unintentional
User_25,2025-05-23 23:16:16,0.627,0.5725,Walking,Ligeris,Speeding,1way,0.0,40,3G,-99,45.0,22.0,0.0057271729697465,40.306033721782335,21.805816740215704,Unintentional
User_62,2025-05-23 23:20:44,0.346,0.5373,Driving,Koila,Speeding,2way,2.0,Illegal_Parking,WiFi,Ethernet,55.0,18.0,0.0057271729697465,40.321940939337885,21.790833651374797,Unintentional
User_54,2025-05-23 23:46:43,0.508,0.4321,Running,Koila,Reckless_Driving,2way,3.0,60,3G,-111,75.0,-19.0,0.0061477692923092,40.32093213314748,21.78972864551654,Unintentional
User_39,2025-05-24 02:25:34,0.685,0.5478,Walking,Koila,Reckless_Driving,2way,0.0,60,WiFi,-55,48.0,-20.0,0.0057271729697465,40.321245712135216,21.79134843868408,Unintentional
User_01,2025-05-24 04:13:36,0.618,0.6045,Walking,Koila,Speeding,1way,1.0,70,WiFi,-79,58.0,11.0,0.026,40.322115475352305,21.791223102089315,Unintentional
User_19,2025-05-24 09:10:01,0.384,0.6263,Walking,Koila,Driving_Under_Influence,2way,0.0,40,5G,-77,72.0,0.0,0.038,40.32098009138543,21.791258825989416,Unintentional
User_26,2025-05-24 10:58:01,0.642,0.5725,Walking,Ligeris,Reckless_Driving,2way,0.0,40,WiFi,-84,38.0,0.0,0.046,40.305683820929055,21.80717926056124,Unintentional
User_43,2025-05-24 10:58:12,0.255,0.5613,Walking,Ligeris,Reckless_Driving,2way,0.0,40,4G,-73,38.0,-23.0,0.0015122681301517,40.30622692377462,21.791258825989416,Unintentional
User_77,2025-05-24 12:00:49,0.347,0.5725,Walking,Zep,Speeding,4way,0.0,40,3G,-65,22.0,19.0,0.0032039854293293,40.27944295795336,21.753933573856525,Unintentional
User_68,2025-05-24 14:07:38,0.736,0.5725,Walking,Zep,Speeding,4way,0.0,40,5G,-96,68.0,23.0,0.0047352831783381,40.27822918849977,21.75378390119361,Unintentional
User_15,2025-05-24 15:20:46,0.585,0.3184,Driving,Ligeris,Driving_Under_Influence,2way,1.0,80,4G,-99,19.0,6.0,0.023,40.30524356672655,21.80657678046689,Unintentional
User_37,2025-05-24 15:37:44,0.528,0.6239,Driving,Koila,Driving_Under_Influence,2way,1.0,10,4G,-88,48.0,22.0,0.0052916031545144,40.322090211784015,21.791257258024995,Unintentional
User_02,2025-05-24 18:03:53,0.504,0.4718,Driving,Ligeris,Reckless_Driving,4way,0.0,60,WiFi,-67,66.0,0.0,0.023,40.30671078233827,21.791258825989416,Unintentional
User_45,2025-05-24 22:24:53,0.446,0.3455,Driving,Koila,Reckless_Driving,4way,1.0,40,5G,-87,48.0,25.0,0.0054177239812483,40.322015311178255,21.791179574796956,Unintentional
User_78,2025-05-24 22:31:55,0.64,0.3876,Driving,Koila,Speeding,2way,1.0,Lane_Discards,3G,-105,65.0,11.0,0.046,40.32339487902394,21.791431360945513,Unintentional
User_04,2025-05-24 23:26:52,0.295,0.3489,Walking,Ligeris,Reckless_Driving,2way,4.0,80,4G,-84,90.0,21.0,0.0026046454561578,40.30678587878105,21.808286771131662,Unintentional
User_78,2025-05-25 02:16:27,0.508,0.5725,Driving,Zep,Reckless_Driving,1way,0.0,80,5G,-104,99.0,24.0,0.0040497583829582,40.2784735548835,21.753501085323084,Unintentional
User_48,2025-05-25 02:30:53,0.611,0.5083,Running,Ligeris,Reckless_Driving,4way,0.0,40,3G,-83,70.0,-7.0,0.031,40.30622692377462,21.8072823906911,Unintentional
User_56,2025-05-25 02:48:47,0.419,0.4656,Walking,Ligeris,Speeding,2way,3.0,50,3G,-113,75.0,-12.0,0.034,40.30717247160019,21.80600557184704,Unintentional
User_31,2025-05-25 03:17:42,0.72,0.5389,Walking,Zep,Driving_Under_Influence,1way,0.0,80,4G,-78,1.0,0.0,0.028,40.28033965989232,21.75467276878351,Unintentional
User_76,2025-05-25 05:34:13,0.349,0.5725,Walking,Ligeris,Speeding,2way,1.0,30,4G,-97,7.0,-9.0,0.027,40.30559916443543,21.8055056577532,Unintentional
User_19,2025-05-25 07:10:49,0.384,0.6273,Walking,Ligeris,Speeding,4way,1.0,40,3G,-117,49.0,-21.0,0.0090621361941973,40.30622692377462,21.790234322470624,Unintentional
User_65,2025-05-25 08:17:49,0.508,0.3823,Walking,Koila,Speeding,1way,0.0,10,3G,-113,77.0,11.0,0.037,40.30622692377462,21.79013901173715,Unintentional
User_02,2025-05-25 09:48:14,0.504,0.4748,Walking,Ligeris,Driving_Under_Influence,2way,1.0,40,3G,-104,0.0,9.0,0.04,40.30598172016139,21.807662928300875,Unintentional
User_30,2025-05-25 13:16:23,0.577,0.5555,Running,Ligeris,Speeding,4way,0.0,20,5G,Ethernet,33.0,13.0,0.037,40.30622692377462,21.807756977278064,Unintentional
User_49,2025-05-25 15:46:37,0.483,0.396,Running,Ligeris,Driving_Under_Influence,2way,0.0,20,4G,-78,10.0,0.0,0.024,40.27949049664275,21.753715141015444,Unintentional
User_78,2025-05-25 17:55:25,0.64,0.3896,Walking,Ligeris,Speeding,1way,1.0,Illegal_Parking,4G,-108,72.0,23.0,0.0077976262015357,40.30636523872163,21.791258825989416,Unintentional
User_64,2025-05-25 18:08:22,0.257,0.3016,Walking,Koila,Speeding,1way,160.0,50,5G,-104,86.0,16.0,0.021,40.3226181702609,21.792554406785793,Unintentional
User_36,2025-05-25 18:22:46,0.508,0.5725,Driving,Ligeris,Reckless_Driving,2way,1.0,60,3G,-102,57.0,23.0,0.0057762699537085,40.30636033540664,21.80758117013941,Unintentional
User_89,2025-05-25 19:41:29,0.508,0.5725,Driving,Zep,Reckless_Driving,2way,1.0,50,4G,-83,56.0,-21.0,0.0078498967835274,40.28025056251905,21.7514191114705,Unintentional
User_45,2025-05-25 21:03:18,0.446,0.5725,Driving,Ligeris,Reckless_Driving,2way,1.0,60,4G,-92,69.0,-18.0,0.0054662420748059,40.30547829082765,21.80754568509863,Unintentional
User_09,2025-05-26 00:55:47,0.377,0.6688,Walking,Zep,Speeding,4way,0.0,40,3G,-76,92.0,-25.0,0.0060723744941031,40.27957546205927,21.75289736168053,Unintentional
User_06,2025-05-26 01:52:37,0.508,0.6633,Running,Ligeris,Speeding,2way,0.0,10,4G,-74,60.0,24.0,0.00406940741023,40.30548634794988,21.80887146113651,Unintentional
User_82,2025-05-26 03:15:41,0.499,0.6494,Running,Zep,Reckless_Driving,4way,1.0,20,WiFi,-64,13.0,20.0,0.0019543291150036,40.27963091404603,21.753335357575956,Unintentional
User_68,2025-05-26 03:26:39,0.736,0.6055,Driving,Zep,Driving_Under_Influence,2way,2.0,30,WiFi,-88,37.0,0.0,0.034,40.278709951545494,21.755010925692797,Unintentional
User_49,2025-05-26 04:40:31,0.483,0.397,Walking,Ligeris,Driving_Under_Influence,1way,0.0,40,5G,-81,32.0,6.0,0.045,40.32284446034393,21.79187744662956,Unintentional
User_58,2025-05-26 05:21:40,0.669,0.423,Walking,Koila,8,2way,1.0,20,WiFi,-80,76.0,0.0,0.038,40.32099099166458,21.79062270328181,Unintentional
User_98,2025-05-26 05:34:18,0.553,0.5359,Walking,Koila,Driving_Under_Influence,2way,1.0,80,5G,-95,30.0,7.0,0.041,40.32109080500392,21.791179562181963,Unintentional
User_10,2025-05-26 05:52:40,0.719,0.6103,Driving,Zep,Reckless_Driving,1way,0.0,40,4G,-81,52.0,8.0,0.031,40.30622692377462,21.750966327795386,Unintentional
User_46,2025-05-26 12:48:10,0.621,0.4789,Driving,Ligeris,Speeding,2way,0.0,30,3G,-83,52.0,15.0,0.026,40.30705604868578,21.80747442708343,Unintentional
User_15,2025-05-26 14:59:48,0.585,0.3234,Driving,Zep,Speeding,1way,0.0,70,WiFi,-88,38.0,20.0,0.0064587655657549,40.27993891564875,21.752489639065924,Unintentional
User_55,2025-05-26 16:21:44,0.489,0.3658,Walking,Zep,Reckless_Driving,1way,1.0,70,5G,-115,88.0,18.0,0.0019980451694621,40.30622692377462,21.751105002071885,Unintentional
User_67,2025-05-26 16:52:31,0.557,0.4736,Walking,Ligeris,Speeding,2way,2.0,50,4G,-87,91.0,9.0,0.049,40.30622692377462,21.808534252569107,Unintentional
User_57,2025-05-26 17:09:43,0.733,0.4084,Walking,Ligeris,Reckless_Driving,4way,0.0,110,4G,-92,48.0,0.0,0.037,40.30698291144884,21.807765380803428,Unintentional
User_19,2025-05-26 17:15:40,0.384,0.6293,Walking,Ligeris,Reckless_Driving,2way,0.0,40,WiFi,-56,48.0,-24.0,0.0074885253373412,40.305161128569104,21.809314530829504,Unintentional
User_75,2025-05-26 18:16:16,0.544,0.6334,Running,Ligeris,Speeding,2way,1.0,40,4G,-80,88.0,-16.0,0.037,40.305204040570445,21.807466641128155,Unintentional
User_44,2025-05-26 20:04:06,0.332,0.3937,Walking,Koila,Speeding,4way,1.0,30,5G,Ethernet,94.0,0.0,0.05,40.32173550698124,21.790887645883615,Unintentional
User_83,2025-05-26 20:25:06,0.453,0.5815,Running,Koila,Driving_Under_Influence,2way,0.0,110,4G,Ethernet,72.0,-1.0,0.045,40.32131302427035,21.79206784165807,Unintentional
User_40,2025-05-26 21:13:32,0.498,0.5467,Running,Ligeris,Speeding,2way,1.0,80,3G,-61,48.0,-22.0,0.0038087795828426,40.306742933759544,21.807619359116032,Unintentional
User_92,2025-05-26 21:52:48,0.611,0.6741,Running,Ligeris,Speeding,1way,2.0,20,3G,-73,78.0,21.0,0.0032596716138676,40.323088273751665,21.7893937545339,Unintentional
User_66,2025-05-26 22:12:54,0.325,0.5725,Running,Koila,Speeding,2way,0.0,50,3G,-83,48.0,23.0,0.0059849894386245,40.30622692377462,21.78993389222541,Unintentional
User_31,2025-05-27 00:30:10,0.72,0.5429,Driving,Koila,Speeding,2way,0.0,60,WiFi,Ethernet,52.0,-21.0,0.0057271729697465,40.32196783169759,21.791187364041186,Unintentional
User_06,2025-05-27 00:36:37,0.614,0.6653,Walking,Ligeris,Speeding,2way,0.0,70,WiFi,-77,31.0,18.0,0.0021404479649457,40.30542087368283,21.807314136489197,Unintentional
User_70,2025-05-27 00:39:42,0.359,0.6272,Driving,Ligeris,Reckless_Driving,4way,1.0,50,WiFi,-66,94.0,-17.0,0.0069574782096531,40.30518734057201,21.8066575681895,Unintentional
User_87,2025-05-27 07:27:59,0.374,0.5725,Walking,Ligeris,Speeding,2way,0.0,20,3G,Ethernet,48.0,-7.0,0.025,40.30615908490349,21.80754781671099,Unintentional
User_92,2025-05-27 07:49:02,0.611,0.6751,Running,Ligeris,Driving_Under_Influence,1way,0.0,20,WiFi,-78,15.0,-7.0,0.023,40.3065914080824,21.80872234429441,Unintentional
User_83,2025-05-27 07:57:09,0.508,0.5835,Walking,Ligeris,Speeding,2way,0.0,40,WiFi,-59,91.0,18.0,0.0052584365533377,40.306763306374194,21.806795125948703,Unintentional
User_03,2025-05-27 08:07:02,0.381,0.4855,Driving,Ligeris,Reckless_Driving,2way,0.0,90,5G,-85,80.0,0.0,0.043,40.30674724855516,21.808710043456127,Unintentional
User_89,2025-05-27 09:14:06,0.485,0.6003,Driving,Koila,Speeding,2way,1.0,20,3G,-55,73.0,-25.0,0.0057819176147122,40.32301864491426,21.790326405342505,Unintentional
User_90,2025-05-27 12:10:53,0.522,0.3574,Walking,Zep,Reckless_Driving,4way,1.0,10,4G,-104,16.0,-22.0,0.007430612196364,40.28023003539845,21.791258825989416,Unintentional
User_28,2025-05-27 14:11:50,0.561,0.3945,Walking,Ligeris,Driving_Under_Influence,4way,0.0,40,5G,-78,82.0,18.0,0.0088007670227674,40.30582711562291,21.80696264546101,Unintentional
User_11,2025-05-27 17:58:29,0.539,0.4676,Walking,Ligeris,Driving_Under_Influence,1way,0.0,60,3G,-120,31.0,-7.0,0.022,40.30644529516901,21.809093699349756,Unintentional
User_10,2025-05-27 19:31:08,0.719,0.6123,Running,Koila,Speeding,1way,140.0,20,5G,-71,53.0,21.0,0.0057731917482103,40.32165698838731,21.791348653719677,Unintentional
User_79,2025-05-27 22:03:06,0.426,0.3326,Running,Ligeris,Driving_Under_Influence,2way,1.0,40,WiFi,-82,94.0,-22.0,0.0041915859803481,40.30622692377462,21.791258825989416,Unintentional
User_65,2025-05-27 22:03:25,0.578,0.3863,Walking,Ligeris,Reckless_Driving,1way,1.0,10,4G,-94,29.0,22.0,0.0064403521425257,40.27933130020746,21.75363038257908,Unintentional
User_52,2025-05-27 22:05:22,0.399,0.6309,Driving,Ligeris,Speeding,2way,1.0,40,5G,-98,12.0,-22.0,0.0018052156190451,40.30526086044356,21.806689385201217,Unintentional
User_67,2025-05-28 00:34:26,0.557,0.4766,Walking,Koila,Speeding,1way,3.0,Lane_Discards,3G,-94,40.0,17.0,0.0057271729697465,40.32355750509345,21.79183932678277,Unintentional
User_92,2025-05-28 02:20:10,0.611,0.6781,Walking,Zep,9,2way,1.0,70,WiFi,-85,47.0,-24.0,0.002229919766324,40.28106427604989,21.752696562196952,Unintentional
User_31,2025-05-28 03:50:56,0.72,0.5449,Running,Koila,Speeding,2way,4.0,50,4G,-94,33.0,19.0,0.005348878067204,40.32245696011088,21.789914868064823,Unintentional
User_33,2025-05-28 09:59:22,0.486,0.4346,Walking,Ligeris,Speeding,2way,1.0,90,3G,-94,42.0,-13.0,0.033,40.30537158133629,21.8063988355097,Unintentional
User_45,2025-05-28 10:46:26,0.446,0.3525,Walking,Ligeris,Speeding,2way,0.0,10,5G,-76,19.0,16.0,0.047,40.3045959906896,21.808382289627392,Unintentional
User_50,2025-05-28 13:05:46,0.477,0.6227,Driving,Zep,9,1way,1.0,40,WiFi,-86,93.0,22.0,0.0046411579080096,40.278235803519365,21.75394405344324,Unintentional
User_32,2025-05-28 16:14:05,0.694,0.5968,Driving,Koila,Driving_Under_Influence,4way,1.0,40,3G,-114,48.0,20.0,0.0077806839514836,40.32139497319025,21.791169965360705,Unintentional
User_90,2025-05-28 16:49:54,0.522,0.5725,Running,Zep,Driving_Under_Influence,2way,0.0,20,3G,-59,48.0,22.0,0.0027327220708878,40.27940676589246,21.752701728169335,Unintentional
User_62,2025-05-28 19:37:31,0.346,0.5463,Driving,Ligeris,Driving_Under_Influence,2way,1.0,40,WiFi,Ethernet,31.0,-19.0,0.0090394083301685,40.279381651915045,21.75106941891963,Unintentional
User_41,2025-05-28 20:12:27,0.251,0.5725,Driving,Koila,Speeding,4way,160.0,40,5G,-82,48.0,-19.0,0.0057271729697465,40.3225032434687,21.79332987777359,Unintentional
User_78,2025-05-28 20:42:11,0.64,0.3956,Walking,Zep,Speeding,1way,1.0,20,3G,-108,14.0,-8.0,0.031,40.2796339078061,21.791258825989416,Unintentional
User_79,2025-05-28 20:47:45,0.426,0.3356,Walking,Koila,Driving_Under_Influence,2way,1.0,Harassing_Driver,WiFi,-72,23.0,25.0,0.0057271729697465,40.32209195215425,21.791264359372843,Unintentional
User_22,2025-05-28 23:48:35,0.712,0.3353,Running,Koila,Reckless_Driving,2way,1.0,Lane_Discards,5G,-90,36.0,-5.0,0.047,40.32090916968435,21.79092786642543,Unintentional
User_83,2025-05-29 00:15:00,0.453,0.5865,Driving,Ligeris,Speeding,2way,0.0,70,5G,-97,52.0,21.0,0.0069857493507214,40.3063801800484,21.809055427349467,Unintentional
User_42,2025-05-29 03:58:30,0.508,0.5622,Driving,Ligeris,Reckless_Driving,2way,1.0,20,WiFi,-50,95.0,25.0,0.0013679836646432,40.30563144953937,21.806948346329904,Unintentional
User_40,2025-05-29 05:13:38,0.508,0.5517,Walking,Ligeris,Speeding,2way,3.0,50,WiFi,-69,18.0,-13.0,0.038,40.30631716932922,21.80823591583603,Unintentional
User_07,2025-05-29 07:06:14,0.319,0.551,Running,Ligeris,Driving_Under_Influence,1way,2.0,20,4G,-109,48.0,15.0,0.03,40.280695530979855,21.754809979918956,Unintentional
User_31,2025-05-29 07:16:32,0.508,0.5469,Driving,Zep,Speeding,2way,0.0,40,WiFi,-84,89.0,16.0,0.038,40.27965095045858,21.791258825989416,Unintentional
User_55,2025-05-29 08:03:06,0.489,0.3708,Running,Ligeris,Speeding,2way,4.0,50,3G,-79,11.0,0.0,0.026,40.30558459827161,21.807357304549072,Unintentional
User_93,2025-05-29 08:28:36,0.508,0.5725,Driving,Ligeris,Driving_Under_Influence,2way,1.0,30,4G,-93,28.0,2.0,0.05,40.307449018923535,21.80810068620859,Unintentional
User_44,2025-05-29 09:31:42,0.508,0.3987,Walking,Zep,Driving_Under_Influence,1way,1.0,40,4G,-109,87.0,17.0,0.002707341731035,40.27822549766329,21.752561095633776,Unintentional
User_51,2025-05-29 12:08:11,0.708,0.5725,Walking,Ligeris,Reckless_Driving,2way,0.0,60,3G,-106,77.0,-19.0,0.0077607751066546,40.30634713979118,21.80751516563829,Unintentional
User_85,2025-05-29 12:08:54,0.572,0.6942,Driving,Koila,Reckless_Driving,2way,2.0,30,WiFi,-59,54.0,-9.0,0.036,40.32267747734933,21.791447940173327,Unintentional
User_80,2025-05-29 12:12:17,0.313,0.5095,Walking,Zep,Driving_Under_Influence,1way,1.0,80,5G,Ethernet,61.0,23.0,0.0097918943068266,40.27926675872781,21.753648182593896,Unintentional
User_88,2025-05-29 12:16:34,0.676,0.5725,Walking,Ligeris,Reckless_Driving,4way,0.0,30,3G,-118,82.0,7.0,0.021,40.30634086324324,21.809087505022333,Unintentional
User_43,2025-05-29 12:49:30,0.255,0.5703,Running,Zep,7,2way,1.0,90,5G,Ethernet,5.0,-7.0,0.043,40.279635369746345,21.75301374940297,Unintentional
User_37,2025-05-29 22:20:58,0.508,0.5725,Running,Zep,Driving_Under_Influence,4way,1.0,40,WiFi,-58,99.0,16.0,0.03,40.27913908638669,21.754950510528086,Unintentional
User_89,2025-05-30 00:24:14,0.485,0.6053,Walking,Koila,Speeding,2way,4.0,30,3G,-120,6.0,11.0,0.031,40.32143978162974,21.78979566735323,Unintentional
User_02,2025-05-30 03:17:35,0.504,0.4838,Walking,Zep,Speeding,4way,1.0,40,3G,-76,71.0,-8.0,0.049,40.27995904828256,21.754856420911953,Unintentional
User_35,2025-05-30 03:28:20,0.508,0.5725,Walking,Ligeris,Driving_Under_Influence,2way,0.0,30,3G,-98,51.0,-15.0,0.022,40.30697374648823,21.80713316350661,Unintentional
User_02,2025-05-30 03:49:57,0.504,0.4848,Walking,Koila,Speeding,2way,0.0,120,WiFi,-67,35.0,-21.0,0.0057271729697465,40.323166401379424,21.791258825989416,Unintentional
User_55,2025-05-30 04:49:03,0.489,0.3738,Walking,Ligeris,Speeding,2way,1.0,Illegal_Parking,4G,Ethernet,70.0,4.0,0.038,40.307632839075545,21.80809865757098,Unintentional
User_52,2025-05-30 09:24:11,0.399,0.6359,Running,Ligeris,Speeding,1way,0.0,10,3G,-102,82.0,4.0,0.023,40.278502103753006,21.753104760274613,Unintentional
User_06,2025-05-30 09:43:03,0.614,0.6713,Walking,Ligeris,Driving_Under_Influence,2way,1.0,10,5G,-111,42.0,0.0,0.046,40.30515088737952,21.805700627545363,Unintentional
User_74,2025-05-30 10:20:10,0.6,0.3065,Driving,Koila,Driving_Under_Influence,1way,0.0,40,WiFi,-62,60.0,0.0,0.025,40.32167895150979,21.79060912370357,Unintentional
User_66,2025-05-30 14:05:49,0.325,0.6857,Running,Koila,Speeding,1way,0.0,40,3G,-94,70.0,-24.0,0.0048419353063306,40.32199295464573,21.791121622132017,Unintentional
User_92,2025-05-30 14:15:35,0.611,0.6811,Driving,Ligeris,Reckless_Driving,1way,3.0,60,3G,Ethernet,6.0,19.0,0.0057271729697465,40.30622692377462,21.806771814433656,Unintentional
User_38,2025-05-30 19:56:14,0.508,0.4662,Walking,Zep,Speeding,1way,0.0,30,4G,Ethernet,73.0,2.0,0.044,40.30622692377462,21.75396355803174,Unintentional
User_03,2025-05-30 20:03:24,0.381,0.5725,Walking,Koila,Driving_Under_Influence,2way,1.0,10,5G,-100,43.0,-10.0,0.039,40.32163947753816,21.79108432449198,Unintentional
User_83,2025-05-30 20:11:37,0.453,0.5895,Driving,Ligeris,Reckless_Driving,4way,0.0,20,4G,-71,29.0,-6.0,0.033,40.30674391163465,21.807855417068975,Unintentional
User_48,2025-05-30 20:25:31,0.611,0.5193,Walking,Koila,Speeding,2way,0.0,20,4G,Ethernet,48.0,0.0,0.039,40.32059163233134,21.79005566232535,Unintentional
User_81,2025-05-30 21:19:50,0.482,0.5474,Running,Koila,Driving_Under_Influence,1way,1.0,50,WiFi,-87,48.0,18.0,0.0047971751971347,40.3218931987585,21.79053309883962,Unintentional
User_77,2025-05-30 22:51:54,0.347,0.4396,Walking,Ligeris,Driving_Under_Influence,1way,0.0,40,WiFi,-54,42.0,19.0,0.006777277962646,40.30601228077361,21.808126274913143,Unintentional
User_83,2025-05-31 02:40:48,0.453,0.5905,Walking,Koila,Speeding,1way,0.0,40,WiFi,Ethernet,0.0,9.0,0.038,40.30622692377462,21.792697670013094,Unintentional
User_72,2025-05-31 06:30:42,0.697,0.5725,Walking,Ligeris,Reckless_Driving,2way,0.0,40,3G,-58,12.0,0.0,0.024,40.305908714746614,21.806844213867613,Unintentional
User_95,2025-05-31 10:17:28,0.739,0.3903,Walking,Zep,Driving_Under_Influence,2way,1.0,40,3G,Ethernet,93.0,11.0,0.033,40.280556480057555,21.752469399816317,Unintentional
User_88,2025-05-31 10:56:57,0.676,0.334,Running,Koila,Speeding,2way,1.0,40,3G,Ethernet,17.0,-17.0,0.0047491141810516,40.32171334640882,21.789242153224013,Unintentional
User_36,2025-05-31 13:51:01,0.394,0.6359,Running,Ligeris,Driving_Under_Influence,2way,0.0,90,4G,-90,48.0,14.0,0.038,40.306549761342296,21.791258825989416,Unintentional
User_27,2025-05-31 14:11:59,0.319,0.6126,Walking,Koila,Driving_Under_Influence,2way,1.0,80,4G,-114,55.0,0.0,0.035,40.32212540168256,21.79114916263747,Unintentional
User_72,2025-05-31 14:43:18,0.697,0.4022,Walking,Koila,Driving_Under_Influence,1way,0.0,20,3G,Ethernet,86.0,-25.0,0.0057271729697465,40.32198016541163,21.791332600698524,Unintentional
User_67,2025-05-31 16:20:21,0.557,0.4826,Driving,Ligeris,7,2way,2.0,40,5G,-99,89.0,2.0,0.038,40.30721962389301,21.808592306331235,Unintentional
User_34,2025-05-31 17:45:48,0.401,0.4836,Walking,Ligeris,Speeding,2way,1.0,30,4G,-110,25.0,-11.0,0.049,40.32082689427839,21.792775799047593,Unintentional
User_05,2025-05-31 18:48:40,0.311,0.4558,Driving,Ligeris,Reckless_Driving,2way,0.0,30,5G,Ethernet,85.0,7.0,0.03,40.30622692377462,21.792027314348005,Unintentional
User_74,2025-05-31 20:36:22,0.6,0.3085,Walking,Zep,Reckless_Driving,2way,2.0,80,4G,-94,34.0,-25.0,0.0092558775217425,40.27969387199724,21.791258825989416,Unintentional
User_92,2025-05-31 20:52:21,0.611,0.6841,Driving,Koila,Speeding,2way,0.0,50,5G,-75,98.0,19.0,0.0072559219368736,40.30622692377462,21.791432908763337,Unintentional
User_43,2025-05-31 22:46:19,0.255,0.5725,Walking,Ligeris,Speeding,2way,0.0,40,3G,-85,84.0,24.0,0.0078486933915488,40.30746854590849,21.80853691913433,Unintentional
User_45,2025-06-01 00:45:32,0.446,0.3605,Driving,Koila,Speeding,4way,0.0,Lane_Discards,3G,-85,44.0,-16.0,0.044,40.321699828171575,21.789595190388862,Unintentional
User_18,2025-06-01 03:35:37,0.271,0.4454,Driving,Ligeris,Speeding,2way,0.0,90,5G,-109,93.0,-21.0,0.0060319699499618,40.30544631389247,21.80761576617324,Unintentional
User_99,2025-06-01 04:27:21,0.618,0.5093,Running,Koila,Driving_Under_Influence,2way,160.0,70,5G,-100,72.0,22.0,0.0044091178469683,40.32173149284165,21.79186610234387,Unintentional
User_91,2025-06-01 05:34:20,0.409,0.3722,Running,Ligeris,Speeding,2way,1.0,40,4G,-105,23.0,10.0,0.021,40.305746728044305,21.806924063937146,Unintentional
User_13,2025-06-01 07:46:29,0.657,0.4359,Walking,Koila,Speeding,4way,150.0,80,3G,-93,81.0,-24.0,0.0023681722891018,40.32305265317338,21.791740424277226,Unintentional
User_44,2025-06-01 08:06:42,0.332,0.4047,Running,Ligeris,Driving_Under_Influence,2way,1.0,80,WiFi,-59,98.0,-5.0,0.021,40.30506205954027,21.80837839727894,Unintentional
User_10,2025-06-01 08:22:29,0.719,0.5725,Walking,Zep,Speeding,1way,1.0,40,3G,-71,82.0,12.0,0.041,40.2796967899295,21.753678565742945,Unintentional
User_34,2025-06-01 09:46:37,0.401,0.4846,Running,Zep,6,2way,1.0,40,3G,-98,31.0,-25.0,0.0012247534874667,40.28022057372093,21.75369493147568,Unintentional
User_65,2025-06-01 12:43:52,0.578,0.3963,Driving,Zep,Speeding,2way,1.0,50,3G,-66,48.0,18.0,0.0030168410954959,40.27839286375609,21.754941002883765,Unintentional
User_51,2025-06-01 13:52:23,0.708,0.6499,Walking,Ligeris,Speeding,2way,1.0,30,5G,-91,7.0,-17.0,0.006340370424927,40.3211345734374,21.79069430019531,Unintentional
User_11,2025-06-01 16:04:11,0.508,0.4776,Walking,Ligeris,Speeding,1way,1.0,80,3G,-84,23.0,-5.0,0.024,40.32244231597675,21.791199554901343,Unintentional
User_49,2025-06-01 16:04:44,0.483,0.41,Driving,Zep,Speeding,1way,0.0,60,3G,Ethernet,41.0,0.0,0.04,40.27873646683254,21.7547152862801,Unintentional
User_53,2025-06-01 16:51:57,0.364,0.6697,Driving,Koila,Reckless_Driving,4way,1.0,Harassing_Driver,5G,-109,59.0,-24.0,0.0077619246307914,40.32289208662783,21.791258825989416,Unintentional
User_30,2025-06-01 21:18:45,0.577,0.5705,Walking,Zep,Speeding,2way,140.0,20,4G,-109,48.0,-8.0,0.029,40.27902550714473,21.752728146410732,Unintentional
User_75,2025-06-02 01:41:11,0.544,0.5725,Running,Koila,Speeding,2way,1.0,90,WiFi,-78,48.0,-20.0,0.0032442649465249,40.32056362252709,21.79076443232908,Unintentional
User_54,2025-06-02 02:52:17,0.508,0.4511,Running,Koila,Reckless_Driving,2way,0.0,40,4G,-89,48.0,0.0,0.041,40.322442591832846,21.790534254689412,Unintentional
User_73,2025-06-02 02:53:27,0.508,0.6608,Walking,Zep,Speeding,1way,4.0,40,WiFi,-50,95.0,0.0,0.029,40.27911866379244,21.753056785040872,Unintentional
User_30,2025-06-02 04:05:56,0.577,0.5715,Driving,Ligeris,Reckless_Driving,2way,0.0,50,5G,-117,61.0,-4.0,0.043,40.30622692377462,21.806456157945448,Unintentional
User_97,2025-06-02 04:22:17,0.296,0.6609,Walking,Koila,Reckless_Driving,2way,2.0,70,3G,-107,67.0,25.0,0.0029728387036698,40.30622692377462,21.791258825989416,Unintentional
User_06,2025-06-02 06:29:32,0.614,0.6773,Driving,Zep,9,2way,0.0,80,5G,-83,62.0,1.0,0.022,40.27949357056125,21.753219413491667,Unintentional
User_03,2025-06-02 08:12:58,0.508,0.4975,Running,Koila,Reckless_Driving,2way,0.0,80,3G,-82,50.0,18.0,0.0057271729697465,40.32306765814737,21.7921043533781,Unintentional
User_72,2025-06-02 08:52:45,0.697,0.4052,Driving,Ligeris,Speeding,2way,1.0,40,3G,-66,84.0,-22.0,0.0028311000365098,40.30630883793611,21.80891843908436,Unintentional
User_49,2025-06-02 09:14:09,0.483,0.411,Running,Ligeris,Speeding,2way,4.0,20,3G,-90,48.0,-12.0,0.035,40.307305733079104,21.80810522127982,Unintentional
User_90,2025-06-02 11:03:24,0.522,0.3694,Walking,Ligeris,Reckless_Driving,2way,2.0,Lane_Discards,5G,-83,37.0,-13.0,0.031,40.30648191832312,21.80721412511565,Unintentional
User_51,2025-06-02 12:06:36,0.708,0.5725,Walking,Ligeris,Speeding,4way,1.0,30,5G,-81,52.0,-25.0,0.0057271729697465,40.305462345655606,21.807916990156983,Unintentional
User_83,2025-06-02 12:55:06,0.453,0.5945,Driving,Koila,Driving_Under_Influence,2way,1.0,10,WiFi,-76,64.0,21.0,0.0090638164663561,40.32248029662702,21.78913282786191,Unintentional
User_57,2025-06-02 15:06:06,0.733,0.5725,Walking,Koila,Driving_Under_Influence,2way,0.0,40,WiFi,-83,59.0,7.0,0.048,40.321096126846705,21.791258825989416,Unintentional
User_88,2025-06-02 15:14:33,0.676,0.338,Running,Ligeris,Driving_Under_Influence,2way,0.0,70,3G,-77,38.0,18.0,0.0022953729623779,40.27972439981691,21.752826306500623,Unintentional
User_44,2025-06-02 16:27:42,0.332,0.4077,Running,Zep,Driving_Under_Influence,2way,0.0,30,4G,Ethernet,43.0,17.0,0.003735229117882,40.28011052535731,21.751876141891337,Unintentional
User_61,2025-06-02 16:34:14,0.261,0.5725,Running,Zep,Reckless_Driving,2way,0.0,20,WiFi,-77,77.0,-21.0,0.0073503488843404,40.28011849938418,21.75271911337749,Unintentional
User_15,2025-06-02 17:37:53,0.585,0.3374,Walking,Ligeris,Speeding,2way,0.0,30,5G,-119,55.0,-10.0,0.032,40.30638307292815,21.80811309348096,Unintentional
User_98,2025-06-02 20:24:16,0.553,0.5499,Running,Koila,Driving_Under_Influence,2way,1.0,80,5G,Ethernet,20.0,-1.0,0.048,40.323168895348104,21.79236645858346,Unintentional
User_52,2025-06-02 22:38:03,0.399,0.6429,Walking,Ligeris,Reckless_Driving,4way,4.0,70,3G,-106,22.0,-10.0,0.023,40.306270519813744,21.807414286196273,Unintentional
User_34,2025-06-03 00:01:42,0.401,0.4886,Walking,Ligeris,Driving_Under_Influence,2way,1.0,40,WiFi,-83,50.0,-20.0,0.0057072103933665,40.30636237025521,21.807151248677535,Unintentional
User_29,2025-06-03 02:59:29,0.309,0.5276,Walking,Koila,Reckless_Driving,2way,2.0,40,3G,-108,7.0,5.0,0.034,40.32093959023691,21.790997648873756,Unintentional
User_04,2025-06-03 04:11:42,0.295,0.5725,Walking,Koila,Driving_Under_Influence,2way,0.0,40,4G,-81,86.0,-3.0,0.043,40.32267872019036,21.791280588659124,Unintentional
User_66,2025-06-03 05:24:07,0.325,0.6937,Driving,Zep,Speeding,2way,1.0,40,WiFi,-70,48.0,-13.0,0.028,40.277943987148035,21.753197396838193,Unintentional
User_21,2025-06-03 08:00:30,0.64,0.6695,Walking,Koila,Driving_Under_Influence,2way,1.0,70,WiFi,Ethernet,8.0,22.0,0.0097259763130334,40.32240031612109,21.791258825989416,Unintentional
User_29,2025-06-03 09:55:38,0.508,0.5286,Running,Zep,Driving_Under_Influence,2way,1.0,Lane_Discards,4G,-97,18.0,24.0,0.0056558711401096,40.30622692377462,21.753100124086227,Unintentional
User_04,2025-06-03 10:50:04,0.508,0.3689,Driving,Ligeris,Reckless_Driving,2way,1.0,70,3G,-96,48.0,3.0,0.028,40.30535461327798,21.80674845640504,Unintentional
User_40,2025-06-03 12:56:27,0.498,0.5617,Walking,Zep,Reckless_Driving,2way,0.0,40,5G,-91,3.0,23.0,0.0073485040658467,40.28076686094834,21.754480826570376,Unintentional
User_05,2025-06-03 13:01:37,0.311,0.4608,Driving,Koila,Reckless_Driving,2way,0.0,90,3G,-76,48.0,22.0,0.0015313515204539,40.32201281433328,21.791324511838585,Unintentional
User_42,2025-06-03 14:58:14,0.577,0.5722,Driving,Ligeris,Speeding,1way,0.0,10,5G,-120,48.0,16.0,0.034,40.30624111636134,21.807338495700655,Unintentional
User_40,2025-06-03 14:59:47,0.498,0.5725,Walking,Koila,7,4way,2.0,50,WiFi,-58,49.0,-21.0,0.0028685350085756,40.323189487210925,21.791258825989416,Unintentional
User_64,2025-06-03 19:52:52,0.257,0.3206,Driving,Koila,Driving_Under_Influence,2way,1.0,30,WiFi,-72,48.0,21.0,0.0060420640748469,40.32199203301215,21.79160293226609,Unintentional
User_79,2025-06-03 20:02:29,0.426,0.3476,Walking,Ligeris,Reckless_Driving,4way,2.0,80,3G,-88,48.0,0.0,0.04,40.306869643868914,21.80892625124929,Unintentional
User_37,2025-06-03 21:13:29,0.528,0.6439,Running,Ligeris,Driving_Under_Influence,2way,2.0,10,3G,Ethernet,54.0,-22.0,0.0066152558162162,40.30618262093869,21.791258825989416,Unintentional
User_61,2025-06-03 21:15:56,0.261,0.4055,Walking,Ligeris,Reckless_Driving,4way,0.0,30,WiFi,Ethernet,77.0,23.0,0.0064560445550201,40.306434248847665,21.791258825989416,Unintentional
User_77,2025-06-04 01:54:29,0.347,0.4486,Walking,Ligeris,Speeding,2way,2.0,Illegal_Parking,4G,-111,13.0,20.0,0.0057271729697465,40.30619288894956,21.807405571183715,Unintentional
User_17,2025-06-04 06:22:09,0.383,0.5725,Walking,Zep,Speeding,2way,2.0,20,WiFi,Ethernet,78.0,-6.0,0.026,40.279187249967755,21.751969658960174,Unintentional
User_58,2025-06-04 09:26:49,0.669,0.5725,Walking,Zep,Speeding,4way,1.0,30,3G,-92,51.0,-25.0,0.002524998625651,40.279745527250334,21.75418282904443,Unintentional
User_22,2025-06-04 12:49:41,0.712,0.3493,Running,Ligeris,Speeding,2way,1.0,80,3G,-94,49.0,-19.0,0.0057271729697465,40.32222998774462,21.79148561805673,Unintentional
User_33,2025-06-04 16:08:29,0.486,0.4486,Driving,Ligeris,Driving_Under_Influence,1way,2.0,30,WiFi,-52,67.0,-24.0,0.0047828098702392,40.30622692377462,21.791633670714905,Unintentional
User_36,2025-06-04 18:38:21,0.394,0.6449,Driving,Zep,Speeding,1way,1.0,50,3G,-91,48.0,-4.0,0.026,40.27973769047553,21.75483671815089,Unintentional
User_72,2025-06-04 19:46:07,0.508,0.4102,Driving,Zep,Speeding,1way,2.0,40,3G,Ethernet,81.0,-19.0,0.0043865297711847,40.30622692377462,21.753984906049617,Unintentional
User_46,2025-06-04 21:55:03,0.508,0.4959,Walking,Koila,Speeding,1way,1.0,70,5G,-117,28.0,18.0,0.006275711877927,40.30622692377462,21.79132016707123,Unintentional
User_29,2025-06-04 22:34:53,0.508,0.5296,Walking,Ligeris,Reckless_Driving,2way,0.0,90,4G,Ethernet,55.0,23.0,0.0027712410376932,40.30622692377462,21.791258825989416,Unintentional
User_70,2025-06-04 22:35:36,0.508,0.6442,Walking,Ligeris,Driving_Under_Influence,1way,0.0,40,WiFi,-58,88.0,-17.0,0.0031400869210665,40.32221625232207,21.791401854514582,Unintentional
User_73,2025-06-04 22:56:36,0.676,0.5725,Walking,Ligeris,Reckless_Driving,1way,1.0,60,3G,-116,17.0,23.0,0.0076633109046711,40.30797843438584,21.80779771763925,Unintentional
User_81,2025-06-04 23:36:04,0.482,0.5574,Driving,Zep,7,1way,0.0,60,4G,-70,48.0,6.0,0.038,40.27911856463847,21.753849543837777,Unintentional
User_95,2025-06-05 03:05:20,0.739,0.3993,Walking,Zep,Reckless_Driving,1way,1.0,90,4G,-86,31.0,-12.0,0.023,40.27795976673678,21.753087160576587,Unintentional
User_30,2025-06-05 04:57:17,0.577,0.5775,Walking,Zep,Driving_Under_Influence,2way,160.0,40,WiFi,-54,43.0,-10.0,0.042,40.27957477359751,21.753283166776914,Unintentional
User_63,2025-06-05 08:19:53,0.408,0.5304,Walking,Ligeris,Speeding,2way,0.0,90,3G,-83,56.0,-19.0,0.0051582974245091,40.30621212748189,21.80522789778425,Unintentional
User_35,2025-06-05 09:36:26,0.508,0.5176,Walking,Ligeris,Reckless_Driving,2way,0.0,50,WiFi,Ethernet,20.0,24.0,0.0057271729697465,40.306277019711914,21.809644614644,Unintentional
User_40,2025-06-05 11:20:20,0.498,0.5657,Walking,Zep,Speeding,2way,0.0,60,WiFi,-83,84.0,-19.0,0.0014191698986836,40.28048970628276,21.753968218661008,Unintentional
User_08,2025-06-05 12:22:01,0.325,0.6866,Walking,Ligeris,Driving_Under_Influence,2way,0.0,30,3G,-101,48.0,11.0,0.039,40.30668500701661,21.807887794396912,Unintentional
User_70,2025-06-05 13:29:08,0.359,0.5725,Driving,Koila,Speeding,2way,1.0,40,WiFi,Ethernet,51.0,7.0,0.042,40.32267791992328,21.791258825989416,Unintentional
User_42,2025-06-05 16:00:04,0.577,0.5762,Walking,Zep,Speeding,2way,0.0,40,3G,-105,8.0,20.0,0.0092831756814281,40.278928546922046,21.75244143057635,Unintentional
User_65,2025-06-05 18:02:51,0.578,0.4043,Running,Ligeris,Driving_Under_Influence,2way,0.0,Harassing_Driver,3G,-76,60.0,3.0,0.036,40.27954484885836,21.791258825989416,Unintentional
User_91,2025-06-05 18:58:11,0.409,0.3802,Walking,Koila,Driving_Under_Influence,1way,0.0,40,4G,-84,16.0,-25.0,0.0067701921946064,40.30622692377462,21.79132272114103,Unintentional
User_11,2025-06-05 19:36:55,0.508,0.4856,Walking,Koila,Reckless_Driving,1way,0.0,70,WiFi,-57,48.0,21.0,0.0038999295643093,40.32236234759321,21.791389299672694,Unintentional
User_56,2025-06-05 22:31:34,0.508,0.4876,Driving,Ligeris,Driving_Under_Influence,1way,1.0,20,WiFi,-71,49.0,-12.0,0.03,40.30746664301352,21.807376781491893,Unintentional
User_03,2025-06-06 00:17:42,0.381,0.5045,Driving,Ligeris,Driving_Under_Influence,2way,1.0,50,4G,-70,87.0,-22.0,0.0064309001066583,40.30650163930748,21.80736931232637,Unintentional
User_75,2025-06-06 01:30:06,0.508,0.6544,Walking,Koila,Speeding,2way,1.0,130,WiFi,-60,33.0,-21.0,0.0042613101777791,40.323031165160245,21.791258825989416,Unintentional
User_13,2025-06-06 03:57:35,0.508,0.4449,Walking,Zep,Speeding,1way,0.0,10,3G,-87,24.0,-19.0,0.0089264492627578,40.27898236054108,21.75222406777434,Unintentional
User_46,2025-06-06 04:42:17,0.621,0.5009,Driving,Zep,Driving_Under_Influence,1way,1.0,70,WiFi,-79,13.0,16.0,0.047,40.30622692377462,21.754188055319936,Unintentional
User_84,2025-06-06 08:38:17,0.689,0.4896,Running,Koila,Speeding,4way,0.0,60,3G,-76,50.0,-19.0,0.0034176826971842,40.30622692377462,21.790781272509857,Unintentional
User_39,2025-06-06 10:36:36,0.685,0.5748,Walking,Koila,Speeding,2way,160.0,10,3G,-87,48.0,-13.0,0.023,40.30622692377462,21.79230935648506,Unintentional
User_07,2025-06-06 10:47:30,0.508,0.568,Running,Koila,Reckless_Driving,2way,0.0,30,4G,Ethernet,48.0,12.0,0.034,40.321231781971846,21.790240472762623,Unintentional
User_61,2025-06-06 11:59:57,0.261,0.5725,Running,Koila,Reckless_Driving,2way,1.0,40,5G,-93,35.0,-15.0,0.031,40.30622692377462,21.79081383709983,Unintentional
User_11,2025-06-06 14:02:45,0.539,0.4866,Walking,Koila,Speeding,4way,1.0,40,WiFi,Ethernet,26.0,7.0,0.021,40.32062686228533,21.792385623433542,Unintentional
User_74,2025-06-06 15:23:27,0.6,0.3215,Walking,Ligeris,Reckless_Driving,2way,0.0,40,3G,-68,48.0,3.0,0.028,40.30641571188768,21.80733945566084,Unintentional
User_49,2025-06-06 19:51:46,0.483,0.42,Walking,Koila,Reckless_Driving,4way,2.0,60,3G,-94,48.0,0.0,0.026,40.32244151249601,21.791258825989416,Unintentional
User_93,2025-06-06 22:44:58,0.418,0.4161,Running,Ligeris,Speeding,2way,2.0,90,4G,-83,48.0,-24.0,0.0097040612154658,40.30597213215297,21.807578298604227,Unintentional
User_97,2025-06-06 23:33:46,0.508,0.6699,Driving,Koila,Speeding,1way,0.0,40,4G,Ethernet,42.0,-25.0,0.009590974501767,40.32113832229583,21.78929945556559,Unintentional
User_70,2025-06-07 01:02:11,0.359,0.6492,Running,Koila,Speeding,2way,1.0,70,4G,-119,35.0,9.0,0.03,40.32144644505253,21.791165096841585,Unintentional
User_14,2025-06-07 01:39:34,0.549,0.3307,Driving,Koila,Speeding,2way,0.0,40,WiFi,-65,36.0,-23.0,0.0057271729697465,40.32334234413296,21.79259216745436,Unintentional
User_24,2025-06-07 02:01:17,0.7,0.5725,Driving,Zep,Driving_Under_Influence,2way,1.0,40,3G,Ethernet,17.0,4.0,0.023,40.27959168740928,21.753467471799237,Unintentional
User_39,2025-06-07 03:10:25,0.508,0.5768,Running,Zep,Reckless_Driving,2way,2.0,Harassing_Driver,WiFi,Ethernet,63.0,24.0,0.0079349546525948,40.28000778167486,21.752896803698462,Unintentional
User_65,2025-06-07 03:18:06,0.578,0.4073,Running,Ligeris,Reckless_Driving,4way,3.0,60,WiFi,Ethernet,93.0,13.0,0.041,40.30604733138541,21.808393781915683,Unintentional
User_43,2025-06-07 03:42:31,0.255,0.5883,Driving,Ligeris,Speeding,1way,1.0,20,5G,-78,76.0,0.0,0.031,40.30771984414013,21.80835916587585,Unintentional
User_20,2025-06-07 06:34:41,0.686,0.6434,Running,Zep,Reckless_Driving,1way,0.0,20,4G,-93,63.0,21.0,0.0044534111548058,40.27920162010736,21.75266453454184,Unintentional
User_22,2025-06-07 07:49:18,0.712,0.3553,Driving,Zep,Speeding,2way,140.0,40,3G,Ethernet,78.0,-10.0,0.042,40.279732518870915,21.753513356171037,Unintentional
User_09,2025-06-07 10:07:05,0.377,0.6928,Running,Ligeris,Speeding,2way,1.0,60,4G,-111,15.0,4.0,0.036,40.30622692377462,21.80618116686087,Unintentional
User_28,2025-06-07 10:38:16,0.561,0.4165,Running,Ligeris,Driving_Under_Influence,2way,1.0,40,5G,-82,66.0,-22.0,0.0087251855851242,40.30757503439817,21.791258825989416,Unintentional
User_93,2025-06-07 11:18:26,0.418,0.4171,Running,Zep,Driving_Under_Influence,2way,1.0,60,WiFi,-68,69.0,0.0,0.041,40.27817407794909,21.75254465787489,Unintentional
User_02,2025-06-07 13:16:55,0.508,0.4998,Driving,Ligeris,Speeding,1way,1.0,30,WiFi,Ethernet,83.0,-2.0,0.033,40.306200185438435,21.80778334428937,Unintentional
User_13,2025-06-07 16:16:41,0.657,0.4469,Walking,Koila,Driving_Under_Influence,2way,0.0,70,4G,-93,64.0,-6.0,0.023,40.32209022675461,21.791258825989416,Unintentional
User_13,2025-06-07 16:24:31,0.657,0.4479,Running,Ligeris,Driving_Under_Influence,1way,5.0,50,4G,-111,7.0,-24.0,0.0066462838662794,40.30512893857164,21.806134675074045,Unintentional
User_80,2025-06-07 19:49:41,0.313,0.5275,Running,Zep,Reckless_Driving,1way,0.0,Lane_Discards,5G,-74,81.0,-7.0,0.023,40.279303640224605,21.75374148598416,Unintentional
User_55,2025-06-07 23:46:25,0.489,0.3898,Driving,Ligeris,Driving_Under_Influence,2way,1.0,30,5G,-107,16.0,19.0,0.0064714020000168,40.30622692377462,21.807318457105897,Unintentional
User_53,2025-06-08 00:27:39,0.364,0.6837,Walking,Ligeris,Speeding,1way,2.0,40,WiFi,-59,48.0,-19.0,0.0012473533595566,40.30622692377462,21.808824759694172,Unintentional
User_25,2025-06-08 06:13:12,0.627,0.3743,Running,Ligeris,Driving_Under_Influence,4way,1.0,20,5G,-102,37.0,-18.0,0.0035424803175788,40.30628327910321,21.80746690723314,Unintentional
User_66,2025-06-08 06:15:02,0.325,0.7027,Walking,Zep,Driving_Under_Influence,2way,0.0,70,4G,-76,23.0,6.0,0.021,40.27997815074935,21.75237879540283,Unintentional
User_51,2025-06-08 07:46:07,0.708,0.5725,Walking,Ligeris,Speeding,4way,1.0,Illegal_Parking,5G,-82,71.0,14.0,0.039,40.306658444369525,21.805535447886964,Unintentional
User_83,2025-06-08 08:23:03,0.453,0.6065,Running,Ligeris,7,2way,0.0,70,5G,-97,49.0,17.0,0.0057271729697465,40.30636572823203,21.80632369382675,Unintentional
User_79,2025-06-08 12:52:26,0.426,0.5725,Running,Ligeris,Reckless_Driving,2way,1.0,10,3G,-100,64.0,7.0,0.036,40.30546877034349,21.806274083922425,Unintentional
User_15,2025-06-08 13:52:29,0.585,0.3484,Driving,Ligeris,Speeding,2way,3.0,70,4G,-115,6.0,-4.0,0.03,40.305207655066006,21.809343327619057,Unintentional
User_32,2025-06-08 13:55:11,0.694,0.6178,Driving,Koila,Reckless_Driving,2way,0.0,50,WiFi,-66,47.0,-13.0,0.023,40.32229379514268,21.790073101976247,Unintentional
User_32,2025-06-09 00:42:14,0.694,0.6198,Walking,Koila,Speeding,2way,0.0,40,4G,Ethernet,19.0,-1.0,0.044,40.32232100825177,21.791258825989416,Unintentional
User_24,2025-06-09 00:53:04,0.7,0.543,Running,Ligeris,Driving_Under_Influence,4way,150.0,40,4G,Ethernet,13.0,3.0,0.048,40.30751385665731,21.807342480232432,Unintentional
User_06,2025-06-09 01:09:28,0.614,0.6913,Walking,Koila,Speeding,4way,1.0,60,WiFi,-82,43.0,22.0,0.0057271729697465,40.32220562053641,21.79154178707133,Unintentional
User_65,2025-06-09 03:12:11,0.578,0.5725,Running,Ligeris,7,1way,1.0,40,4G,-85,62.0,-24.0,0.0028147250016626,40.30498548023864,21.806394327970196,Unintentional
User_07,2025-06-09 04:08:14,0.319,0.573,Walking,Ligeris,Driving_Under_Influence,4way,3.0,40,5G,Ethernet,11.0,23.0,0.0057271729697465,40.304700910908274,21.80631394559884,Unintentional
User_96,2025-06-09 04:08:22,0.722,0.3336,Walking,Koila,Speeding,1way,0.0,80,4G,-92,11.0,-9.0,0.038,40.32260471755721,21.792004472011257,Unintentional
User_19,2025-06-09 07:29:02,0.384,0.6573,Walking,Ligeris,Speeding,4way,1.0,40,5G,-115,73.0,14.0,0.044,40.305978461607616,21.807052951675676,Unintentional
User_33,2025-06-09 07:41:07,0.486,0.4586,Walking,Ligeris,Speeding,1way,0.0,70,WiFi,-78,13.0,5.0,0.035,40.27917108279847,21.751874328332605,Unintentional
User_66,2025-06-09 08:09:37,0.325,0.7047,Walking,Ligeris,Driving_Under_Influence,2way,1.0,70,4G,-118,48.0,21.0,0.0070612095573188,40.30622692377462,21.80791492010413,Unintentional
User_34,2025-06-09 08:43:00,0.401,0.5725,Driving,Zep,Speeding,1way,2.0,60,5G,-94,35.0,0.0,0.027,40.2809741498063,21.753507559036606,Unintentional
User_51,2025-06-09 11:11:19,0.708,0.6659,Running,Zep,Speeding,1way,0.0,60,3G,-87,19.0,6.0,0.025,40.27986830224549,21.755118089928107,Unintentional
User_57,2025-06-09 15:23:38,0.733,0.4364,Running,Koila,Reckless_Driving,2way,4.0,Lane_Discards,4G,-91,71.0,-15.0,0.048,40.32335557453891,21.792576975288068,Unintentional
User_68,2025-06-09 16:36:34,0.736,0.5725,Running,Ligeris,Speeding,4way,2.0,70,5G,-120,46.0,24.0,0.0090443645985039,40.3047523481891,21.791258825989416,Unintentional
User_09,2025-06-09 16:47:24,0.508,0.6978,Driving,Zep,Driving_Under_Influence,2way,1.0,40,4G,-88,5.0,21.0,0.0027068106041399,40.30622692377462,21.753338619124843,Unintentional
User_58,2025-06-09 18:37:25,0.669,0.452,Walking,Koila,Reckless_Driving,2way,1.0,40,3G,-118,57.0,-24.0,0.003428988263338,40.32068719702591,21.79200626559391,Unintentional
User_70,2025-06-09 19:20:36,0.359,0.6542,Walking,Ligeris,Reckless_Driving,2way,5.0,70,3G,Ethernet,81.0,24.0,0.0087229519951983,40.30622692377462,21.79103688723401,Unintentional
User_69,2025-06-09 19:24:08,0.289,0.5725,Driving,Koila,9,2way,1.0,50,4G,-89,27.0,3.0,0.03,40.32238029091744,21.79028728590059,Unintentional
User_69,2025-06-09 19:56:20,0.289,0.4696,Walking,Ligeris,Reckless_Driving,2way,1.0,20,3G,-79,6.0,21.0,0.0091611514475823,40.30710561375507,21.791258825989416,Unintentional
User_61,2025-06-10 01:11:22,0.261,0.4195,Driving,Zep,Driving_Under_Influence,2way,1.0,50,4G,Ethernet,88.0,0.0,0.04,40.279282958439,21.752865740393485,Unintentional
User_32,2025-06-10 04:13:46,0.694,0.5725,Driving,Zep,Driving_Under_Influence,2way,1.0,40,4G,Ethernet,74.0,16.0,0.043,40.27934891429261,21.754837539932456,Unintentional
User_16,2025-06-10 04:30:41,0.508,0.5725,Running,Zep,Reckless_Driving,1way,0.0,70,3G,-81,48.0,0.0,0.025,40.2791472762983,21.755424732701453,Unintentional
User_88,2025-06-10 05:41:13,0.676,0.353,Running,Ligeris,Speeding,1way,2.0,20,5G,-76,19.0,-3.0,0.032,40.30705948438846,21.805704021860823,Unintentional
User_63,2025-06-10 06:39:11,0.508,0.5404,Driving,Koila,Speeding,1way,2.0,80,3G,-75,76.0,-7.0,0.046,40.3223180024053,21.789182106284223,Unintentional
User_70,2025-06-10 08:28:52,0.508,0.6562,Running,Koila,Speeding,4way,1.0,60,4G,-74,34.0,-11.0,0.03,40.32329318434744,21.790369403711992,Unintentional
User_58,2025-06-10 08:54:27,0.669,0.5725,Running,Zep,Speeding,2way,1.0,20,4G,Ethernet,12.0,0.0,0.041,40.279581797387294,21.753365313226293,Unintentional
User_63,2025-06-10 09:41:32,0.408,0.5414,Walking,Zep,Driving_Under_Influence,4way,1.0,60,4G,-115,76.0,0.0,0.043,40.27967643096607,21.752221251267617,Unintentional
User_29,2025-06-10 14:29:50,0.309,0.5416,Driving,Ligeris,Reckless_Driving,1way,4.0,50,5G,-83,60.0,-22.0,0.0028322077917798,40.305254401122525,21.807160436883507,Unintentional
User_66,2025-06-10 14:39:06,0.325,0.7067,Driving,Zep,Reckless_Driving,1way,0.0,80,WiFi,-83,88.0,25.0,0.0040441306026636,40.30622692377462,21.75376782307331,Unintentional
User_14,2025-06-10 20:13:21,0.549,0.3377,Running,Zep,Speeding,2way,0.0,90,3G,-94,7.0,14.0,0.034,40.27971762264104,21.75532097622554,Unintentional
User_98,2025-06-10 20:28:07,0.553,0.5659,Driving,Koila,Driving_Under_Influence,2way,2.0,30,5G,-118,97.0,0.0,0.037,40.32304810984136,21.791094424315546,Unintentional
User_68,2025-06-10 20:47:16,0.736,0.6355,Walking,Ligeris,Speeding,2way,1.0,40,3G,-82,48.0,-22.0,0.0056645360630623,40.30622692377462,21.80587878689031,Unintentional
User_89,2025-06-10 22:34:28,0.485,0.6283,Running,Ligeris,Reckless_Driving,2way,0.0,70,WiFi,-66,37.0,21.0,0.0057271729697465,40.30691212449682,21.80891357943382,Unintentional
User_53,2025-06-11 00:12:43,0.364,0.6897,Driving,Ligeris,Reckless_Driving,2way,3.0,10,3G,-90,27.0,-16.0,0.033,40.306680360263904,21.80750615721909,Unintentional
User_75,2025-06-11 03:22:54,0.544,0.6654,Walking,Koila,Speeding,1way,1.0,40,5G,-79,2.0,-1.0,0.024,40.30622692377462,21.78926880957447,Unintentional
User_96,2025-06-11 03:31:34,0.722,0.3376,Walking,Ligeris,9,2way,1.0,30,5G,-105,36.0,-17.0,0.0059303013974479,40.30795757425944,21.80763872408722,Unintentional
User_95,2025-06-11 03:44:46,0.739,0.4113,Driving,Zep,Reckless_Driving,2way,0.0,60,WiFi,Ethernet,59.0,2.0,0.044,40.279806195688245,21.75294341793408,Unintentional
User_80,2025-06-11 03:53:10,0.313,0.5365,Driving,Koila,Reckless_Driving,2way,0.0,120,WiFi,-77,5.0,-21.0,0.0027030934054326,40.30622692377462,21.791132400411037,Unintentional
User_41,2025-06-11 04:08:17,0.251,0.5835,Running,Ligeris,Driving_Under_Influence,2way,1.0,30,5G,-86,28.0,-12.0,0.029,40.30622692377462,21.791258825989416,Unintentional
User_74,2025-06-11 05:39:46,0.6,0.5725,Driving,Koila,Speeding,2way,0.0,70,5G,-77,16.0,15.0,0.028,40.32231017513534,21.789531645729596,Unintentional
User_22,2025-06-11 06:43:13,0.712,0.5725,Walking,Koila,Driving_Under_Influence,2way,0.0,10,3G,-93,12.0,-20.0,0.0012271672035946,40.32192196300927,21.791258825989416,Unintentional
User_34,2025-06-11 09:46:09,0.401,0.5056,Driving,Ligeris,7,1way,1.0,40,WiFi,-62,13.0,-21.0,0.0087102306121854,40.32206934491418,21.79094438781967,Unintentional
User_12,2025-06-11 10:33:30,0.251,0.3437,Driving,Ligeris,Reckless_Driving,2way,4.0,40,4G,-81,40.0,22.0,0.0083077016133787,40.305652241233766,21.807271604571376,Unintentional
User_13,2025-06-11 11:47:37,0.508,0.4559,Walking,Koila,Reckless_Driving,4way,150.0,90,4G,Ethernet,98.0,-4.0,0.023,40.32349565985255,21.78998666398218,Unintentional
User_27,2025-06-11 14:26:39,0.319,0.6346,Walking,Koila,Speeding,4way,1.0,30,5G,Ethernet,48.0,2.0,0.042,40.32294404499005,21.792690332288547,Unintentional
User_30,2025-06-11 16:10:56,0.577,0.5725,Walking,Koila,Driving_Under_Influence,4way,1.0,50,5G,-81,42.0,0.0,0.027,40.32202347132896,21.791608074160933,Unintentional
User_08,2025-06-11 18:33:00,0.325,0.6996,Walking,Koila,Driving_Under_Influence,2way,1.0,60,3G,-112,22.0,19.0,0.0057271729697465,40.30622692377462,21.79059769638091,Unintentional
User_72,2025-06-11 18:43:37,0.697,0.4232,Driving,Ligeris,Reckless_Driving,2way,1.0,20,3G,-119,40.0,20.0,0.0064421568877233,40.30622692377462,21.80822098706981,Unintentional
User_50,2025-06-11 23:38:29,0.477,0.6507,Running,Koila,Reckless_Driving,2way,0.0,80,WiFi,-76,63.0,-23.0,0.0092121583252024,40.321446748930285,21.792564937183528,Unintentional
User_36,2025-06-12 00:05:11,0.508,0.6599,Running,Koila,Driving_Under_Influence,2way,0.0,80,4G,-83,2.0,-16.0,0.032,40.32180187849026,21.789890511960845,Unintentional
User_91,2025-06-12 01:20:14,0.409,0.3932,Running,Ligeris,Driving_Under_Influence,2way,1.0,40,WiFi,Ethernet,76.0,24.0,0.0091611078010879,40.30519724917006,21.806501110379887,Unintentional
User_86,2025-06-12 02:13:39,0.63,0.5923,Driving,Ligeris,Reckless_Driving,2way,2.0,20,3G,-113,67.0,-18.0,0.0057271729697465,40.30650595337255,21.8056469269166,Unintentional
User_60,2025-06-12 03:12:55,0.602,0.6296,Driving,Ligeris,Speeding,4way,0.0,10,WiFi,-88,30.0,19.0,0.0011013854686185,40.30607511642506,21.80741062998454,Unintentional
User_82,2025-06-12 06:49:22,0.499,0.6824,Walking,Ligeris,Reckless_Driving,1way,1.0,20,WiFi,-61,34.0,-17.0,0.003322931089031,40.30689301482931,21.791258825989416,Unintentional
User_11,2025-06-12 12:52:01,0.539,0.4996,Running,Ligeris,Speeding,1way,0.0,40,3G,-117,20.0,-12.0,0.038,40.305696290989616,21.808128287835135,Unintentional
User_55,2025-06-12 13:00:42,0.489,0.3998,Driving,Ligeris,Speeding,2way,1.0,20,3G,Ethernet,6.0,-2.0,0.049,40.30562409498546,21.807274905993953,Unintentional
User_41,2025-06-12 14:35:51,0.251,0.5865,Walking,Zep,Speeding,2way,0.0,60,WiFi,-88,48.0,20.0,0.0037701746011778,40.27975707550591,21.753657805073416,Unintentional
User_40,2025-06-12 14:38:47,0.498,0.5807,Driving,Ligeris,Driving_Under_Influence,2way,150.0,40,3G,-99,94.0,18.0,0.0039182260916587,40.30622692377462,21.80579594966227,Unintentional
User_88,2025-06-12 17:21:07,0.676,0.358,Walking,Zep,Reckless_Driving,2way,1.0,30,4G,-111,86.0,-10.0,0.03,40.28041963751892,21.752146011929536,Unintentional
User_69,2025-06-12 20:01:05,0.289,0.4756,Driving,Zep,Driving_Under_Influence,2way,0.0,80,5G,-109,47.0,-18.0,0.0068294781711782,40.27931892820293,21.753301094068636,Unintentional
User_17,2025-06-12 20:28:02,0.383,0.3502,Walking,Ligeris,Reckless_Driving,1way,0.0,40,5G,-96,28.0,12.0,0.043,40.306436753000355,21.80739352108743,Unintentional
User_24,2025-06-12 21:17:06,0.7,0.5725,Driving,Zep,9,2way,1.0,80,3G,-69,48.0,-8.0,0.023,40.30622692377462,21.753998907928622,Unintentional
User_25,2025-06-12 21:51:41,0.627,0.5725,Walking,Zep,Speeding,2way,0.0,10,WiFi,Ethernet,81.0,-5.0,0.037,40.28004220986923,21.752221595556097,Unintentional
User_78,2025-06-12 22:01:07,0.64,0.4256,Driving,Ligeris,Speeding,2way,3.0,20,5G,-77,48.0,4.0,0.042,40.30571957954164,21.791258825989416,Unintentional
User_10,2025-06-12 22:54:11,0.508,0.6443,Driving,Koila,Speeding,2way,160.0,40,3G,Ethernet,48.0,-20.0,0.0098975434511372,40.32256758093549,21.7910899889533,Unintentional
User_16,2025-06-13 01:35:16,0.438,0.4519,Driving,Ligeris,Driving_Under_Influence,2way,3.0,40,WiFi,-53,20.0,-22.0,0.0035112010203638,40.305710821734905,21.806369671311845,Unintentional
User_50,2025-06-13 03:42:44,0.477,0.6537,Driving,Ligeris,Speeding,1way,1.0,20,WiFi,-50,19.0,19.0,0.0011654073730094,40.30518235306474,21.791258825989416,Unintentional
User_100,2025-06-13 09:24:11,0.592,0.5261,Walking,Koila,Speeding,2way,150.0,20,WiFi,-75,54.0,21.0,0.0045012221718244,40.3227645511143,21.792988993248365,Unintentional
User_46,2025-06-13 10:08:54,0.508,0.5139,Walking,Ligeris,Reckless_Driving,2way,0.0,90,4G,-97,65.0,-25.0,0.0056116726965102,40.32324371789688,21.790656312710585,Unintentional
User_55,2025-06-13 11:17:21,0.508,0.4008,Walking,Koila,9,4way,1.0,30,WiFi,-59,4.0,-20.0,0.0096577590427384,40.32168907955553,21.79058449148941,Unintentional
User_14,2025-06-13 11:33:04,0.549,0.3427,Running,Ligeris,Reckless_Driving,1way,0.0,80,WiFi,-60,8.0,-8.0,0.024,40.32139879749889,21.791073440148732,Unintentional
User_14,2025-06-13 20:21:23,0.549,0.3437,Walking,Ligeris,Speeding,1way,0.0,10,WiFi,-80,42.0,-8.0,0.027,40.30622692377462,21.75356746351886,Unintentional
User_80,2025-06-13 20:47:13,0.508,0.5725,Running,Zep,Speeding,2way,1.0,30,3G,-56,64.0,-6.0,0.024,40.27885604659943,21.753961337876618,Unintentional
User_83,2025-06-13 21:52:34,0.453,0.6175,Running,Ligeris,Reckless_Driving,1way,0.0,80,5G,-100,48.0,0.0,0.037,40.30622692377462,21.80665764802182,Unintentional
User_23,2025-06-14 01:03:48,0.669,0.5725,Running,Koila,9,2way,3.0,70,WiFi,-79,83.0,20.0,0.0010820669349233,40.32190581878457,21.791357714074906,Unintentional
User_46,2025-06-14 05:16:10,0.621,0.5169,Running,Zep,Driving_Under_Influence,2way,0.0,20,3G,-78,66.0,-25.0,0.0080950675369628,40.27952761618237,21.752824078524498,Unintentional
User_49,2025-06-14 05:49:56,0.508,0.435,Driving,Zep,Driving_Under_Influence,2way,1.0,40,WiFi,-73,56.0,-24.0,0.0057271729697465,40.279574696257406,21.7537105087055,Unintentional
User_08,2025-06-14 05:58:58,0.325,0.7056,Running,Ligeris,Reckless_Driving,2way,1.0,70,5G,-92,48.0,-19.0,0.0052829271208878,40.305851465313175,21.809655187907214,Unintentional
User_70,2025-06-14 06:40:08,0.359,0.6632,Walking,Koila,Driving_Under_Influence,2way,0.0,Lane_Discards,4G,-105,48.0,-24.0,0.0010843081867311,40.32150852516336,21.792219469658605,Unintentional
User_67,2025-06-14 07:54:25,0.557,0.5106,Driving,Koila,Speeding,2way,1.0,30,4G,-99,76.0,-6.0,0.046,40.32184083911508,21.791258825989416,Unintentional
User_30,2025-06-14 08:50:21,0.577,0.5955,Driving,Zep,Driving_Under_Influence,4way,0.0,20,3G,-82,87.0,-17.0,0.0049733348809414,40.27971710571135,21.791258825989416,Unintentional
User_19,2025-06-14 09:18:29,0.384,0.6683,Walking,Ligeris,9,4way,1.0,10,3G,-95,76.0,-21.0,0.0017507643267973,40.30690767771541,21.807298741618652,Unintentional
User_74,2025-06-14 10:40:39,0.6,0.3375,Walking,Zep,Reckless_Driving,4way,2.0,60,3G,-104,100.0,22.0,0.007888377773685,40.27981832048911,21.752725051741866,Unintentional
User_37,2025-06-14 12:33:55,0.508,0.6659,Driving,Zep,Reckless_Driving,1way,2.0,50,3G,Ethernet,57.0,-9.0,0.028,40.28007180368621,21.753757835655364,Unintentional
User_18,2025-06-14 15:28:55,0.271,0.4724,Walking,Zep,Speeding,1way,1.0,40,5G,-117,58.0,17.0,0.0057271729697465,40.279000520345846,21.791258825989416,Unintentional
User_97,2025-06-14 15:40:16,0.296,0.6849,Driving,Ligeris,Speeding,2way,0.0,60,3G,-90,62.0,-25.0,0.0087348804327336,40.30623667852229,21.791258825989416,Unintentional
User_63,2025-06-14 21:46:09,0.408,0.5494,Running,Koila,Reckless_Driving,4way,140.0,80,4G,Ethernet,68.0,0.0,0.039,40.32164974159908,21.7896342391133,Unintentional
User_20,2025-06-14 22:41:48,0.686,0.6574,Walking,Ligeris,Driving_Under_Influence,2way,4.0,80,WiFi,-83,48.0,-25.0,0.0035156690369313,40.30613251498235,21.807597733857083,Unintentional
User_76,2025-06-15 02:41:03,0.349,0.7046,Walking,Zep,Speeding,4way,3.0,90,3G,-115,0.0,-24.0,0.0052765013703233,40.28005943203759,21.753619579529964,Unintentional
User_93,2025-06-15 03:40:31,0.418,0.4331,Walking,Zep,Speeding,4way,0.0,40,3G,-50,68.0,-11.0,0.028,40.27980745917891,21.791258825989416,Unintentional
User_61,2025-06-15 03:51:49,0.261,0.4285,Walking,Ligeris,Speeding,2way,0.0,40,3G,-87,1.0,-23.0,0.0046566917694332,40.323425302516405,21.792088056330684,Unintentional
User_36,2025-06-15 03:59:38,0.394,0.6659,Walking,Ligeris,Speeding,1way,1.0,80,4G,-120,71.0,-7.0,0.026,40.304698948353675,21.80768711871933,Unintentional
User_23,2025-06-15 09:35:04,0.669,0.6946,Walking,Koila,Reckless_Driving,1way,1.0,80,WiFi,-53,41.0,-23.0,0.0050600651094529,40.32368262611294,21.79226241809656,Unintentional
User_85,2025-06-15 10:06:33,0.572,0.7272,Running,Koila,Speeding,2way,1.0,50,4G,-115,48.0,-25.0,0.0024405900190983,40.322309254075115,21.789501442020153,Unintentional
User_01,2025-06-15 10:20:34,0.618,0.6485,Running,Koila,Reckless_Driving,1way,2.0,Harassing_Driver,WiFi,-80,70.0,-13.0,0.031,40.32210606517575,21.791336928407343,Unintentional
User_53,2025-06-15 12:33:32,0.364,0.6977,Driving,Zep,Reckless_Driving,4way,1.0,30,5G,-112,3.0,-23.0,0.0057271729697465,40.27933994244211,21.753157998789447,Unintentional
User_17,2025-06-15 15:13:25,0.383,0.5725,Running,Zep,Reckless_Driving,2way,5.0,80,3G,-93,48.0,11.0,0.043,40.27958883073126,21.7544409952577,Unintentional
User_52,2025-06-15 15:33:23,0.399,0.6679,Driving,Zep,Driving_Under_Influence,2way,1.0,40,4G,-98,24.0,18.0,0.0057271729697465,40.28085019244682,21.75488959303764,Unintentional
User_22,2025-06-15 17:04:02,0.712,0.3713,Running,Zep,Driving_Under_Influence,2way,0.0,40,5G,-89,41.0,-4.0,0.043,40.28082245896885,21.75174705170503,Unintentional
User_85,2025-06-15 17:46:03,0.572,0.5725,Walking,Koila,Driving_Under_Influence,1way,150.0,60,WiFi,-70,4.0,-6.0,0.047,40.3211099267438,21.79117848512804,Unintentional
User_12,2025-06-15 19:06:36,0.508,0.3527,Walking,Ligeris,Speeding,2way,0.0,90,3G,-79,30.0,0.0,0.042,40.30716800231568,21.806967202220797,Unintentional
User_15,2025-06-15 20:03:58,0.585,0.3624,Driving,Koila,Reckless_Driving,2way,0.0,40,3G,-82,97.0,0.0,0.039,40.32056996664939,21.791198400093418,Unintentional
User_99,2025-06-15 20:24:03,0.618,0.5383,Walking,Ligeris,Driving_Under_Influence,2way,0.0,10,WiFi,Ethernet,65.0,20.0,0.0027408687959235,40.30622692377462,21.754296957005096,Unintentional
User_15,2025-06-15 22:17:34,0.585,0.3634,Walking,Ligeris,Speeding,2way,0.0,40,5G,-117,16.0,2.0,0.036,40.30555852240331,21.806567020107412,Unintentional
User_85,2025-06-16 03:06:01,0.572,0.5725,Driving,Ligeris,Speeding,4way,1.0,50,WiFi,-50,33.0,14.0,0.031,40.30635723877987,21.80851108119489,Unintentional
User_15,2025-06-16 03:18:50,0.585,0.3644,Running,Ligeris,8,2way,1.0,30,4G,-103,95.0,21.0,0.0088189347054895,40.281047761861046,21.75251480220188,Unintentional
User_32,2025-06-16 03:52:41,0.508,0.5725,Walking,Zep,Speeding,2way,2.0,20,3G,-71,68.0,25.0,0.0024081101696615,40.28117698299352,21.753716177576266,Unintentional
User_59,2025-06-16 05:12:34,0.696,0.7008,Running,Ligeris,Speeding,2way,160.0,40,3G,-78,17.0,24.0,0.0045024681484379,40.30594640058008,21.807593248752887,Unintentional
User_74,2025-06-16 08:08:25,0.6,0.5725,Walking,Zep,6,1way,0.0,30,3G,-96,13.0,-13.0,0.044,40.27841293453445,21.791258825989416,Unintentional
User_13,2025-06-16 08:09:40,0.657,0.4649,Walking,Zep,Speeding,2way,1.0,40,3G,-105,22.0,0.0,0.041,40.28016799210251,21.752588692142755,Unintentional
User_45,2025-06-16 09:43:34,0.446,0.5725,Walking,Ligeris,Driving_Under_Influence,1way,1.0,30,3G,-106,16.0,-14.0,0.026,40.30533507737765,21.806810769579037,Unintentional
User_86,2025-06-16 10:06:50,0.63,0.5725,Walking,Zep,Driving_Under_Influence,4way,0.0,10,4G,-82,28.0,10.0,0.036,40.27854685096801,21.753901883070355,Unintentional
User_43,2025-06-16 10:20:07,0.255,0.6073,Driving,Zep,Speeding,2way,1.0,80,WiFi,-58,65.0,13.0,0.049,40.27795466377541,21.752226524160932,Unintentional
User_25,2025-06-16 15:47:27,0.627,0.3913,Walking,Ligeris,Speeding,2way,0.0,80,3G,-97,71.0,-25.0,0.0050879950900194,40.307380090279146,21.807082774925096,Unintentional
User_36,2025-06-16 17:00:21,0.508,0.6679,Running,Ligeris,Driving_Under_Influence,2way,0.0,Harassing_Driver,5G,-83,46.0,5.0,0.037,40.30583911583167,21.80748059231209,Unintentional
User_27,2025-06-16 18:04:57,0.319,0.5725,Running,Zep,Speeding,2way,0.0,30,WiFi,-61,48.0,-20.0,0.0041780866381708,40.27948362349287,21.751743233029934,Unintentional
User_02,2025-06-16 18:18:44,0.508,0.5188,Driving,Zep,Driving_Under_Influence,1way,0.0,40,3G,-96,63.0,-23.0,0.0064765093988738,40.278532905307195,21.75331112909352,Unintentional
User_92,2025-06-16 19:09:22,0.611,0.7161,Running,Koila,Reckless_Driving,4way,0.0,20,4G,-109,3.0,-17.0,0.0087404929008374,40.32147697120512,21.792392958724783,Unintentional
User_81,2025-06-16 23:43:16,0.482,0.5814,Walking,Zep,Speeding,2way,0.0,40,4G,-83,48.0,4.0,0.035,40.27960801846761,21.75314146778892,Unintentional
User_26,2025-06-17 03:02:54,0.508,0.4912,Walking,Koila,Reckless_Driving,2way,1.0,Lane_Discards,3G,-88,25.0,-15.0,0.032,40.30622692377462,21.7916054649846,Unintentional
User_35,2025-06-17 04:18:58,0.379,0.5406,Walking,Koila,Driving_Under_Influence,2way,0.0,40,3G,-111,25.0,9.0,0.021,40.32172075847244,21.791774534454447,Unintentional
User_41,2025-06-17 05:00:18,0.251,0.5725,Walking,Koila,Reckless_Driving,1way,1.0,30,3G,-113,80.0,14.0,0.037,40.321807947169674,21.791258825989416,Unintentional
User_78,2025-06-17 08:12:22,0.64,0.4356,Running,Ligeris,Speeding,2way,140.0,50,WiFi,-66,62.0,11.0,0.045,40.30561501237079,21.791258825989416,Unintentional
User_22,2025-06-17 09:39:28,0.508,0.3753,Running,Zep,Driving_Under_Influence,1way,1.0,60,3G,-81,13.0,-18.0,0.0057271729697465,40.27992913713678,21.754182438376976,Unintentional
User_79,2025-06-17 10:38:33,0.426,0.3756,Driving,Zep,Reckless_Driving,4way,1.0,50,4G,-113,83.0,21.0,0.0052433675635612,40.28014473095972,21.791258825989416,Unintentional
User_91,2025-06-17 11:18:44,0.409,0.4032,Walking,Ligeris,Speeding,1way,0.0,20,5G,Ethernet,64.0,18.0,0.0065471546564618,40.30622692377462,21.80759180745074,Unintentional
User_87,2025-06-17 11:22:07,0.374,0.4806,Driving,Ligeris,Speeding,2way,1.0,40,3G,-101,46.0,21.0,0.0094084930948948,40.27955988178558,21.753253033816105,Unintentional
User_49,2025-06-17 11:25:23,0.483,0.5725,Driving,Koila,Speeding,4way,4.0,60,4G,-101,48.0,4.0,0.041,40.30622692377462,21.79129139927394,Unintentional
User_19,2025-06-17 13:54:21,0.384,0.6733,Walking,Ligeris,Speeding,2way,0.0,20,3G,-94,95.0,-22.0,0.0013663825502219,40.30618589969301,21.791258825989416,Unintentional
User_75,2025-06-17 17:18:29,0.544,0.6764,Running,Ligeris,Speeding,2way,0.0,40,4G,-117,38.0,-10.0,0.049,40.3063624526785,21.80940574004592,Unintentional
User_13,2025-06-17 17:34:03,0.657,0.4679,Walking,Zep,Driving_Under_Influence,4way,140.0,80,4G,-73,31.0,-19.0,0.0042888270489801,40.279510231545,21.75115325236077,Unintentional
User_20,2025-06-17 19:55:44,0.686,0.6644,Walking,Ligeris,Reckless_Driving,1way,1.0,50,3G,-90,93.0,-17.0,0.0047649465054434,40.307257308239336,21.80796514881509,Unintentional
User_25,2025-06-17 22:47:37,0.627,0.3933,Running,Zep,Driving_Under_Influence,1way,2.0,40,5G,-91,76.0,-21.0,0.0057271729697465,40.27937920833508,21.75374940169639,Unintentional
User_42,2025-06-17 22:58:02,0.577,0.6002,Running,Zep,Driving_Under_Influence,2way,0.0,20,5G,Ethernet,24.0,6.0,0.038,40.28113298720165,21.75366876148912,Unintentional
User_47,2025-06-17 22:59:27,0.636,0.4691,Driving,Koila,6,2way,1.0,50,4G,-79,17.0,-23.0,0.0049133355316063,40.323442741035144,21.79162438505344,Unintentional
User_80,2025-06-18 04:15:38,0.313,0.5495,Driving,Koila,Reckless_Driving,2way,4.0,80,4G,-117,62.0,22.0,0.0017622053903577,40.32249889058523,21.791734212104643,Unintentional
User_88,2025-06-18 05:04:47,0.676,0.369,Walking,Ligeris,Reckless_Driving,2way,1.0,30,3G,-74,100.0,-22.0,0.0036270801768673,40.30622692377462,21.807895066644956,Unintentional
User_09,2025-06-18 06:29:17,0.508,0.7148,Running,Zep,Driving_Under_Influence,2way,0.0,130,WiFi,-69,14.0,23.0,0.0048730648723802,40.27847297436334,21.791258825989416,Unintentional
User_92,2025-06-18 08:25:55,0.611,0.7191,Walking,Ligeris,Speeding,2way,1.0,40,WiFi,Ethernet,48.0,-21.0,0.0098608962795091,40.28113844375446,21.752729423457858,Unintentional
User_25,2025-06-18 11:21:20,0.508,0.3953,Running,Ligeris,Speeding,4way,0.0,40,3G,-118,47.0,-6.0,0.044,40.30593434264826,21.791258825989416,Unintentional
User_17,2025-06-18 13:55:07,0.383,0.3612,Running,Ligeris,Speeding,1way,0.0,Illegal_Parking,3G,-102,48.0,-14.0,0.024,40.306219846331174,21.80683071842826,Unintentional
User_95,2025-06-18 13:58:03,0.508,0.4253,Walking,Zep,Speeding,2way,4.0,60,WiFi,-55,94.0,5.0,0.032,40.27951325161234,21.75386782288867,Unintentional
User_60,2025-06-18 19:15:28,0.508,0.6416,Driving,Zep,Reckless_Driving,1way,0.0,20,5G,-89,97.0,-13.0,0.041,40.27829587157229,21.753841561509507,Unintentional
User_31,2025-06-18 22:29:51,0.72,0.5879,Driving,Zep,Reckless_Driving,2way,0.0,40,4G,-78,48.0,25.0,0.0077123802961623,40.27853574005152,21.754784780035795,Unintentional
User_01,2025-06-18 23:29:48,0.618,0.6555,Walking,Zep,Reckless_Driving,2way,2.0,40,3G,-120,57.0,24.0,0.0036220256668294,40.28016182269744,21.751468871158153,Unintentional
User_73,2025-06-19 02:09:05,0.676,0.6958,Walking,Ligeris,Reckless_Driving,1way,1.0,110,5G,-86,67.0,-18.0,0.0037119586878964,40.307220644360214,21.80707377586294,Unintentional
User_23,2025-06-19 03:56:51,0.508,0.7026,Walking,Zep,Driving_Under_Influence,2way,0.0,Illegal_Parking,WiFi,-70,27.0,0.0,0.031,40.28001878794851,21.75497510635408,Unintentional
User_94,2025-06-19 04:02:39,0.648,0.4028,Walking,Ligeris,Driving_Under_Influence,1way,0.0,80,WiFi,-89,73.0,8.0,0.039,40.307589971470264,21.807137078403706,Unintentional
User_63,2025-06-19 08:26:26,0.508,0.5594,Walking,Zep,Driving_Under_Influence,2way,1.0,20,4G,-94,57.0,2.0,0.042,40.27996767091245,21.791258825989416,Unintentional
User_32,2025-06-19 08:54:35,0.508,0.6408,Running,Koila,Speeding,2way,1.0,60,4G,-103,48.0,-16.0,0.039,40.32261127395659,21.79228840669864,Unintentional
User_95,2025-06-19 11:33:03,0.739,0.4283,Walking,Ligeris,Reckless_Driving,2way,0.0,Lane_Discards,WiFi,-82,84.0,25.0,0.0079447799837451,40.30697582711219,21.791258825989416,Unintentional
User_91,2025-06-19 12:18:11,0.409,0.5725,Running,Zep,Driving_Under_Influence,1way,1.0,20,WiFi,-78,8.0,-20.0,0.0096122084989566,40.27826105158346,21.754437342711583,Unintentional
User_55,2025-06-19 14:00:51,0.489,0.4128,Running,Ligeris,Driving_Under_Influence,4way,5.0,10,4G,-87,35.0,15.0,0.036,40.30691837101757,21.807922225540658,Unintentional
User_86,2025-06-19 14:32:12,0.63,0.5725,Walking,Zep,Driving_Under_Influence,1way,0.0,90,WiFi,-60,30.0,-17.0,0.009071364976817,40.27947727400658,21.791258825989416,Unintentional
User_27,2025-06-19 22:22:56,0.319,0.6516,Walking,Ligeris,Driving_Under_Influence,2way,1.0,80,3G,-79,1.0,9.0,0.047,40.30622692377462,21.791258825989416,Unintentional
User_05,2025-06-20 01:39:51,0.311,0.5725,Walking,Ligeris,Driving_Under_Influence,1way,0.0,60,4G,-99,60.0,-25.0,0.0039466047928219,40.30728641067044,21.807830787267537,Unintentional
User_89,2025-06-20 03:22:49,0.485,0.6473,Walking,Zep,Driving_Under_Influence,2way,0.0,40,5G,-119,11.0,-20.0,0.0057271729697465,40.280047816435854,21.752838267727657,Unintentional
User_87,2025-06-20 06:53:48,0.374,0.4866,Walking,Ligeris,Driving_Under_Influence,4way,0.0,80,4G,-73,55.0,17.0,0.0059893308018494,40.30464914196037,21.806572139899785,Unintentional
User_84,2025-06-20 07:29:05,0.689,0.5176,Driving,Koila,Reckless_Driving,2way,1.0,40,3G,-96,50.0,15.0,0.025,40.30622692377462,21.791258825989416,Unintentional
User_25,2025-06-20 08:42:38,0.627,0.3983,Running,Koila,Driving_Under_Influence,4way,0.0,70,3G,-91,38.0,20.0,0.0083267862154052,40.322364206161,21.791258825989416,Unintentional
User_28,2025-06-20 09:30:27,0.561,0.4425,Walking,Ligeris,Speeding,2way,1.0,20,5G,-116,56.0,-18.0,0.0097836779818682,40.32263088078391,21.789545786182646,Unintentional
User_83,2025-06-20 16:29:53,0.453,0.6305,Running,Zep,Driving_Under_Influence,2way,1.0,80,3G,-107,60.0,-17.0,0.0083133441270117,40.28006066470109,21.752652189625582,Unintentional
User_94,2025-06-20 18:42:41,0.508,0.5725,Walking,Zep,Driving_Under_Influence,2way,1.0,10,3G,-96,48.0,16.0,0.028,40.27976959437246,21.751394635086953,Unintentional
User_96,2025-06-20 23:40:17,0.508,0.3566,Walking,Zep,Speeding,1way,1.0,Lane_Discards,4G,-97,48.0,20.0,0.0089954839735731,40.279527964982385,21.75268621425589,Unintentional
User_23,2025-06-20 23:45:54,0.669,0.7056,Driving,Zep,Speeding,4way,0.0,70,5G,-81,35.0,-1.0,0.034,40.279406980559635,21.752992321138525,Unintentional
User_47,2025-06-21 00:48:49,0.508,0.4761,Driving,Ligeris,7,1way,0.0,20,5G,-79,48.0,-19.0,0.0066832017754048,40.323085779838344,21.79148354748952,Unintentional
User_67,2025-06-21 03:22:46,0.508,0.5246,Walking,Ligeris,Reckless_Driving,2way,1.0,30,4G,-81,35.0,1.0,0.021,40.30673816792746,21.807373952710247,Unintentional
User_19,2025-06-21 03:58:42,0.384,0.6813,Running,Koila,Speeding,4way,1.0,60,WiFi,-58,82.0,2.0,0.045,40.32294289396824,21.79127862051443,Unintentional
User_25,2025-06-21 08:33:08,0.627,0.4003,Driving,Zep,Reckless_Driving,2way,0.0,Lane_Discards,WiFi,-75,40.0,-4.0,0.021,40.27866637354627,21.75140903161481,Unintentional
User_53,2025-06-21 12:24:09,0.364,0.5725,Driving,Ligeris,Speeding,1way,1.0,50,3G,-97,76.0,-19.0,0.0057271729697465,40.30622692377462,21.791258825989416,Unintentional
User_10,2025-06-21 14:04:12,0.719,0.6633,Driving,Koila,Reckless_Driving,4way,0.0,60,3G,Ethernet,86.0,19.0,0.0051011958409913,40.320827039534514,21.79062480709355,Unintentional
User_88,2025-06-21 16:20:21,0.676,0.376,Walking,Koila,Speeding,2way,1.0,40,4G,-85,12.0,-10.0,0.046,40.322054078996906,21.790987611127697,Unintentional
User_79,2025-06-21 20:27:32,0.508,0.3836,Walking,Ligeris,Driving_Under_Influence,1way,1.0,50,5G,-119,43.0,-17.0,0.0099436821666567,40.30739458289813,21.805969494864257,Unintentional
User_11,2025-06-22 00:51:43,0.539,0.5186,Walking,Zep,Driving_Under_Influence,2way,0.0,60,5G,-110,60.0,18.0,0.0057271729697465,40.27956172379917,21.753233810144405,Unintentional
User_08,2025-06-22 03:35:38,0.325,0.7206,Walking,Ligeris,9,1way,0.0,60,4G,Ethernet,48.0,-18.0,0.0057271729697465,40.304854501509986,21.807853134974103,Unintentional
User_83,2025-06-22 04:07:31,0.508,0.6345,Walking,Zep,Reckless_Driving,1way,0.0,30,3G,-78,15.0,22.0,0.0076328765158288,40.279467842797494,21.755592060515564,Unintentional
User_47,2025-06-22 04:28:11,0.636,0.5725,Walking,Zep,Speeding,2way,0.0,50,4G,-97,48.0,-18.0,0.0025009858440927,40.27949466827272,21.753147266808483,Unintentional
User_92,2025-06-22 08:31:50,0.611,0.7271,Running,Zep,Speeding,2way,150.0,90,4G,-78,16.0,18.0,0.0029761610241553,40.28036846949327,21.791258825989416,Unintentional
User_100,2025-06-22 16:21:31,0.592,0.5441,Running,Ligeris,Speeding,2way,0.0,80,5G,-74,89.0,22.0,0.0057271729697465,40.307604216502966,21.806079983503807,Unintentional
User_38,2025-06-22 18:16:48,0.448,0.5122,Driving,Zep,Driving_Under_Influence,1way,1.0,20,5G,-101,48.0,21.0,0.0060356495615455,40.279841822233585,21.753103910159854,Unintentional
User_89,2025-06-22 20:27:13,0.485,0.5725,Running,Ligeris,Driving_Under_Influence,2way,1.0,40,5G,Ethernet,48.0,-21.0,0.0034473249501697,40.30622692377462,21.807819320207265,Unintentional
User_01,2025-06-22 20:32:30,0.618,0.6635,Walking,Koila,Reckless_Driving,1way,2.0,80,4G,-89,74.0,-19.0,0.0091879888101389,40.32314601780588,21.79057719502178,Unintentional
User_51,2025-06-22 22:23:22,0.708,0.6919,Walking,Koila,Speeding,1way,0.0,40,5G,-78,38.0,15.0,0.037,40.32377852782481,21.79184873062207,Unintentional
User_36,2025-06-23 02:55:29,0.394,0.6819,Driving,Koila,Driving_Under_Influence,2way,2.0,10,3G,-109,83.0,3.0,0.041,40.32077946158682,21.790656843768875,Unintentional
User_15,2025-06-23 05:47:18,0.585,0.3784,Running,Koila,Reckless_Driving,2way,2.0,30,4G,-80,30.0,22.0,0.0068725509943912,40.32244967913583,21.791258825989416,Unintentional
User_80,2025-06-23 06:17:29,0.313,0.5595,Running,Zep,Driving_Under_Influence,4way,2.0,90,WiFi,Ethernet,95.0,0.0,0.045,40.27888588031518,21.753146238720703,Unintentional
User_48,2025-06-23 06:56:40,0.508,0.5673,Walking,Ligeris,Speeding,2way,150.0,60,5G,-104,16.0,23.0,0.0046309138460004,40.279660213944354,21.791258825989416,Unintentional
User_84,2025-06-23 09:37:46,0.689,0.5246,Walking,Koila,Driving_Under_Influence,1way,0.0,90,4G,-99,70.0,-7.0,0.025,40.32074147391504,21.791258825989416,Unintentional
User_02,2025-06-23 11:11:01,0.504,0.5318,Walking,Zep,Speeding,2way,1.0,60,3G,-74,47.0,22.0,0.0030592545562687,40.2811200623338,21.752640404526577,Unintentional
User_72,2025-06-23 11:23:56,0.697,0.4482,Walking,Ligeris,Driving_Under_Influence,2way,160.0,40,5G,-102,15.0,0.0,0.022,40.30732239557218,21.806489483821583,Unintentional
User_63,2025-06-23 11:34:59,0.408,0.5664,Running,Ligeris,Speeding,2way,1.0,100,3G,-71,30.0,0.0,0.028,40.30505541469901,21.80710596337855,Unintentional
User_33,2025-06-23 12:39:50,0.508,0.4866,Running,Ligeris,Speeding,1way,0.0,60,WiFi,-51,63.0,-8.0,0.023,40.30633115972104,21.80713565674491,Unintentional
User_75,2025-06-23 13:14:06,0.544,0.6884,Walking,Zep,Speeding,2way,1.0,70,3G,-85,48.0,-9.0,0.026,40.279244269876585,21.791258825989416,Unintentional
User_60,2025-06-23 14:46:15,0.602,0.6516,Running,Koila,Reckless_Driving,2way,1.0,20,4G,-100,48.0,-17.0,0.0017728889721532,40.32133867057331,21.79309200497159,Unintentional
User_88,2025-06-23 15:11:06,0.676,0.379,Driving,Ligeris,Reckless_Driving,1way,2.0,10,WiFi,-68,89.0,-7.0,0.031,40.305495144025336,21.809632908111904,Unintentional
User_69,2025-06-23 15:46:57,0.289,0.4976,Driving,Zep,Driving_Under_Influence,1way,1.0,20,5G,-70,42.0,-2.0,0.035,40.30622692377462,21.75488231079545,Unintentional
User_65,2025-06-23 16:15:53,0.508,0.4393,Walking,Ligeris,Speeding,2way,1.0,40,3G,-111,48.0,-21.0,0.0047724320875675,40.30616965913824,21.807135264722856,Unintentional
User_32,2025-06-23 16:43:30,0.694,0.6488,Running,Ligeris,Speeding,2way,0.0,30,WiFi,-56,43.0,-25.0,0.0019686226735482,40.30616838999072,21.807691421364495,Unintentional
User_55,2025-06-23 16:48:00,0.489,0.4218,Walking,Ligeris,Speeding,2way,1.0,40,4G,-120,51.0,24.0,0.0025213691214771,40.30702433361017,21.791258825989416,Unintentional
User_08,2025-06-23 21:53:32,0.508,0.7236,Walking,Ligeris,Reckless_Driving,2way,1.0,40,3G,-71,25.0,9.0,0.025,40.32338398516296,21.791706206074014,Unintentional
User_15,2025-06-24 00:39:57,0.585,0.3804,Walking,Zep,Reckless_Driving,4way,0.0,90,5G,-101,69.0,18.0,0.0074996162755995,40.27866406888754,21.75377590488856,Unintentional
User_21,2025-06-24 03:44:32,0.64,0.7105,Running,Koila,Speeding,4way,0.0,40,WiFi,-86,31.0,-1.0,0.05,40.32203743806053,21.790673899235877,Unintentional
User_14,2025-06-24 04:33:08,0.549,0.5725,Walking,Koila,Speeding,2way,0.0,30,3G,Ethernet,63.0,12.0,0.03,40.32257130162839,21.792305677682982,Unintentional
User_04,2025-06-24 06:16:02,0.508,0.4109,Driving,Ligeris,Driving_Under_Influence,4way,1.0,10,3G,-109,78.0,17.0,0.0061007822025365,40.32219165848358,21.791080859065385,Unintentional
User_47,2025-06-24 06:36:28,0.636,0.4831,Walking,Koila,Speeding,4way,2.0,30,5G,-116,89.0,-1.0,0.032,40.32151559059153,21.792406924056785,Unintentional
User_59,2025-06-24 07:04:34,0.696,0.7178,Walking,Koila,Driving_Under_Influence,2way,0.0,20,4G,-99,69.0,-21.0,0.0090337369224587,40.32120862900519,21.791258825989416,Unintentional
User_74,2025-06-24 09:18:21,0.6,0.3575,Running,Koila,Speeding,2way,1.0,90,3G,-90,22.0,-17.0,0.0097526719878163,40.32146105990781,21.79094512535947,Unintentional
User_62,2025-06-24 10:14:59,0.346,0.6003,Driving,Ligeris,Speeding,1way,150.0,10,WiFi,-88,11.0,22.0,0.004980724604101,40.30620325137256,21.807300121606993,Unintentional
User_31,2025-06-24 13:25:00,0.72,0.5989,Walking,Zep,Driving_Under_Influence,2way,0.0,50,4G,-101,48.0,-22.0,0.0098254481910584,40.27981118531056,21.791258825989416,Unintentional
User_01,2025-06-24 13:32:00,0.618,0.6665,Walking,Ligeris,Speeding,2way,0.0,70,4G,-75,48.0,-15.0,0.044,40.30692384685819,21.806025713535035,Unintentional
User_33,2025-06-24 15:37:35,0.486,0.5725,Walking,Zep,Reckless_Driving,2way,1.0,10,3G,-119,3.0,21.0,0.0080888680308641,40.27954184942386,21.791258825989416,Unintentional
User_84,2025-06-24 16:34:11,0.689,0.5266,Walking,Ligeris,Reckless_Driving,2way,2.0,40,5G,-105,50.0,14.0,0.023,40.30462974254134,21.80643796193633,Unintentional
User_52,2025-06-24 16:59:14,0.399,0.6869,Walking,Koila,Speeding,2way,1.0,80,5G,-78,61.0,-24.0,0.0050869222928549,40.323385873830944,21.792332453603848,Unintentional
User_34,2025-06-24 18:15:11,0.401,0.5306,Walking,Zep,Driving_Under_Influence,2way,0.0,60,WiFi,-64,53.0,0.0,0.042,40.30622692377462,21.752675884871643,Unintentional
User_01,2025-06-25 01:31:26,0.618,0.6685,Running,Zep,Speeding,2way,1.0,80,3G,-73,100.0,25.0,0.0054338987848436,40.30622692377462,21.791258825989416,Unintentional
User_94,2025-06-25 05:47:26,0.508,0.4138,Running,Zep,Speeding,2way,0.0,30,WiFi,-69,64.0,-18.0,0.0057271729697465,40.278918101993035,21.752877934402296,Unintentional
User_81,2025-06-25 08:39:40,0.482,0.5984,Walking,Ligeris,Reckless_Driving,4way,0.0,10,3G,-116,52.0,22.0,0.0096935285728284,40.30610633174956,21.805432140581857,Unintentional
User_18,2025-06-25 08:40:03,0.271,0.4944,Walking,Zep,8,4way,1.0,50,5G,Ethernet,48.0,6.0,0.032,40.27951876177902,21.791258825989416,Unintentional
User_23,2025-06-25 10:27:54,0.669,0.7156,Running,Ligeris,Driving_Under_Influence,1way,4.0,80,WiFi,-66,73.0,15.0,0.048,40.306783538189485,21.806440367390632,Unintentional
User_77,2025-06-25 11:47:19,0.347,0.4916,Driving,Zep,Speeding,2way,3.0,30,3G,-111,16.0,23.0,0.0091786222307018,40.27969503190854,21.751337626827297,Unintentional
User_91,2025-06-25 15:27:09,0.409,0.4192,Walking,Ligeris,Driving_Under_Influence,1way,1.0,40,3G,-99,65.0,23.0,0.0037650337679814,40.306058098353155,21.80829079331931,Unintentional
User_60,2025-06-25 15:40:04,0.602,0.6556,Walking,Zep,Speeding,2way,0.0,30,5G,-74,70.0,-14.0,0.03,40.30622692377462,21.753509369458992,Unintentional
User_66,2025-06-25 17:49:09,0.325,0.7377,Walking,Koila,Speeding,1way,0.0,80,WiFi,-60,66.0,9.0,0.027,40.322749281238245,21.792038708532885,Unintentional
User_10,2025-06-25 18:03:31,0.719,0.6713,Walking,Koila,Speeding,1way,1.0,Illegal_Parking,5G,-91,48.0,-22.0,0.0013546096096548,40.322140323112535,21.79100744052632,Unintentional
User_22,2025-06-25 23:51:53,0.712,0.5725,Running,Koila,Speeding,2way,0.0,40,4G,-84,35.0,23.0,0.0057271729697465,40.32329648291703,21.792955940675338,Unintentional
User_69,2025-06-26 00:24:10,0.289,0.5026,Walking,Ligeris,Driving_Under_Influence,2way,1.0,10,4G,-89,96.0,0.0,0.038,40.305739967504245,21.791258825989416,Unintentional
User_40,2025-06-26 01:41:46,0.498,0.5725,Driving,Koila,Reckless_Driving,2way,2.0,40,3G,-109,36.0,19.0,0.0081326231479615,40.321413665915415,21.791258825989416,Unintentional
User_27,2025-06-26 03:20:36,0.508,0.6646,Walking,Koila,Speeding,4way,1.0,Harassing_Driver,4G,-88,48.0,24.0,0.0084529323992002,40.321725972016615,21.79077108255203,Unintentional
User_92,2025-06-26 05:51:58,0.611,0.7361,Walking,Koila,Speeding,2way,2.0,40,5G,-93,55.0,-25.0,0.0057271729697465,40.32207343017071,21.791258825989416,Unintentional
User_29,2025-06-26 06:01:10,0.309,0.5736,Driving,Koila,Speeding,2way,1.0,40,5G,-114,76.0,-23.0,0.005890625494895,40.32192983512498,21.791789896606826,Unintentional
User_59,2025-06-26 06:05:22,0.696,0.7208,Running,Ligeris,Driving_Under_Influence,4way,1.0,50,4G,-75,77.0,-24.0,0.0057271729697465,40.30570359803147,21.809160376497417,Unintentional
User_66,2025-06-26 06:40:08,0.508,0.7387,Walking,Ligeris,Speeding,2way,0.0,40,3G,-79,79.0,24.0,0.0018664151523183,40.30595204731499,21.80861120563824,Unintentional
User_55,2025-06-26 08:53:06,0.508,0.4268,Walking,Koila,Speeding,2way,1.0,Lane_Discards,3G,Ethernet,85.0,-19.0,0.0046104145538924,40.32221518932781,21.791014374496612,Unintentional
User_42,2025-06-26 12:47:16,0.577,0.6182,Running,Koila,Speeding,1way,0.0,90,5G,Ethernet,48.0,11.0,0.042,40.30622692377462,21.7929766149723,Unintentional
User_78,2025-06-26 13:24:50,0.508,0.4536,Walking,Koila,Reckless_Driving,2way,0.0,60,3G,-97,48.0,-18.0,0.0057271729697465,40.32236513293014,21.791380743397937,Unintentional
User_43,2025-06-26 17:34:30,0.255,0.5725,Running,Koila,Driving_Under_Influence,2way,0.0,30,5G,-88,18.0,21.0,0.0057271729697465,40.3232552545352,21.791258825989416,Unintentional
User_28,2025-06-26 19:01:42,0.561,0.4555,Running,Ligeris,Driving_Under_Influence,1way,0.0,40,WiFi,-59,48.0,10.0,0.048,40.30740114867207,21.807415128581997,Unintentional
User_72,2025-06-26 19:22:44,0.697,0.4542,Running,Ligeris,Reckless_Driving,2way,0.0,40,WiFi,-55,4.0,18.0,0.0051656205333521,40.307020156552696,21.805999140331505,Unintentional
User_16,2025-06-26 20:20:55,0.438,0.4789,Running,Ligeris,7,2way,1.0,10,5G,-76,69.0,17.0,0.005816281752215,40.30794751611986,21.80696770669956,Unintentional
User_21,2025-06-26 22:19:05,0.64,0.7145,Walking,Koila,Driving_Under_Influence,1way,1.0,Lane_Discards,WiFi,-53,78.0,22.0,0.0057271729697465,40.323296786303416,21.791258825989416,Unintentional
User_15,2025-06-26 23:38:52,0.585,0.3854,Running,Ligeris,Speeding,1way,1.0,60,5G,-74,83.0,0.0,0.023,40.3062544229197,21.806713479753796,Unintentional
User_32,2025-06-26 23:57:13,0.694,0.5725,Driving,Ligeris,Driving_Under_Influence,2way,0.0,70,WiFi,-63,15.0,3.0,0.023,40.30615953200771,21.807569085340926,Unintentional
User_41,2025-06-27 05:08:52,0.251,0.6155,Driving,Koila,Driving_Under_Influence,2way,1.0,40,5G,-94,82.0,0.0,0.046,40.30622692377462,21.79008385355665,Unintentional
User_10,2025-06-27 08:52:23,0.719,0.6743,Walking,Koila,Reckless_Driving,2way,0.0,60,5G,-83,49.0,-10.0,0.03,40.32239277367402,21.791258825989416,Unintentional
User_65,2025-06-27 09:59:03,0.578,0.4483,Walking,Zep,Driving_Under_Influence,2way,1.0,50,3G,Ethernet,44.0,11.0,0.035,40.28025976050816,21.791258825989416,Unintentional
User_75,2025-06-27 13:59:02,0.544,0.6964,Walking,Zep,Reckless_Driving,2way,0.0,40,3G,-92,18.0,-21.0,0.003056864615199,40.278780262661904,21.754297315539947,Unintentional
User_82,2025-06-27 14:15:22,0.499,0.7124,Driving,Zep,Speeding,2way,0.0,70,4G,-72,53.0,-25.0,0.0056225074945043,40.27831622860343,21.791258825989416,Unintentional
User_13,2025-06-27 14:55:27,0.657,0.4879,Running,Zep,Speeding,2way,1.0,50,5G,-88,94.0,0.0,0.028,40.27900702496578,21.753917524252277,Unintentional
User_20,2025-06-27 17:49:58,0.686,0.6834,Running,Ligeris,Driving_Under_Influence,2way,1.0,40,WiFi,-50,77.0,0.0,0.024,40.3060790821263,21.80758633510265,Unintentional
User_05,2025-06-27 17:56:52,0.311,0.5098,Walking,Ligeris,Speeding,1way,0.0,40,5G,-73,49.0,17.0,0.0078652754819652,40.306315827697375,21.806808783497903,Unintentional
User_31,2025-06-27 18:53:20,0.72,0.6059,Running,Ligeris,Speeding,1way,1.0,50,4G,Ethernet,48.0,0.0,0.04,40.306105875747186,21.807886928502263,Unintentional
User_40,2025-06-27 23:25:33,0.498,0.6107,Walking,Ligeris,Speeding,2way,5.0,30,5G,Ethernet,19.0,-23.0,0.0096594418272924,40.27955194777856,21.753261528534143,Unintentional
User_54,2025-06-28 00:06:42,0.508,0.5031,Driving,Zep,Speeding,4way,1.0,40,3G,-110,11.0,25.0,0.0069950099878959,40.279556599769585,21.753162130043737,Unintentional
User_68,2025-06-28 00:22:21,0.736,0.6715,Driving,Koila,Speeding,1way,0.0,40,3G,-119,88.0,24.0,0.0057382693513405,40.32241746772718,21.792161185460333,Unintentional
User_63,2025-06-28 00:45:44,0.408,0.5764,Walking,Ligeris,Reckless_Driving,1way,3.0,50,3G,-76,22.0,14.0,0.024,40.30641161119985,21.80800301314275,Unintentional
User_71,2025-06-28 02:15:35,0.431,0.641,Driving,Koila,Driving_Under_Influence,1way,0.0,10,4G,Ethernet,52.0,-6.0,0.033,40.323270816720985,21.79175521728225,Unintentional
User_01,2025-06-28 04:03:32,0.618,0.6745,Walking,Koila,Driving_Under_Influence,2way,0.0,80,5G,Ethernet,70.0,0.0,0.035,40.32206572636785,21.79221394968764,Unintentional
User_87,2025-06-28 07:57:47,0.374,0.5026,Driving,Ligeris,Speeding,4way,2.0,80,3G,-88,44.0,20.0,0.0092202830574298,40.3063509921352,21.80788978489041,Unintentional
User_79,2025-06-28 08:16:44,0.426,0.3976,Running,Ligeris,Speeding,4way,0.0,70,WiFi,-77,85.0,5.0,0.027,40.30622692377462,21.806591143413694,Unintentional
User_57,2025-06-28 09:08:27,0.508,0.4734,Running,Ligeris,Speeding,2way,0.0,20,4G,-107,35.0,3.0,0.04,40.30622692377462,21.80856001736534,Unintentional
User_90,2025-06-28 09:39:18,0.508,0.4224,Walking,Zep,Speeding,4way,1.0,Illegal_Parking,5G,-112,48.0,-19.0,0.0053493542803959,40.28038723787005,21.754315925334165,Unintentional
User_26,2025-06-28 10:06:28,0.642,0.5132,Running,Ligeris,Driving_Under_Influence,1way,0.0,40,3G,Ethernet,66.0,11.0,0.024,40.307153009128406,21.808832363408445,Unintentional
User_58,2025-06-28 17:16:52,0.669,0.49,Driving,Zep,Driving_Under_Influence,2way,2.0,30,4G,Ethernet,8.0,0.0,0.021,40.27928230179342,21.75341464929552,Unintentional
User_13,2025-06-28 18:53:04,0.508,0.4899,Running,Ligeris,Driving_Under_Influence,1way,1.0,60,4G,-90,2.0,-25.0,0.0029590604087763,40.306317091848875,21.80915259556979,Unintentional
User_56,2025-06-28 20:35:40,0.419,0.5336,Walking,Zep,Reckless_Driving,2way,1.0,60,WiFi,-64,25.0,24.0,0.0062395401620341,40.30622692377462,21.753135562026763,Unintentional
User_14,2025-06-28 22:29:16,0.549,0.3737,Driving,Koila,Speeding,2way,3.0,40,WiFi,-72,87.0,-1.0,0.024,40.3219932558098,21.791258825989416,Unintentional
User_55,2025-06-29 00:18:34,0.489,0.4328,Walking,Zep,Driving_Under_Influence,2way,0.0,50,3G,Ethernet,48.0,-19.0,0.007753217247465,40.27928964011482,21.75533948918732,Unintentional
User_66,2025-06-29 06:52:59,0.325,0.7447,Driving,Zep,Speeding,2way,1.0,40,3G,-93,10.0,-3.0,0.022,40.27934563837129,21.753938714371213,Unintentional
User_74,2025-06-29 09:37:13,0.6,0.3665,Driving,Zep,Speeding,1way,1.0,Harassing_Driver,WiFi,Ethernet,83.0,17.0,0.0094608875943496,40.279668465224375,21.755323831772795,Unintentional
User_78,2025-06-29 13:05:25,0.64,0.4586,Walking,Koila,Driving_Under_Influence,4way,0.0,50,4G,-103,48.0,-22.0,0.0057271729697465,40.32210123846725,21.79117088111727,Unintentional
User_72,2025-06-29 16:36:10,0.697,0.4602,Driving,Zep,Speeding,2way,160.0,20,3G,-91,91.0,0.0,0.021,40.27892468414713,21.753237611419365,Unintentional
User_57,2025-06-29 17:00:21,0.733,0.4764,Driving,Ligeris,Speeding,4way,1.0,20,3G,-99,98.0,-21.0,0.0094352807229092,40.30702409736278,21.8088921951201,Unintentional
User_22,2025-06-29 17:06:09,0.712,0.3993,Walking,Koila,Speeding,2way,0.0,50,3G,-117,79.0,16.0,0.023,40.32214948897925,21.79330257861565,Unintentional
User_30,2025-06-29 18:32:20,0.577,0.6265,Walking,Ligeris,Driving_Under_Influence,4way,1.0,40,WiFi,Ethernet,99.0,4.0,0.023,40.30566907101197,21.808473730168252,Unintentional
User_34,2025-06-29 19:39:54,0.401,0.5416,Walking,Ligeris,Driving_Under_Influence,1way,0.0,30,WiFi,-87,15.0,17.0,0.0068696865315012,40.30622692377462,21.807487807223293,Unintentional
User_17,2025-06-29 22:29:47,0.383,0.3842,Driving,Ligeris,Speeding,2way,0.0,40,WiFi,-53,22.0,11.0,0.026,40.32218729829577,21.789876513874603,Unintentional
User_68,2025-06-30 00:28:03,0.736,0.6755,Driving,Ligeris,Speeding,1way,0.0,40,WiFi,-88,1.0,5.0,0.043,40.32350712733069,21.790606573071084,Unintentional
User_18,2025-06-30 01:57:50,0.271,0.5034,Walking,Zep,Reckless_Driving,2way,2.0,30,WiFi,-56,91.0,5.0,0.036,40.27939695243443,21.75315804727836,Unintentional
User_33,2025-06-30 04:29:10,0.508,0.5006,Driving,Koila,Speeding,2way,0.0,30,WiFi,-53,15.0,-17.0,0.0043830091727277,40.3220210822488,21.790963400854313,Unintentional
User_36,2025-06-30 06:00:45,0.508,0.6959,Walking,Zep,Driving_Under_Influence,2way,1.0,30,3G,-72,17.0,14.0,0.049,40.279734020814665,21.791258825989416,Unintentional
User_96,2025-06-30 06:42:07,0.508,0.5725,Walking,Koila,9,4way,1.0,30,3G,-81,70.0,-17.0,0.0057568249754419,40.3220488658585,21.7908802261925,Unintentional
User_37,2025-06-30 08:26:22,0.528,0.6969,Walking,Koila,Reckless_Driving,2way,1.0,70,3G,-87,70.0,0.0,0.04,40.32196363488123,21.79186278925507,Unintentional
User_55,2025-06-30 11:56:55,0.489,0.4358,Driving,Ligeris,Speeding,2way,1.0,70,WiFi,-68,41.0,-22.0,0.0056956816368623,40.306146503846584,21.806630675390267,Unintentional
User_63,2025-06-30 12:19:41,0.408,0.5804,Running,Zep,6,1way,1.0,70,3G,-61,53.0,19.0,0.0057271729697465,40.279614076745986,21.75259884136526,Unintentional
User_07,2025-06-30 12:41:35,0.319,0.615,Driving,Koila,Driving_Under_Influence,2way,2.0,70,3G,-94,59.0,2.0,0.048,40.32134668687059,21.793004769197815,Unintentional
User_10,2025-06-30 14:28:43,0.719,0.5725,Driving,Ligeris,Driving_Under_Influence,2way,150.0,10,4G,Ethernet,58.0,-18.0,0.0078461423845338,40.306190614905454,21.791258825989416,Unintentional
User_46,2025-06-30 15:25:38,0.621,0.5489,Walking,Zep,Speeding,2way,1.0,40,5G,-92,54.0,18.0,0.0072543239537402,40.278158458920615,21.7544862039706,Unintentional
User_36,2025-06-30 15:35:54,0.394,0.6969,Running,Ligeris,Reckless_Driving,2way,0.0,20,3G,Ethernet,36.0,0.0,0.045,40.3062434756714,21.805614316588777,Unintentional
User_73,2025-06-30 15:47:59,0.676,0.7178,Walking,Zep,Reckless_Driving,2way,0.0,10,5G,-108,45.0,17.0,0.0051601113626798,40.27975267390347,21.75383850306063,Unintentional
User_49,2025-06-30 18:27:43,0.483,0.467,Walking,Ligeris,Reckless_Driving,4way,0.0,50,5G,-92,62.0,11.0,0.028,40.30622692377462,21.806977790967036,Unintentional
User_80,2025-06-30 19:24:29,0.313,0.5745,Driving,Koila,Driving_Under_Influence,2way,0.0,50,4G,-86,62.0,-2.0,0.049,40.32134328467879,21.79097283321286,Unintentional
User_53,2025-06-30 20:45:12,0.364,0.7287,Walking,Koila,Speeding,2way,0.0,60,5G,-96,0.0,-7.0,0.021,40.32259622266966,21.791602622544055,Unintentional
User_14,2025-07-01 04:42:04,0.549,0.3787,Driving,Ligeris,Speeding,2way,0.0,30,4G,-98,12.0,19.0,0.0057271729697465,40.30622692377462,21.791258825989416,Unintentional
User_69,2025-07-01 11:51:51,0.289,0.5136,Walking,Koila,8,1way,1.0,10,5G,-80,52.0,25.0,0.0057271729697465,40.322077516346795,21.79203765498761,Unintentional
User_57,2025-07-01 12:09:28,0.733,0.4804,Walking,Koila,Reckless_Driving,2way,5.0,70,4G,-104,96.0,-12.0,0.031,40.321592830977885,21.791011812909105,Unintentional
User_41,2025-07-01 12:31:39,0.251,0.6235,Driving,Koila,Driving_Under_Influence,1way,3.0,40,3G,Ethernet,59.0,-12.0,0.022,40.3224636347057,21.791258825989416,Unintentional
User_63,2025-07-01 18:44:03,0.408,0.5824,Running,Ligeris,Driving_Under_Influence,1way,1.0,60,5G,-97,63.0,20.0,0.0088777569585737,40.30763361619912,21.80842330208203,Unintentional
User_67,2025-07-01 18:47:27,0.557,0.5456,Driving,Ligeris,Speeding,2way,0.0,30,WiFi,-54,78.0,-6.0,0.034,40.30622692377462,21.791258825989416,Unintentional
User_60,2025-07-01 20:44:41,0.602,0.6666,Running,Koila,Speeding,2way,1.0,60,5G,-102,9.0,-19.0,0.0026703088719524,40.3222342280782,21.79348343019593,Unintentional
User_96,2025-07-01 22:20:31,0.722,0.3786,Driving,Ligeris,Reckless_Driving,4way,0.0,10,WiFi,-50,96.0,25.0,0.0056633717411553,40.30622692377462,21.791258825989416,Unintentional
User_85,2025-07-02 02:13:56,0.508,0.7612,Walking,Ligeris,Speeding,1way,1.0,40,4G,-91,44.0,25.0,0.0074050472289666,40.30622692377462,21.752588191414965,Unintentional
User_02,2025-07-02 03:22:26,0.504,0.5498,Driving,Koila,Speeding,2way,2.0,80,4G,-112,100.0,0.0,0.033,40.30622692377462,21.79116438032238,Unintentional
User_87,2025-07-02 06:35:48,0.374,0.5106,Running,Ligeris,Driving_Under_Influence,4way,2.0,20,3G,Ethernet,57.0,-2.0,0.045,40.30624701020381,21.807646627458983,Unintentional
User_22,2025-07-02 08:57:04,0.508,0.4053,Walking,Ligeris,Driving_Under_Influence,2way,4.0,40,5G,Ethernet,40.0,17.0,0.0032400532922072,40.30640401479961,21.80711400126697,Unintentional
User_30,2025-07-02 11:07:46,0.577,0.6315,Walking,Ligeris,Reckless_Driving,2way,1.0,60,WiFi,-82,48.0,-3.0,0.025,40.30622692377462,21.807464156515756,Unintentional
User_39,2025-07-02 16:20:46,0.685,0.6258,Running,Koila,Reckless_Driving,4way,0.0,70,3G,-107,92.0,-16.0,0.025,40.32153181152859,21.791214825741942,Unintentional
User_39,2025-07-02 18:12:18,0.685,0.5725,Walking,Ligeris,9,2way,0.0,30,3G,-111,63.0,18.0,0.0042468165266234,40.30455407923229,21.80755444737112,Unintentional
User_100,2025-07-02 18:28:35,0.592,0.5641,Walking,Ligeris,7,2way,0.0,60,5G,-110,94.0,-8.0,0.048,40.305629296993935,21.807507206135952,Unintentional
User_01,2025-07-02 18:52:19,0.618,0.6835,Running,Zep,Driving_Under_Influence,2way,0.0,10,3G,Ethernet,51.0,17.0,0.0089466823435058,40.28044426254456,21.75280329703966,Unintentional
User_28,2025-07-02 19:23:13,0.561,0.4665,Running,Ligeris,Reckless_Driving,1way,0.0,30,3G,Ethernet,37.0,25.0,0.0040115641304688,40.30559200986324,21.807829187326934,Unintentional
User_17,2025-07-02 23:02:35,0.383,0.3902,Driving,Zep,Reckless_Driving,1way,1.0,20,WiFi,-75,59.0,23.0,0.0085982293282847,40.30622692377462,21.791258825989416,Unintentional
User_84,2025-07-03 01:56:32,0.689,0.5436,Walking,Zep,Reckless_Driving,2way,0.0,40,5G,-116,22.0,19.0,0.0067837972044295,40.279874782762064,21.791258825989416,Unintentional
User_55,2025-07-03 02:38:17,0.489,0.4408,Walking,Zep,Speeding,4way,0.0,30,WiFi,Ethernet,45.0,-24.0,0.0046123000263292,40.27957609686454,21.753149841510428,Unintentional
User_55,2025-07-03 03:09:36,0.508,0.4418,Walking,Koila,Speeding,2way,1.0,40,4G,-111,26.0,8.0,0.045,40.3234184080456,21.791258825989416,Unintentional
User_67,2025-07-03 04:01:02,0.557,0.5725,Walking,Zep,Speeding,2way,1.0,60,5G,-72,49.0,10.0,0.042,40.27834495273075,21.753383138253827,Unintentional
User_11,2025-07-03 04:19:29,0.508,0.5725,Running,Ligeris,Reckless_Driving,2way,0.0,90,WiFi,-88,10.0,17.0,0.0059233042993331,40.3073494773523,21.791258825989416,Unintentional
User_27,2025-07-03 06:01:42,0.508,0.5725,Driving,Ligeris,Speeding,4way,0.0,70,4G,-95,23.0,25.0,0.0060833503904836,40.307195379440806,21.808989598180226,Unintentional
User_80,2025-07-03 06:36:50,0.313,0.5805,Driving,Koila,Driving_Under_Influence,2way,0.0,10,3G,-73,45.0,-19.0,0.0020611415178568,40.32158539742518,21.79064280799433,Unintentional
User_70,2025-07-03 08:50:50,0.359,0.5725,Walking,Ligeris,Reckless_Driving,2way,4.0,20,3G,Ethernet,10.0,1.0,0.041,40.30622692377462,21.792895568791664,Unintentional
User_16,2025-07-03 09:08:56,0.438,0.4919,Running,Ligeris,Speeding,4way,0.0,40,4G,-88,3.0,22.0,0.0012675422315033,40.30622328389487,21.807494523783905,Unintentional
User_73,2025-07-03 15:03:29,0.676,0.7238,Walking,Zep,8,4way,0.0,40,4G,-84,84.0,17.0,0.0036597884948057,40.27831825976619,21.753165593226996,Unintentional
User_100,2025-07-03 18:00:44,0.592,0.5651,Driving,Ligeris,Speeding,1way,1.0,60,WiFi,-76,79.0,17.0,0.0097757370542274,40.306399557065845,21.791258825989416,Unintentional
User_13,2025-07-03 18:37:29,0.657,0.4989,Walking,Ligeris,9,2way,0.0,50,4G,-119,10.0,-25.0,0.0057271729697465,40.30598633926228,21.808124817160056,Unintentional
User_62,2025-07-03 21:22:02,0.346,0.6193,Running,Zep,Speeding,2way,0.0,50,WiFi,-66,62.0,-11.0,0.031,40.27934107780416,21.791258825989416,Unintentional
User_77,2025-07-03 22:11:20,0.347,0.5076,Driving,Zep,Speeding,2way,0.0,10,3G,-96,73.0,-6.0,0.035,40.27995175209451,21.75246421095385,Unintentional
User_28,2025-07-03 23:40:15,0.561,0.4695,Running,Koila,Driving_Under_Influence,2way,0.0,30,3G,-75,79.0,19.0,0.0069989860528412,40.32157859426829,21.791258825989416,Unintentional
User_61,2025-07-04 00:45:08,0.261,0.4665,Driving,Zep,Speeding,2way,0.0,40,3G,-76,43.0,13.0,0.044,40.2790425731702,21.753288246341736,Unintentional
User_86,2025-07-04 01:52:24,0.63,0.6373,Walking,Ligeris,Speeding,1way,0.0,60,3G,Ethernet,32.0,-21.0,0.0057271729697465,40.30622692377462,21.753790799147943,Unintentional
User_75,2025-07-04 04:39:53,0.544,0.5725,Walking,Koila,Driving_Under_Influence,4way,1.0,50,3G,-91,1.0,-17.0,0.0033482867051255,40.32277497552102,21.791258825989416,Unintentional
User_21,2025-07-04 05:53:18,0.64,0.7305,Running,Koila,Driving_Under_Influence,2way,1.0,70,WiFi,Ethernet,48.0,-16.0,0.033,40.32267728827328,21.79213665571405,Unintentional
User_36,2025-07-04 05:55:34,0.394,0.7039,Running,Zep,Speeding,2way,0.0,20,3G,-91,6.0,9.0,0.048,40.30622692377462,21.791258825989416,Unintentional
User_47,2025-07-04 06:20:29,0.636,0.5725,Walking,Zep,Speeding,2way,4.0,30,5G,-73,61.0,-2.0,0.042,40.27970381408331,21.754834387783067,Unintentional
User_14,2025-07-04 06:43:50,0.549,0.3847,Walking,Koila,6,2way,0.0,40,WiFi,-61,5.0,-5.0,0.044,40.32211863915208,21.791771361488067,Unintentional
User_22,2025-07-04 11:12:40,0.508,0.4093,Running,Ligeris,Reckless_Driving,4way,3.0,60,WiFi,-78,72.0,-17.0,0.0097321896151632,40.30628004847935,21.80766421310784,Unintentional
User_100,2025-07-04 12:15:50,0.592,0.5671,Walking,Koila,Speeding,2way,1.0,80,4G,Ethernet,0.0,6.0,0.045,40.32181305554592,21.79181084489911,Unintentional
User_63,2025-07-04 12:21:46,0.408,0.5884,Driving,Ligeris,Speeding,2way,1.0,50,WiFi,-90,75.0,0.0,0.04,40.30762931248276,21.808508989764803,Unintentional
User_29,2025-07-04 14:54:37,0.309,0.5906,Walking,Zep,Reckless_Driving,1way,1.0,90,3G,-89,2.0,-25.0,0.0059350632666697,40.27929033265271,21.753325279377748,Unintentional
User_35,2025-07-04 15:28:39,0.379,0.5756,Walking,Ligeris,Driving_Under_Influence,2way,1.0,40,4G,Ethernet,50.0,-5.0,0.024,40.30551365822054,21.805882252632287,Unintentional
User_56,2025-07-04 17:15:10,0.419,0.5446,Running,Ligeris,Reckless_Driving,1way,0.0,10,5G,-70,84.0,-5.0,0.032,40.30695407550278,21.791258825989416,Unintentional
User_21,2025-07-04 21:32:29,0.508,0.7315,Walking,Ligeris,Driving_Under_Influence,2way,1.0,60,3G,Ethernet,33.0,-25.0,0.0039610245592973,40.32189946195204,21.790734993513578,Unintentional
User_59,2025-07-04 23:08:46,0.696,0.7378,Walking,Ligeris,Driving_Under_Influence,1way,0.0,40,3G,Ethernet,40.0,11.0,0.024,40.306428626873426,21.80939886050679,Unintentional
User_97,2025-07-04 23:13:34,0.296,0.7259,Driving,Koila,Speeding,2way,1.0,70,5G,-79,44.0,0.0,0.027,40.30622692377462,21.789591303273156,Unintentional
User_24,2025-07-05 00:42:25,0.7,0.595,Running,Zep,Speeding,2way,0.0,70,WiFi,-64,44.0,17.0,0.0047066320741159,40.27934021512621,21.752282393000453,Unintentional
User_56,2025-07-05 06:55:02,0.419,0.5466,Walking,Ligeris,Reckless_Driving,1way,1.0,40,WiFi,-53,24.0,0.0,0.027,40.30752163482635,21.808085381373203,Unintentional
User_31,2025-07-05 07:33:26,0.72,0.6209,Walking,Ligeris,Reckless_Driving,4way,1.0,10,WiFi,-78,48.0,-23.0,0.0039184520255388,40.305780857011406,21.805266766586342,Unintentional
User_48,2025-07-05 13:08:55,0.611,0.5903,Running,Zep,Reckless_Driving,4way,1.0,70,3G,-91,48.0,-20.0,0.0087421953611594,40.27937362339886,21.75266691849414,Unintentional
User_79,2025-07-05 16:20:50,0.426,0.4106,Running,Zep,Reckless_Driving,2way,1.0,40,WiFi,-87,77.0,-17.0,0.0066531565087525,40.27899592469678,21.75243061072374,Unintentional
User_36,2025-07-05 16:35:03,0.394,0.7069,Walking,Zep,Speeding,2way,1.0,60,WiFi,-75,77.0,5.0,0.021,40.278815101497486,21.752898498899587,Unintentional
User_09,2025-07-05 17:20:15,0.377,0.5725,Walking,Ligeris,Driving_Under_Influence,2way,2.0,60,3G,-114,33.0,-15.0,0.025,40.307309260339025,21.80923659886873,Unintentional
User_11,2025-07-05 17:31:15,0.539,0.5456,Walking,Zep,Speeding,4way,1.0,80,4G,Ethernet,33.0,-11.0,0.048,40.278889132395875,21.754653825713763,Unintentional
User_81,2025-07-05 18:35:37,0.482,0.6194,Driving,Koila,Speeding,4way,0.0,90,WiFi,-86,48.0,22.0,0.0061357650273342,40.32118065578929,21.78981291788046,Unintentional
User_13,2025-07-05 19:16:39,0.657,0.5039,Walking,Zep,Driving_Under_Influence,2way,1.0,40,3G,-78,39.0,12.0,0.032,40.27938925503241,21.753723657653897,Unintentional
User_65,2025-07-05 20:15:12,0.578,0.4643,Walking,Ligeris,7,4way,1.0,60,4G,Ethernet,82.0,-23.0,0.0023523147818559,40.307399917705936,21.80822182369248,Unintentional
User_58,2025-07-05 21:34:59,0.669,0.503,Walking,Zep,Speeding,2way,0.0,80,5G,-116,54.0,18.0,0.0057271729697465,40.279212033966274,21.75364797976395,Unintentional
User_73,2025-07-05 22:13:04,0.676,0.7278,Driving,Koila,Reckless_Driving,2way,140.0,20,WiFi,Ethernet,64.0,23.0,0.0061213610775579,40.321673568418866,21.789626266590513,Unintentional
User_58,2025-07-05 23:37:21,0.669,0.5725,Running,Ligeris,Speeding,2way,0.0,50,5G,Ethernet,48.0,25.0,0.0076639925003089,40.306303751814134,21.807722308668897,Unintentional
User_96,2025-07-06 01:15:54,0.722,0.3876,Driving,Koila,7,2way,1.0,20,5G,-108,30.0,-8.0,0.047,40.32165738661814,21.790971273237787,Unintentional
User_68,2025-07-06 02:17:45,0.508,0.6875,Driving,Koila,Speeding,2way,1.0,60,3G,-65,45.0,12.0,0.047,40.32215928850842,21.79062929743251,Unintentional
User_87,2025-07-06 02:55:50,0.374,0.5186,Walking,Zep,Speeding,2way,0.0,30,3G,Ethernet,26.0,-14.0,0.046,40.27953367464644,21.753377107268705,Unintentional
User_82,2025-07-06 03:55:44,0.499,0.5725,Walking,Zep,Driving_Under_Influence,2way,1.0,40,WiFi,-59,77.0,-20.0,0.0025003830169521,40.27970112447271,21.754657537274717,Unintentional
User_95,2025-07-06 05:12:42,0.739,0.4623,Running,Ligeris,Reckless_Driving,1way,2.0,70,3G,-82,45.0,19.0,0.002008479135791,40.306687118787806,21.791258825989416,Unintentional
User_71,2025-07-06 07:19:49,0.431,0.658,Walking,Koila,Driving_Under_Influence,2way,1.0,50,3G,-76,3.0,0.0,0.034,40.322029792002795,21.791402565160965,Unintentional
User_64,2025-07-06 10:15:48,0.257,0.3866,Walking,Ligeris,Speeding,4way,1.0,70,WiFi,Ethernet,12.0,0.0,0.024,40.30563844025654,21.80879402044187,Unintentional
User_15,2025-07-06 11:00:41,0.585,0.4044,Walking,Zep,Speeding,2way,0.0,40,3G,-79,48.0,9.0,0.048,40.27880149607148,21.791258825989416,Unintentional
User_02,2025-07-06 11:40:26,0.504,0.5588,Driving,Ligeris,Speeding,2way,1.0,Lane_Discards,3G,-105,43.0,17.0,0.0010504541990226,40.30691366956967,21.807788930333604,Unintentional
User_66,2025-07-06 12:15:08,0.508,0.7587,Running,Ligeris,Speeding,2way,0.0,10,4G,-117,66.0,1.0,0.046,40.30587006828656,21.80903016706118,Unintentional
User_89,2025-07-06 16:42:11,0.485,0.6803,Running,Ligeris,Speeding,2way,1.0,40,5G,-82,49.0,3.0,0.022,40.30572063262145,21.80818138666263,Unintentional
User_20,2025-07-06 16:44:16,0.508,0.7024,Walking,Zep,Driving_Under_Influence,4way,1.0,90,5G,-101,14.0,-23.0,0.0015435697955242,40.280780433691895,21.75215884614873,Unintentional
User_93,2025-07-06 17:10:15,0.418,0.4761,Driving,Zep,Reckless_Driving,1way,1.0,40,4G,-76,48.0,19.0,0.0078325454190415,40.28072430490516,21.751746430295377,Unintentional
User_38,2025-07-06 18:20:32,0.448,0.5725,Driving,Ligeris,Speeding,4way,0.0,60,5G,Ethernet,62.0,0.0,0.03,40.304894479000275,21.80627643456174,Unintentional
User_43,2025-07-06 19:59:40,0.508,0.6473,Walking,Ligeris,Reckless_Driving,2way,0.0,Illegal_Parking,3G,-74,36.0,-12.0,0.048,40.32232987151245,21.791258825989416,Unintentional
User_97,2025-07-06 21:01:50,0.296,0.5725,Running,Koila,Driving_Under_Influence,1way,160.0,40,5G,-72,8.0,23.0,0.0042621713565904,40.321872431241886,21.791602236243467,Unintentional
User_83,2025-07-07 00:47:34,0.453,0.6645,Running,Zep,Speeding,2way,1.0,40,5G,-89,2.0,1.0,0.048,40.27964631805904,21.751841094291745,Unintentional
User_72,2025-07-07 05:46:42,0.697,0.4762,Driving,Ligeris,Speeding,2way,1.0,30,4G,Ethernet,96.0,18.0,0.0079582420934129,40.30622692377462,21.791258825989416,Unintentional
User_58,2025-07-07 08:25:44,0.508,0.5725,Walking,Ligeris,9,2way,2.0,40,3G,-76,8.0,23.0,0.0029951907233578,40.30622692377462,21.807024856069617,Unintentional
User_50,2025-07-07 08:27:25,0.477,0.7017,Running,Koila,Driving_Under_Influence,1way,1.0,40,4G,-96,85.0,18.0,0.0034293520325164,40.32223443514272,21.791629877651175,Unintentional
User_30,2025-07-07 10:02:05,0.577,0.6415,Driving,Ligeris,Speeding,2way,0.0,40,3G,-113,44.0,-2.0,0.032,40.30622692377462,21.80829217844762,Unintentional
User_39,2025-07-07 13:14:18,0.685,0.6358,Driving,Zep,Speeding,2way,0.0,80,WiFi,-76,16.0,-1.0,0.024,40.27955682011177,21.75328733769201,Unintentional
User_38,2025-07-07 14:49:21,0.508,0.5422,Walking,Ligeris,Speeding,2way,1.0,40,4G,-104,48.0,0.0,0.036,40.30622692377462,21.791258825989416,Unintentional
User_56,2025-07-07 16:11:37,0.419,0.5506,Driving,Zep,Reckless_Driving,2way,1.0,70,WiFi,-64,20.0,17.0,0.0041741778357423,40.28025337023543,21.75386417262722,Unintentional
User_42,2025-07-07 16:21:31,0.508,0.6392,Running,Zep,Speeding,2way,1.0,40,5G,-77,68.0,0.0,0.034,40.27852116155319,21.754775585813206,Unintentional
User_69,2025-07-07 16:34:49,0.508,0.5725,Running,Koila,Driving_Under_Influence,4way,0.0,60,5G,-75,61.0,-19.0,0.0010313655542645,40.32116829043056,21.790153422160557,Unintentional
User_76,2025-07-07 20:56:10,0.349,0.7496,Running,Koila,Speeding,2way,150.0,80,3G,-76,54.0,21.0,0.0015275978702701,40.3225642385801,21.79075340926751,Unintentional
User_09,2025-07-07 21:22:05,0.377,0.7538,Walking,Ligeris,Speeding,1way,1.0,70,4G,-120,85.0,0.0,0.043,40.30565805173062,21.80640867630774,Unintentional
User_60,2025-07-07 21:35:52,0.602,0.6796,Running,Ligeris,Driving_Under_Influence,2way,1.0,40,3G,-97,72.0,21.0,0.0048500903871129,40.306314916284485,21.806167792682352,Unintentional
User_28,2025-07-07 22:42:43,0.561,0.4775,Driving,Koila,Reckless_Driving,4way,1.0,40,5G,-80,9.0,5.0,0.049,40.322195241067654,21.79089630445748,Unintentional
User_35,2025-07-07 23:49:33,0.379,0.5816,Walking,Ligeris,Driving_Under_Influence,4way,0.0,50,4G,-119,60.0,-16.0,0.035,40.32222217583432,21.791258825989416,Unintentional
User_95,2025-07-08 01:30:18,0.739,0.4653,Walking,Ligeris,Speeding,4way,0.0,90,WiFi,-90,49.0,19.0,0.0068954543407947,40.32250118961887,21.79159727365076,Unintentional
User_65,2025-07-08 01:43:21,0.578,0.4693,Walking,Zep,Driving_Under_Influence,1way,0.0,50,3G,-86,35.0,-3.0,0.025,40.27888007570069,21.754196596449596,Unintentional
User_90,2025-07-08 01:48:22,0.522,0.4414,Driving,Ligeris,Speeding,2way,1.0,40,WiFi,-62,79.0,12.0,0.041,40.30644237682468,21.806655329882243,Unintentional
User_21,2025-07-08 02:22:19,0.64,0.7385,Running,Zep,Speeding,2way,0.0,40,WiFi,-62,94.0,-15.0,0.023,40.27866311884858,21.753469998771507,Unintentional
User_20,2025-07-08 03:44:31,0.686,0.7054,Running,Koila,Speeding,2way,0.0,70,WiFi,-84,55.0,-19.0,0.0025972833520349,40.323213310923734,21.790571436014712,Unintentional
User_75,2025-07-08 04:27:03,0.508,0.7184,Walking,Zep,Driving_Under_Influence,2way,4.0,50,WiFi,-57,34.0,22.0,0.0087960211466533,40.27917707656879,21.752895291626334,Unintentional
User_42,2025-07-08 08:54:10,0.577,0.6412,Driving,Ligeris,Speeding,2way,0.0,30,5G,-106,77.0,7.0,0.031,40.30625933768527,21.791258825989416,Unintentional
User_19,2025-07-08 09:00:41,0.384,0.7163,Walking,Ligeris,Driving_Under_Influence,2way,1.0,40,5G,Ethernet,22.0,-22.0,0.0028097488678694,40.30631255298147,21.805212003810308,Unintentional
User_18,2025-07-08 14:08:33,0.271,0.5204,Running,Koila,Reckless_Driving,1way,1.0,40,WiFi,-52,89.0,16.0,0.041,40.32244126196613,21.78911394293529,Unintentional
User_99,2025-07-08 14:15:36,0.618,0.5833,Driving,Zep,Speeding,2way,1.0,10,WiFi,-53,11.0,25.0,0.0029777887153816,40.27956718889643,21.75321524769731,Unintentional
User_07,2025-07-08 17:30:14,0.319,0.632,Driving,Ligeris,Speeding,1way,0.0,130,4G,-93,48.0,-18.0,0.0064133979467621,40.306232335972986,21.805228395560388,Unintentional
User_02,2025-07-08 18:39:28,0.504,0.5628,Driving,Koila,Speeding,4way,0.0,20,4G,Ethernet,60.0,19.0,0.0092105845237462,40.32231434949687,21.792533004030716,Unintentional
User_28,2025-07-08 23:36:02,0.561,0.4795,Running,Zep,Speeding,2way,1.0,70,WiFi,-55,21.0,-13.0,0.023,40.28095668638713,21.752147565101936,Unintentional
User_05,2025-07-09 02:08:11,0.508,0.5328,Driving,Ligeris,Reckless_Driving,2way,0.0,Lane_Discards,3G,-80,65.0,11.0,0.035,40.3057019866113,21.791258825989416,Unintentional
User_38,2025-07-09 06:22:49,0.508,0.5452,Walking,Zep,Speeding,2way,3.0,40,3G,-77,52.0,19.0,0.0052440305629785,40.28131751740346,21.791258825989416,Unintentional
User_03,2025-07-09 06:48:31,0.508,0.5705,Walking,Ligeris,Speeding,2way,0.0,20,WiFi,-67,48.0,25.0,0.007176353179083,40.30712149788751,21.806187238615184,Unintentional
User_78,2025-07-09 06:53:14,0.64,0.4786,Running,Ligeris,Driving_Under_Influence,2way,1.0,40,WiFi,-56,27.0,18.0,0.0025117118171222,40.3065435807102,21.809311240644504,Unintentional
User_67,2025-07-09 07:52:51,0.508,0.5616,Walking,Zep,Reckless_Driving,2way,0.0,20,3G,Ethernet,57.0,21.0,0.0074704681758045,40.27952404392542,21.753355385674286,Unintentional
User_59,2025-07-09 08:11:53,0.696,0.5725,Driving,Koila,Driving_Under_Influence,2way,0.0,20,WiFi,-65,31.0,15.0,0.027,40.30622692377462,21.790317634120377,Unintentional
User_66,2025-07-09 09:54:42,0.325,0.7647,Walking,Koila,Driving_Under_Influence,2way,140.0,30,WiFi,-85,48.0,10.0,0.033,40.322568067902,21.791231436247617,Unintentional
User_29,2025-07-09 10:41:43,0.309,0.6006,Driving,Ligeris,Reckless_Driving,2way,4.0,Illegal_Parking,4G,-103,48.0,-20.0,0.0061516468428601,40.305745313937805,21.80751448109952,Unintentional
User_65,2025-07-09 13:24:48,0.578,0.4723,Walking,Koila,Speeding,2way,140.0,30,5G,-102,7.0,-21.0,0.0087063796426098,40.32205550609223,21.79126545574513,Unintentional
User_01,2025-07-09 13:41:10,0.618,0.6965,Walking,Zep,Speeding,2way,1.0,40,5G,-118,5.0,-24.0,0.0038151194196714,40.30622692377462,21.75299501551792,Unintentional
User_70,2025-07-09 13:46:11,0.359,0.7132,Driving,Zep,Driving_Under_Influence,4way,2.0,60,4G,-116,61.0,0.0,0.041,40.30622692377462,21.75390820202734,Unintentional
User_96,2025-07-09 14:30:17,0.508,0.5725,Running,Ligeris,Speeding,2way,2.0,60,5G,-89,81.0,-10.0,0.022,40.30567961704021,21.791258825989416,Unintentional
User_58,2025-07-09 16:52:50,0.669,0.511,Walking,Zep,Reckless_Driving,1way,150.0,60,WiFi,-76,88.0,-25.0,0.0057271729697465,40.2801511929896,21.753550468658165,Unintentional
User_16,2025-07-09 17:06:52,0.508,0.5049,Driving,Ligeris,Speeding,1way,1.0,40,WiFi,-88,28.0,6.0,0.046,40.322147255385616,21.792638281784352,Unintentional
User_02,2025-07-09 17:16:47,0.504,0.5648,Driving,Koila,Reckless_Driving,1way,4.0,50,WiFi,-76,83.0,14.0,0.037,40.32250415433344,21.78917268772699,Unintentional
User_86,2025-07-09 17:29:15,0.508,0.6463,Walking,Ligeris,Speeding,4way,0.0,40,WiFi,-90,72.0,2.0,0.03,40.30587089862159,21.808061880662304,Unintentional
User_30,2025-07-09 20:25:55,0.577,0.6465,Running,Ligeris,Driving_Under_Influence,2way,1.0,50,5G,Ethernet,61.0,21.0,0.0088412434368583,40.30722556426291,21.809301219651065,Unintentional
User_94,2025-07-09 21:11:22,0.648,0.5725,Running,Koila,Driving_Under_Influence,2way,3.0,50,5G,-97,38.0,-13.0,0.041,40.32235939985934,21.791233575303615,Unintentional
User_57,2025-07-10 02:28:21,0.733,0.4974,Walking,Zep,9,1way,2.0,80,5G,-107,48.0,0.0,0.047,40.30622692377462,21.754560602790423,Unintentional
User_20,2025-07-10 11:24:51,0.686,0.7094,Running,Koila,Driving_Under_Influence,2way,1.0,80,5G,-88,62.0,-9.0,0.021,40.32180212547689,21.79245555219109,Unintentional
User_57,2025-07-10 12:28:57,0.733,0.4984,Driving,Koila,Reckless_Driving,2way,1.0,70,WiFi,-66,66.0,8.0,0.026,40.30622692377462,21.791258825989416,Unintentional
User_54,2025-07-10 14:35:47,0.508,0.5725,Driving,Ligeris,Speeding,2way,3.0,40,5G,-97,48.0,-22.0,0.0061976139382867,40.305295712986435,21.805862238502897,Unintentional
User_29,2025-07-10 18:09:18,0.309,0.5725,Walking,Ligeris,Speeding,4way,0.0,30,WiFi,-90,48.0,-21.0,0.0057271729697465,40.3072887836532,21.80760429280731,Unintentional
User_61,2025-07-10 18:09:48,0.261,0.4795,Driving,Koila,Speeding,2way,0.0,40,3G,-89,57.0,-5.0,0.022,40.321500604027264,21.791362075013197,Unintentional
User_40,2025-07-11 03:34:02,0.498,0.6377,Walking,Koila,Speeding,2way,0.0,10,3G,-104,48.0,17.0,0.0081471281376074,40.32251523811719,21.79171387139154,Unintentional
User_73,2025-07-11 05:00:52,0.676,0.7388,Running,Koila,Speeding,1way,160.0,80,3G,Ethernet,57.0,24.0,0.0082943288808713,40.32085437061465,21.791258825989416,Unintentional
User_19,2025-07-11 07:07:11,0.384,0.7223,Driving,Zep,Speeding,2way,0.0,80,4G,-94,48.0,16.0,0.024,40.27967665732347,21.752402972479633,Unintentional
User_48,2025-07-11 09:09:57,0.611,0.6023,Driving,Koila,Driving_Under_Influence,2way,0.0,40,5G,-108,61.0,-18.0,0.001323655478817,40.323481349535314,21.790367234724133,Unintentional
User_18,2025-07-11 09:47:59,0.271,0.5254,Walking,Koila,Speeding,2way,0.0,70,WiFi,-52,64.0,19.0,0.0060720169144304,40.321953088245145,21.791269839316445,Unintentional
User_90,2025-07-11 10:11:00,0.522,0.4484,Running,Koila,Speeding,2way,1.0,40,WiFi,-72,41.0,-16.0,0.025,40.32204689126197,21.79069524168638,Unintentional
User_07,2025-07-11 10:22:12,0.319,0.637,Walking,Ligeris,Speeding,2way,140.0,50,4G,-111,48.0,23.0,0.00595434810692,40.30632604377792,21.809104675204335,Unintentional
User_100,2025-07-11 10:30:25,0.592,0.5811,Running,Zep,6,1way,4.0,60,WiFi,-75,48.0,19.0,0.0090415361567305,40.27804451768834,21.75217448447952,Unintentional
User_25,2025-07-11 10:50:45,0.627,0.4403,Driving,Ligeris,Speeding,1way,0.0,40,3G,Ethernet,88.0,-22.0,0.0057271729697465,40.306858074062546,21.80839988499472,Unintentional
User_77,2025-07-11 17:59:13,0.347,0.5725,Walking,Zep,Driving_Under_Influence,2way,0.0,40,3G,-115,39.0,22.0,0.0098293841407592,40.280287593855995,21.754009601518604,Unintentional
User_87,2025-07-11 18:26:51,0.374,0.5725,Running,Koila,Speeding,4way,1.0,60,4G,-103,2.0,-16.0,0.022,40.32144736116528,21.791399050307767,Unintentional
User_62,2025-07-11 20:05:31,0.346,0.6353,Walking,Zep,Speeding,2way,2.0,30,5G,-104,93.0,4.0,0.042,40.278507146848256,21.754899482318542,Unintentional
User_98,2025-07-11 21:10:40,0.553,0.6279,Running,Koila,Speeding,2way,1.0,40,3G,-109,48.0,-15.0,0.041,40.321462145671816,21.791521071301517,Unintentional
User_88,2025-07-11 22:33:51,0.676,0.416,Walking,Ligeris,Speeding,2way,1.0,60,5G,-74,81.0,-8.0,0.024,40.30622692377462,21.79074877686298,Unintentional
User_92,2025-07-11 23:48:25,0.611,0.5725,Walking,Ligeris,Driving_Under_Influence,2way,0.0,30,WiFi,-85,12.0,-8.0,0.037,40.304476282174896,21.807585914327387,Unintentional
User_79,2025-07-12 00:24:44,0.426,0.4246,Running,Koila,Speeding,1way,1.0,30,5G,-103,19.0,-20.0,0.0057271729697465,40.30622692377462,21.790304833189456,Unintentional
User_80,2025-07-12 02:03:47,0.508,0.5725,Walking,Koila,Speeding,1way,0.0,40,3G,Ethernet,14.0,25.0,0.0042802554186376,40.32154196066056,21.79096768733199,Unintentional
User_32,2025-07-12 10:01:51,0.694,0.6868,Driving,Ligeris,Speeding,1way,0.0,60,4G,-93,50.0,17.0,0.0032737311664186,40.30639795018827,21.8060243946448,Unintentional
User_51,2025-07-12 12:22:06,0.708,0.7309,Driving,Zep,Driving_Under_Influence,1way,1.0,10,4G,-116,66.0,5.0,0.043,40.279580556188826,21.755421162389013,Unintentional
User_37,2025-07-12 15:20:14,0.528,0.7219,Driving,Zep,Speeding,1way,5.0,40,4G,-102,12.0,0.0,0.035,40.28023241431367,21.7548711940606,Unintentional
User_82,2025-07-12 17:31:35,0.499,0.7434,Walking,Koila,Driving_Under_Influence,2way,140.0,40,WiFi,-59,84.0,16.0,0.047,40.32180064256959,21.79239488201146,Unintentional
User_95,2025-07-12 17:57:50,0.739,0.4743,Driving,Ligeris,Driving_Under_Influence,2way,1.0,80,5G,-92,15.0,-23.0,0.0057271729697465,40.307673729953486,21.806819309830704,Unintentional
User_24,2025-07-12 18:41:21,0.7,0.5725,Running,Ligeris,Speeding,2way,1.0,40,4G,-119,20.0,18.0,0.0082125104912535,40.30622692377462,21.807474121420523,Unintentional
User_01,2025-07-12 23:57:49,0.618,0.7035,Running,Ligeris,Speeding,4way,0.0,60,3G,-118,14.0,24.0,0.0080332266108383,40.30622692377462,21.808181007853765,Unintentional
User_16,2025-07-13 00:24:04,0.438,0.5119,Walking,Koila,Driving_Under_Influence,4way,0.0,40,WiFi,-61,20.0,-19.0,0.0030100084994124,40.32107074159645,21.792117830794865,Unintentional
User_62,2025-07-13 01:05:03,0.346,0.6383,Walking,Koila,8,4way,0.0,80,3G,-101,82.0,-12.0,0.048,40.3222336435246,21.791258825989416,Unintentional
User_72,2025-07-13 04:13:43,0.508,0.4872,Walking,Koila,Reckless_Driving,2way,1.0,50,4G,-105,8.0,8.0,0.033,40.32109509679848,21.791558091056356,Unintentional
User_31,2025-07-13 08:48:43,0.72,0.6369,Walking,Koila,Speeding,1way,1.0,60,3G,-105,27.0,-10.0,0.049,40.30622692377462,21.791258825989416,Unintentional
User_63,2025-07-13 09:11:49,0.408,0.6074,Running,Koila,Driving_Under_Influence,2way,3.0,50,3G,-113,71.0,20.0,0.0088619197765848,40.322149589299904,21.790864548389813,Unintentional
User_69,2025-07-13 10:13:52,0.289,0.5366,Walking,Koila,Reckless_Driving,2way,1.0,50,5G,-112,31.0,-12.0,0.031,40.322469056193995,21.793119972377188,Unintentional
User_60,2025-07-13 11:53:32,0.602,0.6906,Running,Koila,Reckless_Driving,1way,150.0,50,4G,-115,48.0,-19.0,0.0091180775822555,40.32240542357181,21.79055567987475,Unintentional
User_01,2025-07-13 16:19:03,0.618,0.7055,Running,Zep,Speeding,2way,0.0,70,WiFi,-63,1.0,25.0,0.0070015154363002,40.27879121794433,21.752317168429013,Unintentional
User_66,2025-07-13 17:19:40,0.325,0.7737,Walking,Zep,Driving_Under_Influence,2way,1.0,40,5G,-90,89.0,3.0,0.026,40.28054991591949,21.754054144261016,Unintentional
User_26,2025-07-13 19:42:23,0.642,0.5442,Walking,Zep,Driving_Under_Influence,2way,1.0,30,3G,-114,95.0,-22.0,0.0057271729697465,40.280419404818986,21.75506093626987,Unintentional
User_89,2025-07-13 19:58:17,0.485,0.6933,Walking,Ligeris,Speeding,2way,1.0,Harassing_Driver,5G,Ethernet,88.0,-24.0,0.004966973992742,40.306226923442715,21.80749303914021,Unintentional
User_92,2025-07-13 20:13:05,0.611,0.7701,Driving,Ligeris,Driving_Under_Influence,2way,0.0,Lane_Discards,3G,Ethernet,12.0,-18.0,0.0077125339132833,40.30651541706655,21.80818355752959,Unintentional
User_27,2025-07-13 21:07:57,0.319,0.6996,Driving,Ligeris,Driving_Under_Influence,2way,0.0,10,WiFi,-54,73.0,22.0,0.0053663662063472,40.307179881413575,21.808022111067807,Unintentional
User_78,2025-07-13 22:02:47,0.64,0.5725,Running,Zep,Reckless_Driving,1way,1.0,90,5G,Ethernet,17.0,-17.0,0.0012108564711207,40.279325712945514,21.751240842053445,Unintentional
User_80,2025-07-14 00:16:58,0.313,0.6015,Driving,Ligeris,Speeding,2way,1.0,30,WiFi,Ethernet,92.0,-22.0,0.0061612461834987,40.30622692377462,21.80895077689094,Unintentional
User_64,2025-07-14 00:17:18,0.257,0.4016,Driving,Ligeris,Reckless_Driving,4way,0.0,50,4G,-116,40.0,-2.0,0.038,40.30482434413328,21.806999837128696,Unintentional
User_26,2025-07-14 00:18:28,0.642,0.5452,Walking,Zep,Speeding,2way,4.0,40,WiFi,Ethernet,90.0,20.0,0.0066731878619654,40.27780896397082,21.752955246565858,Unintentional
User_16,2025-07-14 02:38:00,0.438,0.5139,Driving,Koila,Speeding,1way,0.0,40,WiFi,-52,98.0,-17.0,0.0022714346019829,40.320829800021855,21.791261586724755,Unintentional
User_05,2025-07-14 06:14:42,0.311,0.5428,Walking,Koila,Driving_Under_Influence,2way,0.0,100,WiFi,-55,62.0,-13.0,0.034,40.32212419934629,21.792749715358312,Unintentional
User_59,2025-07-14 07:32:44,0.696,0.7568,Driving,Ligeris,Driving_Under_Influence,2way,0.0,60,WiFi,-55,47.0,-14.0,0.049,40.30620550762859,21.807500228984377,Unintentional
User_80,2025-07-14 07:47:19,0.313,0.6025,Running,Ligeris,Speeding,4way,1.0,30,WiFi,-64,85.0,-6.0,0.047,40.27881987453882,21.75249568653077,Unintentional
User_91,2025-07-14 07:50:03,0.409,0.4572,Driving,Koila,8,1way,1.0,50,3G,-113,12.0,-23.0,0.0088286024528842,40.32204185732344,21.78984174445474,Unintentional
User_33,2025-07-14 08:18:44,0.486,0.5296,Walking,Zep,Driving_Under_Influence,2way,1.0,10,5G,-119,3.0,8.0,0.043,40.28112591589856,21.791258825989416,Unintentional
User_53,2025-07-14 09:41:51,0.364,0.7567,Driving,Zep,Driving_Under_Influence,1way,0.0,60,3G,-77,48.0,17.0,0.005869215364034,40.28065802149047,21.75222025227403,Unintentional
User_30,2025-07-14 12:26:52,0.577,0.6565,Driving,Ligeris,Speeding,4way,1.0,40,3G,-120,98.0,-19.0,0.0043034985494315,40.3074285854456,21.808937216801805,Unintentional
User_92,2025-07-14 12:32:50,0.611,0.7711,Running,Ligeris,Reckless_Driving,2way,0.0,20,4G,-71,48.0,0.0,0.029,40.30622692377462,21.79124539132869,Unintentional
User_10,2025-07-14 13:05:49,0.719,0.7083,Walking,Ligeris,Driving_Under_Influence,2way,2.0,30,5G,Ethernet,78.0,23.0,0.0057271729697465,40.278591865208526,21.752866016423063,Unintentional
User_18,2025-07-14 16:18:38,0.271,0.5314,Driving,Ligeris,Reckless_Driving,4way,0.0,20,4G,-77,79.0,20.0,0.0012909843570961,40.30622692377462,21.807453530373948,Unintentional
User_94,2025-07-14 17:25:25,0.508,0.4528,Walking,Ligeris,Speeding,1way,150.0,80,WiFi,-79,48.0,-23.0,0.0065724856682072,40.30764224795246,21.807601753731443,Unintentional
User_06,2025-07-14 19:10:10,0.614,0.7623,Walking,Ligeris,Driving_Under_Influence,2way,2.0,60,3G,-76,86.0,-14.0,0.024,40.30674977268461,21.809308122273567,Unintentional
User_49,2025-07-14 21:40:46,0.508,0.496,Running,Ligeris,Reckless_Driving,2way,1.0,Illegal_Parking,4G,-82,48.0,-23.0,0.0047934597505148,40.30689079960687,21.806378825757086,Unintentional
User_20,2025-07-14 23:06:41,0.686,0.7184,Walking,Ligeris,Reckless_Driving,2way,1.0,50,5G,-120,21.0,-9.0,0.038,40.27997367231442,21.754744862801186,Unintentional
User_81,2025-07-15 05:20:20,0.482,0.6394,Running,Koila,Driving_Under_Influence,2way,0.0,60,3G,-82,23.0,-23.0,0.009950523977109,40.32233697020098,21.791144210361555,Unintentional
User_29,2025-07-15 05:44:33,0.309,0.6116,Running,Ligeris,Reckless_Driving,2way,2.0,Lane_Discards,3G,-114,62.0,16.0,0.027,40.279616200094885,21.75552815738702,Unintentional
User_63,2025-07-15 06:44:01,0.408,0.5725,Walking,Koila,Speeding,2way,160.0,90,WiFi,-57,22.0,-25.0,0.0079795193317059,40.32090555837316,21.79140712646889,Unintentional
User_24,2025-07-15 09:27:35,0.7,0.5725,Walking,Koila,Speeding,2way,0.0,50,5G,-94,20.0,-20.0,0.0010474478767588,40.32197943875096,21.789999503122473,Unintentional
User_50,2025-07-15 10:08:35,0.477,0.7177,Driving,Ligeris,Speeding,4way,0.0,50,5G,-70,83.0,-13.0,0.021,40.306237495161795,21.807491952251688,Unintentional
User_11,2025-07-15 15:18:18,0.508,0.5656,Walking,Koila,Driving_Under_Influence,2way,1.0,20,WiFi,-55,48.0,11.0,0.037,40.3237765609244,21.79117938501757,Unintentional
User_09,2025-07-15 16:37:05,0.377,0.7688,Walking,Ligeris,Speeding,2way,5.0,40,4G,Ethernet,86.0,21.0,0.0013115620264473,40.30626261073458,21.80760751026759,Unintentional
User_40,2025-07-15 18:41:24,0.498,0.6457,Running,Koila,Speeding,2way,0.0,70,WiFi,-88,76.0,10.0,0.044,40.321703886342576,21.79103957285424,Unintentional
User_87,2025-07-15 19:24:06,0.374,0.5366,Running,Ligeris,Driving_Under_Influence,1way,1.0,130,WiFi,-88,92.0,0.0,0.031,40.32061053242339,21.791258825989416,Unintentional
User_39,2025-07-15 20:20:38,0.685,0.5725,Driving,Zep,Driving_Under_Influence,2way,0.0,40,3G,-104,2.0,-14.0,0.034,40.279337405247006,21.75328004122325,Unintentional
User_25,2025-07-16 01:36:05,0.627,0.4503,Walking,Koila,Speeding,1way,1.0,10,4G,-106,13.0,-14.0,0.029,40.32100117690208,21.790002546818133,Unintentional
User_33,2025-07-16 02:23:27,0.486,0.5326,Running,Koila,Speeding,4way,0.0,30,WiFi,-72,41.0,3.0,0.039,40.32067570401048,21.791258825989416,Unintentional
User_39,2025-07-16 03:21:55,0.508,0.5725,Driving,Zep,7,2way,0.0,30,3G,-109,84.0,-2.0,0.039,40.278209019626345,21.753003096396355,Unintentional
User_26,2025-07-16 11:57:04,0.642,0.5502,Walking,Zep,Reckless_Driving,1way,1.0,90,3G,-71,63.0,-5.0,0.032,40.279084509383594,21.75156121667867,Unintentional
User_75,2025-07-16 13:16:22,0.544,0.7344,Walking,Koila,Speeding,1way,0.0,40,5G,-108,75.0,-3.0,0.034,40.322201018793976,21.79095141823969,Unintentional
User_17,2025-07-16 16:33:28,0.383,0.4182,Walking,Zep,Reckless_Driving,2way,0.0,Lane_Discards,WiFi,-86,48.0,21.0,0.0091763302835078,40.28133601519052,21.753529571473816,Unintentional
User_44,2025-07-16 20:19:06,0.332,0.4957,Walking,Ligeris,Driving_Under_Influence,1way,0.0,30,3G,Ethernet,49.0,-25.0,0.0057271729697465,40.30622692377462,21.806075734259593,Unintentional
User_73,2025-07-16 21:08:35,0.676,0.7498,Walking,Ligeris,Speeding,2way,0.0,10,4G,Ethernet,72.0,-4.0,0.034,40.30583704538259,21.791258825989416,Unintentional
User_72,2025-07-17 00:10:01,0.697,0.5725,Walking,Koila,Driving_Under_Influence,1way,0.0,90,3G,-71,99.0,17.0,0.0013611206429371,40.32141620546534,21.791627808213544,Unintentional
User_92,2025-07-17 00:18:22,0.508,0.5725,Driving,Koila,Reckless_Driving,1way,1.0,30,4G,-96,15.0,18.0,0.0081141626464489,40.32097623489159,21.7928485335683,Unintentional
User_25,2025-07-17 02:04:17,0.627,0.4523,Walking,Zep,Speeding,2way,1.0,50,5G,-113,89.0,9.0,0.028,40.277917248062856,21.7536267915213,Unintentional
User_50,2025-07-17 04:10:00,0.477,0.5725,Walking,Koila,Speeding,2way,1.0,40,3G,-69,36.0,-4.0,0.05,40.32349673179725,21.79260932197312,Unintentional
User_74,2025-07-17 04:25:22,0.6,0.4025,Driving,Zep,Driving_Under_Influence,2way,0.0,30,4G,-117,80.0,-20.0,0.0083064599850716,40.2795112021266,21.753388796575383,Unintentional
User_88,2025-07-17 04:43:52,0.676,0.427,Driving,Koila,Speeding,2way,1.0,40,5G,-97,16.0,-23.0,0.0069646582653116,40.32096935150477,21.78997889577264,Unintentional
User_75,2025-07-17 06:28:44,0.508,0.7364,Driving,Zep,Speeding,1way,1.0,30,WiFi,-58,48.0,20.0,0.0092223794343219,40.27821733848883,21.791258825989416,Unintentional
User_34,2025-07-17 06:57:37,0.401,0.5776,Running,Ligeris,Reckless_Driving,2way,0.0,40,3G,-87,50.0,-22.0,0.0057271729697465,40.30544933609712,21.808440731635585,Unintentional
User_87,2025-07-17 08:47:41,0.508,0.5406,Walking,Ligeris,Speeding,2way,1.0,30,3G,Ethernet,74.0,-6.0,0.036,40.305579346554815,21.808732887701463,Unintentional
User_76,2025-07-17 09:04:23,0.349,0.7686,Walking,Koila,Reckless_Driving,1way,3.0,40,3G,Ethernet,14.0,5.0,0.043,40.30622692377462,21.791268117335676,Unintentional
User_12,2025-07-17 10:48:37,0.251,0.4157,Driving,Ligeris,Speeding,1way,1.0,80,3G,-89,42.0,-19.0,0.0099739666462835,40.28014078489814,21.753361593824245,Unintentional
User_68,2025-07-17 11:27:34,0.736,0.7095,Walking,Zep,Speeding,1way,1.0,10,5G,-105,21.0,-25.0,0.0011330454832845,40.27966632058118,21.791258825989416,Unintentional
User_91,2025-07-17 11:39:31,0.508,0.4632,Driving,Zep,Driving_Under_Influence,2way,0.0,30,WiFi,-55,51.0,25.0,0.0057271729697465,40.28049058278944,21.754616586239905,Unintentional
User_79,2025-07-17 12:37:34,0.426,0.4356,Walking,Ligeris,Speeding,2way,1.0,30,4G,-84,12.0,-7.0,0.021,40.32353197228021,21.79228707470802,Unintentional
User_43,2025-07-17 13:06:01,0.255,0.6693,Walking,Zep,Speeding,2way,0.0,60,4G,-106,49.0,-25.0,0.0034396647719607,40.27899273682256,21.753564660555924,Unintentional
User_85,2025-07-17 17:46:59,0.572,0.7922,Walking,Zep,9,2way,0.0,90,3G,-99,80.0,2.0,0.05,40.27870885945507,21.75210818659202,Unintentional
User_93,2025-07-17 19:24:49,0.508,0.4981,Running,Koila,Speeding,2way,3.0,Lane_Discards,WiFi,-57,47.0,18.0,0.0051638626285019,40.322009440678066,21.789513064662096,Unintentional
User_20,2025-07-17 20:53:51,0.686,0.7244,Running,Zep,Driving_Under_Influence,4way,2.0,40,4G,-73,48.0,4.0,0.038,40.279653333698576,21.75283623533356,Unintentional
User_38,2025-07-17 22:41:00,0.448,0.5622,Walking,Zep,Driving_Under_Influence,2way,140.0,40,4G,-104,14.0,-11.0,0.042,40.28052469558398,21.75418248577043,Unintentional
User_55,2025-07-17 23:16:35,0.489,0.4698,Running,Zep,Speeding,2way,0.0,40,3G,-94,4.0,22.0,0.0091740873797491,40.28108540668936,21.791258825989416,Unintentional
User_99,2025-07-18 00:53:32,0.618,0.6033,Driving,Zep,Reckless_Driving,4way,2.0,90,WiFi,Ethernet,23.0,0.0,0.027,40.28060264348306,21.75170222151181,Unintentional
User_03,2025-07-18 01:10:24,0.381,0.5885,Driving,Ligeris,Reckless_Driving,1way,0.0,30,4G,-114,2.0,-6.0,0.021,40.32172739389005,21.790736138932953,Unintentional
User_70,2025-07-18 01:21:34,0.359,0.7312,Running,Ligeris,Reckless_Driving,4way,1.0,60,5G,Ethernet,100.0,8.0,0.032,40.307536006590944,21.80730960449081,Unintentional
User_87,2025-07-18 02:52:02,0.374,0.5426,Walking,Koila,Reckless_Driving,1way,1.0,20,3G,Ethernet,5.0,-9.0,0.023,40.322347488650415,21.79060120545054,Unintentional
User_05,2025-07-18 03:03:54,0.311,0.5508,Driving,Zep,Reckless_Driving,2way,1.0,30,4G,-83,93.0,21.0,0.0083625558177109,40.27899302461474,21.753101006565885,Unintentional
User_63,2025-07-18 04:58:46,0.408,0.6174,Driving,Koila,Reckless_Driving,4way,0.0,10,4G,-88,73.0,-14.0,0.025,40.3228291973117,21.791258825989416,Unintentional
User_65,2025-07-18 10:37:35,0.578,0.4903,Walking,Koila,Reckless_Driving,2way,0.0,Illegal_Parking,3G,-75,48.0,-13.0,0.03,40.322200971586426,21.79153126168745,Unintentional
User_88,2025-07-18 13:50:12,0.508,0.429,Walking,Ligeris,Speeding,4way,3.0,30,5G,-72,56.0,20.0,0.001486263610182,40.30622692377462,21.807537384136715,Unintentional
User_15,2025-07-18 16:02:26,0.585,0.4284,Driving,Zep,Speeding,4way,0.0,70,3G,-103,1.0,-24.0,0.003439153404569,40.30622692377462,21.75402701251009,Unintentional
User_32,2025-07-18 17:21:40,0.694,0.6988,Walking,Ligeris,Reckless_Driving,2way,1.0,10,5G,-117,38.0,23.0,0.0089014264675516,40.30622692377462,21.808101578295577,Unintentional
User_22,2025-07-18 18:32:30,0.712,0.4363,Running,Zep,Speeding,4way,1.0,40,5G,-74,98.0,0.0,0.044,40.27998359355158,21.752518179009343,Unintentional
User_90,2025-07-18 18:54:14,0.522,0.4614,Running,Koila,Reckless_Driving,2way,0.0,90,3G,-105,82.0,-3.0,0.036,40.32207603127393,21.791490966391606,Unintentional
User_29,2025-07-18 20:35:20,0.508,0.6186,Driving,Zep,Speeding,4way,2.0,80,3G,-67,54.0,-3.0,0.031,40.30622692377462,21.75325023562352,Unintentional
User_66,2025-07-19 05:33:26,0.508,0.7847,Running,Zep,Speeding,2way,0.0,80,3G,-114,48.0,2.0,0.034,40.30622692377462,21.754260510232637,Unintentional
User_82,2025-07-19 07:42:18,0.508,0.7564,Running,Koila,Speeding,2way,1.0,40,3G,-86,27.0,-18.0,0.0042682246196749,40.32157832215542,21.79157971876116,Unintentional
User_26,2025-07-19 16:33:35,0.508,0.5725,Driving,Ligeris,Reckless_Driving,2way,1.0,20,WiFi,-51,36.0,-25.0,0.0031039267522787,40.30605040243499,21.806903381997785,Unintentional
User_90,2025-07-19 18:17:46,0.522,0.4634,Driving,Ligeris,Driving_Under_Influence,1way,0.0,40,4G,-98,48.0,11.0,0.035,40.304593129810115,21.80684738378869,Unintentional
User_43,2025-07-19 21:13:26,0.255,0.5725,Walking,Ligeris,Driving_Under_Influence,2way,0.0,60,3G,Ethernet,73.0,19.0,0.0055734970678811,40.30678565941233,21.809322363900908,Unintentional
User_82,2025-07-19 22:02:54,0.499,0.5725,Driving,Koila,Reckless_Driving,2way,0.0,20,WiFi,-71,1.0,-8.0,0.028,40.32204705664629,21.791258825989416,Unintentional
User_16,2025-07-19 22:38:01,0.438,0.5249,Driving,Koila,Speeding,4way,1.0,30,4G,-105,97.0,18.0,0.0042540895666097,40.32224755004195,21.792163121241657,Unintentional
User_31,2025-07-20 03:13:31,0.72,0.6509,Running,Ligeris,Reckless_Driving,2way,1.0,20,4G,Ethernet,48.0,20.0,0.006667954396427,40.306606508277675,21.807675969887693,Unintentional
User_17,2025-07-20 08:27:50,0.383,0.4262,Driving,Zep,Driving_Under_Influence,1way,0.0,60,3G,-75,96.0,-25.0,0.0087346430992849,40.27987492824612,21.753457557545897,Unintentional
User_88,2025-07-20 11:20:02,0.676,0.5725,Walking,Koila,Speeding,2way,2.0,20,3G,-109,96.0,25.0,0.0053083102119397,40.32205182095774,21.791461981020927,Unintentional
User_74,2025-07-20 11:50:52,0.6,0.4085,Running,Ligeris,Driving_Under_Influence,2way,1.0,70,3G,-120,15.0,-20.0,0.009936402992783,40.30622692377462,21.809374824725275,Unintentional
User_86,2025-07-20 13:46:13,0.508,0.6683,Running,Ligeris,Reckless_Driving,4way,1.0,20,4G,-94,32.0,5.0,0.045,40.30724399986535,21.807014869732125,Unintentional
User_06,2025-07-20 13:49:20,0.614,0.5725,Driving,Ligeris,Speeding,4way,1.0,Lane_Discards,WiFi,Ethernet,21.0,-25.0,0.0076667180673309,40.306286949483585,21.807779758115203,Unintentional
User_52,2025-07-20 14:17:47,0.508,0.7389,Running,Ligeris,Driving_Under_Influence,1way,0.0,50,5G,-119,14.0,-2.0,0.034,40.30622692377462,21.806348974843463,Unintentional
User_59,2025-07-20 14:33:27,0.508,0.7698,Walking,Koila,Driving_Under_Influence,4way,0.0,70,5G,-93,48.0,23.0,0.0022702738594529,40.32082274606323,21.790385329357388,Unintentional
User_37,2025-07-20 20:15:32,0.528,0.7369,Walking,Ligeris,Speeding,1way,1.0,40,WiFi,-85,96.0,-7.0,0.05,40.305772116438995,21.791258825989416,Unintentional
User_02,2025-07-20 20:31:41,0.504,0.5858,Running,Ligeris,Driving_Under_Influence,2way,0.0,80,5G,Ethernet,3.0,-15.0,0.021,40.305289799442725,21.807805985900167,Unintentional
User_36,2025-07-20 21:35:58,0.394,0.5725,Driving,Ligeris,Speeding,2way,0.0,20,5G,-117,63.0,10.0,0.047,40.30453480769639,21.80806064911422,Unintentional
User_96,2025-07-20 22:29:11,0.722,0.4166,Running,Zep,Speeding,2way,1.0,30,WiFi,-59,50.0,-21.0,0.006194262501651,40.30622692377462,21.75458974933662,Unintentional
User_05,2025-07-20 23:19:54,0.508,0.5558,Driving,Ligeris,Reckless_Driving,2way,1.0,40,WiFi,Ethernet,71.0,-9.0,0.048,40.30622692377462,21.80807438160559,Unintentional
User_69,2025-07-21 04:53:18,0.289,0.5536,Walking,Zep,Reckless_Driving,2way,1.0,80,WiFi,-53,21.0,12.0,0.027,40.27978870260364,21.75226315796923,Unintentional
User_47,2025-07-21 05:12:48,0.636,0.5361,Running,Ligeris,Reckless_Driving,1way,3.0,80,4G,-115,87.0,23.0,0.0075696487480284,40.30614157073305,21.80727817449555,Unintentional
User_90,2025-07-21 08:41:14,0.522,0.4674,Walking,Ligeris,Driving_Under_Influence,2way,3.0,40,3G,-50,48.0,20.0,0.004468965088369,40.30562863018448,21.80648154311776,Unintentional
User_76,2025-07-21 12:13:48,0.349,0.7766,Driving,Koila,Speeding,1way,1.0,40,WiFi,Ethernet,48.0,-23.0,0.0013075335233479,40.32203289152332,21.79191771605142,Unintentional
User_33,2025-07-21 12:36:56,0.486,0.5426,Walking,Koila,Speeding,4way,1.0,20,3G,-120,19.0,0.0,0.029,40.32249387921513,21.791258825989416,Unintentional
User_100,2025-07-21 13:16:23,0.592,0.5725,Running,Koila,Speeding,2way,0.0,Lane_Discards,3G,-104,3.0,-10.0,0.025,40.32242505926915,21.79352112782363,Unintentional
User_74,2025-07-21 14:05:27,0.6,0.4115,Walking,Zep,6,1way,4.0,40,3G,-103,78.0,-19.0,0.0079617397727263,40.28062376970173,21.75466973173298,Unintentional
User_66,2025-07-21 14:11:25,0.325,0.7897,Running,Zep,Driving_Under_Influence,2way,1.0,40,3G,-88,86.0,5.0,0.035,40.279718594675266,21.75498360786593,Unintentional
User_20,2025-07-21 16:03:52,0.686,0.7314,Driving,Koila,Speeding,1way,1.0,30,3G,-90,8.0,17.0,0.0057271729697465,40.32086275861964,21.790364043630554,Unintentional
User_52,2025-07-21 16:21:10,0.399,0.7399,Walking,Koila,Reckless_Driving,4way,0.0,60,5G,-77,62.0,-21.0,0.0048243354395069,40.30622692377462,21.78972323670109,Unintentional
User_84,2025-07-21 16:37:01,0.689,0.5806,Walking,Zep,Driving_Under_Influence,4way,0.0,40,3G,-108,88.0,-19.0,0.0027048479568336,40.27996396371712,21.75278748212707,Unintentional
User_45,2025-07-21 18:01:02,0.446,0.4605,Driving,Ligeris,Reckless_Driving,2way,0.0,Harassing_Driver,4G,-100,67.0,16.0,0.046,40.307858463297784,21.80749288307484,Unintentional
User_78,2025-07-21 20:08:29,0.64,0.5026,Walking,Koila,Speeding,2way,0.0,80,3G,-80,48.0,-16.0,0.04,40.32040805884789,21.790636700362917,Unintentional
User_10,2025-07-21 21:00:13,0.719,0.7233,Walking,Ligeris,Speeding,4way,1.0,70,WiFi,-68,51.0,-25.0,0.0084840861292534,40.30765796969159,21.80630238660198,Unintentional
User_60,2025-07-21 22:48:18,0.602,0.7076,Running,Ligeris,Driving_Under_Influence,4way,0.0,50,3G,-81,29.0,-4.0,0.044,40.30574590796554,21.807430705558662,Unintentional
User_72,2025-07-22 04:24:07,0.697,0.5052,Running,Koila,Reckless_Driving,2way,0.0,50,3G,-113,31.0,7.0,0.026,40.3217579547867,21.791412720504074,Unintentional
User_31,2025-07-22 08:06:41,0.72,0.6559,Running,Zep,6,1way,1.0,30,4G,-120,97.0,-21.0,0.0010012679899404,40.27962577240231,21.791258825989416,Unintentional
User_75,2025-07-22 08:24:56,0.544,0.7474,Driving,Zep,Reckless_Driving,4way,0.0,50,WiFi,-57,48.0,2.0,0.044,40.278473549173455,21.751773589903852,Unintentional
User_66,2025-07-22 09:54:32,0.325,0.7907,Driving,Koila,Reckless_Driving,2way,0.0,90,5G,-71,57.0,-12.0,0.038,40.322059326715,21.791258825989416,Unintentional
User_99,2025-07-22 10:03:57,0.618,0.6113,Running,Ligeris,9,2way,3.0,80,3G,Ethernet,70.0,-23.0,0.0041321027270708,40.30516562304161,21.808501991811617,Unintentional
User_82,2025-07-22 12:32:59,0.499,0.7634,Walking,Zep,Speeding,1way,1.0,20,3G,-74,42.0,-5.0,0.04,40.279638668955215,21.75261291878904,Unintentional
User_51,2025-07-22 12:55:32,0.708,0.7509,Walking,Ligeris,Reckless_Driving,1way,1.0,50,5G,-92,58.0,24.0,0.0048147812300234,40.30770330951627,21.807503876916048,Unintentional
User_01,2025-07-22 13:45:14,0.618,0.7235,Walking,Ligeris,Speeding,2way,0.0,40,WiFi,-60,48.0,20.0,0.0031620550836714,40.30623850530267,21.80751016994447,Unintentional
User_72,2025-07-22 15:41:42,0.697,0.5062,Running,Zep,Driving_Under_Influence,4way,2.0,40,4G,-97,42.0,7.0,0.021,40.28070401014064,21.754591757067832,Unintentional
User_57,2025-07-22 19:49:41,0.733,0.5224,Walking,Ligeris,Reckless_Driving,1way,1.0,50,5G,-107,59.0,6.0,0.03,40.306387210352824,21.80764210074768,Unintentional
User_83,2025-07-22 21:18:49,0.453,0.6955,Walking,Koila,Driving_Under_Influence,4way,1.0,40,3G,-108,75.0,-13.0,0.027,40.30622692377462,21.791258825989416,Unintentional
User_46,2025-07-23 01:30:00,0.621,0.5939,Driving,Zep,Speeding,1way,2.0,20,5G,-113,70.0,-24.0,0.0057271729697465,40.28013987249156,21.753434735847858,Unintentional
User_66,2025-07-23 01:44:56,0.325,0.7927,Driving,Zep,Speeding,1way,2.0,70,4G,-74,18.0,7.0,0.049,40.27953750840993,21.75289134639728,Unintentional
User_65,2025-07-23 05:55:34,0.578,0.4993,Walking,Koila,Reckless_Driving,2way,1.0,70,3G,-73,11.0,19.0,0.0071972899896587,40.32266012336449,21.792568687460157,Unintentional
User_28,2025-07-23 06:09:53,0.561,0.5085,Walking,Ligeris,8,2way,1.0,30,3G,-50,39.0,-20.0,0.0073493448972797,40.30622692377462,21.8067261155939,Unintentional
User_48,2025-07-23 07:37:13,0.611,0.6273,Walking,Zep,Speeding,2way,1.0,50,3G,-81,46.0,-14.0,0.049,40.27888538839826,21.75329264527724,Unintentional
User_15,2025-07-23 11:19:00,0.585,0.4384,Walking,Ligeris,Speeding,2way,0.0,Illegal_Parking,5G,Ethernet,26.0,25.0,0.0030601379049061,40.27797326268607,21.75365170577551,Unintentional
User_61,2025-07-23 13:22:39,0.508,0.5045,Driving,Zep,Speeding,2way,140.0,40,3G,-110,90.0,24.0,0.008804495014048,40.28020720816908,21.753222096033923,Unintentional
User_55,2025-07-23 13:49:36,0.489,0.4808,Driving,Zep,Reckless_Driving,4way,2.0,20,4G,-110,98.0,11.0,0.034,40.28121343459497,21.753494805709412,Unintentional
User_79,2025-07-23 15:38:35,0.426,0.4476,Walking,Koila,Reckless_Driving,1way,1.0,40,4G,-117,75.0,-21.0,0.006921585852911,40.32139370643041,21.792094880768943,Unintentional
User_30,2025-07-23 16:44:36,0.508,0.6745,Walking,Ligeris,Driving_Under_Influence,2way,0.0,20,5G,-105,72.0,20.0,0.0014735547167442,40.32206303276627,21.79148110693527,Unintentional
User_66,2025-07-23 17:44:37,0.325,0.5725,Walking,Koila,Reckless_Driving,2way,0.0,40,3G,-71,47.0,1.0,0.033,40.321514539726394,21.792866148589077,Unintentional
User_94,2025-07-23 17:47:10,0.648,0.4708,Driving,Koila,Speeding,1way,0.0,70,3G,-111,92.0,-2.0,0.048,40.32193470363161,21.792150829577373,Unintentional
User_86,2025-07-23 17:57:45,0.63,0.6743,Running,Ligeris,Reckless_Driving,2way,0.0,40,5G,-88,31.0,-14.0,0.044,40.30591892073998,21.807513680263916,Unintentional
User_86,2025-07-23 18:24:31,0.63,0.6753,Walking,Ligeris,Driving_Under_Influence,1way,1.0,40,WiFi,-51,36.0,-19.0,0.0069051139016079,40.30675411701856,21.805740740108025,Unintentional
User_16,2025-07-23 18:55:21,0.438,0.5725,Running,Ligeris,Driving_Under_Influence,4way,140.0,20,3G,Ethernet,48.0,-5.0,0.049,40.28028847913087,21.753104357450457,Unintentional
User_21,2025-07-23 19:45:03,0.64,0.7695,Running,Zep,Speeding,2way,0.0,30,4G,-101,0.0,24.0,0.0014522484600613,40.27947436972794,21.75319819425316,Unintentional
User_76,2025-07-23 21:39:13,0.349,0.7816,Driving,Ligeris,Reckless_Driving,2way,0.0,80,3G,-94,93.0,-15.0,0.03,40.28053996855755,21.75318289151535,Unintentional
User_02,2025-07-24 00:07:53,0.504,0.5938,Walking,Zep,Speeding,2way,1.0,30,WiFi,-89,98.0,0.0,0.029,40.27967514894249,21.754238950314228,Unintentional
User_56,2025-07-24 01:13:13,0.419,0.5846,Driving,Koila,Reckless_Driving,2way,150.0,30,4G,-109,48.0,23.0,0.0097366356477196,40.32216551689777,21.79148229899807,Unintentional
User_64,2025-07-24 03:46:26,0.508,0.5725,Driving,Ligeris,Speeding,2way,0.0,10,WiFi,-52,4.0,23.0,0.0086525092281265,40.30622692377462,21.80784725283415,Unintentional
User_80,2025-07-24 06:08:41,0.313,0.6215,Driving,Koila,Speeding,2way,2.0,Harassing_Driver,3G,-74,60.0,21.0,0.0067000917184008,40.3228181452868,21.793151393290724,Unintentional
User_69,2025-07-24 08:28:46,0.289,0.5586,Walking,Ligeris,Speeding,2way,140.0,10,3G,-72,39.0,0.0,0.04,40.30613774706052,21.805825270813745,Unintentional
User_91,2025-07-24 12:14:03,0.409,0.4772,Driving,Zep,9,2way,0.0,30,WiFi,-60,21.0,-14.0,0.033,40.278481191143634,21.75409621548227,Unintentional
User_09,2025-07-24 13:39:46,0.377,0.7868,Driving,Zep,Reckless_Driving,1way,2.0,90,4G,-105,77.0,3.0,0.025,40.27925697948149,21.753463414897546,Unintentional
User_52,2025-07-24 14:55:29,0.399,0.7469,Running,Koila,Reckless_Driving,2way,2.0,60,3G,-73,18.0,9.0,0.043,40.32164488614357,21.79013321855136,Unintentional
User_76,2025-07-24 18:26:37,0.349,0.7836,Walking,Koila,Reckless_Driving,2way,0.0,40,3G,-90,48.0,18.0,0.006753574566712,40.32171747664548,21.79220160553,Unintentional
User_75,2025-07-24 19:58:15,0.544,0.7514,Running,Ligeris,8,1way,4.0,40,3G,-110,61.0,-12.0,0.036,40.30579322859154,21.80804431661963,Unintentional
User_92,2025-07-24 21:33:10,0.611,0.7921,Walking,Zep,Speeding,2way,0.0,30,4G,-82,48.0,-4.0,0.041,40.2793879135441,21.755158159281496,Unintentional
User_28,2025-07-25 00:27:20,0.561,0.5125,Walking,Koila,Speeding,2way,140.0,80,5G,-79,97.0,14.0,0.024,40.322106101334576,21.790624467164843,Unintentional
User_78,2025-07-25 01:07:41,0.508,0.5106,Driving,Ligeris,Driving_Under_Influence,2way,1.0,30,WiFi,-60,78.0,13.0,0.04,40.3074624567222,21.80789647865692,Unintentional
User_63,2025-07-25 02:14:37,0.508,0.6304,Running,Ligeris,Speeding,1way,150.0,60,5G,-118,6.0,16.0,0.038,40.30573130752427,21.808780868366103,Unintentional
User_73,2025-07-25 02:22:17,0.676,0.7668,Walking,Koila,Speeding,2way,1.0,30,WiFi,-65,17.0,18.0,0.0077806564801305,40.322293012929066,21.790870721620585,Unintentional
User_65,2025-07-25 02:47:02,0.578,0.5043,Walking,Ligeris,Driving_Under_Influence,1way,1.0,20,3G,-74,48.0,-16.0,0.025,40.30673472264532,21.807461559463153,Unintentional
User_98,2025-07-25 07:57:51,0.553,0.6559,Driving,Koila,Reckless_Driving,2way,1.0,40,3G,-113,65.0,-20.0,0.008570625203581,40.322422779405855,21.790964882950224,Unintentional
User_56,2025-07-25 12:32:11,0.419,0.5866,Driving,Koila,Driving_Under_Influence,2way,0.0,20,4G,-102,60.0,-23.0,0.0022051834007677,40.321272770978446,21.790747297213706,Unintentional
User_43,2025-07-25 15:12:41,0.255,0.6843,Walking,Zep,Speeding,2way,0.0,80,WiFi,-78,99.0,6.0,0.025,40.28001840083217,21.75314225939883,Unintentional
User_36,2025-07-25 18:46:39,0.394,0.5725,Walking,Koila,Reckless_Driving,2way,2.0,60,3G,Ethernet,46.0,24.0,0.0079989180524838,40.30622692377462,21.791228987732396,Unintentional
User_47,2025-07-25 19:02:49,0.636,0.5441,Driving,Koila,Reckless_Driving,2way,1.0,70,WiFi,Ethernet,60.0,-18.0,0.0057271729697465,40.32188063027959,21.790742099621617,Unintentional
User_99,2025-07-25 19:47:18,0.508,0.5725,Walking,Koila,Driving_Under_Influence,2way,1.0,40,3G,-71,22.0,-21.0,0.0074980482948667,40.30622692377462,21.79019380426642,Unintentional
User_81,2025-07-25 21:02:16,0.482,0.6594,Driving,Koila,Driving_Under_Influence,2way,1.0,Lane_Discards,3G,-82,15.0,-8.0,0.04,40.322261373540705,21.791258825989416,Unintentional
User_47,2025-07-25 21:55:33,0.636,0.5451,Driving,Ligeris,Reckless_Driving,1way,1.0,50,WiFi,Ethernet,56.0,7.0,0.044,40.30596751815316,21.80888682455753,Unintentional
User_85,2025-07-25 22:49:19,0.572,0.5725,Driving,Koila,6,2way,0.0,60,3G,-108,8.0,-23.0,0.0067402958212309,40.32172174506061,21.79150178817988,Unintentional
User_58,2025-07-25 23:18:32,0.669,0.544,Driving,Ligeris,Reckless_Driving,2way,2.0,30,4G,-82,4.0,-9.0,0.049,40.32377212286176,21.792076671833897,Unintentional
User_13,2025-07-26 01:59:59,0.657,0.5449,Running,Ligeris,Reckless_Driving,4way,1.0,50,4G,-88,49.0,-5.0,0.022,40.30622692377462,21.791258825989416,Unintentional
User_27,2025-07-26 05:36:48,0.319,0.7246,Running,Koila,Reckless_Driving,2way,2.0,40,4G,Ethernet,13.0,-13.0,0.023,40.321390702789465,21.791258825989416,Unintentional
User_99,2025-07-26 05:43:07,0.508,0.6203,Running,Koila,Driving_Under_Influence,2way,0.0,10,3G,-106,31.0,22.0,0.0074754364835289,40.32315256660389,21.791258825989416,Unintentional
User_74,2025-07-26 06:42:56,0.508,0.4205,Running,Ligeris,Reckless_Driving,1way,4.0,40,5G,-72,29.0,-24.0,0.0060980613720138,40.32197232536292,21.79247225535463,Unintentional
User_77,2025-07-26 07:34:05,0.347,0.5526,Running,Zep,Driving_Under_Influence,1way,2.0,20,4G,-94,16.0,-20.0,0.0057271729697465,40.27941595469326,21.752996710409548,Unintentional
User_39,2025-07-26 09:52:15,0.685,0.6738,Walking,Zep,Reckless_Driving,1way,2.0,30,5G,-85,12.0,-18.0,0.0038454053222742,40.27976018883541,21.791258825989416,Unintentional
User_52,2025-07-26 10:17:00,0.508,0.7499,Walking,Ligeris,Speeding,2way,1.0,90,5G,-81,36.0,-14.0,0.021,40.30614295276151,21.807356328327742,Unintentional
User_26,2025-07-26 11:27:58,0.642,0.5702,Driving,Zep,Speeding,2way,0.0,40,5G,-120,48.0,18.0,0.0057271729697465,40.28114941077491,21.752169326040818,Unintentional
User_43,2025-07-26 12:17:51,0.255,0.6873,Walking,Zep,Speeding,4way,0.0,50,WiFi,-53,100.0,21.0,0.0097499919648036,40.27960618196395,21.75322353750784,Unintentional
User_12,2025-07-26 12:51:24,0.251,0.5725,Walking,Koila,Speeding,2way,0.0,Illegal_Parking,3G,-79,30.0,-19.0,0.0053161177457001,40.30622692377462,21.792243811205385,Unintentional
User_01,2025-07-26 17:39:26,0.618,0.7315,Walking,Ligeris,Driving_Under_Influence,2way,0.0,80,4G,-88,39.0,2.0,0.043,40.30646305375079,21.807221871675516,Unintentional
User_92,2025-07-26 17:59:11,0.611,0.7961,Running,Ligeris,9,2way,0.0,70,5G,Ethernet,48.0,1.0,0.026,40.30513485886559,21.8085260486804,Unintentional
User_39,2025-07-26 21:57:43,0.685,0.6748,Walking,Ligeris,Reckless_Driving,2way,1.0,50,WiFi,-88,6.0,4.0,0.046,40.30652407579367,21.791258825989416,Unintentional
User_01,2025-07-27 00:15:09,0.618,0.7325,Running,Ligeris,Speeding,1way,2.0,20,4G,-104,89.0,-4.0,0.032,40.30622692377462,21.80617210829346,Unintentional
User_94,2025-07-27 02:23:16,0.648,0.4778,Walking,Koila,Speeding,2way,160.0,10,3G,-60,64.0,14.0,0.036,40.323678461691166,21.791501426337064,Unintentional
User_98,2025-07-27 03:17:35,0.553,0.6599,Walking,Koila,Speeding,2way,1.0,40,WiFi,-77,77.0,-24.0,0.0010177540784457,40.32319009044915,21.792275109854987,Unintentional
User_44,2025-07-27 03:17:40,0.508,0.5167,Walking,Ligeris,Reckless_Driving,2way,1.0,Illegal_Parking,4G,Ethernet,54.0,0.0,0.032,40.306437071961504,21.791258825989416,Unintentional
User_51,2025-07-27 07:19:53,0.708,0.7619,Running,Zep,Driving_Under_Influence,4way,1.0,40,4G,-101,48.0,22.0,0.0043871509089028,40.27835094712284,21.753567522204893,Unintentional
User_22,2025-07-27 09:23:11,0.712,0.4543,Walking,Ligeris,Speeding,1way,1.0,60,3G,-112,66.0,24.0,0.0028769735218191,40.30622692377462,21.791258825989416,Unintentional
User_89,2025-07-27 09:53:55,0.485,0.7223,Running,Ligeris,Driving_Under_Influence,2way,2.0,70,5G,-97,54.0,24.0,0.0010570766372659,40.3068841032449,21.806520043639985,Unintentional
User_43,2025-07-27 11:24:51,0.255,0.6883,Driving,Zep,Speeding,4way,1.0,10,5G,-106,15.0,24.0,0.0077879287965889,40.30622692377462,21.754774888490505,Unintentional
User_83,2025-07-27 17:09:45,0.453,0.7045,Running,Ligeris,Reckless_Driving,1way,1.0,80,WiFi,-85,98.0,23.0,0.0080939565119595,40.305995745057984,21.805512572223535,Unintentional
User_46,2025-07-27 19:23:19,0.621,0.6019,Running,Ligeris,Driving_Under_Influence,2way,0.0,20,4G,Ethernet,83.0,-20.0,0.0051113455281794,40.305908131795064,21.80726577503252,Unintentional
User_77,2025-07-28 01:42:22,0.347,0.5566,Running,Zep,Driving_Under_Influence,2way,0.0,20,WiFi,-89,67.0,-14.0,0.046,40.27979129212077,21.75241361293554,Unintentional
User_62,2025-07-28 02:58:55,0.346,0.5725,Walking,Koila,Speeding,1way,1.0,60,WiFi,-70,61.0,-23.0,0.0074062494107136,40.32198050375011,21.79104154482459,Unintentional
User_99,2025-07-28 03:29:14,0.618,0.6233,Walking,Zep,Speeding,2way,1.0,10,5G,-92,68.0,25.0,0.0083285441029665,40.28008874710506,21.751896141837005,Unintentional
User_91,2025-07-28 03:35:12,0.409,0.5725,Walking,Ligeris,Driving_Under_Influence,1way,0.0,30,3G,Ethernet,48.0,-18.0,0.0068627431369172,40.30656701648626,21.8083473214668,Unintentional
User_66,2025-07-28 09:33:33,0.325,0.8027,Running,Zep,Reckless_Driving,1way,0.0,50,5G,-73,58.0,22.0,0.009253863546097,40.30622692377462,21.752851092493508,Unintentional
User_20,2025-07-28 13:54:57,0.686,0.7464,Walking,Ligeris,Speeding,1way,0.0,80,5G,-71,69.0,-23.0,0.0079601315338027,40.30622692377462,21.80769092941085,Unintentional
User_01,2025-07-28 16:23:57,0.618,0.7345,Driving,Zep,Speeding,1way,1.0,20,4G,-82,44.0,-17.0,0.0043793843860972,40.27947950125165,21.791258825989416,Unintentional
User_100,2025-07-28 17:21:53,0.592,0.5725,Running,Ligeris,Speeding,2way,3.0,50,WiFi,-57,71.0,-24.0,0.0073105740218803,40.30684852946628,21.808539781792323,Unintentional
User_48,2025-07-28 17:49:19,0.611,0.6363,Running,Ligeris,Reckless_Driving,2way,1.0,80,5G,-99,15.0,24.0,0.0038604956036546,40.30683933061942,21.807228216778633,Unintentional
User_60,2025-07-28 18:25:54,0.602,0.7216,Walking,Zep,Speeding,2way,0.0,20,4G,-87,66.0,8.0,0.025,40.28106253585826,21.754110989308828,Unintentional
User_69,2025-07-28 18:29:17,0.289,0.5666,Walking,Koila,Speeding,2way,2.0,80,5G,-101,57.0,-11.0,0.027,40.32214494126501,21.79006790402679,Unintentional
User_69,2025-07-28 19:12:24,0.289,0.5725,Driving,Koila,Reckless_Driving,2way,1.0,40,WiFi,-90,74.0,9.0,0.044,40.321974590326064,21.7900661585229,Unintentional
User_75,2025-07-28 19:52:31,0.544,0.7584,Driving,Ligeris,Reckless_Driving,2way,0.0,80,5G,-110,15.0,-11.0,0.046,40.30544918242558,21.808555458994444,Unintentional
User_80,2025-07-29 00:55:40,0.508,0.5725,Walking,Zep,Speeding,2way,3.0,40,4G,-80,75.0,25.0,0.0041421724254661,40.28029004010278,21.753355908245204,Unintentional
User_25,2025-07-29 03:00:58,0.627,0.5725,Driving,Ligeris,Driving_Under_Influence,2way,0.0,80,5G,-77,48.0,-24.0,0.0035205102606583,40.305311196093726,21.807175611293104,Unintentional
User_05,2025-07-29 03:18:17,0.311,0.5728,Walking,Ligeris,Speeding,2way,150.0,50,4G,-108,13.0,-13.0,0.03,40.28080288006947,21.791258825989416,Unintentional
User_74,2025-07-29 03:58:15,0.6,0.5725,Walking,Koila,Reckless_Driving,2way,0.0,10,3G,Ethernet,49.0,18.0,0.0083891644544849,40.32227833433187,21.791258825989416,Unintentional
User_68,2025-07-29 04:32:12,0.736,0.7335,Running,Ligeris,Speeding,1way,1.0,50,5G,Ethernet,48.0,18.0,0.0099203417778853,40.30588510150084,21.807712171251325,Unintentional
User_64,2025-07-29 09:18:05,0.257,0.4316,Running,Ligeris,Reckless_Driving,1way,1.0,90,3G,-119,48.0,-7.0,0.037,40.3072502410382,21.791258825989416,Unintentional
User_13,2025-07-29 09:40:14,0.657,0.5509,Driving,Ligeris,Reckless_Driving,2way,1.0,30,3G,-83,54.0,-20.0,0.0070774624853005,40.30591336068246,21.807110168771636,Unintentional
User_48,2025-07-29 21:28:45,0.508,0.6393,Walking,Zep,Speeding,1way,1.0,70,3G,-73,57.0,0.0,0.024,40.27920188170483,21.791258825989416,Unintentional
User_57,2025-07-29 23:26:46,0.733,0.5364,Running,Ligeris,Speeding,2way,0.0,10,4G,-103,7.0,-1.0,0.021,40.32094978459489,21.78976316499716,Unintentional
User_10,2025-07-29 23:47:24,0.719,0.7393,Walking,Zep,Speeding,1way,1.0,30,5G,-79,96.0,20.0,0.0039141304012645,40.28017770895177,21.752380649030577,Unintentional
User_63,2025-07-30 01:27:34,0.408,0.6404,Running,Ligeris,Speeding,2way,0.0,20,3G,Ethernet,2.0,20.0,0.0090756827997576,40.30782008980188,21.808365731222658,Unintentional
User_94,2025-07-30 04:03:26,0.648,0.4838,Driving,Ligeris,Speeding,2way,2.0,10,3G,-112,85.0,25.0,0.008602771098588,40.307548466239574,21.807689793437955,Unintentional
User_58,2025-07-30 04:11:15,0.669,0.554,Walking,Koila,Speeding,1way,0.0,30,4G,-89,83.0,-21.0,0.0057271729697465,40.32244400724471,21.791254593280115,Unintentional
User_36,2025-07-30 07:08:11,0.394,0.7559,Driving,Koila,Reckless_Driving,1way,0.0,90,4G,-94,75.0,12.0,0.049,40.320720096813886,21.789902913823415,Unintentional
User_35,2025-07-30 09:49:28,0.379,0.6276,Walking,Ligeris,Speeding,1way,0.0,40,3G,-88,68.0,3.0,0.047,40.306979492641226,21.8064180809435,Unintentional
User_34,2025-07-30 10:43:42,0.401,0.6026,Running,Koila,Speeding,2way,150.0,40,4G,-100,82.0,-6.0,0.034,40.321023965733055,21.78976071954905,Unintentional
User_51,2025-07-30 13:28:54,0.508,0.7669,Driving,Koila,7,2way,1.0,80,4G,-120,78.0,-18.0,0.0072175792647045,40.32193534513713,21.79078669672622,Unintentional
User_67,2025-07-30 13:48:10,0.557,0.6026,Driving,Koila,Driving_Under_Influence,2way,3.0,90,3G,-101,56.0,10.0,0.038,40.32128641876071,21.79203778586626,Unintentional
User_13,2025-07-30 15:05:30,0.657,0.5725,Driving,Ligeris,Reckless_Driving,2way,0.0,60,WiFi,-54,31.0,16.0,0.046,40.30622692377462,21.80603035466025,Unintentional
User_11,2025-07-30 16:30:14,0.539,0.5956,Driving,Zep,8,2way,0.0,30,3G,-109,13.0,18.0,0.0045278030293911,40.28074928268805,21.753959636305936,Unintentional
User_71,2025-07-30 17:31:56,0.431,0.705,Running,Ligeris,Speeding,2way,0.0,60,4G,-101,31.0,0.0,0.033,40.30607390317915,21.807454725555072,Unintentional
User_33,2025-07-30 18:14:22,0.486,0.5725,Driving,Ligeris,Speeding,4way,1.0,60,4G,-82,22.0,-3.0,0.034,40.30622692377462,21.752018975308214,Unintentional
User_72,2025-07-30 20:51:10,0.697,0.5222,Running,Ligeris,Speeding,1way,2.0,50,5G,-71,56.0,-3.0,0.025,40.30603069044995,21.791258825989416,Unintentional
User_23,2025-07-30 20:54:05,0.669,0.7856,Running,Zep,Reckless_Driving,1way,1.0,40,3G,-88,32.0,2.0,0.037,40.30622692377462,21.75309020247545,Unintentional
User_59,2025-07-31 00:34:34,0.696,0.7908,Walking,Koila,9,2way,2.0,90,4G,-119,1.0,-11.0,0.04,40.32318128801779,21.792044548179295,Unintentional
User_82,2025-07-31 03:27:01,0.499,0.7804,Walking,Ligeris,Speeding,2way,1.0,40,WiFi,-86,43.0,-15.0,0.036,40.32269487471562,21.791312244933582,Unintentional
User_13,2025-07-31 03:55:18,0.657,0.5549,Running,Koila,Driving_Under_Influence,2way,1.0,60,WiFi,-71,100.0,-24.0,0.0083281081395636,40.30622692377462,21.791551419490386,Unintentional
User_01,2025-07-31 05:25:24,0.618,0.7405,Driving,Ligeris,Driving_Under_Influence,1way,0.0,30,4G,-71,22.0,-17.0,0.0057271729697465,40.30564993243439,21.808670875882413,Unintentional
User_21,2025-07-31 09:19:54,0.64,0.7845,Walking,Koila,Driving_Under_Influence,2way,0.0,10,3G,-85,27.0,-5.0,0.046,40.321480466719834,21.78926248794514,Unintentional
User_91,2025-07-31 10:16:22,0.409,0.4922,Walking,Ligeris,Driving_Under_Influence,1way,2.0,60,5G,-115,64.0,0.0,0.033,40.30622692377462,21.80753731544897,Unintentional
User_17,2025-07-31 10:19:49,0.508,0.4482,Walking,Ligeris,Reckless_Driving,2way,1.0,40,3G,-90,48.0,23.0,0.0057351100069976,40.30587417131235,21.806260369386592,Unintentional
User_06,2025-07-31 11:19:47,0.614,0.5725,Driving,Ligeris,Driving_Under_Influence,1way,0.0,50,3G,-112,77.0,-19.0,0.0064711484975659,40.306267952622015,21.791258825989416,Unintentional
User_54,2025-07-31 11:58:17,0.508,0.5701,Walking,Zep,Reckless_Driving,4way,5.0,30,5G,Ethernet,50.0,-23.0,0.0062372031083184,40.30622692377462,21.751555286908648,Unintentional
User_45,2025-07-31 12:28:28,0.508,0.4805,Running,Zep,Speeding,2way,2.0,50,4G,-98,73.0,21.0,0.0026743732242158,40.28109056854875,21.752327669219397,Unintentional
User_38,2025-07-31 12:55:41,0.448,0.5892,Driving,Ligeris,Speeding,2way,1.0,10,WiFi,-61,56.0,19.0,0.007754717087672,40.30762394757846,21.791258825989416,Unintentional
User_69,2025-07-31 13:59:08,0.289,0.5726,Walking,Koila,Driving_Under_Influence,1way,1.0,70,3G,-119,26.0,24.0,0.0074566564774624,40.32072160728161,21.790845952290724,Unintentional
User_20,2025-07-31 16:28:35,0.686,0.7524,Running,Ligeris,Driving_Under_Influence,2way,1.0,60,WiFi,-89,89.0,21.0,0.0047235164551699,40.30729612956994,21.80568926975107,Unintentional
User_99,2025-07-31 17:37:13,0.618,0.6303,Walking,Zep,Speeding,2way,1.0,30,3G,-52,67.0,-5.0,0.022,40.280363418302045,21.75509517140694,Unintentional
User_66,2025-07-31 17:56:59,0.325,0.8097,Running,Ligeris,Speeding,2way,1.0,50,3G,Ethernet,83.0,-4.0,0.044,40.30548343849456,21.80799860457284,Unintentional
User_05,2025-07-31 19:09:39,0.311,0.5778,Walking,Ligeris,Reckless_Driving,1way,140.0,90,WiFi,-71,31.0,-1.0,0.028,40.30657641097349,21.791258825989416,Unintentional
User_69,2025-07-31 20:45:25,0.289,0.5736,Walking,Koila,Speeding,2way,1.0,90,WiFi,-59,38.0,13.0,0.026,40.3221812337148,21.7914688597586,Unintentional
User_62,2025-07-31 23:12:11,0.346,0.6753,Walking,Ligeris,8,2way,1.0,70,5G,Ethernet,60.0,19.0,0.0014835076563239,40.27827611428255,21.752073164288245,Unintentional
User_76,2025-08-01 01:44:21,0.349,0.7986,Running,Koila,Reckless_Driving,2way,2.0,10,5G,-107,97.0,16.0,0.038,40.322039049392494,21.79034276805619,Unintentional
User_12,2025-08-01 06:53:25,0.251,0.4457,Driving,Ligeris,Driving_Under_Influence,1way,0.0,10,5G,-88,0.0,24.0,0.0089282913534473,40.3059221303209,21.809090625039968,Unintentional
User_31,2025-08-01 06:56:24,0.72,0.6759,Walking,Zep,Reckless_Driving,1way,1.0,70,WiFi,-70,81.0,17.0,0.0057271729697465,40.28057862249329,21.75377363261097,Unintentional
User_92,2025-08-01 08:01:40,0.611,0.8081,Running,Ligeris,Speeding,2way,2.0,80,3G,-71,47.0,13.0,0.035,40.30666429587513,21.80805285357532,Unintentional
User_29,2025-08-01 10:35:35,0.309,0.6466,Running,Zep,Speeding,1way,1.0,60,3G,-91,53.0,-19.0,0.0086441701515053,40.30622692377462,21.752147301962182,Unintentional
User_94,2025-08-01 10:57:39,0.648,0.4878,Driving,Koila,Driving_Under_Influence,2way,0.0,80,5G,-115,78.0,-20.0,0.0011662188664232,40.32214080006287,21.792903606178427,Unintentional
User_88,2025-08-01 11:52:01,0.676,0.458,Running,Koila,Speeding,4way,1.0,20,WiFi,-58,48.0,-16.0,0.045,40.3219523509841,21.790894019074393,Unintentional
User_84,2025-08-01 12:21:31,0.689,0.6016,Walking,Koila,Driving_Under_Influence,1way,1.0,40,WiFi,-76,83.0,25.0,0.0057271729697465,40.3234339233272,21.791243020211756,Unintentional
User_08,2025-08-01 13:34:13,0.325,0.8016,Walking,Ligeris,Speeding,4way,0.0,40,3G,-76,4.0,19.0,0.0080642896049757,40.30591461536492,21.80837874357943,Unintentional
User_16,2025-08-01 15:16:07,0.508,0.5499,Driving,Ligeris,Driving_Under_Influence,1way,5.0,10,4G,Ethernet,89.0,16.0,0.027,40.30622692377462,21.80824625745189,Unintentional
User_59,2025-08-01 20:56:01,0.696,0.7938,Running,Zep,Speeding,1way,0.0,10,3G,-117,59.0,-13.0,0.042,40.279068948778765,21.791258825989416,Unintentional
User_74,2025-08-01 21:20:26,0.6,0.4335,Driving,Ligeris,Speeding,2way,0.0,50,5G,-91,69.0,3.0,0.022,40.30622692377462,21.753243403484703,Unintentional
User_47,2025-08-01 21:25:54,0.636,0.5591,Walking,Koila,Driving_Under_Influence,2way,1.0,70,3G,-110,70.0,4.0,0.029,40.32234086110914,21.789774552833684,Unintentional
User_96,2025-08-01 23:06:47,0.722,0.5725,Driving,Zep,Driving_Under_Influence,2way,0.0,20,3G,-80,88.0,-25.0,0.0095270695423844,40.27979996504642,21.75378874221388,Unintentional
User_10,2025-08-01 23:17:08,0.719,0.5725,Driving,Koila,Speeding,2way,160.0,40,3G,-72,48.0,12.0,0.031,40.321252326455046,21.792290071850648,Unintentional
User_87,2025-08-02 01:07:17,0.374,0.5726,Running,Koila,Reckless_Driving,4way,1.0,40,3G,-97,9.0,17.0,0.0068049811557543,40.322259896240304,21.790913971469656,Unintentional
User_24,2025-08-02 03:49:57,0.7,0.651,Driving,Zep,Speeding,1way,1.0,40,WiFi,-80,88.0,24.0,0.0041251372530293,40.278081543260654,21.791258825989416,Unintentional
User_71,2025-08-02 05:02:21,0.431,0.711,Running,Zep,Speeding,2way,1.0,70,4G,-93,13.0,-17.0,0.00143472534982,40.279325158159345,21.752660753042257,Unintentional
User_79,2025-08-02 05:12:38,0.426,0.4666,Walking,Zep,Reckless_Driving,2way,1.0,Harassing_Driver,3G,-51,60.0,3.0,0.037,40.30622692377462,21.75183762772824,Unintentional
User_88,2025-08-02 11:42:00,0.676,0.459,Walking,Zep,Speeding,1way,1.0,20,5G,-102,8.0,-24.0,0.0091559018325644,40.30622692377462,21.791258825989416,Unintentional
User_39,2025-08-02 16:32:50,0.685,0.6878,Running,Koila,Reckless_Driving,4way,1.0,60,WiFi,Ethernet,21.0,-7.0,0.026,40.322091004587975,21.791124472180293,Unintentional
User_92,2025-08-02 18:47:06,0.611,0.8101,Driving,Ligeris,Speeding,2way,140.0,40,WiFi,-70,95.0,0.0,0.048,40.30592687380391,21.80707920312253,Unintentional
User_84,2025-08-02 20:57:38,0.689,0.6046,Walking,Ligeris,Reckless_Driving,1way,1.0,40,4G,-103,42.0,21.0,0.0058997857038781,40.3054313197067,21.809252936452864,Unintentional
User_57,2025-08-02 21:16:29,0.733,0.5444,Driving,Zep,Speeding,2way,0.0,40,4G,-83,86.0,7.0,0.043,40.28033575436994,21.753917252999237,Unintentional
User_71,2025-08-02 21:20:57,0.431,0.712,Driving,Ligeris,Driving_Under_Influence,1way,1.0,40,4G,Ethernet,83.0,12.0,0.03,40.30607954177869,21.806702743679978,Unintentional
User_44,2025-08-02 22:01:24,0.332,0.5297,Driving,Koila,Speeding,2way,1.0,Harassing_Driver,3G,-72,39.0,2.0,0.032,40.32183019823982,21.79011679728562,Unintentional
User_34,2025-08-02 22:13:19,0.401,0.6096,Walking,Zep,Speeding,2way,0.0,80,4G,Ethernet,30.0,0.0,0.029,40.27993455985258,21.755021917513726,Unintentional
User_42,2025-08-02 22:49:26,0.577,0.5725,Walking,Zep,Driving_Under_Influence,2way,0.0,80,3G,-91,25.0,25.0,0.0092352083050323,40.2805395461809,21.752202124538453,Unintentional
User_04,2025-08-03 01:34:01,0.295,0.5725,Driving,Koila,Speeding,1way,1.0,50,5G,-102,48.0,-21.0,0.0021584836065828,40.322261873976274,21.789693359301907,Unintentional
User_43,2025-08-03 03:35:55,0.255,0.7023,Driving,Ligeris,Reckless_Driving,1way,1.0,40,5G,-97,40.0,20.0,0.0054284463822516,40.30622692377462,21.806705583860417,Unintentional
User_49,2025-08-03 06:06:10,0.508,0.535,Walking,Koila,Reckless_Driving,1way,1.0,30,5G,-113,54.0,-22.0,0.0090163496169879,40.32259001679001,21.791258825989416,Unintentional
User_48,2025-08-03 06:26:31,0.611,0.5725,Running,Koila,Reckless_Driving,2way,1.0,Illegal_Parking,3G,-81,61.0,11.0,0.032,40.32274833153373,21.791966347507746,Unintentional
User_92,2025-08-03 07:08:18,0.611,0.8121,Walking,Zep,Speeding,2way,150.0,60,3G,Ethernet,5.0,8.0,0.047,40.28041147808657,21.752209533279935,Unintentional
User_97,2025-08-03 13:57:59,0.296,0.7859,Driving,Koila,Driving_Under_Influence,2way,3.0,20,3G,-113,24.0,-19.0,0.0057271729697465,40.32278976303584,21.791258825989416,Unintentional
User_31,2025-08-03 19:27:33,0.72,0.6799,Driving,Ligeris,Driving_Under_Influence,2way,3.0,40,WiFi,-63,18.0,4.0,0.039,40.306413165692035,21.80650827633519,Unintentional
User_27,2025-08-03 19:28:33,0.508,0.7416,Running,Koila,Speeding,2way,0.0,30,WiFi,Ethernet,53.0,-23.0,0.0024990204175806,40.32212277041524,21.793203312276265,Unintentional
User_33,2025-08-04 00:17:40,0.486,0.5706,Running,Zep,Reckless_Driving,1way,0.0,20,WiFi,Ethernet,68.0,15.0,0.035,40.27947623751104,21.7537049953981,Unintentional
User_55,2025-08-04 02:51:19,0.508,0.5048,Walking,Zep,Driving_Under_Influence,2way,1.0,130,5G,-113,4.0,-1.0,0.048,40.27889071751738,21.75196763623751,Unintentional
User_80,2025-08-04 05:30:12,0.313,0.6435,Driving,Ligeris,Driving_Under_Influence,1way,0.0,60,3G,-106,66.0,-24.0,0.0091974582673144,40.278559690109425,21.752599980717505,Unintentional
User_40,2025-08-04 05:51:46,0.498,0.6857,Walking,Koila,Reckless_Driving,2way,1.0,20,3G,-78,13.0,-1.0,0.025,40.30622692377462,21.79159039705686,Unintentional
User_02,2025-08-04 10:20:50,0.508,0.6168,Running,Zep,Reckless_Driving,2way,0.0,40,3G,-70,48.0,-1.0,0.029,40.279364270585475,21.75299206167668,Unintentional
User_08,2025-08-04 11:54:32,0.325,0.8066,Driving,Zep,Driving_Under_Influence,2way,0.0,10,3G,Ethernet,63.0,17.0,0.0031553576727318,40.30622692377462,21.754206246860875,Unintentional
User_34,2025-08-04 13:46:49,0.401,0.6136,Driving,Ligeris,Driving_Under_Influence,2way,4.0,40,4G,-80,16.0,-22.0,0.0038839547967126,40.32277869434767,21.79277449643331,Unintentional
User_68,2025-08-04 17:22:13,0.736,0.7465,Driving,Koila,Driving_Under_Influence,1way,2.0,20,4G,-109,97.0,18.0,0.0079898842122468,40.30622692377462,21.789742605010883,Unintentional
User_21,2025-08-04 19:30:00,0.64,0.7925,Running,Ligeris,Speeding,2way,1.0,80,5G,-81,26.0,23.0,0.0036808895557326,40.27855529018929,21.752972394956583,Unintentional
User_04,2025-08-04 20:17:25,0.295,0.4929,Driving,Koila,Reckless_Driving,1way,1.0,80,4G,Ethernet,95.0,13.0,0.045,40.32251144383854,21.791937800987267,Unintentional
User_55,2025-08-04 22:03:09,0.489,0.5058,Driving,Ligeris,Reckless_Driving,1way,1.0,40,WiFi,-67,48.0,22.0,0.0036340708095208,40.30619830398594,21.8083320581719,Unintentional
User_08,2025-08-05 00:45:04,0.325,0.8086,Walking,Koila,Driving_Under_Influence,2way,2.0,10,5G,-74,89.0,-10.0,0.021,40.322084632649265,21.791257337536106,Unintentional
User_57,2025-08-05 02:38:53,0.508,0.5504,Running,Ligeris,Reckless_Driving,2way,0.0,40,3G,Ethernet,89.0,-2.0,0.042,40.32186039713987,21.79096376120276,Unintentional
User_03,2025-08-05 03:14:17,0.381,0.6245,Walking,Ligeris,Speeding,2way,0.0,30,3G,-115,93.0,-3.0,0.039,40.320487427735976,21.79201326303843,Unintentional
User_68,2025-08-05 04:54:38,0.736,0.7475,Driving,Koila,Speeding,2way,0.0,30,4G,-115,15.0,0.0,0.047,40.30622692377462,21.789883199305663,Unintentional
User_73,2025-08-05 07:56:44,0.676,0.7888,Running,Koila,Speeding,2way,1.0,Harassing_Driver,4G,-83,81.0,22.0,0.008447711798369,40.32220062140526,21.791124242565427,Unintentional
User_04,2025-08-05 09:18:09,0.295,0.4939,Driving,Zep,Speeding,1way,1.0,30,3G,Ethernet,77.0,9.0,0.025,40.28044314084805,21.752412185000797,Unintentional
User_22,2025-08-05 11:10:01,0.712,0.4733,Driving,Ligeris,Driving_Under_Influence,2way,3.0,40,4G,-100,83.0,-18.0,0.0031071279254821,40.30570589800356,21.80795815086246,Unintentional
User_24,2025-08-05 12:20:57,0.7,0.657,Walking,Koila,Driving_Under_Influence,4way,160.0,40,3G,Ethernet,15.0,-4.0,0.024,40.3210367184752,21.790719561527727,Unintentional
User_47,2025-08-05 15:16:55,0.636,0.5671,Driving,Koila,Reckless_Driving,2way,0.0,40,3G,-84,46.0,5.0,0.041,40.322478275610834,21.789925191371346,Unintentional
User_45,2025-08-05 15:27:41,0.508,0.4915,Running,Ligeris,Speeding,2way,0.0,50,5G,-116,2.0,21.0,0.0058010209718075,40.28010760074073,21.75150522453842,Unintentional
User_68,2025-08-05 15:33:56,0.736,0.7485,Walking,Ligeris,8,2way,1.0,80,5G,-115,48.0,25.0,0.0022390149941581,40.28038452933661,21.752342961406253,Unintentional
User_37,2025-08-05 15:47:21,0.528,0.7699,Driving,Ligeris,Reckless_Driving,2way,4.0,40,4G,-103,48.0,-3.0,0.043,40.30617918597351,21.807681014594223,Unintentional
User_06,2025-08-05 19:33:43,0.614,0.8063,Driving,Ligeris,Speeding,2way,1.0,40,5G,-113,51.0,-23.0,0.0029768397934621,40.30518318728531,21.80690853893745,Unintentional
User_15,2025-08-05 19:40:34,0.585,0.4654,Driving,Zep,Driving_Under_Influence,1way,2.0,90,3G,Ethernet,20.0,19.0,0.0011120228249679,40.27905061551096,21.75425263433982,Unintentional
User_93,2025-08-05 20:34:55,0.508,0.5361,Walking,Ligeris,Speeding,2way,1.0,60,5G,-94,48.0,19.0,0.0057271729697465,40.30595867176172,21.80953881349872,Unintentional
User_76,2025-08-05 21:18:02,0.349,0.8076,Walking,Ligeris,Driving_Under_Influence,2way,1.0,40,3G,-82,48.0,25.0,0.0017543443323581,40.28047217255443,21.75221153577173,Unintentional
User_38,2025-08-05 23:02:02,0.448,0.6002,Walking,Ligeris,Speeding,2way,1.0,30,3G,-111,26.0,-16.0,0.047,40.30695348030518,21.80829581731549,Unintentional
User_83,2025-08-06 00:29:06,0.453,0.7245,Driving,Zep,Reckless_Driving,1way,0.0,60,5G,Ethernet,27.0,20.0,0.0057271729697465,40.28036635755343,21.754304803233396,Unintentional
User_59,2025-08-06 02:58:08,0.696,0.8028,Running,Zep,Reckless_Driving,1way,4.0,50,4G,-99,38.0,-3.0,0.033,40.30622692377462,21.753739045380208,Unintentional
User_95,2025-08-06 03:20:53,0.739,0.5233,Driving,Ligeris,Reckless_Driving,1way,140.0,60,4G,-106,82.0,0.0,0.022,40.30622692377462,21.808583785391935,Unintentional
User_47,2025-08-06 05:50:13,0.636,0.5681,Running,Koila,Reckless_Driving,1way,1.0,30,3G,-81,29.0,-5.0,0.035,40.32191124706963,21.79185315921211,Unintentional
User_97,2025-08-06 06:01:22,0.296,0.7909,Walking,Zep,Driving_Under_Influence,2way,140.0,30,WiFi,-73,69.0,16.0,0.032,40.2788870950976,21.754609781492057,Unintentional
User_54,2025-08-06 08:26:37,0.508,0.5811,Running,Ligeris,Speeding,1way,0.0,70,WiFi,Ethernet,35.0,-25.0,0.0097385859726131,40.30522857082897,21.791258825989416,Unintentional
User_62,2025-08-06 09:19:59,0.346,0.6863,Running,Ligeris,Speeding,2way,160.0,20,WiFi,-68,60.0,-9.0,0.047,40.306153572791885,21.80795708129686,Unintentional
User_03,2025-08-06 09:54:15,0.381,0.6275,Driving,Ligeris,Speeding,1way,1.0,30,4G,-91,18.0,-25.0,0.0030600168179446,40.30602743025044,21.807523110682588,Unintentional
User_57,2025-08-06 10:48:08,0.733,0.5514,Walking,Ligeris,Reckless_Driving,2way,1.0,40,5G,Ethernet,34.0,-13.0,0.042,40.2805514696892,21.791258825989416,Unintentional
User_87,2025-08-06 10:49:28,0.374,0.5806,Driving,Koila,Speeding,4way,3.0,40,3G,-72,23.0,20.0,0.0014075987420382,40.32349879743233,21.79134234995217,Unintentional
User_43,2025-08-06 10:50:16,0.255,0.7083,Walking,Ligeris,Reckless_Driving,2way,0.0,50,WiFi,-84,69.0,-19.0,0.0073683020099747,40.306668184287126,21.805856342893623,Unintentional
User_16,2025-08-06 16:29:00,0.438,0.5609,Walking,Ligeris,Reckless_Driving,2way,0.0,90,WiFi,-66,98.0,-17.0,0.0038219192642233,40.30630106711587,21.80753921348159,Unintentional
User_53,2025-08-06 17:17:34,0.364,0.8017,Running,Zep,Reckless_Driving,1way,1.0,50,3G,-119,100.0,25.0,0.0072862825446343,40.279336765096865,21.75430943304884,Unintentional
User_27,2025-08-06 18:42:40,0.319,0.5725,Running,Ligeris,Driving_Under_Influence,2way,1.0,20,3G,-101,48.0,18.0,0.00138026159511,40.32117483731871,21.790772924129957,Unintentional
User_20,2025-08-06 19:55:47,0.686,0.7644,Driving,Koila,Reckless_Driving,2way,0.0,30,4G,-89,33.0,19.0,0.0017456487292446,40.32355152482077,21.79195834645163,Unintentional
User_10,2025-08-06 20:03:58,0.719,0.7553,Driving,Ligeris,Speeding,1way,0.0,90,WiFi,-69,68.0,17.0,0.0085301197836232,40.30505320382995,21.80685230297467,Unintentional
User_40,2025-08-06 20:21:27,0.508,0.6907,Running,Koila,Reckless_Driving,2way,0.0,40,3G,-115,48.0,-20.0,0.0057271729697465,40.30622692377462,21.79111108002854,Unintentional
User_49,2025-08-06 20:32:40,0.483,0.542,Driving,Ligeris,Speeding,2way,0.0,40,4G,-86,47.0,8.0,0.033,40.32117353027065,21.79022826151828,Unintentional
User_81,2025-08-06 21:38:46,0.482,0.5725,Driving,Koila,Speeding,2way,0.0,80,3G,-107,91.0,0.0,0.028,40.30622692377462,21.792656587361034,Unintentional
User_99,2025-08-06 22:15:56,0.618,0.6423,Walking,Ligeris,Speeding,2way,0.0,20,4G,-77,39.0,0.0,0.034,40.30569129227229,21.808355194027275,Unintentional
User_99,2025-08-07 00:02:19,0.618,0.6433,Walking,Zep,Reckless_Driving,2way,0.0,30,5G,Ethernet,16.0,15.0,0.021,40.30622692377462,21.791258825989416,Unintentional
User_71,2025-08-07 00:10:56,0.431,0.721,Running,Koila,Speeding,1way,1.0,50,5G,Ethernet,53.0,-19.0,0.0057271729697465,40.32203520546108,21.791258825989416,Unintentional
User_58,2025-08-07 02:18:07,0.669,0.569,Running,Koila,Speeding,1way,1.0,40,3G,-78,23.0,0.0,0.046,40.32165638313429,21.79124648966647,Unintentional
User_98,2025-08-07 04:36:40,0.553,0.6819,Driving,Koila,Speeding,2way,1.0,10,3G,Ethernet,42.0,6.0,0.038,40.30622692377462,21.790873965537983,Unintentional
User_04,2025-08-07 12:07:05,0.295,0.4979,Driving,Koila,Speeding,2way,0.0,60,3G,-63,62.0,-18.0,0.004491599724037,40.32133036669949,21.78994353220697,Unintentional
User_60,2025-08-07 12:17:46,0.602,0.7406,Walking,Ligeris,Driving_Under_Influence,2way,0.0,40,WiFi,-62,48.0,-1.0,0.037,40.30568520999621,21.806426803125127,Unintentional
User_92,2025-08-07 12:18:06,0.611,0.8201,Driving,Ligeris,Driving_Under_Influence,4way,1.0,40,WiFi,-85,50.0,-13.0,0.032,40.30725150479068,21.80700321719592,Unintentional
User_22,2025-08-07 12:49:53,0.712,0.5725,Walking,Zep,Reckless_Driving,1way,2.0,20,3G,-78,83.0,-6.0,0.033,40.28052030226456,21.75513980399197,Unintentional
User_19,2025-08-07 15:07:42,0.384,0.7763,Running,Ligeris,Reckless_Driving,4way,1.0,80,3G,-95,12.0,25.0,0.0075846489361309,40.307945955802005,21.807743159267567,Unintentional
User_02,2025-08-07 17:25:53,0.508,0.6228,Walking,Ligeris,Speeding,2way,5.0,40,3G,-86,8.0,-25.0,0.0032666715640166,40.30622692377462,21.793014151192207,Unintentional
User_03,2025-08-07 17:53:34,0.381,0.6295,Walking,Zep,Reckless_Driving,2way,0.0,40,3G,-108,56.0,-9.0,0.035,40.27861353598114,21.754095289085623,Unintentional
User_75,2025-08-07 18:17:08,0.544,0.7794,Walking,Koila,Driving_Under_Influence,1way,1.0,40,WiFi,-50,69.0,1.0,0.03,40.30622692377462,21.79147614856557,Unintentional
User_85,2025-08-07 20:09:47,0.508,0.8342,Walking,Zep,Speeding,2way,0.0,20,3G,-89,41.0,-8.0,0.028,40.27919855131544,21.754625873725672,Unintentional
User_77,2025-08-07 21:05:37,0.347,0.5776,Running,Koila,Driving_Under_Influence,4way,2.0,40,4G,Ethernet,42.0,-18.0,0.0017011586968389,40.32198484724141,21.79150978898009,Unintentional
User_79,2025-08-07 23:18:27,0.426,0.4776,Running,Ligeris,Speeding,2way,1.0,40,WiFi,Ethernet,65.0,-2.0,0.021,40.30622692377462,21.80753026676699,Unintentional
User_38,2025-08-08 01:28:01,0.448,0.5725,Driving,Ligeris,Reckless_Driving,2way,0.0,20,4G,-94,88.0,1.0,0.046,40.30670109034927,21.80893019611216,Unintentional
User_25,2025-08-08 05:06:41,0.627,0.5725,Walking,Ligeris,Driving_Under_Influence,2way,1.0,60,4G,-97,88.0,-13.0,0.032,40.30463039228664,21.807532327430465,Unintentional
User_16,2025-08-08 05:12:49,0.438,0.5639,Walking,Zep,Driving_Under_Influence,2way,1.0,40,WiFi,-59,10.0,-3.0,0.025,40.27873685049246,21.753627553992004,Unintentional
User_27,2025-08-08 07:24:47,0.319,0.7506,Driving,Zep,Reckless_Driving,4way,1.0,10,3G,-88,45.0,-22.0,0.0057271729697465,40.279617303381606,21.791258825989416,Unintentional
User_78,2025-08-08 14:00:25,0.64,0.5386,Driving,Ligeris,Speeding,2way,2.0,40,3G,-108,94.0,-21.0,0.005133805341758,40.2794767599453,21.754464007604337,Unintentional
User_86,2025-08-08 15:51:05,0.63,0.7063,Walking,Koila,Speeding,4way,1.0,50,WiFi,-72,86.0,-20.0,0.0072701607734166,40.32289289825813,21.789489061248464,Unintentional
User_89,2025-08-08 19:14:23,0.485,0.7463,Running,Zep,Speeding,2way,160.0,60,5G,-70,70.0,23.0,0.0020049650809434,40.278834037264225,21.753269239856607,Unintentional
User_81,2025-08-08 19:36:06,0.482,0.5725,Walking,Koila,Speeding,1way,0.0,40,WiFi,-60,22.0,17.0,0.0048198451291148,40.32345155352094,21.79169409065956,Unintentional
User_02,2025-08-08 20:41:42,0.504,0.6248,Walking,Zep,Reckless_Driving,1way,0.0,30,3G,-112,48.0,-14.0,0.039,40.2784719146532,21.791258825989416,Unintentional
User_19,2025-08-08 21:37:32,0.384,0.5725,Walking,Ligeris,Reckless_Driving,4way,1.0,70,5G,-94,82.0,24.0,0.0067109350831373,40.306092264464546,21.807156003805694,Unintentional
User_61,2025-08-08 22:01:41,0.261,0.5375,Driving,Ligeris,Speeding,2way,1.0,90,5G,-118,48.0,-6.0,0.045,40.30462871015538,21.80769863367682,Unintentional
User_64,2025-08-09 02:05:51,0.257,0.5725,Driving,Zep,Driving_Under_Influence,2way,0.0,40,4G,-110,6.0,2.0,0.047,40.280169990726755,21.75342622582093,Unintentional
User_18,2025-08-09 02:19:05,0.271,0.5834,Walking,Koila,Driving_Under_Influence,4way,1.0,20,3G,-81,20.0,-25.0,0.0051567923505774,40.322226164232006,21.78965415413276,Unintentional
User_70,2025-08-09 05:10:58,0.359,0.5725,Walking,Ligeris,Speeding,2way,1.0,30,3G,-86,82.0,0.0,0.032,40.30691036769846,21.808563132725343,Unintentional
User_02,2025-08-09 07:27:19,0.504,0.5725,Driving,Ligeris,Reckless_Driving,1way,5.0,50,3G,-86,91.0,-16.0,0.032,40.30622692377462,21.807738060130415,Unintentional
User_09,2025-08-09 08:31:36,0.508,0.8188,Driving,Koila,Speeding,2way,5.0,50,WiFi,-56,12.0,-7.0,0.033,40.30622692377462,21.790365446128828,Unintentional
User_42,2025-08-09 09:16:01,0.577,0.5725,Driving,Koila,Driving_Under_Influence,2way,0.0,10,3G,-85,88.0,15.0,0.028,40.321118931875354,21.791258825989416,Unintentional
User_01,2025-08-09 10:17:20,0.618,0.7595,Walking,Ligeris,Speeding,1way,0.0,40,3G,Ethernet,48.0,4.0,0.042,40.30665362101965,21.8078440908314,Unintentional
User_25,2025-08-09 10:24:55,0.627,0.4983,Driving,Koila,Speeding,2way,0.0,100,4G,Ethernet,62.0,-11.0,0.026,40.32196536017526,21.79022996691332,Unintentional
User_87,2025-08-09 10:41:47,0.374,0.5866,Walking,Zep,Reckless_Driving,2way,1.0,Lane_Discards,4G,-118,99.0,-7.0,0.045,40.27976356850761,21.751744369136723,Unintentional
User_89,2025-08-09 12:36:52,0.485,0.7473,Walking,Ligeris,Speeding,2way,0.0,40,WiFi,-85,25.0,-19.0,0.0057271729697465,40.30610239096356,21.807812485463028,Unintentional
User_71,2025-08-09 13:52:15,0.431,0.725,Driving,Ligeris,Driving_Under_Influence,1way,0.0,60,5G,-72,35.0,-18.0,0.0066849860814579,40.30560745042882,21.806633797530445,Unintentional
User_78,2025-08-09 14:11:29,0.508,0.5416,Driving,Ligeris,Speeding,1way,0.0,40,WiFi,-70,89.0,0.0,0.045,40.306763060972145,21.791258825989416,Unintentional
User_58,2025-08-09 14:29:23,0.508,0.574,Driving,Ligeris,Speeding,4way,0.0,Lane_Discards,WiFi,-82,70.0,16.0,0.03,40.30622692377462,21.807833713258653,Unintentional
User_74,2025-08-09 15:23:41,0.6,0.4485,Driving,Koila,Driving_Under_Influence,2way,160.0,80,3G,-77,45.0,-17.0,0.0049915490208604,40.30622692377462,21.791258825989416,Unintentional
User_23,2025-08-09 19:15:05,0.669,0.8056,Driving,Zep,Reckless_Driving,4way,0.0,30,5G,-93,20.0,24.0,0.0074388745848334,40.2811068648296,21.75224454171312,Unintentional
User_93,2025-08-09 19:47:03,0.418,0.5431,Walking,Koila,Speeding,4way,0.0,60,WiFi,-58,84.0,25.0,0.0082032257146556,40.32192253961324,21.79100991558281,Unintentional
User_73,2025-08-09 20:05:23,0.676,0.7978,Walking,Ligeris,Driving_Under_Influence,4way,0.0,10,WiFi,-54,14.0,21.0,0.0043341242457376,40.30758174248871,21.807003052847797,Unintentional
User_07,2025-08-10 00:48:22,0.319,0.697,Walking,Ligeris,Driving_Under_Influence,2way,0.0,80,WiFi,-61,97.0,-19.0,0.0049939869067831,40.30655956049282,21.807390789732157,Unintentional
User_50,2025-08-10 04:30:35,0.477,0.7697,Driving,Ligeris,Reckless_Driving,1way,0.0,40,3G,-83,75.0,0.0,0.044,40.3227052441466,21.79120734778132,Unintentional
User_93,2025-08-10 14:02:03,0.508,0.5451,Walking,Ligeris,6,2way,1.0,60,4G,-110,81.0,-13.0,0.041,40.30661408176691,21.80572271464699,Unintentional
User_04,2025-08-10 14:39:30,0.295,0.5049,Driving,Ligeris,Driving_Under_Influence,2way,1.0,40,5G,-108,52.0,-23.0,0.0021903117547269,40.30796947191958,21.806956176123183,Unintentional
User_36,2025-08-10 15:05:49,0.394,0.7789,Running,Koila,Speeding,2way,3.0,Harassing_Driver,WiFi,Ethernet,19.0,-22.0,0.0089593154481346,40.32212914775477,21.79159788634557,Unintentional
User_01,2025-08-10 16:03:25,0.618,0.7615,Driving,Ligeris,Speeding,4way,140.0,40,WiFi,-67,31.0,19.0,0.0051207697103928,40.3233680424102,21.791330356959183,Unintentional
User_21,2025-08-10 17:58:26,0.64,0.8045,Walking,Koila,Speeding,1way,0.0,40,3G,-86,6.0,19.0,0.0087015788312135,40.323283633225174,21.791109556005388,Unintentional
User_78,2025-08-10 18:46:00,0.64,0.5436,Walking,Koila,Driving_Under_Influence,2way,1.0,70,3G,-108,67.0,11.0,0.028,40.30622692377462,21.791825567460243,Unintentional
User_92,2025-08-10 20:31:50,0.508,0.8261,Walking,Ligeris,Speeding,2way,1.0,40,4G,Ethernet,21.0,-5.0,0.022,40.30622692377462,21.80895763546649,Unintentional
User_40,2025-08-10 20:54:44,0.498,0.6987,Driving,Zep,Reckless_Driving,2way,0.0,20,4G,-116,2.0,21.0,0.0055254911894853,40.27974924856112,21.75388736154311,Unintentional
User_49,2025-08-10 22:04:33,0.483,0.55,Driving,Ligeris,Reckless_Driving,2way,0.0,40,WiFi,-60,10.0,0.0,0.036,40.30509454966517,21.806489924544778,Unintentional
User_14,2025-08-11 03:07:55,0.549,0.4607,Walking,Ligeris,Speeding,2way,0.0,40,4G,-74,48.0,-18.0,0.0056470465907789,40.30648733631958,21.791258825989416,Unintentional
User_78,2025-08-11 03:09:13,0.64,0.5725,Walking,Ligeris,Driving_Under_Influence,4way,4.0,50,WiFi,-89,33.0,-19.0,0.0027022099221741,40.30727915885593,21.80878108505119,Unintentional
User_86,2025-08-11 03:38:41,0.63,0.5725,Walking,Ligeris,Speeding,4way,160.0,30,3G,-89,72.0,1.0,0.038,40.30622692377462,21.807506911205863,Unintentional
User_62,2025-08-11 05:45:31,0.346,0.6973,Driving,Ligeris,Speeding,2way,1.0,Harassing_Driver,3G,-81,32.0,21.0,0.0070549152667495,40.30622881883957,21.807492328044948,Unintentional
User_88,2025-08-11 06:04:16,0.676,0.478,Running,Koila,Speeding,4way,160.0,60,4G,-96,45.0,-22.0,0.0089800894240901,40.322094882002055,21.79137855470369,Unintentional
User_51,2025-08-11 06:30:18,0.508,0.7919,Walking,Zep,Driving_Under_Influence,2way,0.0,40,3G,-107,76.0,-22.0,0.0033224566767447,40.28100245289308,21.754178465224424,Unintentional
User_65,2025-08-11 07:25:24,0.578,0.5725,Running,Ligeris,Driving_Under_Influence,1way,0.0,40,5G,-75,79.0,25.0,0.0070395743821563,40.30622302981301,21.791258825989416,Unintentional
User_57,2025-08-11 07:52:46,0.508,0.5614,Walking,Ligeris,Driving_Under_Influence,2way,2.0,30,3G,Ethernet,61.0,17.0,0.005884472906988,40.32195747634671,21.791817292053,Unintentional
User_42,2025-08-11 08:20:33,0.577,0.7102,Running,Zep,Driving_Under_Influence,2way,0.0,40,4G,-115,95.0,4.0,0.023,40.278520683217,21.754926193671213,Unintentional
User_26,2025-08-11 09:50:28,0.508,0.6022,Running,Zep,Speeding,2way,0.0,40,3G,-76,61.0,-4.0,0.026,40.27936750909937,21.752559043346206,Unintentional
User_01,2025-08-11 11:25:30,0.618,0.5725,Walking,Koila,Reckless_Driving,4way,1.0,20,WiFi,-55,71.0,-3.0,0.029,40.32197220409968,21.79134752087144,Unintentional
User_14,2025-08-11 13:17:06,0.549,0.4617,Walking,Ligeris,Reckless_Driving,2way,0.0,60,WiFi,Ethernet,82.0,24.0,0.0054497472129888,40.30622420368249,21.807485774036447,Unintentional
User_93,2025-08-11 13:23:11,0.418,0.5481,Walking,Zep,Reckless_Driving,4way,2.0,Lane_Discards,4G,-79,2.0,-9.0,0.049,40.27868591066926,21.791258825989416,Unintentional
User_81,2025-08-11 14:40:11,0.482,0.6924,Walking,Zep,Speeding,2way,0.0,80,3G,-79,89.0,9.0,0.028,40.278641906527305,21.791258825989416,Unintentional
User_17,2025-08-11 16:01:43,0.383,0.5725,Walking,Ligeris,Speeding,4way,1.0,60,5G,-109,54.0,22.0,0.0011106572877233,40.30606136122827,21.80829426012852,Unintentional
User_90,2025-08-11 17:06:04,0.508,0.5104,Driving,Ligeris,Speeding,2way,2.0,30,WiFi,-57,9.0,2.0,0.023,40.3236419711968,21.790403316293656,Unintentional
User_58,2025-08-11 21:08:33,0.508,0.577,Driving,Ligeris,Driving_Under_Influence,1way,1.0,20,4G,Ethernet,48.0,-4.0,0.041,40.306665260159185,21.807171513741142,Unintentional
User_22,2025-08-11 23:58:58,0.508,0.4853,Running,Koila,Speeding,2way,1.0,40,3G,-76,48.0,21.0,0.0079328188179282,40.32159095378709,21.791258825989416,Unintentional
User_27,2025-08-12 00:09:32,0.319,0.7586,Running,Koila,Driving_Under_Influence,2way,3.0,Harassing_Driver,3G,-89,51.0,15.0,0.03,40.32308468276224,21.791329604962975,Unintentional
User_77,2025-08-12 00:09:45,0.347,0.5866,Driving,Koila,Driving_Under_Influence,2way,1.0,Lane_Discards,5G,-88,86.0,-7.0,0.044,40.3221310040801,21.79093063277994,Unintentional
User_39,2025-08-12 01:23:31,0.685,0.7078,Driving,Koila,Speeding,4way,1.0,40,3G,-70,15.0,-20.0,0.0044536200318817,40.32125820344566,21.791018978398203,Unintentional
User_64,2025-08-12 01:35:57,0.257,0.4596,Walking,Ligeris,Reckless_Driving,4way,1.0,20,4G,-71,27.0,-11.0,0.029,40.3050871504706,21.807350738313456,Unintentional
User_18,2025-08-12 02:51:21,0.271,0.5894,Walking,Zep,Speeding,4way,160.0,40,3G,-99,74.0,-22.0,0.0024483125906625,40.30622692377462,21.753536499665813,Unintentional
User_62,2025-08-12 03:53:51,0.346,0.6983,Running,Zep,Driving_Under_Influence,2way,0.0,80,3G,-120,20.0,-21.0,0.0057271729697465,40.27945128975763,21.752747988353985,Unintentional
User_29,2025-08-12 06:05:46,0.309,0.6676,Walking,Ligeris,Speeding,2way,1.0,40,WiFi,-68,65.0,0.0,0.024,40.30622692377462,21.806962298450262,Unintentional
User_24,2025-08-12 09:27:14,0.508,0.672,Walking,Zep,Speeding,2way,2.0,60,4G,-97,68.0,-19.0,0.0019261997357734,40.279513286318675,21.791258825989416,Unintentional
User_69,2025-08-12 11:37:38,0.289,0.5966,Running,Zep,Speeding,2way,0.0,70,WiFi,-89,67.0,-17.0,0.0055579989053674,40.2806463300287,21.753671238276763,Unintentional
User_23,2025-08-12 12:54:26,0.669,0.8106,Running,Ligeris,Speeding,2way,0.0,40,3G,-101,53.0,-6.0,0.044,40.30622692377462,21.807485755591028,Unintentional
User_79,2025-08-12 19:29:11,0.426,0.4876,Walking,Zep,Speeding,2way,0.0,20,WiFi,Ethernet,3.0,6.0,0.025,40.27972177947187,21.753456283047896,Unintentional
User_31,2025-08-12 21:43:21,0.508,0.6979,Running,Koila,Speeding,2way,0.0,40,4G,-106,58.0,3.0,0.035,40.32098956392594,21.79273680838033,Unintentional
User_98,2025-08-13 08:06:23,0.508,0.6929,Walking,Zep,Driving_Under_Influence,1way,1.0,20,3G,-72,74.0,-20.0,0.0057271729697465,40.27817421469375,21.753394080672248,Unintentional
User_13,2025-08-13 08:11:23,0.657,0.5809,Running,Koila,Speeding,4way,0.0,70,5G,-101,86.0,0.0,0.032,40.32154609775565,21.79271535311744,Unintentional
User_64,2025-08-13 08:37:08,0.508,0.5725,Driving,Zep,Driving_Under_Influence,1way,0.0,10,WiFi,-73,11.0,-20.0,0.0096610722535105,40.27885296578437,21.791258825989416,Unintentional
User_88,2025-08-13 12:16:56,0.676,0.5725,Driving,Koila,Reckless_Driving,2way,3.0,50,WiFi,-55,48.0,-11.0,0.046,40.32162681149666,21.792058341262152,Unintentional
User_94,2025-08-13 16:19:19,0.648,0.5128,Walking,Ligeris,Reckless_Driving,2way,3.0,40,WiFi,-68,96.0,-10.0,0.025,40.30622692377462,21.791258825989416,Unintentional
User_32,2025-08-13 16:30:00,0.508,0.7508,Walking,Koila,Reckless_Driving,2way,1.0,Illegal_Parking,WiFi,-68,48.0,17.0,0.0034762069490162,40.32075593624549,21.78990635321137,Unintentional
User_58,2025-08-13 18:04:43,0.669,0.581,Running,Ligeris,Speeding,2way,1.0,40,3G,-55,42.0,-23.0,0.0094848216018909,40.30668007883711,21.791258825989416,Unintentional
User_99,2025-08-13 19:38:14,0.618,0.6553,Walking,Zep,Reckless_Driving,1way,1.0,20,4G,-83,35.0,-19.0,0.0057271729697465,40.279721710758416,21.791258825989416,Unintentional
User_22,2025-08-13 20:23:43,0.712,0.4893,Walking,Zep,Speeding,2way,1.0,40,4G,-87,16.0,-3.0,0.038,40.27820543921811,21.75361539892573,Unintentional
User_99,2025-08-13 21:02:30,0.618,0.6563,Walking,Koila,Speeding,1way,140.0,60,3G,Ethernet,48.0,-10.0,0.047,40.32203716232991,21.792013469752835,Unintentional
User_60,2025-08-13 23:19:01,0.602,0.7536,Running,Koila,Reckless_Driving,2way,0.0,70,3G,-80,12.0,-8.0,0.045,40.321274330839636,21.792999611805723,Unintentional
User_70,2025-08-14 04:36:19,0.359,0.5725,Walking,Ligeris,Reckless_Driving,1way,0.0,40,3G,-52,48.0,-25.0,0.0011059772073181,40.305845437039046,21.80597952512048,Unintentional
User_21,2025-08-14 08:05:24,0.508,0.8125,Walking,Ligeris,Reckless_Driving,2way,1.0,60,3G,Ethernet,81.0,20.0,0.0084657996086474,40.32190734756736,21.789192198327125,Unintentional
User_34,2025-08-14 08:37:34,0.401,0.6326,Running,Koila,Speeding,2way,1.0,50,4G,-80,55.0,-21.0,0.0035203031331648,40.32256144945249,21.79011309946137,Unintentional
User_57,2025-08-14 09:39:59,0.733,0.5725,Walking,Koila,Speeding,2way,2.0,70,4G,-120,81.0,-25.0,0.0088184076056629,40.30622692377462,21.792477679004403,Unintentional
User_76,2025-08-14 10:02:53,0.349,0.8246,Walking,Zep,Driving_Under_Influence,4way,1.0,30,3G,-71,56.0,-8.0,0.045,40.27937575169344,21.75333869977178,Unintentional
User_01,2025-08-14 12:04:11,0.618,0.7685,Walking,Koila,Speeding,2way,0.0,40,4G,-107,74.0,20.0,0.0026936703654273,40.32069318087004,21.791258825989416,Unintentional
User_50,2025-08-14 14:01:10,0.477,0.5725,Running,Koila,Reckless_Driving,1way,0.0,70,3G,-95,81.0,-24.0,0.0043713988811328,40.30622692377462,21.791258825989416,Unintentional
User_04,2025-08-14 18:19:06,0.508,0.5725,Driving,Ligeris,Reckless_Driving,2way,150.0,50,WiFi,-58,88.0,0.0,0.037,40.30684072165627,21.80696939757223,Unintentional
User_100,2025-08-14 20:09:30,0.592,0.6491,Running,Ligeris,Speeding,2way,0.0,30,5G,-101,3.0,-10.0,0.034,40.3077020016018,21.806765232035097,Unintentional
User_56,2025-08-15 01:37:35,0.419,0.6286,Walking,Ligeris,Speeding,2way,2.0,30,5G,-110,48.0,0.0,0.027,40.30629719041799,21.80857706037912,Unintentional
User_10,2025-08-15 02:40:44,0.719,0.7723,Walking,Zep,Speeding,2way,0.0,70,WiFi,-84,39.0,-20.0,0.0014357974181986,40.28017567745578,21.791258825989416,Unintentional
User_01,2025-08-15 05:27:52,0.508,0.7715,Walking,Zep,Driving_Under_Influence,2way,1.0,Illegal_Parking,5G,-90,48.0,-6.0,0.032,40.27939195810009,21.791258825989416,Unintentional
User_42,2025-08-15 05:45:11,0.577,0.7172,Running,Zep,Driving_Under_Influence,1way,1.0,10,3G,-92,0.0,25.0,0.0037415754903931,40.27966553350467,21.75377517322288,Unintentional
User_32,2025-08-15 05:59:50,0.694,0.5725,Walking,Koila,Speeding,1way,0.0,90,5G,-101,21.0,20.0,0.0090707986811001,40.32226171176915,21.791258825989416,Unintentional
User_33,2025-08-15 06:35:21,0.508,0.5936,Running,Ligeris,7,2way,0.0,30,WiFi,Ethernet,55.0,22.0,0.0082265204836396,40.32282175144307,21.791424781748297,Unintentional
User_75,2025-08-15 07:08:08,0.544,0.7954,Walking,Ligeris,Speeding,2way,0.0,40,4G,-100,69.0,-25.0,0.0015899613327041,40.30498977571122,21.80821954338862,Unintentional
User_62,2025-08-15 07:24:58,0.346,0.5725,Driving,Ligeris,Reckless_Driving,1way,0.0,80,4G,-111,48.0,1.0,0.033,40.30754740044737,21.806310961496656,Unintentional
User_05,2025-08-15 07:26:32,0.311,0.6068,Walking,Koila,Driving_Under_Influence,1way,1.0,40,3G,-74,53.0,8.0,0.048,40.3216400053654,21.79059717653707,Unintentional
User_14,2025-08-15 11:31:48,0.549,0.4697,Driving,Ligeris,Speeding,2way,1.0,40,3G,-54,97.0,-20.0,0.0055178013900373,40.30713347894556,21.8079279000516,Unintentional
User_28,2025-08-15 15:08:20,0.561,0.5555,Walking,Ligeris,Speeding,2way,140.0,80,3G,-109,64.0,12.0,0.04,40.30637760996168,21.80705837298044,Unintentional
User_39,2025-08-15 20:05:22,0.685,0.5725,Driving,Ligeris,Speeding,2way,0.0,10,WiFi,-60,87.0,20.0,0.0059706447922203,40.305845586385395,21.791258825989416,Unintentional
User_47,2025-08-15 21:45:21,0.508,0.5871,Driving,Ligeris,Driving_Under_Influence,2way,0.0,70,4G,-103,50.0,16.0,0.032,40.3209341331136,21.791258825989416,Unintentional
User_98,2025-08-15 21:55:51,0.553,0.6979,Walking,Zep,Speeding,2way,4.0,Lane_Discards,5G,-77,74.0,-8.0,0.034,40.28122941486515,21.753750690580446,Unintentional
User_87,2025-08-16 00:33:59,0.374,0.5725,Driving,Zep,Driving_Under_Influence,1way,1.0,10,4G,-85,40.0,-21.0,0.0049711901508005,40.279054972001866,21.791258825989416,Unintentional
User_79,2025-08-16 00:39:00,0.508,0.4946,Driving,Koila,Driving_Under_Influence,1way,1.0,20,3G,-119,17.0,0.0,0.029,40.30622692377462,21.79105643484102,Unintentional
User_46,2025-08-16 00:52:42,0.621,0.6419,Walking,Ligeris,Speeding,4way,0.0,30,5G,-90,48.0,11.0,0.037,40.30731539897776,21.80742849698144,Unintentional
User_48,2025-08-16 03:04:22,0.508,0.6743,Walking,Ligeris,Speeding,4way,0.0,70,4G,-98,9.0,-13.0,0.033,40.30559335529807,21.80892468216645,Unintentional
User_37,2025-08-16 06:19:03,0.528,0.7909,Running,Ligeris,Speeding,1way,0.0,40,3G,Ethernet,51.0,-19.0,0.0031920223060754,40.305713107923665,21.80950430028622,Unintentional
User_62,2025-08-16 11:58:52,0.346,0.7073,Driving,Koila,7,2way,1.0,70,5G,-76,59.0,-18.0,0.0071565276767583,40.323410263832265,21.789886602455812,Unintentional
User_77,2025-08-16 13:53:31,0.347,0.5956,Running,Zep,Driving_Under_Influence,2way,0.0,80,4G,Ethernet,44.0,15.0,0.046,40.279514569533845,21.75333440939584,Unintentional
User_58,2025-08-16 16:04:30,0.508,0.5725,Walking,Zep,Reckless_Driving,4way,0.0,70,WiFi,Ethernet,82.0,-10.0,0.03,40.28100921051532,21.751927074474008,Unintentional
User_34,2025-08-16 16:27:11,0.401,0.6376,Driving,Zep,Driving_Under_Influence,2way,0.0,30,4G,-106,48.0,-8.0,0.039,40.30622692377462,21.754315950822026,Unintentional
User_53,2025-08-16 16:52:11,0.364,0.8217,Driving,Ligeris,Reckless_Driving,2way,0.0,20,3G,Ethernet,75.0,-25.0,0.0094016965266072,40.30644559350263,21.791258825989416,Unintentional
User_54,2025-08-16 18:19:06,0.508,0.6021,Walking,Ligeris,Reckless_Driving,4way,1.0,50,5G,-110,94.0,-12.0,0.035,40.307823878077855,21.80705810368094,Unintentional
User_88,2025-08-16 19:58:50,0.676,0.488,Walking,Ligeris,Speeding,2way,2.0,70,4G,-104,88.0,22.0,0.0090705097550017,40.3069557946922,21.806239891087547,Unintentional
User_07,2025-08-17 01:02:02,0.508,0.711,Running,Ligeris,Speeding,2way,1.0,10,5G,Ethernet,63.0,-11.0,0.038,40.306050859869366,21.807763109060367,Unintentional
User_95,2025-08-17 01:49:01,0.739,0.5725,Walking,Zep,Speeding,1way,1.0,30,4G,-112,59.0,15.0,0.044,40.279529065902274,21.753449384000263,Unintentional
User_89,2025-08-17 06:30:03,0.485,0.7633,Walking,Ligeris,Reckless_Driving,4way,1.0,10,5G,Ethernet,80.0,0.0,0.027,40.30622692377462,21.80874169575847,Unintentional
User_02,2025-08-17 08:58:19,0.504,0.6418,Driving,Koila,Speeding,1way,0.0,70,WiFi,-66,48.0,-25.0,0.008806472970833,40.32246009983343,21.78907494167848,Unintentional
User_37,2025-08-17 09:10:30,0.528,0.5725,Walking,Zep,Speeding,2way,0.0,40,4G,-114,51.0,7.0,0.043,40.279307630715,21.75315886093221,Unintentional
User_74,2025-08-17 10:57:43,0.6,0.4645,Running,Ligeris,Speeding,2way,1.0,80,3G,-71,48.0,14.0,0.043,40.27939629514676,21.754756800288636,Unintentional
User_96,2025-08-17 11:38:55,0.722,0.4716,Driving,Koila,Reckless_Driving,1way,0.0,40,4G,-106,29.0,23.0,0.0095910123230287,40.32223176730548,21.79182635677429,Unintentional
User_33,2025-08-17 17:23:23,0.486,0.5966,Driving,Koila,Driving_Under_Influence,2way,0.0,30,5G,-120,19.0,-14.0,0.036,40.32263348633534,21.792005841454973,Unintentional
User_68,2025-08-17 20:49:53,0.736,0.7725,Running,Zep,Speeding,1way,140.0,30,5G,-94,18.0,-16.0,0.032,40.28017717368999,21.755301970796264,Unintentional
User_08,2025-08-18 05:11:47,0.325,0.8346,Driving,Zep,Driving_Under_Influence,1way,1.0,40,4G,-94,51.0,-2.0,0.029,40.2790454434889,21.753155338014597,Unintentional
User_03,2025-08-18 06:27:07,0.508,0.6515,Driving,Ligeris,Speeding,4way,0.0,30,5G,Ethernet,99.0,-2.0,0.037,40.280184424086606,21.75139975481624,Unintentional
User_41,2025-08-18 07:41:21,0.251,0.7205,Running,Ligeris,Driving_Under_Influence,4way,1.0,Illegal_Parking,3G,-85,84.0,-20.0,0.0087991458795975,40.30661448446933,21.807210202780837,Unintentional
User_74,2025-08-18 08:24:45,0.6,0.4665,Running,Zep,Reckless_Driving,1way,3.0,80,3G,-86,81.0,-19.0,0.0086179175342748,40.30622692377462,21.75203020522726,Unintentional
User_19,2025-08-18 11:51:19,0.384,0.7983,Walking,Zep,Speeding,2way,0.0,30,3G,-76,48.0,-19.0,0.0020411819829862,40.28038854973016,21.753252244808916,Unintentional
User_80,2025-08-18 12:17:35,0.313,0.6725,Running,Koila,Driving_Under_Influence,2way,1.0,50,4G,-118,66.0,5.0,0.045,40.322769748227735,21.792486873927057,Unintentional
User_34,2025-08-18 12:53:07,0.401,0.6406,Walking,Ligeris,Speeding,2way,140.0,30,WiFi,-54,55.0,13.0,0.041,40.30449836352316,21.807262009990986,Unintentional
User_26,2025-08-18 13:46:30,0.642,0.6162,Walking,Zep,Reckless_Driving,4way,1.0,20,4G,-102,71.0,23.0,0.0085902413944518,40.27969508393582,21.753250919974544,Unintentional
User_31,2025-08-18 14:00:40,0.72,0.7089,Walking,Ligeris,Speeding,4way,150.0,20,4G,Ethernet,75.0,6.0,0.035,40.30648588781488,21.791258825989416,Unintentional
User_78,2025-08-18 16:35:42,0.64,0.5596,Walking,Koila,Speeding,4way,1.0,40,3G,-95,48.0,-15.0,0.032,40.32058263838612,21.792219915892854,Unintentional
User_73,2025-08-18 16:41:34,0.676,0.8158,Walking,Zep,Speeding,2way,0.0,40,WiFi,-69,16.0,-24.0,0.0098733476428767,40.27982249886591,21.791258825989416,Unintentional
User_62,2025-08-18 20:30:05,0.346,0.7113,Walking,Zep,Driving_Under_Influence,1way,0.0,20,3G,-119,6.0,-20.0,0.0072153893721902,40.2793325314505,21.752596383626894,Unintentional
User_31,2025-08-19 01:12:06,0.72,0.7109,Walking,Ligeris,Reckless_Driving,1way,1.0,80,4G,-116,21.0,25.0,0.007066306957504,40.30632542559679,21.80766182109631,Unintentional
User_26,2025-08-19 01:43:46,0.642,0.6172,Running,Ligeris,Speeding,1way,160.0,80,4G,Ethernet,82.0,-24.0,0.0022428227275958,40.30511060471229,21.806387295858865,Unintentional
User_97,2025-08-19 04:59:47,0.296,0.8169,Running,Ligeris,Speeding,1way,0.0,10,5G,-108,60.0,-4.0,0.04,40.30477247208964,21.806969439978317,Unintentional
User_06,2025-08-19 06:56:24,0.614,0.8333,Walking,Ligeris,Reckless_Driving,1way,1.0,80,3G,-97,30.0,24.0,0.005777090461727,40.30622692377462,21.753349224325294,Unintentional
User_29,2025-08-19 08:20:39,0.309,0.6816,Running,Zep,Reckless_Driving,2way,3.0,120,5G,Ethernet,45.0,-12.0,0.04,40.277977185698745,21.754293142106324,Unintentional
User_72,2025-08-19 13:45:14,0.508,0.5612,Running,Ligeris,Driving_Under_Influence,2way,1.0,40,3G,-118,95.0,-9.0,0.041,40.30463759807123,21.807251204452747,Unintentional
User_31,2025-08-19 14:40:02,0.72,0.7119,Walking,Zep,Speeding,4way,1.0,40,5G,-108,36.0,19.0,0.0013539093525495,40.27949035802622,21.7555565125757,Unintentional
User_30,2025-08-19 15:39:15,0.577,0.7285,Walking,Zep,Speeding,2way,0.0,Harassing_Driver,4G,-90,33.0,23.0,0.0087024621650102,40.27954189555318,21.75414327473256,Unintentional
User_68,2025-08-19 15:55:05,0.736,0.5725,Running,Koila,Reckless_Driving,1way,0.0,30,4G,-87,33.0,21.0,0.0086606274346317,40.320439157862,21.790416230669276,Unintentional
User_76,2025-08-19 18:26:13,0.349,0.8346,Driving,Koila,Reckless_Driving,2way,1.0,50,3G,-76,48.0,-14.0,0.042,40.32293826556699,21.79150218956257,Unintentional
User_53,2025-08-19 21:09:41,0.364,0.8277,Driving,Zep,Reckless_Driving,4way,0.0,90,WiFi,-72,81.0,-8.0,0.023,40.2790307021212,21.752894871845935,Unintentional
User_91,2025-08-20 00:24:33,0.409,0.5312,Driving,Zep,Driving_Under_Influence,1way,150.0,40,WiFi,Ethernet,80.0,-22.0,0.0065861935317585,40.28096563672685,21.7519434345479,Unintentional
User_76,2025-08-20 05:53:20,0.349,0.8366,Driving,Koila,Reckless_Driving,2way,1.0,70,4G,-86,46.0,0.0,0.043,40.30622692377462,21.79146433344011,Unintentional
User_45,2025-08-20 06:26:09,0.446,0.5205,Running,Ligeris,8,2way,0.0,20,5G,-116,83.0,-24.0,0.0049066620002025,40.30625756906492,21.80750429069853,Unintentional
User_65,2025-08-20 11:06:19,0.578,0.5563,Walking,Ligeris,Driving_Under_Influence,1way,1.0,80,3G,-92,74.0,-7.0,0.035,40.30618834029543,21.791258825989416,Unintentional
User_05,2025-08-20 12:37:57,0.311,0.6168,Walking,Zep,Speeding,1way,0.0,20,3G,-117,9.0,7.0,0.026,40.278795142998675,21.791258825989416,Unintentional
User_29,2025-08-20 13:33:08,0.508,0.6836,Walking,Ligeris,Reckless_Driving,2way,0.0,10,WiFi,Ethernet,66.0,-4.0,0.035,40.30645809091613,21.80790731966036,Unintentional
User_93,2025-08-20 14:38:06,0.418,0.5661,Running,Ligeris,Driving_Under_Influence,1way,0.0,70,5G,Ethernet,62.0,-22.0,0.0047877842904455,40.30489030017673,21.791258825989416,Unintentional
User_66,2025-08-20 15:48:40,0.508,0.8497,Walking,Ligeris,Speeding,4way,1.0,40,4G,-71,12.0,0.0,0.044,40.30492790155578,21.808326891422784,Unintentional
User_04,2025-08-20 20:07:43,0.295,0.5239,Driving,Ligeris,Reckless_Driving,2way,1.0,80,5G,-109,66.0,-2.0,0.029,40.32262069501016,21.791020278254127,Unintentional
User_50,2025-08-20 21:02:04,0.477,0.7907,Running,Koila,Speeding,4way,0.0,40,3G,Ethernet,80.0,-8.0,0.038,40.322868204151945,21.791258825989416,Unintentional
User_80,2025-08-21 00:52:23,0.313,0.6775,Driving,Koila,Speeding,2way,140.0,60,4G,-96,10.0,-22.0,0.0064451586495473,40.32127495112435,21.79155970047649,Unintentional
User_41,2025-08-21 01:31:40,0.251,0.5725,Driving,Ligeris,8,2way,2.0,80,3G,-114,64.0,-2.0,0.042,40.30633428411016,21.80569269482653,Unintentional
User_18,2025-08-21 01:57:12,0.508,0.6074,Driving,Koila,Reckless_Driving,1way,1.0,10,5G,-108,88.0,-19.0,0.0054620838978835,40.322106856719856,21.79135337245221,Unintentional
User_91,2025-08-21 05:27:26,0.409,0.5332,Running,Ligeris,Driving_Under_Influence,2way,2.0,Harassing_Driver,3G,-117,90.0,18.0,0.0017072982242752,40.32325607316048,21.791280903491018,Unintentional
User_54,2025-08-21 06:01:28,0.508,0.6111,Driving,Zep,Driving_Under_Influence,2way,0.0,80,WiFi,-78,4.0,-3.0,0.026,40.279461947647405,21.75269006481293,Unintentional
User_43,2025-08-21 06:42:56,0.255,0.7383,Walking,Ligeris,Driving_Under_Influence,2way,1.0,60,3G,Ethernet,53.0,3.0,0.043,40.32140503551796,21.792280952378697,Unintentional
User_56,2025-08-21 07:10:36,0.419,0.6416,Running,Ligeris,Speeding,4way,0.0,Lane_Discards,3G,-94,47.0,-24.0,0.0042921637899094,40.32210261031474,21.79134770528254,Unintentional
User_99,2025-08-21 08:57:04,0.508,0.6723,Driving,Ligeris,Driving_Under_Influence,4way,0.0,60,3G,Ethernet,48.0,-21.0,0.0011345151166934,40.30657745376606,21.791258825989416,Unintentional
User_33,2025-08-21 10:24:20,0.486,0.6056,Walking,Zep,Speeding,1way,2.0,10,5G,-110,63.0,-12.0,0.032,40.28014712469448,21.753506544091543,Unintentional
User_59,2025-08-21 12:25:36,0.696,0.8328,Running,Ligeris,Speeding,2way,1.0,40,WiFi,-62,48.0,24.0,0.0076886124345461,40.30799702681803,21.807803194882005,Unintentional
User_63,2025-08-21 12:41:41,0.408,0.6844,Walking,Koila,Speeding,4way,0.0,40,WiFi,Ethernet,92.0,-12.0,0.035,40.32177646373822,21.79119857015031,Unintentional
User_79,2025-08-21 15:42:37,0.426,0.5046,Driving,Zep,7,2way,5.0,90,WiFi,-62,70.0,22.0,0.0048799698233315,40.281007230816414,21.75326743060006,Unintentional
User_61,2025-08-21 18:39:44,0.508,0.5635,Running,Zep,Speeding,1way,1.0,70,WiFi,-73,74.0,0.0,0.037,40.28065960912349,21.751616953271604,Unintentional
User_55,2025-08-21 19:52:00,0.489,0.5398,Walking,Koila,Speeding,2way,0.0,Illegal_Parking,3G,-77,72.0,20.0,0.0036344168720918,40.32346230325664,21.79146363761587,Unintentional
User_44,2025-08-21 23:00:56,0.508,0.5725,Driving,Ligeris,Speeding,1way,1.0,30,3G,-80,39.0,0.0,0.046,40.322983001635755,21.790846986844123,Unintentional
User_56,2025-08-22 00:32:26,0.419,0.6426,Walking,Ligeris,Reckless_Driving,2way,0.0,20,4G,-92,43.0,-9.0,0.04,40.306467927711665,21.791258825989416,Unintentional
User_27,2025-08-22 00:43:07,0.319,0.7786,Driving,Ligeris,Reckless_Driving,4way,3.0,50,3G,Ethernet,5.0,14.0,0.045,40.30622692377462,21.80574211965826,Unintentional
User_83,2025-08-22 02:05:07,0.453,0.7565,Walking,Ligeris,7,1way,1.0,30,3G,-87,20.0,4.0,0.028,40.30506543800841,21.806056511566094,Unintentional
User_29,2025-08-22 03:35:51,0.508,0.6876,Running,Ligeris,Driving_Under_Influence,2way,1.0,40,5G,-86,48.0,24.0,0.0050848245856142,40.305944758414306,21.80955147330319,Unintentional
User_48,2025-08-22 04:02:34,0.611,0.6863,Running,Zep,Reckless_Driving,4way,140.0,90,5G,-70,16.0,25.0,0.0044767527964309,40.279874202066466,21.751493622914644,Unintentional
User_73,2025-08-22 04:25:10,0.676,0.5725,Walking,Ligeris,Speeding,1way,1.0,20,3G,-64,57.0,-6.0,0.031,40.30668148350459,21.807947988894107,Unintentional
User_84,2025-08-22 06:05:45,0.689,0.5725,Running,Ligeris,Speeding,4way,160.0,90,4G,-92,37.0,22.0,0.008256534801178,40.30632626902375,21.808316801966143,Unintentional
User_17,2025-08-22 10:37:40,0.383,0.4922,Driving,Zep,Reckless_Driving,1way,1.0,10,4G,-111,45.0,24.0,0.0023158234855546,40.27969173169198,21.75210504684414,Unintentional
User_13,2025-08-22 10:44:00,0.508,0.5725,Driving,Zep,Speeding,2way,0.0,50,4G,-94,28.0,6.0,0.035,40.27998258498123,21.791258825989416,Unintentional
User_95,2025-08-22 13:26:32,0.739,0.5563,Driving,Zep,Speeding,2way,1.0,80,3G,-90,99.0,-18.0,0.0077999207231059,40.27979765423945,21.75300347841942,Unintentional
User_83,2025-08-22 13:47:47,0.453,0.7575,Driving,Ligeris,Reckless_Driving,1way,140.0,10,3G,-87,42.0,-24.0,0.0015387991265394,40.30615056917219,21.80735266615081,Unintentional
User_23,2025-08-22 13:51:05,0.508,0.8316,Driving,Koila,Speeding,2way,0.0,30,4G,-85,39.0,14.0,0.045,40.32192689156893,21.791098889283997,Unintentional
User_92,2025-08-22 19:32:32,0.611,0.8501,Running,Koila,Driving_Under_Influence,1way,1.0,Illegal_Parking,WiFi,-88,48.0,15.0,0.028,40.323210904017934,21.791130840707854,Unintentional
User_06,2025-08-22 19:47:37,0.614,0.5725,Walking,Koila,Speeding,2way,2.0,40,5G,-81,28.0,23.0,0.003829459121926,40.30622692377462,21.78981637705764,Unintentional
User_62,2025-08-23 01:29:17,0.346,0.7203,Driving,Zep,Reckless_Driving,4way,0.0,20,4G,-87,41.0,10.0,0.039,40.279632011591715,21.752973533175133,Unintentional
User_88,2025-08-23 03:57:19,0.676,0.501,Walking,Zep,Driving_Under_Influence,2way,4.0,40,5G,-113,78.0,24.0,0.0038933019739369,40.279988765813265,21.75315231094941,Unintentional
User_09,2025-08-23 04:12:39,0.377,0.8468,Running,Zep,Driving_Under_Influence,2way,1.0,Lane_Discards,4G,-101,13.0,5.0,0.046,40.28015265214313,21.754658809021866,Unintentional
User_70,2025-08-23 05:56:52,0.359,0.8032,Running,Ligeris,Speeding,4way,0.0,70,4G,-106,96.0,-16.0,0.023,40.30622692377462,21.806744278440902,Unintentional
User_42,2025-08-23 06:06:23,0.577,0.7332,Walking,Koila,Driving_Under_Influence,2way,1.0,30,WiFi,Ethernet,56.0,-12.0,0.038,40.32182209175171,21.788947405796545,Unintentional
User_02,2025-08-23 12:10:32,0.504,0.6548,Running,Koila,Speeding,1way,1.0,80,4G,-92,80.0,-12.0,0.024,40.322078674467605,21.79030685407801,Unintentional
User_33,2025-08-23 13:14:21,0.508,0.6086,Running,Zep,Reckless_Driving,4way,1.0,30,5G,Ethernet,25.0,-19.0,0.0048095916406648,40.28052951766416,21.75190972436756,Unintentional
User_24,2025-08-23 17:17:20,0.7,0.694,Walking,Koila,Driving_Under_Influence,2way,0.0,40,4G,-97,82.0,22.0,0.0059827914181208,40.322131150268994,21.79124760184132,Unintentional
User_55,2025-08-23 17:31:30,0.489,0.5438,Walking,Ligeris,Speeding,2way,0.0,Lane_Discards,4G,Ethernet,3.0,-24.0,0.0069695426901757,40.2789618758697,21.791258825989416,Unintentional
User_11,2025-08-23 20:19:01,0.508,0.6436,Driving,Ligeris,Driving_Under_Influence,2way,2.0,40,WiFi,-57,78.0,25.0,0.0094381919878514,40.30675776909251,21.809489753361053,Unintentional
User_66,2025-08-24 00:15:40,0.325,0.8567,Driving,Zep,Speeding,2way,5.0,40,5G,-77,38.0,6.0,0.027,40.28082754712283,21.791258825989416,Unintentional
User_15,2025-08-24 02:53:53,0.585,0.5034,Running,Ligeris,Reckless_Driving,2way,1.0,40,WiFi,-81,5.0,-18.0,0.0035970026564414,40.27902239051318,21.753606300400655,Unintentional
User_90,2025-08-24 03:30:30,0.522,0.5354,Walking,Zep,Driving_Under_Influence,1way,0.0,80,4G,-75,71.0,-18.0,0.0094202746952737,40.27958502190937,21.753019475441892,Unintentional
User_75,2025-08-24 05:18:33,0.544,0.8124,Driving,Ligeris,Speeding,1way,0.0,40,4G,-90,11.0,-23.0,0.0076222249224926,40.279137921233456,21.791258825989416,Unintentional
User_67,2025-08-24 06:08:43,0.557,0.6526,Running,Zep,Speeding,2way,0.0,40,WiFi,-50,16.0,-3.0,0.029,40.280033327290234,21.753207197024775,Unintentional
User_75,2025-08-24 07:34:49,0.544,0.8134,Running,Zep,Speeding,1way,1.0,30,3G,-105,39.0,18.0,0.0012693777573938,40.28036523298081,21.75268038354035,Unintentional
User_44,2025-08-24 12:41:39,0.332,0.5737,Driving,Ligeris,Reckless_Driving,1way,0.0,40,WiFi,-50,9.0,8.0,0.027,40.30584876431525,21.807050520366953,Unintentional
User_23,2025-08-24 21:38:40,0.669,0.8356,Driving,Koila,Speeding,2way,1.0,40,5G,-96,25.0,-2.0,0.021,40.32191520492996,21.789827856429213,Unintentional
User_37,2025-08-25 00:40:24,0.528,0.8089,Driving,Ligeris,Reckless_Driving,2way,0.0,40,3G,-117,48.0,-23.0,0.0084503195516805,40.30520898657701,21.806893912017983,Unintentional
User_80,2025-08-25 01:46:52,0.313,0.6855,Walking,Zep,Speeding,2way,1.0,70,5G,-104,49.0,-6.0,0.03,40.30622692377462,21.752978302497997,Unintentional
User_29,2025-08-25 04:45:24,0.508,0.6936,Walking,Ligeris,Speeding,2way,1.0,70,3G,-116,54.0,14.0,0.026,40.320912222185896,21.79037553586375,Unintentional
User_44,2025-08-25 08:55:28,0.332,0.5747,Walking,Koila,Reckless_Driving,2way,1.0,60,4G,-74,29.0,0.0,0.046,40.32190131643576,21.791187068052547,Unintentional
User_98,2025-08-25 09:32:44,0.508,0.7169,Walking,Zep,Driving_Under_Influence,2way,1.0,30,4G,-78,96.0,17.0,0.0063105402698821,40.27958534948778,21.753228770216293,Unintentional
User_86,2025-08-25 14:05:49,0.63,0.5725,Walking,Ligeris,Speeding,2way,0.0,50,5G,-78,18.0,-19.0,0.0010190586565814,40.30622692377462,21.807993883641444,Unintentional
User_52,2025-08-25 14:16:30,0.399,0.8109,Running,Ligeris,Driving_Under_Influence,4way,0.0,40,3G,Ethernet,25.0,-16.0,0.033,40.30595851308899,21.807655015840854,Unintentional
User_64,2025-08-25 18:42:08,0.257,0.4866,Walking,Zep,Speeding,1way,3.0,70,WiFi,-56,48.0,-10.0,0.041,40.278832088232015,21.752030537181803,Unintentional
User_89,2025-08-25 19:00:15,0.508,0.7793,Running,Ligeris,Driving_Under_Influence,2way,1.0,40,WiFi,-87,82.0,-10.0,0.032,40.3062170685759,21.807290238395783,Unintentional
User_42,2025-08-25 19:15:33,0.577,0.5725,Running,Zep,Reckless_Driving,1way,1.0,40,3G,-115,54.0,4.0,0.047,40.30622692377462,21.7534727641002,Unintentional
User_49,2025-08-25 22:47:06,0.508,0.58,Walking,Ligeris,Driving_Under_Influence,1way,1.0,40,3G,-72,35.0,-12.0,0.031,40.27943577656215,21.791258825989416,Unintentional
User_56,2025-08-26 00:38:02,0.508,0.6506,Walking,Ligeris,Reckless_Driving,4way,2.0,50,5G,-110,55.0,23.0,0.0032382886535478,40.30549222366101,21.805828768327785,Unintentional
User_84,2025-08-26 04:47:22,0.689,0.6526,Driving,Ligeris,Driving_Under_Influence,2way,3.0,40,3G,-116,48.0,-20.0,0.0085064218711345,40.30622692377462,21.80715328684124,Unintentional
User_24,2025-08-26 10:14:20,0.7,0.7,Driving,Zep,Speeding,1way,1.0,Lane_Discards,4G,-117,31.0,24.0,0.0030276880040066,40.27963746739041,21.752988437455972,Unintentional
User_70,2025-08-26 12:46:29,0.359,0.8092,Running,Ligeris,Speeding,1way,160.0,50,WiFi,-76,53.0,1.0,0.05,40.30646111840073,21.80676181973995,Unintentional
User_57,2025-08-26 12:54:50,0.733,0.5924,Walking,Koila,Driving_Under_Influence,1way,1.0,10,3G,-70,45.0,24.0,0.0081506896060733,40.32159124753339,21.791258825989416,Unintentional
User_45,2025-08-26 18:05:54,0.446,0.5325,Driving,Zep,6,2way,0.0,70,5G,-85,92.0,21.0,0.0057271729697465,40.30622692377462,21.753844929507036,Unintentional
User_03,2025-08-26 18:59:15,0.381,0.6675,Driving,Zep,Speeding,1way,2.0,30,5G,-82,16.0,-23.0,0.0038688155824795,40.279015213238495,21.751985735715508,Unintentional
User_01,2025-08-27 00:02:41,0.618,0.5725,Walking,Ligeris,Speeding,2way,0.0,10,WiFi,-62,8.0,0.0,0.031,40.30620342177527,21.807387952249,Unintentional
User_64,2025-08-27 01:27:38,0.257,0.4896,Walking,Zep,Driving_Under_Influence,2way,0.0,60,WiFi,-85,61.0,-17.0,0.0012123594538439,40.279754253498034,21.791258825989416,Unintentional
User_08,2025-08-27 01:46:03,0.325,0.8536,Walking,Koila,Driving_Under_Influence,1way,0.0,40,WiFi,-52,98.0,18.0,0.0094376494302052,40.32223026887364,21.791096426215503,Unintentional
User_26,2025-08-27 04:11:22,0.642,0.6332,Walking,Koila,Reckless_Driving,4way,1.0,20,3G,-93,14.0,-4.0,0.05,40.322223044766694,21.791319050410603,Unintentional
User_06,2025-08-27 05:33:50,0.508,0.8493,Driving,Koila,Speeding,2way,0.0,30,3G,-82,82.0,19.0,0.0095073025859282,40.32268515303828,21.791326416576517,Unintentional
User_04,2025-08-27 05:54:49,0.295,0.5379,Driving,Ligeris,Speeding,2way,2.0,30,5G,Ethernet,58.0,-17.0,0.0059140783083517,40.321595167710406,21.790130409672212,Unintentional
User_12,2025-08-27 06:37:15,0.251,0.5725,Running,Ligeris,Speeding,2way,150.0,40,3G,-70,24.0,0.0,0.049,40.30731340229503,21.808571519224028,Unintentional
User_01,2025-08-27 07:50:54,0.508,0.7955,Driving,Ligeris,Speeding,4way,1.0,70,5G,-102,48.0,-22.0,0.0087340222793192,40.30622692377462,21.754550431351863,Unintentional
User_28,2025-08-27 13:10:04,0.561,0.5785,Walking,Ligeris,Reckless_Driving,1way,1.0,10,4G,-109,95.0,-18.0,0.0070028821604874,40.321893233555016,21.791531515225444,Unintentional
User_27,2025-08-27 16:14:21,0.319,0.7896,Walking,Koila,Reckless_Driving,1way,2.0,90,4G,-88,47.0,0.0,0.046,40.32175198724837,21.79125073695753,Unintentional
User_47,2025-08-27 19:45:04,0.636,0.6101,Walking,Ligeris,Driving_Under_Influence,1way,1.0,40,5G,-70,20.0,13.0,0.025,40.30525984758303,21.80897952909858,Unintentional
User_66,2025-08-27 21:29:19,0.325,0.8637,Walking,Ligeris,Driving_Under_Influence,1way,2.0,60,3G,-79,48.0,-23.0,0.0061347123840842,40.32310623404776,21.791658908465568,Unintentional
User_85,2025-08-27 22:45:57,0.572,0.8742,Running,Ligeris,Reckless_Driving,2way,0.0,40,4G,-110,53.0,-18.0,0.0082580843916474,40.27955535293069,21.753699710379504,Unintentional
User_59,2025-08-27 23:46:30,0.696,0.5725,Running,Koila,Speeding,4way,0.0,60,3G,-115,29.0,18.0,0.0082497006946393,40.32294809685979,21.791258825989416,Unintentional
User_85,2025-08-28 03:59:59,0.572,0.8762,Running,Koila,Driving_Under_Influence,2way,1.0,50,5G,-79,58.0,0.0,0.033,40.30622692377462,21.791584709516503,Unintentional
User_15,2025-08-28 04:46:57,0.585,0.5725,Running,Koila,Speeding,1way,0.0,70,WiFi,-67,48.0,12.0,0.024,40.322240754304445,21.79143886774991,Unintentional
User_30,2025-08-28 06:52:15,0.577,0.7455,Walking,Zep,Reckless_Driving,1way,1.0,Lane_Discards,WiFi,Ethernet,62.0,9.0,0.024,40.279299694738896,21.791258825989416,Unintentional
User_64,2025-08-28 10:01:30,0.257,0.4916,Walking,Koila,Speeding,4way,0.0,30,WiFi,-78,13.0,22.0,0.0037594908456286,40.30622692377462,21.791946471434684,Unintentional
User_73,2025-08-28 13:20:30,0.676,0.5725,Driving,Ligeris,Speeding,2way,1.0,Lane_Discards,3G,-115,66.0,-14.0,0.028,40.305923548379354,21.791258825989416,Unintentional
User_98,2025-08-28 14:32:52,0.553,0.7239,Walking,Zep,Speeding,2way,0.0,40,3G,Ethernet,48.0,-2.0,0.04,40.27950622888458,21.753075416724396,Unintentional
User_33,2025-08-28 16:03:02,0.486,0.6186,Driving,Ligeris,Driving_Under_Influence,4way,1.0,50,WiFi,-60,32.0,-13.0,0.021,40.322147278581745,21.790983021677143,Unintentional
User_78,2025-08-28 16:11:32,0.64,0.5796,Walking,Koila,Speeding,1way,1.0,60,5G,-106,90.0,-23.0,0.0024807847992878,40.30622692377462,21.791956363237755,Unintentional
User_58,2025-08-28 17:13:52,0.669,0.612,Walking,Koila,Speeding,2way,0.0,30,3G,-108,12.0,-6.0,0.038,40.32096500821827,21.791144909014378,Unintentional
User_08,2025-08-28 17:14:54,0.325,0.5725,Walking,Zep,Reckless_Driving,1way,2.0,50,3G,-70,36.0,-24.0,0.002439274698319,40.28003741103747,21.751869507285424,Unintentional
User_13,2025-08-28 17:23:02,0.657,0.6119,Walking,Zep,Speeding,4way,1.0,90,5G,-96,77.0,-6.0,0.048,40.2802317713959,21.752561869851625,Unintentional
User_91,2025-08-28 19:38:14,0.409,0.5482,Driving,Ligeris,Speeding,1way,1.0,90,WiFi,-51,88.0,0.0,0.025,40.323460567122794,21.791626976367077,Unintentional
User_89,2025-08-28 19:38:37,0.485,0.7863,Running,Zep,Driving_Under_Influence,2way,4.0,60,WiFi,-81,48.0,11.0,0.039,40.30622692377462,21.791258825989416,Unintentional
User_50,2025-08-28 22:03:51,0.477,0.8067,Walking,Ligeris,Speeding,4way,0.0,30,3G,-111,23.0,13.0,0.037,40.3214022998266,21.791069514136463,Unintentional
User_29,2025-08-28 22:32:15,0.309,0.7006,Walking,Ligeris,Speeding,2way,0.0,10,3G,-96,23.0,-9.0,0.03,40.30532346661825,21.80875857178549,Unintentional
User_12,2025-08-28 22:37:32,0.251,0.5007,Running,Ligeris,Speeding,2way,1.0,40,3G,-106,36.0,-23.0,0.0071629803656491,40.30622692377462,21.790834413252178,Unintentional
User_95,2025-08-29 01:35:49,0.739,0.5725,Walking,Koila,Driving_Under_Influence,2way,1.0,10,WiFi,-60,34.0,-21.0,0.0059493681551387,40.32204400931136,21.791141729896143,Unintentional
User_53,2025-08-29 05:34:23,0.364,0.8477,Walking,Zep,Driving_Under_Influence,1way,0.0,50,WiFi,Ethernet,9.0,0.0,0.05,40.279592441941745,21.75257760324704,Unintentional
User_46,2025-08-29 07:57:38,0.508,0.6679,Walking,Koila,Speeding,1way,1.0,10,4G,-93,64.0,0.0,0.027,40.32072451028605,21.789880060041533,Unintentional
User_46,2025-08-29 08:00:56,0.621,0.6689,Running,Zep,Driving_Under_Influence,2way,0.0,10,3G,-70,48.0,-13.0,0.038,40.2790678636209,21.752128237424973,Unintentional
User_64,2025-08-29 14:50:14,0.257,0.4946,Running,Ligeris,Speeding,2way,1.0,10,4G,-70,36.0,-23.0,0.0090502365162731,40.307557982171986,21.80879157809585,Unintentional
User_20,2025-08-29 14:59:35,0.686,0.8094,Running,Ligeris,8,1way,0.0,40,WiFi,-53,33.0,24.0,0.0057271729697465,40.30555784378369,21.807393866804393,Unintentional
User_44,2025-08-29 20:17:06,0.332,0.5837,Running,Koila,Speeding,2way,1.0,40,5G,-111,64.0,-19.0,0.0041245280079528,40.32083035465305,21.791407626003274,Unintentional
User_36,2025-08-29 21:05:09,0.508,0.8169,Driving,Zep,8,2way,2.0,40,4G,-114,44.0,25.0,0.0050688312328107,40.27952602293471,21.753313545128034,Unintentional
User_18,2025-08-29 23:34:37,0.271,0.5725,Driving,Ligeris,Speeding,2way,3.0,40,3G,Ethernet,81.0,15.0,0.027,40.30503395641232,21.807080631363508,Unintentional
User_16,2025-08-30 04:29:24,0.438,0.6079,Walking,Koila,Driving_Under_Influence,2way,1.0,70,4G,-97,89.0,-8.0,0.041,40.32266260081643,21.79117553908164,Unintentional
User_56,2025-08-30 04:39:40,0.419,0.6586,Driving,Koila,Speeding,2way,0.0,80,WiFi,-86,65.0,-20.0,0.0077170161633002,40.322888042402305,21.791258825989416,Unintentional
User_83,2025-08-30 05:25:28,0.453,0.7725,Driving,Zep,Reckless_Driving,2way,0.0,60,3G,-77,63.0,7.0,0.026,40.2806323839972,21.752297248129583,Unintentional
User_67,2025-08-30 07:03:32,0.557,0.6646,Driving,Ligeris,Speeding,2way,0.0,30,WiFi,-52,71.0,-21.0,0.0057271729697465,40.306164160555895,21.80722563020649,Unintentional
User_42,2025-08-30 09:58:36,0.577,0.7482,Driving,Zep,Speeding,4way,1.0,40,WiFi,-83,62.0,-22.0,0.0011776921538092,40.280753490155185,21.754340162654835,Unintentional
User_67,2025-08-30 13:34:51,0.557,0.6656,Running,Ligeris,Reckless_Driving,1way,1.0,40,WiFi,Ethernet,97.0,23.0,0.0091471853671717,40.27937533557007,21.752926016334474,Unintentional
User_60,2025-08-30 13:49:29,0.602,0.7876,Driving,Ligeris,Driving_Under_Influence,1way,0.0,60,4G,-87,48.0,-15.0,0.023,40.3071476542128,21.80857311168266,Unintentional
User_73,2025-08-30 18:49:18,0.676,0.8388,Walking,Koila,Speeding,1way,0.0,30,4G,-97,46.0,-18.0,0.0065029445536126,40.322177510517726,21.791258825989416,Unintentional
User_78,2025-08-30 20:54:44,0.508,0.5836,Walking,Ligeris,Driving_Under_Influence,2way,0.0,50,3G,-98,8.0,-9.0,0.036,40.30732523270941,21.791258825989416,Unintentional
User_94,2025-08-30 22:09:11,0.648,0.5468,Driving,Ligeris,Speeding,1way,0.0,40,5G,-115,63.0,24.0,0.0059364734436356,40.3062472234044,21.807454987764263,Unintentional
User_79,2025-08-30 22:24:43,0.426,0.5725,Driving,Zep,Speeding,1way,1.0,20,WiFi,-68,91.0,-23.0,0.0037180021830033,40.30622692377462,21.791258825989416,Unintentional
User_55,2025-08-30 23:20:10,0.489,0.5725,Walking,Ligeris,Reckless_Driving,2way,1.0,10,3G,Ethernet,75.0,5.0,0.024,40.306648048571795,21.807147841142537,Unintentional
User_37,2025-08-30 23:42:57,0.528,0.8199,Walking,Ligeris,Reckless_Driving,2way,0.0,120,WiFi,-81,27.0,-4.0,0.048,40.305708632418614,21.808665041448965,Unintentional
User_61,2025-08-31 03:43:18,0.261,0.5835,Driving,Ligeris,Reckless_Driving,2way,2.0,60,4G,-105,16.0,20.0,0.0047193466573145,40.3056044059513,21.80816328903879,Unintentional
User_22,2025-08-31 05:20:47,0.712,0.5243,Driving,Ligeris,Speeding,2way,1.0,80,4G,-87,48.0,9.0,0.036,40.27958154584592,21.754237485017526,Unintentional
User_95,2025-08-31 07:08:43,0.739,0.5733,Running,Zep,Speeding,1way,0.0,40,WiFi,Ethernet,48.0,25.0,0.0057271729697465,40.28034185806145,21.75419891119297,Unintentional
User_77,2025-08-31 07:11:46,0.347,0.6246,Driving,Koila,Speeding,2way,2.0,20,4G,-105,30.0,-9.0,0.048,40.32205405561377,21.791258825989416,Unintentional
User_27,2025-08-31 07:23:52,0.319,0.7966,Walking,Ligeris,Speeding,2way,3.0,80,3G,-98,73.0,-23.0,0.0073745026622243,40.321000359446515,21.79307046508594,Unintentional
User_19,2025-08-31 10:05:11,0.384,0.5725,Walking,Ligeris,Speeding,2way,2.0,30,3G,-51,38.0,-8.0,0.035,40.30735858086834,21.808884551536455,Unintentional
User_80,2025-08-31 10:14:37,0.313,0.6975,Running,Koila,Speeding,2way,0.0,80,5G,-101,20.0,-25.0,0.0099062916257986,40.32210420191003,21.791377632569368,Unintentional
User_26,2025-08-31 17:23:10,0.642,0.6412,Driving,Ligeris,Driving_Under_Influence,2way,0.0,40,5G,-115,48.0,10.0,0.032,40.32132711127048,21.790462684870935,Unintentional
User_13,2025-08-31 17:50:18,0.657,0.6179,Walking,Koila,Speeding,2way,3.0,60,3G,-118,95.0,9.0,0.025,40.32239536522709,21.791258825989416,Unintentional
User_24,2025-08-31 19:08:07,0.7,0.709,Walking,Koila,Reckless_Driving,2way,0.0,10,WiFi,-83,60.0,20.0,0.0087709079330877,40.32205479621065,21.79131308171737,Unintentional
User_79,2025-08-31 20:11:42,0.426,0.5725,Driving,Ligeris,Reckless_Driving,2way,0.0,20,WiFi,-69,44.0,3.0,0.031,40.30622692377462,21.808119896582504,Unintentional
User_71,2025-08-31 22:34:52,0.431,0.77,Walking,Ligeris,Speeding,2way,1.0,70,3G,Ethernet,92.0,-23.0,0.004119386238927,40.30627692399703,21.80957379557779,Unintentional
User_06,2025-08-31 23:23:35,0.614,0.8583,Walking,Ligeris,Reckless_Driving,2way,1.0,40,4G,-100,1.0,9.0,0.049,40.30657213612216,21.791258825989416,Unintentional
User_100,2025-09-01 00:30:56,0.508,0.6851,Running,Koila,Reckless_Driving,2way,1.0,50,3G,-116,50.0,-12.0,0.033,40.32280838228166,21.791659203921935,Unintentional
User_08,2025-09-01 08:50:34,0.325,0.8626,Walking,Ligeris,Reckless_Driving,2way,1.0,20,WiFi,-68,48.0,-22.0,0.0057271729697465,40.30630260186849,21.806894046987303,Unintentional
User_81,2025-09-01 09:42:58,0.482,0.7354,Walking,Ligeris,Reckless_Driving,2way,0.0,40,4G,-72,45.0,-4.0,0.027,40.30542701770141,21.80699077904012,Unintentional
User_03,2025-09-01 09:43:45,0.508,0.6795,Walking,Zep,Speeding,2way,0.0,30,4G,-98,2.0,-15.0,0.049,40.30622692377462,21.754761273575117,Unintentional
User_82,2025-09-01 10:02:53,0.499,0.8444,Walking,Ligeris,Driving_Under_Influence,4way,0.0,40,3G,-77,57.0,17.0,0.0057271729697465,40.30622692377462,21.807665193464914,Unintentional
User_78,2025-09-01 17:01:33,0.508,0.5876,Walking,Zep,Speeding,2way,1.0,30,WiFi,-70,0.0,25.0,0.0042668425752545,40.30622692377462,21.752518495528836,Unintentional
User_58,2025-09-01 17:33:40,0.669,0.5725,Walking,Ligeris,Driving_Under_Influence,4way,2.0,Harassing_Driver,3G,-118,48.0,24.0,0.0097604331396497,40.304888988031266,21.807926761175473,Unintentional
User_59,2025-09-01 18:48:22,0.696,0.8558,Running,Ligeris,Speeding,2way,1.0,20,3G,-81,8.0,25.0,0.0086548941173547,40.306374103782304,21.808495770983725,Unintentional
User_28,2025-09-01 20:56:42,0.561,0.5895,Running,Koila,Speeding,2way,0.0,10,3G,-75,77.0,20.0,0.0080895617884448,40.30622692377462,21.792435440715533,Unintentional
User_40,2025-09-02 04:19:44,0.498,0.7437,Walking,Ligeris,Reckless_Driving,2way,2.0,30,WiFi,-85,63.0,-22.0,0.0075065449391365,40.30743895985948,21.808773666037613,Unintentional
User_37,2025-09-02 09:15:34,0.528,0.8259,Walking,Ligeris,Speeding,1way,0.0,10,4G,-113,62.0,-19.0,0.0094565931285385,40.30622692377462,21.791258825989416,Unintentional
User_50,2025-09-02 11:16:27,0.477,0.8157,Driving,Zep,Speeding,2way,0.0,90,5G,-70,48.0,10.0,0.024,40.30622692377462,21.754206780609824,Unintentional
User_81,2025-09-02 16:34:37,0.482,0.7374,Running,Ligeris,Speeding,2way,2.0,20,4G,-103,79.0,-5.0,0.038,40.30643669474463,21.80708142818989,Unintentional
User_43,2025-09-02 16:42:35,0.508,0.5725,Running,Ligeris,Driving_Under_Influence,2way,1.0,90,5G,-97,28.0,20.0,0.0049969715649676,40.30577796669379,21.807514826353568,Unintentional
User_90,2025-09-02 19:08:20,0.522,0.5534,Driving,Koila,Reckless_Driving,2way,1.0,20,WiFi,-83,82.0,-4.0,0.044,40.32127533351518,21.791409694671948,Unintentional
User_51,2025-09-02 20:33:25,0.708,0.8359,Running,Koila,Speeding,2way,1.0,40,4G,Ethernet,48.0,-13.0,0.031,40.322298324961096,21.791258825989416,Unintentional
User_73,2025-09-02 20:51:33,0.676,0.8458,Walking,Ligeris,Reckless_Driving,2way,140.0,30,4G,-95,6.0,19.0,0.001562521446411,40.30693534064539,21.791258825989416,Unintentional
User_26,2025-09-02 21:34:18,0.508,0.6452,Running,Ligeris,Driving_Under_Influence,4way,1.0,90,3G,-105,48.0,-24.0,0.0034388253894872,40.30693326595247,21.807740935845445,Unintentional
User_98,2025-09-02 23:12:06,0.553,0.7339,Driving,Ligeris,Speeding,2way,2.0,50,5G,-115,15.0,-25.0,0.0055784856244859,40.27998409103126,21.753247343161068,Unintentional
User_15,2025-09-02 23:32:37,0.585,0.5214,Walking,Ligeris,Speeding,1way,1.0,60,5G,-116,70.0,-18.0,0.0043488715090153,40.30628710504258,21.808084793425422,Unintentional
User_21,2025-09-03 00:55:52,0.64,0.5725,Running,Koila,Driving_Under_Influence,1way,0.0,60,3G,-85,83.0,-6.0,0.048,40.32067976511791,21.79176776210655,Unintentional
User_99,2025-09-03 04:22:17,0.618,0.6973,Driving,Ligeris,Driving_Under_Influence,4way,0.0,60,WiFi,-88,81.0,7.0,0.027,40.30549415976537,21.808531491610516,Unintentional
User_89,2025-09-03 05:55:49,0.485,0.7973,Driving,Zep,Speeding,2way,5.0,70,5G,Ethernet,69.0,4.0,0.039,40.28077184015908,21.75438151581687,Unintentional
User_14,2025-09-03 07:25:01,0.549,0.5067,Walking,Ligeris,Driving_Under_Influence,4way,1.0,70,4G,-106,67.0,-11.0,0.033,40.306181020241866,21.807421867128348,Unintentional
User_07,2025-09-03 10:28:06,0.319,0.745,Running,Zep,Speeding,1way,0.0,50,WiFi,-58,20.0,23.0,0.0014211664076203,40.30622692377462,21.75250450070763,Unintentional
User_81,2025-09-03 12:23:24,0.482,0.7384,Walking,Ligeris,Reckless_Driving,4way,2.0,30,3G,-97,35.0,4.0,0.026,40.30576633178015,21.807919167533353,Unintentional
User_13,2025-09-03 14:55:16,0.508,0.6239,Running,Ligeris,9,2way,0.0,60,4G,Ethernet,18.0,19.0,0.0086876677835774,40.30629290508355,21.80809231494869,Unintentional
User_47,2025-09-03 21:21:59,0.636,0.5725,Walking,Koila,Reckless_Driving,1way,0.0,10,3G,Ethernet,91.0,-23.0,0.0020039609314878,40.32180222365072,21.791258825989416,Unintentional
User_21,2025-09-04 00:54:46,0.64,0.8545,Walking,Zep,Driving_Under_Influence,1way,4.0,40,3G,-118,56.0,25.0,0.0081652699811883,40.27884416799221,21.791258825989416,Unintentional
User_62,2025-09-04 01:16:22,0.346,0.7443,Walking,Koila,Speeding,2way,0.0,50,3G,Ethernet,35.0,-20.0,0.0032108362450784,40.32169696992561,21.79132071826514,Unintentional
User_29,2025-09-04 04:59:50,0.309,0.7146,Running,Ligeris,9,2way,0.0,80,3G,-83,46.0,-14.0,0.024,40.30605104278734,21.80837759222822,Unintentional
User_69,2025-09-04 07:22:18,0.289,0.5725,Running,Koila,Speeding,4way,4.0,40,3G,-62,16.0,-7.0,0.049,40.323222042760605,21.79190121664885,Unintentional
User_03,2025-09-04 07:32:06,0.381,0.6845,Walking,Koila,Speeding,1way,3.0,40,WiFi,-85,17.0,2.0,0.028,40.32267297186699,21.790716430253532,Unintentional
User_20,2025-09-04 08:33:03,0.686,0.5725,Walking,Ligeris,Driving_Under_Influence,4way,150.0,50,3G,-80,25.0,-12.0,0.042,40.27956640266972,21.75315192331841,Unintentional
User_61,2025-09-04 09:40:21,0.261,0.5905,Running,Ligeris,Driving_Under_Influence,1way,140.0,30,3G,-88,92.0,-14.0,0.025,40.27942503160558,21.752634185917486,Unintentional
User_50,2025-09-04 10:32:56,0.477,0.8207,Running,Zep,Speeding,1way,160.0,40,4G,-91,92.0,10.0,0.037,40.27901121346378,21.753635502895232,Unintentional
User_14,2025-09-04 12:43:41,0.549,0.5097,Walking,Zep,Driving_Under_Influence,2way,0.0,40,WiFi,-50,74.0,-4.0,0.026,40.30622692377462,21.75162300473424,Unintentional
User_21,2025-09-04 12:58:37,0.64,0.5725,Walking,Ligeris,Driving_Under_Influence,2way,0.0,70,3G,-120,31.0,-15.0,0.022,40.32204183298196,21.791237973699204,Unintentional
User_06,2025-09-04 15:38:42,0.508,0.8663,Running,Koila,Speeding,2way,1.0,40,5G,Ethernet,32.0,22.0,0.0074034292860883,40.32278528047641,21.79157591533849,Unintentional
User_97,2025-09-04 16:13:41,0.296,0.5725,Walking,Koila,Speeding,4way,150.0,50,5G,-93,95.0,-17.0,0.00101554939689,40.32190441267069,21.791362807707824,Unintentional
User_17,2025-09-04 16:49:43,0.383,0.5725,Running,Zep,Speeding,1way,0.0,90,WiFi,Ethernet,48.0,-25.0,0.0057271729697465,40.30622692377462,21.752969276194506,Unintentional
User_39,2025-09-04 18:24:49,0.685,0.7548,Walking,Koila,Speeding,2way,0.0,80,3G,-106,93.0,-21.0,0.0011015668095406,40.32226280990824,21.791476079839963,Unintentional
User_20,2025-09-04 19:00:13,0.686,0.5725,Walking,Ligeris,Driving_Under_Influence,2way,1.0,40,3G,-71,26.0,-18.0,0.0042912058896297,40.321449496473825,21.78978441378065,Unintentional
User_15,2025-09-04 23:20:09,0.508,0.5254,Driving,Zep,Speeding,2way,1.0,10,4G,-93,17.0,23.0,0.0086992925739049,40.28037464997478,21.753138747877756,Unintentional
User_67,2025-09-05 03:04:19,0.557,0.6776,Driving,Ligeris,Driving_Under_Influence,4way,0.0,Harassing_Driver,3G,-111,15.0,0.0,0.024,40.30622692377462,21.807380938628494,Unintentional
User_59,2025-09-05 04:30:13,0.696,0.8628,Driving,Koila,Speeding,1way,1.0,40,4G,-77,57.0,10.0,0.034,40.32108016876026,21.789710848694085,Unintentional
User_31,2025-09-05 10:12:42,0.72,0.7459,Driving,Ligeris,Speeding,2way,1.0,60,3G,-103,48.0,-20.0,0.0096548670339535,40.30609753537887,21.80777874237994,Unintentional
User_44,2025-09-05 10:36:09,0.508,0.5967,Walking,Ligeris,Speeding,2way,1.0,30,WiFi,-87,72.0,14.0,0.045,40.3074895617015,21.80812232072832,Unintentional
User_92,2025-09-05 10:50:48,0.611,0.8771,Walking,Ligeris,Reckless_Driving,2way,1.0,40,3G,-79,48.0,0.0,0.038,40.30605572326187,21.80752146764845,Unintentional
User_84,2025-09-05 12:51:37,0.508,0.6716,Driving,Ligeris,Speeding,2way,5.0,10,5G,-104,48.0,25.0,0.0057674033996836,40.30574387458315,21.809376499632425,Unintentional
User_19,2025-09-05 13:30:16,0.384,0.8333,Running,Ligeris,Reckless_Driving,2way,0.0,40,3G,Ethernet,11.0,-13.0,0.036,40.30667641747114,21.807763741795743,Unintentional
User_37,2025-09-05 15:14:29,0.528,0.8309,Walking,Ligeris,Reckless_Driving,2way,0.0,30,WiFi,-87,74.0,-15.0,0.033,40.30622692377462,21.80748987675413,Unintentional
User_22,2025-09-05 19:18:24,0.712,0.5353,Driving,Ligeris,Speeding,1way,0.0,80,4G,-82,2.0,-20.0,0.0057271729697465,40.30561549441369,21.791258825989416,Unintentional
User_11,2025-09-05 19:27:55,0.539,0.6696,Driving,Ligeris,Speeding,2way,1.0,60,3G,-100,30.0,20.0,0.0026075633579495,40.30739291971452,21.807746141160685,Unintentional
User_53,2025-09-06 00:58:21,0.364,0.8637,Walking,Ligeris,Speeding,2way,2.0,40,WiFi,-75,32.0,22.0,0.0054289445381503,40.30545970970491,21.807750190181057,Unintentional
User_27,2025-09-06 01:43:34,0.319,0.8086,Walking,Zep,7,2way,0.0,40,3G,-119,70.0,17.0,0.0036619204446165,40.27935116620065,21.753320481469917,Unintentional
User_88,2025-09-06 02:37:02,0.676,0.529,Walking,Ligeris,Reckless_Driving,4way,0.0,50,3G,-83,70.0,8.0,0.026,40.30615572236179,21.805201664529932,Unintentional
User_14,2025-09-06 05:26:28,0.508,0.5725,Running,Koila,Reckless_Driving,1way,3.0,30,WiFi,-80,48.0,-22.0,0.0037403936473889,40.30622692377462,21.791235496534544,Unintentional
User_60,2025-09-06 06:11:27,0.602,0.8016,Walking,Ligeris,Speeding,2way,1.0,10,WiFi,-78,6.0,-20.0,0.0082575538576263,40.30514779805692,21.80800581567531,Unintentional
User_03,2025-09-06 07:20:48,0.381,0.5725,Walking,Zep,Speeding,4way,1.0,30,5G,-70,33.0,-2.0,0.048,40.27929845070458,21.752803839195597,Unintentional
User_63,2025-09-06 07:27:50,0.408,0.7164,Driving,Ligeris,Speeding,2way,0.0,60,5G,-94,92.0,18.0,0.0055746555977783,40.323468383264064,21.791258825989416,Unintentional
User_96,2025-09-06 08:55:55,0.508,0.5116,Walking,Ligeris,Driving_Under_Influence,2way,4.0,40,WiFi,-65,7.0,-17.0,0.0071568238715368,40.279611850555185,21.75328625421992,Unintentional
User_43,2025-09-06 12:14:20,0.255,0.7703,Running,Ligeris,Speeding,1way,0.0,10,4G,-117,38.0,1.0,0.036,40.30604032780768,21.80759749594345,Unintentional
User_08,2025-09-06 12:24:43,0.325,0.8736,Driving,Ligeris,Reckless_Driving,2way,0.0,40,3G,-109,48.0,-21.0,0.0015092312587743,40.305528898709056,21.80752609833149,Unintentional
User_97,2025-09-06 12:34:38,0.296,0.8529,Walking,Zep,Speeding,1way,160.0,40,3G,-107,9.0,-17.0,0.0063903823071431,40.27978638805407,21.752216154057677,Unintentional
User_93,2025-09-06 13:45:30,0.508,0.5991,Walking,Ligeris,Speeding,2way,2.0,40,WiFi,-60,54.0,-7.0,0.043,40.32087569748241,21.791258825989416,Unintentional
User_24,2025-09-06 14:21:28,0.7,0.5725,Driving,Zep,Driving_Under_Influence,4way,0.0,90,3G,-100,13.0,25.0,0.0085898556395571,40.28063672192383,21.75267936055445,Unintentional
User_86,2025-09-06 14:31:58,0.63,0.7643,Walking,Ligeris,Reckless_Driving,2way,1.0,30,WiFi,-63,48.0,18.0,0.0057271729697465,40.323285529612214,21.792790409964933,Unintentional
User_78,2025-09-06 15:33:44,0.64,0.5725,Running,Zep,Reckless_Driving,2way,2.0,40,4G,-70,88.0,25.0,0.0099161664343872,40.27911666265183,21.7538611506534,Unintentional
User_15,2025-09-06 16:08:35,0.508,0.5725,Walking,Zep,Reckless_Driving,1way,1.0,10,3G,-96,48.0,21.0,0.0023388193796128,40.28099181394968,21.75461763124638,Unintentional
User_66,2025-09-06 18:20:23,0.325,0.8837,Walking,Zep,Speeding,2way,1.0,30,4G,-117,42.0,13.0,0.037,40.279349777121226,21.75394793896186,Unintentional
User_94,2025-09-06 18:33:24,0.648,0.5608,Walking,Zep,Speeding,1way,0.0,40,WiFi,-52,65.0,9.0,0.022,40.27895767448139,21.755146274084655,Unintentional
User_85,2025-09-06 18:38:04,0.572,0.8942,Driving,Zep,Speeding,2way,0.0,70,3G,-85,86.0,19.0,0.0089301810080571,40.30622692377462,21.75314733445527,Unintentional
User_52,2025-09-06 18:48:32,0.508,0.8349,Walking,Ligeris,Reckless_Driving,2way,1.0,30,WiFi,-51,78.0,22.0,0.0060980139051474,40.30535258540073,21.807014079179964,Unintentional
User_90,2025-09-06 21:01:52,0.522,0.5624,Walking,Ligeris,Speeding,4way,0.0,60,3G,-120,20.0,-10.0,0.042,40.30632192956642,21.80662603656985,Unintentional
User_53,2025-09-06 21:44:49,0.364,0.8647,Driving,Ligeris,Reckless_Driving,4way,0.0,30,3G,-100,51.0,0.0,0.045,40.30738337721056,21.791258825989416,Unintentional
User_83,2025-09-06 22:38:06,0.453,0.7865,Driving,Koila,Speeding,2way,1.0,30,WiFi,-88,36.0,-16.0,0.022,40.32082536554071,21.79165768857391,Unintentional
User_71,2025-09-06 23:55:30,0.431,0.782,Running,Zep,Driving_Under_Influence,1way,0.0,40,3G,-93,48.0,20.0,0.0090677907158888,40.27954592913016,21.75323364495084,Unintentional
User_100,2025-09-07 05:03:06,0.592,0.6971,Running,Zep,Driving_Under_Influence,2way,0.0,40,4G,-113,61.0,13.0,0.032,40.280246418919816,21.753519698242403,Unintentional
User_13,2025-09-07 05:56:36,0.657,0.6309,Walking,Zep,Speeding,2way,1.0,40,WiFi,Ethernet,61.0,19.0,0.0040096489462141,40.30622692377462,21.791258825989416,Unintentional
User_39,2025-09-07 05:58:35,0.685,0.5725,Walking,Ligeris,Driving_Under_Influence,1way,5.0,90,3G,Ethernet,28.0,-22.0,0.0050414872461165,40.30650734823523,21.807285091666916,Unintentional
User_77,2025-09-07 09:57:14,0.508,0.6386,Running,Ligeris,Driving_Under_Influence,2way,0.0,30,3G,-93,56.0,-6.0,0.048,40.30622692377462,21.806172347696535,Unintentional
User_100,2025-09-07 10:39:43,0.508,0.6981,Walking,Zep,Driving_Under_Influence,2way,140.0,50,4G,-105,48.0,-25.0,0.0044120598678459,40.2791039546492,21.753291771117283,Unintentional
User_39,2025-09-07 11:34:28,0.685,0.7608,Driving,Zep,Speeding,1way,0.0,Harassing_Driver,5G,Ethernet,42.0,-13.0,0.048,40.27989436058136,21.7512540209105,Unintentional
User_19,2025-09-07 17:13:19,0.508,0.8383,Running,Koila,Speeding,2way,1.0,40,3G,-114,94.0,24.0,0.0016100789647651,40.30622692377462,21.79026728317588,Unintentional
User_46,2025-09-07 19:28:05,0.621,0.6869,Running,Ligeris,Driving_Under_Influence,4way,0.0,60,WiFi,-76,39.0,20.0,0.004883975377535,40.279217628714,21.754868602858256,Unintentional
User_55,2025-09-07 22:02:35,0.489,0.5738,Running,Ligeris,Driving_Under_Influence,4way,0.0,30,WiFi,-88,2.0,25.0,0.006077731234015,40.30602082053563,21.80752189244142,Unintentional
User_67,2025-09-08 01:10:22,0.557,0.6826,Running,Zep,Driving_Under_Influence,2way,2.0,10,4G,-99,62.0,-2.0,0.032,40.28029347821213,21.791258825989416,Unintentional
User_90,2025-09-08 04:28:59,0.522,0.5654,Running,Koila,Reckless_Driving,2way,1.0,40,WiFi,Ethernet,23.0,-24.0,0.0023720168330604,40.32209554664757,21.7912721917905,Unintentional
User_42,2025-09-08 06:05:59,0.577,0.7652,Running,Koila,Driving_Under_Influence,2way,1.0,Lane_Discards,3G,-84,75.0,0.0,0.032,40.32208615130936,21.791268306487755,Unintentional
User_92,2025-09-08 08:08:14,0.611,0.8841,Running,Zep,Speeding,4way,0.0,10,5G,-106,90.0,-15.0,0.032,40.30622692377462,21.791258825989416,Unintentional
User_08,2025-09-08 09:52:20,0.325,0.8766,Walking,Koila,Speeding,1way,0.0,30,3G,-114,0.0,-21.0,0.0059616927048431,40.32341606146338,21.79156955931927,Unintentional
User_25,2025-09-08 12:14:34,0.627,0.5593,Running,Zep,Driving_Under_Influence,2way,0.0,40,WiFi,-53,48.0,-19.0,0.006405115260613,40.279246160800646,21.75217163821412,Unintentional
User_54,2025-09-08 13:36:13,0.508,0.6471,Running,Ligeris,Speeding,1way,1.0,40,WiFi,-88,34.0,22.0,0.0057271729697465,40.30502983852489,21.806219896422792,Unintentional
User_40,2025-09-08 15:18:39,0.498,0.7557,Driving,Zep,Reckless_Driving,1way,1.0,40,3G,-104,15.0,-20.0,0.0057271729697465,40.27860254658114,21.752542472124667,Unintentional
User_68,2025-09-08 16:01:24,0.736,0.8165,Walking,Koila,Speeding,2way,1.0,20,3G,-86,63.0,22.0,0.0093670328525579,40.30622692377462,21.792965357372225,Unintentional
User_40,2025-09-08 16:47:32,0.498,0.7567,Walking,Koila,8,1way,1.0,40,4G,-82,23.0,-17.0,0.0044511237277356,40.320888887886454,21.78988730601314,Unintentional
User_36,2025-09-08 17:28:20,0.394,0.8369,Driving,Ligeris,Driving_Under_Influence,2way,160.0,60,3G,-98,68.0,10.0,0.032,40.30602829189581,21.807965476124977,Unintentional
User_94,2025-09-08 18:38:30,0.648,0.5648,Driving,Koila,Speeding,2way,0.0,90,5G,-118,95.0,-4.0,0.038,40.32116881628878,21.790942148426257,Unintentional
User_78,2025-09-08 18:47:06,0.64,0.6016,Running,Ligeris,Driving_Under_Influence,1way,3.0,60,WiFi,-87,76.0,-23.0,0.0098144424087356,40.30535527019791,21.807972191676065,Unintentional
User_96,2025-09-08 19:29:29,0.722,0.5725,Walking,Koila,Driving_Under_Influence,2way,2.0,40,4G,-86,85.0,7.0,0.037,40.321451289352915,21.790180256467877,Unintentional
User_31,2025-09-08 19:33:45,0.72,0.7519,Running,Koila,Speeding,2way,0.0,50,3G,Ethernet,43.0,3.0,0.036,40.32221607620565,21.79215442218858,Unintentional
User_61,2025-09-08 22:21:10,0.261,0.5995,Running,Ligeris,Reckless_Driving,2way,1.0,10,4G,-77,86.0,25.0,0.0019172631416666,40.30615202717773,21.80881292643858,Unintentional
User_03,2025-09-08 22:31:28,0.381,0.6935,Running,Ligeris,Speeding,2way,1.0,40,4G,-75,90.0,12.0,0.05,40.30563258909056,21.80887622429313,Unintentional
User_74,2025-09-08 23:14:00,0.6,0.5095,Running,Ligeris,Driving_Under_Influence,1way,4.0,10,4G,-99,60.0,22.0,0.0088825176583129,40.305503455875375,21.807501328790543,Unintentional
User_56,2025-09-09 01:28:16,0.419,0.6786,Driving,Zep,Speeding,1way,0.0,40,WiFi,-57,70.0,-25.0,0.0084295492821704,40.279648802210914,21.75339351852566,Unintentional
User_61,2025-09-09 04:32:57,0.261,0.6005,Walking,Ligeris,Speeding,2way,0.0,40,3G,-73,97.0,-23.0,0.0049196024016879,40.32055503108732,21.790669559370848,Unintentional
User_43,2025-09-09 04:36:29,0.255,0.7763,Walking,Koila,Speeding,1way,0.0,90,3G,Ethernet,48.0,14.0,0.031,40.32091865589825,21.789709107712618,Unintentional
User_15,2025-09-09 07:59:05,0.585,0.5344,Running,Zep,Driving_Under_Influence,2way,0.0,20,3G,-105,37.0,21.0,0.0090421205946495,40.27944417725751,21.753298190905348,Unintentional
User_66,2025-09-09 11:51:16,0.325,0.5725,Walking,Ligeris,Speeding,4way,0.0,Harassing_Driver,3G,Ethernet,23.0,22.0,0.0019424381980409,40.30586106692807,21.791258825989416,Unintentional
User_04,2025-09-09 12:27:24,0.295,0.5649,Driving,Koila,Driving_Under_Influence,2way,160.0,40,5G,-87,2.0,-1.0,0.035,40.30622692377462,21.79126572842155,Unintentional
User_09,2025-09-09 13:13:34,0.377,0.5725,Running,Zep,Driving_Under_Influence,2way,0.0,Lane_Discards,WiFi,Ethernet,11.0,7.0,0.038,40.30622692377462,21.791258825989416,Unintentional
User_78,2025-09-09 16:55:20,0.508,0.6026,Walking,Zep,Speeding,1way,5.0,20,5G,-86,56.0,17.0,0.0034871178441208,40.27983563665866,21.75380427150572,Unintentional
User_07,2025-09-09 16:56:47,0.319,0.758,Walking,Ligeris,Reckless_Driving,4way,1.0,30,3G,-89,11.0,-22.0,0.0057271729697465,40.306105674537385,21.807708434218313,Unintentional
User_20,2025-09-09 18:25:37,0.686,0.8314,Driving,Ligeris,8,4way,4.0,40,WiFi,-57,50.0,-1.0,0.048,40.3061677961655,21.807171668387134,Unintentional
User_21,2025-09-09 19:04:54,0.508,0.5725,Walking,Koila,Reckless_Driving,4way,160.0,60,3G,-73,86.0,2.0,0.026,40.320627811217406,21.791258825989416,Unintentional
User_47,2025-09-09 19:13:34,0.636,0.5725,Walking,Ligeris,Reckless_Driving,2way,1.0,40,5G,-71,62.0,8.0,0.025,40.305870366087184,21.8075593887665,Unintentional
User_35,2025-09-09 19:15:57,0.379,0.7086,Walking,Koila,Speeding,1way,1.0,70,5G,-119,62.0,0.0,0.049,40.30622692377462,21.79167778541754,Unintentional
User_83,2025-09-09 19:33:36,0.508,0.7935,Running,Zep,Reckless_Driving,4way,3.0,50,3G,-76,48.0,-6.0,0.047,40.30622692377462,21.75434412768048,Unintentional
User_44,2025-09-09 20:34:49,0.332,0.6057,Driving,Ligeris,Speeding,1way,1.0,40,WiFi,-60,1.0,-24.0,0.0014567551805147,40.30679169383915,21.80765110521428,Unintentional
User_55,2025-09-09 23:52:30,0.489,0.5778,Driving,Ligeris,Speeding,2way,150.0,80,3G,-96,58.0,15.0,0.041,40.30628176424788,21.791258825989416,Unintentional
User_36,2025-09-10 02:09:28,0.394,0.8399,Running,Zep,Speeding,4way,4.0,50,3G,Ethernet,83.0,-3.0,0.025,40.28004943956558,21.75220232792646,Unintentional
User_28,2025-09-10 04:28:30,0.561,0.6065,Walking,Ligeris,Driving_Under_Influence,2way,2.0,60,3G,-77,80.0,21.0,0.0080837452800985,40.321884559336915,21.79197292849549,Unintentional
User_15,2025-09-10 09:50:02,0.508,0.5364,Running,Ligeris,Driving_Under_Influence,4way,1.0,Harassing_Driver,5G,-87,18.0,-20.0,0.0028730878142421,40.306335426727806,21.791258825989416,Unintentional
User_99,2025-09-10 13:11:56,0.618,0.7123,Walking,Ligeris,Reckless_Driving,1way,1.0,90,5G,-103,48.0,25.0,0.0057271729697465,40.30620192313624,21.807585403091224,Unintentional
User_100,2025-09-10 16:25:34,0.592,0.7041,Walking,Ligeris,Speeding,2way,1.0,20,5G,-114,89.0,-5.0,0.022,40.30665356362261,21.80869807676718,Unintentional
User_90,2025-09-10 16:27:30,0.508,0.5704,Running,Ligeris,Reckless_Driving,1way,1.0,Illegal_Parking,WiFi,-53,28.0,-12.0,0.025,40.30622692377462,21.753212647964357,Unintentional
User_42,2025-09-10 20:24:13,0.577,0.7702,Driving,Koila,Speeding,1way,160.0,80,5G,-98,41.0,20.0,0.0038736529960794,40.30622692377462,21.790770363523144,Unintentional
User_09,2025-09-10 22:01:19,0.377,0.8828,Driving,Zep,Speeding,2way,0.0,40,4G,-88,21.0,-17.0,0.0028585469787025,40.2788644441863,21.791258825989416,Unintentional
User_52,2025-09-11 03:14:13,0.399,0.5725,Running,Ligeris,Speeding,2way,0.0,40,3G,-117,76.0,-22.0,0.0047296680956892,40.30622498671923,21.80748855244817,Unintentional
User_100,2025-09-11 04:21:27,0.592,0.7051,Driving,Koila,Reckless_Driving,2way,0.0,70,3G,-88,0.0,19.0,0.0046441762320172,40.321773375377994,21.792266384070437,Unintentional
User_26,2025-09-11 06:28:24,0.642,0.6632,Driving,Ligeris,Speeding,4way,3.0,10,3G,-108,51.0,-21.0,0.0057266254235587,40.30616223095155,21.807984157615852,Unintentional
User_09,2025-09-11 09:24:08,0.377,0.8858,Running,Ligeris,Driving_Under_Influence,1way,1.0,40,4G,-82,43.0,0.0,0.046,40.30622298709189,21.807551094461875,Unintentional
User_05,2025-09-11 10:01:40,0.311,0.6608,Walking,Zep,Speeding,2way,150.0,20,WiFi,-86,24.0,11.0,0.026,40.30622692377462,21.752894755673193,Unintentional
User_19,2025-09-11 10:33:51,0.384,0.8453,Walking,Koila,Reckless_Driving,2way,1.0,40,3G,Ethernet,58.0,14.0,0.035,40.3212994352347,21.79128381187452,Unintentional
User_54,2025-09-11 11:42:38,0.508,0.6531,Running,Koila,Reckless_Driving,2way,1.0,60,WiFi,-60,49.0,18.0,0.0095910547201631,40.321552317335495,21.791258825989416,Unintentional
User_20,2025-09-11 15:44:00,0.686,0.8364,Running,Ligeris,Speeding,2way,0.0,60,4G,Ethernet,5.0,-4.0,0.024,40.322177842821766,21.790856474422515,Unintentional
User_15,2025-09-11 16:36:00,0.585,0.5394,Driving,Koila,Driving_Under_Influence,1way,0.0,80,4G,-87,33.0,0.0,0.03,40.32172660619581,21.78908335775156,Unintentional
User_46,2025-09-11 21:58:06,0.621,0.6949,Walking,Ligeris,Driving_Under_Influence,2way,1.0,40,5G,-97,23.0,-21.0,0.0012354734892486,40.30572485574064,21.80733891639641,Unintentional
User_75,2025-09-12 00:12:49,0.544,0.8504,Walking,Zep,Speeding,4way,1.0,20,WiFi,-75,41.0,0.0,0.033,40.27972868198175,21.753456038584268,Unintentional
User_13,2025-09-12 04:26:41,0.657,0.6409,Walking,Koila,Speeding,2way,0.0,70,5G,Ethernet,31.0,-20.0,0.0057271729697465,40.32178099159967,21.792705529242497,Unintentional
User_09,2025-09-12 05:05:19,0.377,0.5725,Driving,Koila,Reckless_Driving,2way,0.0,10,WiFi,-57,30.0,19.0,0.0057271729697465,40.322256546139414,21.79194845806509,Unintentional
User_34,2025-09-12 06:35:55,0.401,0.6916,Driving,Zep,Driving_Under_Influence,2way,1.0,80,5G,-99,31.0,20.0,0.0036894026649498,40.27976518623011,21.753024830673727,Unintentional
User_89,2025-09-12 07:05:24,0.485,0.8153,Walking,Ligeris,Speeding,4way,2.0,40,3G,-83,81.0,18.0,0.0058132469909023,40.323011638718704,21.79059557072414,Unintentional
User_25,2025-09-12 08:15:28,0.627,0.5725,Walking,Koila,Driving_Under_Influence,1way,1.0,20,3G,-94,70.0,0.0,0.043,40.32159298720702,21.791258825989416,Unintentional
User_74,2025-09-12 09:55:09,0.6,0.5165,Driving,Ligeris,Speeding,2way,0.0,10,5G,-78,71.0,7.0,0.028,40.30597801582562,21.791258825989416,Unintentional
User_78,2025-09-12 10:51:41,0.64,0.5725,Running,Zep,Driving_Under_Influence,2way,1.0,50,WiFi,-55,63.0,0.0,0.023,40.278393081218795,21.791258825989416,Unintentional
User_01,2025-09-12 13:54:06,0.618,0.8275,Driving,Ligeris,Driving_Under_Influence,2way,3.0,30,WiFi,-58,48.0,-19.0,0.0059255214887695,40.306251804589174,21.807367226902876,Unintentional
User_17,2025-09-12 15:50:48,0.383,0.5332,Driving,Ligeris,Speeding,4way,1.0,40,5G,-91,48.0,22.0,0.0011923092755848,40.32287998086823,21.79031202159398,Unintentional
User_20,2025-09-12 19:09:17,0.686,0.8384,Walking,Koila,Speeding,1way,0.0,40,4G,-112,77.0,-20.0,0.0073539989370445,40.32293327739464,21.78984789912723,Unintentional
User_83,2025-09-12 22:04:09,0.453,0.7995,Walking,Ligeris,Speeding,2way,1.0,20,5G,-106,79.0,21.0,0.0038597824033969,40.30632160993784,21.807495221514035,Unintentional
User_62,2025-09-12 22:09:27,0.508,0.5725,Walking,Koila,Speeding,1way,0.0,80,3G,-94,53.0,4.0,0.05,40.32277411411092,21.790421874226585,Unintentional
User_97,2025-09-12 22:28:16,0.296,0.8659,Walking,Zep,6,4way,1.0,80,3G,Ethernet,13.0,17.0,0.0098696881405421,40.280689176727435,21.75483587561261,Unintentional
User_23,2025-09-13 03:11:10,0.669,0.8746,Walking,Zep,Driving_Under_Influence,4way,0.0,30,3G,-76,48.0,-7.0,0.027,40.278836573967645,21.753161173118105,Unintentional
User_01,2025-09-13 04:33:54,0.618,0.8285,Walking,Zep,Speeding,2way,1.0,20,4G,-82,65.0,10.0,0.029,40.30622692377462,21.753375453801144,Unintentional
User_82,2025-09-13 06:18:46,0.499,0.5725,Driving,Koila,Driving_Under_Influence,1way,1.0,20,3G,-54,48.0,-22.0,0.0047767768775683,40.32063513289481,21.79030204015256,Unintentional
User_44,2025-09-13 06:39:10,0.332,0.6127,Running,Koila,Driving_Under_Influence,2way,0.0,10,WiFi,-89,48.0,-11.0,0.047,40.32144526284562,21.791710120201337,Unintentional
User_16,2025-09-13 06:50:01,0.438,0.6369,Driving,Ligeris,Driving_Under_Influence,2way,0.0,90,5G,-98,48.0,19.0,0.0067213876779677,40.306835527862496,21.809631025200876,Unintentional
User_95,2025-09-13 08:53:49,0.739,0.5993,Walking,Koila,Driving_Under_Influence,2way,0.0,20,4G,-79,28.0,18.0,0.0022555353690339,40.322861099925866,21.791750604722008,Unintentional
User_13,2025-09-13 09:03:23,0.657,0.6429,Running,Ligeris,Driving_Under_Influence,4way,0.0,30,3G,-120,62.0,20.0,0.0045942449650488,40.30622692377462,21.806746615908285,Unintentional
User_94,2025-09-13 14:00:18,0.648,0.5748,Driving,Koila,Speeding,2way,1.0,30,3G,-111,77.0,1.0,0.036,40.321922225617584,21.789123934659063,Unintentional
User_50,2025-09-13 17:30:42,0.508,0.8387,Running,Ligeris,Reckless_Driving,1way,1.0,Illegal_Parking,5G,-87,73.0,15.0,0.026,40.306201496606526,21.80751455348035,Unintentional
User_31,2025-09-13 18:31:15,0.72,0.7619,Walking,Ligeris,Speeding,4way,3.0,80,4G,-119,30.0,-14.0,0.049,40.305828106549846,21.808290517388635,Unintentional
User_78,2025-09-13 19:52:42,0.64,0.6116,Walking,Zep,Driving_Under_Influence,1way,150.0,60,5G,-103,48.0,-4.0,0.041,40.28000227069264,21.791258825989416,Unintentional
User_32,2025-09-13 20:17:27,0.694,0.8128,Running,Zep,Driving_Under_Influence,2way,1.0,40,5G,-85,71.0,0.0,0.024,40.30622692377462,21.791258825989416,Unintentional
User_46,2025-09-13 20:51:50,0.621,0.6979,Walking,Koila,Driving_Under_Influence,1way,160.0,60,WiFi,Ethernet,88.0,-5.0,0.044,40.32040022095514,21.791945662287556,Unintentional
User_17,2025-09-14 02:57:26,0.383,0.5725,Walking,Ligeris,Reckless_Driving,4way,1.0,30,3G,Ethernet,75.0,17.0,0.0057271729697465,40.27920128164102,21.75287444422801,Unintentional
User_30,2025-09-14 04:36:44,0.577,0.7795,Driving,Koila,Speeding,2way,1.0,40,3G,-74,54.0,-14.0,0.038,40.32292587234323,21.791258825989416,Unintentional
User_07,2025-09-14 04:43:37,0.508,0.5725,Driving,Ligeris,Driving_Under_Influence,1way,0.0,90,5G,-108,38.0,9.0,0.03,40.30622692377462,21.791258825989416,Unintentional
User_48,2025-09-14 10:36:43,0.611,0.7323,Walking,Zep,Reckless_Driving,1way,1.0,40,WiFi,-67,3.0,24.0,0.0021096163856919,40.2798449535425,21.75311216435795,Unintentional
User_01,2025-09-14 13:57:29,0.618,0.8305,Walking,Zep,Reckless_Driving,2way,1.0,80,3G,-103,32.0,-24.0,0.0081264757277516,40.28064854891381,21.754672158376835,Unintentional
User_67,2025-09-14 14:03:37,0.557,0.6946,Driving,Ligeris,Speeding,2way,0.0,70,5G,-85,48.0,10.0,0.038,40.3062160973728,21.805490928256255,Unintentional
User_13,2025-09-14 14:53:40,0.657,0.5725,Driving,Zep,Reckless_Driving,4way,0.0,30,4G,-118,86.0,14.0,0.034,40.2795053832322,21.7531666313037,Unintentional
User_92,2025-09-14 18:23:49,0.611,0.8951,Running,Zep,Speeding,1way,0.0,30,3G,-120,48.0,-23.0,0.0037831953386642,40.27938288341136,21.75308878112545,Unintentional
User_82,2025-09-15 01:12:14,0.499,0.8724,Walking,Ligeris,Driving_Under_Influence,2way,1.0,40,4G,Ethernet,2.0,4.0,0.04,40.304440395495114,21.791258825989416,Unintentional
User_90,2025-09-15 05:33:40,0.522,0.5794,Driving,Ligeris,Driving_Under_Influence,4way,150.0,90,3G,Ethernet,9.0,17.0,0.0069093307895733,40.30622692377462,21.8072910642532,Unintentional
User_87,2025-09-15 11:53:52,0.374,0.6616,Running,Koila,Reckless_Driving,1way,4.0,Harassing_Driver,WiFi,-56,70.0,0.0,0.049,40.322234108370935,21.79138995842203,Unintentional
User_08,2025-09-15 12:28:21,0.508,0.8916,Driving,Zep,Driving_Under_Influence,1way,1.0,40,3G,Ethernet,72.0,-13.0,0.038,40.27990049902869,21.755373250237767,Unintentional
User_69,2025-09-15 19:39:55,0.289,0.6656,Driving,Zep,Driving_Under_Influence,2way,1.0,70,4G,-78,43.0,7.0,0.023,40.30622692377462,21.75487691457165,Unintentional
User_04,2025-09-16 00:03:35,0.295,0.5779,Driving,Ligeris,Driving_Under_Influence,4way,0.0,Harassing_Driver,3G,-119,99.0,-4.0,0.04,40.30725838005523,21.80619007099589,Unintentional
User_60,2025-09-16 01:06:28,0.602,0.8206,Running,Ligeris,Driving_Under_Influence,1way,1.0,30,5G,-115,13.0,20.0,0.0068216767368421,40.30724486652165,21.805906307855896,Unintentional
User_72,2025-09-16 05:22:17,0.697,0.6172,Driving,Ligeris,Reckless_Driving,4way,1.0,40,3G,Ethernet,89.0,18.0,0.0035490552387472,40.30567161033511,21.807538128789503,Unintentional
User_21,2025-09-16 06:19:33,0.64,0.8785,Running,Koila,Reckless_Driving,2way,1.0,30,3G,-92,33.0,10.0,0.025,40.30622692377462,21.790118473051734,Unintentional
User_42,2025-09-16 09:57:18,0.577,0.7822,Walking,Ligeris,Speeding,2way,0.0,Harassing_Driver,3G,-82,93.0,16.0,0.023,40.30627782472305,21.808434164402072,Unintentional
User_26,2025-09-16 13:25:04,0.642,0.6742,Running,Ligeris,Speeding,2way,1.0,70,4G,-117,59.0,0.0,0.041,40.30618280657414,21.807246516467252,Unintentional
User_36,2025-09-16 13:50:52,0.394,0.8519,Driving,Zep,Reckless_Driving,2way,0.0,40,4G,-111,51.0,13.0,0.036,40.28066227942485,21.791258825989416,Unintentional
User_14,2025-09-16 14:49:38,0.508,0.5725,Running,Koila,Driving_Under_Influence,2way,1.0,20,3G,-77,21.0,24.0,0.0045974584508452,40.30622692377462,21.791507196513606,Unintentional
User_100,2025-09-16 14:50:34,0.592,0.5725,Running,Zep,Reckless_Driving,1way,4.0,20,5G,-72,62.0,19.0,0.008654097681218,40.30622692377462,21.75306293504984,Unintentional
User_45,2025-09-16 14:59:32,0.508,0.5745,Walking,Koila,9,1way,1.0,40,WiFi,-77,48.0,-17.0,0.0057271729697465,40.322401603150155,21.79045686543994,Unintentional
User_76,2025-09-16 15:52:19,0.349,0.8916,Walking,Zep,Speeding,2way,0.0,50,WiFi,-71,87.0,25.0,0.0034325702362044,40.27983628105959,21.75319710371886,Unintentional
User_67,2025-09-16 17:50:19,0.508,0.6996,Running,Zep,Speeding,2way,0.0,50,4G,-103,33.0,0.0,0.049,40.2804762014946,21.754828020686684,Unintentional
User_44,2025-09-16 18:08:24,0.332,0.6197,Driving,Ligeris,Driving_Under_Influence,4way,0.0,30,4G,-85,39.0,24.0,0.0031979459639016,40.27882206470716,21.75533086854938,Unintentional
User_80,2025-09-16 20:26:44,0.508,0.7305,Driving,Koila,Reckless_Driving,1way,0.0,10,4G,-97,50.0,6.0,0.05,40.32296000387838,21.791258825989416,Unintentional
User_66,2025-09-17 00:44:47,0.325,0.9047,Running,Koila,Driving_Under_Influence,1way,0.0,40,3G,-103,85.0,22.0,0.0039404238171232,40.32202077830434,21.792113718204135,Unintentional
User_32,2025-09-17 03:05:46,0.694,0.8198,Driving,Koila,Driving_Under_Influence,1way,2.0,40,5G,Ethernet,37.0,-8.0,0.04,40.32100095732143,21.790668981121723,Unintentional
User_87,2025-09-17 03:36:17,0.374,0.6646,Running,Zep,Driving_Under_Influence,2way,1.0,30,3G,-84,71.0,-18.0,0.003278181457412,40.27917925290396,21.75233624426761,Unintentional
User_55,2025-09-17 05:13:37,0.489,0.5725,Driving,Ligeris,Driving_Under_Influence,1way,0.0,30,4G,-99,58.0,19.0,0.0057271729697465,40.321962306099046,21.791269289631835,Unintentional
User_57,2025-09-17 06:48:51,0.733,0.6364,Running,Zep,Speeding,2way,1.0,50,3G,-111,0.0,-24.0,0.0047340821369217,40.28122772498911,21.753350411261263,Unintentional
User_13,2025-09-17 07:06:22,0.508,0.6509,Running,Koila,Reckless_Driving,1way,1.0,50,5G,-106,60.0,-6.0,0.028,40.32338872973302,21.79123975406772,Unintentional
User_97,2025-09-17 07:45:44,0.296,0.8759,Driving,Ligeris,Driving_Under_Influence,2way,0.0,20,5G,Ethernet,11.0,-3.0,0.024,40.30714311997647,21.806987777279925,Unintentional
User_82,2025-09-17 07:58:32,0.499,0.8764,Driving,Ligeris,Driving_Under_Influence,1way,0.0,20,3G,Ethernet,84.0,16.0,0.045,40.3051117437843,21.807114287197077,Unintentional
User_36,2025-09-17 08:32:16,0.394,0.8539,Driving,Koila,Reckless_Driving,1way,150.0,20,WiFi,Ethernet,88.0,-1.0,0.033,40.322755537633704,21.78956347620677,Unintentional
User_62,2025-09-17 10:07:04,0.346,0.7703,Driving,Koila,Reckless_Driving,4way,1.0,10,3G,-76,48.0,-8.0,0.021,40.322296259544,21.78983149554353,Unintentional
User_25,2025-09-17 10:55:10,0.627,0.5725,Walking,Ligeris,Reckless_Driving,1way,2.0,Harassing_Driver,3G,-104,22.0,-6.0,0.037,40.30622474541284,21.807576239387267,Unintentional
User_31,2025-09-17 13:11:08,0.72,0.7689,Driving,Zep,Reckless_Driving,2way,1.0,40,4G,-84,65.0,-12.0,0.044,40.27921710054824,21.753702259473176,Unintentional
User_11,2025-09-17 14:10:32,0.508,0.6926,Walking,Koila,Driving_Under_Influence,1way,150.0,40,4G,Ethernet,48.0,-4.0,0.034,40.32240258511622,21.79087899186993,Unintentional
User_79,2025-09-17 18:14:27,0.426,0.5596,Walking,Zep,Driving_Under_Influence,1way,0.0,40,5G,-76,48.0,-4.0,0.037,40.2797659192985,21.754619573649286,Unintentional
User_51,2025-09-17 18:30:38,0.708,0.8649,Walking,Koila,Driving_Under_Influence,2way,0.0,30,3G,-56,95.0,-18.0,0.0026621818225947,40.322376476944655,21.791258825989416,Unintentional
User_31,2025-09-17 18:37:06,0.72,0.7699,Running,Ligeris,Speeding,2way,2.0,Lane_Discards,4G,-102,58.0,-19.0,0.0053436945368817,40.30622692377462,21.754483347193073,Unintentional
User_06,2025-09-17 21:59:09,0.614,0.8923,Running,Zep,Speeding,1way,1.0,40,WiFi,-83,55.0,25.0,0.0011032120834173,40.27957902115913,21.791258825989416,Unintentional
User_07,2025-09-17 23:21:40,0.319,0.774,Walking,Ligeris,Speeding,2way,0.0,50,5G,-111,12.0,-25.0,0.0057271729697465,40.322803535170294,21.789733070980127,Unintentional
User_47,2025-09-18 01:58:03,0.636,0.6541,Walking,Koila,Reckless_Driving,2way,0.0,40,3G,-115,62.0,10.0,0.045,40.32080524861291,21.79060129825868,Unintentional
User_25,2025-09-18 05:17:07,0.627,0.5725,Walking,Ligeris,Speeding,1way,1.0,80,4G,Ethernet,0.0,19.0,0.0073173181632972,40.30622692377462,21.80730540113982,Unintentional
User_45,2025-09-18 06:52:30,0.508,0.5725,Driving,Zep,Reckless_Driving,2way,0.0,60,WiFi,-75,88.0,4.0,0.022,40.2780691087643,21.753341894850415,Unintentional
User_14,2025-09-18 08:38:10,0.549,0.5377,Running,Ligeris,Speeding,1way,0.0,10,WiFi,-53,59.0,-21.0,0.009799327012907,40.305035496409424,21.791258825989416,Unintentional
User_52,2025-09-18 10:22:13,0.399,0.8579,Walking,Zep,Driving_Under_Influence,1way,0.0,30,5G,-82,51.0,18.0,0.0016116804445801,40.27954795586243,21.75311926111813,Unintentional
User_77,2025-09-18 14:47:34,0.347,0.6616,Walking,Ligeris,Reckless_Driving,4way,0.0,40,WiFi,-50,47.0,20.0,0.0063199850717358,40.30636222439314,21.806494944240004,Unintentional
User_60,2025-09-18 15:10:03,0.602,0.8256,Driving,Zep,Reckless_Driving,2way,1.0,10,WiFi,-58,92.0,12.0,0.025,40.28048798557515,21.75318339063845,Unintentional
User_21,2025-09-18 19:21:51,0.64,0.8825,Walking,Zep,6,2way,0.0,40,3G,-87,48.0,0.0,0.028,40.279674276852575,21.75405104663134,Unintentional
User_79,2025-09-19 01:24:43,0.426,0.5636,Driving,Ligeris,Reckless_Driving,4way,0.0,70,3G,-85,48.0,22.0,0.0025419067513905,40.30664774112955,21.791258825989416,Unintentional
User_02,2025-09-19 07:13:52,0.508,0.7078,Running,Koila,Speeding,2way,1.0,80,3G,-119,5.0,13.0,0.042,40.30622692377462,21.7916037216711,Unintentional
User_06,2025-09-19 10:01:42,0.614,0.5725,Walking,Ligeris,Speeding,4way,1.0,80,5G,-74,13.0,21.0,0.0057271729697465,40.30564066318525,21.806171037114034,Unintentional
User_97,2025-09-19 11:43:27,0.296,0.8799,Driving,Koila,Driving_Under_Influence,2way,0.0,40,WiFi,-50,92.0,4.0,0.024,40.322789332902545,21.79214609269908,Unintentional
User_51,2025-09-19 13:01:49,0.708,0.8699,Driving,Ligeris,Speeding,4way,0.0,60,3G,-114,0.0,10.0,0.027,40.30457875602377,21.806642949852193,Unintentional
User_98,2025-09-19 13:30:22,0.553,0.5725,Running,Zep,Driving_Under_Influence,2way,0.0,40,3G,-117,93.0,18.0,0.0012850889757369,40.27826039168612,21.75287248846777,Unintentional
User_100,2025-09-19 16:34:12,0.592,0.7211,Running,Koila,Speeding,2way,0.0,40,3G,-71,21.0,23.0,0.0099788768909275,40.30622692377462,21.791085348623863,Unintentional
User_76,2025-09-19 19:23:00,0.349,0.8976,Driving,Ligeris,Driving_Under_Influence,1way,2.0,40,4G,-81,68.0,16.0,0.029,40.3055883163247,21.808958912753912,Unintentional
User_03,2025-09-19 20:38:18,0.381,0.7145,Driving,Ligeris,Driving_Under_Influence,1way,0.0,40,5G,-120,59.0,-17.0,0.0061286375854239,40.30732843917235,21.806346968313452,Unintentional
User_57,2025-09-19 22:07:41,0.733,0.6394,Walking,Ligeris,Driving_Under_Influence,2way,1.0,90,4G,Ethernet,27.0,-24.0,0.0074197838734148,40.30550258903027,21.80850961497305,Unintentional
User_57,2025-09-19 22:50:07,0.733,0.6404,Running,Ligeris,Speeding,1way,1.0,90,4G,-92,48.0,24.0,0.004306317593218,40.30571286210338,21.808494584968983,Unintentional
User_48,2025-09-19 23:34:16,0.611,0.7433,Running,Koila,Driving_Under_Influence,2way,0.0,50,4G,-114,60.0,10.0,0.035,40.322084511316696,21.791248599989068,Unintentional
User_72,2025-09-20 02:46:14,0.697,0.6252,Running,Ligeris,Driving_Under_Influence,4way,0.0,30,3G,-73,50.0,9.0,0.029,40.307054020049264,21.80886922236682,Unintentional
User_05,2025-09-20 06:21:32,0.311,0.6788,Walking,Ligeris,Reckless_Driving,1way,0.0,70,5G,-97,17.0,14.0,0.044,40.307004609809155,21.808329101707788,Unintentional
User_97,2025-09-20 06:22:15,0.296,0.8809,Walking,Koila,Driving_Under_Influence,4way,140.0,30,4G,-81,31.0,24.0,0.0027595460825859,40.320658115205525,21.791171654737383,Unintentional
User_32,2025-09-20 11:43:48,0.694,0.8268,Walking,Zep,6,1way,1.0,90,WiFi,-72,77.0,-19.0,0.0069370359438237,40.279260743721096,21.753368766172247,Unintentional
User_29,2025-09-20 12:03:33,0.309,0.7466,Running,Ligeris,Driving_Under_Influence,2way,0.0,60,4G,-98,48.0,-25.0,0.0021902212699124,40.32239707892867,21.793105391555404,Unintentional
User_15,2025-09-20 14:27:59,0.585,0.5725,Running,Koila,Speeding,4way,4.0,40,3G,-72,3.0,18.0,0.0058894951575968,40.30622692377462,21.79172338889536,Unintentional
User_20,2025-09-20 18:14:33,0.686,0.8544,Walking,Koila,Speeding,4way,0.0,20,3G,Ethernet,48.0,1.0,0.032,40.32255894626584,21.79229852560117,Unintentional
User_79,2025-09-20 19:00:29,0.426,0.5656,Walking,Zep,Speeding,2way,1.0,40,WiFi,-60,38.0,0.0,0.027,40.27949930993322,21.753102309732355,Unintentional
User_75,2025-09-20 22:59:04,0.544,0.8674,Walking,Ligeris,Speeding,2way,0.0,30,3G,-110,1.0,-12.0,0.038,40.30748617808885,21.807939185978803,Unintentional
User_72,2025-09-21 04:17:53,0.697,0.6272,Driving,Ligeris,Driving_Under_Influence,4way,1.0,40,3G,-93,25.0,-23.0,0.0074627956028172,40.30651861962493,21.80888357517659,Unintentional
User_81,2025-09-21 04:44:02,0.482,0.7744,Running,Ligeris,Driving_Under_Influence,2way,1.0,20,4G,-105,49.0,-2.0,0.038,40.306049872843765,21.808084155537415,Unintentional
User_54,2025-09-21 08:39:50,0.508,0.6731,Driving,Koila,Speeding,2way,1.0,30,4G,Ethernet,99.0,3.0,0.031,40.32232488876107,21.79137589621864,Unintentional
User_65,2025-09-21 09:05:49,0.578,0.6203,Walking,Ligeris,Speeding,4way,0.0,40,3G,-95,91.0,17.0,0.0022933268173031,40.305692473567404,21.80690011525896,Unintentional
User_19,2025-09-21 09:19:39,0.384,0.8653,Driving,Ligeris,Driving_Under_Influence,2way,0.0,70,3G,-80,95.0,22.0,0.0045050595046943,40.30622692377462,21.791284788810845,Unintentional
User_58,2025-09-21 10:06:37,0.669,0.659,Driving,Zep,Speeding,1way,0.0,30,3G,-112,48.0,-14.0,0.043,40.27782036667269,21.791258825989416,Unintentional
User_97,2025-09-21 12:59:29,0.296,0.8839,Running,Koila,Speeding,1way,1.0,40,4G,-106,32.0,16.0,0.028,40.322036539726206,21.79088939511658,Unintentional
User_86,2025-09-21 13:34:48,0.63,0.7953,Driving,Koila,Reckless_Driving,2way,1.0,60,3G,-100,45.0,-24.0,0.0095767623274687,40.322964180273544,21.79025531821591,Unintentional
User_03,2025-09-21 14:14:04,0.381,0.7195,Walking,Ligeris,Speeding,1way,0.0,90,WiFi,-66,82.0,-14.0,0.045,40.30690342037318,21.80741149834311,Unintentional
User_33,2025-09-21 14:18:33,0.486,0.6676,Driving,Zep,Driving_Under_Influence,2way,0.0,80,3G,-95,48.0,20.0,0.0057271729697465,40.2791946058564,21.753453834874644,Unintentional
User_57,2025-09-21 16:22:44,0.733,0.5725,Walking,Ligeris,Speeding,2way,1.0,50,4G,-115,49.0,21.0,0.0054299473836972,40.30626666654068,21.791258825989416,Unintentional
User_92,2025-09-21 23:26:10,0.508,0.9101,Walking,Zep,Reckless_Driving,2way,1.0,40,5G,-71,45.0,21.0,0.006984563998077,40.27976545387398,21.791258825989416,Unintentional
User_24,2025-09-22 00:08:25,0.7,0.5725,Running,Ligeris,Driving_Under_Influence,1way,0.0,40,5G,-106,80.0,10.0,0.039,40.30619687995445,21.80857308697412,Unintentional
User_93,2025-09-22 00:22:51,0.418,0.6311,Running,Ligeris,Speeding,2way,2.0,80,WiFi,-58,20.0,-23.0,0.0049907799468782,40.306281072074874,21.807445173410095,Unintentional
User_64,2025-09-22 03:39:01,0.508,0.5416,Walking,Koila,Speeding,1way,2.0,70,4G,-84,32.0,-23.0,0.0057271729697465,40.32111702578134,21.79223075688188,Unintentional
User_54,2025-09-22 04:47:10,0.508,0.6751,Walking,Ligeris,Speeding,4way,0.0,10,5G,-110,75.0,-20.0,0.0057271729697465,40.30587711842335,21.806499282067847,Unintentional
User_43,2025-09-22 09:50:26,0.255,0.8033,Walking,Koila,8,2way,1.0,60,4G,-92,6.0,22.0,0.0017140471327042,40.30622692377462,21.789487940343015,Unintentional
User_96,2025-09-22 12:21:29,0.722,0.5436,Driving,Koila,Driving_Under_Influence,2way,0.0,80,3G,-107,23.0,-13.0,0.031,40.32110418615563,21.791812425115413,Unintentional
User_47,2025-09-22 12:37:14,0.636,0.6621,Walking,Ligeris,9,1way,1.0,70,4G,-92,48.0,-9.0,0.032,40.30718190352212,21.808210115289903,Unintentional
User_51,2025-09-22 12:39:16,0.508,0.8749,Driving,Ligeris,Driving_Under_Influence,2way,160.0,60,4G,Ethernet,81.0,21.0,0.0057271729697465,40.30461432625895,21.791258825989416,Unintentional
User_62,2025-09-22 14:47:45,0.346,0.7803,Walking,Ligeris,Speeding,1way,1.0,30,5G,-92,49.0,0.0,0.025,40.30632819506178,21.807015804662743,Unintentional
User_04,2025-09-22 16:40:44,0.295,0.5909,Driving,Ligeris,Speeding,4way,3.0,40,5G,-85,89.0,21.0,0.0032627873942084,40.30590396140593,21.791258825989416,Unintentional
User_89,2025-09-22 18:35:07,0.485,0.8363,Walking,Zep,Reckless_Driving,2way,1.0,30,WiFi,-81,66.0,20.0,0.0057271729697465,40.28050476996743,21.75404822593171,Unintentional
User_65,2025-09-22 19:33:05,0.578,0.6213,Walking,Ligeris,Reckless_Driving,1way,1.0,Illegal_Parking,3G,-80,69.0,0.0,0.033,40.306265471844654,21.80745497518519,Unintentional
User_52,2025-09-22 21:48:44,0.399,0.5725,Walking,Ligeris,Reckless_Driving,2way,2.0,70,WiFi,Ethernet,22.0,-8.0,0.042,40.30574453192234,21.808096196826867,Unintentional
User_87,2025-09-23 01:53:04,0.374,0.6766,Walking,Zep,Reckless_Driving,1way,0.0,20,5G,-72,95.0,-6.0,0.029,40.27951107348531,21.75327987318509,Unintentional
User_70,2025-09-23 06:30:41,0.359,0.8662,Walking,Ligeris,Speeding,2way,2.0,10,WiFi,-74,81.0,-24.0,0.0061760628643245,40.30521674091538,21.809017651635408,Unintentional
User_65,2025-09-23 09:53:22,0.578,0.6233,Driving,Zep,Reckless_Driving,4way,1.0,40,5G,-113,67.0,5.0,0.03,40.30622692377462,21.753818264032212,Unintentional
User_42,2025-09-23 10:37:15,0.577,0.7962,Walking,Zep,Reckless_Driving,2way,0.0,50,WiFi,-53,48.0,18.0,0.0097841040019882,40.279066659576586,21.75389372975197,Unintentional
User_67,2025-09-23 13:05:38,0.557,0.7126,Walking,Zep,Speeding,1way,1.0,20,4G,-97,68.0,-19.0,0.0018476352387714,40.27879992793314,21.753461361037935,Unintentional
User_66,2025-09-23 14:34:14,0.325,0.9177,Walking,Zep,Speeding,2way,1.0,40,3G,-78,50.0,-7.0,0.042,40.27867698161776,21.752665245984687,Unintentional
User_46,2025-09-23 15:09:41,0.621,0.7189,Driving,Koila,Speeding,2way,140.0,80,4G,Ethernet,91.0,-8.0,0.03,40.32180928207591,21.793585132394853,Unintentional
User_81,2025-09-23 17:00:49,0.482,0.7794,Walking,Zep,Driving_Under_Influence,2way,2.0,40,5G,-72,37.0,22.0,0.005672965782503,40.27856347443083,21.7524796937243,Unintentional
User_20,2025-09-23 18:00:10,0.686,0.8604,Driving,Ligeris,Speeding,4way,160.0,40,3G,-111,11.0,0.0,0.024,40.32228429797692,21.790726960419217,Unintentional
User_29,2025-09-23 18:19:51,0.309,0.7526,Running,Zep,Driving_Under_Influence,2way,0.0,40,4G,-85,20.0,0.0,0.04,40.2795125456836,21.75302520878168,Unintentional
User_56,2025-09-23 23:34:41,0.419,0.7076,Walking,Koila,Driving_Under_Influence,2way,0.0,90,4G,-108,50.0,13.0,0.032,40.3210067204296,21.791258825989416,Unintentional
User_15,2025-09-24 04:26:00,0.585,0.5644,Running,Zep,Reckless_Driving,2way,1.0,Illegal_Parking,3G,-115,4.0,18.0,0.0065503803554767,40.27956011383233,21.753262580219808,Unintentional
User_73,2025-09-24 05:41:43,0.676,0.8888,Walking,Koila,Speeding,2way,1.0,30,WiFi,Ethernet,15.0,-5.0,0.04,40.32128615132292,21.789921986680948,Unintentional
User_69,2025-09-24 08:02:13,0.289,0.6836,Running,Ligeris,Reckless_Driving,2way,4.0,40,3G,-68,68.0,22.0,0.0057271729697465,40.30756376781595,21.806855814326568,Unintentional
User_90,2025-09-24 10:33:48,0.522,0.5984,Walking,Ligeris,Reckless_Driving,1way,0.0,40,3G,Ethernet,78.0,0.0,0.034,40.30618346674707,21.80558407390855,Unintentional
User_94,2025-09-24 11:39:21,0.648,0.5968,Running,Zep,Driving_Under_Influence,2way,1.0,80,WiFi,-65,79.0,-20.0,0.0097736204029709,40.27875307201245,21.753396839226745,Unintentional
User_73,2025-09-24 22:51:50,0.676,0.8898,Running,Ligeris,Reckless_Driving,2way,1.0,30,3G,-111,72.0,0.0,0.032,40.30631053357645,21.80975984723597,Unintentional
User_32,2025-09-25 00:20:24,0.694,0.8358,Walking,Ligeris,Reckless_Driving,1way,1.0,30,WiFi,Ethernet,70.0,0.0,0.023,40.30694852662221,21.80738310608396,Unintentional
User_69,2025-09-25 02:08:26,0.289,0.6856,Running,Zep,Speeding,2way,1.0,40,WiFi,-62,81.0,-5.0,0.028,40.27941229611233,21.791258825989416,Unintentional
User_31,2025-09-25 02:18:27,0.72,0.7849,Walking,Ligeris,Reckless_Driving,2way,1.0,40,3G,-82,5.0,0.0,0.025,40.30612598002995,21.791258825989416,Unintentional
User_95,2025-09-25 02:43:33,0.739,0.6233,Driving,Koila,Speeding,2way,1.0,40,3G,-80,63.0,23.0,0.0040135333075612,40.32298222573007,21.790687414945836,Unintentional
User_34,2025-09-25 04:42:46,0.508,0.5725,Running,Ligeris,Driving_Under_Influence,4way,1.0,50,WiFi,-74,45.0,0.0,0.046,40.321927636723366,21.79321178006031,Unintentional
User_48,2025-09-25 05:28:40,0.611,0.7543,Running,Koila,Speeding,2way,0.0,50,4G,-82,81.0,-4.0,0.042,40.32285937127001,21.790522761202375,Unintentional
User_75,2025-09-25 06:56:09,0.544,0.8764,Walking,Zep,Driving_Under_Influence,4way,1.0,50,5G,Ethernet,52.0,-12.0,0.032,40.27975300740427,21.75423226461731,Unintentional
User_02,2025-09-25 09:37:25,0.504,0.7208,Running,Ligeris,7,1way,1.0,70,WiFi,-59,21.0,17.0,0.0058224772047692,40.305337398903546,21.809401438542732,Unintentional
User_86,2025-09-25 09:51:01,0.63,0.8023,Walking,Zep,Speeding,2way,0.0,40,3G,-109,45.0,24.0,0.0074692124778755,40.278121714675706,21.75457004789982,Unintentional
User_18,2025-09-25 16:08:13,0.271,0.6784,Walking,Ligeris,Reckless_Driving,2way,1.0,10,WiFi,-61,72.0,-23.0,0.0057271729697465,40.3074761909761,21.806997426827856,Unintentional
User_30,2025-09-25 16:48:38,0.577,0.8025,Running,Koila,Reckless_Driving,1way,0.0,70,WiFi,-62,74.0,-24.0,0.0085069865317649,40.30622692377462,21.79002159842237,Unintentional
User_96,2025-09-25 17:19:02,0.722,0.5506,Running,Ligeris,Reckless_Driving,2way,1.0,40,WiFi,-72,28.0,-2.0,0.042,40.30622429393573,21.807499210870425,Unintentional
User_62,2025-09-25 17:28:52,0.346,0.7873,Walking,Ligeris,Driving_Under_Influence,1way,0.0,90,3G,-73,36.0,-4.0,0.03,40.30646687136232,21.80868437240276,Unintentional
User_37,2025-09-25 18:10:11,0.508,0.8719,Driving,Ligeris,Speeding,1way,0.0,60,WiFi,-79,62.0,-20.0,0.0057271729697465,40.30622692377462,21.80893446421019,Unintentional
User_08,2025-09-25 18:56:34,0.325,0.9116,Driving,Ligeris,Speeding,2way,0.0,10,3G,-89,92.0,-17.0,0.0057271729697465,40.30765017785099,21.80620037680252,Unintentional
User_15,2025-09-25 21:04:49,0.585,0.5674,Walking,Ligeris,Reckless_Driving,1way,4.0,40,WiFi,-50,72.0,-22.0,0.0069836393678982,40.305775212875226,21.807595876789826,Unintentional
User_07,2025-09-25 23:35:58,0.508,0.79,Walking,Ligeris,Speeding,2way,1.0,10,4G,-99,48.0,-2.0,0.029,40.3067280033809,21.808490388543273,Unintentional
User_48,2025-09-25 23:52:04,0.611,0.7553,Walking,Ligeris,Speeding,2way,0.0,60,5G,-94,66.0,3.0,0.033,40.306326098525275,21.8068993396102,Unintentional
User_45,2025-09-26 00:46:09,0.446,0.5945,Running,Koila,Speeding,2way,1.0,40,3G,-74,53.0,-6.0,0.035,40.32251965464864,21.790501900689293,Unintentional
User_21,2025-09-26 03:02:53,0.64,0.5725,Driving,Zep,Speeding,2way,4.0,Illegal_Parking,4G,Ethernet,9.0,6.0,0.046,40.27946089499856,21.753462735968352,Unintentional
User_43,2025-09-26 07:59:14,0.508,0.8113,Walking,Zep,Speeding,4way,1.0,50,5G,-80,17.0,21.0,0.0088136372752232,40.27957224075163,21.75261459730535,Unintentional
User_51,2025-09-26 08:26:32,0.708,0.5725,Walking,Ligeris,Speeding,2way,1.0,20,WiFi,Ethernet,45.0,0.0,0.031,40.2797767315137,21.75348592939493,Unintentional
User_15,2025-09-26 09:28:26,0.585,0.5684,Running,Zep,7,2way,0.0,20,3G,-93,40.0,10.0,0.045,40.30622692377462,21.7553215795088,Unintentional
User_95,2025-09-26 10:29:05,0.739,0.5725,Walking,Ligeris,Reckless_Driving,2way,1.0,Lane_Discards,WiFi,-60,55.0,-23.0,0.0088343360773987,40.306528635180854,21.8081432891583,Unintentional
User_79,2025-09-26 10:42:08,0.426,0.5776,Driving,Ligeris,Reckless_Driving,2way,160.0,60,3G,-78,63.0,-22.0,0.0064284272446813,40.30622692377462,21.807127324883865,Unintentional
User_28,2025-09-26 10:43:38,0.561,0.6385,Running,Koila,Driving_Under_Influence,2way,0.0,40,3G,-120,41.0,-23.0,0.0082248623654155,40.323535691395186,21.79141423866106,Unintentional
User_58,2025-09-26 17:25:14,0.669,0.67,Walking,Ligeris,8,2way,1.0,20,4G,-112,83.0,-7.0,0.021,40.3062163317558,21.807488663037272,Unintentional
User_24,2025-09-26 22:24:22,0.7,0.5725,Walking,Zep,Driving_Under_Influence,2way,2.0,70,5G,-72,56.0,-19.0,0.0054518587653731,40.279308683103785,21.754935899081666,Unintentional
User_29,2025-09-26 23:47:02,0.309,0.7586,Running,Koila,Reckless_Driving,2way,3.0,80,5G,-97,48.0,24.0,0.0017176691235668,40.32192172175446,21.791258825989416,Unintentional
User_26,2025-09-27 02:15:37,0.642,0.5725,Driving,Zep,Reckless_Driving,1way,1.0,50,4G,-112,40.0,2.0,0.03,40.2797937533015,21.791258825989416,Unintentional
User_91,2025-09-27 05:45:25,0.409,0.6072,Running,Ligeris,Driving_Under_Influence,1way,1.0,90,3G,Ethernet,19.0,-18.0,0.0036162460292524,40.30691654275013,21.791258825989416,Unintentional
User_59,2025-09-27 09:30:54,0.696,0.9068,Driving,Ligeris,Driving_Under_Influence,4way,5.0,Harassing_Driver,3G,-90,13.0,23.0,0.0027598064424547,40.30731202255931,21.8073091011553,Unintentional
User_43,2025-09-27 11:14:27,0.508,0.8133,Running,Ligeris,Driving_Under_Influence,1way,1.0,70,3G,-99,38.0,9.0,0.034,40.32251765327966,21.79275935147884,Unintentional
User_72,2025-09-27 12:27:15,0.697,0.5725,Running,Zep,Reckless_Driving,2way,1.0,40,WiFi,-69,76.0,-10.0,0.021,40.27889969045484,21.752298680960383,Unintentional
User_30,2025-09-27 13:08:03,0.577,0.8065,Driving,Koila,Speeding,1way,1.0,30,5G,-72,80.0,0.0,0.049,40.30622692377462,21.79327634745446,Unintentional
User_60,2025-09-27 13:43:08,0.602,0.8436,Driving,Ligeris,Speeding,1way,1.0,70,5G,Ethernet,81.0,0.0,0.025,40.30612005856956,21.807774456634537,Unintentional
User_11,2025-09-27 15:04:58,0.539,0.7136,Running,Ligeris,Speeding,1way,1.0,20,3G,-97,31.0,-20.0,0.0042887337007328,40.30663111888688,21.809006756987092,Unintentional
User_38,2025-09-27 19:16:56,0.508,0.7062,Walking,Zep,Speeding,4way,4.0,40,4G,-78,50.0,-21.0,0.0057271729697465,40.30622692377462,21.752350960524367,Unintentional
User_59,2025-09-27 21:00:53,0.696,0.9078,Driving,Koila,Speeding,1way,0.0,70,4G,Ethernet,82.0,-24.0,0.0054273280582368,40.32133690282406,21.792846444609516,Unintentional
User_72,2025-09-28 00:16:48,0.697,0.5725,Driving,Ligeris,8,4way,1.0,80,3G,-104,66.0,-5.0,0.027,40.30582900972439,21.808003685071288,Unintentional
User_03,2025-09-28 01:52:37,0.381,0.7325,Driving,Ligeris,Driving_Under_Influence,2way,2.0,40,5G,-73,27.0,12.0,0.036,40.30622692377462,21.791258825989416,Unintentional
User_25,2025-09-28 02:22:25,0.627,0.5983,Walking,Ligeris,Speeding,2way,0.0,60,4G,-119,48.0,-4.0,0.037,40.30613702531008,21.809831551437785,Unintentional
User_32,2025-09-28 02:50:47,0.694,0.8418,Driving,Zep,Speeding,4way,2.0,50,3G,-93,48.0,20.0,0.0031827990546616,40.2785056527338,21.751682615440167,Unintentional
User_36,2025-09-28 03:14:58,0.394,0.8759,Driving,Ligeris,Speeding,2way,1.0,50,4G,-103,26.0,13.0,0.03,40.30619426341151,21.8079203207411,Unintentional
User_95,2025-09-28 08:00:41,0.739,0.6293,Walking,Ligeris,Speeding,4way,1.0,20,5G,-72,90.0,-20.0,0.0025359136095225,40.30622692377462,21.80690967501085,Unintentional
User_76,2025-09-28 17:35:20,0.349,0.5725,Driving,Ligeris,Driving_Under_Influence,2way,1.0,70,3G,-85,21.0,-13.0,0.049,40.30622692377462,21.80796575107549,Unintentional
User_22,2025-09-29 02:27:43,0.712,0.5823,Walking,Ligeris,Speeding,2way,1.0,90,WiFi,-60,82.0,21.0,0.00369632247651,40.30519557122614,21.80834443480139,Unintentional
User_61,2025-09-29 04:26:39,0.261,0.6405,Running,Zep,Speeding,4way,1.0,80,4G,-96,69.0,10.0,0.037,40.28117026607072,21.752911168033737,Unintentional
User_83,2025-09-29 06:36:13,0.453,0.8325,Walking,Koila,Driving_Under_Influence,2way,3.0,80,WiFi,-60,70.0,-8.0,0.033,40.32057945043777,21.790229242568483,Unintentional
User_08,2025-09-29 07:23:38,0.325,0.9186,Walking,Koila,Driving_Under_Influence,1way,140.0,40,5G,-91,1.0,-17.0,0.0097402139115003,40.32184262817175,21.791258825989416,Unintentional
User_33,2025-09-29 07:27:33,0.486,0.5725,Walking,Ligeris,Reckless_Driving,2way,0.0,Harassing_Driver,3G,-103,23.0,0.0,0.024,40.30622692377462,21.80760236202718,Unintentional
User_92,2025-09-29 08:08:00,0.611,0.9261,Walking,Ligeris,Driving_Under_Influence,1way,3.0,20,3G,Ethernet,68.0,-20.0,0.0039026800187622,40.30622692377462,21.807905223689996,Unintentional
User_14,2025-09-29 10:07:11,0.549,0.5587,Walking,Ligeris,Speeding,1way,0.0,60,4G,-120,7.0,-23.0,0.0016525319689797,40.32211106528242,21.79214922936336,Unintentional
User_47,2025-09-29 10:23:05,0.636,0.6771,Driving,Koila,Speeding,1way,0.0,40,4G,-119,59.0,0.0,0.048,40.30622692377462,21.79014592635769,Unintentional
User_63,2025-09-29 11:18:11,0.408,0.7624,Walking,Koila,Driving_Under_Influence,2way,1.0,40,5G,-90,4.0,7.0,0.026,40.321407442895534,21.79102918418948,Unintentional
User_34,2025-09-29 11:51:59,0.401,0.7256,Running,Koila,8,1way,5.0,50,WiFi,-71,64.0,19.0,0.0074246046381892,40.32096806707404,21.791330691830737,Unintentional
User_19,2025-09-29 12:26:43,0.384,0.5725,Walking,Koila,Speeding,2way,0.0,50,5G,-93,40.0,-3.0,0.049,40.32052083554553,21.791194769332275,Unintentional
User_12,2025-09-29 12:55:02,0.251,0.5637,Walking,Koila,Driving_Under_Influence,2way,1.0,Harassing_Driver,3G,-71,71.0,22.0,0.0031857220112232,40.32218788570139,21.79326665185559,Unintentional
User_24,2025-09-29 13:17:21,0.508,0.5725,Driving,Ligeris,Reckless_Driving,1way,0.0,70,4G,-83,78.0,18.0,0.0096134685725382,40.30622692377462,21.807330495019045,Unintentional
User_54,2025-09-29 13:55:00,0.508,0.5725,Walking,Koila,Speeding,2way,1.0,20,WiFi,-78,54.0,-12.0,0.035,40.32276863531112,21.790209724401308,Unintentional
User_85,2025-09-29 15:43:17,0.572,0.9392,Walking,Ligeris,Driving_Under_Influence,2way,0.0,30,3G,-90,72.0,-23.0,0.0033671187680565,40.30627438652126,21.791258825989416,Unintentional
User_78,2025-09-29 16:05:48,0.64,0.6426,Walking,Zep,Reckless_Driving,4way,1.0,60,3G,-91,48.0,-5.0,0.04,40.28107165220413,21.75415967582452,Unintentional
User_72,2025-09-29 17:45:28,0.508,0.6432,Walking,Zep,Driving_Under_Influence,2way,2.0,70,3G,-114,65.0,-11.0,0.049,40.27946196344794,21.753042406386616,Unintentional
User_30,2025-09-29 21:09:16,0.577,0.8105,Walking,Koila,Speeding,1way,0.0,90,3G,-83,48.0,10.0,0.035,40.32061779043734,21.79101305542897,Unintentional
User_98,2025-09-30 00:16:38,0.553,0.5725,Walking,Koila,Driving_Under_Influence,2way,0.0,10,4G,-94,43.0,-15.0,0.042,40.32237407919568,21.790705651888334,Unintentional
User_11,2025-09-30 00:42:11,0.539,0.7186,Walking,Koila,Driving_Under_Influence,2way,0.0,20,3G,-90,97.0,10.0,0.035,40.321278584849715,21.79117567517755,Unintentional
User_65,2025-09-30 00:49:17,0.578,0.6373,Walking,Koila,Reckless_Driving,2way,0.0,20,5G,-96,67.0,22.0,0.0064988606174619,40.32226417786273,21.79058371288596,Unintentional
User_35,2025-09-30 03:08:17,0.379,0.7506,Walking,Koila,8,1way,1.0,20,3G,Ethernet,48.0,-3.0,0.03,40.32112425618443,21.791169521529763,Unintentional
User_29,2025-09-30 05:47:59,0.309,0.7656,Walking,Koila,Speeding,4way,1.0,10,WiFi,-63,73.0,0.0,0.049,40.322110206694155,21.791062925369648,Unintentional
User_97,2025-09-30 07:10:28,0.508,0.9009,Driving,Zep,Speeding,2way,0.0,60,WiFi,-63,48.0,24.0,0.0060281293414659,40.27884584199115,21.752551491844528,Unintentional
User_01,2025-09-30 08:24:12,0.618,0.8635,Running,Ligeris,Speeding,4way,2.0,60,4G,-79,54.0,18.0,0.005661377380285,40.30619851990542,21.807294903075576,Unintentional
User_06,2025-09-30 09:52:26,0.614,0.5725,Driving,Ligeris,Speeding,2way,0.0,20,3G,-76,10.0,-21.0,0.0020439355331139,40.30555156993463,21.808607024665108,Unintentional
User_54,2025-09-30 11:22:49,0.508,0.6911,Running,Ligeris,Driving_Under_Influence,2way,1.0,30,4G,-117,67.0,17.0,0.009041197616962,40.30468146813331,21.807289904794597,Unintentional
User_07,2025-09-30 12:27:06,0.319,0.8,Walking,Ligeris,Speeding,1way,2.0,50,5G,-71,53.0,23.0,0.0085250437989622,40.30622692377462,21.808595525090972,Unintentional
User_49,2025-09-30 13:28:42,0.508,0.652,Driving,Zep,Speeding,2way,2.0,50,5G,-70,48.0,16.0,0.038,40.27952300139853,21.751328555860457,Unintentional
User_99,2025-09-30 14:54:38,0.508,0.7523,Driving,Koila,Speeding,2way,1.0,Illegal_Parking,4G,-80,89.0,-25.0,0.0058952350153026,40.32206925740983,21.791258825989416,Unintentional
User_51,2025-09-30 14:58:19,0.708,0.8919,Walking,Zep,Reckless_Driving,2way,1.0,20,5G,Ethernet,91.0,-24.0,0.0057271729697465,40.27955845209126,21.753270055906384,Unintentional
User_63,2025-09-30 15:28:17,0.408,0.7654,Running,Ligeris,Speeding,1way,0.0,30,4G,-71,58.0,-20.0,0.0015001952673026,40.30463204431593,21.791258825989416,Unintentional
User_43,2025-09-30 16:11:14,0.255,0.8193,Driving,Ligeris,6,2way,0.0,90,5G,Ethernet,55.0,25.0,0.0036976189555174,40.306228574604155,21.80748230588107,Unintentional
User_24,2025-09-30 18:07:56,0.7,0.77,Driving,Ligeris,Reckless_Driving,2way,0.0,50,4G,-79,25.0,24.0,0.0083562574408303,40.30622692377462,21.805826473910873,Unintentional
User_33,2025-09-30 21:17:17,0.486,0.6856,Walking,Koila,Speeding,2way,1.0,60,WiFi,Ethernet,38.0,-16.0,0.035,40.32261803279323,21.79176936006259,Unintentional
User_58,2025-09-30 21:39:34,0.669,0.678,Walking,Zep,Driving_Under_Influence,2way,0.0,20,3G,-110,32.0,-20.0,0.0063864348769291,40.28095924323424,21.75279034219717,Unintentional
User_44,2025-09-30 22:47:35,0.332,0.6477,Walking,Koila,Speeding,2way,1.0,20,WiFi,Ethernet,93.0,20.0,0.0035750617301262,40.32153253268551,21.789390266668555,Unintentional
User_55,2025-09-30 23:31:14,0.508,0.6198,Running,Zep,9,2way,1.0,10,3G,-90,86.0,23.0,0.0057271729697465,40.2793678748789,21.753344924095813,Unintentional
User_69,2025-10-01 02:26:20,0.289,0.6966,Driving,Ligeris,Driving_Under_Influence,2way,1.0,30,4G,-74,0.0,20.0,0.0057271729697465,40.30622692377462,21.808581384421966,Unintentional
User_75,2025-10-01 03:37:19,0.544,0.8884,Walking,Ligeris,Speeding,2way,0.0,60,3G,-93,4.0,9.0,0.024,40.305665653218334,21.80791973858996,Unintentional
User_55,2025-10-01 04:32:10,0.489,0.6208,Running,Zep,Reckless_Driving,2way,0.0,70,3G,-100,7.0,-18.0,0.0057271729697465,40.27893948860454,21.791258825989416,Unintentional
User_44,2025-10-01 08:25:26,0.332,0.6487,Walking,Zep,Reckless_Driving,2way,1.0,90,3G,-79,3.0,3.0,0.036,40.27989352928105,21.753525255094,Unintentional
User_61,2025-10-01 08:52:40,0.261,0.5725,Running,Zep,Speeding,2way,1.0,50,3G,-73,56.0,-6.0,0.038,40.279775178624426,21.791258825989416,Unintentional
User_55,2025-10-01 12:01:30,0.489,0.6218,Walking,Koila,Speeding,4way,0.0,10,WiFi,-65,77.0,19.0,0.0040381152110511,40.32217571128073,21.79109903623365,Unintentional
User_66,2025-10-01 12:06:17,0.325,0.9327,Running,Koila,Reckless_Driving,2way,0.0,10,3G,-80,83.0,-21.0,0.0096966232770986,40.32238203433649,21.79279403454973,Unintentional
User_69,2025-10-01 13:10:07,0.289,0.6976,Walking,Koila,Speeding,2way,0.0,40,5G,Ethernet,28.0,23.0,0.0037990356263631,40.322171861955354,21.791215744821,Unintentional
User_19,2025-10-01 13:22:30,0.384,0.8853,Running,Ligeris,Speeding,1way,1.0,10,4G,-75,30.0,-11.0,0.027,40.30789369163449,21.80812637835139,Unintentional
User_05,2025-10-01 15:36:39,0.311,0.7018,Running,Zep,Reckless_Driving,1way,0.0,40,3G,-82,59.0,20.0,0.0028590227076234,40.30622692377462,21.751716732960865,Unintentional
User_22,2025-10-01 18:59:43,0.508,0.5873,Running,Ligeris,Speeding,4way,0.0,50,WiFi,-51,81.0,-18.0,0.0022056690932553,40.30622692377462,21.806883564912415,Unintentional
User_90,2025-10-02 02:13:29,0.522,0.6134,Walking,Ligeris,Reckless_Driving,1way,1.0,40,3G,-100,18.0,-22.0,0.0014611235785883,40.30620337850604,21.807611398057283,Unintentional
User_50,2025-10-02 05:04:02,0.477,0.8767,Walking,Koila,Reckless_Driving,2way,3.0,80,WiFi,Ethernet,36.0,-21.0,0.008472411809391,40.322154461219334,21.79126857371454,Unintentional
User_08,2025-10-02 05:39:15,0.508,0.9246,Running,Ligeris,Speeding,2way,1.0,90,WiFi,-88,51.0,23.0,0.005836600424792,40.30614000006419,21.8080596928332,Unintentional
User_47,2025-10-02 06:44:50,0.508,0.6831,Driving,Ligeris,Reckless_Driving,2way,3.0,40,4G,-91,47.0,13.0,0.025,40.30554242732456,21.808258168612586,Unintentional
User_34,2025-10-02 09:43:25,0.401,0.7306,Driving,Zep,7,2way,3.0,70,3G,-76,79.0,-19.0,0.0020500519788846,40.27912081545525,21.75255058908885,Unintentional
User_39,2025-10-02 12:49:28,0.685,0.5725,Running,Koila,Speeding,2way,3.0,30,3G,Ethernet,58.0,22.0,0.0027289079825542,40.322137426349855,21.79010243066998,Unintentional
User_59,2025-10-02 14:27:36,0.696,0.9178,Walking,Ligeris,Speeding,4way,140.0,60,3G,-104,48.0,-19.0,0.0066641897875695,40.3049586426459,21.791258825989416,Unintentional
User_61,2025-10-02 20:12:56,0.261,0.6475,Running,Zep,Driving_Under_Influence,2way,140.0,40,5G,-86,30.0,-19.0,0.0089970641575403,40.28024819806046,21.75291670122731,Unintentional
User_34,2025-10-02 22:53:38,0.508,0.7316,Driving,Koila,Driving_Under_Influence,2way,1.0,30,3G,Ethernet,69.0,6.0,0.04,40.32056756659724,21.791499071468323,Unintentional
User_30,2025-10-03 02:39:40,0.577,0.8175,Running,Ligeris,Driving_Under_Influence,2way,0.0,50,4G,-77,8.0,-21.0,0.0038353263069876,40.305498787259246,21.808014267332048,Unintentional
User_55,2025-10-03 02:59:54,0.508,0.6248,Driving,Ligeris,Driving_Under_Influence,2way,1.0,40,4G,-72,84.0,17.0,0.0017723402913419,40.307301858907934,21.80764749423557,Unintentional
User_75,2025-10-03 03:25:48,0.544,0.5725,Walking,Zep,Driving_Under_Influence,2way,140.0,50,4G,-101,48.0,-17.0,0.0091383800697857,40.27963363089047,21.753716150317388,Unintentional
User_25,2025-10-03 03:26:14,0.627,0.6083,Walking,Koila,Speeding,2way,0.0,70,3G,Ethernet,99.0,21.0,0.0084138793845923,40.323197249012864,21.79019300824121,Unintentional
User_45,2025-10-03 04:25:25,0.446,0.6085,Running,Zep,Reckless_Driving,2way,1.0,30,3G,-89,26.0,23.0,0.0090154709797216,40.30622692377462,21.75503256616595,Unintentional
User_16,2025-10-03 09:54:36,0.508,0.6769,Running,Zep,Driving_Under_Influence,4way,140.0,40,WiFi,Ethernet,15.0,-14.0,0.029,40.279608591759214,21.753507624660536,Unintentional
User_13,2025-10-03 11:28:05,0.657,0.6829,Driving,Koila,Speeding,4way,0.0,40,WiFi,-71,94.0,21.0,0.0096693389910495,40.322051999243435,21.79126473742142,Unintentional
User_52,2025-10-03 11:30:41,0.399,0.8889,Driving,Ligeris,Driving_Under_Influence,1way,4.0,70,WiFi,-63,96.0,-18.0,0.0036132034544637,40.30527830578417,21.80894931224026,Unintentional
User_33,2025-10-03 11:46:08,0.486,0.5725,Walking,Ligeris,Speeding,1way,1.0,Lane_Discards,WiFi,-52,79.0,-18.0,0.0093842473600353,40.3062743443471,21.807461733175774,Unintentional
User_80,2025-10-03 17:49:56,0.313,0.7645,Walking,Zep,Reckless_Driving,1way,0.0,40,4G,-114,73.0,5.0,0.049,40.27931396704412,21.752090236019917,Unintentional
User_83,2025-10-03 18:27:37,0.453,0.8415,Running,Zep,Driving_Under_Influence,2way,1.0,60,5G,-118,48.0,-20.0,0.0057271729697465,40.279462271260215,21.753743491138163,Unintentional
User_47,2025-10-03 21:04:06,0.636,0.6851,Running,Koila,Driving_Under_Influence,2way,0.0,80,3G,-115,70.0,-3.0,0.05,40.3226393885257,21.79269384304338,Unintentional
User_06,2025-10-03 22:00:43,0.614,0.5725,Running,Ligeris,Reckless_Driving,1way,1.0,40,4G,-78,88.0,17.0,0.0068585426396791,40.30503176099747,21.808917440842965,Unintentional
User_48,2025-10-03 23:04:55,0.611,0.7713,Walking,Ligeris,Speeding,4way,1.0,70,5G,-101,57.0,21.0,0.0037714811354437,40.30733962361433,21.808680686499525,Unintentional
User_15,2025-10-04 00:43:33,0.585,0.5844,Running,Koila,Speeding,4way,0.0,90,3G,-86,81.0,-24.0,0.0080440313975691,40.32185888223238,21.792974138416938,Unintentional
User_57,2025-10-04 01:01:26,0.508,0.6694,Running,Koila,Driving_Under_Influence,2way,0.0,30,3G,-114,48.0,-9.0,0.044,40.32324671788775,21.791242308672626,Unintentional
User_30,2025-10-04 04:57:22,0.577,0.8195,Walking,Ligeris,9,2way,5.0,50,5G,-73,49.0,15.0,0.033,40.30629126771888,21.808025519376745,Unintentional
User_75,2025-10-04 05:38:46,0.544,0.8944,Driving,Ligeris,7,2way,2.0,70,4G,-79,82.0,-6.0,0.026,40.30675239233792,21.806534818147256,Unintentional
User_01,2025-10-04 05:52:40,0.618,0.8705,Walking,Koila,Driving_Under_Influence,1way,4.0,50,4G,-83,48.0,21.0,0.004849759269267,40.30622692377462,21.79142362456063,Unintentional
User_03,2025-10-04 06:54:42,0.381,0.7445,Running,Zep,Speeding,2way,3.0,10,3G,-109,76.0,6.0,0.049,40.27993330102653,21.751640004449225,Unintentional
User_11,2025-10-04 09:20:41,0.539,0.7276,Running,Zep,Speeding,1way,2.0,40,4G,-100,70.0,0.0,0.029,40.2807811631944,21.752111802806446,Unintentional
User_77,2025-10-04 10:10:47,0.347,0.6926,Walking,Koila,Reckless_Driving,4way,0.0,70,3G,Ethernet,60.0,-6.0,0.037,40.321874912269294,21.793326629897848,Unintentional
User_12,2025-10-04 10:12:57,0.251,0.5747,Walking,Ligeris,Driving_Under_Influence,1way,0.0,10,5G,-91,2.0,-17.0,0.0057271729697465,40.306218238504385,21.80780864635275,Unintentional
User_34,2025-10-04 11:49:31,0.401,0.7356,Walking,Zep,Speeding,4way,0.0,50,3G,-81,16.0,25.0,0.0070093925045867,40.27944281384099,21.753376526288836,Unintentional
User_42,2025-10-04 16:59:47,0.577,0.8182,Walking,Ligeris,Speeding,2way,0.0,40,WiFi,-69,60.0,-23.0,0.0026349902186644,40.306576031864225,21.807443505858615,Unintentional
User_32,2025-10-04 17:11:59,0.694,0.8548,Walking,Zep,6,1way,1.0,20,WiFi,-79,70.0,-16.0,0.021,40.27824624782836,21.75417424641076,Unintentional
User_74,2025-10-04 17:33:59,0.6,0.5615,Running,Koila,Speeding,2way,150.0,60,3G,-84,8.0,-25.0,0.006566006573012,40.32290431616466,21.789217146739855,Unintentional
User_95,2025-10-04 18:07:54,0.739,0.6423,Running,Zep,Speeding,1way,1.0,Harassing_Driver,3G,-83,48.0,18.0,0.0059168987613519,40.27909628241691,21.75309580344614,Unintentional
User_30,2025-10-04 18:49:00,0.577,0.8205,Running,Koila,Speeding,4way,1.0,40,4G,-80,61.0,-9.0,0.034,40.321157292194464,21.790145604026662,Unintentional
User_87,2025-10-05 04:09:56,0.374,0.7006,Walking,Koila,Speeding,1way,0.0,Lane_Discards,4G,-86,48.0,-6.0,0.024,40.32349413125203,21.791258825989416,Unintentional
User_47,2025-10-05 08:16:28,0.636,0.6881,Walking,Ligeris,Speeding,1way,1.0,70,3G,-75,48.0,24.0,0.0035546335109089,40.30622692377462,21.80784852701788,Unintentional
User_28,2025-10-05 10:20:50,0.508,0.6575,Driving,Ligeris,Speeding,2way,1.0,80,4G,-96,20.0,-20.0,0.0014182707411994,40.30735867367709,21.791258825989416,Unintentional
User_15,2025-10-05 10:44:42,0.585,0.5864,Walking,Ligeris,Reckless_Driving,1way,1.0,30,3G,Ethernet,48.0,25.0,0.0085042362474761,40.30643316383695,21.808100335150428,Unintentional
User_73,2025-10-05 11:26:26,0.508,0.9118,Walking,Zep,Driving_Under_Influence,2way,0.0,50,3G,-81,74.0,23.0,0.0054119127327272,40.2809870407748,21.753411508101244,Unintentional
User_96,2025-10-05 12:07:03,0.722,0.5696,Walking,Ligeris,Speeding,2way,1.0,50,3G,-91,7.0,18.0,0.0069851759690928,40.30622692377462,21.79053855766127,Unintentional
User_90,2025-10-05 14:05:43,0.522,0.6194,Walking,Ligeris,Speeding,1way,0.0,20,3G,-85,5.0,20.0,0.0061298887447503,40.28007370060493,21.75247641757517,Unintentional
User_48,2025-10-05 15:36:52,0.611,0.7753,Walking,Koila,Driving_Under_Influence,2way,1.0,80,5G,-103,50.0,0.0,0.046,40.32295664241854,21.79173186412582,Unintentional
User_19,2025-10-05 16:07:21,0.384,0.5725,Driving,Ligeris,7,2way,1.0,60,WiFi,-71,83.0,10.0,0.038,40.30617277536984,21.807187381231437,Unintentional
User_43,2025-10-05 16:10:16,0.255,0.8283,Driving,Ligeris,Driving_Under_Influence,1way,0.0,Harassing_Driver,3G,-109,91.0,-3.0,0.033,40.30619136472459,21.80731493453264,Unintentional
User_50,2025-10-05 19:35:44,0.477,0.8827,Running,Koila,Driving_Under_Influence,2way,2.0,50,WiFi,-57,69.0,24.0,0.0040281023604439,40.30622692377462,21.790201856095855,Unintentional
User_79,2025-10-05 22:16:47,0.426,0.5956,Walking,Ligeris,Reckless_Driving,2way,140.0,40,3G,-81,48.0,-25.0,0.0022365672350924,40.306099056979235,21.807714372571304,Unintentional
User_92,2025-10-06 00:03:26,0.611,0.9391,Walking,Ligeris,Reckless_Driving,1way,0.0,60,WiFi,-57,63.0,18.0,0.0065659745660492,40.305604085930945,21.80788237899216,Unintentional
User_76,2025-10-06 04:39:48,0.508,0.9306,Driving,Ligeris,Driving_Under_Influence,2way,0.0,20,3G,-99,51.0,16.0,0.029,40.306198526880266,21.80820585357137,Unintentional
User_37,2025-10-06 04:58:48,0.528,0.8929,Driving,Ligeris,Driving_Under_Influence,2way,1.0,40,3G,-72,5.0,-12.0,0.04,40.306062969717104,21.80793746405918,Unintentional
User_89,2025-10-06 05:53:05,0.485,0.8633,Running,Koila,Speeding,2way,0.0,70,5G,-84,48.0,23.0,0.0060158319032541,40.322955020970745,21.791258825989416,Unintentional
User_41,2025-10-06 08:35:42,0.251,0.8185,Walking,Koila,Speeding,4way,1.0,70,3G,-82,3.0,-20.0,0.0087975932421268,40.30622692377462,21.79038811282579,Unintentional
User_25,2025-10-06 12:12:22,0.627,0.6153,Walking,Zep,Reckless_Driving,1way,1.0,40,5G,Ethernet,25.0,-18.0,0.0053843481142136,40.280813394890416,21.752508362357332,Unintentional
User_04,2025-10-06 12:28:52,0.295,0.6189,Driving,Koila,Driving_Under_Influence,1way,0.0,110,4G,-92,83.0,10.0,0.024,40.321113550900535,21.792117348326112,Unintentional
User_80,2025-10-06 14:27:19,0.313,0.7705,Walking,Ligeris,6,4way,1.0,50,3G,-96,48.0,17.0,0.001270064964934,40.27852727460588,21.791258825989416,Unintentional
User_11,2025-10-06 15:53:27,0.539,0.7316,Running,Ligeris,Reckless_Driving,2way,0.0,30,5G,Ethernet,16.0,7.0,0.048,40.28063029243887,21.753320044195902,Unintentional
User_64,2025-10-06 15:54:39,0.257,0.5706,Walking,Zep,Driving_Under_Influence,2way,1.0,10,3G,-91,77.0,-18.0,0.0019870387446631,40.27858735289329,21.753704601437978,Unintentional
User_26,2025-10-06 16:05:21,0.642,0.5725,Walking,Ligeris,Driving_Under_Influence,4way,0.0,20,3G,-117,52.0,-8.0,0.044,40.304591789088946,21.807040046330098,Unintentional
User_55,2025-10-06 16:18:44,0.489,0.6308,Driving,Koila,Speeding,1way,2.0,70,4G,-96,43.0,18.0,0.0045773319157176,40.32209224701503,21.791304036792468,Unintentional
User_54,2025-10-06 16:54:31,0.508,0.7041,Driving,Ligeris,Reckless_Driving,4way,0.0,30,WiFi,-73,48.0,-25.0,0.0057271729697465,40.30682464202119,21.807458389450343,Unintentional
User_78,2025-10-06 20:06:54,0.64,0.6576,Running,Ligeris,Reckless_Driving,2way,150.0,10,3G,-83,57.0,-20.0,0.0081128542127842,40.30635366204598,21.791258825989416,Unintentional
User_90,2025-10-06 20:23:22,0.522,0.6224,Walking,Koila,Driving_Under_Influence,1way,1.0,10,WiFi,-83,63.0,-12.0,0.044,40.32208761590699,21.791264309331567,Unintentional
User_58,2025-10-06 22:46:34,0.508,0.69,Driving,Ligeris,Driving_Under_Influence,4way,1.0,40,5G,Ethernet,67.0,2.0,0.042,40.28014902204181,21.753381771636818,Unintentional
User_51,2025-10-07 00:00:46,0.708,0.5725,Driving,Ligeris,Driving_Under_Influence,4way,3.0,60,WiFi,-61,84.0,10.0,0.033,40.30544885538359,21.8087575423138,Unintentional
User_54,2025-10-07 03:15:48,0.508,0.7061,Driving,Zep,Driving_Under_Influence,2way,0.0,80,3G,-76,72.0,15.0,0.047,40.278882416497595,21.754096072945888,Unintentional
User_07,2025-10-07 04:32:38,0.319,0.813,Running,Zep,Reckless_Driving,1way,4.0,20,3G,-76,53.0,-17.0,0.008742503996054,40.30622692377462,21.754334051364612,Unintentional
User_57,2025-10-07 07:06:37,0.733,0.6754,Walking,Koila,6,2way,0.0,50,5G,-82,48.0,23.0,0.0094794015934439,40.32326360123361,21.78998203922599,Unintentional
User_79,2025-10-07 09:32:07,0.426,0.5986,Driving,Koila,Speeding,2way,0.0,60,3G,Ethernet,17.0,20.0,0.0057271729697465,40.30622692377462,21.791756854274553,Unintentional
User_10,2025-10-07 09:35:11,0.719,0.8783,Walking,Ligeris,Speeding,2way,1.0,40,3G,-81,43.0,25.0,0.0058865732877288,40.32079428621908,21.79196791518277,Unintentional
User_38,2025-10-07 09:58:03,0.448,0.7262,Walking,Zep,Driving_Under_Influence,1way,1.0,40,4G,-98,9.0,-15.0,0.044,40.27927001477355,21.791258825989416,Unintentional
User_94,2025-10-07 10:48:45,0.648,0.6218,Running,Zep,Speeding,4way,2.0,40,5G,-77,94.0,-1.0,0.034,40.28102235287461,21.753388552451757,Unintentional
User_31,2025-10-07 13:11:20,0.72,0.5725,Driving,Koila,Speeding,1way,1.0,70,3G,-101,89.0,0.0,0.023,40.32226576861674,21.790643775422357,Unintentional
User_10,2025-10-07 13:22:16,0.719,0.5725,Walking,Zep,Reckless_Driving,2way,0.0,50,4G,-103,14.0,-15.0,0.022,40.27861649221346,21.751917911513857,Unintentional
User_20,2025-10-07 13:29:07,0.686,0.8874,Driving,Ligeris,Driving_Under_Influence,2way,0.0,40,5G,Ethernet,39.0,0.0,0.044,40.30604776131524,21.80737178706238,Unintentional
User_85,2025-10-07 14:16:04,0.572,0.9552,Running,Ligeris,Driving_Under_Influence,2way,1.0,40,3G,-83,23.0,-23.0,0.0090999853589704,40.30622692377462,21.79001109438311,Unintentional
User_44,2025-10-07 15:49:57,0.332,0.6617,Driving,Koila,Driving_Under_Influence,2way,1.0,30,WiFi,-71,48.0,1.0,0.027,40.321010843645546,21.792167249589543,Unintentional
User_56,2025-10-07 20:51:53,0.419,0.7346,Driving,Zep,Driving_Under_Influence,2way,0.0,40,WiFi,-71,43.0,-25.0,0.0057271729697465,40.28029279324018,21.75459927007334,Unintentional
User_32,2025-10-07 21:21:26,0.694,0.8608,Walking,Koila,Speeding,2way,0.0,40,5G,-86,24.0,-17.0,0.0037498559536514,40.32214449753933,21.791239708072084,Unintentional
User_49,2025-10-08 00:31:53,0.483,0.667,Walking,Zep,Speeding,2way,0.0,70,3G,-97,48.0,15.0,0.029,40.27979952514305,21.75302354302192,Unintentional
User_95,2025-10-08 01:48:49,0.739,0.6493,Walking,Ligeris,Driving_Under_Influence,4way,1.0,Harassing_Driver,5G,-84,29.0,18.0,0.0039873245302382,40.32208885972888,21.791259694132993,Unintentional
User_77,2025-10-08 03:46:55,0.347,0.7006,Driving,Koila,Reckless_Driving,2way,2.0,60,WiFi,-64,48.0,1.0,0.029,40.321524928815606,21.792712602979098,Unintentional
User_94,2025-10-08 06:42:37,0.648,0.6238,Walking,Ligeris,Driving_Under_Influence,2way,0.0,30,3G,-100,20.0,7.0,0.024,40.30676412475486,21.807441680635023,Unintentional
User_97,2025-10-08 08:17:44,0.296,0.9169,Walking,Koila,Driving_Under_Influence,2way,1.0,50,3G,-116,76.0,-25.0,0.0096711727072927,40.32144901438437,21.7923533035154,Unintentional
User_39,2025-10-08 10:13:38,0.508,0.8218,Driving,Zep,Reckless_Driving,1way,1.0,40,3G,-85,37.0,18.0,0.0025351021778017,40.2809501055449,21.75365086459671,Unintentional
User_38,2025-10-08 11:02:13,0.448,0.7282,Driving,Zep,Speeding,2way,1.0,100,3G,Ethernet,16.0,2.0,0.033,40.27962146613349,21.75283561848531,Unintentional
User_72,2025-10-08 13:17:13,0.697,0.6622,Walking,Ligeris,Driving_Under_Influence,2way,1.0,50,5G,Ethernet,64.0,17.0,0.0025772304474453,40.30662104788208,21.805268151652857,Unintentional
User_98,2025-10-08 16:55:16,0.553,0.8049,Driving,Zep,Speeding,2way,1.0,20,5G,Ethernet,46.0,-18.0,0.0064149886300067,40.28048651307113,21.752435771730745,Unintentional
User_76,2025-10-08 17:38:55,0.349,0.9346,Driving,Koila,Reckless_Driving,2way,1.0,90,5G,-100,48.0,21.0,0.0078675750680067,40.322732739153864,21.791258825989416,Unintentional
User_55,2025-10-08 19:59:03,0.489,0.6358,Running,Zep,Reckless_Driving,2way,0.0,Lane_Discards,3G,-78,1.0,3.0,0.024,40.278845161904414,21.753865836875388,Unintentional
User_36,2025-10-08 22:47:23,0.508,0.8969,Walking,Koila,Reckless_Driving,2way,0.0,60,3G,-99,48.0,-18.0,0.0020710146110087,40.322758919720634,21.792907890206,Unintentional
User_47,2025-10-08 23:00:19,0.636,0.6951,Walking,Ligeris,Driving_Under_Influence,1way,1.0,20,3G,-83,89.0,25.0,0.0028465156353378,40.28095932677536,21.791258825989416,Unintentional
User_52,2025-10-08 23:05:13,0.399,0.8989,Walking,Ligeris,Speeding,2way,0.0,70,5G,-106,85.0,1.0,0.043,40.306764700920155,21.791258825989416,Unintentional
User_63,2025-10-08 23:40:16,0.408,0.7814,Walking,Koila,Driving_Under_Influence,2way,0.0,40,5G,-89,22.0,23.0,0.0068340925078362,40.32239382835932,21.791400284474197,Unintentional
User_27,2025-10-09 00:40:30,0.319,0.8746,Walking,Zep,Driving_Under_Influence,1way,1.0,20,WiFi,-71,48.0,24.0,0.007226164904889,40.279918563418136,21.752268398687622,Unintentional
User_25,2025-10-09 02:21:43,0.627,0.6203,Walking,Koila,Speeding,1way,1.0,70,4G,-86,48.0,16.0,0.044,40.32237142525266,21.79232919869933,Unintentional
User_33,2025-10-09 02:31:43,0.486,0.7026,Driving,Ligeris,Driving_Under_Influence,2way,2.0,80,3G,-93,77.0,7.0,0.026,40.30549118140432,21.80551745595483,Unintentional
User_93,2025-10-09 05:50:48,0.508,0.6651,Driving,Ligeris,Reckless_Driving,2way,0.0,50,WiFi,-66,24.0,-21.0,0.0057271729697465,40.30622525999381,21.807508577439908,Unintentional
User_77,2025-10-09 08:32:29,0.508,0.7036,Driving,Zep,Driving_Under_Influence,4way,2.0,80,WiFi,-77,45.0,25.0,0.0025270320344005,40.30622692377462,21.791258825989416,Unintentional
User_22,2025-10-09 09:21:12,0.712,0.6023,Driving,Koila,Driving_Under_Influence,2way,2.0,60,4G,-92,27.0,-24.0,0.0013580888816759,40.32237369803349,21.791664174198925,Unintentional
User_36,2025-10-09 10:25:22,0.394,0.5725,Walking,Ligeris,Reckless_Driving,2way,0.0,80,WiFi,-87,35.0,0.0,0.038,40.30622692377462,21.807500836145753,Unintentional
User_10,2025-10-09 11:32:48,0.719,0.8823,Walking,Zep,Reckless_Driving,2way,1.0,20,3G,-114,83.0,-19.0,0.0036746480807797,40.27930366528016,21.752841195139915,Unintentional
User_89,2025-10-09 13:08:51,0.485,0.8693,Driving,Zep,Reckless_Driving,1way,0.0,50,3G,-99,24.0,22.0,0.0086501245732788,40.27936763370954,21.752722922941203,Unintentional
User_46,2025-10-09 14:14:07,0.508,0.7499,Driving,Ligeris,Speeding,2way,0.0,30,3G,-94,80.0,25.0,0.0040364682276817,40.30687904705963,21.808950976052888,Unintentional
User_63,2025-10-09 15:12:56,0.408,0.7824,Running,Ligeris,Speeding,4way,0.0,60,WiFi,Ethernet,15.0,20.0,0.0010624940931686,40.30622692377462,21.807442224381344,Unintentional
User_09,2025-10-09 16:09:29,0.377,0.9408,Walking,Ligeris,Driving_Under_Influence,4way,1.0,60,3G,-87,60.0,-5.0,0.046,40.32354366464029,21.790129768673733,Unintentional
User_84,2025-10-09 16:23:41,0.508,0.7396,Running,Ligeris,Reckless_Driving,2way,0.0,30,4G,-92,14.0,18.0,0.004348387745689,40.30728875320623,21.791258825989416,Unintentional
User_59,2025-10-09 18:01:43,0.508,0.9318,Driving,Ligeris,Driving_Under_Influence,2way,0.0,40,WiFi,-76,4.0,0.0,0.033,40.30622692377462,21.80792904609586,Unintentional
User_49,2025-10-09 21:03:43,0.483,0.67,Running,Ligeris,Speeding,2way,0.0,50,3G,-109,76.0,-20.0,0.0045978352435425,40.305339190864586,21.80676306531868,Unintentional
User_02,2025-10-09 23:27:25,0.504,0.5725,Running,Ligeris,Speeding,1way,1.0,60,5G,-99,40.0,0.0,0.024,40.306561201030554,21.806359317061585,Unintentional
User_14,2025-10-09 23:37:17,0.549,0.5725,Driving,Koila,Driving_Under_Influence,2way,2.0,90,3G,-75,48.0,0.0,0.026,40.32219676191287,21.79127343442497,Unintentional
User_57,2025-10-09 23:52:00,0.733,0.6804,Driving,Ligeris,Speeding,4way,1.0,50,WiFi,-63,78.0,20.0,0.0037898386902881,40.30625125903353,21.809784146059144,Unintentional
User_100,2025-10-10 01:27:58,0.592,0.7631,Running,Ligeris,Speeding,2way,1.0,30,5G,-75,58.0,-25.0,0.0016711443681392,40.32265514175455,21.79259641353367,Unintentional
User_51,2025-10-10 01:43:09,0.708,0.9109,Walking,Zep,Speeding,1way,0.0,40,5G,-103,18.0,-23.0,0.0057271729697465,40.27921209621152,21.791258825989416,Unintentional
User_27,2025-10-10 01:44:09,0.319,0.8766,Walking,Ligeris,Speeding,2way,140.0,30,3G,-118,41.0,0.0,0.026,40.305607533561584,21.808698471089357,Unintentional
User_30,2025-10-10 02:41:22,0.577,0.8315,Running,Koila,Driving_Under_Influence,2way,1.0,60,3G,-63,35.0,24.0,0.0078717606764874,40.3228537249342,21.791428076475015,Unintentional
User_75,2025-10-10 04:41:50,0.544,0.9064,Running,Koila,6,1way,0.0,50,3G,-72,30.0,25.0,0.0052286334118306,40.32199398404879,21.791249999690955,Unintentional
User_72,2025-10-10 06:44:17,0.508,0.6652,Walking,Zep,Speeding,4way,160.0,30,4G,-79,52.0,-16.0,0.035,40.278147665147394,21.75209729877252,Unintentional
User_64,2025-10-10 07:09:47,0.257,0.5776,Driving,Koila,Driving_Under_Influence,2way,3.0,80,WiFi,Ethernet,8.0,-24.0,0.0080288090000104,40.32188828404504,21.79122952345566,Unintentional
User_66,2025-10-10 08:37:36,0.325,0.9507,Walking,Zep,Speeding,1way,1.0,40,3G,-97,90.0,0.0,0.029,40.280534461372675,21.753361877072265,Unintentional
User_45,2025-10-10 11:42:01,0.446,0.5725,Running,Ligeris,Driving_Under_Influence,4way,1.0,40,3G,-75,47.0,21.0,0.0074679057052486,40.305910552266624,21.807738023979773,Unintentional
User_86,2025-10-10 12:55:06,0.508,0.5725,Driving,Koila,Speeding,2way,2.0,60,3G,-90,30.0,-18.0,0.006995794827615,40.32241164365943,21.792729174229994,Unintentional
User_39,2025-10-10 13:50:05,0.685,0.8268,Walking,Zep,Reckless_Driving,2way,1.0,50,5G,-80,56.0,25.0,0.0069301955700242,40.27917428054071,21.75375908125783,Unintentional
User_32,2025-10-10 14:28:44,0.694,0.5725,Driving,Ligeris,Reckless_Driving,2way,0.0,50,5G,-103,0.0,-7.0,0.034,40.2797744186557,21.75504593083475,Unintentional
User_47,2025-10-10 15:06:11,0.636,0.6981,Walking,Koila,Driving_Under_Influence,2way,1.0,90,3G,-84,61.0,-2.0,0.024,40.322902315349864,21.790771215772352,Unintentional
User_55,2025-10-10 22:35:15,0.489,0.6388,Walking,Koila,Speeding,2way,0.0,10,5G,-101,10.0,10.0,0.032,40.32251429116791,21.791974941704,Unintentional
User_16,2025-10-11 00:53:11,0.438,0.6919,Walking,Zep,Speeding,2way,1.0,110,4G,-111,52.0,-16.0,0.021,40.27973160720816,21.752800451191547,Unintentional
User_41,2025-10-11 01:24:11,0.251,0.5725,Driving,Ligeris,Driving_Under_Influence,1way,0.0,80,3G,-91,88.0,-10.0,0.047,40.30586952963677,21.80856558452808,Unintentional
User_44,2025-10-11 04:37:35,0.332,0.6687,Running,Zep,Speeding,4way,1.0,40,3G,-104,0.0,19.0,0.0067742018335565,40.278418201977686,21.753098776513102,Unintentional
User_10,2025-10-11 05:21:03,0.719,0.8863,Running,Ligeris,Speeding,2way,0.0,40,5G,-76,1.0,-23.0,0.0028798946731904,40.306167803774166,21.791258825989416,Unintentional
User_26,2025-10-11 05:30:37,0.508,0.7232,Walking,Koila,Driving_Under_Influence,2way,0.0,60,WiFi,Ethernet,98.0,0.0,0.041,40.322340738834,21.790872917533992,Unintentional
User_08,2025-10-11 06:33:50,0.508,0.5725,Walking,Ligeris,Driving_Under_Influence,2way,0.0,40,3G,-109,67.0,-20.0,0.0063523841052778,40.306256702358695,21.80761901867039,Unintentional
User_87,2025-10-11 07:49:35,0.374,0.7136,Walking,Zep,Speeding,4way,0.0,60,4G,-90,100.0,24.0,0.0060332894830456,40.27833221617634,21.753995950103707,Unintentional
User_03,2025-10-11 07:54:29,0.381,0.7585,Running,Ligeris,Reckless_Driving,4way,1.0,40,WiFi,-72,51.0,17.0,0.0035451251211049,40.30659892222884,21.808162053476284,Unintentional
User_80,2025-10-11 08:24:25,0.313,0.7795,Running,Ligeris,Driving_Under_Influence,1way,1.0,30,4G,-111,48.0,-18.0,0.001377546288903,40.30638220958374,21.807219635971432,Unintentional
User_78,2025-10-11 09:27:51,0.64,0.6666,Walking,Ligeris,Speeding,2way,1.0,30,3G,-80,48.0,1.0,0.021,40.30588811790817,21.791258825989416,Unintentional
User_43,2025-10-11 12:01:32,0.255,0.8413,Walking,Koila,Reckless_Driving,2way,2.0,60,4G,-83,66.0,22.0,0.0081232523808857,40.32243330617078,21.789398886043376,Unintentional
User_71,2025-10-11 16:16:11,0.431,0.852,Walking,Ligeris,Reckless_Driving,2way,3.0,70,5G,-115,44.0,-4.0,0.045,40.322515521476625,21.79146133106255,Unintentional
User_85,2025-10-11 19:31:36,0.572,0.9642,Walking,Ligeris,Speeding,2way,1.0,70,3G,-103,57.0,4.0,0.032,40.30545504884564,21.791258825989416,Unintentional
User_31,2025-10-11 19:32:13,0.72,0.8179,Driving,Koila,Speeding,2way,3.0,10,WiFi,-85,57.0,-22.0,0.0057271729697465,40.321855210987046,21.79231394568846,Unintentional
User_94,2025-10-11 21:56:05,0.508,0.5725,Running,Zep,Reckless_Driving,2way,1.0,60,5G,-82,48.0,-20.0,0.0079117675611953,40.27892470613719,21.752716295114997,Unintentional
User_25,2025-10-11 23:09:31,0.627,0.6253,Driving,Ligeris,Driving_Under_Influence,2way,1.0,40,WiFi,-62,87.0,-17.0,0.0068214677542089,40.30622195611902,21.807475527665247,Unintentional
User_29,2025-10-12 00:19:59,0.309,0.5725,Running,Ligeris,Speeding,1way,2.0,30,5G,Ethernet,14.0,-1.0,0.036,40.30588000852367,21.791258825989416,Unintentional
User_91,2025-10-12 02:39:57,0.409,0.5725,Walking,Zep,6,2way,0.0,50,5G,-112,90.0,23.0,0.008944337873759,40.27960311052297,21.7535693519058,Unintentional
User_72,2025-10-12 02:44:55,0.697,0.6692,Walking,Ligeris,Speeding,1way,5.0,20,5G,-104,13.0,-25.0,0.0024819685895559,40.32262970607081,21.7910292585438,Unintentional
User_86,2025-10-12 02:57:12,0.63,0.5725,Walking,Koila,Driving_Under_Influence,2way,0.0,40,WiFi,-64,89.0,-19.0,0.0057271729697465,40.3221700115353,21.79258334855806,Unintentional
User_98,2025-10-12 03:29:39,0.553,0.8129,Running,Ligeris,Reckless_Driving,4way,2.0,70,5G,-120,77.0,13.0,0.043,40.30774869343968,21.807038181818957,Unintentional
User_83,2025-10-12 12:00:54,0.453,0.8585,Running,Zep,Reckless_Driving,4way,160.0,90,4G,-88,77.0,2.0,0.031,40.2804375166098,21.753940973435668,Unintentional
User_20,2025-10-12 13:44:48,0.686,0.8984,Running,Zep,Speeding,2way,1.0,40,4G,-114,48.0,0.0,0.047,40.27917415358753,21.752579409326685,Unintentional
User_65,2025-10-12 13:53:45,0.578,0.5725,Walking,Zep,Reckless_Driving,1way,1.0,20,4G,-105,4.0,-19.0,0.0089088485810208,40.27948942871206,21.75310705558452,Unintentional
User_26,2025-10-12 15:08:09,0.508,0.7262,Running,Zep,Driving_Under_Influence,4way,1.0,30,4G,-110,13.0,-3.0,0.026,40.28036546887063,21.75495265154324,Unintentional
User_14,2025-10-12 17:33:50,0.549,0.5857,Running,Koila,Reckless_Driving,1way,1.0,20,5G,-71,15.0,-22.0,0.0074266216191614,40.30622692377462,21.790852906502092,Unintentional
User_11,2025-10-12 18:56:29,0.539,0.5725,Walking,Koila,Driving_Under_Influence,2way,0.0,40,3G,-111,20.0,-23.0,0.00874211467013,40.32290461799453,21.790738027232717,Unintentional
User_49,2025-10-12 19:16:40,0.483,0.5725,Driving,Ligeris,Reckless_Driving,2way,1.0,80,WiFi,-58,48.0,17.0,0.0096350793556745,40.30615039619643,21.791258825989416,Unintentional
User_19,2025-10-12 21:49:44,0.508,0.5725,Running,Koila,Speeding,2way,1.0,10,4G,-71,74.0,-17.0,0.0072033947732432,40.322006338537605,21.791339544816427,Unintentional
User_30,2025-10-13 00:15:11,0.577,0.8375,Driving,Ligeris,Speeding,4way,1.0,30,3G,-77,55.0,14.0,0.031,40.30610658842133,21.807873814401383,Unintentional
User_29,2025-10-13 04:11:05,0.309,0.5725,Walking,Ligeris,6,1way,1.0,20,5G,-94,48.0,-19.0,0.0098571371137855,40.306242288871445,21.80752810399614,Unintentional
User_10,2025-10-13 04:30:01,0.719,0.8903,Walking,Ligeris,Driving_Under_Influence,2way,1.0,30,3G,-77,70.0,6.0,0.029,40.32290518949806,21.792936448997704,Unintentional
User_67,2025-10-13 04:32:35,0.557,0.7526,Driving,Koila,7,2way,1.0,40,5G,-98,72.0,11.0,0.022,40.32203757568324,21.79126596396122,Unintentional
User_21,2025-10-13 08:37:38,0.64,0.9335,Walking,Zep,Reckless_Driving,2way,0.0,50,WiFi,-64,28.0,-21.0,0.0065677290609505,40.27927595967412,21.753317405504752,Unintentional
User_35,2025-10-13 13:55:27,0.379,0.7776,Walking,Zep,Driving_Under_Influence,1way,2.0,40,3G,Ethernet,48.0,0.0,0.042,40.279181504000306,21.75219647872302,Unintentional
User_54,2025-10-13 15:03:45,0.508,0.5725,Running,Zep,Reckless_Driving,2way,1.0,80,3G,-83,48.0,0.0,0.04,40.27972310289765,21.75312699694977,Unintentional
User_04,2025-10-13 17:45:59,0.295,0.6329,Driving,Zep,Speeding,1way,1.0,80,5G,-110,45.0,15.0,0.037,40.27984019261829,21.75343784313973,Unintentional
User_62,2025-10-13 18:43:03,0.508,0.8223,Driving,Ligeris,Driving_Under_Influence,2way,0.0,80,4G,-80,8.0,0.0,0.029,40.30622692377462,21.808141295601857,Unintentional
User_67,2025-10-13 18:54:50,0.557,0.5725,Walking,Ligeris,Speeding,2way,0.0,90,5G,-94,7.0,0.0,0.035,40.30550904322974,21.807314476184978,Unintentional
User_25,2025-10-13 19:10:12,0.627,0.6293,Walking,Ligeris,Reckless_Driving,1way,1.0,80,3G,-95,10.0,11.0,0.026,40.30615728609901,21.791258825989416,Unintentional
User_61,2025-10-13 20:11:13,0.261,0.6695,Walking,Ligeris,Driving_Under_Influence,1way,0.0,10,4G,-107,39.0,19.0,0.0050307363906479,40.30622692377462,21.791258825989416,Unintentional
User_28,2025-10-13 23:47:29,0.561,0.5725,Running,Ligeris,Speeding,2way,0.0,40,4G,-95,94.0,0.0,0.04,40.30533332076101,21.80805463991773,Unintentional
User_85,2025-10-14 01:16:47,0.572,0.9692,Driving,Ligeris,Driving_Under_Influence,2way,1.0,40,3G,-106,39.0,-21.0,0.0026670077483447,40.30626357748991,21.791258825989416,Unintentional
User_70,2025-10-14 01:53:45,0.508,0.9072,Walking,Ligeris,Driving_Under_Influence,2way,1.0,70,5G,-112,48.0,-16.0,0.035,40.30701298762085,21.791258825989416,Unintentional
User_78,2025-10-14 05:19:37,0.64,0.6726,Driving,Ligeris,Speeding,1way,2.0,10,WiFi,-59,8.0,-7.0,0.031,40.30622692377462,21.791258825989416,Unintentional
User_89,2025-10-14 07:51:48,0.485,0.8803,Walking,Ligeris,Reckless_Driving,1way,0.0,30,3G,Ethernet,16.0,-17.0,0.0066009503462078,40.30613299517727,21.80567746421226,Unintentional
User_85,2025-10-14 10:49:00,0.572,0.9702,Running,Zep,Reckless_Driving,2way,1.0,10,3G,-79,96.0,-3.0,0.027,40.28056744918534,21.753893216809104,Unintentional
User_92,2025-10-14 12:35:25,0.611,0.9561,Walking,Ligeris,9,2way,1.0,40,3G,-116,48.0,-19.0,0.0097444760257595,40.307075504878696,21.807095049353443,Unintentional
User_20,2025-10-14 13:54:22,0.686,0.9024,Running,Koila,Reckless_Driving,2way,1.0,40,3G,-117,22.0,18.0,0.0060030020361461,40.3227753750167,21.790411896310573,Unintentional
User_67,2025-10-14 15:15:46,0.508,0.7556,Driving,Zep,Speeding,1way,1.0,40,5G,-102,12.0,20.0,0.0042197160945704,40.27859423099966,21.75344705076295,Unintentional
User_39,2025-10-14 16:05:02,0.685,0.8348,Walking,Koila,Reckless_Driving,2way,1.0,40,4G,-112,87.0,10.0,0.021,40.321806301989696,21.79094437523761,Unintentional
User_51,2025-10-14 16:57:37,0.508,0.5725,Walking,Zep,Speeding,4way,1.0,40,WiFi,-69,8.0,7.0,0.027,40.27977823206485,21.753952887612467,Unintentional
User_32,2025-10-14 18:42:02,0.694,0.8748,Driving,Koila,Driving_Under_Influence,1way,0.0,Harassing_Driver,3G,-70,16.0,9.0,0.04,40.3210431918507,21.79232814792938,Unintentional
User_75,2025-10-14 18:55:46,0.544,0.9154,Driving,Koila,Reckless_Driving,1way,4.0,40,WiFi,-63,56.0,6.0,0.028,40.3226206790528,21.79035804695936,Unintentional
User_01,2025-10-14 23:06:23,0.618,0.8915,Walking,Zep,Speeding,2way,0.0,40,4G,-106,68.0,2.0,0.027,40.279775945722974,21.753347711351527,Unintentional
User_65,2025-10-14 23:48:53,0.578,0.6663,Driving,Ligeris,Speeding,2way,1.0,50,3G,-114,63.0,0.0,0.025,40.30497221215324,21.80868919798632,Unintentional
User_79,2025-10-15 00:53:44,0.426,0.6146,Running,Ligeris,Driving_Under_Influence,1way,4.0,80,5G,Ethernet,47.0,-11.0,0.024,40.32132058849339,21.79336381653008,Unintentional
User_69,2025-10-15 03:47:20,0.289,0.5725,Running,Koila,Reckless_Driving,1way,1.0,10,3G,Ethernet,48.0,23.0,0.0067033059340438,40.30622692377462,21.790736564504993,Unintentional
User_54,2025-10-15 05:28:23,0.508,0.7221,Walking,Ligeris,Reckless_Driving,4way,2.0,40,4G,-95,67.0,19.0,0.0057271729697465,40.30581282624174,21.80796137011961,Unintentional
User_35,2025-10-15 06:05:21,0.379,0.7806,Walking,Zep,Speeding,4way,1.0,Illegal_Parking,5G,-115,24.0,-8.0,0.024,40.28106936950507,21.791258825989416,Unintentional
User_68,2025-10-15 12:12:37,0.736,0.8905,Walking,Koila,Speeding,1way,0.0,30,5G,-114,42.0,0.0,0.025,40.32260702793025,21.79082237879236,Unintentional
User_02,2025-10-15 13:30:30,0.504,0.7608,Running,Koila,Speeding,4way,2.0,20,3G,-96,3.0,0.0,0.026,40.30622692377462,21.793212356190683,Unintentional
User_20,2025-10-15 16:28:24,0.686,0.9044,Running,Zep,Speeding,2way,1.0,40,5G,-87,86.0,0.0,0.05,40.27945698646617,21.753372902575435,Unintentional
User_04,2025-10-15 21:58:44,0.295,0.6369,Driving,Ligeris,Driving_Under_Influence,2way,3.0,30,WiFi,-54,70.0,21.0,0.0090430302840146,40.304694934670145,21.806881195395867,Unintentional
User_17,2025-10-16 03:49:00,0.383,0.6012,Walking,Koila,Speeding,2way,1.0,90,4G,-119,75.0,-4.0,0.036,40.321924208117345,21.791601884903333,Unintentional
User_20,2025-10-16 05:00:04,0.686,0.9054,Driving,Ligeris,Speeding,2way,1.0,30,WiFi,-74,6.0,-20.0,0.0083213934803826,40.30622692377462,21.791378644159444,Unintentional
User_56,2025-10-16 07:27:39,0.419,0.7526,Running,Zep,Speeding,1way,3.0,20,3G,-84,24.0,-14.0,0.035,40.278497475932035,21.753982886434663,Unintentional
User_47,2025-10-16 07:47:22,0.636,0.7101,Walking,Ligeris,Reckless_Driving,2way,1.0,40,4G,-101,29.0,-18.0,0.0070703598093328,40.30748189077503,21.809102491187915,Unintentional
User_15,2025-10-16 08:20:20,0.585,0.6084,Walking,Ligeris,Speeding,4way,4.0,10,4G,-97,48.0,-25.0,0.004610265647917,40.30675199673798,21.807897475500244,Unintentional
User_04,2025-10-16 08:56:44,0.295,0.6389,Driving,Ligeris,Speeding,2way,5.0,90,3G,-99,100.0,-20.0,0.0094675078119036,40.30599167496553,21.807565385951985,Unintentional
User_11,2025-10-16 12:47:10,0.539,0.5725,Running,Koila,Speeding,1way,140.0,10,WiFi,-89,48.0,-24.0,0.004272564511905,40.32104043126323,21.791258825989416,Unintentional
User_09,2025-10-16 14:25:28,0.377,0.9548,Driving,Zep,Speeding,2way,2.0,10,3G,Ethernet,63.0,0.0,0.047,40.27835653646228,21.751715253999617,Unintentional
User_33,2025-10-16 14:30:05,0.486,0.5725,Walking,Ligeris,Reckless_Driving,2way,0.0,Illegal_Parking,3G,-73,10.0,-23.0,0.0057271729697465,40.30597744959213,21.808233560506434,Unintentional
User_96,2025-10-16 17:34:05,0.722,0.5926,Walking,Koila,Reckless_Driving,1way,0.0,40,3G,-115,86.0,-7.0,0.023,40.30622692377462,21.79035287107788,Unintentional
User_34,2025-10-17 01:17:30,0.401,0.7606,Driving,Koila,Reckless_Driving,4way,4.0,30,5G,-92,61.0,-21.0,0.0028252018572971,40.32210333513239,21.791271212465013,Unintentional
User_70,2025-10-17 03:09:21,0.359,0.9132,Walking,Zep,Reckless_Driving,2way,1.0,80,3G,-105,79.0,-1.0,0.024,40.27932874605852,21.753164883100165,Unintentional
User_37,2025-10-17 05:34:35,0.528,0.9159,Driving,Zep,Driving_Under_Influence,2way,0.0,30,3G,-88,91.0,-22.0,0.008196478396632,40.27969236440503,21.791258825989416,Unintentional
User_40,2025-10-17 07:55:07,0.498,0.8337,Running,Koila,Reckless_Driving,1way,0.0,20,5G,-101,60.0,16.0,0.041,40.32320564883503,21.78978808763721,Unintentional
User_87,2025-10-17 08:17:58,0.374,0.7246,Walking,Zep,Driving_Under_Influence,2way,0.0,Harassing_Driver,5G,-114,18.0,-15.0,0.025,40.27959739513745,21.75333538392959,Unintentional
User_60,2025-10-17 12:29:23,0.602,0.8836,Driving,Koila,Driving_Under_Influence,2way,0.0,40,3G,-105,32.0,-11.0,0.041,40.320785193847406,21.792241276428605,Unintentional
User_08,2025-10-17 12:59:30,0.325,0.9556,Driving,Koila,Speeding,2way,1.0,70,4G,-111,2.0,11.0,0.046,40.32150725646962,21.792978631582972,Unintentional
User_79,2025-10-17 13:27:58,0.426,0.6186,Walking,Koila,Speeding,1way,0.0,20,4G,-100,48.0,18.0,0.0076824804658505,40.32208063293755,21.79125969625898,Unintentional
User_46,2025-10-17 13:49:20,0.621,0.7659,Driving,Koila,Reckless_Driving,2way,0.0,40,3G,-85,38.0,-14.0,0.045,40.30622692377462,21.79238343853289,Unintentional
User_12,2025-10-17 13:56:58,0.251,0.5997,Driving,Koila,Driving_Under_Influence,2way,0.0,10,5G,-80,48.0,-20.0,0.0056281616510983,40.32224730231627,21.790321138350745,Unintentional
User_53,2025-10-17 14:00:11,0.364,0.9467,Driving,Koila,Reckless_Driving,2way,1.0,10,4G,-99,65.0,5.0,0.026,40.322394528314014,21.79086569045745,Unintentional
User_91,2025-10-17 17:25:03,0.409,0.6472,Running,Koila,Speeding,1way,0.0,50,3G,-119,48.0,0.0,0.039,40.32215951135197,21.791515893444114,Unintentional
User_52,2025-10-17 17:35:52,0.399,0.9169,Walking,Ligeris,Speeding,2way,0.0,40,3G,-113,79.0,-23.0,0.0081452676989634,40.30522972573104,21.807701104759406,Unintentional
User_16,2025-10-17 20:13:49,0.438,0.7049,Running,Ligeris,Driving_Under_Influence,4way,1.0,Illegal_Parking,4G,-73,30.0,-9.0,0.044,40.30622692377462,21.80753991725145,Unintentional
User_95,2025-10-17 20:46:43,0.739,0.6683,Running,Zep,Reckless_Driving,2way,1.0,80,4G,-110,3.0,0.0,0.041,40.30622692377462,21.75368332853092,Unintentional
User_79,2025-10-17 21:08:51,0.426,0.5725,Driving,Zep,Driving_Under_Influence,2way,1.0,60,3G,-117,29.0,21.0,0.0057271729697465,40.280591672270354,21.791258825989416,Unintentional
User_100,2025-10-18 00:07:54,0.592,0.7791,Driving,Ligeris,Driving_Under_Influence,2way,1.0,80,3G,Ethernet,42.0,17.0,0.0077253668679973,40.30495947376834,21.80676442406966,Unintentional
User_04,2025-10-18 01:39:19,0.295,0.6419,Driving,Ligeris,Driving_Under_Influence,2way,1.0,40,4G,-106,64.0,-19.0,0.0010980882982987,40.306937336901505,21.80556331605767,Unintentional
User_05,2025-10-18 02:13:15,0.311,0.7348,Driving,Zep,Driving_Under_Influence,1way,150.0,10,3G,-79,32.0,-22.0,0.0040832666867366,40.281201178331386,21.754005772069064,Unintentional
User_56,2025-10-18 03:55:48,0.508,0.7566,Walking,Koila,Driving_Under_Influence,4way,0.0,90,3G,Ethernet,54.0,-25.0,0.0072056451889796,40.32175799753563,21.79305789930943,Unintentional
User_30,2025-10-18 05:49:14,0.508,0.8485,Running,Koila,9,1way,0.0,60,5G,Ethernet,48.0,10.0,0.023,40.30622692377462,21.791073404839263,Unintentional
User_32,2025-10-18 06:19:14,0.694,0.8818,Walking,Zep,Reckless_Driving,1way,0.0,20,4G,-116,48.0,-19.0,0.0050981132026564,40.278827973468594,21.791258825989416,Unintentional
User_33,2025-10-18 12:34:09,0.486,0.7206,Running,Ligeris,Driving_Under_Influence,4way,0.0,Illegal_Parking,WiFi,-66,98.0,-7.0,0.046,40.305937841133215,21.791258825989416,Unintentional
User_93,2025-10-18 13:10:42,0.418,0.6831,Driving,Koila,Speeding,2way,1.0,10,4G,-75,73.0,19.0,0.001188112451522,40.32210981285417,21.791735380321924,Unintentional
User_11,2025-10-18 17:04:40,0.508,0.7546,Walking,Koila,Reckless_Driving,4way,2.0,60,3G,-74,88.0,-5.0,0.046,40.32066732511182,21.792266841072863,Unintentional
User_38,2025-10-18 18:56:18,0.448,0.7482,Running,Ligeris,Speeding,2way,3.0,40,3G,-83,8.0,-11.0,0.035,40.279409609622874,21.754532654055662,Unintentional
User_91,2025-10-18 22:33:51,0.508,0.6502,Walking,Ligeris,Speeding,2way,3.0,20,3G,-71,74.0,-18.0,0.0083418401893156,40.27878166686924,21.753213950917424,Unintentional
User_58,2025-10-19 00:06:05,0.669,0.5725,Driving,Koila,Speeding,2way,140.0,10,WiFi,-79,95.0,0.0,0.035,40.32194147146362,21.79131145599618,Unintentional
User_48,2025-10-19 00:16:48,0.611,0.8023,Driving,Ligeris,Driving_Under_Influence,4way,0.0,10,4G,-103,48.0,24.0,0.0027487654950405,40.30622692377462,21.80910531780441,Unintentional
User_77,2025-10-19 01:58:09,0.347,0.7226,Running,Zep,Driving_Under_Influence,2way,0.0,40,3G,-88,34.0,12.0,0.047,40.280150276620816,21.753343069989153,Unintentional
User_98,2025-10-19 03:48:34,0.553,0.8269,Driving,Ligeris,Driving_Under_Influence,1way,2.0,10,4G,-96,87.0,-22.0,0.0083475689134526,40.30622692377462,21.80719704877186,Unintentional
User_05,2025-10-19 04:20:40,0.311,0.7368,Running,Ligeris,Speeding,2way,0.0,20,3G,-60,75.0,14.0,0.042,40.30622692377462,21.791014299419256,Unintentional
User_23,2025-10-19 05:48:26,0.669,0.9466,Driving,Koila,Reckless_Driving,1way,0.0,Lane_Discards,3G,-94,2.0,-9.0,0.03,40.32116546051847,21.791258825989416,Unintentional
User_31,2025-10-19 06:35:23,0.72,0.8329,Driving,Ligeris,Reckless_Driving,4way,2.0,20,WiFi,-77,61.0,0.0,0.021,40.280741057211955,21.753280168747803,Unintentional
User_47,2025-10-19 09:35:42,0.636,0.7161,Walking,Zep,9,1way,1.0,50,3G,-77,48.0,17.0,0.0090250829471104,40.279256076377074,21.753498757183305,Unintentional
User_82,2025-10-19 10:21:20,0.499,0.9414,Walking,Zep,Reckless_Driving,2way,0.0,30,WiFi,-59,92.0,11.0,0.036,40.30622692377462,21.75212756881926,Unintentional
User_20,2025-10-19 11:59:29,0.686,0.9124,Driving,Zep,Reckless_Driving,1way,0.0,10,5G,-85,88.0,23.0,0.0030718441943671,40.30622692377462,21.75502972044579,Unintentional
User_94,2025-10-19 12:00:21,0.648,0.6468,Running,Ligeris,Reckless_Driving,1way,0.0,70,4G,-104,15.0,-21.0,0.0027321682215612,40.30603295328699,21.808716594762455,Unintentional
User_78,2025-10-19 16:12:55,0.64,0.6836,Driving,Koila,Reckless_Driving,2way,0.0,50,5G,-100,34.0,24.0,0.0046495471465114,40.30622692377462,21.790977736277117,Unintentional
User_100,2025-10-19 18:18:12,0.592,0.7811,Running,Ligeris,Reckless_Driving,1way,1.0,70,5G,-108,87.0,0.0,0.047,40.30622692377462,21.80859728234572,Unintentional
User_29,2025-10-19 18:19:23,0.309,0.8046,Walking,Ligeris,9,1way,0.0,50,5G,-96,48.0,-5.0,0.041,40.30631393916876,21.791258825989416,Unintentional
User_67,2025-10-19 20:25:34,0.508,0.7656,Running,Zep,Speeding,2way,0.0,10,WiFi,-52,71.0,6.0,0.026,40.279557524620486,21.75374941668715,Unintentional
User_45,2025-10-19 21:26:57,0.446,0.6415,Walking,Ligeris,Reckless_Driving,2way,0.0,80,3G,-104,41.0,23.0,0.0098030976077598,40.2788133563145,21.791258825989416,Unintentional
User_21,2025-10-19 22:19:06,0.64,0.9455,Running,Ligeris,Reckless_Driving,2way,2.0,40,4G,-103,41.0,-21.0,0.0045829268995557,40.30625938711289,21.80750921802167,Unintentional
User_03,2025-10-19 23:25:25,0.381,0.7755,Walking,Koila,Driving_Under_Influence,2way,1.0,110,5G,-117,43.0,-25.0,0.0095239662019776,40.3228498908441,21.791205995116915,Unintentional
User_37,2025-10-20 00:57:13,0.528,0.9209,Walking,Koila,Driving_Under_Influence,4way,160.0,50,4G,-81,2.0,20.0,0.0088627251595161,40.32298647195555,21.791533827597735,Unintentional
User_45,2025-10-20 02:01:06,0.446,0.6425,Running,Koila,Driving_Under_Influence,2way,4.0,20,4G,-93,13.0,-21.0,0.0080026212029705,40.32105689741644,21.79121146370006,Unintentional
User_87,2025-10-20 02:35:41,0.374,0.7306,Walking,Zep,8,1way,0.0,30,3G,-75,48.0,19.0,0.0089744030421595,40.28068208905461,21.753573251463287,Unintentional
User_08,2025-10-20 03:46:14,0.325,0.9606,Driving,Ligeris,Reckless_Driving,2way,0.0,40,4G,-100,48.0,0.0,0.025,40.27909217855607,21.791258825989416,Unintentional
User_80,2025-10-20 03:49:15,0.313,0.7985,Walking,Zep,Speeding,2way,4.0,10,5G,-84,27.0,13.0,0.039,40.28027594863411,21.791258825989416,Unintentional
User_89,2025-10-20 07:13:18,0.485,0.8913,Driving,Koila,Driving_Under_Influence,2way,1.0,40,3G,-76,10.0,-8.0,0.032,40.32119752142766,21.792876831431823,Unintentional
User_95,2025-10-20 07:42:35,0.739,0.6743,Running,Koila,7,2way,0.0,20,WiFi,Ethernet,91.0,22.0,0.0030087908093604,40.32161889013636,21.79094420202402,Unintentional
User_55,2025-10-20 08:37:42,0.489,0.6588,Walking,Ligeris,Speeding,2way,3.0,Illegal_Parking,WiFi,-56,86.0,0.0,0.041,40.30622692377462,21.791258825989416,Unintentional
User_18,2025-10-20 09:44:54,0.508,0.7274,Running,Zep,Driving_Under_Influence,2way,0.0,50,3G,-80,69.0,22.0,0.0025350496860633,40.279442398802885,21.752804106196916,Unintentional
User_64,2025-10-20 09:56:53,0.257,0.5986,Walking,Koila,Reckless_Driving,4way,0.0,130,WiFi,-52,72.0,21.0,0.0093861779087499,40.32090897655081,21.791971055087902,Unintentional
User_94,2025-10-20 09:58:10,0.648,0.6488,Driving,Ligeris,Speeding,2way,0.0,10,4G,-89,48.0,-24.0,0.0020770954002487,40.30638263530626,21.807257436591048,Unintentional
User_02,2025-10-20 10:30:08,0.504,0.7698,Running,Koila,Driving_Under_Influence,2way,0.0,60,5G,-119,66.0,15.0,0.033,40.32137709650463,21.79112975095031,Unintentional
User_60,2025-10-20 12:51:14,0.602,0.8896,Walking,Koila,Reckless_Driving,2way,140.0,10,5G,-77,34.0,-25.0,0.0089389433558802,40.32074357274739,21.790852048491505,Unintentional
User_66,2025-10-20 15:34:53,0.325,0.9717,Walking,Ligeris,Driving_Under_Influence,4way,1.0,40,5G,-104,48.0,-18.0,0.006520236766424,40.30677637625316,21.806595183765133,Unintentional
User_15,2025-10-20 20:26:56,0.585,0.6174,Running,Zep,Speeding,4way,1.0,Harassing_Driver,3G,-91,14.0,7.0,0.04,40.2809269379769,21.752468285866776,Unintentional
User_73,2025-10-20 20:42:39,0.676,0.9418,Running,Koila,Reckless_Driving,2way,2.0,30,3G,-99,79.0,17.0,0.0070996185432154,40.32225181889852,21.790505764433007,Unintentional
User_90,2025-10-20 23:36:49,0.522,0.6504,Driving,Zep,Reckless_Driving,2way,0.0,40,4G,-112,83.0,-5.0,0.028,40.27882120072722,21.75116748549045,Unintentional
User_10,2025-10-20 23:48:11,0.719,0.9053,Walking,Ligeris,Speeding,4way,1.0,70,5G,-100,99.0,23.0,0.0040229493673543,40.305689904620486,21.806583412295883,Unintentional
User_95,2025-10-21 02:26:36,0.739,0.6753,Driving,Zep,Driving_Under_Influence,2way,0.0,20,5G,-114,7.0,10.0,0.024,40.280686168780456,21.75361322615268,Unintentional
User_81,2025-10-21 03:35:55,0.482,0.8344,Driving,Zep,Speeding,1way,0.0,20,WiFi,-80,63.0,-16.0,0.037,40.279484826947616,21.75294286677686,Unintentional
User_02,2025-10-21 06:02:04,0.508,0.7728,Walking,Zep,Speeding,2way,1.0,Harassing_Driver,5G,-94,100.0,-19.0,0.0057271729697465,40.27952590176975,21.791258825989416,Unintentional
User_38,2025-10-21 06:31:02,0.508,0.7532,Running,Zep,Speeding,2way,0.0,10,3G,Ethernet,48.0,22.0,0.0064977005646776,40.278532367749186,21.753435107552015,Unintentional
User_08,2025-10-21 08:57:15,0.325,0.9626,Driving,Ligeris,Speeding,1way,1.0,Illegal_Parking,3G,-94,51.0,2.0,0.025,40.32208180951755,21.791258825989416,Unintentional
User_50,2025-10-21 11:45:12,0.477,0.9137,Running,Ligeris,Speeding,2way,4.0,30,WiFi,-84,94.0,0.0,0.049,40.307372831381365,21.808452966694688,Unintentional
User_33,2025-10-21 13:58:26,0.486,0.7276,Walking,Ligeris,Driving_Under_Influence,2way,0.0,30,3G,-57,68.0,-9.0,0.027,40.30622692377462,21.80784364416653,Unintentional
User_81,2025-10-21 22:00:12,0.482,0.8354,Running,Ligeris,Reckless_Driving,4way,0.0,50,WiFi,-51,48.0,21.0,0.0057271729697465,40.32102835886305,21.79084108321491,Unintentional
User_11,2025-10-21 22:29:22,0.539,0.7606,Running,Ligeris,Reckless_Driving,1way,0.0,Harassing_Driver,5G,Ethernet,44.0,-23.0,0.0074656975003328,40.306594380414765,21.80694184017847,Unintentional
User_70,2025-10-22 00:04:09,0.359,0.9232,Walking,Koila,Reckless_Driving,2way,0.0,20,4G,-79,58.0,-16.0,0.04,40.32206402829818,21.79116835125815,Unintentional
User_17,2025-10-22 02:44:31,0.383,0.6132,Walking,Ligeris,Speeding,2way,1.0,80,WiFi,-88,1.0,13.0,0.037,40.30511905464381,21.80614802141415,Unintentional
User_93,2025-10-22 05:07:29,0.508,0.6911,Walking,Zep,Speeding,2way,0.0,60,5G,Ethernet,28.0,-14.0,0.035,40.30622692377462,21.75405688367064,Unintentional
User_63,2025-10-22 06:59:21,0.408,0.8084,Running,Koila,Speeding,2way,1.0,Lane_Discards,4G,-103,40.0,20.0,0.0088451786312153,40.30622692377462,21.791278194004946,Unintentional
User_02,2025-10-22 07:48:56,0.504,0.7738,Running,Ligeris,Speeding,1way,1.0,10,3G,Ethernet,41.0,11.0,0.04,40.2790020971026,21.755384931773648,Unintentional
User_61,2025-10-22 08:21:45,0.508,0.6865,Walking,Ligeris,Driving_Under_Influence,2way,2.0,40,3G,-82,93.0,10.0,0.042,40.30524316396618,21.80622917940304,Unintentional
User_27,2025-10-22 10:01:44,0.319,0.5725,Walking,Ligeris,Speeding,2way,1.0,70,5G,-106,20.0,2.0,0.039,40.30737325676714,21.806388065330232,Unintentional
User_25,2025-10-22 10:18:57,0.627,0.6473,Walking,Ligeris,Speeding,2way,0.0,40,3G,-109,78.0,8.0,0.049,40.280331687534485,21.75314211985162,Unintentional
User_73,2025-10-22 10:40:33,0.676,0.9458,Walking,Ligeris,Speeding,2way,2.0,40,WiFi,-61,48.0,0.0,0.04,40.322814271483594,21.792957241198135,Unintentional
User_20,2025-10-22 11:26:01,0.508,0.5725,Walking,Zep,Speeding,1way,1.0,50,WiFi,-90,48.0,-13.0,0.021,40.280268624147496,21.753122044010084,Unintentional
User_65,2025-10-22 14:52:42,0.578,0.6813,Walking,Zep,Reckless_Driving,4way,0.0,50,3G,-119,48.0,10.0,0.027,40.27955259289946,21.754701932027604,Unintentional
User_52,2025-10-22 19:48:21,0.399,0.9269,Driving,Zep,Driving_Under_Influence,2way,4.0,60,3G,-90,50.0,-15.0,0.036,40.2801832524982,21.754859188864405,Unintentional
User_37,2025-10-22 23:28:43,0.528,0.9259,Driving,Ligeris,Driving_Under_Influence,2way,0.0,60,5G,-117,48.0,-14.0,0.045,40.30642604457267,21.791258825989416,Unintentional
User_28,2025-10-23 04:15:31,0.561,0.6935,Running,Koila,Driving_Under_Influence,2way,1.0,90,4G,Ethernet,60.0,25.0,0.0056433894463284,40.30622692377462,21.792589063814052,Unintentional
User_98,2025-10-23 06:34:59,0.553,0.8349,Walking,Ligeris,Reckless_Driving,4way,3.0,10,5G,-114,78.0,13.0,0.026,40.30605757636624,21.80918014901617,Unintentional
User_22,2025-10-23 10:00:35,0.712,0.6313,Driving,Koila,Driving_Under_Influence,2way,2.0,30,5G,-101,70.0,-24.0,0.0011648087583292,40.32208862042209,21.791452845467376,Unintentional
User_45,2025-10-23 13:28:59,0.446,0.6495,Running,Ligeris,Driving_Under_Influence,1way,1.0,70,WiFi,-78,26.0,12.0,0.024,40.305391547087886,21.807723425844397,Unintentional
User_74,2025-10-23 14:59:00,0.6,0.5995,Walking,Koila,Speeding,4way,1.0,30,5G,-98,10.0,18.0,0.0049612215977891,40.322322633146854,21.79056419200145,Unintentional
User_47,2025-10-23 17:54:33,0.636,0.7251,Driving,Koila,Driving_Under_Influence,2way,1.0,20,WiFi,-77,45.0,-7.0,0.048,40.32081162685636,21.79280295324939,Unintentional
User_59,2025-10-23 19:08:13,0.696,0.9598,Driving,Zep,Speeding,2way,1.0,30,3G,-78,63.0,19.0,0.007246575894436,40.30622692377462,21.75384539782721,Unintentional
User_77,2025-10-23 22:01:43,0.347,0.7316,Walking,Ligeris,Speeding,2way,2.0,60,3G,Ethernet,0.0,-22.0,0.0057271729697465,40.3065270681424,21.809093041139384,Unintentional
User_11,2025-10-23 22:15:37,0.539,0.7656,Walking,Koila,Reckless_Driving,1way,1.0,70,WiFi,-51,88.0,23.0,0.007777469774367,40.32331000032136,21.790865874529096,Unintentional
User_49,2025-10-24 02:01:18,0.508,0.699,Driving,Zep,Reckless_Driving,2way,1.0,30,3G,-80,77.0,22.0,0.0067106125933624,40.27875542594216,21.751827066894712,Unintentional
User_64,2025-10-24 08:18:38,0.257,0.6056,Running,Zep,Driving_Under_Influence,2way,0.0,30,5G,-99,73.0,2.0,0.021,40.27844251858869,21.75277958018492,Unintentional
User_97,2025-10-24 11:27:35,0.296,0.9499,Walking,Koila,Reckless_Driving,2way,0.0,60,3G,-71,9.0,10.0,0.032,40.32255514112717,21.789849134994235,Unintentional
User_28,2025-10-24 15:15:59,0.561,0.6955,Running,Zep,Speeding,1way,0.0,30,3G,-120,70.0,11.0,0.049,40.27921222823707,21.791258825989416,Unintentional
User_02,2025-10-24 15:17:04,0.504,0.7778,Walking,Koila,Speeding,1way,0.0,50,5G,-74,18.0,0.0,0.044,40.32181536993172,21.791579845426607,Unintentional
User_02,2025-10-24 17:04:00,0.508,0.7788,Running,Zep,Reckless_Driving,4way,0.0,30,4G,-105,71.0,21.0,0.0061346445514016,40.27946767050901,21.75321104641028,Unintentional
User_66,2025-10-24 17:25:27,0.325,0.9797,Driving,Ligeris,Speeding,1way,1.0,30,5G,-100,65.0,-22.0,0.0045639502532546,40.30672827000347,21.80725556351337,Unintentional
User_88,2025-10-24 23:58:09,0.676,0.626,Running,Zep,6,1way,0.0,10,3G,-105,48.0,10.0,0.046,40.27848426841299,21.751412709355822,Unintentional
User_89,2025-10-25 06:32:28,0.508,0.9013,Driving,Koila,Reckless_Driving,2way,140.0,10,3G,-59,27.0,15.0,0.043,40.3222221413868,21.78896648323763,Unintentional
User_07,2025-10-25 09:46:39,0.319,0.85,Walking,Ligeris,Driving_Under_Influence,1way,0.0,40,4G,-80,75.0,25.0,0.0082232844118887,40.30622692377462,21.808042644080533,Unintentional
User_89,2025-10-25 12:48:47,0.485,0.5725,Running,Zep,Speeding,2way,0.0,30,WiFi,-67,96.0,-8.0,0.034,40.280188297723384,21.752841402645696,Unintentional
User_24,2025-10-25 15:15:16,0.7,0.82,Running,Koila,Reckless_Driving,4way,0.0,80,3G,-77,64.0,17.0,0.0057499337975102,40.30622692377462,21.79294827415492,Unintentional
User_42,2025-10-25 15:33:07,0.577,0.8602,Driving,Ligeris,Driving_Under_Influence,1way,0.0,70,3G,-114,55.0,16.0,0.033,40.30623049923658,21.807768428082717,Unintentional
User_03,2025-10-25 15:41:47,0.381,0.7875,Walking,Zep,Reckless_Driving,2way,0.0,80,WiFi,Ethernet,44.0,-14.0,0.046,40.279489904178405,21.791258825989416,Unintentional
User_95,2025-10-25 16:10:22,0.739,0.6833,Running,Ligeris,Driving_Under_Influence,4way,0.0,40,WiFi,-51,98.0,13.0,0.027,40.30622692377462,21.80599258517888,Unintentional
User_59,2025-10-25 17:40:21,0.508,0.9638,Driving,Koila,Driving_Under_Influence,1way,2.0,80,3G,-117,60.0,3.0,0.025,40.30622692377462,21.791258825989416,Unintentional
User_41,2025-10-25 19:13:49,0.508,0.8565,Walking,Ligeris,Reckless_Driving,4way,0.0,40,4G,-96,45.0,23.0,0.0057271729697465,40.30622692377462,21.807211507124165,Unintentional
User_09,2025-10-25 20:05:00,0.377,0.9738,Walking,Ligeris,Speeding,2way,0.0,50,4G,-109,33.0,-8.0,0.033,40.305796609421336,21.809359185938685,Unintentional
User_29,2025-10-25 20:38:23,0.309,0.8166,Driving,Ligeris,Reckless_Driving,2way,0.0,30,3G,-104,37.0,-1.0,0.031,40.32142935020013,21.791258825989416,Unintentional
User_23,2025-10-25 21:32:30,0.669,0.9596,Running,Ligeris,Speeding,1way,0.0,40,WiFi,-88,59.0,-1.0,0.027,40.3073855836348,21.805863412740397,Unintentional
User_42,2025-10-26 04:57:01,0.577,0.8612,Walking,Koila,Speeding,2way,2.0,20,3G,-107,48.0,-10.0,0.028,40.322042503028534,21.790944157746456,Unintentional
User_70,2025-10-26 05:39:17,0.359,0.9312,Driving,Zep,Reckless_Driving,2way,0.0,Lane_Discards,3G,-76,21.0,17.0,0.0060217778871965,40.279992250793875,21.75369390354856,Unintentional
User_57,2025-10-26 07:11:05,0.733,0.7134,Running,Zep,Reckless_Driving,4way,0.0,20,4G,-113,99.0,3.0,0.049,40.279186899890455,21.753191630748933,Unintentional
User_37,2025-10-26 07:16:40,0.508,0.9329,Driving,Ligeris,Speeding,1way,0.0,20,WiFi,Ethernet,87.0,20.0,0.0035831470672136,40.30569537953693,21.807695647228098,Unintentional
User_74,2025-10-26 09:55:24,0.6,0.6045,Running,Zep,Speeding,2way,1.0,Harassing_Driver,4G,-114,23.0,-23.0,0.0065380833383539,40.28015388665185,21.75358584146135,Unintentional
User_60,2025-10-26 13:14:04,0.602,0.9016,Walking,Zep,Driving_Under_Influence,1way,0.0,20,4G,-116,14.0,-12.0,0.034,40.278719788658535,21.75457071968143,Unintentional
User_77,2025-10-26 14:20:29,0.347,0.7376,Driving,Ligeris,Driving_Under_Influence,2way,1.0,60,3G,-120,25.0,11.0,0.047,40.28077159494658,21.75377569667381,Unintentional
User_48,2025-10-26 14:30:50,0.611,0.5725,Running,Ligeris,Speeding,2way,1.0,10,WiFi,-76,34.0,20.0,0.0064418143589535,40.323265111740426,21.790635526321,Unintentional
User_57,2025-10-26 15:52:33,0.733,0.7144,Running,Ligeris,Speeding,2way,1.0,20,3G,-72,89.0,25.0,0.0085310076354349,40.30636532371091,21.80705129855707,Unintentional
User_20,2025-10-26 17:00:05,0.686,0.9254,Driving,Ligeris,Speeding,2way,0.0,60,WiFi,-88,75.0,-24.0,0.0055925181091855,40.28051196736487,21.751482432941803,Unintentional
User_47,2025-10-26 17:20:33,0.508,0.7311,Walking,Koila,Driving_Under_Influence,4way,0.0,10,3G,-119,40.0,-20.0,0.0022957272745309,40.32342895652589,21.791258825989416,Unintentional
User_42,2025-10-26 20:50:31,0.577,0.5725,Walking,Zep,Speeding,2way,0.0,40,5G,-86,82.0,1.0,0.029,40.28028541372242,21.75127862590845,Unintentional
User_23,2025-10-26 22:32:11,0.669,0.9616,Running,Koila,Speeding,2way,1.0,50,3G,-78,42.0,25.0,0.006416353835992,40.32172389378293,21.790859029710344,Unintentional
User_74,2025-10-27 00:17:39,0.508,0.5725,Walking,Koila,Speeding,2way,0.0,50,4G,Ethernet,48.0,-23.0,0.0057271729697465,40.30622692377462,21.790000889444055,Unintentional
User_38,2025-10-27 02:37:59,0.448,0.7652,Running,Koila,Driving_Under_Influence,4way,1.0,30,WiFi,Ethernet,41.0,15.0,0.028,40.32302724010892,21.79223341064685,Unintentional
User_60,2025-10-27 02:39:19,0.602,0.9026,Walking,Zep,Reckless_Driving,2way,1.0,Harassing_Driver,4G,-81,83.0,-18.0,0.0023241074648469,40.30622692377462,21.753432879511927,Unintentional
User_32,2025-10-27 03:34:56,0.508,0.8998,Running,Ligeris,Driving_Under_Influence,1way,0.0,60,5G,-80,68.0,-22.0,0.007583859061647,40.306217165981266,21.807535577141305,Unintentional
User_27,2025-10-27 05:17:50,0.319,0.9116,Driving,Ligeris,Driving_Under_Influence,1way,0.0,80,5G,-77,28.0,-19.0,0.0065805130802829,40.30752480401429,21.791258825989416,Unintentional
User_61,2025-10-27 05:39:27,0.261,0.6965,Driving,Koila,Speeding,2way,1.0,90,4G,-92,24.0,1.0,0.047,40.321966362944046,21.79098270128584,Unintentional
User_88,2025-10-27 12:06:48,0.676,0.631,Running,Zep,6,1way,1.0,50,5G,-108,48.0,24.0,0.005734357510004,40.27930878717758,21.75324269835865,Unintentional
User_12,2025-10-27 12:36:14,0.251,0.5725,Running,Koila,Driving_Under_Influence,2way,0.0,20,WiFi,-69,23.0,-18.0,0.0057271729697465,40.30622692377462,21.792166311609297,Unintentional
User_08,2025-10-27 14:08:11,0.325,0.5725,Running,Zep,Speeding,4way,0.0,40,3G,-119,89.0,-19.0,0.0071709371589686,40.279700733358375,21.75408839203587,Unintentional
User_05,2025-10-27 16:10:20,0.311,0.5725,Walking,Koila,Driving_Under_Influence,2way,1.0,Lane_Discards,4G,-85,78.0,18.0,0.0014505849427495,40.32189719917481,21.791436072305817,Unintentional
User_11,2025-10-27 18:33:14,0.508,0.7726,Driving,Zep,Reckless_Driving,4way,0.0,30,4G,-76,92.0,-23.0,0.0045308508112947,40.279595636546894,21.753334574341075,Unintentional
User_58,2025-10-27 19:50:05,0.508,0.732,Walking,Ligeris,Speeding,2way,0.0,50,3G,-88,8.0,0.0,0.029,40.30622692377462,21.791258825989416,Unintentional
User_72,2025-10-27 21:41:38,0.697,0.7002,Walking,Zep,Driving_Under_Influence,2way,0.0,80,3G,-98,49.0,-18.0,0.0026884915616858,40.27912742781093,21.75316176123573,Unintentional
User_22,2025-10-27 22:05:44,0.712,0.6393,Walking,Koila,Reckless_Driving,4way,2.0,40,5G,-70,40.0,21.0,0.0090595016424275,40.320814250243146,21.791031642741206,Unintentional
User_43,2025-10-28 00:38:36,0.508,0.8743,Walking,Koila,Speeding,1way,0.0,40,WiFi,-82,27.0,-23.0,0.0059363214353679,40.32298302338275,21.789558801072847,Unintentional
User_19,2025-10-28 03:25:32,0.508,0.9393,Driving,Ligeris,Speeding,1way,0.0,80,4G,-78,19.0,-3.0,0.048,40.30497399457028,21.80915036864292,Unintentional
User_66,2025-10-28 08:30:05,0.325,0.9867,Running,Koila,Speeding,2way,0.0,40,3G,-74,20.0,19.0,0.0089200281717646,40.32190065994428,21.791258825989416,Unintentional
User_82,2025-10-28 10:35:09,0.499,0.9594,Running,Koila,Speeding,4way,1.0,10,WiFi,-68,3.0,12.0,0.048,40.32250791502141,21.791525688788237,Unintentional
User_36,2025-10-28 10:40:35,0.394,0.5725,Walking,Zep,9,2way,0.0,30,3G,-94,58.0,-25.0,0.0029711650439495,40.27991116660976,21.754642991456457,Unintentional
User_06,2025-10-28 11:23:52,0.614,0.5725,Running,Ligeris,Speeding,2way,2.0,70,WiFi,-57,24.0,-3.0,0.021,40.30622692377462,21.80768898477189,Unintentional
User_64,2025-10-28 14:44:20,0.257,0.6146,Driving,Koila,Speeding,2way,0.0,60,4G,-85,4.0,3.0,0.028,40.32195967574565,21.792981906216976,Unintentional
User_12,2025-10-28 16:17:47,0.251,0.6227,Walking,Zep,Reckless_Driving,2way,0.0,80,WiFi,-76,4.0,23.0,0.0072223060846347,40.27920373758454,21.791258825989416,Unintentional
User_08,2025-10-28 16:22:51,0.325,0.9766,Running,Zep,Driving_Under_Influence,2way,1.0,70,4G,-76,90.0,-9.0,0.034,40.28068384222153,21.75186768479024,Unintentional
User_44,2025-10-28 20:41:35,0.332,0.7037,Walking,Koila,Speeding,2way,0.0,30,5G,Ethernet,94.0,-19.0,0.0074116465657752,40.32056889011111,21.790652293435624,Unintentional
User_97,2025-10-28 21:56:00,0.508,0.9579,Driving,Koila,Driving_Under_Influence,2way,4.0,30,3G,-97,41.0,14.0,0.033,40.322147232257755,21.79333544914359,Unintentional
User_98,2025-10-29 03:38:13,0.553,0.5725,Running,Ligeris,Reckless_Driving,2way,3.0,10,WiFi,-67,48.0,-24.0,0.0017646611674223,40.30669455068155,21.791258825989416,Unintentional
User_77,2025-10-29 08:43:29,0.347,0.7436,Running,Koila,9,2way,0.0,80,WiFi,Ethernet,21.0,-17.0,0.007557436241369,40.322152260023046,21.791898091927848,Unintentional
User_96,2025-10-29 09:15:21,0.722,0.6176,Running,Ligeris,Driving_Under_Influence,2way,1.0,30,5G,-102,9.0,-19.0,0.0057271729697465,40.30586719891227,21.807016675281368,Unintentional
User_15,2025-10-29 12:26:10,0.585,0.6354,Driving,Zep,6,2way,1.0,60,5G,-94,44.0,0.0,0.045,40.28096671884437,21.751910837352156,Unintentional
User_72,2025-10-29 13:05:31,0.697,0.5725,Walking,Koila,Reckless_Driving,1way,1.0,70,4G,-100,99.0,-23.0,0.0057271729697465,40.32201487809107,21.790541162764345,Unintentional
User_55,2025-10-29 16:47:04,0.489,0.6778,Running,Ligeris,Speeding,2way,0.0,20,WiFi,-78,54.0,-15.0,0.038,40.32120344611498,21.792507761556912,Unintentional
User_05,2025-10-29 19:13:45,0.311,0.7578,Walking,Ligeris,Reckless_Driving,1way,3.0,30,5G,-110,48.0,13.0,0.033,40.306707101032025,21.80697378604959,Unintentional
User_84,2025-10-29 23:33:34,0.689,0.7806,Running,Ligeris,Reckless_Driving,2way,0.0,20,3G,-120,3.0,-18.0,0.0068297444170226,40.30625625552543,21.791258825989416,Unintentional
User_24,2025-10-30 03:47:29,0.7,0.829,Running,Ligeris,Driving_Under_Influence,1way,0.0,40,WiFi,-60,48.0,-3.0,0.044,40.27924212973414,21.753260854111225,Unintentional
User_06,2025-10-30 03:56:01,0.614,0.9783,Driving,Ligeris,Speeding,2way,0.0,20,5G,-86,91.0,-4.0,0.023,40.30622692377462,21.80923621644249,Unintentional
User_91,2025-10-30 05:14:39,0.409,0.6732,Walking,Koila,Speeding,1way,0.0,40,3G,-117,40.0,19.0,0.0093616340222601,40.321167589094166,21.792195294990456,Unintentional
User_88,2025-10-30 08:16:24,0.676,0.637,Driving,Koila,Speeding,1way,1.0,30,3G,-95,48.0,8.0,0.045,40.32200721976006,21.791012629604605,Unintentional
User_67,2025-10-30 08:46:55,0.557,0.7876,Walking,Zep,Driving_Under_Influence,4way,4.0,90,3G,-76,14.0,22.0,0.0032813403679531,40.30622692377462,21.752734333246003,Unintentional
User_50,2025-10-30 09:52:29,0.477,0.9327,Driving,Ligeris,Driving_Under_Influence,1way,0.0,10,4G,-104,6.0,-3.0,0.05,40.30622692377462,21.790800096831703,Unintentional
User_66,2025-10-30 13:07:44,0.325,0.9917,Running,Koila,Reckless_Driving,2way,0.0,40,3G,-64,53.0,19.0,0.0068956314080022,40.321824055183995,21.793507307970184,Unintentional
User_70,2025-10-30 14:23:13,0.359,0.9402,Running,Zep,Speeding,2way,140.0,30,WiFi,-52,3.0,-9.0,0.05,40.30622692377462,21.75322802723124,Unintentional
User_86,2025-10-30 15:40:37,0.63,0.8723,Walking,Ligeris,Driving_Under_Influence,1way,1.0,10,5G,-93,40.0,-20.0,0.0087505050284763,40.30578967251481,21.807666747698672,Unintentional
User_28,2025-10-30 18:57:56,0.561,0.7075,Driving,Zep,Speeding,1way,1.0,60,4G,-103,38.0,24.0,0.0012782136911152,40.279630817338365,21.7537817666796,Unintentional
User_17,2025-10-31 00:59:41,0.383,0.6312,Running,Koila,Speeding,2way,1.0,20,4G,-92,63.0,10.0,0.033,40.32251313447205,21.791398773190355,Unintentional
User_13,2025-10-31 01:29:32,0.508,0.7389,Running,Ligeris,Speeding,1way,0.0,40,WiFi,-83,6.0,-23.0,0.0075170040722051,40.30662123075157,21.807114490890815,Unintentional
User_64,2025-10-31 04:13:28,0.508,0.6196,Running,Ligeris,6,1way,0.0,40,WiFi,-57,57.0,24.0,0.0057271729697465,40.30452016285216,21.80780508951375,Unintentional
User_89,2025-10-31 05:34:32,0.485,0.9133,Walking,Ligeris,Speeding,2way,1.0,Lane_Discards,4G,Ethernet,37.0,0.0,0.037,40.30542357140713,21.80887829365108,Unintentional
User_42,2025-10-31 06:06:11,0.577,0.8712,Walking,Koila,Speeding,1way,0.0,40,4G,-114,41.0,0.0,0.032,40.30622692377462,21.791435325221748,Unintentional
User_22,2025-10-31 08:38:47,0.712,0.6463,Running,Koila,Reckless_Driving,1way,1.0,Lane_Discards,4G,-107,72.0,20.0,0.00681099360312,40.321017178074165,21.79087860267979,Unintentional
User_12,2025-10-31 09:34:03,0.251,0.5725,Running,Koila,Driving_Under_Influence,1way,140.0,10,5G,-71,13.0,-25.0,0.0044738213381643,40.32140122225258,21.791902465942968,Unintentional
User_41,2025-10-31 13:02:07,0.251,0.8685,Walking,Ligeris,Driving_Under_Influence,1way,3.0,Harassing_Driver,5G,-79,50.0,0.0,0.033,40.3059436029439,21.807542161483415,Unintentional
User_06,2025-10-31 15:12:08,0.614,0.9803,Walking,Koila,Reckless_Driving,2way,2.0,70,3G,-97,8.0,3.0,0.041,40.323392967788,21.7913800606224,Unintentional
User_53,2025-10-31 16:56:00,0.508,0.9737,Walking,Ligeris,Reckless_Driving,4way,5.0,90,3G,-85,74.0,-24.0,0.0069129305162022,40.30751059182344,21.791258825989416,Unintentional
User_40,2025-10-31 18:17:07,0.498,0.8617,Driving,Zep,Speeding,4way,2.0,50,WiFi,-56,19.0,-19.0,0.0048136074004538,40.27808731791437,21.753799947143147,Unintentional
User_62,2025-10-31 19:25:44,0.346,0.5725,Running,Koila,Driving_Under_Influence,1way,1.0,30,3G,-71,41.0,22.0,0.0092786675485835,40.32243003405068,21.793368042625623,Unintentional
User_77,2025-10-31 20:51:22,0.347,0.5725,Walking,Zep,Reckless_Driving,4way,0.0,80,3G,-79,55.0,14.0,0.046,40.280931203093694,21.75228169544714,Unintentional
User_73,2025-11-01 00:33:38,0.676,0.9648,Running,Ligeris,Reckless_Driving,4way,2.0,20,4G,-118,10.0,-2.0,0.043,40.30634992058204,21.808628595235735,Unintentional
User_39,2025-11-01 02:19:27,0.685,0.5725,Running,Ligeris,Driving_Under_Influence,4way,1.0,90,3G,-114,48.0,18.0,0.0087157918482233,40.27933057408366,21.752501958674955,Unintentional
User_19,2025-11-01 05:26:23,0.384,0.9473,Running,Ligeris,Reckless_Driving,1way,1.0,30,3G,-96,48.0,-20.0,0.0030640818807717,40.32279225842255,21.791258825989416,Unintentional
User_64,2025-11-01 08:58:59,0.508,0.6216,Driving,Ligeris,Speeding,4way,1.0,20,3G,-85,53.0,-22.0,0.0014406830863727,40.306297412348904,21.807228598365047,Unintentional
User_61,2025-11-01 09:52:06,0.261,0.7065,Running,Ligeris,Speeding,1way,1.0,40,4G,-98,21.0,-16.0,0.043,40.30630408701495,21.80961777419995,Unintentional
User_72,2025-11-01 10:10:20,0.697,0.5725,Running,Ligeris,Driving_Under_Influence,2way,2.0,50,4G,-111,32.0,-25.0,0.0086066907600017,40.3072877891383,21.80706408994801,Unintentional
User_32,2025-11-01 14:05:10,0.694,0.9098,Walking,Koila,Driving_Under_Influence,1way,0.0,40,3G,-72,9.0,24.0,0.0057271729697465,40.320383174198525,21.791525454221336,Unintentional
User_37,2025-11-01 14:06:32,0.528,0.9449,Driving,Ligeris,Driving_Under_Influence,1way,1.0,30,3G,-89,100.0,-24.0,0.0057526799353948,40.30781273309098,21.791258825989416,Unintentional
User_49,2025-11-01 14:17:02,0.483,0.5725,Walking,Koila,Speeding,2way,1.0,30,5G,-111,42.0,25.0,0.0014262471604667,40.32145419467003,21.790483648994545,Unintentional
User_97,2025-11-01 15:41:20,0.296,0.9659,Running,Koila,Speeding,4way,1.0,10,5G,-119,9.0,-12.0,0.046,40.32224723708266,21.791258825989416,Unintentional
User_68,2025-11-01 15:54:34,0.736,0.5725,Running,Zep,Driving_Under_Influence,2way,1.0,60,3G,-79,29.0,-17.0,0.0018571180876724,40.278960536750205,21.791258825989416,Unintentional
User_57,2025-11-01 16:14:21,0.733,0.7264,Walking,Koila,Reckless_Driving,2way,5.0,40,3G,-100,99.0,19.0,0.0026519031927463,40.32160625683403,21.792250590184747,Unintentional
User_03,2025-11-01 16:43:17,0.381,0.8015,Walking,Koila,Driving_Under_Influence,2way,0.0,60,3G,-73,38.0,19.0,0.002425032144494,40.32208508188164,21.791080540758184,Unintentional
User_23,2025-11-01 23:57:47,0.669,0.9736,Walking,Zep,Driving_Under_Influence,1way,0.0,40,WiFi,-57,48.0,20.0,0.0087418296941139,40.30622692377462,21.753311845022825,Unintentional
User_27,2025-11-02 00:41:34,0.319,0.9226,Running,Zep,Speeding,2way,1.0,40,WiFi,-83,90.0,-4.0,0.031,40.27957723499489,21.75560240332215,Unintentional
User_78,2025-11-02 01:26:20,0.64,0.7106,Running,Zep,Driving_Under_Influence,1way,1.0,50,3G,-86,68.0,6.0,0.029,40.27998298025827,21.752369334595173,Unintentional
User_13,2025-11-02 01:36:40,0.657,0.7429,Driving,Ligeris,Speeding,2way,1.0,30,4G,-88,48.0,-25.0,0.0097414023948822,40.3064338740379,21.805204539254408,Unintentional
User_79,2025-11-02 02:51:45,0.426,0.5725,Driving,Ligeris,9,2way,2.0,80,WiFi,-65,48.0,-7.0,0.024,40.306426565238866,21.791258825989416,Unintentional
User_87,2025-11-02 06:19:10,0.374,0.7566,Driving,Koila,Driving_Under_Influence,4way,1.0,60,WiFi,-87,89.0,19.0,0.0036373598224842,40.32345529197893,21.792036884132234,Unintentional
User_23,2025-11-02 07:52:50,0.508,0.9746,Running,Zep,Driving_Under_Influence,2way,0.0,20,4G,-112,9.0,-1.0,0.035,40.28049428165629,21.75362767796639,Unintentional
User_07,2025-11-02 08:11:26,0.319,0.866,Walking,Zep,Reckless_Driving,1way,0.0,30,3G,-104,2.0,21.0,0.0079369225006221,40.27833068595513,21.754420319588508,Unintentional
User_23,2025-11-02 08:53:28,0.669,0.9756,Running,Ligeris,Driving_Under_Influence,4way,3.0,30,4G,-98,50.0,-6.0,0.037,40.28059640473934,21.751552705667887,Unintentional
User_79,2025-11-02 18:29:38,0.426,0.6516,Walking,Zep,Reckless_Driving,2way,1.0,30,3G,-83,42.0,-25.0,0.001069639699674,40.30622692377462,21.75350834518461,Unintentional
User_25,2025-11-02 18:50:19,0.627,0.6683,Driving,Ligeris,Speeding,2way,1.0,80,4G,Ethernet,20.0,-25.0,0.0076785742198499,40.306605885934594,21.807993910393503,Unintentional
User_24,2025-11-02 18:53:31,0.7,0.836,Running,Zep,Driving_Under_Influence,2way,0.0,40,5G,Ethernet,48.0,13.0,0.036,40.27883364683412,21.753337148788845,Unintentional
User_25,2025-11-02 19:27:40,0.627,0.6693,Walking,Zep,Driving_Under_Influence,2way,0.0,40,WiFi,-77,77.0,-20.0,0.0057271729697465,40.280520174656615,21.75371741881822,Unintentional
User_31,2025-11-02 20:24:09,0.72,0.8619,Driving,Zep,Speeding,2way,0.0,40,3G,-73,49.0,-18.0,0.0027378998398828,40.28049896429718,21.75367405157326,Unintentional
User_44,2025-11-02 22:10:57,0.332,0.7137,Walking,Zep,Speeding,4way,0.0,10,WiFi,-88,1.0,0.0,0.032,40.27958222472088,21.791258825989416,Unintentional
User_21,2025-11-03 02:04:09,0.64,0.9745,Running,Koila,Driving_Under_Influence,1way,2.0,40,3G,-90,22.0,18.0,0.0050581355795557,40.32298067741598,21.79016331964238,Unintentional
User_67,2025-11-03 04:25:47,0.508,0.5725,Walking,Koila,Speeding,2way,0.0,80,3G,Ethernet,90.0,5.0,0.031,40.32133126706654,21.789984531400627,Unintentional
User_38,2025-11-03 06:07:48,0.508,0.7792,Running,Zep,Speeding,2way,1.0,60,5G,-84,98.0,0.0,0.047,40.27946642867152,21.753139426879887,Unintentional
User_26,2025-11-03 07:38:49,0.642,0.5725,Driving,Koila,Speeding,2way,0.0,40,5G,-73,84.0,14.0,0.048,40.32088830367071,21.789846716572367,Unintentional
User_71,2025-11-03 07:54:48,0.431,0.898,Driving,Koila,Driving_Under_Influence,2way,1.0,40,5G,-77,87.0,21.0,0.0093819699292148,40.3207379042076,21.791588570992204,Unintentional
User_91,2025-11-03 10:13:26,0.409,0.5725,Running,Zep,Driving_Under_Influence,2way,0.0,Harassing_Driver,4G,-84,60.0,10.0,0.045,40.279487302618186,21.75341862897154,Unintentional
User_54,2025-11-03 13:33:15,0.508,0.7601,Walking,Ligeris,Reckless_Driving,2way,1.0,120,5G,-87,30.0,-25.0,0.0010914271114136,40.30620567914136,21.8073624393466,Unintentional
User_30,2025-11-03 13:59:41,0.577,0.8795,Running,Ligeris,Driving_Under_Influence,4way,1.0,100,4G,-75,75.0,-21.0,0.0057271729697465,40.30590842974029,21.80762377872404,Unintentional
User_22,2025-11-03 14:42:44,0.712,0.6533,Walking,Ligeris,Driving_Under_Influence,2way,150.0,30,4G,-110,67.0,8.0,0.045,40.3229097964587,21.791258825989416,Unintentional
User_48,2025-11-03 15:23:50,0.508,0.8333,Walking,Koila,Reckless_Driving,2way,0.0,10,5G,-103,0.0,15.0,0.04,40.32187753327407,21.790982835364556,Unintentional
User_38,2025-11-03 16:40:37,0.508,0.7802,Walking,Koila,Driving_Under_Influence,4way,0.0,50,4G,Ethernet,56.0,-7.0,0.027,40.30622692377462,21.79117299615191,Unintentional
User_30,2025-11-03 21:30:56,0.577,0.8805,Walking,Ligeris,Reckless_Driving,4way,160.0,40,3G,-112,64.0,-2.0,0.039,40.30630490399998,21.807458365085825,Unintentional
User_75,2025-11-04 06:51:39,0.544,0.9564,Walking,Ligeris,Driving_Under_Influence,2way,2.0,10,3G,-118,54.0,-15.0,0.035,40.32246197098841,21.792320590513636,Unintentional
User_71,2025-11-04 06:53:07,0.431,0.899,Walking,Koila,Speeding,2way,2.0,60,5G,-92,13.0,-6.0,0.021,40.30622692377462,21.79075792970275,Unintentional
User_13,2025-11-04 10:06:28,0.508,0.7469,Walking,Ligeris,Speeding,4way,1.0,30,4G,-116,48.0,22.0,0.0017898170540358,40.30683343204967,21.80846316441236,Unintentional
User_81,2025-11-04 11:12:46,0.482,0.8624,Running,Koila,Reckless_Driving,2way,0.0,Harassing_Driver,5G,-101,67.0,0.0,0.022,40.32253360388963,21.791421379394983,Unintentional
User_77,2025-11-04 12:11:54,0.347,0.7546,Walking,Zep,Speeding,1way,0.0,70,4G,Ethernet,82.0,-18.0,0.003973132879239,40.27864145626029,21.754716802204552,Unintentional
User_77,2025-11-04 13:35:43,0.347,0.7556,Driving,Koila,8,1way,2.0,70,3G,-99,66.0,-24.0,0.0010493732026755,40.320974600107206,21.791475536108855,Unintentional
User_64,2025-11-04 14:04:16,0.257,0.6286,Driving,Ligeris,Reckless_Driving,2way,1.0,60,WiFi,-85,11.0,20.0,0.0014056778734842,40.30510348868935,21.809102036735403,Unintentional
User_33,2025-11-04 15:23:52,0.486,0.7546,Running,Ligeris,Reckless_Driving,4way,0.0,50,3G,-82,48.0,-23.0,0.0032317015084635,40.30622692377462,21.806655017325983,Unintentional
User_67,2025-11-04 16:38:09,0.557,0.7966,Driving,Zep,Speeding,2way,1.0,50,3G,-99,88.0,20.0,0.0059952907732947,40.27803422484808,21.754047992458194,Unintentional
User_78,2025-11-04 20:34:21,0.508,0.5725,Walking,Ligeris,Speeding,2way,1.0,70,5G,Ethernet,87.0,-22.0,0.0013169774136938,40.3066845606183,21.80906232067521,Unintentional
User_67,2025-11-04 22:23:12,0.557,0.5725,Running,Zep,Reckless_Driving,1way,0.0,40,3G,-88,48.0,-4.0,0.045,40.27958076777169,21.753293715893378,Unintentional
User_99,2025-11-04 22:54:38,0.508,0.8223,Driving,Zep,Speeding,4way,0.0,80,WiFi,-79,34.0,-14.0,0.047,40.27848310102613,21.75493600912971,Unintentional
User_89,2025-11-05 02:01:19,0.485,0.9233,Driving,Ligeris,Driving_Under_Influence,2way,160.0,80,3G,-88,7.0,21.0,0.0057271729697465,40.30468454202088,21.80723122712036,Unintentional
User_57,2025-11-05 06:33:02,0.733,0.7334,Walking,Ligeris,Driving_Under_Influence,4way,1.0,60,3G,-61,56.0,12.0,0.024,40.278829723505375,21.75225103101767,Unintentional
User_47,2025-11-05 07:13:03,0.636,0.5725,Driving,Ligeris,Reckless_Driving,2way,2.0,Illegal_Parking,5G,-88,66.0,10.0,0.045,40.30629869374859,21.791258825989416,Unintentional
User_28,2025-11-05 08:49:58,0.561,0.7185,Walking,Zep,Reckless_Driving,4way,0.0,40,WiFi,-75,52.0,20.0,0.004927921444641,40.27963067243759,21.75262163643859,Unintentional
User_31,2025-11-05 10:28:07,0.72,0.8669,Running,Zep,Speeding,2way,0.0,40,3G,-85,74.0,14.0,0.047,40.27861268845435,21.752634852271424,Unintentional
User_73,2025-11-05 11:08:48,0.676,0.9738,Driving,Zep,Speeding,4way,0.0,40,5G,-81,48.0,-25.0,0.0037609861716375,40.27902339042069,21.751918574151027,Unintentional
User_61,2025-11-05 11:40:47,0.261,0.7145,Walking,Zep,Reckless_Driving,2way,0.0,10,WiFi,-55,80.0,-20.0,0.0050589713874065,40.28109024145906,21.75213338657216,Unintentional
User_83,2025-11-05 12:06:21,0.508,0.9065,Running,Koila,Driving_Under_Influence,1way,3.0,50,3G,Ethernet,82.0,18.0,0.0077694897995873,40.32243453953981,21.790524364451045,Unintentional
User_36,2025-11-05 12:29:39,0.394,0.9519,Running,Ligeris,Reckless_Driving,2way,0.0,60,5G,Ethernet,65.0,25.0,0.0057271729697465,40.306481600747446,21.806500666424085,Unintentional
User_43,2025-11-05 16:31:27,0.255,0.8913,Running,Ligeris,Speeding,1way,3.0,10,5G,-103,20.0,-4.0,0.037,40.30622692377462,21.791258825989416,Unintentional
User_46,2025-11-05 18:02:38,0.621,0.8049,Running,Koila,Reckless_Driving,1way,1.0,20,4G,-115,24.0,-23.0,0.0093406895235561,40.32311470023613,21.79148351703785,Unintentional
User_40,2025-11-05 19:11:34,0.498,0.8717,Walking,Ligeris,Driving_Under_Influence,1way,1.0,40,5G,-115,55.0,24.0,0.0010917934265913,40.30472815947476,21.808606478386743,Unintentional
User_72,2025-11-05 20:11:42,0.697,0.7182,Driving,Zep,Driving_Under_Influence,2way,1.0,40,3G,Ethernet,48.0,-11.0,0.041,40.27966689001507,21.753655797294392,Unintentional
User_12,2025-11-06 00:43:58,0.251,0.6397,Driving,Ligeris,Driving_Under_Influence,2way,1.0,40,3G,-90,48.0,6.0,0.025,40.30738178858494,21.791258825989416,Unintentional
User_53,2025-11-06 04:16:32,0.364,0.5725,Walking,Ligeris,Driving_Under_Influence,1way,1.0,70,3G,-80,22.0,8.0,0.025,40.307817103735424,21.80840063716724,Unintentional
User_92,2025-11-06 07:25:36,0.611,1.0,Walking,Zep,Speeding,2way,1.0,40,5G,-91,48.0,14.0,0.037,40.27945686644727,21.7529844139686,Unintentional
User_37,2025-11-06 10:33:43,0.508,0.5725,Walking,Koila,Reckless_Driving,2way,0.0,50,5G,-82,85.0,-18.0,0.0057271729697465,40.321732070815834,21.791056925696925,Unintentional
User_52,2025-11-06 11:05:09,0.399,0.9569,Driving,Koila,Driving_Under_Influence,2way,2.0,40,3G,-57,47.0,-7.0,0.035,40.322729940597526,21.791258825989416,Unintentional
User_30,2025-11-06 12:05:45,0.577,0.8865,Driving,Ligeris,Reckless_Driving,1way,0.0,30,4G,Ethernet,76.0,-19.0,0.0076773081417634,40.306143011823565,21.80743362578821,Unintentional
User_79,2025-11-06 15:02:14,0.426,0.6596,Driving,Ligeris,Driving_Under_Influence,2way,1.0,60,3G,-113,24.0,-18.0,0.0043287686357675,40.30495065012248,21.807240526792935,Unintentional
User_18,2025-11-06 15:27:11,0.271,0.7614,Running,Zep,Reckless_Driving,1way,140.0,50,WiFi,-71,48.0,25.0,0.0075348442045628,40.27841680757732,21.754360872665092,Unintentional
User_14,2025-11-06 18:01:41,0.549,0.6357,Running,Zep,Speeding,2way,2.0,60,4G,-91,68.0,18.0,0.0069071273097026,40.27979705017538,21.753501294645854,Unintentional
User_08,2025-11-06 18:55:31,0.325,0.9956,Running,Koila,Speeding,4way,0.0,50,WiFi,-82,14.0,10.0,0.036,40.32256116049941,21.79350641049083,Unintentional
User_89,2025-11-06 19:06:30,0.485,0.9263,Walking,Zep,Speeding,2way,0.0,40,3G,-67,70.0,-25.0,0.0089683341579965,40.27999203711082,21.75139750128207,Unintentional
User_46,2025-11-06 20:10:02,0.621,0.8069,Running,Ligeris,7,2way,4.0,30,5G,-102,98.0,23.0,0.0074381746483275,40.30574580775702,21.80558431668176,Unintentional
User_03,2025-11-06 21:16:31,0.381,0.8115,Driving,Ligeris,Speeding,2way,1.0,30,3G,-70,51.0,-8.0,0.048,40.28058562607458,21.755141185577376,Unintentional
User_36,2025-11-06 21:20:15,0.394,0.9539,Running,Ligeris,Speeding,2way,0.0,20,WiFi,-62,30.0,-5.0,0.024,40.30523773995203,21.806648207400546,Unintentional
User_73,2025-11-07 00:01:30,0.676,0.9768,Running,Zep,Driving_Under_Influence,2way,0.0,50,5G,-91,3.0,-19.0,0.0041946601626797,40.30622692377462,21.753389138591334,Unintentional
User_87,2025-11-07 02:08:27,0.374,0.7666,Walking,Koila,Speeding,1way,0.0,20,3G,-92,48.0,23.0,0.0040061375150337,40.323301847546816,21.79136367834295,Unintentional
User_65,2025-11-07 03:05:35,0.578,0.7143,Driving,Ligeris,Speeding,4way,140.0,40,3G,-100,48.0,-20.0,0.0072796649050362,40.30628202286736,21.807290292329704,Unintentional
User_97,2025-11-07 03:51:19,0.296,0.9769,Driving,Koila,Speeding,2way,0.0,Harassing_Driver,3G,Ethernet,98.0,0.0,0.038,40.32136022380363,21.790349258056164,Unintentional
User_04,2025-11-07 04:30:43,0.295,0.6819,Walking,Ligeris,Speeding,4way,1.0,20,WiFi,-57,20.0,11.0,0.04,40.30539526768825,21.806688204319048,Unintentional
User_70,2025-11-07 06:01:02,0.359,0.9552,Walking,Koila,8,4way,1.0,80,3G,-78,61.0,21.0,0.0027875850815295,40.32191188291974,21.791537263378487,Unintentional
User_69,2025-11-07 07:04:57,0.289,0.7706,Driving,Zep,Speeding,2way,160.0,50,WiFi,-83,48.0,-10.0,0.05,40.27952494570763,21.751943777454535,Unintentional
User_32,2025-11-07 09:12:04,0.694,0.9228,Running,Zep,Reckless_Driving,1way,160.0,50,WiFi,-84,95.0,25.0,0.0017201810030572,40.2793100994426,21.791258825989416,Unintentional
User_68,2025-11-07 10:25:22,0.508,0.9355,Driving,Ligeris,Driving_Under_Influence,1way,1.0,20,3G,-89,3.0,1.0,0.044,40.30789133137859,21.80834501962403,Unintentional
User_38,2025-11-07 12:35:45,0.448,0.7882,Walking,Ligeris,Reckless_Driving,4way,0.0,80,5G,-107,77.0,-24.0,0.0033290362957045,40.3214670336767,21.791258825989416,Unintentional
User_42,2025-11-07 13:03:03,0.577,0.8852,Driving,Koila,Speeding,2way,0.0,80,5G,-112,48.0,8.0,0.042,40.30622692377462,21.79167814016691,Unintentional
User_43,2025-11-07 15:11:19,0.255,0.8943,Running,Ligeris,8,1way,1.0,20,WiFi,-61,5.0,-25.0,0.0035319263421328,40.3078660683451,21.80831278493247,Unintentional
User_27,2025-11-07 15:27:47,0.319,0.9336,Driving,Ligeris,Driving_Under_Influence,2way,1.0,Harassing_Driver,WiFi,Ethernet,51.0,-19.0,0.0076007877386338,40.306823189190915,21.80797139065537,Unintentional
User_57,2025-11-07 16:07:54,0.733,0.7384,Walking,Koila,Speeding,2way,1.0,70,5G,-83,39.0,18.0,0.0035835947934088,40.321880419164465,21.790482084884253,Unintentional
User_64,2025-11-07 20:41:31,0.257,0.6346,Running,Ligeris,Speeding,2way,1.0,60,WiFi,-86,87.0,15.0,0.045,40.30576603925754,21.80652724787504,Unintentional
User_48,2025-11-07 21:14:59,0.611,0.8403,Walking,Zep,Reckless_Driving,2way,1.0,20,5G,-119,95.0,-16.0,0.048,40.27930023465821,21.75244255224609,Unintentional
User_86,2025-11-07 23:15:11,0.63,0.8893,Walking,Ligeris,Speeding,2way,0.0,20,3G,-72,54.0,21.0,0.0057271729697465,40.305220611807016,21.8077114390867,Unintentional
User_88,2025-11-08 02:07:04,0.676,0.655,Driving,Ligeris,Speeding,1way,0.0,80,3G,Ethernet,90.0,17.0,0.0083520644173948,40.30617522021232,21.8078649464076,Unintentional
User_88,2025-11-08 04:24:50,0.508,0.656,Walking,Zep,Reckless_Driving,2way,0.0,20,3G,-97,48.0,6.0,0.046,40.27919718999445,21.750958314356193,Unintentional
User_37,2025-11-08 05:18:47,0.528,0.9589,Walking,Koila,Driving_Under_Influence,2way,1.0,70,WiFi,-69,7.0,-11.0,0.023,40.322226227798375,21.791209156576247,Unintentional
User_94,2025-11-08 06:48:04,0.648,0.6868,Walking,Ligeris,Speeding,1way,0.0,40,5G,-97,87.0,18.0,0.0053743350422511,40.32201294923126,21.7917049104739,Unintentional
User_85,2025-11-08 08:48:37,0.572,1.0,Driving,Zep,Driving_Under_Influence,4way,4.0,40,5G,Ethernet,18.0,-8.0,0.039,40.27995062203072,21.75283745728612,Unintentional
User_74,2025-11-08 14:20:31,0.6,0.6315,Walking,Koila,Speeding,2way,0.0,50,4G,-106,33.0,-23.0,0.0038832249575083,40.32258013851965,21.79304755909219,Unintentional
User_08,2025-11-08 14:39:09,0.508,0.9996,Walking,Koila,Driving_Under_Influence,4way,1.0,40,WiFi,-73,44.0,19.0,0.0057271729697465,40.32166407070917,21.791258825989416,Unintentional
User_67,2025-11-08 17:22:18,0.557,0.8056,Walking,Ligeris,Speeding,2way,1.0,60,4G,-85,14.0,9.0,0.036,40.30641709557978,21.791258825989416,Unintentional
User_50,2025-11-08 19:40:33,0.477,0.9497,Driving,Koila,Speeding,2way,0.0,80,5G,-92,80.0,14.0,0.032,40.321958949816,21.791509923951804,Unintentional
User_20,2025-11-08 20:55:32,0.686,0.9524,Driving,Ligeris,Speeding,2way,0.0,20,3G,Ethernet,84.0,0.0,0.023,40.278450652102585,21.753445573666383,Unintentional
User_83,2025-11-09 00:20:58,0.453,0.9145,Walking,Ligeris,Reckless_Driving,4way,0.0,60,4G,-70,48.0,17.0,0.0057271729697465,40.32239031493332,21.791258825989416,Unintentional
User_32,2025-11-09 01:20:24,0.694,0.9258,Driving,Ligeris,Speeding,1way,0.0,40,5G,-102,66.0,0.0,0.041,40.30622692377462,21.791258825989416,Unintentional
User_60,2025-11-09 07:18:54,0.602,0.9286,Running,Koila,Speeding,4way,1.0,40,3G,-70,43.0,18.0,0.0084681448133734,40.32190206485473,21.793392304998697,Unintentional
User_61,2025-11-09 09:03:16,0.508,0.7225,Walking,Zep,7,1way,1.0,40,3G,-82,87.0,22.0,0.0024123815703418,40.28000338853848,21.75370084336652,Unintentional
User_25,2025-11-09 09:11:44,0.508,0.6833,Walking,Zep,Speeding,4way,1.0,10,WiFi,Ethernet,24.0,10.0,0.038,40.27967209089519,21.75280671219953,Unintentional
User_28,2025-11-09 09:21:20,0.561,0.7275,Walking,Zep,Speeding,2way,4.0,10,WiFi,-51,48.0,20.0,0.0036839325698558,40.277910096444394,21.752825323680288,Unintentional
User_88,2025-11-09 09:59:16,0.508,0.5725,Walking,Ligeris,Speeding,4way,4.0,70,3G,-118,89.0,20.0,0.0067648421692812,40.32176684849983,21.78983867293745,Unintentional
User_13,2025-11-09 10:14:53,0.657,0.7569,Running,Koila,Reckless_Driving,4way,1.0,40,3G,-92,95.0,-9.0,0.042,40.32360289534792,21.791258825989416,Unintentional
User_36,2025-11-09 10:20:45,0.394,0.9609,Running,Koila,Driving_Under_Influence,4way,1.0,30,5G,-111,36.0,19.0,0.0039934957077778,40.32332462233522,21.79184098659267,Unintentional
User_71,2025-11-09 10:27:44,0.431,0.91,Running,Zep,Reckless_Driving,2way,2.0,10,WiFi,-52,30.0,0.0,0.026,40.279507361546855,21.75257135480573,Unintentional
User_42,2025-11-09 11:38:53,0.508,0.8892,Walking,Zep,Driving_Under_Influence,2way,1.0,40,3G,-83,69.0,11.0,0.04,40.30622692377462,21.751251315655377,Unintentional
User_19,2025-11-09 13:07:22,0.384,0.9633,Running,Koila,Driving_Under_Influence,1way,0.0,30,5G,-112,52.0,-19.0,0.0065442665450569,40.32245560133634,21.79077365159992,Unintentional
User_08,2025-11-09 13:16:49,0.325,1.0,Walking,Zep,Driving_Under_Influence,2way,1.0,30,5G,-94,48.0,25.0,0.0057271729697465,40.28076335026505,21.75270821011894,Unintentional
User_59,2025-11-09 14:08:30,0.696,0.9928,Walking,Ligeris,Speeding,2way,2.0,40,3G,Ethernet,75.0,-25.0,0.0078189091319015,40.306080731972706,21.80524234604097,Unintentional
User_74,2025-11-09 15:23:43,0.6,0.6325,Driving,Ligeris,Reckless_Driving,2way,0.0,10,4G,-80,77.0,20.0,0.0021367577657866,40.30507692893246,21.807137073482725,Unintentional
User_95,2025-11-09 18:28:09,0.508,0.7143,Driving,Koila,Reckless_Driving,2way,0.0,20,3G,-107,82.0,-13.0,0.029,40.32179334287921,21.79287038787786,Unintentional
User_68,2025-11-09 18:42:37,0.736,0.9405,Walking,Zep,Reckless_Driving,1way,1.0,50,4G,-105,34.0,-17.0,0.0086334213477714,40.27998918900712,21.75351157839797,Unintentional
User_64,2025-11-09 20:54:48,0.257,0.6386,Walking,Koila,Driving_Under_Influence,2way,3.0,40,4G,Ethernet,19.0,4.0,0.024,40.30622692377462,21.78961870424835,Unintentional
User_86,2025-11-09 23:17:46,0.63,0.8933,Running,Zep,Reckless_Driving,2way,4.0,20,WiFi,-65,25.0,3.0,0.045,40.27916435056131,21.75181794162904,Unintentional
User_53,2025-11-10 01:01:05,0.508,0.9937,Walking,Ligeris,Driving_Under_Influence,2way,3.0,70,4G,Ethernet,90.0,-24.0,0.0017074052676693,40.304821829164794,21.791258825989416,Unintentional
User_06,2025-11-10 04:20:52,0.614,1.0,Walking,Ligeris,Speeding,2way,160.0,50,3G,-74,23.0,-6.0,0.025,40.3069273127529,21.806943874538835,Unintentional
User_43,2025-11-10 04:36:05,0.255,0.9003,Running,Koila,Speeding,1way,1.0,30,5G,-87,94.0,-21.0,0.0080286085118512,40.323211252312866,21.79152455943119,Unintentional
User_62,2025-11-10 04:44:57,0.346,0.8783,Driving,Koila,Speeding,2way,1.0,10,3G,-95,59.0,0.0,0.023,40.32192616372729,21.790376916587633,Unintentional
User_13,2025-11-10 05:59:27,0.508,0.7589,Running,Ligeris,Driving_Under_Influence,2way,3.0,10,5G,-115,7.0,-2.0,0.049,40.30622692377462,21.806797148443856,Unintentional
User_02,2025-11-10 07:02:48,0.504,0.8128,Walking,Zep,Driving_Under_Influence,1way,0.0,90,4G,-84,27.0,23.0,0.007991572364773,40.27988673124698,21.752668920946412,Unintentional
User_58,2025-11-10 10:33:26,0.508,0.5725,Walking,Ligeris,Driving_Under_Influence,2way,1.0,70,4G,-99,78.0,-11.0,0.041,40.30622692377462,21.80780292798501,Unintentional
User_21,2025-11-10 15:30:44,0.508,0.5725,Walking,Zep,Driving_Under_Influence,1way,160.0,40,3G,-84,31.0,0.0,0.047,40.30622692377462,21.75459971705775,Unintentional
User_81,2025-11-10 16:08:10,0.482,0.5725,Driving,Ligeris,Reckless_Driving,1way,3.0,80,4G,-88,70.0,0.0,0.021,40.30622692377462,21.79108298930333,Unintentional
User_66,2025-11-10 17:40:55,0.325,1.0,Driving,Ligeris,Speeding,2way,3.0,90,3G,Ethernet,48.0,-21.0,0.0075953283910248,40.30641354437606,21.80893421718947,Unintentional
User_63,2025-11-10 19:47:13,0.408,0.8464,Walking,Koila,Speeding,2way,1.0,40,WiFi,-84,48.0,3.0,0.039,40.322295687725806,21.791324308681183,Unintentional
User_22,2025-11-11 01:24:03,0.712,0.6683,Driving,Zep,Driving_Under_Influence,1way,0.0,40,WiFi,Ethernet,76.0,-24.0,0.0059391336701089,40.27964080124736,21.753871280047488,Unintentional
User_87,2025-11-11 04:01:25,0.374,0.7746,Walking,Ligeris,Driving_Under_Influence,4way,0.0,60,WiFi,-59,48.0,-20.0,0.0085726550206243,40.30678742795052,21.807107115198303,Unintentional
User_12,2025-11-11 09:14:32,0.251,0.6497,Driving,Ligeris,Reckless_Driving,2way,1.0,70,5G,-92,95.0,9.0,0.038,40.320653065426505,21.791199740419348,Unintentional
User_86,2025-11-11 09:30:41,0.63,0.5725,Driving,Koila,Driving_Under_Influence,1way,0.0,40,4G,-106,72.0,-25.0,0.0085097920953024,40.32242836711321,21.79136872880198,Unintentional
User_28,2025-11-11 10:36:54,0.561,0.7305,Running,Ligeris,Reckless_Driving,2way,1.0,80,3G,Ethernet,36.0,-25.0,0.0037649896979178,40.304949443563885,21.806621922783545,Unintentional
User_38,2025-11-11 12:54:44,0.448,0.7962,Walking,Zep,Driving_Under_Influence,2way,160.0,40,5G,-92,89.0,-14.0,0.044,40.30622692377462,21.75322517723625,Unintentional
User_50,2025-11-11 18:49:38,0.477,0.9567,Running,Ligeris,Speeding,4way,0.0,10,WiFi,-54,73.0,-25.0,0.0069266054514057,40.30622692377462,21.792883490799575,Unintentional
User_14,2025-11-11 20:20:54,0.508,0.6457,Walking,Zep,Reckless_Driving,2way,0.0,30,3G,Ethernet,2.0,0.0,0.032,40.28025936497091,21.75142953182,Unintentional
User_95,2025-11-11 21:01:22,0.739,0.7183,Driving,Ligeris,Reckless_Driving,2way,1.0,40,5G,Ethernet,38.0,10.0,0.043,40.30639819761819,21.80856759141119,Unintentional
User_77,2025-11-11 21:02:07,0.347,0.7696,Walking,Zep,Reckless_Driving,1way,140.0,60,3G,-76,100.0,-9.0,0.041,40.27958441158394,21.752757099947193,Unintentional
User_48,2025-11-11 22:52:12,0.611,0.5725,Walking,Zep,Speeding,4way,1.0,90,4G,-85,96.0,20.0,0.0078545190199504,40.30622692377462,21.754594315848564,Unintentional
User_64,2025-11-11 23:04:52,0.257,0.6426,Walking,Zep,Speeding,2way,1.0,30,4G,-104,19.0,-24.0,0.0082510437682652,40.28088944885575,21.75333881782547,Unintentional
User_08,2025-11-11 23:32:43,0.325,1.0,Running,Zep,9,2way,1.0,30,3G,Ethernet,95.0,18.0,0.003620274077227,40.30622692377462,21.752640537019765,Unintentional
User_92,2025-11-12 01:13:54,0.611,1.0,Walking,Ligeris,Reckless_Driving,2way,0.0,20,3G,-93,59.0,-25.0,0.0069505996463007,40.30662810047798,21.80726983734181,Unintentional
User_04,2025-11-12 01:21:48,0.295,0.6919,Walking,Zep,Reckless_Driving,1way,0.0,40,5G,-110,68.0,13.0,0.027,40.279984899181976,21.755094164527655,Unintentional
User_38,2025-11-12 03:21:33,0.508,0.7972,Driving,Zep,Speeding,2way,1.0,40,4G,-82,87.0,3.0,0.037,40.27931732774274,21.754269479064877,Unintentional
User_37,2025-11-12 04:45:32,0.528,0.9669,Walking,Koila,Speeding,2way,1.0,30,3G,-90,91.0,-23.0,0.0057271729697465,40.32297752623995,21.791258825989416,Unintentional
User_15,2025-11-12 04:53:14,0.508,0.6624,Driving,Ligeris,Driving_Under_Influence,1way,0.0,40,5G,-118,43.0,23.0,0.0081282229099539,40.30577923256771,21.80618544198575,Unintentional
User_62,2025-11-12 05:35:42,0.346,0.5725,Running,Koila,Reckless_Driving,2way,2.0,30,WiFi,Ethernet,89.0,-20.0,0.0018577166743142,40.30622692377462,21.792224923283765,Unintentional
User_64,2025-11-12 05:37:09,0.508,0.6436,Driving,Ligeris,Speeding,1way,1.0,40,3G,-74,48.0,-8.0,0.031,40.306231907616514,21.80755703838345,Unintentional
User_77,2025-11-12 08:27:38,0.347,0.7716,Driving,Zep,Speeding,2way,0.0,40,WiFi,Ethernet,62.0,-21.0,0.0029919892593587,40.27977757723171,21.753017476205713,Unintentional
User_75,2025-11-12 12:07:10,0.544,0.9724,Running,Zep,Reckless_Driving,2way,0.0,50,3G,-104,76.0,-22.0,0.0081371477183876,40.27967450009178,21.753160347375363,Unintentional
User_59,2025-11-12 14:16:42,0.696,0.9998,Walking,Zep,Reckless_Driving,4way,1.0,40,4G,-108,44.0,5.0,0.029,40.27951544829928,21.75204052071763,Unintentional
User_02,2025-11-13 00:27:08,0.504,0.8178,Running,Koila,Speeding,4way,0.0,10,WiFi,-60,15.0,5.0,0.05,40.32208425316044,21.791258825989416,Unintentional
User_97,2025-11-13 01:08:59,0.296,0.9889,Walking,Zep,Reckless_Driving,1way,4.0,60,WiFi,-64,35.0,-12.0,0.042,40.27894962714059,21.791258825989416,Unintentional
User_42,2025-11-13 05:05:28,0.577,0.8972,Walking,Zep,Driving_Under_Influence,1way,1.0,70,WiFi,Ethernet,48.0,-18.0,0.005281878781551,40.280762945251645,21.75285757971935,Unintentional
User_91,2025-11-13 07:19:15,0.409,0.7012,Driving,Ligeris,Reckless_Driving,2way,0.0,Harassing_Driver,5G,-116,12.0,22.0,0.0013264608849841,40.30661133004005,21.80684137447709,Unintentional
User_85,2025-11-13 07:30:17,0.572,0.5725,Driving,Ligeris,Speeding,1way,1.0,Harassing_Driver,5G,-70,73.0,17.0,0.0057271729697465,40.30622692377462,21.809669189454475,Unintentional
User_52,2025-11-13 11:22:22,0.399,0.9699,Walking,Ligeris,9,1way,2.0,60,WiFi,-78,48.0,0.0,0.046,40.307078347856624,21.807682476196973,Unintentional
User_97,2025-11-13 13:56:10,0.508,0.9899,Walking,Ligeris,Speeding,2way,0.0,20,3G,Ethernet,65.0,0.0,0.05,40.30639319728658,21.80699668109882,Unintentional
User_69,2025-11-13 17:56:52,0.289,0.7826,Walking,Ligeris,Speeding,2way,0.0,40,3G,-85,2.0,0.0,0.041,40.306141494197135,21.805247943670352,Unintentional
User_47,2025-11-13 18:41:38,0.636,0.7661,Walking,Zep,Speeding,2way,1.0,50,5G,Ethernet,48.0,-4.0,0.022,40.2796882708655,21.75223272943721,Unintentional
User_78,2025-11-13 21:13:25,0.508,0.7336,Running,Zep,Driving_Under_Influence,2way,0.0,60,5G,-102,7.0,19.0,0.0096367140373511,40.27979323991395,21.753326539679023,Unintentional
User_14,2025-11-14 02:38:05,0.549,0.6507,Walking,Ligeris,Driving_Under_Influence,2way,0.0,40,WiFi,-87,2.0,17.0,0.0029531610195904,40.30520726993616,21.80714043288371,Unintentional
User_41,2025-11-14 03:24:00,0.251,0.8955,Driving,Koila,8,2way,3.0,30,4G,Ethernet,48.0,-10.0,0.047,40.32085169702791,21.791258825989416,Unintentional
User_40,2025-11-14 06:56:43,0.498,0.8897,Running,Zep,Reckless_Driving,1way,150.0,20,5G,-71,57.0,11.0,0.031,40.27919154812716,21.791258825989416,Unintentional
User_18,2025-11-14 07:35:59,0.271,0.7774,Running,Ligeris,Reckless_Driving,2way,1.0,80,3G,Ethernet,77.0,21.0,0.0011273776636992,40.32177685177145,21.791258825989416,Unintentional
User_24,2025-11-14 08:18:21,0.508,0.859,Driving,Ligeris,Speeding,1way,140.0,60,3G,-109,62.0,-18.0,0.0057271729697465,40.30591407414615,21.80720328007047,Unintentional
User_55,2025-11-14 11:31:53,0.508,0.7088,Running,Koila,Reckless_Driving,2way,1.0,60,3G,-95,21.0,-20.0,0.0081296678787237,40.322011564130555,21.79247280703458,Unintentional
User_73,2025-11-14 14:54:39,0.676,0.9918,Walking,Ligeris,Reckless_Driving,1way,1.0,40,3G,-75,42.0,-8.0,0.039,40.307492711176295,21.807285574414703,Unintentional
User_70,2025-11-14 15:58:51,0.359,0.9692,Walking,Koila,Driving_Under_Influence,1way,2.0,40,5G,-117,19.0,-23.0,0.0095658893003207,40.30622692377462,21.79125946726308,Unintentional
User_41,2025-11-14 17:28:09,0.251,0.5725,Running,Zep,Reckless_Driving,4way,150.0,40,4G,-87,19.0,-21.0,0.0057271729697465,40.277797830902635,21.752797461930047,Unintentional
User_04,2025-11-14 17:58:04,0.508,0.6969,Driving,Zep,Driving_Under_Influence,4way,1.0,50,5G,-94,24.0,5.0,0.031,40.27955258488888,21.753588774781367,Unintentional
User_61,2025-11-14 19:16:13,0.261,0.7335,Walking,Ligeris,Speeding,4way,0.0,60,3G,-90,56.0,7.0,0.04,40.305138398667474,21.807013687119007,Unintentional
User_83,2025-11-14 19:45:15,0.453,0.9255,Driving,Zep,Driving_Under_Influence,2way,160.0,20,4G,Ethernet,70.0,-22.0,0.0094335354628162,40.27930465351067,21.7535397930319,Unintentional
User_10,2025-11-14 22:45:39,0.719,0.9553,Driving,Koila,Driving_Under_Influence,2way,1.0,20,5G,-119,19.0,-14.0,0.025,40.32073817372407,21.79270183443051,Unintentional
User_65,2025-11-15 00:44:48,0.578,0.7293,Walking,Zep,Speeding,2way,0.0,40,5G,-114,45.0,7.0,0.04,40.281274276708565,21.752566976380773,Unintentional
User_42,2025-11-15 02:57:31,0.508,0.5725,Running,Ligeris,Driving_Under_Influence,2way,2.0,50,3G,Ethernet,78.0,16.0,0.029,40.30619622703395,21.80736630495439,Unintentional
User_97,2025-11-15 03:16:25,0.296,0.9929,Driving,Ligeris,Speeding,2way,0.0,40,5G,-87,64.0,-20.0,0.0047502418128803,40.305196989341766,21.806745543879053,Unintentional
User_91,2025-11-15 03:57:50,0.409,0.7052,Running,Zep,Speeding,4way,150.0,20,WiFi,-71,49.0,-19.0,0.0087859078511996,40.27896638334897,21.75430360032186,Unintentional
User_16,2025-11-15 08:30:53,0.438,0.7619,Walking,Zep,Speeding,1way,1.0,20,WiFi,Ethernet,86.0,25.0,0.0066407210103255,40.30622692377462,21.753749675577293,Unintentional
User_39,2025-11-15 14:16:34,0.685,0.8988,Walking,Koila,Reckless_Driving,4way,1.0,50,WiFi,-65,23.0,-15.0,0.049,40.32295560690064,21.789538070119807,Unintentional
User_38,2025-11-15 14:59:01,0.448,0.8032,Walking,Ligeris,Speeding,2way,160.0,50,3G,-83,15.0,4.0,0.031,40.305774130824425,21.806324103720456,Unintentional
User_54,2025-11-15 18:37:34,0.508,0.7841,Walking,Ligeris,Driving_Under_Influence,2way,1.0,Illegal_Parking,3G,-95,94.0,24.0,0.0057271729697465,40.30622692377462,21.791258825989416,Unintentional
User_65,2025-11-15 22:09:27,0.578,0.7303,Driving,Ligeris,Reckless_Driving,2way,150.0,40,WiFi,-82,7.0,-12.0,0.033,40.30590503351403,21.791258825989416,Unintentional
User_82,2025-11-16 02:13:53,0.499,0.9964,Walking,Zep,Driving_Under_Influence,2way,0.0,40,3G,-73,88.0,3.0,0.042,40.27999401131593,21.752260410680137,Unintentional
User_88,2025-11-16 06:13:41,0.676,0.671,Driving,Koila,Speeding,1way,1.0,40,3G,-114,65.0,18.0,0.0087537726043879,40.3224369230562,21.790555436049363,Unintentional
User_65,2025-11-16 09:06:09,0.578,0.7323,Walking,Ligeris,Driving_Under_Influence,4way,1.0,70,3G,Ethernet,34.0,-19.0,0.0072235932551051,40.32259680068432,21.791258825989416,Unintentional
User_32,2025-11-16 10:04:05,0.694,0.9408,Driving,Zep,Driving_Under_Influence,1way,0.0,40,4G,-88,9.0,0.0,0.038,40.27953556113175,21.75311992058462,Unintentional
User_36,2025-11-16 11:52:34,0.394,0.9739,Running,Koila,Speeding,2way,1.0,50,5G,-70,4.0,9.0,0.028,40.30622692377462,21.79272753351452,Unintentional
User_55,2025-11-16 12:06:38,0.489,0.7128,Driving,Koila,8,2way,0.0,40,3G,-99,76.0,18.0,0.003020631157743,40.32358352477693,21.79126694081498,Unintentional
User_02,2025-11-16 12:08:32,0.504,0.8238,Driving,Ligeris,Speeding,2way,1.0,40,4G,-108,48.0,13.0,0.036,40.30627219196997,21.80748040324763,Unintentional
User_75,2025-11-16 13:28:32,0.544,0.9814,Walking,Ligeris,Reckless_Driving,2way,1.0,70,3G,-102,37.0,22.0,0.0099290180780917,40.30624984493489,21.80884119379487,Unintentional
User_06,2025-11-16 15:00:24,0.614,1.0,Running,Ligeris,Reckless_Driving,1way,0.0,10,3G,-91,49.0,17.0,0.0057271729697465,40.30789102426231,21.806676953486896,Unintentional
User_94,2025-11-16 17:11:46,0.648,0.5725,Walking,Koila,Speeding,4way,0.0,40,WiFi,-90,36.0,-10.0,0.04,40.32237728752172,21.79122626865494,Unintentional
User_74,2025-11-16 17:22:36,0.6,0.6465,Walking,Zep,Speeding,1way,1.0,60,WiFi,-76,51.0,10.0,0.039,40.27901348771573,21.75371189907309,Unintentional
User_50,2025-11-16 17:23:17,0.477,0.9667,Driving,Ligeris,Driving_Under_Influence,2way,160.0,20,3G,-96,8.0,14.0,0.041,40.27969584511659,21.75318535937162,Unintentional
User_68,2025-11-16 19:37:27,0.736,0.9535,Walking,Ligeris,Reckless_Driving,2way,150.0,30,WiFi,-52,61.0,0.0,0.046,40.30685354090564,21.80769817738571,Unintentional
User_15,2025-11-16 19:52:12,0.508,0.6714,Walking,Koila,Speeding,1way,0.0,50,5G,-97,28.0,-19.0,0.0015484381685994,40.32075520969411,21.7907300919531,Unintentional
User_52,2025-11-16 21:22:33,0.399,0.9769,Running,Zep,Reckless_Driving,2way,1.0,60,5G,-103,59.0,-19.0,0.0053729167651431,40.280402388354254,21.752633381753864,Unintentional
User_27,2025-11-17 05:08:19,0.319,0.9526,Driving,Zep,Reckless_Driving,4way,1.0,80,3G,Ethernet,34.0,-22.0,0.0065070337830617,40.27936334905229,21.753340271065262,Unintentional
User_50,2025-11-17 05:33:44,0.477,0.9677,Running,Ligeris,Reckless_Driving,1way,2.0,40,5G,-94,48.0,25.0,0.009371379340337,40.30619708893956,21.807449631958946,Unintentional
User_44,2025-11-17 07:59:05,0.332,0.5725,Driving,Koila,Reckless_Driving,1way,2.0,20,WiFi,-59,4.0,24.0,0.0057271729697465,40.32154825840957,21.791043753500624,Unintentional
User_08,2025-11-17 09:58:23,0.508,1.0,Walking,Koila,Speeding,2way,140.0,70,WiFi,-70,71.0,-17.0,0.0010951077661295,40.32337056637487,21.790822595930255,Unintentional
User_06,2025-11-17 10:44:30,0.508,1.0,Driving,Zep,Driving_Under_Influence,2way,0.0,20,5G,-97,0.0,17.0,0.0057271729697465,40.27972119835896,21.755089929608005,Unintentional
User_42,2025-11-17 11:19:30,0.508,0.9052,Walking,Koila,Reckless_Driving,2way,150.0,40,WiFi,-78,13.0,3.0,0.035,40.32176910309986,21.792071688512536,Unintentional
User_66,2025-11-17 12:27:25,0.325,1.0,Running,Zep,Reckless_Driving,2way,0.0,40,4G,Ethernet,42.0,-20.0,0.005349306247819,40.278425460404165,21.754529447348972,Unintentional
User_99,2025-11-17 13:29:18,0.618,0.8483,Driving,Ligeris,Reckless_Driving,4way,150.0,50,WiFi,Ethernet,45.0,-22.0,0.0039697590304014,40.304951437313896,21.809055344454475,Unintentional
User_39,2025-11-17 13:41:14,0.685,0.9018,Walking,Ligeris,Driving_Under_Influence,2way,1.0,90,WiFi,-58,41.0,8.0,0.025,40.3048419374807,21.80669980688625,Unintentional
User_58,2025-11-17 15:49:16,0.669,0.774,Running,Ligeris,Reckless_Driving,2way,0.0,60,5G,-71,7.0,0.0,0.04,40.30622692377462,21.8062995663992,Unintentional
User_72,2025-11-17 17:01:52,0.697,0.7422,Walking,Koila,Reckless_Driving,4way,0.0,70,4G,-101,80.0,5.0,0.028,40.32363676349729,21.791627016950223,Unintentional
User_52,2025-11-17 18:22:06,0.399,0.9789,Driving,Ligeris,Speeding,4way,0.0,20,3G,-57,87.0,-3.0,0.047,40.279613686383115,21.754886221922796,Unintentional
User_67,2025-11-17 19:29:53,0.557,0.8236,Walking,Zep,Driving_Under_Influence,2way,1.0,20,3G,-115,56.0,21.0,0.0077468864085402,40.28046061626228,21.75413440280477,Unintentional
User_31,2025-11-17 21:57:55,0.72,0.8919,Running,Koila,Speeding,4way,1.0,70,5G,-103,70.0,-23.0,0.0039275261066806,40.32090135825861,21.78994368363757,Unintentional
User_89,2025-11-17 22:28:44,0.485,0.9483,Walking,Zep,6,2way,2.0,80,3G,-120,59.0,12.0,0.035,40.27983921002541,21.75296318313738,Unintentional
User_92,2025-11-17 22:55:08,0.611,1.0,Walking,Zep,Speeding,2way,0.0,50,WiFi,-67,83.0,-10.0,0.033,40.27796526175354,21.75235493988504,Unintentional
User_47,2025-11-17 23:31:07,0.636,0.7751,Running,Koila,Speeding,2way,1.0,30,5G,-114,30.0,16.0,0.032,40.32320694025916,21.790842655249016,Unintentional
User_81,2025-11-17 23:33:37,0.482,0.8894,Walking,Ligeris,Speeding,2way,1.0,30,5G,-116,68.0,0.0,0.039,40.30633794401999,21.791258825989416,Unintentional
User_56,2025-11-17 23:59:58,0.419,0.8176,Running,Koila,Speeding,1way,2.0,70,WiFi,-87,30.0,16.0,0.041,40.32234326969565,21.791258825989416,Unintentional
User_29,2025-11-18 01:14:34,0.309,0.8636,Running,Zep,Driving_Under_Influence,2way,0.0,30,3G,-103,87.0,7.0,0.024,40.27930203316182,21.754100128335324,Unintentional
User_58,2025-11-18 01:59:03,0.508,0.775,Running,Koila,Reckless_Driving,1way,1.0,Illegal_Parking,WiFi,-63,15.0,-22.0,0.0088031588684896,40.32312143951878,21.79219765803941,Unintentional
User_95,2025-11-18 02:20:55,0.508,0.7313,Walking,Ligeris,Speeding,1way,140.0,20,3G,-85,94.0,-6.0,0.021,40.30666598852031,21.807425071743445,Unintentional
User_64,2025-11-18 03:40:51,0.257,0.6556,Walking,Koila,Driving_Under_Influence,2way,1.0,30,4G,-93,23.0,19.0,0.0022123707600847,40.32260238738716,21.789380445899887,Unintentional
User_90,2025-11-18 05:29:35,0.522,0.7074,Driving,Ligeris,Reckless_Driving,2way,1.0,60,3G,-72,91.0,-24.0,0.0047564424340291,40.30569926784795,21.808343423972055,Unintentional
User_43,2025-11-18 05:31:28,0.255,0.9163,Driving,Ligeris,Speeding,4way,1.0,80,3G,-93,42.0,19.0,0.0096700526404571,40.30622692377462,21.80710159484144,Unintentional
User_56,2025-11-18 07:01:46,0.419,0.8186,Walking,Ligeris,Speeding,2way,0.0,30,3G,-87,13.0,-24.0,0.0076832315141795,40.278882128220594,21.791258825989416,Unintentional
User_31,2025-11-18 07:06:01,0.72,0.8929,Walking,Zep,Speeding,2way,2.0,80,3G,-102,85.0,13.0,0.025,40.27848201681076,21.751563902664792,Unintentional
User_72,2025-11-18 08:11:31,0.697,0.7432,Walking,Zep,Speeding,2way,1.0,40,WiFi,-53,48.0,-16.0,0.028,40.28028899411495,21.753751792132196,Unintentional
User_55,2025-11-18 08:27:09,0.489,0.5725,Walking,Zep,Speeding,2way,1.0,60,4G,-94,48.0,14.0,0.038,40.27932969246616,21.753882842863867,Unintentional
User_87,2025-11-18 08:37:41,0.374,0.7886,Walking,Ligeris,Reckless_Driving,2way,1.0,70,4G,-107,94.0,-16.0,0.024,40.3065110429968,21.808262866936246,Unintentional
User_86,2025-11-18 12:36:40,0.63,0.9103,Walking,Koila,Speeding,2way,4.0,40,3G,-113,100.0,13.0,0.047,40.30622692377462,21.789096943036405,Unintentional
User_86,2025-11-18 12:38:55,0.63,0.5725,Running,Koila,Reckless_Driving,2way,1.0,10,4G,-85,48.0,-18.0,0.0086786465478341,40.3220577341335,21.79149533592823,Unintentional
User_21,2025-11-18 13:50:32,0.64,1.0,Walking,Zep,Reckless_Driving,2way,0.0,20,4G,-116,27.0,-8.0,0.036,40.30622692377462,21.791258825989416,Unintentional
User_30,2025-11-18 15:21:55,0.577,0.9105,Walking,Zep,Reckless_Driving,1way,1.0,10,WiFi,-74,48.0,-6.0,0.026,40.27933465708387,21.75466467902083,Unintentional
User_16,2025-11-18 16:11:13,0.438,0.7689,Walking,Ligeris,Driving_Under_Influence,4way,2.0,Harassing_Driver,4G,-91,33.0,-3.0,0.048,40.322166364439205,21.792239504823257,Unintentional
User_93,2025-11-18 18:44:29,0.418,0.7461,Walking,Koila,Speeding,4way,2.0,Harassing_Driver,3G,-117,32.0,0.0,0.027,40.32217961271024,21.791258825989416,Unintentional
User_75,2025-11-18 19:36:06,0.544,0.9854,Walking,Zep,Reckless_Driving,4way,1.0,Lane_Discards,5G,Ethernet,5.0,-17.0,0.0018676153063001,40.27899946472704,21.791258825989416,Unintentional
User_44,2025-11-18 23:10:03,0.332,0.5725,Driving,Ligeris,9,2way,1.0,50,5G,-72,28.0,-8.0,0.04,40.30767192114146,21.806803258765058,Unintentional
User_48,2025-11-19 00:07:05,0.508,0.8643,Running,Koila,Reckless_Driving,2way,1.0,Lane_Discards,4G,Ethernet,88.0,-22.0,0.0035935526764065,40.32306629920696,21.78963811409827,Unintentional
User_81,2025-11-19 03:53:06,0.508,0.5725,Walking,Koila,8,4way,3.0,30,WiFi,-82,11.0,18.0,0.0065115512389802,40.321458837582185,21.791683378188967,Unintentional
User_10,2025-11-19 05:48:43,0.719,0.9643,Running,Ligeris,Speeding,2way,1.0,70,WiFi,Ethernet,22.0,0.0,0.04,40.30566439399379,21.809433568235875,Unintentional
User_25,2025-11-19 09:59:55,0.627,0.5725,Driving,Koila,Driving_Under_Influence,1way,0.0,50,4G,-115,23.0,24.0,0.0057271729697465,40.32189241180911,21.791175078401032,Unintentional
User_60,2025-11-19 10:10:24,0.602,0.9496,Running,Zep,Reckless_Driving,2way,150.0,20,5G,-104,48.0,8.0,0.038,40.278865437428706,21.75359099726996,Unintentional
User_08,2025-11-19 10:23:58,0.325,1.0,Running,Koila,9,1way,0.0,50,WiFi,-59,14.0,19.0,0.0036219130067457,40.32109827031017,21.791258825989416,Unintentional
User_35,2025-11-19 16:24:48,0.379,0.8516,Walking,Ligeris,Speeding,4way,1.0,90,5G,Ethernet,97.0,3.0,0.033,40.307211261044024,21.80676110349752,Unintentional
User_52,2025-11-19 16:27:22,0.399,0.5725,Walking,Koila,Driving_Under_Influence,1way,1.0,Lane_Discards,3G,-73,97.0,-23.0,0.0075447770764262,40.3219155616849,21.78918458289253,Unintentional
User_17,2025-11-19 19:31:23,0.383,0.6702,Running,Ligeris,Driving_Under_Influence,2way,1.0,Harassing_Driver,WiFi,-69,93.0,7.0,0.025,40.30729171760792,21.80849671790432,Unintentional
User_63,2025-11-19 20:06:50,0.408,0.8654,Walking,Ligeris,Speeding,2way,1.0,40,3G,-72,16.0,0.0,0.037,40.30785997997404,21.807970890482764,Unintentional
User_58,2025-11-19 20:49:36,0.669,0.778,Driving,Ligeris,Speeding,2way,1.0,10,5G,-117,48.0,-11.0,0.024,40.30541587373945,21.791258825989416,Unintentional
User_30,2025-11-19 22:21:45,0.577,0.9125,Walking,Zep,7,2way,0.0,10,3G,-78,37.0,0.0,0.034,40.28006266803047,21.754341815612012,Unintentional
User_35,2025-11-20 00:26:35,0.379,0.8526,Walking,Ligeris,Speeding,4way,160.0,30,WiFi,-66,29.0,13.0,0.045,40.27955972593523,21.753168050904343,Unintentional
User_52,2025-11-20 01:11:24,0.399,0.9839,Running,Koila,Reckless_Driving,2way,1.0,50,WiFi,-52,41.0,-9.0,0.036,40.32299624690142,21.791258825989416,Unintentional
User_76,2025-11-20 01:36:19,0.508,0.5725,Driving,Zep,Driving_Under_Influence,4way,0.0,40,WiFi,-79,77.0,-23.0,0.0057271729697465,40.30622692377462,21.75266608575928,Unintentional
User_03,2025-11-20 06:19:24,0.508,0.8395,Running,Zep,Speeding,4way,0.0,30,3G,-100,82.0,-17.0,0.0022932310128031,40.27924378210421,21.753114183987332,Unintentional
User_30,2025-11-20 07:10:23,0.577,0.9145,Walking,Ligeris,Speeding,1way,0.0,20,3G,-96,17.0,-22.0,0.0071455376029496,40.30450232209615,21.807564096938,Unintentional
User_49,2025-11-20 07:16:22,0.483,0.753,Walking,Ligeris,Speeding,2way,0.0,50,5G,-75,17.0,-3.0,0.028,40.27968082338702,21.752024913106172,Unintentional
User_82,2025-11-20 07:30:59,0.499,1.0,Walking,Ligeris,Reckless_Driving,2way,1.0,30,4G,-75,79.0,14.0,0.033,40.32188821204124,21.789130364617105,Unintentional
User_20,2025-11-20 10:26:36,0.686,0.9754,Walking,Zep,Speeding,1way,1.0,70,5G,-80,57.0,0.0,0.035,40.27788752759786,21.752896474490996,Unintentional
User_39,2025-11-20 12:51:26,0.685,0.5725,Walking,Koila,Driving_Under_Influence,2way,4.0,Illegal_Parking,4G,-81,40.0,-18.0,0.0033733839343379,40.32279109536084,21.789703585652248,Unintentional
User_87,2025-11-20 14:59:42,0.374,0.7936,Walking,Zep,Speeding,2way,5.0,40,4G,-104,30.0,-24.0,0.0088320207048758,40.28077290484551,21.753796722921273,Unintentional
User_84,2025-11-20 15:45:48,0.508,0.8246,Running,Ligeris,Reckless_Driving,2way,4.0,130,WiFi,Ethernet,39.0,18.0,0.001696078383812,40.30613148357622,21.809693940432343,Unintentional
User_43,2025-11-20 17:52:32,0.255,0.9213,Walking,Ligeris,Driving_Under_Influence,4way,0.0,Illegal_Parking,5G,-94,12.0,6.0,0.033,40.30624915033037,21.791258825989416,Unintentional
User_14,2025-11-20 18:29:11,0.549,0.6637,Walking,Ligeris,Reckless_Driving,2way,0.0,70,3G,-50,48.0,25.0,0.0064318054919499,40.30588158011302,21.80939611191563,Unintentional
User_34,2025-11-20 20:12:37,0.508,0.8296,Walking,Koila,Reckless_Driving,2way,160.0,90,3G,-61,49.0,-16.0,0.05,40.32324441613199,21.793047909229134,Unintentional
User_100,2025-11-20 21:13:32,0.592,0.5725,Driving,Koila,Speeding,1way,2.0,40,3G,-116,32.0,-19.0,0.0057271729697465,40.3221802370343,21.791258825989416,Unintentional
User_99,2025-11-20 23:24:24,0.618,0.8543,Driving,Koila,Driving_Under_Influence,4way,0.0,40,3G,-74,41.0,17.0,0.0048772356731152,40.322311729503646,21.791139639483532,Unintentional
User_06,2025-11-21 02:23:20,0.614,1.0,Walking,Zep,Driving_Under_Influence,2way,3.0,60,3G,-77,56.0,8.0,0.041,40.27984068969421,21.753274437865976,Unintentional
User_73,2025-11-21 05:12:05,0.676,1.0,Driving,Zep,Reckless_Driving,2way,1.0,40,5G,-78,37.0,0.0,0.032,40.28124722862053,21.75281897773515,Unintentional
User_52,2025-11-21 12:30:54,0.399,0.9859,Running,Ligeris,Reckless_Driving,2way,5.0,Lane_Discards,3G,Ethernet,15.0,0.0,0.024,40.30625586368864,21.808633429776812,Unintentional
User_21,2025-11-21 13:03:20,0.64,1.0,Running,Zep,Speeding,1way,0.0,30,WiFi,Ethernet,87.0,22.0,0.0035982008795099,40.280897627769946,21.753348189779945,Unintentional
User_72,2025-11-21 13:42:29,0.697,0.5725,Running,Ligeris,Reckless_Driving,1way,0.0,40,3G,-78,48.0,7.0,0.021,40.30622692377462,21.806696379914975,Unintentional
User_31,2025-11-21 14:02:02,0.72,0.5725,Driving,Ligeris,Reckless_Driving,2way,1.0,20,4G,-97,97.0,0.0,0.036,40.30760618131407,21.808492073890474,Unintentional
User_15,2025-11-21 14:24:57,0.585,0.6814,Walking,Koila,6,1way,1.0,50,4G,-81,72.0,-25.0,0.0099272234348782,40.32198228754034,21.79331084865708,Unintentional
User_61,2025-11-21 14:25:40,0.261,0.7475,Walking,Zep,Speeding,2way,1.0,40,5G,Ethernet,17.0,-19.0,0.0013123293256471,40.279631355235786,21.753637779845857,Unintentional
User_07,2025-11-21 15:24:08,0.508,0.904,Walking,Koila,Reckless_Driving,4way,160.0,30,4G,-70,94.0,23.0,0.0070894901917653,40.322545532578985,21.793178562148555,Unintentional
User_20,2025-11-21 15:38:57,0.686,0.5725,Walking,Koila,Speeding,4way,1.0,70,3G,-72,94.0,-15.0,0.039,40.30622692377462,21.789505663517037,Unintentional
User_03,2025-11-21 19:04:12,0.508,0.8415,Walking,Koila,Speeding,2way,0.0,40,4G,-113,67.0,17.0,0.0063569093457176,40.32235221947224,21.79125068450363,Unintentional
User_05,2025-11-21 20:20:53,0.311,0.5725,Walking,Koila,Driving_Under_Influence,2way,2.0,30,5G,-104,48.0,10.0,0.031,40.322844901529415,21.79179048502387,Unintentional
User_81,2025-11-21 20:37:21,0.482,0.8974,Driving,Koila,Speeding,2way,3.0,30,5G,-91,0.0,22.0,0.0091793032851106,40.32152082362302,21.792330855349764,Unintentional
User_88,2025-11-21 21:24:05,0.676,0.682,Driving,Ligeris,Speeding,4way,5.0,70,4G,-90,19.0,-6.0,0.026,40.305573748296005,21.80643076487076,Unintentional
User_26,2025-11-21 23:30:21,0.642,0.8062,Driving,Zep,Driving_Under_Influence,1way,0.0,40,5G,-103,19.0,19.0,0.0071561812369388,40.278202348723745,21.75305033449031,Unintentional
User_23,2025-11-21 23:58:06,0.669,1.0,Running,Ligeris,Reckless_Driving,2way,1.0,40,WiFi,-77,53.0,-4.0,0.033,40.30622692377462,21.808121072960496,Unintentional
User_46,2025-11-22 05:53:03,0.621,0.8389,Walking,Koila,Driving_Under_Influence,1way,1.0,20,3G,-114,43.0,-24.0,0.0038553002748782,40.30622692377462,21.792018183977667,Unintentional
User_54,2025-11-22 09:12:27,0.508,0.7971,Walking,Zep,Reckless_Driving,1way,1.0,20,3G,-79,81.0,20.0,0.0025050402590396,40.27994829383521,21.753058682460352,Unintentional
User_42,2025-11-22 10:16:25,0.577,0.9152,Running,Ligeris,Speeding,2way,0.0,40,5G,Ethernet,24.0,-4.0,0.034,40.30731304465873,21.8090896750245,Unintentional
User_99,2025-11-22 12:44:16,0.618,0.8573,Running,Zep,Reckless_Driving,2way,1.0,40,4G,-73,6.0,18.0,0.0015030461010238,40.30622692377462,21.752352276193587,Unintentional
User_86,2025-11-22 14:10:36,0.63,0.9193,Running,Koila,Driving_Under_Influence,2way,2.0,50,3G,-107,63.0,-2.0,0.048,40.321254090494016,21.791258825989416,Unintentional
User_16,2025-11-22 14:37:49,0.438,0.7759,Running,Zep,Driving_Under_Influence,2way,0.0,40,3G,-91,44.0,0.0,0.026,40.27985949725789,21.752431466440676,Unintentional
User_17,2025-11-22 15:10:57,0.383,0.6762,Driving,Koila,Driving_Under_Influence,2way,1.0,60,4G,-94,31.0,-20.0,0.0083101663803799,40.32333594203882,21.791786114369007,Unintentional
User_19,2025-11-22 15:18:59,0.384,0.9903,Running,Ligeris,9,4way,1.0,20,3G,-82,55.0,14.0,0.039,40.320790796522125,21.791262120450455,Unintentional
User_10,2025-11-22 20:45:53,0.719,0.9713,Walking,Zep,Speeding,1way,0.0,20,5G,-112,48.0,24.0,0.0019543114851351,40.27996948568635,21.791258825989416,Unintentional
User_84,2025-11-22 22:58:48,0.689,0.8286,Driving,Ligeris,Speeding,2way,1.0,70,4G,Ethernet,48.0,-24.0,0.0056711204192712,40.305409309301034,21.806985463404384,Unintentional
User_36,2025-11-23 00:23:22,0.394,0.9889,Driving,Zep,Speeding,2way,140.0,30,3G,-99,13.0,6.0,0.032,40.30622692377462,21.753095034629464,Unintentional
User_27,2025-11-23 01:57:06,0.319,0.9646,Running,Ligeris,Reckless_Driving,2way,0.0,30,4G,Ethernet,29.0,-24.0,0.001507968352746,40.280141736012055,21.751848824679172,Unintentional
User_12,2025-11-23 04:14:55,0.251,0.6737,Walking,Zep,Speeding,4way,0.0,40,3G,-78,60.0,1.0,0.034,40.2783292199272,21.75254631758195,Unintentional
User_02,2025-11-23 08:07:25,0.504,0.8378,Walking,Ligeris,Speeding,2way,1.0,40,3G,-80,80.0,-20.0,0.0057271729697465,40.305578791818085,21.807133371591615,Unintentional
User_53,2025-11-23 08:28:39,0.364,1.0,Walking,Koila,Speeding,1way,0.0,30,5G,Ethernet,30.0,17.0,0.0013002477386325,40.30622692377462,21.79181664131235,Unintentional
User_93,2025-11-23 09:04:50,0.418,0.7561,Walking,Zep,Driving_Under_Influence,4way,1.0,40,WiFi,-73,96.0,-12.0,0.031,40.281193972393005,21.752689330234652,Unintentional
User_61,2025-11-23 10:26:33,0.508,0.7515,Walking,Ligeris,Speeding,1way,140.0,10,5G,-117,48.0,-18.0,0.0073353554351505,40.30523293977295,21.791258825989416,Unintentional
User_01,2025-11-23 11:10:03,0.618,0.5725,Running,Koila,Speeding,1way,1.0,20,3G,-107,24.0,17.0,0.0091755770846054,40.32089657835906,21.790438234161005,Unintentional
User_24,2025-11-23 12:55:49,0.7,0.877,Driving,Zep,Driving_Under_Influence,2way,4.0,80,4G,-79,44.0,23.0,0.0034094343593521,40.27904391685482,21.752659540870752,Unintentional
User_73,2025-11-23 15:17:05,0.676,1.0,Running,Koila,Reckless_Driving,1way,1.0,30,5G,-92,73.0,13.0,0.036,40.321011471075984,21.79155059246852,Unintentional
User_08,2025-11-23 15:30:36,0.325,1.0,Driving,Ligeris,Speeding,2way,2.0,Harassing_Driver,WiFi,-58,71.0,25.0,0.0024126109842028,40.280161305398615,21.754187527611226,Unintentional
User_49,2025-11-23 17:51:55,0.483,0.76,Walking,Koila,Reckless_Driving,2way,0.0,70,3G,-115,74.0,2.0,0.047,40.30622692377462,21.79335976311216,Unintentional
User_08,2025-11-23 18:46:02,0.325,0.5725,Driving,Zep,Driving_Under_Influence,1way,1.0,20,WiFi,-56,6.0,21.0,0.001771182335728,40.27969895460562,21.75303525598976,Unintentional
User_70,2025-11-23 18:56:57,0.508,0.9882,Walking,Ligeris,Driving_Under_Influence,4way,1.0,10,WiFi,-88,0.0,-2.0,0.041,40.30622692377462,21.807360452388984,Unintentional
User_71,2025-11-23 23:22:49,0.431,0.938,Driving,Ligeris,Reckless_Driving,2way,1.0,50,3G,-110,85.0,-24.0,0.0057271729697465,40.30769846266165,21.808095177421755,Unintentional
User_89,2025-11-24 00:02:51,0.485,0.9613,Driving,Ligeris,6,2way,2.0,70,WiFi,-84,95.0,24.0,0.0055292941902515,40.30615962029907,21.80913022167652,Unintentional
User_06,2025-11-24 02:22:30,0.614,1.0,Walking,Zep,Reckless_Driving,2way,0.0,40,3G,Ethernet,48.0,11.0,0.022,40.27958327225164,21.791258825989416,Unintentional
User_35,2025-11-24 06:09:40,0.508,0.8616,Walking,Ligeris,Speeding,1way,3.0,90,5G,-74,86.0,11.0,0.048,40.30622692377462,21.80763503412699,Unintentional
User_52,2025-11-24 07:28:06,0.399,0.5725,Running,Zep,8,1way,0.0,90,WiFi,-82,83.0,-14.0,0.045,40.27944311141229,21.75407859113944,Unintentional
User_15,2025-11-24 12:17:19,0.585,0.6864,Walking,Ligeris,Speeding,2way,160.0,30,3G,-73,61.0,-2.0,0.05,40.306755716254656,21.80682862740387,Unintentional
User_34,2025-11-24 12:33:32,0.508,0.8376,Driving,Koila,Reckless_Driving,2way,0.0,80,4G,-87,52.0,-5.0,0.038,40.321522785423454,21.79204719459214,Unintentional
User_51,2025-11-24 22:59:53,0.708,1.0,Walking,Ligeris,Speeding,2way,1.0,30,3G,-114,9.0,18.0,0.0023942800854233,40.30510664945354,21.791258825989416,Unintentional
User_37,2025-11-24 23:54:49,0.528,0.9919,Walking,Zep,Speeding,4way,160.0,10,3G,-74,23.0,-17.0,0.0048232273210599,40.27874103562065,21.754471070868007,Unintentional
User_70,2025-11-24 23:58:52,0.359,0.9902,Running,Ligeris,Reckless_Driving,1way,1.0,Harassing_Driver,5G,-89,32.0,24.0,0.0057271729697465,40.306399947623696,21.808276149961756,Unintentional
User_37,2025-11-25 01:20:09,0.528,0.9929,Walking,Koila,Speeding,2way,1.0,30,3G,-82,48.0,-24.0,0.0058942519621427,40.32180551867145,21.793251132616497,Unintentional
User_75,2025-11-25 04:17:36,0.544,0.9984,Running,Zep,Reckless_Driving,2way,1.0,30,3G,-73,87.0,-1.0,0.024,40.279565737563175,21.75313116203467,Unintentional
User_60,2025-11-25 04:55:44,0.602,0.9606,Running,Ligeris,Speeding,1way,0.0,30,3G,-70,48.0,7.0,0.031,40.30622692377462,21.80652831691548,Unintentional
User_65,2025-11-25 05:16:52,0.578,0.7493,Driving,Ligeris,8,2way,1.0,70,5G,-104,61.0,-21.0,0.0068947875606539,40.30619358601377,21.791258825989416,Unintentional
User_52,2025-11-25 07:57:35,0.508,0.9939,Walking,Koila,Speeding,1way,0.0,60,3G,-72,49.0,3.0,0.027,40.32169949822607,21.79153269119317,Unintentional
User_88,2025-11-25 09:26:28,0.676,0.689,Walking,Ligeris,Driving_Under_Influence,2way,0.0,70,5G,Ethernet,80.0,0.0,0.03,40.304878652113125,21.808980485421813,Unintentional
User_86,2025-11-25 09:28:01,0.63,0.9253,Walking,Ligeris,Reckless_Driving,1way,1.0,70,5G,-86,60.0,-23.0,0.0078079543293196,40.30559836792053,21.806232798922967,Unintentional
User_28,2025-11-25 15:13:58,0.561,0.7595,Running,Ligeris,Speeding,2way,1.0,40,3G,-106,12.0,0.0,0.047,40.30464815178684,21.808460775414375,Unintentional
User_23,2025-11-25 15:43:28,0.508,1.0,Walking,Ligeris,Driving_Under_Influence,2way,1.0,30,3G,-85,28.0,18.0,0.002593592623675,40.3065814491659,21.80837679602906,Unintentional
User_46,2025-11-25 16:00:29,0.621,0.8449,Driving,Ligeris,Driving_Under_Influence,2way,0.0,40,4G,-109,1.0,-19.0,0.0041337156757151,40.306433939094944,21.807735008516868,Unintentional
User_22,2025-11-25 17:40:57,0.712,0.6973,Walking,Ligeris,7,2way,0.0,70,3G,-73,48.0,23.0,0.0031994981253399,40.305409470040715,21.807672563364928,Unintentional
User_95,2025-11-25 18:24:49,0.508,0.7463,Walking,Ligeris,Speeding,1way,0.0,40,3G,-75,38.0,21.0,0.0042260395877698,40.3061877183895,21.807323182413853,Unintentional
User_02,2025-11-25 19:34:45,0.504,0.8428,Driving,Ligeris,Driving_Under_Influence,2way,1.0,50,3G,-87,48.0,2.0,0.04,40.3063225890842,21.807812792795247,Unintentional
User_33,2025-11-25 19:41:18,0.486,0.7976,Walking,Zep,Speeding,4way,0.0,50,5G,-84,0.0,-1.0,0.032,40.27888829103335,21.75344784515136,Unintentional
User_73,2025-11-25 21:29:06,0.676,1.0,Running,Ligeris,Speeding,2way,0.0,10,WiFi,-61,16.0,11.0,0.024,40.32286026783004,21.79285542427361,Unintentional
User_01,2025-11-25 21:31:56,0.618,0.9745,Driving,Koila,Driving_Under_Influence,1way,1.0,80,4G,Ethernet,5.0,22.0,0.0061248642701333,40.32149061593242,21.78937047740223,Unintentional
User_10,2025-11-25 21:42:27,0.719,0.9773,Walking,Zep,Speeding,2way,0.0,40,5G,Ethernet,48.0,-9.0,0.022,40.27913523689419,21.791258825989416,Unintentional
User_48,2025-11-25 22:51:29,0.611,0.8773,Driving,Ligeris,Driving_Under_Influence,2way,0.0,40,WiFi,-55,28.0,20.0,0.0051996405994702,40.32330838080842,21.792966158360574,Unintentional
User_88,2025-11-26 01:19:59,0.676,0.691,Driving,Zep,Reckless_Driving,4way,0.0,30,5G,-112,58.0,16.0,0.023,40.27998626701408,21.791258825989416,Unintentional
User_16,2025-11-26 02:55:49,0.438,0.5725,Walking,Zep,Speeding,2way,140.0,90,3G,-86,98.0,-15.0,0.041,40.30622692377462,21.753889797550116,Unintentional
User_73,2025-11-26 03:33:09,0.676,0.5725,Running,Koila,8,1way,1.0,50,WiFi,Ethernet,96.0,-22.0,0.0026423082917083,40.320837370061746,21.792260197119425,Unintentional
User_48,2025-11-26 04:51:45,0.611,0.8783,Driving,Ligeris,Reckless_Driving,1way,0.0,80,4G,-118,48.0,-7.0,0.048,40.305274903758,21.808809686110283,Unintentional
User_63,2025-11-26 08:35:01,0.408,0.8784,Running,Zep,Speeding,2way,0.0,40,WiFi,Ethernet,54.0,-2.0,0.022,40.27796277675873,21.752969116990997,Unintentional
User_67,2025-11-26 10:39:14,0.557,0.8406,Walking,Ligeris,Reckless_Driving,2way,0.0,90,WiFi,-54,75.0,-17.0,0.0052085777562883,40.30673343379363,21.807445572219933,Unintentional
User_02,2025-11-26 11:53:44,0.504,0.5725,Running,Ligeris,Speeding,2way,0.0,90,4G,-113,52.0,23.0,0.0057271729697465,40.30597878469212,21.807467022940877,Unintentional
User_87,2025-11-26 14:20:17,0.374,0.8046,Running,Ligeris,Reckless_Driving,2way,1.0,20,5G,-98,76.0,25.0,0.0057271729697465,40.305361094086415,21.80740070171007,Unintentional
User_67,2025-11-26 14:54:10,0.557,0.8416,Walking,Ligeris,Reckless_Driving,2way,1.0,70,3G,-118,75.0,2.0,0.027,40.3050800956095,21.806005460769324,Unintentional
User_65,2025-11-26 19:48:54,0.578,0.7523,Driving,Ligeris,Driving_Under_Influence,1way,3.0,40,3G,Ethernet,48.0,-10.0,0.035,40.30630018877409,21.80936518555235,Unintentional
User_34,2025-11-26 21:05:36,0.401,0.8416,Walking,Zep,7,1way,1.0,50,3G,-113,9.0,-4.0,0.042,40.27959423129931,21.751404303866536,Unintentional
User_53,2025-11-26 22:50:08,0.508,1.0,Walking,Koila,Reckless_Driving,1way,0.0,90,WiFi,-67,40.0,-5.0,0.047,40.32180336956212,21.789823075179115,Unintentional
User_71,2025-11-26 23:56:26,0.431,0.944,Running,Koila,Reckless_Driving,2way,1.0,70,4G,-83,98.0,-22.0,0.0078904217724842,40.321869300873765,21.793010878091867,Unintentional
User_12,2025-11-27 00:01:29,0.251,0.6817,Walking,Zep,9,2way,1.0,60,5G,-79,89.0,18.0,0.003957848728007,40.27898418755215,21.791258825989416,Unintentional
User_70,2025-11-27 11:49:45,0.359,0.9952,Driving,Zep,Speeding,1way,0.0,40,4G,-120,50.0,11.0,0.038,40.27968381845122,21.751784380270603,Unintentional
User_16,2025-11-27 15:03:42,0.438,0.7869,Walking,Zep,Reckless_Driving,1way,150.0,50,4G,-87,47.0,19.0,0.0055773351622949,40.27902178664469,21.753472749201812,Unintentional
User_68,2025-11-27 17:45:32,0.736,0.5725,Walking,Ligeris,Driving_Under_Influence,4way,0.0,30,3G,-71,41.0,25.0,0.0057271729697465,40.305334300749145,21.805473856100313,Unintentional
User_87,2025-11-27 23:41:44,0.508,0.8076,Running,Ligeris,Speeding,2way,3.0,40,3G,-78,64.0,-24.0,0.0092594200978746,40.27873743333602,21.7518110320666,Unintentional
User_87,2025-11-28 01:02:02,0.374,0.8086,Running,Zep,Speeding,2way,3.0,20,WiFi,Ethernet,100.0,0.0,0.041,40.28074217835407,21.754561943733258,Unintentional
User_38,2025-11-28 03:48:36,0.448,0.8292,Walking,Zep,Speeding,1way,0.0,20,3G,-109,21.0,-13.0,0.032,40.279597714763185,21.753291226723487,Unintentional
User_32,2025-11-28 04:02:22,0.508,0.9638,Driving,Ligeris,Driving_Under_Influence,1way,3.0,40,3G,-119,47.0,-22.0,0.0096072073117766,40.3058482382073,21.809176988571473,Unintentional
User_29,2025-11-28 04:13:46,0.309,0.8836,Running,Ligeris,Driving_Under_Influence,2way,1.0,60,3G,-71,8.0,-19.0,0.0012910079482423,40.30573533700642,21.791258825989416,Unintentional
User_07,2025-11-28 06:03:54,0.319,0.917,Driving,Koila,Driving_Under_Influence,4way,1.0,30,WiFi,Ethernet,10.0,23.0,0.0089079264265891,40.32249998930451,21.791589454480736,Unintentional
User_34,2025-11-28 06:51:25,0.401,0.8446,Running,Koila,6,2way,2.0,50,5G,-84,37.0,14.0,0.037,40.30622692377462,21.79077160317504,Unintentional
User_28,2025-11-28 07:24:01,0.561,0.7655,Driving,Ligeris,Reckless_Driving,2way,1.0,60,3G,-112,41.0,10.0,0.041,40.30622692377462,21.807526944415383,Unintentional
User_43,2025-11-28 13:02:15,0.255,0.9373,Running,Ligeris,7,2way,1.0,10,WiFi,-77,40.0,-17.0,0.0055104647357771,40.30679925084351,21.80667093697484,Unintentional
User_35,2025-11-28 18:27:21,0.379,0.8696,Walking,Ligeris,Reckless_Driving,1way,1.0,Lane_Discards,4G,Ethernet,100.0,25.0,0.0077434271987497,40.30681292657856,21.80724802896378,Unintentional
User_62,2025-11-28 19:20:59,0.346,0.9153,Walking,Koila,Reckless_Driving,2way,3.0,20,3G,-117,21.0,25.0,0.0012623731342463,40.32118935023239,21.790257782298692,Unintentional
User_58,2025-11-28 22:56:44,0.669,0.796,Driving,Koila,Driving_Under_Influence,2way,0.0,40,5G,-71,88.0,-3.0,0.043,40.32210555883897,21.79125980806221,Unintentional
User_71,2025-11-29 02:02:40,0.431,0.949,Running,Zep,Speeding,2way,0.0,60,3G,Ethernet,7.0,11.0,0.038,40.27928453233811,21.752183990989018,Unintentional
User_26,2025-11-29 08:19:28,0.642,0.8212,Walking,Ligeris,Speeding,4way,1.0,60,4G,-84,48.0,21.0,0.0022261742560683,40.30622692377462,21.806411588456847,Unintentional
User_06,2025-11-29 10:31:24,0.614,1.0,Driving,Koila,Reckless_Driving,2way,0.0,90,5G,Ethernet,48.0,22.0,0.0039765129561355,40.32111813315902,21.791258825989416,Unintentional
User_25,2025-11-29 11:49:28,0.627,0.5725,Running,Zep,Driving_Under_Influence,2way,0.0,10,WiFi,-87,17.0,-19.0,0.0074830118745228,40.279184779392615,21.753666274998448,Unintentional
User_14,2025-11-29 17:34:49,0.508,0.6817,Driving,Ligeris,Driving_Under_Influence,1way,0.0,70,WiFi,-59,12.0,-7.0,0.027,40.30631015477174,21.807406702170603,Unintentional
User_91,2025-11-29 18:20:31,0.409,0.7342,Driving,Ligeris,Driving_Under_Influence,2way,1.0,80,3G,-107,46.0,23.0,0.0084435960733849,40.307480626155346,21.809031472102625,Unintentional
User_42,2025-11-29 18:33:16,0.508,0.9292,Walking,Ligeris,Reckless_Driving,2way,1.0,40,5G,-95,82.0,23.0,0.0057016474139838,40.30651069494588,21.791258825989416,Unintentional
User_04,2025-11-29 20:26:32,0.295,0.7269,Driving,Zep,Speeding,4way,1.0,70,3G,-106,84.0,-6.0,0.03,40.279011181961145,21.753709060761093,Unintentional
User_52,2025-11-29 22:25:10,0.399,1.0,Driving,Ligeris,Speeding,4way,140.0,30,4G,-114,18.0,-21.0,0.0090706739562142,40.30486595642666,21.806310117701628,Unintentional
User_65,2025-11-30 02:23:08,0.578,0.7593,Walking,Ligeris,Driving_Under_Influence,1way,1.0,20,3G,-74,16.0,-15.0,0.026,40.30706752128495,21.8091768108906,Unintentional
User_98,2025-11-30 03:26:47,0.553,0.9109,Running,Zep,Reckless_Driving,2way,0.0,40,WiFi,-62,1.0,0.0,0.025,40.30622692377462,21.753736110414277,Unintentional
User_96,2025-11-30 03:38:15,0.722,0.6816,Walking,Zep,Speeding,2way,1.0,Lane_Discards,5G,-113,37.0,24.0,0.0057271729697465,40.27953152229913,21.75401851463528,Unintentional
User_84,2025-11-30 03:40:09,0.689,0.8436,Running,Ligeris,Driving_Under_Influence,2way,1.0,50,3G,-81,86.0,17.0,0.0086318195238436,40.30692620050078,21.807677726760293,Unintentional
User_72,2025-11-30 05:08:37,0.697,0.5725,Driving,Koila,Speeding,2way,2.0,30,3G,-74,16.0,-19.0,0.0050317723521233,40.322725425760154,21.79059389922304,Unintentional
User_29,2025-11-30 05:16:22,0.309,0.8876,Driving,Zep,Driving_Under_Influence,2way,150.0,40,4G,-103,8.0,5.0,0.032,40.30622692377462,21.752961265815564,Unintentional
User_45,2025-11-30 05:28:36,0.446,0.7245,Running,Zep,Reckless_Driving,2way,1.0,40,WiFi,-56,37.0,20.0,0.0026241858016476,40.27973406497911,21.752951601013123,Unintentional
User_08,2025-11-30 05:49:08,0.325,1.0,Driving,Ligeris,Reckless_Driving,2way,0.0,10,4G,-116,73.0,12.0,0.037,40.30615493627801,21.8074620349184,Unintentional
User_38,2025-11-30 08:35:12,0.448,0.8342,Running,Ligeris,Reckless_Driving,2way,1.0,40,3G,-82,99.0,-16.0,0.041,40.30572269641232,21.808054583052375,Unintentional
User_100,2025-11-30 10:09:08,0.592,0.8661,Driving,Koila,Reckless_Driving,2way,2.0,Lane_Discards,WiFi,-70,17.0,-10.0,0.041,40.32121081832461,21.791674662711717,Unintentional
User_83,2025-11-30 10:37:28,0.453,0.9565,Running,Zep,Speeding,1way,0.0,20,4G,-74,6.0,-20.0,0.0057271729697465,40.27913903614742,21.753108879193142,Unintentional
User_93,2025-11-30 11:24:24,0.418,0.7691,Running,Ligeris,Driving_Under_Influence,2way,4.0,80,3G,-71,55.0,0.0,0.028,40.30603191266142,21.807441606085497,Unintentional
User_55,2025-11-30 11:49:44,0.489,0.7408,Running,Ligeris,Reckless_Driving,1way,2.0,Illegal_Parking,5G,Ethernet,8.0,-3.0,0.047,40.30622692377462,21.807977092215815,Unintentional
User_09,2025-11-30 21:36:12,0.377,1.0,Running,Ligeris,Reckless_Driving,2way,1.0,10,5G,-80,74.0,23.0,0.0084085470355489,40.30622692377462,21.80611285365408,Unintentional
User_14,2025-11-30 23:04:13,0.549,0.6837,Walking,Ligeris,Driving_Under_Influence,2way,2.0,40,WiFi,Ethernet,80.0,0.0,0.043,40.30622692377462,21.80824232276004,Unintentional
User_23,2025-12-01 00:32:59,0.508,1.0,Driving,Zep,Reckless_Driving,2way,0.0,10,4G,-87,56.0,23.0,0.0057271729697465,40.27928593766322,21.75417744894725,Unintentional
User_77,2025-12-01 02:57:18,0.347,0.8086,Running,Zep,Speeding,1way,140.0,50,5G,Ethernet,25.0,10.0,0.039,40.27944773829384,21.751450319257955,Unintentional
User_69,2025-12-01 04:20:11,0.289,0.8186,Walking,Ligeris,Driving_Under_Influence,2way,1.0,60,3G,Ethernet,30.0,16.0,0.041,40.321908408023695,21.791158334651374,Unintentional
User_90,2025-12-01 05:09:24,0.522,0.7334,Walking,Zep,Speeding,4way,0.0,20,3G,-87,96.0,6.0,0.028,40.27797816097035,21.752256949903114,Unintentional
User_40,2025-12-01 07:55:08,0.498,0.9237,Driving,Zep,Speeding,4way,1.0,20,5G,-82,27.0,-24.0,0.0052691534536972,40.27967382705594,21.791258825989416,Unintentional
User_91,2025-12-01 13:15:36,0.409,0.5725,Running,Koila,Speeding,1way,0.0,40,5G,-90,49.0,-4.0,0.035,40.32283554350524,21.78966758926471,Unintentional
User_09,2025-12-01 13:18:10,0.377,1.0,Walking,Zep,Driving_Under_Influence,2way,0.0,Harassing_Driver,5G,Ethernet,48.0,24.0,0.0043062516642225,40.279140051740704,21.752106403119377,Unintentional
User_76,2025-12-01 14:00:39,0.349,1.0,Driving,Zep,Speeding,1way,1.0,50,3G,-108,40.0,2.0,0.029,40.280461249716765,21.754988305056077,Unintentional
User_65,2025-12-01 18:19:53,0.578,0.7623,Driving,Koila,Speeding,4way,1.0,20,5G,-113,97.0,-19.0,0.0091052089405068,40.32213093182024,21.789995409631068,Unintentional
User_04,2025-12-01 21:54:39,0.295,0.7309,Driving,Zep,Reckless_Driving,2way,1.0,80,3G,Ethernet,84.0,0.0,0.028,40.28005995296918,21.753848233122326,Unintentional
User_72,2025-12-01 22:12:52,0.697,0.7702,Walking,Ligeris,Driving_Under_Influence,4way,5.0,40,3G,-88,30.0,24.0,0.0074223899088508,40.306524730081485,21.806232711869978,Unintentional
User_91,2025-12-02 01:04:46,0.508,0.7392,Driving,Ligeris,Driving_Under_Influence,4way,1.0,50,4G,-120,35.0,-17.0,0.0079037034125613,40.30622692377462,21.791258825989416,Unintentional
User_99,2025-12-02 01:51:41,0.618,0.8773,Running,Zep,Speeding,2way,0.0,30,WiFi,-63,69.0,-23.0,0.0089463985862357,40.27822199580648,21.753835829513616,Unintentional
User_76,2025-12-02 02:13:57,0.349,1.0,Walking,Ligeris,Reckless_Driving,1way,0.0,50,5G,-99,85.0,-14.0,0.045,40.279322275766,21.75319488405009,Unintentional
User_21,2025-12-02 06:26:27,0.64,0.5725,Running,Zep,Driving_Under_Influence,1way,0.0,Lane_Discards,3G,-71,48.0,-15.0,0.024,40.279745004484525,21.751175761211055,Unintentional
User_29,2025-12-02 07:55:40,0.309,0.8926,Walking,Ligeris,Reckless_Driving,4way,2.0,10,WiFi,-62,60.0,-18.0,0.0044657411277369,40.3052629617415,21.791258825989416,Unintentional
User_36,2025-12-02 11:19:04,0.508,1.0,Driving,Koila,Reckless_Driving,4way,4.0,40,4G,-77,48.0,9.0,0.046,40.32236014853869,21.79063357133182,Unintentional
User_42,2025-12-02 15:09:38,0.577,0.9362,Walking,Koila,Driving_Under_Influence,1way,1.0,30,3G,-101,48.0,13.0,0.03,40.32219038882366,21.79075966657318,Unintentional
User_41,2025-12-02 16:22:25,0.251,0.9315,Walking,Ligeris,Reckless_Driving,4way,0.0,10,3G,-79,0.0,0.0,0.032,40.305872944913375,21.807298022659637,Unintentional
User_100,2025-12-02 18:55:40,0.592,0.8701,Driving,Ligeris,Speeding,1way,0.0,20,4G,Ethernet,48.0,6.0,0.026,40.32222123390963,21.79136690930655,Unintentional
User_57,2025-12-02 19:29:01,0.733,0.7884,Walking,Zep,Driving_Under_Influence,2way,4.0,40,3G,-99,78.0,12.0,0.023,40.30622692377462,21.755013882679904,Unintentional
User_94,2025-12-02 22:15:19,0.648,0.7348,Driving,Ligeris,Speeding,2way,1.0,50,5G,-76,32.0,23.0,0.0057271729697465,40.30657245469818,21.80616706220911,Unintentional
User_37,2025-12-02 22:18:12,0.528,1.0,Driving,Zep,Speeding,2way,0.0,40,5G,-99,78.0,-23.0,0.0057271729697465,40.28056447353126,21.753744528349657,Unintentional
User_17,2025-12-03 00:20:32,0.383,0.5725,Driving,Ligeris,Speeding,2way,1.0,70,5G,-96,76.0,-3.0,0.032,40.30581341906836,21.80756405286369,Unintentional
User_06,2025-12-03 12:45:11,0.614,1.0,Walking,Koila,Driving_Under_Influence,2way,0.0,20,4G,-75,33.0,-5.0,0.043,40.32280908274578,21.790958783655636,Unintentional
User_38,2025-12-03 13:54:23,0.448,0.8402,Walking,Ligeris,Reckless_Driving,2way,2.0,80,4G,-95,68.0,-25.0,0.0072983894439713,40.30568619050293,21.80827960296274,Unintentional
User_65,2025-12-03 16:50:23,0.578,0.7663,Walking,Ligeris,Speeding,4way,0.0,40,4G,-111,48.0,-2.0,0.033,40.32194743339786,21.789120997430967,Unintentional
User_07,2025-12-03 17:36:29,0.319,0.927,Running,Ligeris,Driving_Under_Influence,2way,1.0,60,4G,-92,47.0,12.0,0.033,40.30592599780045,21.808831875952208,Unintentional
User_51,2025-12-03 19:29:39,0.708,1.0,Driving,Ligeris,Driving_Under_Influence,4way,0.0,50,5G,-102,6.0,19.0,0.0022201965134263,40.30622692377462,21.809496432227046,Unintentional
User_57,2025-12-03 20:15:29,0.733,0.5725,Running,Ligeris,Reckless_Driving,4way,0.0,10,4G,-113,41.0,-13.0,0.041,40.27805381733811,21.75359571783267,Unintentional
User_32,2025-12-03 22:16:49,0.694,0.9748,Walking,Zep,Driving_Under_Influence,4way,0.0,20,WiFi,-65,46.0,-3.0,0.029,40.30622692377462,21.752364838192197,Unintentional
User_20,2025-12-03 23:49:59,0.686,0.5725,Driving,Koila,Speeding,4way,2.0,60,WiFi,-61,5.0,-21.0,0.0041492780026675,40.3218607134003,21.792508205059033,Unintentional
User_06,2025-12-04 02:21:56,0.614,1.0,Walking,Ligeris,Speeding,1way,1.0,80,3G,-104,68.0,-21.0,0.00504552173257,40.30663873214434,21.808955897741445,Unintentional
User_98,2025-12-04 03:52:39,0.508,0.5725,Driving,Zep,Driving_Under_Influence,4way,0.0,90,4G,-72,63.0,3.0,0.03,40.2791740654617,21.752246522593467,Unintentional
User_77,2025-12-04 06:07:33,0.347,0.8146,Driving,Koila,Speeding,4way,0.0,30,3G,-100,54.0,2.0,0.034,40.32209659226738,21.79117377815015,Unintentional
User_18,2025-12-04 06:38:03,0.271,0.8174,Running,Zep,Driving_Under_Influence,2way,0.0,80,5G,Ethernet,48.0,-17.0,0.0026952759030144,40.27879785342604,21.75459836277886,Unintentional
User_93,2025-12-04 06:50:37,0.508,0.7771,Running,Zep,Reckless_Driving,1way,0.0,40,5G,Ethernet,23.0,18.0,0.0057271729697465,40.30622692377462,21.753787234384617,Unintentional
User_53,2025-12-04 08:00:23,0.364,1.0,Driving,Koila,Speeding,2way,0.0,Lane_Discards,5G,-72,46.0,-24.0,0.0033983472951076,40.3232414582228,21.79265128824696,Unintentional
User_63,2025-12-04 14:30:34,0.408,0.8954,Walking,Ligeris,Speeding,1way,3.0,20,5G,-119,36.0,0.0,0.046,40.30522887181901,21.791258825989416,Unintentional
User_13,2025-12-04 16:19:40,0.657,0.5725,Running,Koila,9,2way,2.0,40,3G,-93,60.0,5.0,0.031,40.32270343784237,21.791258825989416,Unintentional
User_29,2025-12-04 20:04:39,0.309,0.8966,Driving,Ligeris,Speeding,4way,4.0,40,5G,Ethernet,7.0,-24.0,0.0096105398785725,40.321545963524784,21.790665595678465,Unintentional
User_95,2025-12-04 20:48:46,0.739,0.7633,Walking,Koila,Driving_Under_Influence,2way,1.0,50,5G,-75,38.0,23.0,0.0056191121215683,40.320578702896974,21.792000007612906,Unintentional
User_47,2025-12-04 23:12:53,0.636,0.8091,Running,Zep,Speeding,2way,0.0,30,3G,-72,82.0,8.0,0.04,40.279456569487934,21.753182996687716,Unintentional
User_87,2025-12-04 23:25:38,0.374,0.8216,Running,Ligeris,Reckless_Driving,2way,3.0,80,WiFi,Ethernet,36.0,-25.0,0.0017890203840558,40.279602728736386,21.753787656990436,Unintentional
User_46,2025-12-04 23:30:51,0.621,0.8629,Running,Zep,Speeding,1way,0.0,50,3G,Ethernet,94.0,23.0,0.006701838562892,40.28061263117566,21.751488876087855,Unintentional
User_09,2025-12-05 03:43:31,0.377,1.0,Walking,Koila,Reckless_Driving,2way,2.0,30,4G,-92,66.0,-21.0,0.0011908592788652,40.32317655193886,21.793108176678295,Unintentional
User_12,2025-12-05 13:13:28,0.508,0.6987,Driving,Zep,Speeding,2way,1.0,30,5G,-72,11.0,0.0,0.029,40.2796251355741,21.753313490957016,Unintentional
User_38,2025-12-05 13:21:46,0.448,0.8432,Running,Koila,Driving_Under_Influence,2way,0.0,60,5G,-77,72.0,6.0,0.049,40.32187576116253,21.791258825989416,Unintentional
User_94,2025-12-05 13:40:02,0.648,0.7408,Driving,Koila,Speeding,4way,1.0,80,4G,-99,26.0,5.0,0.027,40.32274724250003,21.78940453221602,Unintentional
User_15,2025-12-05 14:29:49,0.585,0.7084,Walking,Zep,Driving_Under_Influence,4way,140.0,50,WiFi,-58,50.0,-23.0,0.0037383717796075,40.30622692377462,21.791258825989416,Unintentional
User_73,2025-12-05 15:32:53,0.508,0.5725,Running,Zep,Reckless_Driving,1way,1.0,20,3G,-105,79.0,22.0,0.0073166584197803,40.27900784564238,21.754811838975293,Unintentional
User_15,2025-12-05 15:34:14,0.585,0.7094,Running,Ligeris,Speeding,2way,0.0,80,WiFi,-71,7.0,15.0,0.039,40.30578933756687,21.807019631891933,Unintentional
User_35,2025-12-05 19:40:25,0.379,0.8826,Walking,Zep,Speeding,2way,1.0,10,3G,-84,60.0,-24.0,0.0078015753079181,40.27918612388553,21.752983729446708,Unintentional
User_96,2025-12-05 21:30:58,0.722,0.5725,Walking,Ligeris,Driving_Under_Influence,2way,1.0,50,5G,-88,55.0,-24.0,0.0080041490198311,40.321091389615255,21.792811439370983,Unintentional
User_64,2025-12-05 21:45:21,0.257,0.6906,Driving,Zep,Speeding,2way,4.0,20,3G,-100,48.0,-6.0,0.047,40.27846682000006,21.751775051513857,Unintentional
User_44,2025-12-06 00:55:54,0.332,0.7807,Driving,Zep,Speeding,4way,1.0,80,5G,-98,27.0,-25.0,0.0087132930236036,40.2812687946635,21.75314490202984,Unintentional
User_100,2025-12-06 01:01:58,0.592,0.8781,Driving,Ligeris,Speeding,2way,1.0,60,5G,-70,16.0,0.0,0.023,40.30698066380665,21.808418077840187,Unintentional
User_14,2025-12-06 02:49:57,0.549,0.5725,Running,Ligeris,Reckless_Driving,2way,1.0,60,5G,-84,4.0,23.0,0.0049668739388897,40.30616765745754,21.8090883667447,Unintentional
User_10,2025-12-06 06:41:29,0.719,0.9983,Running,Ligeris,Speeding,2way,0.0,50,WiFi,-50,66.0,10.0,0.029,40.30696359190916,21.807169728888866,Unintentional
User_88,2025-12-06 12:48:46,0.676,0.712,Walking,Zep,Driving_Under_Influence,2way,1.0,50,5G,-93,70.0,21.0,0.0042731759978147,40.27965898221309,21.752132929508377,Unintentional
User_84,2025-12-06 13:01:51,0.689,0.8566,Driving,Ligeris,Speeding,4way,0.0,Lane_Discards,4G,-107,48.0,21.0,0.0044766607533512,40.306238904509414,21.808824328696584,Unintentional
User_11,2025-12-06 13:56:56,0.539,0.8536,Driving,Ligeris,Reckless_Driving,1way,1.0,30,3G,-72,6.0,-22.0,0.0081396202641163,40.306352945126335,21.808195784456185,Unintentional
User_07,2025-12-06 16:41:57,0.319,0.933,Driving,Koila,Speeding,2way,0.0,10,4G,-93,57.0,-15.0,0.022,40.320609704972334,21.791894539143588,Unintentional
User_37,2025-12-06 17:10:37,0.528,1.0,Walking,Zep,Driving_Under_Influence,1way,0.0,40,WiFi,Ethernet,51.0,-20.0,0.0017857674009956,40.279157484774075,21.753928671013345,Unintentional
User_17,2025-12-06 21:27:01,0.383,0.5725,Walking,Koila,Speeding,1way,0.0,10,3G,-83,64.0,0.0,0.04,40.322562941614656,21.790088093601003,Unintentional
User_39,2025-12-06 22:36:31,0.685,0.9408,Walking,Zep,8,2way,1.0,50,5G,-79,23.0,-11.0,0.046,40.27866547506635,21.75331508971825,Unintentional
User_72,2025-12-07 01:01:41,0.697,0.5725,Walking,Koila,Reckless_Driving,2way,0.0,10,5G,-107,48.0,-14.0,0.031,40.321896345020534,21.790766505276757,Unintentional
User_44,2025-12-07 01:29:22,0.508,0.7827,Running,Ligeris,8,2way,0.0,50,WiFi,-68,48.0,0.0,0.024,40.306559688185594,21.809078572170275,Unintentional
User_22,2025-12-07 01:35:09,0.712,0.7203,Walking,Zep,Speeding,2way,4.0,80,5G,-73,41.0,0.0,0.034,40.2809706160895,21.791258825989416,Unintentional
User_26,2025-12-07 03:15:06,0.508,0.8372,Walking,Ligeris,Driving_Under_Influence,1way,1.0,10,WiFi,-86,48.0,0.0,0.022,40.28067798182093,21.791258825989416,Unintentional
User_48,2025-12-07 03:20:45,0.611,0.9003,Running,Koila,Driving_Under_Influence,2way,1.0,40,WiFi,-86,47.0,-7.0,0.042,40.32171474354576,21.79109284737197,Unintentional
User_25,2025-12-07 03:46:20,0.627,0.7383,Driving,Ligeris,Driving_Under_Influence,4way,1.0,90,WiFi,-82,35.0,1.0,0.031,40.30624714653012,21.80754658523243,Unintentional
User_58,2025-12-07 04:17:37,0.669,0.813,Walking,Koila,Speeding,2way,0.0,50,4G,-104,68.0,-6.0,0.039,40.32113480737415,21.793151123812848,Unintentional
User_20,2025-12-07 06:38:13,0.686,1.0,Running,Zep,Reckless_Driving,2way,0.0,40,5G,-75,97.0,10.0,0.036,40.27955491839539,21.753261713872924,Unintentional
User_31,2025-12-07 12:23:43,0.508,0.9319,Running,Koila,Reckless_Driving,2way,1.0,20,WiFi,-61,82.0,-11.0,0.047,40.30622692377462,21.790786588974026,Unintentional
User_46,2025-12-07 14:06:01,0.621,0.8689,Walking,Ligeris,Speeding,1way,0.0,60,3G,-102,48.0,8.0,0.04,40.32141439897812,21.793021269649685,Unintentional
User_94,2025-12-07 15:50:10,0.648,0.7438,Driving,Ligeris,Speeding,2way,140.0,30,4G,-86,53.0,24.0,0.0013185111973135,40.32116731067156,21.793118326648784,Unintentional
User_03,2025-12-07 16:17:46,0.381,0.5725,Running,Zep,Driving_Under_Influence,2way,0.0,60,3G,-94,48.0,-11.0,0.042,40.28016837170487,21.75384661466236,Unintentional
User_39,2025-12-07 16:52:46,0.685,0.9428,Driving,Ligeris,Reckless_Driving,1way,1.0,40,5G,-80,71.0,-15.0,0.048,40.30605344549944,21.80662783815094,Unintentional
User_84,2025-12-07 19:16:17,0.689,0.8576,Walking,Zep,Driving_Under_Influence,4way,1.0,30,4G,-92,74.0,-25.0,0.0036671347955054,40.2809902132871,21.752278204675218,Unintentional
User_36,2025-12-07 20:46:43,0.394,1.0,Driving,Ligeris,Reckless_Driving,2way,160.0,40,3G,-110,25.0,8.0,0.024,40.30622692377462,21.808339382642888,Unintentional
User_32,2025-12-07 21:45:53,0.694,0.9828,Running,Koila,Driving_Under_Influence,4way,1.0,40,3G,Ethernet,79.0,0.0,0.032,40.32141911871679,21.79054558678448,Unintentional
User_37,2025-12-08 01:11:58,0.528,0.5725,Walking,Ligeris,Driving_Under_Influence,2way,0.0,Harassing_Driver,3G,-67,19.0,24.0,0.0095678353627332,40.30783018811247,21.80764598001133,Unintentional
User_90,2025-12-08 02:11:00,0.522,0.7474,Walking,Zep,Speeding,2way,0.0,10,3G,-84,49.0,25.0,0.0090608969018687,40.30622692377462,21.753623812984483,Unintentional
User_37,2025-12-08 02:41:21,0.528,0.5725,Running,Koila,Speeding,1way,0.0,20,3G,-83,51.0,-21.0,0.0087575394904456,40.30622692377462,21.791258825989416,Unintentional
User_64,2025-12-08 03:13:53,0.257,0.6956,Walking,Ligeris,Driving_Under_Influence,1way,2.0,40,5G,-120,79.0,17.0,0.0060367534311567,40.30626244998129,21.80725074654543,Unintentional
User_45,2025-12-08 04:55:05,0.446,0.7405,Walking,Ligeris,Speeding,1way,0.0,30,4G,-70,35.0,18.0,0.0057271729697465,40.27933348141784,21.791258825989416,Unintentional
User_25,2025-12-08 07:17:57,0.627,0.7403,Driving,Zep,Speeding,2way,2.0,30,5G,-70,25.0,3.0,0.043,40.27799746557961,21.752686625567137,Unintentional
User_66,2025-12-08 13:03:01,0.325,1.0,Running,Koila,Reckless_Driving,1way,2.0,70,5G,Ethernet,34.0,22.0,0.0057271729697465,40.30622692377462,21.79048545900369,Unintentional
User_18,2025-12-08 13:11:07,0.271,0.8264,Walking,Zep,Speeding,4way,0.0,30,4G,-100,48.0,23.0,0.0055384773883442,40.27943889898151,21.753170033150266,Unintentional
User_17,2025-12-08 18:51:31,0.383,0.7082,Walking,Ligeris,Reckless_Driving,1way,0.0,20,WiFi,-76,27.0,0.0,0.043,40.30622549918425,21.807014408609273,Unintentional
User_21,2025-12-08 19:08:10,0.64,1.0,Running,Ligeris,Driving_Under_Influence,2way,0.0,10,WiFi,-65,76.0,-24.0,0.0046446790078037,40.306288511178586,21.808203960821817,Unintentional
User_87,2025-12-08 21:38:14,0.374,0.8296,Walking,Koila,Speeding,4way,0.0,10,4G,-116,89.0,-18.0,0.0082276245033339,40.32208773985917,21.7908326098899,Unintentional
User_54,2025-12-09 00:21:47,0.508,0.8311,Walking,Koila,Speeding,2way,0.0,90,5G,-109,69.0,20.0,0.0030965298580398,40.32271704090803,21.792920568383465,Unintentional
User_67,2025-12-09 03:57:26,0.557,0.8666,Walking,Ligeris,Reckless_Driving,2way,0.0,30,4G,-73,88.0,0.0,0.03,40.30641147736144,21.80842045233164,Unintentional
User_22,2025-12-09 04:09:45,0.508,0.7243,Walking,Zep,Speeding,2way,1.0,60,3G,-119,64.0,-16.0,0.045,40.27960125051246,21.753981734691507,Unintentional
User_100,2025-12-09 08:15:01,0.592,0.8841,Walking,Ligeris,Speeding,2way,0.0,10,3G,-88,46.0,-25.0,0.0072778129218998,40.3059353138437,21.807576128049742,Unintentional
User_87,2025-12-09 09:29:55,0.374,0.8306,Walking,Zep,Speeding,2way,1.0,60,3G,-119,32.0,-17.0,0.0057271729697465,40.30622692377462,21.75247292543483,Unintentional
User_63,2025-12-09 10:38:14,0.408,0.5725,Running,Ligeris,8,2way,1.0,40,5G,-119,95.0,-17.0,0.0059540721929251,40.306328200777536,21.80945231402017,Unintentional
User_25,2025-12-09 11:37:48,0.627,0.7423,Walking,Ligeris,Reckless_Driving,1way,1.0,50,3G,Ethernet,48.0,-25.0,0.0068999875415262,40.30548749295157,21.80796049558519,Unintentional
User_11,2025-12-09 16:16:10,0.539,0.5725,Walking,Koila,Speeding,4way,0.0,60,3G,-104,38.0,-12.0,0.029,40.32174451747347,21.790150723854037,Unintentional
User_25,2025-12-09 19:58:02,0.627,0.7433,Driving,Ligeris,Reckless_Driving,4way,1.0,40,3G,-108,25.0,0.0,0.038,40.306493160269646,21.809087309372405,Unintentional
User_66,2025-12-09 20:26:58,0.325,1.0,Driving,Ligeris,Speeding,4way,1.0,Lane_Discards,WiFi,-57,48.0,-18.0,0.0057271729697465,40.30675947032908,21.8075878550255,Unintentional
User_74,2025-12-09 22:10:50,0.6,0.6935,Walking,Ligeris,Speeding,4way,0.0,60,WiFi,-64,84.0,-17.0,0.0039515540974739,40.322142438933575,21.791110958072174,Unintentional
User_28,2025-12-09 22:26:15,0.561,0.7875,Driving,Ligeris,Reckless_Driving,2way,160.0,50,4G,-111,45.0,0.0,0.026,40.30601611703535,21.807374568263672,Unintentional
User_92,2025-12-10 00:35:16,0.611,0.5725,Walking,Ligeris,Reckless_Driving,1way,1.0,80,3G,-93,44.0,-10.0,0.035,40.306061858288665,21.80725483005384,Unintentional
User_83,2025-12-10 04:05:05,0.453,0.9765,Running,Koila,Reckless_Driving,2way,0.0,50,4G,-87,49.0,6.0,0.034,40.32269237590793,21.791282473720017,Unintentional
User_24,2025-12-10 08:11:11,0.7,0.911,Walking,Zep,Speeding,1way,0.0,30,3G,-83,12.0,0.0,0.022,40.27963023013263,21.791258825989416,Unintentional
User_21,2025-12-10 08:17:23,0.64,1.0,Driving,Koila,Speeding,1way,1.0,80,5G,-94,75.0,11.0,0.024,40.32274693420433,21.791470010508792,Unintentional
User_99,2025-12-10 11:50:17,0.618,0.8933,Driving,Ligeris,Driving_Under_Influence,2way,1.0,30,4G,-83,8.0,21.0,0.0050376407367477,40.30622692377462,21.791258825989416,Unintentional
User_85,2025-12-10 15:15:34,0.508,1.0,Running,Zep,Speeding,2way,0.0,10,4G,-85,88.0,17.0,0.0053197222594904,40.280378714461385,21.791258825989416,Unintentional
User_38,2025-12-10 15:33:22,0.448,0.8542,Walking,Ligeris,Speeding,4way,0.0,30,4G,-75,5.0,-23.0,0.0042662408990937,40.30704093196698,21.806731716965185,Unintentional
User_04,2025-12-10 20:05:40,0.295,0.5725,Driving,Ligeris,Reckless_Driving,2way,1.0,40,3G,Ethernet,41.0,-17.0,0.0093627670878529,40.30556841979962,21.80700604755661,Unintentional
User_88,2025-12-10 20:14:43,0.676,0.72,Driving,Ligeris,Speeding,2way,0.0,90,4G,Ethernet,59.0,11.0,0.043,40.30497013215842,21.807573609759007,Unintentional
User_95,2025-12-10 21:00:06,0.739,0.7763,Driving,Zep,Driving_Under_Influence,2way,0.0,20,3G,-85,48.0,-3.0,0.039,40.27949041635547,21.7526482668514,Unintentional
User_82,2025-12-10 22:38:50,0.499,1.0,Walking,Ligeris,Speeding,2way,0.0,50,5G,-94,2.0,-23.0,0.0052504812146565,40.30622692377462,21.809406625122037,Unintentional
User_06,2025-12-10 23:30:33,0.614,1.0,Walking,Ligeris,Reckless_Driving,2way,1.0,80,3G,-95,57.0,-12.0,0.031,40.305635928054045,21.807700162053216,Unintentional
User_02,2025-12-11 00:21:49,0.504,0.8738,Walking,Koila,Driving_Under_Influence,2way,1.0,40,4G,-74,66.0,5.0,0.032,40.32192213563997,21.79220246534292,Unintentional
User_42,2025-12-11 07:29:20,0.577,0.9542,Walking,Ligeris,Speeding,2way,1.0,20,4G,-85,34.0,22.0,0.0097624303025844,40.30622692377462,21.791258825989416,Unintentional
User_61,2025-12-11 10:06:59,0.261,0.7865,Walking,Koila,Driving_Under_Influence,1way,0.0,40,WiFi,-87,13.0,-23.0,0.0018510061687451,40.323135090845184,21.79177104114095,Unintentional
User_36,2025-12-11 12:26:16,0.394,1.0,Walking,Koila,Speeding,1way,3.0,40,4G,-109,78.0,23.0,0.0039482550167402,40.32183398299668,21.790886968705163,Unintentional
User_41,2025-12-11 13:21:03,0.251,0.9495,Walking,Zep,Speeding,1way,0.0,40,3G,Ethernet,26.0,21.0,0.0057271729697465,40.28066317363079,21.75420424582557,Unintentional
User_10,2025-12-11 15:37:30,0.719,1.0,Walking,Ligeris,Driving_Under_Influence,2way,1.0,50,4G,-76,48.0,-20.0,0.0070376077773059,40.30601444853767,21.807149114587947,Unintentional
User_18,2025-12-11 17:47:04,0.271,0.8324,Walking,Zep,Driving_Under_Influence,4way,0.0,30,5G,-71,78.0,-21.0,0.0057271729697465,40.30622692377462,21.75146177031184,Unintentional
User_87,2025-12-11 19:10:34,0.374,0.8356,Driving,Koila,Speeding,4way,0.0,20,4G,-76,48.0,0.0,0.049,40.32035101836723,21.79105961341882,Unintentional
User_11,2025-12-11 19:35:46,0.539,0.8636,Walking,Ligeris,Speeding,2way,1.0,60,4G,-82,81.0,7.0,0.031,40.30568607928946,21.808581848977177,Unintentional
User_51,2025-12-11 21:48:09,0.708,1.0,Walking,Ligeris,Speeding,1way,0.0,70,3G,-113,72.0,-14.0,0.027,40.30622692377462,21.79124452330124,Unintentional
User_26,2025-12-11 22:57:39,0.642,0.8462,Running,Zep,Speeding,2way,5.0,50,4G,Ethernet,48.0,-5.0,0.03,40.30622692377462,21.75347580118927,Unintentional
User_61,2025-12-12 03:24:44,0.261,0.7885,Driving,Ligeris,Speeding,2way,150.0,10,WiFi,Ethernet,95.0,-22.0,0.0039481177004713,40.30580303002702,21.80801188539633,Unintentional
User_05,2025-12-12 08:46:43,0.311,0.8448,Walking,Ligeris,Speeding,2way,0.0,Illegal_Parking,WiFi,-76,48.0,15.0,0.024,40.32281214513412,21.79029877597564,Unintentional
User_07,2025-12-12 08:57:55,0.319,0.946,Walking,Zep,Speeding,2way,1.0,30,WiFi,-77,5.0,-18.0,0.0057271729697465,40.30622692377462,21.75405970387425,Unintentional
User_69,2025-12-12 09:19:13,0.289,0.8406,Driving,Ligeris,Reckless_Driving,2way,4.0,90,3G,-113,15.0,24.0,0.009345539830681,40.32130446806097,21.790370964234693,Unintentional
User_63,2025-12-12 10:37:30,0.408,0.9114,Walking,Ligeris,Driving_Under_Influence,4way,1.0,10,3G,Ethernet,4.0,20.0,0.009206270564306,40.30622692377462,21.808393944377276,Unintentional
User_69,2025-12-12 11:22:22,0.289,0.5725,Running,Zep,9,2way,1.0,10,4G,-105,16.0,0.0,0.034,40.28090163136531,21.753885238497723,Unintentional
User_64,2025-12-12 12:36:43,0.257,0.5725,Walking,Koila,Speeding,2way,1.0,40,4G,-71,100.0,9.0,0.028,40.32207234248023,21.791165267223615,Unintentional
User_55,2025-12-12 12:45:41,0.489,0.5725,Running,Zep,Driving_Under_Influence,4way,0.0,20,3G,-118,97.0,-3.0,0.024,40.27840038691577,21.752525717526566,Unintentional
User_72,2025-12-12 15:05:36,0.697,0.7912,Running,Ligeris,Driving_Under_Influence,2way,1.0,70,5G,-100,48.0,2.0,0.031,40.30631366472583,21.807089190808128,Unintentional
User_68,2025-12-12 21:13:53,0.736,1.0,Driving,Koila,Speeding,1way,0.0,20,WiFi,Ethernet,48.0,-11.0,0.043,40.32290557578399,21.790274573547517,Unintentional
User_67,2025-12-12 22:53:12,0.557,0.8736,Running,Zep,Speeding,1way,1.0,40,3G,-115,0.0,-12.0,0.047,40.27822244638546,21.752127135639064,Unintentional
User_46,2025-12-13 01:02:34,0.621,0.8799,Walking,Ligeris,Speeding,1way,1.0,70,WiFi,-53,66.0,18.0,0.0012105150332351,40.280037735277034,21.75254802339723,Unintentional
User_68,2025-12-13 01:50:18,0.508,1.0,Driving,Zep,7,2way,1.0,20,WiFi,-61,3.0,-13.0,0.021,40.280097608516634,21.753118976036102,Unintentional
User_89,2025-12-13 03:35:50,0.508,0.9993,Driving,Ligeris,Reckless_Driving,2way,1.0,80,3G,-73,41.0,-18.0,0.0036386418331283,40.30633250782036,21.807022133028703,Unintentional
User_97,2025-12-13 10:03:10,0.508,0.5725,Walking,Koila,Speeding,4way,0.0,40,4G,-77,40.0,22.0,0.0050495937570619,40.320739241346466,21.792150733204576,Unintentional
User_12,2025-12-13 11:42:14,0.508,0.7147,Walking,Koila,Reckless_Driving,2way,0.0,10,WiFi,-85,48.0,-18.0,0.0086702417044916,40.30622692377462,21.790063683730555,Unintentional
User_98,2025-12-13 12:40:25,0.553,0.9379,Walking,Ligeris,Reckless_Driving,2way,1.0,30,5G,-117,19.0,-18.0,0.0016768270137772,40.3070384146268,21.807403684029868,Unintentional
User_96,2025-12-13 14:55:33,0.508,0.7086,Walking,Zep,Reckless_Driving,2way,0.0,60,WiFi,-64,37.0,25.0,0.0057271729697465,40.279646073571215,21.753575693230765,Unintentional
User_90,2025-12-13 14:56:35,0.522,0.7584,Driving,Zep,Reckless_Driving,1way,1.0,40,3G,-83,48.0,7.0,0.039,40.27930643000194,21.75351489906829,Unintentional
User_57,2025-12-13 15:00:42,0.508,0.8104,Driving,Zep,Speeding,4way,0.0,60,4G,-108,57.0,12.0,0.037,40.27939239580353,21.75333535617835,Unintentional
User_23,2025-12-13 16:05:18,0.669,1.0,Driving,Zep,Reckless_Driving,2way,1.0,30,3G,-91,48.0,-18.0,0.0088385389107635,40.27953061927697,21.75328244749108,Unintentional
User_11,2025-12-13 20:08:20,0.539,0.8676,Running,Zep,Reckless_Driving,4way,1.0,20,WiFi,-64,26.0,-4.0,0.046,40.27904847735416,21.751624626366187,Unintentional
User_16,2025-12-14 00:01:27,0.438,0.5725,Running,Ligeris,Reckless_Driving,1way,0.0,10,5G,-108,74.0,-23.0,0.00665828693902,40.307618623426855,21.807802871950397,Unintentional
User_99,2025-12-14 04:28:54,0.618,0.9013,Driving,Ligeris,Reckless_Driving,1way,2.0,80,5G,-93,21.0,-7.0,0.033,40.30617412399634,21.807475605062173,Unintentional
User_26,2025-12-14 04:32:48,0.642,0.8512,Driving,Ligeris,Driving_Under_Influence,2way,1.0,80,WiFi,-76,14.0,-24.0,0.0029638024489035,40.30626593833732,21.806867261099377,Unintentional
User_77,2025-12-14 08:32:05,0.508,0.8346,Walking,Zep,Speeding,2way,0.0,80,3G,-77,98.0,5.0,0.023,40.30622692377462,21.752063867537892,Unintentional
User_13,2025-12-14 08:50:50,0.657,0.8269,Walking,Ligeris,Reckless_Driving,1way,2.0,90,4G,-97,10.0,-20.0,0.0074622233710953,40.30686555513987,21.791258825989416,Unintentional
User_60,2025-12-14 12:35:10,0.602,0.9986,Running,Ligeris,Driving_Under_Influence,2way,1.0,40,3G,-98,36.0,-18.0,0.0084655244288901,40.30609372575704,21.809529047785524,Unintentional
User_69,2025-12-14 18:12:12,0.289,0.8456,Walking,Zep,Speeding,2way,1.0,50,3G,-56,48.0,-23.0,0.0018760223884053,40.27996413206803,21.754276024494192,Unintentional
User_89,2025-12-14 18:47:13,0.485,1.0,Running,Ligeris,Driving_Under_Influence,2way,2.0,40,3G,-90,60.0,4.0,0.022,40.306562411864334,21.80809670991667,Unintentional
User_19,2025-12-14 19:10:22,0.508,1.0,Running,Ligeris,Reckless_Driving,1way,150.0,40,WiFi,-68,42.0,25.0,0.0028602138579657,40.30743392638882,21.791258825989416,Unintentional
User_50,2025-12-15 01:00:24,0.477,0.5725,Walking,Ligeris,Reckless_Driving,1way,1.0,Illegal_Parking,4G,Ethernet,48.0,-21.0,0.0079194023186499,40.32178873960235,21.790874117346505,Unintentional
User_61,2025-12-15 01:56:52,0.261,0.7945,Driving,Ligeris,Driving_Under_Influence,2way,1.0,50,4G,-110,59.0,-4.0,0.048,40.30606149039367,21.806771254481585,Unintentional
User_83,2025-12-15 02:03:48,0.453,0.9865,Walking,Ligeris,Reckless_Driving,2way,1.0,30,4G,-107,13.0,21.0,0.0080136291972947,40.307124501657846,21.80786097632873,Unintentional
User_33,2025-12-15 02:42:35,0.508,0.8366,Running,Koila,Speeding,2way,4.0,20,3G,-86,84.0,-5.0,0.042,40.321967359662125,21.791233112182297,Unintentional
User_21,2025-12-15 03:33:35,0.64,1.0,Running,Zep,Speeding,1way,1.0,60,3G,-78,55.0,17.0,0.0017518332168141,40.27909118290991,21.75194791951726,Unintentional
User_29,2025-12-15 05:15:58,0.309,0.9176,Running,Zep,Speeding,1way,1.0,80,4G,-95,23.0,-21.0,0.0044583475245601,40.30622692377462,21.753583493670146,Unintentional
User_18,2025-12-15 07:28:20,0.271,0.8394,Walking,Koila,Driving_Under_Influence,2way,1.0,50,WiFi,-50,24.0,18.0,0.0052071854675012,40.32036984815407,21.79068097764486,Unintentional
User_20,2025-12-15 08:34:22,0.508,1.0,Walking,Ligeris,Speeding,2way,1.0,70,5G,-103,48.0,0.0,0.023,40.30522297674874,21.808481188351077,Unintentional
User_71,2025-12-15 10:03:28,0.431,0.982,Driving,Koila,Driving_Under_Influence,2way,0.0,80,5G,-112,98.0,11.0,0.024,40.32261366925895,21.79088947486036,Unintentional
User_12,2025-12-15 14:06:39,0.251,0.7187,Driving,Koila,Driving_Under_Influence,2way,3.0,60,5G,-102,65.0,5.0,0.028,40.32182525991145,21.7910012046182,Unintentional
User_74,2025-12-15 22:20:57,0.6,0.7055,Walking,Ligeris,Speeding,2way,1.0,40,WiFi,-50,25.0,-8.0,0.036,40.30605317254921,21.80795625371339,Unintentional
User_95,2025-12-16 01:59:36,0.739,0.7873,Driving,Ligeris,Reckless_Driving,2way,1.0,70,WiFi,-58,32.0,-21.0,0.0064328296302624,40.30622692377462,21.791258825989416,Unintentional
User_05,2025-12-16 04:44:50,0.311,0.8528,Running,Zep,Reckless_Driving,4way,3.0,130,4G,-101,67.0,-6.0,0.028,40.280299218617856,21.752469738034527,Unintentional
User_11,2025-12-16 06:38:36,0.539,0.8726,Walking,Ligeris,Driving_Under_Influence,2way,2.0,80,3G,-78,66.0,-25.0,0.0023953896031456,40.30622692377462,21.791258825989416,Unintentional
User_21,2025-12-16 09:46:30,0.64,1.0,Walking,Ligeris,9,1way,3.0,70,3G,-67,32.0,-21.0,0.0019456295600364,40.30626029143634,21.807583092138987,Unintentional
User_43,2025-12-16 10:15:37,0.255,0.9723,Running,Ligeris,Driving_Under_Influence,2way,0.0,30,WiFi,-75,79.0,-9.0,0.03,40.30622692377462,21.80724499181543,Unintentional
User_64,2025-12-16 11:25:54,0.257,0.5725,Running,Ligeris,Reckless_Driving,4way,0.0,10,3G,-73,74.0,20.0,0.0057271729697465,40.3072575942921,21.807668210949615,Unintentional
User_18,2025-12-16 11:39:17,0.271,0.8414,Running,Zep,Speeding,1way,1.0,Harassing_Driver,5G,-118,54.0,8.0,0.042,40.27963043797873,21.75330161682289,Unintentional
User_28,2025-12-16 14:15:08,0.561,0.8005,Walking,Koila,Reckless_Driving,4way,0.0,10,WiFi,-56,90.0,-9.0,0.032,40.32241161369449,21.78999535796589,Unintentional
User_99,2025-12-16 19:47:22,0.618,0.9063,Walking,Ligeris,Speeding,1way,0.0,40,4G,-108,48.0,4.0,0.024,40.30716195666018,21.80786377420681,Unintentional
User_21,2025-12-16 22:14:02,0.64,0.5725,Running,Ligeris,Reckless_Driving,1way,3.0,40,3G,-101,89.0,24.0,0.0057271729697465,40.30638905058857,21.807728179026643,Unintentional
User_22,2025-12-17 04:18:19,0.508,0.7403,Driving,Koila,Driving_Under_Influence,1way,0.0,90,3G,-110,46.0,-4.0,0.03,40.30622692377462,21.793275491553043,Unintentional
User_90,2025-12-17 04:37:04,0.522,0.7664,Walking,Ligeris,Driving_Under_Influence,4way,1.0,30,5G,-91,48.0,-18.0,0.0038805188401122,40.277894844772334,21.752897966273572,Unintentional
User_29,2025-12-17 04:48:45,0.508,0.9216,Walking,Zep,Speeding,2way,1.0,10,4G,-86,77.0,0.0,0.048,40.279681680729865,21.752931155218377,Unintentional
User_63,2025-12-17 05:11:52,0.408,0.9204,Driving,Zep,Driving_Under_Influence,1way,1.0,70,3G,-81,25.0,11.0,0.046,40.28108158034556,21.75433304102697,Unintentional
User_18,2025-12-17 06:00:43,0.508,0.8434,Running,Koila,Speeding,1way,1.0,10,WiFi,-60,12.0,0.0,0.049,40.32175745668604,21.791258825989416,Unintentional
User_23,2025-12-17 06:01:09,0.669,1.0,Walking,Zep,Reckless_Driving,2way,160.0,10,WiFi,Ethernet,48.0,12.0,0.049,40.279475293177605,21.751281092691784,Unintentional
User_93,2025-12-17 06:48:32,0.418,0.5725,Driving,Ligeris,Reckless_Driving,1way,1.0,80,4G,-102,76.0,-18.0,0.0079786999749848,40.30622692377462,21.807870278679314,Unintentional
User_51,2025-12-17 11:42:52,0.708,0.5725,Walking,Ligeris,Speeding,4way,0.0,40,5G,-72,71.0,-17.0,0.001834390486184,40.279054165854326,21.75348606402733,Unintentional
User_93,2025-12-17 12:39:00,0.418,0.8041,Driving,Ligeris,Driving_Under_Influence,2way,0.0,40,5G,-102,65.0,-25.0,0.0084249659784845,40.306618047718025,21.80877318036469,Unintentional
User_83,2025-12-17 12:39:29,0.453,0.9915,Walking,Ligeris,Reckless_Driving,2way,0.0,20,3G,Ethernet,84.0,1.0,0.028,40.30581133588057,21.806885313704203,Unintentional
User_31,2025-12-17 14:42:58,0.72,0.9509,Running,Ligeris,Driving_Under_Influence,4way,0.0,80,3G,-115,89.0,-2.0,0.023,40.30647605719496,21.806644714388657,Unintentional
User_54,2025-12-17 15:47:37,0.508,0.8471,Walking,Ligeris,Speeding,1way,1.0,10,3G,-93,48.0,-19.0,0.0081681103309811,40.307647821237374,21.80772331856763,Unintentional
User_36,2025-12-17 19:15:53,0.508,0.5725,Running,Koila,Speeding,2way,1.0,40,3G,-117,60.0,-24.0,0.0057271729697465,40.32240211354527,21.791148686507608,Unintentional
User_41,2025-12-17 21:39:09,0.251,0.9615,Running,Ligeris,Speeding,2way,1.0,40,3G,-93,76.0,0.0,0.048,40.30627352900699,21.80763723647641,Unintentional
User_94,2025-12-17 22:42:55,0.648,0.5725,Running,Koila,Speeding,4way,0.0,60,4G,-94,69.0,0.0,0.032,40.32261345496033,21.790715195770492,Unintentional
User_33,2025-12-18 00:12:01,0.508,0.8426,Walking,Zep,Driving_Under_Influence,1way,0.0,80,3G,-76,6.0,-25.0,0.0053765634897736,40.278789517392696,21.75368414155728,Unintentional
User_98,2025-12-18 01:17:56,0.508,0.9469,Running,Zep,Reckless_Driving,2way,2.0,80,3G,-98,61.0,-17.0,0.0057271729697465,40.30622692377462,21.752564244391554,Unintentional
User_88,2025-12-18 02:08:22,0.508,0.735,Driving,Zep,Speeding,2way,3.0,50,4G,-106,62.0,21.0,0.0076992297664131,40.279688412301674,21.75257789261021,Unintentional
User_60,2025-12-18 03:29:43,0.508,1.0,Running,Zep,Reckless_Driving,2way,1.0,60,4G,-76,84.0,12.0,0.046,40.28026779942374,21.75381191818068,Unintentional
User_86,2025-12-18 05:13:40,0.63,0.9703,Driving,Koila,Speeding,2way,0.0,30,WiFi,-64,15.0,19.0,0.0038853736485027,40.321305237709545,21.791258825989416,Unintentional
User_84,2025-12-18 06:47:22,0.689,0.8806,Running,Zep,Speeding,1way,1.0,80,3G,-120,67.0,-4.0,0.045,40.30622692377462,21.753918165044528,Unintentional
User_17,2025-12-18 07:36:03,0.383,0.7272,Walking,Koila,Speeding,4way,1.0,50,WiFi,-88,10.0,20.0,0.0057271729697465,40.30622692377462,21.790804533814164,Unintentional
User_38,2025-12-18 11:28:31,0.508,0.8702,Walking,Koila,Driving_Under_Influence,1way,1.0,50,WiFi,-64,48.0,-9.0,0.046,40.32243553229519,21.790494648464023,Unintentional
User_80,2025-12-18 13:54:02,0.313,0.5725,Walking,Ligeris,Reckless_Driving,2way,1.0,80,5G,-83,10.0,20.0,0.0089967730104557,40.30615750126723,21.808119172080666,Unintentional
User_93,2025-12-18 18:08:03,0.418,0.8061,Running,Zep,Driving_Under_Influence,2way,0.0,30,3G,-100,43.0,6.0,0.029,40.30622692377462,21.75329305140523,Unintentional
User_07,2025-12-18 19:47:05,0.319,0.958,Driving,Ligeris,Driving_Under_Influence,4way,0.0,10,3G,-77,4.0,20.0,0.0054319489831146,40.30622692377462,21.80583563172434,Unintentional
User_79,2025-12-18 21:50:09,0.426,0.7436,Walking,Ligeris,Reckless_Driving,4way,0.0,70,WiFi,-78,63.0,2.0,0.039,40.30741105770687,21.80792762082173,Unintentional
User_91,2025-12-19 00:52:40,0.409,0.7732,Running,Ligeris,Reckless_Driving,4way,0.0,60,4G,-90,85.0,-14.0,0.031,40.306118312004095,21.80754576382373,Unintentional
User_59,2025-12-19 01:19:33,0.508,0.5725,Running,Zep,Speeding,2way,1.0,50,3G,-88,42.0,0.0,0.031,40.27905853430199,21.791258825989416,Unintentional
User_79,2025-12-19 02:05:46,0.426,0.7446,Driving,Ligeris,Speeding,2way,0.0,50,3G,-89,63.0,23.0,0.009574373904588,40.3070536614055,21.807717435270725,Unintentional
User_34,2025-12-19 05:35:13,0.401,0.8866,Walking,Ligeris,Reckless_Driving,2way,0.0,30,3G,-76,10.0,-23.0,0.007304485750776,40.30622692377462,21.80973490869963,Unintentional
User_85,2025-12-19 07:39:17,0.572,1.0,Driving,Zep,Reckless_Driving,2way,1.0,20,3G,-119,69.0,11.0,0.021,40.2780104404425,21.791258825989416,Unintentional
User_64,2025-12-19 08:35:41,0.257,0.7176,Running,Ligeris,Reckless_Driving,1way,0.0,30,3G,-102,47.0,6.0,0.038,40.27955421160306,21.753299328013902,Unintentional
User_37,2025-12-19 10:18:59,0.528,1.0,Walking,Zep,Speeding,4way,1.0,Harassing_Driver,5G,-86,74.0,-16.0,0.05,40.28015355449098,21.75358935460384,Unintentional
User_95,2025-12-19 11:26:17,0.739,0.7933,Driving,Ligeris,Speeding,1way,1.0,70,5G,-104,48.0,-13.0,0.042,40.30625793793151,21.80751644884374,Unintentional
User_27,2025-12-19 14:32:21,0.508,1.0,Driving,Ligeris,Driving_Under_Influence,2way,160.0,30,4G,-73,40.0,0.0,0.021,40.30622692377462,21.79143194361086,Unintentional
User_25,2025-12-19 15:40:33,0.627,0.7623,Walking,Ligeris,Speeding,2way,4.0,Lane_Discards,5G,-91,75.0,5.0,0.048,40.306557555599454,21.808204023058305,Unintentional
User_41,2025-12-19 15:49:16,0.251,0.9665,Walking,Koila,Speeding,2way,0.0,40,WiFi,-60,21.0,-10.0,0.034,40.323538460510406,21.792418736198098,Unintentional
User_90,2025-12-19 18:45:29,0.522,0.7704,Running,Koila,Speeding,2way,0.0,10,3G,-93,49.0,21.0,0.0022958221589001,40.32124301532256,21.79025625688808,Unintentional
User_36,2025-12-20 02:31:57,0.394,1.0,Walking,Ligeris,Speeding,2way,0.0,40,5G,-108,71.0,12.0,0.039,40.27953147537674,21.753400175362444,Unintentional
User_93,2025-12-20 02:46:31,0.418,0.5725,Walking,Ligeris,Speeding,2way,160.0,110,5G,-117,3.0,-4.0,0.023,40.30662670627721,21.80792739727049,Unintentional
User_60,2025-12-20 08:18:04,0.508,1.0,Running,Koila,Driving_Under_Influence,4way,0.0,20,5G,-74,65.0,-21.0,0.0095057212977488,40.322118649147875,21.791258825989416,Unintentional
User_60,2025-12-20 17:17:58,0.602,0.5725,Driving,Ligeris,Speeding,2way,1.0,Harassing_Driver,5G,-109,36.0,-18.0,0.0051565859868508,40.32241871980959,21.79084708580823,Unintentional
User_27,2025-12-20 17:34:27,0.319,1.0,Driving,Zep,Reckless_Driving,2way,0.0,40,5G,-84,21.0,21.0,0.0086832611287433,40.30622692377462,21.752649331767216,Unintentional
User_17,2025-12-20 17:39:10,0.508,0.7312,Walking,Ligeris,Reckless_Driving,4way,0.0,30,WiFi,-70,90.0,14.0,0.035,40.30592785176992,21.807300059323673,Unintentional
User_30,2025-12-20 18:20:02,0.508,0.9745,Driving,Zep,Reckless_Driving,2way,0.0,20,WiFi,Ethernet,81.0,6.0,0.05,40.28045044763164,21.752129830584646,Unintentional
User_49,2025-12-20 19:37:17,0.483,0.814,Running,Zep,8,2way,1.0,50,4G,-81,85.0,-3.0,0.048,40.278967390468814,21.75305752628987,Unintentional
User_18,2025-12-21 03:09:41,0.271,0.8514,Walking,Ligeris,Speeding,1way,0.0,40,3G,-85,76.0,-23.0,0.0043590456284247,40.32283244170893,21.79020996632757,Unintentional
User_35,2025-12-21 03:24:30,0.379,0.9146,Walking,Ligeris,Driving_Under_Influence,2way,1.0,30,5G,-70,75.0,25.0,0.0057271729697465,40.30634219758101,21.807504641000467,Unintentional
User_12,2025-12-21 05:38:14,0.251,0.7297,Walking,Koila,Driving_Under_Influence,2way,0.0,60,5G,-75,34.0,-3.0,0.047,40.32078383326568,21.792567517014277,Unintentional
User_31,2025-12-21 06:52:13,0.508,0.9589,Walking,Koila,Speeding,2way,0.0,40,WiFi,-78,87.0,-20.0,0.0084864371441961,40.32335199374003,21.790824085414464,Unintentional
User_22,2025-12-21 07:22:41,0.712,0.7483,Walking,Ligeris,Speeding,2way,0.0,60,WiFi,-82,5.0,0.0,0.039,40.30573365731874,21.80682257108158,Unintentional
User_30,2025-12-21 11:43:44,0.508,0.9755,Running,Zep,Driving_Under_Influence,1way,0.0,40,3G,-90,32.0,20.0,0.007046225884834,40.30622692377462,21.7528510284502,Unintentional
User_67,2025-12-21 12:31:00,0.557,0.5725,Driving,Zep,Driving_Under_Influence,2way,1.0,40,3G,Ethernet,48.0,-21.0,0.0026825306023343,40.28056692947611,21.75350178427539,Unintentional
User_68,2025-12-21 13:48:40,0.736,1.0,Driving,Zep,Speeding,2way,0.0,70,4G,-95,79.0,-22.0,0.0074239650670823,40.27837428152347,21.75356236596628,Unintentional
User_92,2025-12-21 14:31:58,0.611,1.0,Walking,Zep,Driving_Under_Influence,4way,1.0,40,WiFi,-74,34.0,1.0,0.024,40.278463690679395,21.7543100293837,Unintentional
User_46,2025-12-21 15:45:53,0.621,0.8969,Walking,Ligeris,Speeding,4way,1.0,30,WiFi,-56,29.0,17.0,0.0038527915231886,40.3219138528017,21.791258825989416,Unintentional
User_09,2025-12-21 21:11:46,0.377,1.0,Running,Koila,Reckless_Driving,2way,150.0,10,4G,-114,95.0,21.0,0.0051603634147256,40.32205022647142,21.79041875281659,Unintentional
User_73,2025-12-21 22:52:16,0.508,1.0,Driving,Ligeris,Reckless_Driving,2way,0.0,10,4G,-92,91.0,-18.0,0.0020523347300341,40.322598180075126,21.790440280593813,Unintentional
User_17,2025-12-22 06:27:49,0.383,0.7352,Running,Zep,Driving_Under_Influence,1way,0.0,50,3G,-78,57.0,6.0,0.044,40.2795900432376,21.753390839431667,Unintentional
User_09,2025-12-22 06:28:28,0.377,1.0,Running,Ligeris,Driving_Under_Influence,1way,0.0,Lane_Discards,3G,-83,1.0,12.0,0.04,40.30749190439172,21.806863912696663,Unintentional
User_08,2025-12-22 10:48:48,0.325,1.0,Running,Koila,Reckless_Driving,2way,0.0,80,WiFi,-82,84.0,-20.0,0.0051011305706714,40.32253533404487,21.79174564041068,Unintentional
User_61,2025-12-22 11:57:21,0.261,0.8095,Walking,Zep,Reckless_Driving,1way,2.0,40,3G,-114,16.0,19.0,0.0075400464714876,40.28004533368001,21.75125559281255,Unintentional
User_82,2025-12-22 13:06:07,0.499,1.0,Walking,Zep,Driving_Under_Influence,4way,3.0,40,3G,-103,91.0,20.0,0.0027530330259217,40.280572147343776,21.751750570954645,Unintentional
User_73,2025-12-22 14:15:12,0.676,1.0,Running,Ligeris,Reckless_Driving,2way,1.0,40,WiFi,-71,1.0,-20.0,0.004763000620092,40.30511053760365,21.80623330184176,Unintentional
User_86,2025-12-22 17:12:51,0.63,0.9783,Driving,Zep,Reckless_Driving,2way,0.0,40,5G,-99,93.0,19.0,0.0083557392608805,40.28028492635384,21.752429392947704,Unintentional
User_31,2025-12-22 17:15:39,0.72,0.9619,Running,Ligeris,Speeding,1way,1.0,40,WiFi,-71,2.0,23.0,0.0020012961582107,40.322846332106096,21.791258825989416,Unintentional
User_79,2025-12-22 17:49:09,0.426,0.7516,Walking,Koila,Reckless_Driving,1way,1.0,10,3G,-75,48.0,-4.0,0.031,40.32214594108337,21.79221434029898,Unintentional
User_11,2025-12-22 20:11:32,0.539,0.8856,Walking,Zep,Driving_Under_Influence,2way,0.0,40,3G,Ethernet,0.0,17.0,0.0018073395609993,40.278452695165,21.754919173269226,Unintentional
User_22,2025-12-22 20:15:44,0.712,0.7513,Running,Ligeris,Reckless_Driving,1way,0.0,10,4G,-116,18.0,-10.0,0.046,40.30771639531355,21.807017834198028,Unintentional
User_77,2025-12-22 21:41:28,0.347,0.8516,Walking,Ligeris,Driving_Under_Influence,4way,1.0,40,5G,-79,21.0,0.0,0.036,40.30690611073789,21.80532795707648,Unintentional
User_44,2025-12-22 23:03:19,0.332,0.8137,Driving,Koila,Speeding,1way,2.0,60,4G,-114,48.0,0.0,0.028,40.32179938613522,21.789580936508003,Unintentional
User_78,2025-12-23 00:56:06,0.64,0.8126,Driving,Ligeris,Speeding,4way,0.0,30,4G,-79,24.0,15.0,0.036,40.306782429805914,21.791258825989416,Unintentional
User_93,2025-12-23 01:01:32,0.418,0.8151,Driving,Koila,Reckless_Driving,2way,3.0,50,4G,Ethernet,44.0,9.0,0.026,40.32306866438202,21.790981067924005,Unintentional
User_07,2025-12-23 04:36:07,0.319,0.967,Running,Zep,Driving_Under_Influence,2way,1.0,30,WiFi,-57,48.0,-23.0,0.0031162312341404,40.30622692377462,21.753436502167386,Unintentional
User_24,2025-12-23 07:34:51,0.7,0.938,Running,Ligeris,Reckless_Driving,2way,0.0,50,WiFi,-63,44.0,20.0,0.0038986921976229,40.30624753056267,21.80820789184834,Unintentional
User_14,2025-12-23 08:52:23,0.549,0.7297,Running,Ligeris,Reckless_Driving,4way,1.0,50,3G,-82,19.0,7.0,0.041,40.30622692377462,21.80548480015969,Unintentional
User_35,2025-12-23 12:01:24,0.379,0.9196,Walking,Koila,Speeding,2way,1.0,20,4G,Ethernet,47.0,-14.0,0.043,40.32198944296133,21.79050260519721,Unintentional
User_62,2025-12-23 12:59:20,0.346,0.9653,Running,Ligeris,Speeding,2way,0.0,20,4G,Ethernet,89.0,17.0,0.0059636398411619,40.3075174129844,21.80624958696611,Unintentional
User_10,2025-12-23 13:31:25,0.719,1.0,Running,Koila,Speeding,2way,150.0,40,WiFi,-89,20.0,0.0,0.046,40.32363678410712,21.79044100415418,Unintentional
User_10,2025-12-23 14:12:43,0.719,1.0,Walking,Zep,Speeding,2way,3.0,40,3G,-93,83.0,0.0,0.044,40.280127072781035,21.75412322867937,Unintentional
User_41,2025-12-23 14:42:57,0.251,0.9735,Running,Zep,Reckless_Driving,2way,1.0,50,3G,-110,52.0,-11.0,0.048,40.28016751638065,21.75427554944775,Unintentional
User_30,2025-12-23 15:07:02,0.577,0.9795,Walking,Koila,Reckless_Driving,1way,0.0,20,5G,-76,99.0,-2.0,0.021,40.3220478905963,21.791005866211467,Unintentional
User_97,2025-12-23 23:17:29,0.296,1.0,Running,Zep,Reckless_Driving,2way,1.0,50,4G,-98,13.0,4.0,0.034,40.2799541517095,21.753023573330697,Unintentional
User_53,2025-12-24 03:09:31,0.364,1.0,Running,Ligeris,Speeding,2way,1.0,50,WiFi,-50,79.0,0.0,0.024,40.30576715496402,21.806364585656116,Unintentional
User_38,2025-12-24 03:52:12,0.448,0.5725,Walking,Ligeris,8,2way,0.0,40,5G,-74,60.0,-19.0,0.0030328360272392,40.30742454771439,21.80732214481337,Unintentional
User_55,2025-12-24 04:28:24,0.489,0.7888,Driving,Koila,Reckless_Driving,2way,150.0,30,5G,Ethernet,45.0,-22.0,0.0057271729697465,40.322732768997625,21.791050139493255,Unintentional
User_93,2025-12-24 05:30:48,0.418,0.8181,Walking,Zep,Driving_Under_Influence,4way,2.0,40,4G,-75,97.0,22.0,0.003762599590357,40.30622692377462,21.753128544646874,Unintentional
User_71,2025-12-24 07:22:48,0.431,1.0,Running,Zep,Driving_Under_Influence,2way,1.0,40,3G,-118,57.0,0.0,0.048,40.27916504306228,21.753416885117733,Unintentional
User_04,2025-12-24 11:30:24,0.295,0.7769,Driving,Zep,Speeding,2way,1.0,70,5G,-101,24.0,-14.0,0.041,40.279705722333865,21.752836271476937,Unintentional
User_12,2025-12-24 13:46:52,0.251,0.7357,Running,Zep,Reckless_Driving,4way,0.0,50,4G,-78,99.0,-25.0,0.0064549849186894,40.28045079758326,21.753705219074792,Unintentional
User_80,2025-12-24 15:11:25,0.313,0.9275,Running,Zep,Reckless_Driving,2way,0.0,40,3G,-110,50.0,12.0,0.026,40.27899732960403,21.755207604918866,Unintentional
User_01,2025-12-24 21:50:23,0.618,1.0,Walking,Koila,Reckless_Driving,2way,0.0,30,3G,-117,10.0,-23.0,0.0057271729697465,40.32098647773038,21.79000928101544,Unintentional
User_13,2025-12-24 22:01:46,0.657,0.8479,Running,Koila,Driving_Under_Influence,4way,0.0,40,3G,Ethernet,67.0,-1.0,0.037,40.32086890356013,21.791258825989416,Unintentional
User_01,2025-12-24 23:10:00,0.618,1.0,Walking,Koila,Reckless_Driving,2way,1.0,40,5G,-92,86.0,15.0,0.029,40.32285187553044,21.78966923327638,Unintentional
User_09,2025-12-25 02:50:58,0.377,1.0,Running,Ligeris,Speeding,2way,5.0,40,4G,-79,66.0,13.0,0.033,40.30606174715354,21.80741898491573,Unintentional
User_96,2025-12-25 03:23:38,0.722,0.7326,Driving,Ligeris,7,4way,0.0,40,3G,-100,99.0,19.0,0.0050280817068619,40.30510609932116,21.806502700570853,Unintentional
User_26,2025-12-25 03:48:26,0.642,0.8732,Running,Zep,Driving_Under_Influence,2way,1.0,20,3G,-58,42.0,-9.0,0.04,40.27983033349095,21.7523290549539,Unintentional
User_62,2025-12-25 06:56:08,0.346,0.9683,Walking,Koila,Speeding,2way,0.0,20,3G,-90,48.0,9.0,0.042,40.30622692377462,21.790063816249308,Unintentional
User_23,2025-12-25 07:11:09,0.669,1.0,Walking,Zep,Driving_Under_Influence,2way,0.0,60,5G,-113,35.0,-21.0,0.0014434347594583,40.30622692377462,21.75486410038864,Unintentional
User_63,2025-12-25 12:12:54,0.408,0.9374,Driving,Ligeris,Speeding,1way,1.0,50,WiFi,-70,7.0,-4.0,0.029,40.28047618155949,21.75167337981151,Unintentional
User_64,2025-12-25 12:44:20,0.257,0.7296,Running,Koila,Driving_Under_Influence,4way,1.0,40,3G,-120,17.0,-18.0,0.0077195996079929,40.32163336901087,21.791312959001687,Unintentional
User_61,2025-12-25 13:45:40,0.261,0.8155,Driving,Zep,Speeding,1way,1.0,50,5G,-73,63.0,6.0,0.04,40.27960242282196,21.75393835113885,Unintentional
User_89,2025-12-25 13:57:19,0.485,1.0,Running,Zep,Reckless_Driving,4way,1.0,120,5G,-105,41.0,-25.0,0.008420436786637,40.2784132110034,21.754894938383018,Unintentional
User_20,2025-12-25 15:01:01,0.686,0.5725,Driving,Zep,Driving_Under_Influence,1way,1.0,50,3G,-87,54.0,22.0,0.0045566697606321,40.27914866687172,21.75381514580618,Unintentional
User_13,2025-12-25 15:49:25,0.657,0.8489,Driving,Zep,Speeding,2way,0.0,40,5G,-111,59.0,20.0,0.004468673488443,40.27975066851807,21.754908007256077,Unintentional
User_14,2025-12-25 15:53:16,0.549,0.7327,Walking,Ligeris,Reckless_Driving,2way,1.0,30,5G,-113,48.0,-18.0,0.0012113158635519,40.32346012202262,21.791258825989416,Unintentional
User_13,2025-12-25 16:11:25,0.657,0.8499,Running,Zep,Reckless_Driving,1way,1.0,40,3G,-90,48.0,1.0,0.043,40.279211689725685,21.791258825989416,Unintentional
User_80,2025-12-25 16:25:17,0.313,0.5725,Driving,Koila,6,4way,0.0,70,4G,-92,35.0,-24.0,0.0082574537224187,40.32153737055477,21.7903783040949,Unintentional
User_19,2025-12-25 18:24:41,0.384,1.0,Walking,Koila,Driving_Under_Influence,2way,3.0,80,5G,-80,48.0,-17.0,0.0098652537898039,40.321866306100034,21.792114396145905,Unintentional
User_24,2025-12-25 19:13:33,0.508,0.5725,Walking,Ligeris,Speeding,1way,0.0,40,4G,-87,88.0,22.0,0.0063919799520841,40.30622697021453,21.808167977918117,Unintentional
User_23,2025-12-26 00:14:20,0.669,1.0,Walking,Ligeris,Speeding,1way,0.0,Lane_Discards,WiFi,-59,87.0,-19.0,0.0093127152706071,40.30731364552959,21.809051228428043,Unintentional
User_10,2025-12-26 01:42:37,0.719,1.0,Walking,Ligeris,Reckless_Driving,1way,1.0,40,3G,-115,48.0,-22.0,0.0081237482690684,40.3063167550363,21.80817575886084,Unintentional
User_71,2025-12-26 07:52:37,0.431,1.0,Driving,Ligeris,Speeding,4way,0.0,70,3G,-79,74.0,-22.0,0.0038462109672004,40.30650268013151,21.808013649277857,Unintentional
User_12,2025-12-26 08:10:59,0.251,0.7407,Running,Koila,Driving_Under_Influence,1way,2.0,40,3G,-84,66.0,-2.0,0.028,40.32156650643405,21.790784607239843,Unintentional
User_09,2025-12-26 12:22:45,0.377,1.0,Walking,Zep,Reckless_Driving,2way,0.0,30,WiFi,-59,56.0,9.0,0.045,40.27944994250784,21.753431844029656,Unintentional
User_67,2025-12-26 17:29:39,0.508,0.5725,Running,Ligeris,Reckless_Driving,1way,0.0,50,4G,-94,48.0,11.0,0.031,40.30459342301841,21.791258825989416,Unintentional
User_50,2025-12-26 19:21:20,0.477,1.0,Driving,Zep,Reckless_Driving,2way,1.0,20,WiFi,-51,56.0,20.0,0.0016174727662379,40.27956398743045,21.75489948791958,Unintentional
User_31,2025-12-27 00:18:48,0.72,0.9709,Running,Ligeris,Speeding,4way,1.0,40,3G,Ethernet,37.0,21.0,0.0044356871939048,40.30710916549449,21.80810013479517,Unintentional
User_39,2025-12-27 00:24:35,0.685,0.9818,Driving,Ligeris,Speeding,2way,2.0,50,3G,-70,75.0,23.0,0.0060146313651114,40.30560245366747,21.791258825989416,Unintentional
User_24,2025-12-27 02:26:42,0.7,0.945,Running,Ligeris,Speeding,1way,1.0,20,3G,-76,99.0,24.0,0.0037507111057566,40.3062882334549,21.807662432340067,Unintentional
User_46,2025-12-27 02:35:16,0.621,0.9079,Driving,Ligeris,Driving_Under_Influence,1way,1.0,80,5G,-117,95.0,21.0,0.0025785402959107,40.30630259759195,21.806354104742766,Unintentional
User_45,2025-12-27 05:44:48,0.446,0.7785,Walking,Zep,Speeding,1way,150.0,40,WiFi,-80,51.0,5.0,0.041,40.30622692377462,21.753338792351613,Unintentional
User_66,2025-12-27 05:49:40,0.508,1.0,Walking,Koila,Speeding,1way,0.0,10,4G,Ethernet,64.0,-6.0,0.039,40.32067506628452,21.792626953019752,Unintentional
User_58,2025-12-27 08:04:58,0.508,0.853,Walking,Ligeris,Reckless_Driving,4way,0.0,70,WiFi,-87,7.0,-6.0,0.044,40.32222243690181,21.791163269715273,Unintentional
User_10,2025-12-27 09:58:56,0.719,1.0,Running,Ligeris,Driving_Under_Influence,2way,0.0,80,4G,-100,48.0,-20.0,0.0040138848047064,40.32206364322197,21.790637236951067,Unintentional
User_67,2025-12-27 11:04:12,0.557,0.9026,Walking,Ligeris,Speeding,2way,0.0,40,5G,-83,38.0,0.0,0.023,40.32171574046461,21.791258825989416,Unintentional
User_27,2025-12-27 12:56:08,0.508,1.0,Running,Zep,Speeding,2way,0.0,20,5G,-118,71.0,-3.0,0.032,40.2786359083862,21.791258825989416,Unintentional
User_13,2025-12-27 13:24:45,0.657,0.8539,Running,Zep,Reckless_Driving,2way,0.0,20,5G,Ethernet,3.0,0.0,0.023,40.27926234606664,21.75338957267403,Unintentional
User_77,2025-12-27 13:48:48,0.347,0.8616,Running,Koila,Driving_Under_Influence,2way,0.0,70,3G,-71,63.0,-17.0,0.0068581718704912,40.32166122939907,21.791099376762347,Unintentional
User_81,2025-12-27 16:06:42,0.482,0.9694,Walking,Zep,Driving_Under_Influence,1way,2.0,10,WiFi,-59,78.0,0.0,0.027,40.30622692377462,21.75317202941963,Unintentional
User_99,2025-12-27 16:16:18,0.618,0.9283,Running,Ligeris,Speeding,2way,0.0,80,3G,-91,88.0,19.0,0.0082123860903663,40.306627056491735,21.791258825989416,Unintentional
User_01,2025-12-27 21:34:45,0.508,1.0,Driving,Ligeris,Speeding,2way,0.0,Illegal_Parking,WiFi,-74,91.0,5.0,0.023,40.30678655771724,21.791258825989416,Unintentional
User_24,2025-12-27 23:03:02,0.7,0.946,Running,Koila,Reckless_Driving,1way,1.0,40,3G,-85,0.0,24.0,0.0057271729697465,40.32193902897322,21.791258825989416,Unintentional
User_89,2025-12-28 02:05:50,0.485,1.0,Running,Zep,Speeding,1way,160.0,50,3G,-87,81.0,-3.0,0.039,40.30622692377462,21.753346721643343,Unintentional
User_07,2025-12-28 03:25:39,0.319,0.977,Driving,Zep,Speeding,2way,3.0,40,3G,-100,82.0,-1.0,0.04,40.280098205470786,21.753357244630877,Unintentional
User_44,2025-12-28 07:50:05,0.332,0.8257,Running,Zep,Driving_Under_Influence,1way,0.0,30,3G,-105,24.0,-11.0,0.036,40.27852645120865,21.75158108404877,Unintentional
User_64,2025-12-28 13:22:13,0.257,0.7356,Driving,Koila,Reckless_Driving,4way,1.0,40,WiFi,-69,48.0,0.0,0.043,40.32254124250857,21.791258825989416,Unintentional
User_90,2025-12-28 21:31:49,0.522,0.5725,Driving,Zep,Reckless_Driving,2way,1.0,70,4G,Ethernet,91.0,18.0,0.0057271729697465,40.30622692377462,21.75435068506391,Unintentional
User_83,2025-12-28 21:44:27,0.453,1.0,Walking,Koila,Speeding,2way,160.0,60,3G,-113,3.0,18.0,0.0090256948332773,40.32368206693645,21.792226583146807,Unintentional
User_58,2025-12-28 23:24:32,0.669,0.856,Walking,Ligeris,Driving_Under_Influence,2way,2.0,60,3G,-103,91.0,13.0,0.033,40.306941728890195,21.791258825989416,Unintentional
User_17,2025-12-29 00:31:33,0.383,0.7492,Walking,Zep,8,2way,4.0,60,4G,-103,27.0,15.0,0.039,40.27802960323288,21.75426155464866,Unintentional
User_63,2025-12-29 02:22:10,0.408,0.9444,Walking,Zep,Speeding,1way,1.0,50,5G,-114,48.0,25.0,0.006402963199921,40.27947510185356,21.791258825989416,Unintentional
User_86,2025-12-29 02:59:37,0.508,0.9923,Running,Ligeris,Speeding,2way,2.0,40,5G,-107,56.0,-25.0,0.0061456526064026,40.30477273157301,21.791258825989416,Unintentional
User_19,2025-12-29 03:45:03,0.384,1.0,Running,Zep,Speeding,2way,0.0,10,4G,-91,44.0,-21.0,0.0041888889729479,40.27944768044726,21.753748432332877,Unintentional
User_70,2025-12-29 04:17:44,0.359,1.0,Walking,Koila,Driving_Under_Influence,2way,0.0,40,5G,-72,70.0,-7.0,0.04,40.32202767589065,21.791258825989416,Unintentional
User_77,2025-12-29 07:58:16,0.347,0.8646,Driving,Koila,Speeding,1way,0.0,20,4G,-95,39.0,-16.0,0.023,40.3232640260529,21.78979912481476,Unintentional
User_37,2025-12-29 10:18:00,0.528,1.0,Driving,Ligeris,Speeding,2way,0.0,10,4G,-93,43.0,19.0,0.0018947265062057,40.30615201089129,21.80766406541917,Unintentional
User_85,2025-12-29 10:45:17,0.572,1.0,Walking,Ligeris,Driving_Under_Influence,2way,1.0,80,3G,-68,74.0,22.0,0.0078080382819444,40.30564926271463,21.80751139117318,Unintentional
User_81,2025-12-29 17:07:07,0.482,0.9734,Walking,Ligeris,Speeding,2way,1.0,20,3G,-100,34.0,-17.0,0.001555503010026,40.30600601638598,21.806588969105505,Unintentional
User_77,2025-12-29 17:48:44,0.347,0.8656,Walking,Zep,Speeding,2way,0.0,10,3G,-103,48.0,-23.0,0.0050896038475328,40.28001683940835,21.7518752437223,Unintentional
User_33,2025-12-30 00:07:39,0.486,0.8666,Driving,Koila,Driving_Under_Influence,2way,1.0,Illegal_Parking,WiFi,Ethernet,63.0,-22.0,0.0059814932091696,40.32207491074368,21.79234715663224,Unintentional
User_07,2025-12-30 01:02:55,0.508,0.981,Walking,Zep,Speeding,2way,0.0,70,5G,-96,78.0,4.0,0.035,40.27960313194138,21.75343617490146,Unintentional
User_38,2025-12-30 02:43:06,0.448,0.8932,Running,Ligeris,Speeding,2way,3.0,Lane_Discards,5G,-88,44.0,-17.0,0.0017936747109768,40.306346781564685,21.808501956074178,Unintentional
User_69,2025-12-30 05:28:32,0.289,0.5725,Running,Ligeris,Speeding,4way,1.0,20,3G,-90,50.0,-25.0,0.0068447452619864,40.32185896833902,21.791258825989416,Unintentional
User_04,2025-12-30 08:22:24,0.295,0.7879,Driving,Ligeris,Speeding,2way,0.0,30,3G,-93,41.0,11.0,0.039,40.32105744267385,21.79198222296981,Unintentional
User_59,2025-12-30 11:31:57,0.508,0.5725,Running,Ligeris,Speeding,4way,2.0,40,WiFi,-61,73.0,-21.0,0.008661142322802,40.28003395731567,21.75258261739369,Unintentional
User_28,2025-12-30 15:06:05,0.561,0.8285,Running,Zep,Reckless_Driving,1way,0.0,30,4G,-88,0.0,0.0,0.039,40.27973591085734,21.752892260242987,Unintentional
User_23,2025-12-30 15:08:08,0.669,1.0,Walking,Ligeris,Reckless_Driving,1way,1.0,50,3G,-80,67.0,0.0,0.027,40.3077432023074,21.80737736110638,Unintentional
User_47,2025-12-30 20:12:07,0.636,0.8611,Walking,Ligeris,Speeding,2way,0.0,70,WiFi,-77,39.0,-3.0,0.025,40.30462976559934,21.80662005605041,Unintentional
User_26,2025-12-30 23:35:16,0.642,0.8842,Running,Koila,Driving_Under_Influence,2way,3.0,70,3G,-81,72.0,-17.0,0.0040347023624258,40.32085949374384,21.79111583071064,Unintentional
User_79,2025-12-31 00:32:53,0.426,0.7686,Driving,Ligeris,Driving_Under_Influence,2way,2.0,60,WiFi,-64,55.0,24.0,0.0057271729697465,40.30574630675136,21.808070677236937,Unintentional
User_18,2025-12-31 02:37:53,0.271,0.8714,Running,Zep,Driving_Under_Influence,4way,0.0,60,4G,-85,67.0,15.0,0.026,40.30622692377462,21.791258825989416,Unintentional
User_92,2025-12-31 07:45:58,0.611,1.0,Running,Ligeris,Speeding,2way,140.0,50,4G,-110,48.0,-14.0,0.029,40.30622221981389,21.791258825989416,Unintentional
User_98,2025-12-31 12:18:51,0.553,0.9729,Driving,Koila,6,1way,1.0,20,3G,-105,53.0,-22.0,0.0057271729697465,40.30622692377462,21.79105497925655,Unintentional
User_56,2025-12-31 12:40:31,0.508,0.9056,Walking,Ligeris,Driving_Under_Influence,1way,1.0,10,3G,-82,49.0,-12.0,0.043,40.30478563301027,21.80637054125247,Unintentional
User_86,2025-12-31 15:21:02,0.63,0.9973,Driving,Koila,Speeding,2way,0.0,40,3G,-92,92.0,23.0,0.0096636056690035,40.32301721387665,21.791258825989416,Unintentional
User_73,2025-12-31 23:09:45,0.676,1.0,Driving,Ligeris,Speeding,4way,1.0,70,WiFi,-63,48.0,-21.0,0.0099769392249224,40.30571699210688,21.8082934758972,Unintentional
