User_Id,Timestamp,User_Reputation,User_Experience,User_Activity,University_Area,Violation_Type,Road_Type,Road_Accident,Speed_Limit,Internet_Connection,Internet_Signal_Strength,Battery_Percentage,Accelerometer_Range,Accelerometer_Resolution,Latitude,Longitude,True_Class
User_70,2025-01-01 04:54:56,0.359,0.3352,Running,Koila,Speeding,2way,0.0,40,4G,-105,10.0,0.0,0.0018090653200364,40.30622692377462,21.792456686332915,Normal
User_10,2025-01-01 10:01:34,0.508,0.3213,Walking,Ligeris,Reckless_Driving,2way,4.0,40,3G,Ethernet,54.0,0.0,0.0057271729697465,40.279095272297184,21.751864974523656,Normal
User_25,2025-01-01 13:25:40,0.627,0.0593,Walking,Ligeris,Speeding,2way,0.0,70,3G,-89,48.0,8.0,0.0064978157973354,37.742449,21.806598095677753,Normal
User_15,2025-01-01 14:58:08,0.585,0.0324,Running,Ligeris,Reckless_Driving,2way,1.0,40,3G,-96,45.0,-7.0,0.0099043160953518,40.30622692377462,21.791258825989416,Normal
User_53,2025-01-01 15:07:43,0.364,0.3677,Walking,Zep,Speeding,2way,0.0,40,4G,-97,89.0,2.0,0.0082140769448807,40.280761013189675,21.791258825989416,Normal
User_98,2025-01-01 20:11:27,0.508,0.2459,Walking,Ligeris,Reckless_Driving,1way,2.0,60,4G,-109,3.0,10.0,0.0057717403771668,40.279133858255,22.395785,Normal
User_84,2025-01-02 01:39:47,0.689,0.1796,Driving,Koila,Reckless_Driving,2way,0.0,90,3G,Ethernet,39.0,-10.0,0.005652921277573,40.321912533064754,21.790614036989965,Normal
User_37,2025-01-02 04:57:09,0.528,0.5725,Running,Ligeris,Speeding,1way,0.0,10,5G,-92,75.0,6.0,0.0084307991929873,40.307732018847624,21.80797167531988,Normal
User_68,2025-01-02 07:02:49,0.736,0.3185,Walking,Koila,Speeding,1way,2.0,80,3G,-102,96.0,-23.0,0.009064535092835,40.32275472321392,21.791258825989416,Unintentional
User_56,2025-01-02 08:42:39,0.419,0.1796,Running,Ligeris,Driving_Under_Influence,2way,1.0,90,3G,-82,85.0,-11.0,0.004031493488369,40.30764815509803,21.808678324751508,Normal
User_15,2025-01-02 09:29:16,0.585,0.0344,Walking,Zep,Reckless_Driving,2way,1.0,30,WiFi,-76,49.0,11.0,0.0079138593986777,40.28015819928977,21.75455286775779,Normal
User_93,2025-01-02 15:26:32,0.508,0.1061,Running,Ligeris,Speeding,2way,1.0,50,WiFi,-89,17.0,9.0,0.0053728374304228,40.307327334437055,21.807846438479213,Normal
User_20,2025-01-02 21:02:18,0.686,0.3324,Running,Ligeris,Speeding,4way,1.0,30,WiFi,-77,59.0,13.0,0.0027966333833475,40.30622692377462,21.80937705973771,Normal
User_73,2025-01-02 22:07:04,0.676,0.3598,Driving,Koila,Speeding,2way,0.0,20,5G,-118,61.0,19.0,0.0040720899996614,40.321329660392145,21.791258825989416,Unintentional
User_06,2025-01-02 23:50:03,0.614,0.3763,Running,Ligeris,Driving_Under_Influence,2way,0.0,20,5G,-95,97.0,20.0,0.0080201860053558,40.27833919435742,21.752978842112466,Unintentional
User_63,2025-01-03 04:28:39,0.508,0.2244,Walking,Ligeris,Driving_Under_Influence,4way,0.0,40,5G,Ethernet,67.0,13.0,0.0088065898860373,40.30630732417524,21.80740222896734,Normal
User_20,2025-01-03 04:42:20,0.686,0.3334,Driving,Spinari,Reckless_Driving,1way,1.0,20,5G,-87,22.0,-9.0,0.004825280190397,40.30546646060511,21.80722253229353,Intentional
User_83,2025-01-03 04:44:29,0.453,0.2945,Walking,Ligeris,Driving_Under_Influence,2way,0.0,60,5G,-92,62.0,4.0,0.0061546541715242,40.30600276193663,21.8080137570653,Normal
User_05,2025-01-03 05:31:11,0.311,0.1588,Driving,Zep,6,2way,1.0,60,WiFi,Satellite,9.0,-1.0,0.0073455770488738,40.27944029655495,21.754695116698603,Normal
User_62,2025-01-03 10:40:33,0.346,0.2563,Driving,Zep,Speeding,4way,4.0,10,3G,-79,48.0,13.0,0.008022387944851,40.28033939172795,21.753268074510864,Normal
User_21,2025-01-03 15:27:06,0.508,0.3675,Running,Spinari,Reckless_Driving,1way,1.0,20,3G,-115,61.0,-5.0,0.005151272271455,40.32342965223209,21.790836324602218,Intentional
User_74,2025-01-03 19:08:10,0.6,0.0125,Walking,Koila,Speeding,5way,1.0,90,WiFi,-84,58.0,-2.0,0.00459377022242,40.3219665571737,21.790261872662413,Intentional
User_04,2025-01-04 02:53:29,0.295,0.0679,Driving,Ligeris,Driving_Under_Influence,2way,0.0,80,5G,-83,48.0,-13.0,0.008691443658645,40.30622692377462,21.807851026810617,Normal
User_76,2025-01-04 06:19:14,0.349,0.3806,Walking,Ligeris,7,2way,0.0,40,4G,-114,29.0,13.0,0.0065676002821495,37.127346,21.791258825989416,Normal
User_75,2025-01-04 11:13:35,0.544,0.3494,Running,Koila,Speeding,1way,0.0,10,4G,-114,48.0,16.0,0.0024842041649414,40.32293063402648,21.790896073815652,Normal
User_12,2025-01-04 11:49:32,0.251,0.0287,Driving,Ligeris,Speeding,2way,0.0,10,4G,-117,13.0,3.0,0.0021084990267769,40.306258835810524,21.807466791652992,Normal
User_33,2025-01-04 13:38:11,0.486,0.1476,Walking,Ligeris,Reckless_Driving,2way,0.0,50,WiFi,-71,67.0,-5.0,0.043,40.28028550746752,21.791258825989416,Unintentional
User_82,2025-01-04 19:44:52,0.499,0.3654,Running,Koila,Speeding,2way,0.0,80,WiFi,-61,63.0,0.0,0.0046904162915593,40.32317980590946,21.79140607277673,Normal
User_65,2025-01-04 20:00:16,0.508,0.1003,Walking,Zep,Driving_Under_Influence,5way,1.0,30,4G,-100,48.0,-3.0,0.009816227983359,40.28021322247311,21.75132456057829,Intentional
User_74,2025-01-04 20:57:07,0.6,0.0155,Walking,Ligeris,Reckless_Driving,2way,0.0,50,WiFi,Ethernet,60.0,15.0,0.0026058896150958,40.306231537376455,21.806266577663393,Normal
User_66,2025-01-05 02:11:31,0.325,0.3947,Walking,Koila,Reckless_Driving,2way,2.0,90,WiFi,-87,0.0,-12.0,0.0076439365928894,40.3211723005216,21.791258825989416,Normal
User_72,2025-01-05 04:23:54,0.697,0.1102,Running,Koila,Speeding,2way,0.0,30,WiFi,-67,48.0,-3.0,0.0017058729040294,40.322065420377406,21.7910109017936,Normal
User_71,2025-01-05 05:21:21,0.431,0.293,Driving,Ligeris,Speeding,2way,1.0,40,4G,-106,-141.0,8.0,0.0057271729697465,40.30557979629584,21.80735641613587,Normal
User_97,2025-01-05 12:27:34,0.296,0.3649,Running,Koila,Speeding,2way,1.0,30,3G,-108,37.0,0.0,0.0032394681337493,40.320929263806,21.79124620643764,Normal
User_93,2025-01-05 13:12:47,0.418,0.1121,Running,Koila,Speeding,2way,0.0,40,3G,-109,69.0,7.0,0.0097303049614902,40.32103343795862,21.79118121196964,Normal
User_06,2025-01-05 17:58:48,0.614,0.3823,Walking,Koila,Speeding,2way,0.0,10,3G,-71,15.0,-3.0,0.0057271729697465,40.32102555377401,21.79263465554492,Normal
User_100,2025-01-05 19:05:51,0.592,0.2081,Walking,Ligeris,Driving_Under_Influence,2way,3.0,20,5G,-112,48.0,0.0,0.0012972680827152,40.27996675632572,21.75284017985248,Normal
User_13,2025-01-05 19:46:41,0.657,0.1419,Walking,Koila,Reckless_Driving,4way,0.0,70,WiFi,-79,70.0,-14.0,0.0064535168113969,40.322373764648354,21.79093136507153,Normal
User_42,2025-01-05 20:22:35,0.577,0.2742,Walking,Zep,Speeding,2way,1.0,20,4G,-114,63.0,-25.0,0.0039795673881563,40.2809927876818,21.752248008594353,Unintentional
User_03,2025-01-05 20:51:42,0.381,0.5725,Walking,Ligeris,Speeding,2way,0.0,80,5G,-95,70.0,-6.0,0.0024122951932613,40.30622692377462,21.80731924226069,Normal
User_61,2025-01-05 22:20:39,0.261,0.1075,Running,Koila,Speeding,2way,1.0,50,3G,-60,51.0,0.0,0.0069038903004478,40.322450968115845,21.790729078134586,Normal
User_89,2025-01-06 00:13:40,0.485,0.3173,Driving,Zep,Driving_Under_Influence,2way,1.0,50,3G,-73,50.0,-14.0,0.0057271729697465,40.2791136371256,21.791258825989416,Normal
User_90,2025-01-06 04:12:41,0.522,0.0754,Walking,Ligeris,Reckless_Driving,2way,0.0,Illegal_Parking,3G,-64,79.0,5.0,0.0080296604171153,40.30622692377462,21.806520432745135,Normal
User_82,2025-01-06 11:06:03,0.499,0.3694,Driving,Zep,Driving_Under_Influence,2way,2.0,60,5G,-89,88.0,0.0,0.0090186141311966,40.280799979585574,21.7533864678544,Normal
User_72,2025-01-06 14:50:55,0.697,0.1112,Driving,Ligeris,Speeding,2way,1.0,130,3G,-103,72.0,-12.0,0.0057271729697465,40.30748491165822,21.80646459297806,Normal
User_04,2025-01-06 21:14:33,0.508,0.0729,Driving,Koila,Driving_Under_Influence,1way,0.0,40,5G,-85,48.0,-4.0,0.0031936550364911,40.32234968894332,17.63928,Normal
User_96,2025-01-06 22:12:21,0.722,0.0266,Driving,Ligeris,Reckless_Driving,1way,0.0,30,3G,Ethernet,75.0,0.0,0.0057271729697465,40.30610500077628,21.808566074673212,Normal
User_65,2025-01-06 22:13:09,0.578,0.1043,Driving,Ligeris,Driving_Under_Influence,4way,4.0,10,4G,Ethernet,82.0,3.0,0.0096530460602439,40.2797125010991,21.753052926990684,Normal
User_68,2025-01-07 02:09:03,0.508,0.5725,Running,Ligeris,Speeding,1way,0.0,30,5G,-103,23.0,8.0,0.002041955540897,40.30622692377462,21.791642230352902,Normal
User_84,2025-01-07 02:34:57,0.689,0.1896,Walking,Zep,Speeding,2way,1.0,Harassing_Driver,4G,-91,64.0,-3.0,0.0095432878152212,40.27941326131634,21.75326726828994,Normal
User_32,2025-01-07 04:27:52,0.694,0.3138,Driving,Ligeris,Speeding,1way,0.0,40,4G,-99,48.0,-15.0,0.0057271729697465,40.305831032360025,21.8071247489074,Normal
User_07,2025-01-07 05:28:09,0.319,0.268,Driving,Ligeris,Reckless_Driving,2way,1.0,90,WiFi,-62,18.0,3.0,0.0057271729697465,40.30622692377462,21.79067396614618,Normal
User_63,2025-01-07 06:02:30,0.408,0.2324,Driving,Ligeris,Reckless_Driving,2way,1.0,100,5G,-105,48.0,-8.0,0.0081741204951867,40.30668557316641,21.80857956108845,Normal
User_44,2025-01-07 06:51:13,0.332,0.1157,Driving,Zep,Speeding,2way,1.0,20,5G,-96,76.0,16.0,0.0088468244178335,40.28087959353616,21.75330352159559,Normal
User_15,2025-01-07 08:06:39,0.585,0.5725,Driving,Zep,Speeding,2way,2.0,80,3G,-97,54.0,15.0,0.0014705232498646,40.278748811787715,21.791258825989416,Normal
User_70,2025-01-07 09:29:17,0.359,0.3472,Driving,Ligeris,Reckless_Driving,2way,140.0,70,WiFi,-67,48.0,9.0,0.0093696084534474,40.32190339247952,21.791258825989416,Normal
User_02,2025-01-07 10:01:28,0.504,0.1978,Walking,Koila,Speeding,1way,2.0,90,5G,-86,8.0,-6.0,0.0078299793008965,40.32214882006236,21.791258825989416,Normal
User_39,2025-01-07 20:24:20,0.508,0.2748,Driving,Zep,Speeding,2way,1.0,80,3G,-79,84.0,4.0,0.004553176161259,40.28040012119196,21.754697367081096,Normal
User_12,2025-01-07 20:38:35,0.251,0.0347,Walking,Koila,Speeding,4way,1.0,40,5G,-100,88.0,4.0,0.0052458976649399,40.32217842558816,21.78911544201841,Normal
User_28,2025-01-07 22:34:01,0.561,0.1155,Running,Ligeris,Speeding,2way,1.0,20,5G,-100,48.0,-1.0,0.0047641839529102,41.79251,21.807883966654213,Normal
User_64,2025-01-07 23:17:48,0.508,0.5725,Walking,Ligeris,Reckless_Driving,2way,0.0,40,5G,-109,77.0,4.0,0.039,40.28048329673407,21.752405357490613,Unintentional
User_19,2025-01-08 01:53:34,0.384,0.3533,Walking,Ligeris,Speeding,4way,1.0,40,4G,-77,49.0,14.0,0.0080532645799234,40.30730697500148,21.80748305341962,Normal
User_82,2025-01-08 02:57:38,0.499,0.3724,Walking,Zep,Driving_Under_Influence,1way,1.0,70,3G,-116,15.0,-9.0,0.0090505560851645,40.2791868460509,21.7518034057966,Normal
User_79,2025-01-08 06:23:21,0.426,0.0556,Walking,Ligeris,Reckless_Driving,4way,1.0,10,4G,-112,60.0,9.0,0.0057271729697465,40.32174144553267,21.79097335357844,Normal
User_47,2025-01-08 11:52:35,0.636,0.1491,Walking,Koila,Speeding,2way,1.0,30,4G,-86,48.0,-13.0,0.0029855839505305,40.32255024759197,21.79026569413782,Normal
User_28,2025-01-08 15:13:53,0.561,0.1165,Driving,Zep,Speeding,1way,1.0,60,3G,Ethernet,48.0,-16.0,0.0057271729697465,40.27781623705144,21.753712332619816,Normal
User_41,2025-01-08 15:14:08,0.251,0.2765,Flying,Koila,Speeding,2way,0.0,40,WiFi,-57,82.0,1.0,0.0017244524790936,40.32154410301338,21.792982441655855,Intentional
User_99,2025-01-08 22:06:43,0.618,0.2223,Swimming,Ligeris,Reckless_Driving,1way,0.0,40,3G,Ethernet,2.0,-3.0,0.0031964454366924,40.30527654752672,21.806358950675147,Intentional
User_11,2025-01-08 22:55:11,0.539,0.1896,Driving,Spinari,Driving_Under_Influence,1way,1.0,70,4G,-74,-160.0,-8.0,0.003357310054094,40.30548902025512,21.80698885164029,Intentional
User_87,2025-01-09 00:42:03,0.374,0.1626,Walking,Koila,Driving_Under_Influence,2way,5.0,70,WiFi,Ethernet,6.0,15.0,0.0057271729697465,40.32214265057374,21.79122495945145,Normal
User_02,2025-01-09 10:25:53,0.504,0.2018,Driving,Zep,Reckless_Driving,4way,0.0,60,3G,-88,-40.0,-11.0,0.0098820984636054,40.2801476816192,21.75209943367365,Normal
User_12,2025-01-09 11:43:43,0.251,0.0377,Running,Ligeris,Reckless_Driving,2way,1.0,50,3G,-78,74.0,10.0,0.0082749106466958,40.32270759883728,21.791475265889723,Normal
User_33,2025-01-09 15:11:44,0.486,0.1576,Driving,Ligeris,Speeding,5way,0.0,60,WiFi,-67,42.0,-3.0,0.0016241166982846,40.30647385911267,21.8085192401626,Intentional
User_100,2025-01-09 15:49:13,0.592,0.2151,Walking,Zep,Speeding,2way,140.0,70,3G,-120,80.0,7.0,0.0085682865272266,40.30622692377462,21.791258825989416,Normal
User_03,2025-01-09 19:06:06,0.381,0.2095,Walking,Ligeris,Driving_Under_Influence,6way,1.0,20,3G,-98,33.0,0.0,0.0068749451016686,37.044539,21.80593797169364,Intentional
User_46,2025-01-09 22:27:59,0.621,0.2049,Walking,Zep,Speeding,2way,0.0,10,WiFi,-62,5.0,-10.0,0.0068793429277005,40.279692381373906,21.75356395848913,Normal
User_02,2025-01-10 00:18:32,0.504,0.2038,Driving,Ligeris,9,1way,1.0,40,3G,-95,42.0,-12.0,0.0023178988083974,40.30504876272677,21.806418384876313,Normal
User_97,2025-01-10 05:20:37,0.508,0.3749,Driving,Zep,Reckless_Driving,4way,0.0,10,111,-91,13.0,0.0,0.0050639691343739,40.28013971283048,21.791258825989416,Normal
User_16,2025-01-10 09:53:45,0.438,0.1449,Driving,Ligeris,Speeding,2way,1.0,40,4G,-88,4.0,10.0,0.0042577252805738,40.30643611070981,21.807502417012554,Normal
User_79,2025-01-10 17:24:57,0.426,0.0586,Running,Zep,Reckless_Driving,2way,0.0,60,4G,-117,91.0,-1.0,0.0057271729697465,40.27810880849411,21.75348661658543,Normal
User_53,2025-01-10 22:53:05,0.364,0.3867,Flying,Koila,Speeding,2way,1.0,20,5G,Ethernet,92.0,-16.0,0.003116901794231,40.32205323390372,21.7912838661475,Intentional
User_23,2025-01-11 00:42:52,0.669,0.3846,Driving,Ligeris,7,4way,0.0,90,5G,Satellite,58.0,-13.0,0.0075599299992999,40.32065984589956,21.792379855388344,Normal
User_93,2025-01-11 06:03:50,0.418,0.1241,Running,Zep,Driving_Under_Influence,2way,0.0,80,3G,-77,77.0,-5.0,0.0048859380742899,40.27970909934225,21.75444561511997,Normal
User_88,2025-01-11 22:26:41,0.676,0.054,Running,Koila,Reckless_Driving,1way,1.0,30,3G,-103,59.0,3.0,0.0086777949226604,40.32106042241006,21.791331002074365,Normal
User_31,2025-01-12 02:00:37,0.72,0.2729,Walking,Koila,Speeding,4way,2.0,30,3G,-111,72.0,-6.0,0.0027322450469935,42.969578,21.79004114080284,Normal
User_16,2025-01-12 06:50:21,0.438,0.1489,Walking,Zep,Speeding,4way,1.0,120,3G,-70,39.0,8.0,0.0057271729697465,40.27857459952089,21.75297246123443,Normal
User_13,2025-01-12 08:52:53,0.657,0.1559,Driving,Zep,Speeding,2way,0.0,40,120,-81,3.0,-10.0,0.009416704973022,40.27955704654987,21.753257915795302,Normal
User_14,2025-01-12 10:03:11,0.549,0.5725,Running,Center,Driving_Under_Influence,2way,2.0,20,117,-94,17.0,5.0,0.0050972745402498,40.30575391378154,21.80693499729301,Intentional
User_45,2025-01-12 11:17:44,0.446,0.0815,Walking,Ligeris,Reckless_Driving,2way,0.0,30,3G,-116,87.0,2.0,0.0057271729697465,40.30622692377462,21.80763552571629,Normal
User_46,2025-01-12 11:26:18,0.621,0.2099,Running,Koila,Speeding,2way,1.0,40,WiFi,-68,36.0,-14.0,0.0061863060006555,40.320494144687835,21.79121204280256,Normal
User_92,2025-01-12 11:43:34,0.611,0.4051,Running,Koila,Reckless_Driving,2way,0.0,90,WiFi,-68,-49.0,-13.0,0.0071993812761726,40.30622692377462,21.791956903286152,Normal
User_39,2025-01-12 12:51:07,0.685,0.2838,Running,Koila,Speeding,1way,1.0,Lane_Discards,WiFi,-78,1.0,15.0,0.0029180538419939,40.321053891772536,21.791356492640183,Normal
User_18,2025-01-12 14:25:51,0.271,0.5725,Driving,Koila,Reckless_Driving,2way,0.0,40,WiFi,-84,34.0,-5.0,0.0011075228291959,40.32130843399806,21.789870880554915,Normal
User_85,2025-01-12 16:53:49,0.508,0.4192,Running,Ligeris,Reckless_Driving,2way,4.0,10,5G,-117,-147.0,13.0,0.0057271729697465,40.30622692377462,21.791236088145784,Normal
User_47,2025-01-12 18:57:33,0.636,0.5725,Walking,Ligeris,Speeding,5way,1.0,30,5G,-101,17.0,0.0,0.0040745293979291,40.28017863810387,21.753381191744705,Intentional
User_35,2025-01-12 22:32:01,0.379,0.2296,Walking,Zep,Driving_Under_Influence,1way,0.0,40,3G,-96,67.0,0.0,0.0013644479548128,40.2803607979037,21.751626027464553,Normal
User_33,2025-01-13 04:50:47,0.486,0.1646,Driving,Koila,Reckless_Driving,4way,0.0,80,4G,-75,48.0,10.0,0.0059375972806336,40.321966442842474,21.79164648227771,Normal
User_11,2025-01-13 06:16:04,0.539,0.1986,Running,Koila,Reckless_Driving,4way,0.0,120,4G,-98,48.0,6.0,0.0033675992318402,40.32217086796346,21.7910185212298,Normal
User_34,2025-01-13 11:52:34,0.508,0.2076,Walking,Koila,Driving_Under_Influence,1way,1.0,40,4G,-90,53.0,7.0,0.03,40.321727521052786,21.79123817092485,Unintentional
User_10,2025-01-13 11:59:36,0.719,0.3443,Running,Zep,Speeding,2way,1.0,30,4G,-118,97.0,-8.0,0.0078925975761171,40.30622692377462,22.654948,Normal
User_52,2025-01-13 19:45:52,0.399,0.3619,Running,Koila,Reckless_Driving,2way,0.0,20,5G,-111,48.0,0.0,0.0087858438031059,40.32291191751912,21.791258825989416,Normal
User_80,2025-01-13 23:23:17,0.313,0.2385,Walking,Koila,Speeding,2way,1.0,40,3G,-112,5.0,14.0,0.0057271729697465,40.32180933610702,21.791397223510646,Normal
User_88,2025-01-14 04:01:09,0.676,0.5725,Driving,Ligeris,Driving_Under_Influence,1way,1.0,60,4G,-111,13.0,-3.0,0.0031476076692477,40.304872460879224,21.80649506149266,Normal
User_80,2025-01-14 09:11:13,0.313,0.2405,Driving,Ligeris,Reckless_Driving,1way,1.0,20,WiFi,-67,28.0,8.0,0.0098555014365226,40.30622692377462,21.789804704471592,Normal
User_18,2025-01-14 09:55:39,0.508,0.1694,Running,Koila,Driving_Under_Influence,2way,4.0,20,3G,-95,42.0,10.0,0.0016766179205437,40.32189107094061,21.791827463352572,Normal
User_44,2025-01-14 10:52:14,0.332,0.1287,Driving,Zep,Driving_Under_Influence,1way,3.0,40,5G,-101,-143.0,0.0,0.0087962744304263,40.2783224605356,21.752375716308947,Normal
User_55,2025-01-14 15:50:34,0.489,0.1008,Driving,Center,Driving_Under_Influence,4way,2.0,60,3G,Ethernet,40.0,4.0,0.003132371804766,40.28051149821659,21.754924378914627,Intentional
User_71,2025-01-14 21:26:27,0.431,0.312,Running,Ligeris,Reckless_Driving,4way,0.0,40,4G,-100,86.0,-1.0,0.0038698454550638,40.28043042021761,21.754561606950492,Normal
User_50,2025-01-14 21:46:14,0.477,0.3547,Walking,Center,Speeding,1way,0.0,80,118,Ethernet,39.0,-14.0,0.0051713372625514,40.32326053327826,21.791258825989416,Intentional
User_60,2025-01-15 09:20:34,0.602,0.3336,Running,Zep,Driving_Under_Influence,4way,0.0,40,WiFi,-66,2.0,0.0,0.0057271729697465,40.28034474757987,21.791258825989416,Normal
User_32,2025-01-15 12:31:31,0.694,0.3298,Running,Ligeris,Speeding,1way,2.0,20,WiFi,-73,50.0,10.0,0.0012575797608728,40.30622703506808,21.807492999586422,Normal
User_81,2025-01-15 16:33:10,0.508,0.2774,Running,Zep,Speeding,2way,4.0,70,5G,Ethernet,46.0,14.0,0.0041458434646125,40.2808590621002,21.751952960952416,Normal
User_26,2025-01-15 19:42:26,0.642,0.5725,Driving,Ligeris,Speeding,2way,0.0,40,5G,-120,-151.0,4.0,0.0083873496907026,40.30705421782476,21.80664455488797,Normal
User_97,2025-01-15 20:57:34,0.296,0.3859,Walking,Zep,Driving_Under_Influence,2way,0.0,40,3G,-98,60.0,3.0,0.0065716177724889,40.27903847694199,21.7542488493699,Normal
User_98,2025-01-15 21:59:03,0.553,0.2739,Driving,Zep,Driving_Under_Influence,2way,1.0,90,WiFi,-71,65.0,16.0,0.0078527170358834,40.28038111075388,23.44357,Normal
User_40,2025-01-15 23:15:02,0.498,0.2847,Running,Ligeris,Reckless_Driving,2way,1.0,40,4G,-114,96.0,-2.0,0.0099323312975565,40.32180416360955,21.79100661981536,Normal
User_36,2025-01-16 00:10:21,0.394,0.3659,Walking,Koila,Driving_Under_Influence,2way,0.0,50,WiFi,-52,2.0,-16.0,0.0068665135979666,40.30622692377462,21.791258825989416,Normal
User_99,2025-01-16 02:59:24,0.618,0.2373,Driving,Ligeris,8,4way,1.0,70,3G,-108,33.0,0.0,0.0064531051458559,40.30555189454852,21.80580078124855,Normal
User_14,2025-01-16 03:46:40,0.549,0.0467,Running,Ligeris,Driving_Under_Influence,2way,0.0,30,4G,-105,49.0,-8.0,0.0044752697557898,40.30662300757913,21.807940762663264,Normal
User_97,2025-01-16 05:55:08,0.296,0.3869,Running,Zep,Driving_Under_Influence,2way,0.0,40,112,-103,99.0,-1.0,0.0083844057190124,40.279709951359614,21.752629239586707,Normal
User_90,2025-01-16 06:08:47,0.522,0.0954,Running,Spinari,Reckless_Driving,2way,1.0,60,4G,Ethernet,37.0,-11.0,0.021,40.27850301093033,21.7521321460112,Intentional
User_84,2025-01-16 06:50:29,0.689,0.2076,Swimming,Ligeris,Speeding,4way,1.0,40,3G,-88,81.0,-15.0,0.0074438590009893,42.659992,21.79059108182753,Intentional
User_75,2025-01-16 09:45:32,0.544,0.3734,Driving,Koila,Driving_Under_Influence,2way,0.0,20,3G,-103,63.0,-5.0,0.0046189489953834,40.32244659575913,21.79100653737976,Normal
User_79,2025-01-16 13:10:35,0.426,0.0716,Running,Zep,Driving_Under_Influence,2way,1.0,50,4G,-76,-122.0,6.0,0.0019923626098035,40.27954193189585,21.75227823996205,Normal
User_95,2025-01-16 16:48:42,0.739,0.1203,Driving,Zep,Speeding,2way,0.0,40,116,-57,42.0,12.0,0.0094871300520512,40.27860270656507,21.75405731327687,Normal
User_72,2025-01-16 22:05:43,0.508,0.1322,Driving,Zep,Reckless_Driving,1way,1.0,10,3G,-116,74.0,-8.0,0.0037709794903083,40.28119466789901,21.75351981007065,Normal
User_73,2025-01-17 01:06:45,0.676,0.3888,Driving,Koila,Speeding,1way,0.0,Illegal_Parking,3G,-85,48.0,0.0,0.0057271729697465,40.30622692377462,21.791198203723457,Normal
User_20,2025-01-17 04:46:50,0.686,0.5725,Driving,Koila,Speeding,1way,150.0,40,WiFi,-53,88.0,0.0,0.0018226917854062,37.863902,21.790897113774413,Normal
User_96,2025-01-17 10:07:59,0.722,0.0476,Running,Ligeris,Reckless_Driving,1way,1.0,40,WiFi,-71,96.0,0.0,0.0091776309959769,40.30616090968936,21.805399321233157,Normal
User_67,2025-01-17 12:16:10,0.557,0.2156,Walking,Zep,Reckless_Driving,1way,1.0,60,WiFi,-55,75.0,15.0,0.0034912225744865,40.28037849912625,21.75383100287895,Normal
User_15,2025-01-17 12:24:50,0.585,0.0654,Driving,Ligeris,Speeding,2way,1.0,60,3G,-106,78.0,5.0,0.008315257944135,40.306041675738584,21.80563392445945,Normal
User_50,2025-01-17 12:46:01,0.477,0.3607,Walking,Koila,Speeding,4way,3.0,50,3G,-63,76.0,10.0,0.0072304716000889,40.320995797436595,21.792996901942143,Normal
User_80,2025-01-17 15:14:52,0.313,0.2465,Walking,Koila,Speeding,2way,1.0,40,3G,-86,13.0,9.0,0.0088907657842232,40.30622692377462,21.792124624190723,Normal
User_83,2025-01-17 17:54:43,0.508,0.3235,Driving,Ligeris,Speeding,1way,1.0,50,WiFi,-81,16.0,-11.0,0.0057271729697465,40.3076145211364,21.808147970814964,Normal
User_26,2025-01-18 02:19:11,0.642,0.1912,Walking,Ligeris,Reckless_Driving,1way,1.0,30,3G,-110,48.0,-4.0,0.0041372531659272,40.3058327156845,21.8058687075022,Normal
User_89,2025-01-18 09:29:33,0.485,0.3423,Walking,Ligeris,Driving_Under_Influence,2way,1.0,60,5G,-90,92.0,14.0,0.0036501102556988,40.30693140870745,21.805825295262856,Normal
User_53,2025-01-18 18:55:13,0.364,0.4027,Walking,Koila,Driving_Under_Influence,2way,1.0,40,5G,-72,66.0,4.0,0.0042306774607377,40.32231447678179,21.790051448944897,Normal
User_02,2025-01-18 22:04:33,0.504,0.2208,Running,Koila,Speeding,2way,1.0,40,3G,-90,98.0,4.0,0.0046946046228302,40.30622692377462,21.791286048449972,Normal
User_39,2025-01-19 11:15:51,0.685,0.2988,Walking,Ligeris,Reckless_Driving,4way,1.0,20,WiFi,-72,25.0,-13.0,0.0076121764022617,40.307126660678264,21.807110473940696,Normal
User_02,2025-01-19 13:37:41,0.504,0.2228,Walking,Zep,9,1way,0.0,40,3G,-117,78.0,8.0,0.0051209337241477,40.2789627924914,21.753109095045456,Normal
User_95,2025-01-19 14:43:59,0.739,0.1263,Walking,Zep,Reckless_Driving,4way,1.0,40,4G,-80,10.0,16.0,0.0057271729697465,40.2787068405853,21.754224632864332,Normal
User_96,2025-01-19 20:29:41,0.722,0.0526,Walking,Ligeris,Speeding,2way,0.0,60,3G,-82,24.0,-4.0,0.0081791548546552,40.30555442530872,21.808692443957,Normal
User_32,2025-01-19 23:42:01,0.694,0.5725,Running,Zep,Driving_Under_Influence,4way,1.0,40,3G,-105,41.0,4.0,0.0045127504113476,40.28128769601921,21.75333336854645,Normal
User_74,2025-01-20 00:12:36,0.6,0.0465,Driving,Ligeris,Speeding,2way,0.0,60,4G,-98,54.0,18.0,0.0053148167480382,40.30593689336836,21.80726032767861,Unintentional
User_48,2025-01-20 03:29:12,0.611,0.2583,Walking,Ligeris,Reckless_Driving,2way,0.0,20,5G,-81,58.0,6.0,0.0069371944181107,40.30622692377462,21.809606287203945,Normal
User_89,2025-01-20 09:44:30,0.485,0.3453,Driving,Koila,Speeding,2way,0.0,50,5G,-107,54.0,-14.0,0.0056004979738994,40.30622692377462,21.79100818076025,Normal
User_72,2025-01-20 10:38:36,0.697,0.1402,Driving,Spinari,Driving_Under_Influence,2way,1.0,50,4G,-107,15.0,10.0,0.0041896593068583,40.27820919157513,21.75183640552887,Intentional
User_12,2025-01-20 16:44:59,0.251,0.0607,Running,Zep,Reckless_Driving,5way,0.0,40,4G,-108,48.0,-6.0,0.008663836010896,40.2798802364493,21.755059637405672,Intentional
User_99,2025-01-20 23:36:56,0.618,0.2463,Walking,Ligeris,Driving_Under_Influence,5way,0.0,40,WiFi,-69,7.0,6.0,0.0073019776940844,40.30622692377462,21.809030304272987,Intentional
User_79,2025-01-21 08:42:36,0.426,0.0816,Driving,Koila,Speeding,2way,0.0,20,4G,-73,17.0,-2.0,0.0015070653000512,40.32310146298415,21.791258825989416,Normal
User_31,2025-01-21 09:50:13,0.72,0.5725,Running,Koila,Reckless_Driving,1way,2.0,80,WiFi,-59,58.0,-3.0,0.0033399514561191,40.30622692377462,21.79045459187719,Normal
User_22,2025-01-21 10:15:57,0.712,0.0803,Running,Koila,Speeding,2way,140.0,70,3G,Ethernet,-154.0,10.0,0.0042623266602088,40.322015563869144,21.791098169321515,Normal
User_95,2025-01-21 10:27:18,0.739,0.1293,Walking,Ligeris,Driving_Under_Influence,2way,1.0,Lane_Discards,3G,-70,48.0,-18.0,0.0088880508228017,40.322793617355224,21.789543589262124,Unintentional
User_62,2025-01-21 10:52:47,0.346,0.2923,Walking,Ligeris,Driving_Under_Influence,4way,0.0,60,3G,-75,48.0,-2.0,0.0038508046031334,40.32184996411336,21.792498609455784,Normal
User_71,2025-01-21 15:58:28,0.431,0.326,Flying,Koila,Reckless_Driving,2way,0.0,70,4G,-94,94.0,0.0,0.0032545859339251,40.32237760316433,21.79124345728673,Intentional
User_98,2025-01-21 17:49:11,0.553,0.2859,Running,Koila,Speeding,2way,4.0,60,WiFi,-79,28.0,-1.0,0.0057271729697465,40.321700900015024,21.79148661021538,Normal
User_31,2025-01-21 19:51:18,0.72,0.5725,Walking,Ligeris,Speeding,2way,0.0,20,3G,-112,15.0,-1.0,0.0093311414983039,40.306372996283066,21.791258825989416,Normal
User_84,2025-01-22 03:52:06,0.689,0.2196,Running,Zep,Reckless_Driving,2way,0.0,30,5G,Ethernet,4.0,-10.0,0.0032915354458704,40.28133536396048,21.791258825989416,Normal
User_94,2025-01-22 12:14:55,0.648,0.1058,Walking,Ligeris,Speeding,2way,0.0,20,4G,-83,28.0,0.0,0.0091084557027145,40.30609636695612,21.8076333958033,Normal
User_42,2025-01-22 17:53:29,0.577,0.3082,Walking,Zep,Speeding,1way,1.0,40,4G,-111,14.0,11.0,0.0057201764518846,40.279711964776894,21.75224905101281,Normal
User_66,2025-01-22 20:20:17,0.325,0.4297,Driving,Ligeris,Driving_Under_Influence,2way,4.0,80,5G,-107,35.0,12.0,0.0058215975517279,40.30560838916311,21.791258825989416,Normal
User_16,2025-01-23 01:24:10,0.438,0.1699,Driving,Zep,Driving_Under_Influence,2way,0.0,40,3G,-67,6.0,24.0,0.0030290510482357,40.279671605803934,21.75309940124494,Unintentional
User_57,2025-01-23 02:34:25,0.733,0.1614,Walking,Koila,Driving_Under_Influence,2way,4.0,40,3G,-98,69.0,-14.0,0.0026913136861341,40.320389571835065,21.7913198900122,Normal
User_77,2025-01-23 02:36:15,0.347,0.1846,Driving,Ligeris,Speeding,2way,160.0,70,4G,-120,36.0,-15.0,0.0088927326874803,40.30613302309285,21.80749096493461,Normal
User_30,2025-01-23 11:17:02,0.577,0.3125,Walking,Zep,Driving_Under_Influence,4way,0.0,40,4G,-116,85.0,0.0,0.0087472204351273,40.279353665376895,21.754149261710676,Normal
User_98,2025-01-23 11:38:49,0.508,0.2889,Driving,Koila,Reckless_Driving,2way,0.0,40,5G,-109,48.0,0.0,0.0042922794658301,40.32211030947808,21.791258825989416,Normal
User_83,2025-01-23 13:34:15,0.453,0.3355,Running,Zep,Speeding,2way,0.0,50,WiFi,Ethernet,92.0,0.0,0.0056583253459901,40.28031783664398,21.751161145255587,Normal
User_98,2025-01-23 14:03:20,0.553,0.2899,Driving,Ligeris,Speeding,2way,0.0,10,WiFi,-77,100.0,1.0,0.0057271729697465,40.30634819141501,22.382021,Normal
User_70,2025-01-23 21:56:44,0.359,0.5725,Walking,Koila,Driving_Under_Influence,5way,0.0,50,4G,-98,97.0,-15.0,0.0094389586472976,40.32176245568548,21.791258825989416,Intentional
User_42,2025-01-24 00:54:11,0.577,0.3112,Walking,Ligeris,6,1way,1.0,30,3G,-91,22.0,-8.0,0.0094527101875645,40.27867439957168,21.753345074338036,Normal
User_55,2025-01-24 01:34:16,0.489,0.1208,Walking,Koila,9,4way,0.0,20,WiFi,Ethernet,87.0,7.0,0.0042001421982077,40.321301905500434,21.791842177737696,Normal
User_100,2025-01-24 03:37:40,0.592,0.5725,Running,Koila,Driving_Under_Influence,2way,1.0,40,3G,-104,30.0,13.0,0.0030319114611831,37.410432,21.793112995639778,Normal
User_80,2025-01-24 07:31:49,0.313,0.2595,Running,Koila,Driving_Under_Influence,2way,4.0,40,WiFi,-58,-141.0,0.0,0.0018595717799981,40.30622692377462,21.792971187507817,Normal
User_65,2025-01-24 21:29:26,0.578,0.5725,Walking,Ligeris,Reckless_Driving,2way,0.0,60,3G,-107,7.0,-8.0,0.0023096090415785,40.279746849242684,21.7522463775664,Normal
User_71,2025-01-24 22:24:42,0.431,0.332,Walking,Ligeris,Reckless_Driving,2way,1.0,10,3G,-110,96.0,-11.0,0.0076137313814488,40.30571024559427,21.80832168616556,Normal
User_73,2025-01-25 01:56:01,0.676,0.4048,Running,Ligeris,Speeding,4way,1.0,40,4G,-77,20.0,-2.0,0.00639879172565,40.30540239819774,21.80689819550828,Normal
User_08,2025-01-25 05:42:28,0.325,0.5725,Driving,Zep,Speeding,2way,3.0,70,3G,-120,18.0,0.0,0.0064451695302585,40.27964701275229,21.75209057579045,Normal
User_54,2025-01-25 07:33:10,0.508,0.1951,Flying,Zep,Driving_Under_Influence,2way,0.0,70,3G,-82,48.0,-3.0,0.0022056805520738,40.27952325628085,23.814184,Intentional
User_52,2025-01-25 22:13:57,0.508,0.3869,Running,Ligeris,Reckless_Driving,4way,0.0,30,WiFi,-83,84.0,8.0,0.0092970874649888,40.30622692377462,21.755224985919806,Normal
User_46,2025-01-26 01:18:13,0.621,0.2379,Walking,Ligeris,7,1way,0.0,70,3G,-86,63.0,6.0,0.0089649704478976,40.30688622825034,23.671299,Normal
User_94,2025-01-26 03:53:42,0.648,0.1148,Walking,Zep,Reckless_Driving,1way,1.0,50,WiFi,-56,59.0,7.0,0.0044440095130272,40.280466405736185,21.75353733705534,Normal
User_70,2025-01-26 06:43:27,0.359,0.3862,Running,Center,Speeding,2way,0.0,40,5G,Ethernet,48.0,6.0,0.0044788130430327,40.32303310629499,21.79116053180447,Intentional
User_11,2025-01-26 09:38:36,0.539,0.2246,Running,Koila,Speeding,5way,1.0,80,115,-85,34.0,-5.0,0.0072898755456143,40.32330233974796,21.790833523977938,Intentional
User_68,2025-01-26 10:00:43,0.736,0.3665,Walking,Ligeris,Reckless_Driving,2way,2.0,40,5G,-91,17.0,12.0,0.0027672565975328,40.30622692377462,21.806822335376005,Normal
User_72,2025-01-26 11:36:45,0.697,0.1522,Driving,Koila,Driving_Under_Influence,4way,0.0,50,WiFi,-62,4.0,17.0,0.0057271729697465,40.30622692377462,21.793509604944617,Unintentional
User_56,2025-01-26 12:04:24,0.419,0.2266,Driving,Ligeris,Speeding,2way,3.0,70,4G,Ethernet,21.0,8.0,0.042,40.30568210700075,21.80649618531941,Unintentional
User_99,2025-01-26 13:00:36,0.618,0.2573,Walking,Zep,Reckless_Driving,2way,3.0,40,5G,-109,38.0,8.0,0.0057271729697465,40.279330969833616,21.754020281647644,Normal
User_84,2025-01-26 18:04:01,0.689,0.2286,Running,Ligeris,Reckless_Driving,2way,0.0,70,WiFi,-58,73.0,0.0,0.0057271729697465,40.306475035181855,21.80781643843563,Normal
User_09,2025-01-26 19:20:25,0.377,0.4288,Driving,Ligeris,Reckless_Driving,2way,1.0,10,3G,-98,43.0,6.0,0.0036776489508573,40.279280304518224,21.791258825989416,Normal
User_17,2025-01-26 20:41:53,0.383,0.5725,Walking,Ligeris,Reckless_Driving,2way,0.0,80,3G,Ethernet,6.0,7.0,0.0057271729697465,40.30539916919757,21.806930566116243,Normal
User_64,2025-01-26 23:58:16,0.257,0.0646,Flying,Ligeris,Reckless_Driving,2way,1.0,10,3G,-74,-33.0,16.0,0.0034886600292202,40.30733035257002,21.80631881339708,Intentional
User_06,2025-01-27 00:24:08,0.614,0.4253,Running,Ligeris,Reckless_Driving,1way,4.0,40,3G,-110,26.0,15.0,0.0036675017492614,42.463104,21.791258825989416,Normal
User_81,2025-01-27 06:10:41,0.482,0.5725,Walking,Zep,Speeding,1way,1.0,60,WiFi,-81,59.0,0.0,0.0099467701445092,40.27937387101139,21.752750260507774,Normal
User_16,2025-01-27 06:43:55,0.438,0.1779,Driving,Koila,Speeding,1way,0.0,70,4G,-74,73.0,1.0,0.0049472294120668,40.32188444129144,21.790861306980176,Normal
User_06,2025-01-27 07:10:07,0.614,0.4263,Running,Ligeris,8,1way,0.0,40,WiFi,Ethernet,48.0,-13.0,0.0057271729697465,40.30569677175751,21.80801255563332,Normal
User_03,2025-01-27 07:49:01,0.381,0.2445,Running,Ligeris,Driving_Under_Influence,2way,150.0,10,3G,-103,100.0,-13.0,0.0071843404710212,40.30622692377462,21.805948615384334,Normal
User_50,2025-01-27 15:57:10,0.477,0.3807,Driving,Ligeris,Reckless_Driving,2way,1.0,80,5G,-106,39.0,-8.0,0.0099176053893648,40.27975876691475,21.753941608386107,Normal
User_48,2025-01-27 18:03:52,0.611,0.2723,Walking,Ligeris,Speeding,2way,0.0,50,5G,-96,39.0,-12.0,0.006030094635376,40.30622692377462,21.806197260354978,Normal
User_65,2025-01-27 19:39:51,0.508,0.5725,Driving,Ligeris,Speeding,2way,1.0,90,4G,-73,43.0,13.0,0.0098389182510638,40.30678073051871,21.80710123385617,Normal
User_66,2025-01-27 23:31:32,0.508,0.4397,Running,Spinari,Speeding,2way,0.0,40,WiFi,-84,41.0,-13.0,0.0089220534310404,40.28089742775974,21.753493244673383,Intentional
User_81,2025-01-27 23:54:27,0.482,0.3014,Walking,Zep,Reckless_Driving,2way,0.0,30,3G,-99,73.0,16.0,0.0057271729697465,40.27850174223086,21.753128785874804,Normal
User_82,2025-01-28 03:02:57,0.499,0.4124,Running,Zep,Driving_Under_Influence,1way,1.0,10,3G,-101,39.0,-9.0,0.0067052298787595,40.27985538749932,21.7526611123126,Normal
User_33,2025-01-28 04:26:02,0.486,0.1946,Walking,Ligeris,Speeding,1way,1.0,30,WiFi,-82,39.0,-4.0,0.0042017544054385,40.32207774683781,21.791232377355,Normal
User_56,2025-01-28 11:14:29,0.508,0.2316,Running,Koila,Speeding,4way,1.0,40,3G,-70,48.0,-7.0,0.0035487573709473,40.322431272363865,21.793076175925897,Normal
User_35,2025-01-28 11:37:37,0.379,0.2606,Walking,Zep,Speeding,4way,1.0,40,4G,Ethernet,76.0,0.0,0.03,40.28087940263884,21.75435841870454,Unintentional
User_66,2025-01-28 17:07:41,0.325,0.5725,Running,Spinari,Driving_Under_Influence,2way,1.0,40,5G,-86,79.0,-3.0,0.0013351928046785,40.30665824887277,21.80689734752465,Intentional
User_76,2025-01-28 20:37:26,0.349,0.4296,Driving,Koila,Speeding,1way,0.0,90,WiFi,-79,89.0,0.0,0.0057271729697465,40.32221727247948,21.79196423943631,Normal
User_13,2025-01-29 00:19:23,0.657,0.1889,Walking,Ligeris,Driving_Under_Influence,2way,0.0,10,4G,Ethernet,42.0,4.0,0.0072059304018668,40.30670885677008,21.807094699164807,Normal
User_19,2025-01-29 01:15:06,0.384,0.5725,Running,Spinari,Reckless_Driving,2way,0.0,40,5G,-90,48.0,4.0,0.0034732113110158,40.3073730909617,21.808165525666983,Intentional
User_74,2025-01-29 02:00:39,0.6,0.5725,Walking,Zep,Speeding,2way,0.0,80,119,-75,84.0,0.0,0.0053411713659269,40.27974217810728,21.753187383150436,Normal
User_30,2025-01-29 12:15:44,0.577,0.3245,Running,Koila,Reckless_Driving,2way,0.0,70,4G,-118,34.0,4.0,0.0052987907717035,40.32237389935272,21.789600660083657,Normal
User_76,2025-01-29 13:49:23,0.349,0.4316,Walking,Ligeris,Reckless_Driving,2way,160.0,30,WiFi,-57,27.0,3.0,0.0026555820583923,40.30617870301309,21.807016212394583,Normal
User_39,2025-01-29 14:24:00,0.508,0.3188,Walking,Ligeris,Speeding,1way,4.0,80,3G,-120,41.0,10.0,0.0037942753230859,40.30622692377462,21.80761854866287,Normal
User_36,2025-01-29 14:30:14,0.394,0.5725,Driving,Koila,Driving_Under_Influence,2way,0.0,40,5G,-118,76.0,0.0,0.004924607853122,40.32316238472718,21.789853530309372,Normal
User_15,2025-01-29 20:31:21,0.585,0.5725,Walking,Koila,Reckless_Driving,2way,1.0,90,5G,-74,24.0,-1.0,0.0022540964129186,40.32249871787353,21.790969572849875,Normal
User_42,2025-01-29 21:45:29,0.577,0.5725,Walking,Koila,Speeding,2way,1.0,40,WiFi,-88,22.0,-12.0,0.0090197967063477,40.32285532102309,21.791443855850503,Normal
User_52,2025-01-29 22:52:09,0.399,0.5725,Driving,Zep,9,2way,0.0,70,3G,-96,49.0,6.0,0.046,40.28006245679421,21.7533970555903,Unintentional
User_68,2025-01-29 23:59:26,0.736,0.3725,Running,Ligeris,Reckless_Driving,1way,1.0,50,3G,-109,-36.0,-1.0,0.0056382733825226,40.27963081951703,21.753208370802163,Normal
User_86,2025-01-30 03:11:37,0.63,0.3263,Driving,Koila,Reckless_Driving,1way,0.0,20,3G,-102,84.0,3.0,0.0057271729697465,40.32268358684453,21.791258825989416,Normal
User_29,2025-01-30 04:07:53,0.309,0.5725,Walking,Zep,Reckless_Driving,5way,0.0,20,WiFi,Ethernet,48.0,8.0,0.002411019578931,40.30622692377462,21.752374482930197,Intentional
User_29,2025-01-30 05:29:20,0.309,0.2806,Walking,Ligeris,Driving_Under_Influence,2way,0.0,10,5G,-80,21.0,-5.0,0.0079952273709607,40.30598614961147,21.80677889328352,Normal
User_27,2025-01-30 06:03:00,0.319,0.5725,Running,Ligeris,Speeding,2way,0.0,80,WiFi,-90,-123.0,1.0,0.0038525750476553,40.305873532276735,21.80886845727632,Normal
User_05,2025-01-30 07:41:30,0.508,0.2128,Driving,Ligeris,Reckless_Driving,1way,1.0,80,WiFi,-75,77.0,0.0,0.0084787383693118,40.30622692377462,21.80746989353618,Normal
User_68,2025-01-30 11:04:46,0.736,0.3735,Driving,Koila,Speeding,6way,0.0,70,4G,-111,90.0,-2.0,0.0095882002859837,42.029437,21.791802624881942,Intentional
User_66,2025-01-30 11:43:23,0.325,0.4447,Walking,Koila,Driving_Under_Influence,1way,2.0,Lane_Discards,5G,-95,13.0,4.0,0.0039819850101154,40.322090696266486,21.7905448037364,Normal
User_24,2025-01-30 12:10:36,0.7,0.283,Driving,Zep,Reckless_Driving,2way,0.0,40,WiFi,-87,11.0,-16.0,0.0016922501634642,40.27934436416025,21.75308425322851,Normal
User_44,2025-01-30 15:12:12,0.332,0.5725,Walking,Ligeris,Reckless_Driving,1way,1.0,90,4G,-72,68.0,-3.0,0.0045032819406186,40.307102527264966,21.8074049059723,Normal
User_49,2025-01-30 16:35:31,0.483,0.166,Running,Ligeris,Speeding,2way,2.0,40,3G,-83,24.0,-1.0,0.0063108705661297,40.30622692377462,21.80873879029234,Normal
User_05,2025-01-30 17:43:23,0.311,0.2138,Running,Ligeris,Speeding,1way,4.0,40,3G,-115,79.0,12.0,0.0021588460193462,40.27862756536811,21.752303296268053,Normal
User_33,2025-01-30 17:48:53,0.508,0.1996,Driving,Koila,Reckless_Driving,2way,0.0,30,5G,-96,56.0,1.0,0.002656942942443,40.32195649791346,21.791258825989416,Normal
User_74,2025-01-30 17:51:17,0.6,0.0675,Flying,Zep,Speeding,4way,1.0,60,WiFi,-79,98.0,-5.0,0.047,40.28040738036732,21.752938606558345,Intentional
User_16,2025-01-30 22:21:28,0.438,0.1849,Walking,Koila,Speeding,2way,0.0,30,111,-59,52.0,4.0,0.0057271729697465,40.32134951020491,21.79262903799624,Normal
User_44,2025-01-31 00:29:56,0.332,0.1627,Walking,Zep,Speeding,2way,0.0,80,3G,-87,11.0,-11.0,0.0057271729697465,40.28049402605309,21.752487193226624,Normal
User_33,2025-01-31 01:27:30,0.486,0.2006,Driving,Koila,Reckless_Driving,4way,3.0,20,5G,-88,83.0,-11.0,0.0057271729697465,40.322484458559934,21.7919619879545,Normal
User_80,2025-01-31 02:00:54,0.313,0.2735,Driving,Zep,Speeding,2way,1.0,Illegal_Parking,4G,Ethernet,11.0,9.0,0.0057271729697465,40.279498854704634,21.75339218817103,Normal
User_77,2025-01-31 02:07:22,0.347,0.2006,Walking,Spinari,Driving_Under_Influence,2way,0.0,90,4G,-119,56.0,9.0,0.0057271729697465,40.30600255360551,21.80753696204295,Intentional
User_06,2025-01-31 04:08:03,0.508,0.4333,Walking,Zep,Driving_Under_Influence,4way,0.0,50,WiFi,-56,36.0,8.0,0.0019999595747481,40.2795514750359,21.75325519887214,Normal
User_15,2025-01-31 06:52:38,0.585,0.0924,Driving,Koila,Reckless_Driving,2way,0.0,30,WiFi,-79,24.0,-12.0,0.0034778019548924,40.32063202444645,21.790641614469553,Normal
User_61,2025-01-31 12:55:35,0.261,0.1595,Running,Koila,Speeding,2way,0.0,40,5G,-109,94.0,17.0,0.008769389848002,40.32157327685292,21.791291566826335,Unintentional
User_39,2025-01-31 15:37:14,0.685,0.3228,Driving,Ligeris,Speeding,2way,3.0,40,3G,-118,0.0,-4.0,0.0087078305160189,40.30622692377462,21.806768004482777,Normal
User_15,2025-01-31 19:28:55,0.585,0.0934,Driving,Ligeris,Driving_Under_Influence,4way,0.0,70,WiFi,-56,50.0,12.0,0.0043737355979968,40.30622692377462,21.806855749766054,Normal
User_42,2025-02-01 04:13:20,0.577,0.3272,Walking,Zep,Reckless_Driving,2way,1.0,70,4G,-92,48.0,-13.0,0.0087380243673738,40.279637537448544,21.752473549665932,Normal
User_26,2025-02-01 10:45:23,0.642,0.2202,Walking,Zep,Speeding,4way,1.0,60,111,Ethernet,33.0,11.0,0.0057271729697465,40.27958510662136,21.753247599064085,Normal
User_70,2025-02-01 17:37:31,0.508,0.3982,Running,Ligeris,Reckless_Driving,4way,1.0,10,WiFi,-59,30.0,-3.0,0.0098191752625746,40.30559923484938,21.80746179295594,Normal
User_20,2025-02-01 20:42:30,0.686,0.5725,Driving,Center,Speeding,4way,1.0,30,WiFi,-78,-157.0,-8.0,0.0020231397161862,40.321587569913405,21.791048390768346,Intentional
User_39,2025-02-01 23:14:36,0.508,0.5725,Driving,Koila,Driving_Under_Influence,2way,0.0,60,4G,-116,48.0,6.0,0.0062009727001498,40.3217111146313,21.791258825989416,Normal
User_77,2025-02-01 23:55:01,0.347,0.2036,Driving,Koila,Speeding,4way,0.0,60,5G,-101,17.0,8.0,0.0057271729697465,40.32280115819787,21.793031130212515,Normal
User_69,2025-02-02 03:49:22,0.289,0.5725,Running,Zep,Driving_Under_Influence,1way,1.0,70,WiFi,-83,37.0,-13.0,0.0061528073060928,40.27964535559799,21.75151614788082,Normal
User_86,2025-02-02 07:24:55,0.63,0.3323,Walking,Ligeris,Driving_Under_Influence,1way,1.0,90,WiFi,Ethernet,48.0,11.0,0.0021012487771741,40.306954164734115,21.80543125666464,Normal
User_58,2025-02-02 07:45:57,0.669,0.197,Running,Zep,Speeding,4way,0.0,40,5G,-94,42.0,-11.0,0.0029806401308814,40.30622692377462,21.753056005786853,Normal
User_72,2025-02-02 10:04:40,0.697,0.1662,Walking,Zep,Speeding,2way,1.0,40,5G,-109,1.0,14.0,0.001703253359717,40.2793586251667,21.75329462288009,Normal
User_77,2025-02-02 10:23:32,0.347,0.5725,Swimming,Ligeris,Reckless_Driving,2way,0.0,80,5G,-82,97.0,-14.0,0.0062440767221475,37.649788,21.807809021731497,Intentional
User_06,2025-02-02 12:14:56,0.614,0.4383,Running,Koila,Speeding,2way,1.0,50,WiFi,-52,62.0,14.0,0.0019004133875561,40.320971995062415,21.791585202286807,Normal
User_07,2025-02-02 15:11:36,0.508,0.32,Running,Ligeris,Driving_Under_Influence,1way,1.0,40,5G,Ethernet,100.0,0.0,0.0057271729697465,40.30601953219026,21.80557156525654,Normal
User_77,2025-02-02 15:29:53,0.347,0.2056,Walking,Koila,Speeding,1way,3.0,10,3G,Ethernet,51.0,10.0,0.0084823099980705,40.32158379485333,21.789819974910728,Normal
User_09,2025-02-02 18:38:08,0.377,0.4428,Running,Koila,Speeding,1way,1.0,30,5G,Ethernet,86.0,-1.0,0.0057271729697465,40.32206844284836,21.791258825989416,Normal
User_76,2025-02-02 23:21:05,0.349,0.5725,Driving,Ligeris,Speeding,2way,1.0,50,WiFi,-86,2.0,-10.0,0.0080766399647323,40.306652910125635,21.80697420898819,Normal
User_44,2025-02-03 06:18:59,0.508,0.1687,Running,Zep,Speeding,2way,0.0,10,5G,-96,11.0,11.0,0.0057271729697465,40.27962721164164,21.755395197871614,Normal
User_62,2025-02-03 08:35:50,0.346,0.5725,Walking,Zep,Speeding,1way,0.0,40,5G,-95,48.0,-6.0,0.0025641864223616,40.30622692377462,21.75342944220323,Normal
User_49,2025-02-03 09:25:33,0.483,0.174,Driving,Zep,Speeding,1way,1.0,40,WiFi,-73,48.0,-25.0,0.0010746805137552,40.30622692377462,21.75222194318549,Unintentional
User_36,2025-02-03 11:13:02,0.394,0.4019,Walking,Koila,Speeding,2way,0.0,80,4G,-100,69.0,14.0,0.0030009140203086,40.32204126827771,21.791584154768447,Normal
User_93,2025-02-03 13:42:39,0.418,0.1691,Running,Zep,Reckless_Driving,2way,1.0,40,3G,-52,27.0,11.0,0.0031680601932763,40.28107021012695,21.753425361483178,Normal
User_06,2025-02-03 22:22:27,0.614,0.4403,Walking,Zep,9,2way,1.0,40,3G,-104,77.0,-4.0,0.0096173810277338,42.965516,21.75205710384321,Normal
User_13,2025-02-04 03:19:57,0.657,0.2009,Walking,Koila,Driving_Under_Influence,4way,1.0,10,4G,-107,60.0,-2.0,0.0057271729697465,40.322002604633994,21.792861740782445,Normal
User_99,2025-02-04 05:11:28,0.618,0.2753,Running,Koila,Driving_Under_Influence,1way,1.0,30,5G,-75,26.0,7.0,0.007561454814816,40.32235251134536,21.791291639722427,Normal
User_96,2025-02-04 11:38:38,0.508,0.0836,Driving,Ligeris,Speeding,6way,1.0,10,WiFi,-76,9.0,8.0,0.0097714193530397,40.306237025710175,21.791258825989416,Intentional
User_18,2025-02-04 17:18:02,0.508,0.2124,Walking,Zep,Driving_Under_Influence,1way,0.0,60,5G,-116,56.0,11.0,0.0057271729697465,41.165877,21.791258825989416,Normal
User_56,2025-02-04 20:29:47,0.419,0.2446,Walking,Ligeris,Speeding,4way,1.0,70,5G,-113,-22.0,7.0,0.0039692424711272,40.30537613513903,21.806322451899707,Normal
User_08,2025-02-04 22:41:27,0.325,0.4456,Running,Ligeris,Reckless_Driving,2way,0.0,60,108,-83,24.0,0.0,0.0027479560404635,40.30608397560639,21.80745324482961,Normal
User_81,2025-02-05 06:43:25,0.482,0.5725,Walking,Zep,Reckless_Driving,1way,5.0,Harassing_Driver,5G,-73,66.0,-16.0,0.0057271729697465,40.28015634638875,21.753412270715852,Normal
User_39,2025-02-05 14:04:23,0.685,0.3318,Walking,Ligeris,Reckless_Driving,1way,1.0,40,3G,-106,48.0,13.0,0.037,40.30622692377462,21.806926478425098,Unintentional
User_23,2025-02-05 19:34:13,0.669,0.4356,Driving,Ligeris,Reckless_Driving,4way,3.0,10,3G,-105,99.0,0.0,0.0077867930405781,40.30669247004496,21.807810957634747,Normal
User_56,2025-02-06 00:05:40,0.508,0.2486,Walking,Ligeris,Reckless_Driving,2way,1.0,80,3G,-111,63.0,-6.0,0.0032996215361878,40.27938526725284,21.753517175222996,Normal
User_25,2025-02-06 01:52:39,0.627,0.1303,Walking,Zep,Speeding,2way,2.0,50,5G,-71,48.0,3.0,0.0015125659453459,40.27944088540439,21.75303747138463,Normal
User_29,2025-02-06 02:41:23,0.309,0.2936,Walking,Spinari,Reckless_Driving,4way,0.0,60,WiFi,-86,50.0,0.0,0.0020370295953516,40.30622692377462,21.79137587295591,Intentional
User_88,2025-02-06 10:30:13,0.676,0.106,Driving,Spinari,Speeding,1way,1.0,40,4G,Ethernet,75.0,0.0,0.0057271729697465,40.3224520427733,21.78913192533523,Intentional
User_56,2025-02-06 11:39:53,0.508,0.2496,Flying,Zep,Reckless_Driving,2way,0.0,10,5G,-94,0.0,-2.0,0.005140696557825,40.30622692377462,21.753577573941744,Intentional
User_04,2025-02-06 16:24:15,0.295,0.1339,Driving,Koila,Driving_Under_Influence,2way,1.0,90,WiFi,-52,17.0,5.0,0.0010036088494257,40.320397444503705,21.790906256993065,Normal
User_25,2025-02-06 18:08:21,0.627,0.1313,Running,Zep,Speeding,1way,1.0,10,WiFi,-74,54.0,-12.0,0.0099297672849389,40.27983746372045,21.7522250964093,Normal
User_37,2025-02-06 20:50:01,0.528,0.4089,Walking,Koila,Speeding,2way,1.0,30,5G,-103,33.0,-6.0,0.0080293520419069,40.32176012769227,21.789778058628222,Normal
User_08,2025-02-07 00:14:52,0.325,0.4506,Driving,Zep,Reckless_Driving,4way,2.0,40,3G,-82,4.0,13.0,0.0039211760291742,40.27916293694883,21.75318152143383,Normal
User_82,2025-02-07 10:42:47,0.499,0.4324,Driving,Zep,Reckless_Driving,6way,0.0,30,4G,-76,74.0,0.0,0.0050496155625535,40.28086318973053,21.752082894732695,Intentional
User_99,2025-02-07 11:13:21,0.618,0.2823,Walking,Koila,Reckless_Driving,4way,1.0,40,4G,-73,-45.0,-1.0,0.0057271729697465,40.32208396090515,21.791672805129707,Normal
User_48,2025-02-07 14:32:29,0.611,0.5725,Running,Ligeris,Driving_Under_Influence,2way,2.0,30,4G,-77,29.0,0.0,0.003007876185421,40.30693742981056,21.806644139090587,Normal
User_82,2025-02-07 16:33:59,0.499,0.5725,Driving,Koila,Speeding,2way,0.0,60,WiFi,-74,-43.0,6.0,0.003298912745786,40.32244550327717,21.791258825989416,Normal
User_85,2025-02-07 22:42:16,0.572,0.4722,Walking,Ligeris,Reckless_Driving,1way,0.0,80,3G,-96,8.0,14.0,0.0057271729697465,42.800321,21.791258825989416,Normal
User_83,2025-02-08 00:50:21,0.453,0.3665,Driving,Zep,9,2way,0.0,50,5G,Ethernet,77.0,0.0,0.0080388963051559,40.30622692377462,21.752998372829055,Normal
User_94,2025-02-08 02:59:05,0.648,0.1398,Walking,Spinari,Reckless_Driving,2way,0.0,40,5G,-106,55.0,-3.0,0.0011861366199886,40.320695578942306,17.460836,Intentional
User_39,2025-02-08 06:10:03,0.685,0.3378,Running,Ligeris,Reckless_Driving,2way,1.0,80,4G,-103,34.0,-13.0,0.0033247490666608,40.27998537897896,21.753411799217915,Normal
User_17,2025-02-08 08:15:01,0.383,0.1022,Driving,Zep,Reckless_Driving,1way,0.0,30,5G,-87,95.0,-5.0,0.0024858602266491,40.30622692377462,21.791258825989416,Normal
User_16,2025-02-08 08:16:34,0.438,0.2029,Walking,Ligeris,Reckless_Driving,2way,0.0,40,4G,-108,60.0,1.0,0.0062346488599386,40.28063284469265,21.75307485989423,Normal
User_18,2025-02-08 08:28:54,0.271,0.2204,Walking,Zep,Driving_Under_Influence,2way,0.0,80,WiFi,Ethernet,96.0,0.0,0.0074921119668964,38.505477,21.752765343587047,Normal
User_34,2025-02-08 12:01:23,0.401,0.2586,Running,Koila,Driving_Under_Influence,2way,1.0,20,4G,-116,26.0,0.0,0.0052836623715959,40.32182377772759,21.79124808155256,Normal
User_22,2025-02-08 13:38:45,0.508,0.1173,Walking,Ligeris,Driving_Under_Influence,2way,1.0,40,WiFi,Ethernet,73.0,7.0,0.0025448449767391,40.2810499855756,21.791258825989416,Normal
User_36,2025-02-08 15:36:40,0.394,0.4119,Walking,Ligeris,Speeding,4way,0.0,Lane_Discards,WiFi,-63,48.0,2.0,0.0055849602512092,40.305446122930185,21.807643119642503,Normal
User_86,2025-02-08 21:06:58,0.63,0.3453,Walking,Zep,Reckless_Driving,2way,1.0,Harassing_Driver,WiFi,-54,60.0,-7.0,0.002790465444661,40.27955799319018,21.75334372648885,Normal
User_64,2025-02-08 21:10:33,0.257,0.0906,Driving,Koila,Reckless_Driving,5way,1.0,40,3G,-106,94.0,0.0,0.0030881965479001,40.32193021756448,21.792045301870314,Intentional
User_52,2025-02-09 04:47:31,0.399,0.4159,Driving,Ligeris,Speeding,1way,0.0,40,4G,-97,49.0,12.0,0.0066174052753805,40.306249837307305,21.80775016394872,Normal
User_51,2025-02-09 05:35:28,0.708,0.4249,Driving,Ligeris,Driving_Under_Influence,2way,0.0,40,3G,-77,48.0,0.0,0.0037661816835724,40.305561326552024,21.808297435834152,Normal
User_59,2025-02-09 05:48:30,0.696,0.4468,Driving,Koila,Speeding,2way,1.0,20,3G,Ethernet,48.0,5.0,0.0048124200161968,40.322469323328335,21.7902717169145,Normal
User_57,2025-02-09 09:47:16,0.733,0.1954,Driving,Zep,Speeding,2way,1.0,40,4G,Satellite,92.0,-9.0,0.0049602282409871,40.278621314486216,21.75326181809339,Normal
User_35,2025-02-09 22:21:42,0.379,0.2856,Walking,Zep,Reckless_Driving,2way,1.0,90,WiFi,-58,89.0,14.0,0.0075619902237569,40.279545771639846,21.753003701503513,Normal
User_07,2025-02-10 06:13:18,0.319,0.335,Running,Koila,Driving_Under_Influence,2way,0.0,20,4G,-80,48.0,-10.0,0.0010347509405911,40.32261122441484,21.791809911158452,Normal
User_11,2025-02-10 07:45:29,0.539,0.2546,Walking,Zep,Speeding,2way,0.0,10,5G,-90,-20.0,0.0,0.0055403717552943,40.27965609848695,21.75270031436556,Normal
User_40,2025-02-10 11:05:15,0.498,0.3367,Walking,Koila,Driving_Under_Influence,2way,2.0,Illegal_Parking,WiFi,-72,44.0,2.0,0.023,40.32225576830195,21.790190018262827,Unintentional
User_93,2025-02-10 12:45:29,0.418,0.1831,Running,Ligeris,Speeding,2way,1.0,40,3G,-79,15.0,-10.0,0.0074420000458613,40.30639272003727,21.807557277197464,Normal
User_59,2025-02-10 23:18:52,0.696,0.4498,Running,Ligeris,Driving_Under_Influence,1way,1.0,40,3G,-103,74.0,-8.0,0.0080311615449452,42.082976,21.807800463666535,Normal
User_62,2025-02-10 23:52:58,0.346,0.3333,Walking,Koila,Speeding,2way,0.0,40,3G,-106,88.0,-6.0,0.0093652270008674,40.322775715751895,21.79180613002531,Normal
User_18,2025-02-11 03:14:43,0.271,0.5725,Driving,Zep,Speeding,1way,2.0,Illegal_Parking,5G,Ethernet,48.0,15.0,0.0091612173003683,40.279303690429735,21.75311830912396,Normal
User_79,2025-02-11 04:09:32,0.426,0.1226,Walking,Ligeris,Driving_Under_Influence,1way,0.0,40,4G,-74,33.0,9.0,0.0081919725915036,40.3216988799742,21.79247675856211,Normal
User_87,2025-02-11 04:12:38,0.508,0.5725,Running,Ligeris,Driving_Under_Influence,2way,1.0,10,3G,-105,89.0,15.0,0.0057271729697465,40.30601465344121,21.807256408660315,Normal
User_68,2025-02-11 07:39:49,0.736,0.3975,Walking,Zep,Reckless_Driving,2way,0.0,100,WiFi,-85,48.0,-12.0,0.0010654782090905,40.30622692377462,21.752887054473284,Normal
User_94,2025-02-11 10:33:39,0.648,0.1468,Walking,Ligeris,Driving_Under_Influence,2way,0.0,30,5G,-119,75.0,-9.0,0.0037442202130157,40.30531541027782,21.805714045215236,Normal
User_87,2025-02-11 13:14:58,0.508,0.2296,Walking,Zep,Reckless_Driving,2way,0.0,40,3G,Ethernet,87.0,0.0,0.0011647862692212,40.27957942180111,21.754691832159185,Normal
User_57,2025-02-11 22:34:00,0.733,0.5725,Walking,Ligeris,Driving_Under_Influence,2way,1.0,80,5G,-100,38.0,0.0,0.0094815302488282,40.30703193811235,21.807241725938606,Normal
User_38,2025-02-12 09:28:07,0.508,0.2512,Walking,Ligeris,Reckless_Driving,2way,2.0,60,4G,-94,64.0,0.0,0.001407621397867,40.306873998668614,21.80835350404362,Normal
User_96,2025-02-12 13:23:56,0.722,0.0996,Walking,Koila,Reckless_Driving,2way,0.0,70,WiFi,-63,58.0,10.0,0.047,40.32267099703374,21.791553653472644,Unintentional
User_09,2025-02-12 13:39:22,0.508,0.4628,Driving,Koila,Speeding,2way,0.0,40,4G,-110,75.0,5.0,0.0084363796928039,40.321895831276066,21.789092673042603,Normal
User_12,2025-02-12 15:54:35,0.251,0.1057,Walking,Ligeris,Speeding,1way,4.0,80,5G,-77,10.0,-11.0,0.0019267876269838,42.795021,21.806973741078643,Normal
User_48,2025-02-12 19:12:56,0.611,0.3053,Running,Koila,Reckless_Driving,2way,0.0,40,3G,-90,89.0,16.0,0.009131128983463,40.321395990541795,21.793284227141363,Normal
User_23,2025-02-12 21:19:05,0.669,0.4486,Running,Ligeris,Speeding,2way,0.0,80,WiFi,-89,48.0,0.0,0.0059510868680965,40.30608959434127,21.791258825989416,Normal
User_74,2025-02-12 22:14:36,0.6,0.5725,Driving,Spinari,Driving_Under_Influence,1way,0.0,60,3G,-118,45.0,16.0,0.0082323581274682,40.305998766348715,21.80656666611445,Intentional
User_33,2025-02-13 02:00:51,0.486,0.2266,Running,Koila,Reckless_Driving,2way,0.0,50,WiFi,-70,48.0,15.0,0.004043627850917,40.32352381279435,21.79245882746081,Normal
User_96,2025-02-13 09:13:56,0.722,0.5725,Running,Zep,Speeding,4way,3.0,40,4G,-80,87.0,14.0,0.037,40.27970140158137,21.751821698714668,Unintentional
User_81,2025-02-13 12:49:21,0.482,0.3354,Driving,Zep,Driving_Under_Influence,2way,0.0,60,5G,Satellite,0.0,6.0,0.0045449230338526,40.27961335172076,21.753969045886013,Normal
User_02,2025-02-13 14:15:24,0.504,0.2718,Walking,Koila,Speeding,2way,1.0,60,3G,-114,63.0,12.0,0.0025897897374415,40.30622692377462,21.790486042493487,Normal
User_85,2025-02-13 17:34:26,0.572,0.4832,Driving,Koila,Reckless_Driving,2way,3.0,40,3G,-77,13.0,0.0,0.036,40.320641737124696,21.78998741760056,Unintentional
User_72,2025-02-13 20:06:29,0.697,0.1882,Driving,Zep,Speeding,2way,0.0,80,WiFi,-85,32.0,-20.0,0.0032351337529173,40.2794249205985,21.791258825989416,Unintentional
User_46,2025-02-13 22:25:41,0.621,0.2749,Driving,Koila,Driving_Under_Influence,4way,1.0,Illegal_Parking,3G,-97,10.0,1.0,0.004680998144596,40.32185837977772,21.79122866148856,Normal
User_35,2025-02-13 23:14:11,0.379,0.2936,Walking,Ligeris,Reckless_Driving,2way,3.0,50,3G,Ethernet,78.0,15.0,0.0061835457085403,40.30622692377462,21.791258825989416,Normal
User_46,2025-02-14 08:03:24,0.621,0.2769,Swimming,Ligeris,Reckless_Driving,1way,1.0,40,4G,-93,1.0,-2.0,0.0054992076893301,40.30563997903827,21.791258825989416,Intentional
User_63,2025-02-14 11:19:11,0.408,0.3084,Walking,Zep,Reckless_Driving,2way,0.0,20,5G,Ethernet,47.0,10.0,0.041,40.27917134325446,21.754068733916004,Unintentional
User_72,2025-02-14 12:37:31,0.508,0.1892,Running,Koila,Speeding,4way,1.0,40,3G,-71,48.0,7.0,0.0064250535844212,40.32229232757089,21.790881079551497,Normal
User_18,2025-02-14 16:32:46,0.271,0.2324,Walking,Center,Driving_Under_Influence,1way,1.0,20,4G,-113,20.0,-14.0,0.0034803672983549,40.27917579979375,22.72376,Intentional
User_57,2025-02-14 20:07:21,0.733,0.2054,Driving,Ligeris,Reckless_Driving,1way,1.0,Harassing_Driver,3G,-86,48.0,-21.0,0.0026177661492299,40.307546449470976,21.807248144839537,Unintentional
User_23,2025-02-14 20:43:41,0.669,0.5725,Driving,Ligeris,Driving_Under_Influence,2way,0.0,20,114,-98,82.0,-11.0,0.004717061707332,40.30647571784561,21.809269849345803,Normal
User_11,2025-02-15 07:41:03,0.539,0.2656,Driving,Ligeris,Reckless_Driving,2way,4.0,50,3G,Ethernet,85.0,0.0,0.006339252591529,40.30581800455762,21.80787128082876,Normal
User_68,2025-02-15 09:25:21,0.736,0.4055,Walking,Koila,Reckless_Driving,2way,0.0,40,5G,-108,47.0,3.0,0.0018560126251847,40.32062112201943,21.791303154501673,Normal
User_72,2025-02-15 10:02:20,0.697,0.1912,Driving,Ligeris,Reckless_Driving,2way,1.0,10,3G,-116,68.0,5.0,0.0068582145828776,40.30622692377462,19.821011,Normal
User_13,2025-02-15 14:11:21,0.657,0.2239,Walking,Zep,Speeding,2way,1.0,40,4G,-96,37.0,13.0,0.0090301633789024,40.27913964605055,21.753363557360867,Normal
User_59,2025-02-15 15:52:09,0.508,0.4598,Walking,Koila,Speeding,2way,1.0,40,WiFi,-86,7.0,15.0,0.0053161475898934,40.32337413769006,21.790979048936048,Normal
User_62,2025-02-15 16:13:51,0.346,0.3433,Running,Koila,Driving_Under_Influence,1way,1.0,130,4G,-118,27.0,15.0,0.0013849158707879,40.321881517880776,21.791852225630553,Normal
User_31,2025-02-15 20:49:59,0.72,0.3419,Walking,Zep,Speeding,1way,1.0,50,4G,-76,74.0,6.0,0.0057271729697465,40.30622692377462,21.751118087097236,Normal
User_75,2025-02-15 23:19:47,0.544,0.4334,Driving,Zep,Reckless_Driving,1way,0.0,20,5G,-94,64.0,-3.0,0.0093925887949596,40.27952233947356,21.7532808386423,Normal
User_19,2025-02-16 01:56:38,0.384,0.4313,Driving,Ligeris,Reckless_Driving,4way,1.0,60,4G,-110,89.0,2.0,0.0083833133298034,40.30708390118814,21.791258825989416,Normal
User_35,2025-02-16 08:51:07,0.508,0.2986,Walking,Ligeris,Driving_Under_Influence,4way,1.0,30,3G,-76,47.0,12.0,0.0088176824081906,40.30685573447657,17.398534,Normal
User_09,2025-02-16 10:25:46,0.377,0.4708,Driving,Koila,Driving_Under_Influence,2way,1.0,Lane_Discards,5G,-109,51.0,6.0,0.0057271729697465,40.323078534165326,21.789740875244135,Normal
User_15,2025-02-16 13:46:49,0.585,0.1244,Running,Spinari,Speeding,2way,1.0,90,5G,-94,1.0,-9.0,0.0013907949059057,40.32201880940523,21.79196002563972,Intentional
User_22,2025-02-16 15:18:52,0.712,0.5725,Running,Ligeris,Speeding,2way,1.0,Lane_Discards,3G,-81,-36.0,11.0,0.0038948077464547,40.30617594911573,21.80776574541111,Normal
User_23,2025-02-16 15:42:52,0.669,0.5725,Walking,Ligeris,Speeding,2way,0.0,30,5G,-101,43.0,9.0,0.0067050554229516,37.233759,21.80789127418652,Normal
User_86,2025-02-16 17:25:50,0.63,0.3613,Walking,Koila,Reckless_Driving,4way,1.0,20,3G,Ethernet,36.0,14.0,0.0056588391533743,40.32272860531416,21.790390186190216,Normal
User_66,2025-02-16 21:08:01,0.325,0.4797,Walking,Ligeris,Speeding,2way,1.0,40,5G,-81,7.0,-1.0,0.0057271729697465,40.30538956574571,21.791258825989416,Normal
User_04,2025-02-17 07:33:04,0.295,0.1569,Driving,Zep,Reckless_Driving,2way,0.0,30,WiFi,Ethernet,33.0,-5.0,0.0050629857275882,37.274678,21.753669380540156,Normal
User_85,2025-02-17 08:31:37,0.572,0.4912,Driving,Koila,Speeding,2way,0.0,80,3G,-103,86.0,12.0,0.0092214124739711,40.32174240181037,21.791219947105372,Normal
User_91,2025-02-17 14:42:08,0.409,0.1632,Driving,Koila,Driving_Under_Influence,2way,1.0,70,5G,-120,29.0,2.0,0.0024250198435768,40.32238178021962,21.790275245047432,Normal
User_75,2025-02-18 04:05:03,0.544,0.5725,Running,Zep,Reckless_Driving,4way,0.0,40,WiFi,-90,23.0,1.0,0.0096714273300127,38.145568,21.75334246862606,Normal
User_88,2025-02-18 05:38:58,0.676,0.129,Walking,Zep,Driving_Under_Influence,1way,0.0,40,3G,Ethernet,48.0,0.0,0.0019098546605926,40.27957748779598,21.791258825989416,Normal
User_79,2025-02-18 07:22:23,0.426,0.1366,Walking,Ligeris,Reckless_Driving,4way,2.0,20,3G,Ethernet,20.0,9.0,0.0086929641223522,40.32261428512813,21.791820918896295,Normal
User_15,2025-02-18 08:11:57,0.585,0.1284,Driving,Ligeris,Speeding,4way,1.0,20,5G,-117,64.0,5.0,0.0057271729697465,40.306498446293226,21.807407165067698,Normal
User_80,2025-02-18 10:20:58,0.313,0.3105,Driving,Zep,Driving_Under_Influence,1way,5.0,40,5G,-119,54.0,6.0,0.0057271729697465,40.27895809212794,21.753034898454512,Normal
User_03,2025-02-18 10:29:59,0.381,0.2885,Running,Koila,Speeding,2way,0.0,60,5G,-115,47.0,0.0,0.0059398416589611,40.321232549875646,21.792553171225993,Normal
User_98,2025-02-18 11:04:42,0.553,0.3409,Walking,Ligeris,Driving_Under_Influence,1way,140.0,50,5G,-78,60.0,13.0,0.0096021512529981,40.305985137158544,21.808196517551025,Normal
User_20,2025-02-18 12:06:04,0.686,0.4254,Walking,Ligeris,Driving_Under_Influence,1way,1.0,70,3G,-87,76.0,0.0,0.0087958151998815,40.30621826311684,21.791258825989416,Normal
User_02,2025-02-18 14:33:01,0.504,0.2818,Driving,Ligeris,Speeding,1way,0.0,40,3G,-86,13.0,9.0,0.0042931725924848,40.280251158502786,21.791258825989416,Normal
User_18,2025-02-18 15:26:10,0.271,0.2404,Running,Zep,Reckless_Driving,4way,0.0,80,WiFi,-53,3.0,6.0,0.0030595976844741,40.280396959816336,21.791258825989416,Normal
User_77,2025-02-18 16:33:40,0.347,0.2366,Walking,Koila,Reckless_Driving,4way,150.0,40,3G,Ethernet,27.0,0.0,0.0058392099452968,40.30622692377462,21.79311193497068,Normal
User_43,2025-02-18 17:25:23,0.255,0.3713,Running,Ligeris,Driving_Under_Influence,1way,1.0,40,5G,-101,21.0,15.0,0.003403264666027,40.305988347375646,21.809530909551967,Normal
User_21,2025-02-18 23:04:58,0.508,0.4595,Driving,Ligeris,Driving_Under_Influence,4way,2.0,40,3G,-73,61.0,8.0,0.0024071730078866,40.30509376617444,21.80869520745875,Normal
User_32,2025-02-18 23:53:51,0.694,0.3988,Running,Koila,Speeding,1way,1.0,Lane_Discards,WiFi,-60,16.0,0.0,0.0057271729697465,40.32194254111665,21.79033709507228,Normal
User_95,2025-02-19 00:26:41,0.739,0.1873,Running,Ligeris,Reckless_Driving,1way,1.0,50,5G,-103,13.0,-4.0,0.0048168692652081,40.30611822426944,21.80886595147727,Normal
User_64,2025-02-19 00:28:14,0.257,0.1116,Walking,Zep,Reckless_Driving,6way,0.0,40,4G,-98,-139.0,10.0,0.0037569486798975,40.28075243082804,21.754252677483827,Intentional
User_57,2025-02-19 03:28:26,0.733,0.2154,Walking,Ligeris,Driving_Under_Influence,1way,0.0,20,WiFi,-80,0.0,1.0,0.0057271729697465,41.480725,21.80746278667229,Normal
User_11,2025-02-19 04:54:32,0.539,0.2726,Driving,Zep,Speeding,2way,4.0,40,4G,-85,-121.0,-1.0,0.0057271729697465,40.30622692377462,21.753767078356603,Normal
User_28,2025-02-19 08:27:11,0.561,0.2015,Driving,Ligeris,Speeding,4way,1.0,40,3G,-72,18.0,4.0,0.0027262178328818,40.30536379188543,21.808972386922783,Normal
User_39,2025-02-19 10:04:05,0.685,0.3598,Running,Koila,Speeding,1way,0.0,70,WiFi,-69,76.0,-11.0,0.0057271729697465,40.32352996958565,21.790647894894104,Normal
User_25,2025-02-19 15:18:21,0.627,0.1573,Running,Zep,Driving_Under_Influence,6way,0.0,40,3G,-85,2.0,-16.0,0.0093333618684432,40.30622692377462,21.751685259793636,Intentional
User_66,2025-02-19 20:27:39,0.325,0.4857,Running,Ligeris,Speeding,2way,1.0,80,WiFi,Ethernet,1.0,-24.0,0.0011062116479926,40.30589770650084,21.807362530012067,Unintentional
User_05,2025-02-19 22:06:39,0.311,0.2538,Running,Koila,6,1way,3.0,20,WiFi,-71,24.0,15.0,0.0066760491161799,40.322117957571,21.791045805648903,Normal
User_89,2025-02-19 23:18:47,0.485,0.4063,Running,Koila,6,4way,1.0,40,5G,-91,63.0,3.0,0.0029236512782833,40.3234015458763,21.790899303483545,Normal
User_83,2025-02-20 05:36:19,0.453,0.5725,Running,Ligeris,Driving_Under_Influence,1way,0.0,40,4G,-79,61.0,10.0,0.0057271729697465,40.305913328839125,21.807544138778635,Normal
User_45,2025-02-20 11:32:10,0.446,0.1585,Walking,Ligeris,7,4way,1.0,70,3G,-83,11.0,-13.0,0.0057271729697465,40.30622692377462,21.807806596755704,Normal
User_22,2025-02-20 12:23:37,0.712,0.1403,Running,Ligeris,Driving_Under_Influence,1way,2.0,80,3G,Ethernet,37.0,-5.0,0.0097176662380079,40.30715860618428,21.80875770969081,Normal
User_72,2025-02-20 14:43:12,0.697,0.2022,Walking,Zep,Speeding,1way,0.0,40,3G,-73,70.0,-10.0,0.0060778692506715,40.28068215179498,21.75166202981989,Normal
User_54,2025-02-20 17:30:40,0.508,0.2481,Running,Ligeris,Speeding,4way,160.0,70,3G,-83,38.0,-15.0,0.001627149017428,40.321497100812145,21.790288153899574,Normal
User_94,2025-02-20 19:26:22,0.648,0.5725,Walking,Center,Reckless_Driving,1way,1.0,70,5G,-105,23.0,-16.0,0.05,40.305943733768366,21.80659311336611,Intentional
User_79,2025-02-20 20:09:04,0.426,0.1416,Driving,Koila,Speeding,4way,1.0,80,3G,-80,94.0,-7.0,0.0046324669843312,40.321643696816224,21.790209225808493,Normal
User_23,2025-02-20 21:21:16,0.669,0.4656,Walking,Koila,Driving_Under_Influence,2way,0.0,40,4G,-77,88.0,15.0,0.0072118294687922,40.322056312901104,21.78989517992193,Normal
User_85,2025-02-20 21:34:52,0.572,0.4982,Driving,Koila,Reckless_Driving,1way,1.0,40,5G,-107,100.0,10.0,0.0061213607994877,40.321791455346656,22.983653,Normal
User_92,2025-02-20 22:54:51,0.611,0.4841,Driving,Ligeris,Reckless_Driving,2way,1.0,70,WiFi,-54,90.0,-13.0,0.021,40.30622692377462,21.80617217179246,Unintentional
User_24,2025-02-21 02:16:20,0.508,0.327,Running,Ligeris,Speeding,1way,1.0,30,3G,-72,94.0,14.0,0.0027921328481903,40.307003682538955,21.791258825989416,Normal
User_04,2025-02-21 02:50:35,0.295,0.1639,Walking,Koila,Reckless_Driving,2way,160.0,80,3G,-110,91.0,12.0,0.0065908003620627,40.32144834314113,21.79176721823734,Normal
User_51,2025-02-21 05:58:06,0.708,0.4489,Walking,Zep,Speeding,2way,0.0,10,WiFi,-83,99.0,-9.0,0.0088147994154285,40.28047650299001,21.753713060924554,Normal
User_42,2025-02-21 06:03:28,0.577,0.3672,Swimming,Ligeris,Reckless_Driving,1way,0.0,60,WiFi,-76,13.0,0.0,0.0083869703065263,40.30500730366129,21.791258825989416,Intentional
User_76,2025-02-21 14:24:48,0.349,0.4776,Running,Zep,Reckless_Driving,2way,1.0,70,5G,Ethernet,58.0,-5.0,0.0096092484187597,40.279148936011026,21.75115452538417,Normal
User_11,2025-02-21 15:58:45,0.539,0.2776,Driving,Ligeris,Speeding,1way,3.0,50,4G,-84,64.0,-5.0,0.006526194261267,40.30788230207003,21.80789663858969,Normal
User_24,2025-02-21 18:18:44,0.7,0.328,Driving,Koila,Speeding,2way,0.0,30,3G,-72,61.0,0.0,0.0030762368087525,37.989383,21.792547232617753,Normal
User_54,2025-02-21 18:24:01,0.508,0.2491,Driving,Zep,Reckless_Driving,2way,0.0,40,5G,-91,-139.0,0.0,0.0041847233217164,40.2791860521401,21.753220308720724,Normal
User_81,2025-02-21 23:14:18,0.508,0.3514,Driving,Ligeris,Reckless_Driving,2way,0.0,30,3G,-99,81.0,0.0,0.0073337662022545,40.30622692377462,21.805657030071277,Normal
User_74,2025-02-22 02:58:15,0.6,0.1125,Running,Koila,Speeding,2way,0.0,110,5G,-90,71.0,-12.0,0.0057271729697465,40.3216862624438,21.791258825989416,Normal
User_82,2025-02-22 03:59:56,0.499,0.4634,Driving,Ligeris,Driving_Under_Influence,1way,1.0,50,5G,-92,84.0,4.0,0.0039671105833206,40.3063131793235,21.809325143642575,Normal
User_83,2025-02-22 05:13:14,0.508,0.5725,Walking,Zep,Driving_Under_Influence,2way,0.0,40,4G,-91,76.0,-10.0,0.0092875442098603,40.28059192986038,21.75345331774438,Normal
User_99,2025-02-22 05:45:03,0.618,0.3123,Walking,Ligeris,Speeding,1way,0.0,40,5G,Ethernet,71.0,0.0,0.0051997408284084,40.2792862878828,21.75452677853996,Normal
User_98,2025-02-22 08:50:00,0.553,0.3499,Walking,Ligeris,Speeding,4way,1.0,10,5G,-97,48.0,-7.0,0.0029476099796673,40.306611499416675,21.807155394251932,Normal
User_13,2025-02-22 14:50:10,0.657,0.2369,Walking,Koila,7,2way,2.0,40,5G,-76,71.0,8.0,0.0022676663351657,40.30622692377462,21.79291366855279,Normal
User_07,2025-02-22 16:02:49,0.319,0.359,Driving,Zep,Driving_Under_Influence,2way,0.0,30,3G,-104,68.0,-3.0,0.0057107845657306,40.278262805522225,21.7539305187834,Normal
User_01,2025-02-22 19:25:41,0.618,0.4235,Walking,Zep,Speeding,2way,0.0,60,WiFi,-75,48.0,-8.0,0.0071564631064344,40.279572274626226,21.753230845901772,Normal
User_61,2025-02-22 21:57:47,0.261,0.2035,Swimming,Ligeris,Speeding,1way,0.0,50,4G,-71,74.0,-21.0,0.0023515196069517,40.30621461180403,21.8074912899978,Intentional
User_18,2025-02-23 07:53:56,0.271,0.2504,Walking,Zep,Speeding,2way,1.0,120,4G,-103,48.0,0.0,0.0057271729697465,40.27954038325429,21.753164449226585,Normal
User_45,2025-02-23 09:01:57,0.446,0.1645,Walking,Koila,Speeding,2way,0.0,Lane_Discards,3G,-79,91.0,5.0,0.0057271729697465,40.32186372133939,21.79322323070004,Normal
User_59,2025-02-23 09:15:06,0.696,0.4748,Walking,Zep,Reckless_Driving,1way,0.0,60,3G,-86,34.0,3.0,0.0046144365865718,40.28073414096794,21.791258825989416,Normal
User_84,2025-02-23 11:59:31,0.689,0.2846,Driving,Zep,Speeding,1way,0.0,40,3G,-104,27.0,4.0,0.049,40.27904833750992,21.753123048048497,Unintentional
User_83,2025-02-23 13:28:40,0.453,0.3975,Running,Ligeris,Speeding,2way,2.0,30,113,-74,9.0,-12.0,0.0049408745523884,40.304723902672656,21.80680665264557,Normal
User_24,2025-02-23 22:09:40,0.508,0.332,Walking,Zep,Speeding,4way,0.0,50,4G,-81,89.0,14.0,0.0057271729697465,40.30622692377462,21.75350618372626,Normal
User_80,2025-02-23 23:01:16,0.313,0.5725,Running,Koila,Driving_Under_Influence,1way,0.0,10,3G,-116,65.0,0.0,0.0033172053338285,40.322079267888334,21.791258825989416,Normal
User_35,2025-02-24 04:19:32,0.379,0.3146,Walking,Ligeris,Driving_Under_Influence,2way,0.0,10,WiFi,-62,27.0,-7.0,0.0015864591098904,40.30685086159464,21.791258825989416,Normal
User_76,2025-02-24 04:46:24,0.349,0.4826,Walking,Ligeris,Speeding,4way,0.0,40,5G,-73,48.0,-9.0,0.0093091082601857,40.30622692377462,21.808176119031447,Normal
User_74,2025-02-24 05:55:50,0.6,0.1175,Swimming,Koila,Speeding,2way,1.0,60,4G,-82,85.0,4.0,0.0020206081871305,40.32096237264746,21.79081932801369,Intentional
User_79,2025-02-24 09:44:53,0.508,0.1486,Walking,Ligeris,Speeding,2way,4.0,10,5G,-73,26.0,4.0,0.0028662112215313,40.30676565550881,21.791258825989416,Normal
User_84,2025-02-24 11:25:42,0.689,0.2856,Driving,Ligeris,Driving_Under_Influence,2way,0.0,40,WiFi,Ethernet,25.0,8.0,0.0080506972612194,40.3055045268337,21.791258825989416,Normal
User_33,2025-02-24 15:42:49,0.486,0.2486,Driving,Ligeris,Speeding,4way,0.0,10,3G,-113,31.0,0.0,0.022,40.32199608780636,21.79174008066939,Unintentional
User_19,2025-02-25 06:44:03,0.384,0.4493,Running,Koila,Driving_Under_Influence,2way,0.0,50,WiFi,-76,48.0,0.0,0.0011379706936248,40.32194013609847,21.791258825989416,Normal
User_37,2025-02-25 09:55:15,0.508,0.5725,Driving,Koila,Speeding,2way,140.0,90,5G,-71,14.0,-7.0,0.0077383259880317,40.320997119134006,21.791258825989416,Normal
User_04,2025-02-25 13:45:23,0.295,0.5725,Driving,Zep,Speeding,2way,0.0,60,4G,-104,89.0,9.0,0.00425652612657,40.30622692377462,21.791258825989416,Normal
User_54,2025-02-25 15:33:33,0.508,0.2581,Driving,Zep,Speeding,2way,1.0,Illegal_Parking,3G,Ethernet,64.0,0.0,0.0061078620122439,40.27896699688754,21.791258825989416,Normal
User_57,2025-02-25 18:04:45,0.733,0.2274,Walking,Koila,Reckless_Driving,4way,0.0,70,WiFi,-83,48.0,8.0,0.0015546747913276,40.32256082387217,21.790606986027804,Normal
User_36,2025-02-26 00:11:31,0.394,0.4479,Running,Ligeris,9,2way,0.0,70,3G,-100,57.0,-1.0,0.007951314557358,40.30622692377462,21.808981140936066,Normal
User_55,2025-02-26 05:05:12,0.508,0.1868,Walking,Ligeris,Speeding,2way,1.0,50,4G,-90,62.0,-9.0,0.0018956039944536,40.30538271580182,22.466066,Normal
User_68,2025-02-26 05:10:56,0.736,0.4275,Walking,Zep,Speeding,4way,4.0,70,3G,-111,67.0,19.0,0.0078472636457888,40.30622692377462,21.750941618517988,Unintentional
User_01,2025-02-26 11:04:16,0.618,0.4305,Driving,Ligeris,Driving_Under_Influence,4way,1.0,40,5G,-86,78.0,-7.0,0.0081368357485178,40.32293651717787,21.790240421939824,Normal
User_67,2025-02-26 11:55:35,0.557,0.2946,Driving,Zep,Reckless_Driving,2way,1.0,40,3G,-110,5.0,12.0,0.0059835414836608,40.27955141711671,21.753199628455107,Normal
User_90,2025-02-26 12:09:26,0.522,0.1784,Walking,Ligeris,Driving_Under_Influence,1way,1.0,40,WiFi,-63,44.0,13.0,0.0057271729697465,40.30630671625331,21.807431762411216,Normal
User_02,2025-02-26 20:13:17,0.508,0.2988,Walking,Ligeris,Speeding,2way,0.0,30,3G,-87,22.0,0.0,0.0045703788303925,40.30609561715677,21.80735567189108,Normal
User_45,2025-02-26 20:46:03,0.446,0.5725,Running,Koila,Speeding,2way,0.0,20,5G,-111,63.0,9.0,0.0030453041139832,40.32234448544687,21.791272455178348,Normal
User_30,2025-02-26 23:30:19,0.577,0.3805,Walking,Ligeris,8,2way,0.0,60,5G,-80,49.0,1.0,0.0097399591412409,40.30622692377462,21.80683527432478,Normal
User_86,2025-02-27 00:22:51,0.63,0.3823,Walking,Zep,Driving_Under_Influence,2way,3.0,30,3G,-114,69.0,11.0,0.0067945605228006,40.28032130149748,21.753402202402658,Normal
User_77,2025-02-27 02:11:45,0.347,0.2546,Driving,Ligeris,Driving_Under_Influence,2way,0.0,20,3G,-57,48.0,1.0,0.0031121730628979,40.30622692377462,21.80742033590058,Normal
User_28,2025-02-27 04:32:00,0.508,0.2165,Driving,Koila,Speeding,2way,0.0,10,3G,Ethernet,22.0,2.0,0.0014706847735428,40.32196668567887,21.792840734564347,Normal
User_85,2025-02-27 07:37:01,0.572,0.5112,Running,Ligeris,Speeding,2way,1.0,80,WiFi,-66,2.0,-16.0,0.021,40.30518663154687,21.791258825989416,Unintentional
User_31,2025-02-27 11:24:39,0.72,0.3649,Running,Ligeris,Reckless_Driving,5way,0.0,10,3G,-88,23.0,7.0,0.0090174423910216,40.3047841724863,21.806472258894637,Intentional
User_54,2025-02-27 18:02:17,0.508,0.2611,Walking,Ligeris,Driving_Under_Influence,1way,3.0,60,4G,-81,92.0,-3.0,0.0019204763810866,40.32108387380999,21.790571696859505,Normal
User_04,2025-02-28 14:34:45,0.295,0.1789,Flying,Zep,Reckless_Driving,2way,2.0,20,103,-92,87.0,-2.0,0.0029460625928209,40.27935130951868,21.753463028014053,Intentional
User_39,2025-02-28 18:09:44,0.685,0.3778,Driving,Zep,Driving_Under_Influence,2way,1.0,20,WiFi,-82,80.0,-11.0,0.0020978925763467,40.28110442544158,21.752593220343964,Normal
User_81,2025-02-28 18:24:16,0.508,0.3654,Running,Koila,Driving_Under_Influence,2way,3.0,30,3G,-99,17.0,-14.0,0.0050169280605081,40.30622692377462,21.791258825989416,Normal
User_11,2025-02-28 19:07:59,0.539,0.2916,Driving,Koila,Driving_Under_Influence,2way,1.0,10,115,-82,7.0,-13.0,0.0014331401092364,40.32275460166511,21.790046535677774,Normal
User_56,2025-02-28 21:52:06,0.419,0.2936,Driving,Ligeris,Driving_Under_Influence,2way,1.0,80,5G,-93,68.0,-6.0,0.0056636229169085,40.30540157284817,21.807427339932055,Normal
User_39,2025-02-28 22:37:30,0.685,0.3788,Driving,Koila,Speeding,2way,0.0,80,3G,Ethernet,62.0,-15.0,0.0027010198871137,40.30622692377462,21.789743355420796,Normal
User_76,2025-02-28 23:03:02,0.349,0.4916,Driving,Spinari,Speeding,1way,0.0,90,5G,Ethernet,45.0,11.0,0.007029604589845,40.32267472348536,21.791854406383,Intentional
User_97,2025-03-01 08:16:23,0.296,0.5725,Walking,Koila,Driving_Under_Influence,2way,1.0,40,WiFi,-71,96.0,-6.0,0.0057271729697465,40.32179764356812,21.790335091885712,Normal
User_83,2025-03-01 12:39:40,0.453,0.4095,Walking,Ligeris,Reckless_Driving,2way,0.0,80,5G,-87,91.0,3.0,0.0084664095844487,40.30602118733648,21.808764923440453,Normal
User_33,2025-03-01 13:41:14,0.508,0.2586,Driving,Koila,Reckless_Driving,4way,0.0,50,4G,-89,15.0,0.0,0.0036487515015117,40.32220155375066,21.79150133865937,Normal
User_99,2025-03-01 14:22:11,0.618,0.3253,Running,Ligeris,Driving_Under_Influence,2way,0.0,60,WiFi,-62,60.0,1.0,0.0068191460451223,40.30622692377462,18.402348,Normal
User_42,2025-03-01 20:30:08,0.577,0.5725,Walking,Ligeris,Speeding,1way,1.0,60,5G,-72,48.0,-6.0,0.028,40.30622692377462,21.808589124067073,Unintentional
User_86,2025-03-02 00:34:04,0.508,0.3883,Driving,Koila,Reckless_Driving,1way,1.0,Illegal_Parking,4G,-117,19.0,-2.0,0.0023972225944766,40.321726093663216,21.793176071099577,Normal
User_69,2025-03-02 07:59:26,0.289,0.2716,Walking,Koila,Speeding,2way,2.0,60,4G,Ethernet,48.0,0.0,0.0044192920463546,40.30622692377462,21.791914889317543,Normal
User_42,2025-03-02 08:41:20,0.577,0.3852,Driving,Koila,Reckless_Driving,1way,140.0,60,3G,Ethernet,22.0,-16.0,0.0060133706566066,40.322033571104576,21.78898921576221,Normal
User_32,2025-03-02 09:09:41,0.694,0.5725,Driving,Zep,Speeding,2way,1.0,40,3G,-106,60.0,-7.0,0.0076184071308881,40.2790720801972,21.75115635573238,Normal
User_07,2025-03-02 09:36:34,0.319,0.376,Walking,Zep,6,2way,1.0,80,3G,-91,3.0,-17.0,0.0093582915478409,40.27942686789901,21.752064352953877,Unintentional
User_05,2025-03-02 13:34:45,0.311,0.2748,Walking,Ligeris,Driving_Under_Influence,2way,1.0,50,5G,-85,48.0,15.0,0.0061564575058081,40.3060916186413,21.807980805516145,Normal
User_70,2025-03-03 00:37:29,0.359,0.4572,Running,Ligeris,Speeding,2way,3.0,60,5G,-80,41.0,21.0,0.0057271729697465,40.27919180094481,21.753841635982113,Unintentional
User_46,2025-03-03 04:24:46,0.621,0.3109,Walking,Koila,Speeding,1way,1.0,30,3G,-85,41.0,0.0,0.0054308355275558,40.3211579948937,21.791258825989416,Normal
User_37,2025-03-03 05:04:41,0.528,0.4589,Driving,Koila,Speeding,2way,0.0,80,WiFi,-69,94.0,0.0,0.0036285488583371,40.32270494790513,21.79128802417444,Normal
User_44,2025-03-03 07:30:53,0.332,0.2247,Walking,Ligeris,Driving_Under_Influence,2way,0.0,40,3G,-76,4.0,4.0,0.0099645102867534,38.637156,21.752338615716873,Normal
User_69,2025-03-03 08:23:14,0.289,0.2726,Running,Ligeris,Driving_Under_Influence,2way,0.0,70,3G,-106,8.0,15.0,0.0072063757208833,40.306072553590944,21.80779800176063,Normal
User_25,2025-03-03 08:31:48,0.627,0.1813,Driving,Koila,Speeding,2way,0.0,50,5G,-99,12.0,-8.0,0.005449457237227,40.30622692377462,21.791258825989416,Normal
User_15,2025-03-03 09:22:25,0.585,0.1544,Walking,Ligeris,Speeding,2way,1.0,50,3G,-120,61.0,-8.0,0.0041024057948009,40.3065989615338,21.808064640083305,Normal
User_14,2025-03-03 14:11:56,0.549,0.1387,Driving,Ligeris,Driving_Under_Influence,2way,160.0,70,3G,Ethernet,87.0,-6.0,0.033,40.30703935317152,21.807305269933707,Unintentional
User_90,2025-03-03 16:22:27,0.522,0.1874,Walking,Zep,Driving_Under_Influence,4way,1.0,60,3G,-70,48.0,7.0,0.007204152020867,40.27943241502245,22.953705,Normal
User_27,2025-03-03 17:25:09,0.319,0.4356,Running,Ligeris,Speeding,4way,0.0,10,4G,Ethernet,34.0,-3.0,0.0092846940554662,40.30773941442182,21.791258825989416,Normal
User_38,2025-03-03 18:49:17,0.448,0.5725,Driving,Zep,Reckless_Driving,4way,0.0,50,5G,-84,61.0,12.0,0.0065825380305912,40.28007704929451,21.791258825989416,Normal
User_67,2025-03-03 21:44:14,0.557,0.3056,Driving,Koila,Speeding,2way,2.0,30,3G,-73,74.0,15.0,0.0011553189074349,40.30622692377462,21.79044128821981,Normal
User_03,2025-03-04 04:54:11,0.508,0.3165,Walking,Zep,Driving_Under_Influence,1way,0.0,80,WiFi,-60,61.0,-11.0,0.0082734588307025,40.278901284130626,21.75296789247716,Normal
User_66,2025-03-04 12:38:46,0.325,0.5117,Running,Zep,Speeding,1way,0.0,70,5G,-116,96.0,11.0,0.0031154411001382,40.27957103242722,21.75438467455936,Normal
User_17,2025-03-04 14:42:50,0.383,0.1492,Running,Koila,Speeding,2way,0.0,10,WiFi,-69,86.0,-5.0,0.0025224583740258,40.32262692682337,21.79223388274531,Normal
User_04,2025-03-04 15:22:38,0.508,0.1869,Driving,Ligeris,Driving_Under_Influence,4way,0.0,40,4G,-92,80.0,8.0,0.007924072062275,40.30645465619414,19.654835,Normal
User_81,2025-03-04 18:26:24,0.482,0.3734,Walking,Ligeris,Driving_Under_Influence,4way,1.0,40,WiFi,-75,61.0,-3.0,0.0051060394688998,40.30644494813567,21.80561878187392,Normal
User_95,2025-03-04 19:09:11,0.739,0.2143,Walking,Ligeris,Speeding,1way,1.0,10,WiFi,-83,59.0,-6.0,0.0011907156575419,40.27915098799448,21.791258825989416,Normal
User_50,2025-03-04 23:36:54,0.477,0.4527,Walking,Ligeris,Reckless_Driving,4way,0.0,40,3G,-120,58.0,-9.0,0.0044888465826444,40.306408319669266,21.807436437199367,Normal
User_25,2025-03-05 00:49:30,0.627,0.1843,Driving,Zep,Speeding,1way,0.0,40,4G,-72,97.0,-12.0,0.0031986322722062,40.279517738096416,21.791258825989416,Normal
User_19,2025-03-05 02:04:41,0.384,0.4653,Walking,Ligeris,Speeding,5way,1.0,40,WiFi,-88,67.0,-25.0,0.0013687858487739,40.30663486164148,21.808746478248462,Intentional
User_95,2025-03-05 02:20:00,0.739,0.2153,Walking,Koila,Speeding,2way,2.0,90,4G,-76,15.0,14.0,0.0054087593829487,40.32225640928583,21.79060825274145,Normal
User_57,2025-03-05 03:57:19,0.508,0.2434,Driving,Koila,Speeding,2way,0.0,90,4G,-103,99.0,-8.0,0.0057271729697465,40.32178101918798,21.792128617222655,Normal
User_29,2025-03-05 04:59:29,0.309,0.3476,Walking,Ligeris,Reckless_Driving,1way,1.0,50,3G,-87,76.0,8.0,0.0057271729697465,40.305359522035474,21.80666581985382,Normal
User_74,2025-03-05 06:21:50,0.6,0.1345,Walking,Koila,Speeding,2way,0.0,40,4G,-103,48.0,6.0,0.0025758789221788,40.32218466013117,21.792100009812035,Normal
User_25,2025-03-05 08:08:31,0.627,0.1853,Driving,Zep,Reckless_Driving,2way,0.0,60,3G,-92,89.0,0.0,0.0066237268626404,40.28052593967813,21.753591198631728,Normal
User_63,2025-03-05 09:03:16,0.408,0.3464,Driving,Ligeris,Speeding,1way,0.0,Lane_Discards,5G,-106,32.0,10.0,0.0097340406193093,40.30710575269587,21.80743788991591,Normal
User_34,2025-03-05 09:45:44,0.508,0.3086,Running,Ligeris,Driving_Under_Influence,4way,1.0,10,4G,Ethernet,27.0,7.0,0.0041458804521681,40.30578266082766,21.8066054221643,Normal
User_48,2025-03-05 09:47:57,0.508,0.3473,Driving,Ligeris,Reckless_Driving,1way,0.0,80,5G,-78,48.0,-2.0,0.0053734986687142,40.3051833315487,21.791258825989416,Normal
User_26,2025-03-05 12:39:19,0.642,0.2842,Walking,Ligeris,Reckless_Driving,2way,0.0,50,4G,-112,6.0,12.0,0.0057271729697465,40.30649621065304,21.809671404788663,Normal
User_19,2025-03-05 19:18:27,0.384,0.4663,Walking,Koila,Driving_Under_Influence,6way,1.0,80,3G,-113,94.0,14.0,0.0057271729697465,40.32335226783498,21.792899767810624,Intentional
User_86,2025-03-05 19:49:21,0.508,0.3953,Driving,Koila,Speeding,4way,0.0,80,4G,Ethernet,77.0,-1.0,0.0059830170893745,40.32253067773083,21.7909047246722,Normal
User_36,2025-03-05 23:06:36,0.394,0.5725,Running,Koila,Driving_Under_Influence,2way,0.0,Harassing_Driver,3G,-119,32.0,3.0,0.048,40.30622692377462,21.790086465515422,Unintentional
User_59,2025-03-06 05:53:17,0.696,0.4968,Walking,Koila,Driving_Under_Influence,2way,1.0,20,3G,-82,27.0,7.0,0.0040977510932234,40.32141007657174,21.79160850719244,Normal
User_53,2025-03-06 10:24:53,0.364,0.5725,Walking,Zep,Speeding,1way,2.0,40,3G,Ethernet,48.0,-7.0,0.0066149366557403,40.27866787009644,21.754262892710052,Normal
User_83,2025-03-06 10:44:49,0.453,0.4195,Running,Zep,Speeding,2way,1.0,50,3G,Satellite,40.0,4.0,0.0057271729697465,40.27888162527901,21.754366196721044,Normal
User_57,2025-03-06 15:39:36,0.733,0.5725,Running,Ligeris,Driving_Under_Influence,2way,0.0,40,3G,-84,71.0,-16.0,0.0070931771895177,40.30622692377462,21.808500503360488,Normal
User_39,2025-03-06 18:03:23,0.508,0.5725,Running,Center,Speeding,1way,1.0,60,WiFi,-80,14.0,18.0,0.0082783808259601,40.30622692377462,21.79232279797321,Intentional
User_94,2025-03-06 23:28:49,0.508,0.1928,Walking,Koila,Reckless_Driving,1way,1.0,20,WiFi,-65,84.0,8.0,0.0020337830874316,40.32216948901368,21.790243058999827,Normal
User_93,2025-03-07 01:33:30,0.418,0.2331,Driving,Koila,Speeding,2way,0.0,40,5G,Ethernet,82.0,-1.0,0.0062046027131092,40.30622692377462,21.791258825989416,Normal
User_38,2025-03-07 05:25:15,0.448,0.2972,Driving,Spinari,Speeding,4way,2.0,30,4G,-120,15.0,0.0,0.001036483230954,40.32140672914126,21.791258825989416,Intentional
User_90,2025-03-07 10:12:59,0.508,0.1964,Running,Koila,Reckless_Driving,4way,2.0,20,WiFi,-57,30.0,-6.0,0.0049542476680701,40.32225174524311,21.791384467386244,Normal
User_04,2025-03-07 10:20:50,0.295,0.1919,Walking,Ligeris,Speeding,4way,0.0,40,3G,Ethernet,48.0,0.0,0.0036280023161213,40.30591166916732,21.808438692492217,Normal
User_09,2025-03-07 10:55:56,0.377,0.5088,Running,Ligeris,Speeding,2way,1.0,40,WiFi,-89,29.0,4.0,0.005535647675793,40.27897328303445,21.752483883732488,Normal
User_10,2025-03-07 12:06:30,0.719,0.4503,Driving,Ligeris,Speeding,4way,0.0,90,4G,Satellite,21.0,7.0,0.0010212984792306,40.32116440515518,21.791213364761905,Normal
User_02,2025-03-07 12:18:35,0.508,0.3158,Walking,Ligeris,Reckless_Driving,1way,0.0,40,3G,Ethernet,95.0,6.0,0.0080580264671084,40.30622692377462,21.80692013638111,Normal
User_64,2025-03-07 12:23:52,0.257,0.5725,Walking,Zep,Driving_Under_Influence,4way,1.0,40,5G,-84,99.0,9.0,0.0040028761984348,40.28044310565467,21.753080034799332,Normal
User_16,2025-03-07 13:47:18,0.438,0.2569,Driving,Koila,Driving_Under_Influence,2way,0.0,Harassing_Driver,5G,-91,9.0,0.0,0.0097705454825047,40.321974978215415,21.789745255697703,Normal
User_44,2025-03-07 13:57:50,0.332,0.2337,Swimming,Ligeris,Reckless_Driving,1way,0.0,90,WiFi,-73,41.0,0.0,0.0011774246114226,40.30630962339568,21.791258825989416,Intentional
User_38,2025-03-07 14:02:26,0.508,0.2982,Driving,Ligeris,Driving_Under_Influence,1way,2.0,30,4G,-88,95.0,10.0,0.0013872589768764,40.30628004638359,21.80706759159312,Normal
User_09,2025-03-07 14:32:29,0.377,0.5098,Walking,Zep,Speeding,1way,5.0,50,4G,-99,94.0,-15.0,0.005125628590484,40.27899263581844,21.75325527909776,Normal
User_86,2025-03-07 15:16:12,0.63,0.3983,Walking,Koila,Driving_Under_Influence,2way,0.0,10,WiFi,-85,53.0,-5.0,0.0057271729697465,40.32223862577396,21.791487876996396,Normal
User_30,2025-03-07 16:07:40,0.577,0.5725,Driving,Ligeris,Speeding,1way,1.0,80,3G,Ethernet,55.0,-11.0,0.0088537338871987,40.306198256398424,21.807432991792236,Normal
User_01,2025-03-08 01:50:06,0.618,0.4505,Walking,Koila,Driving_Under_Influence,2way,1.0,50,3G,-63,55.0,-7.0,0.001900617494634,40.32271797387675,21.791258825989416,Normal
User_65,2025-03-08 07:13:13,0.508,0.2263,Walking,Zep,Driving_Under_Influence,2way,1.0,60,3G,-73,48.0,0.0,0.005880973889454,40.28063392925821,21.754500966659226,Normal
User_06,2025-03-08 10:31:04,0.614,0.5063,Walking,Spinari,Driving_Under_Influence,4way,1.0,60,4G,-101,0.0,10.0,0.0091938795268028,40.30622692377462,21.753319266325217,Intentional
User_31,2025-03-08 11:38:40,0.72,0.3829,Walking,Ligeris,Driving_Under_Influence,2way,0.0,60,WiFi,-84,13.0,0.0,0.006382330810517,40.305385309905475,21.80838642376869,Normal
User_49,2025-03-08 14:32:45,0.508,0.5725,Driving,Ligeris,Driving_Under_Influence,1way,1.0,60,WiFi,-89,52.0,0.0,0.002831041930086,40.305627567294174,21.791258825989416,Normal
User_38,2025-03-08 15:31:47,0.448,0.3002,Running,Ligeris,Reckless_Driving,2way,0.0,40,WiFi,Ethernet,89.0,-3.0,0.041,40.323126055314745,21.791258825989416,Unintentional
User_56,2025-03-08 20:55:02,0.419,0.3096,Walking,Zep,Driving_Under_Influence,2way,0.0,20,4G,-88,43.0,-5.0,0.0097215598880376,37.224291,21.753098706433303,Normal
User_69,2025-03-08 21:12:34,0.508,0.2826,Walking,Zep,Speeding,2way,0.0,90,WiFi,-66,3.0,-9.0,0.0097119331628287,40.280465351946475,21.755043535747458,Normal
User_41,2025-03-08 22:33:50,0.251,0.3935,Walking,Ligeris,Driving_Under_Influence,6way,1.0,30,3G,Ethernet,68.0,6.0,0.0057271729697465,40.30672116490045,21.80916385201822,Intentional
User_69,2025-03-08 23:22:51,0.289,0.2836,Running,Ligeris,Driving_Under_Influence,4way,0.0,50,107,-95,83.0,-5.0,0.0074334315876371,40.30700374768806,21.808397145176404,Normal
User_25,2025-03-09 02:30:43,0.627,0.1923,Walking,Ligeris,Reckless_Driving,2way,0.0,40,3G,-85,96.0,-7.0,0.0054391754898981,40.30634075760901,21.80737238647116,Normal
User_56,2025-03-09 04:17:23,0.419,0.3106,Driving,Ligeris,Driving_Under_Influence,1way,1.0,10,117,Ethernet,38.0,1.0,0.0042344189304035,40.30517926554571,21.80562239284822,Normal
User_38,2025-03-09 06:52:39,0.508,0.3012,Driving,Zep,Reckless_Driving,1way,0.0,30,4G,-116,63.0,-23.0,0.0065191924067921,40.278761864530416,21.791258825989416,Unintentional
User_15,2025-03-09 10:41:37,0.585,0.1664,Driving,Ligeris,Speeding,2way,0.0,20,3G,-101,48.0,-5.0,0.0047677154876749,40.30622692377462,21.80909289401376,Normal
User_34,2025-03-09 13:04:29,0.401,0.3166,Running,Ligeris,Driving_Under_Influence,1way,0.0,20,4G,-101,15.0,5.0,0.0084598464898235,40.30483866512703,21.791258825989416,Normal
User_100,2025-03-09 15:56:40,0.592,0.5725,Running,Zep,Speeding,2way,1.0,30,WiFi,-68,46.0,-12.0,0.0057271729697465,40.27936292579109,21.753177164434256,Normal
User_85,2025-03-09 17:03:22,0.508,0.5322,Driving,Koila,Driving_Under_Influence,2way,0.0,30,5G,-71,75.0,-8.0,0.0066434084935357,40.32224610899052,21.79224254593152,Normal
User_13,2025-03-09 17:27:04,0.657,0.2679,Driving,Zep,Speeding,2way,0.0,70,3G,Ethernet,23.0,-10.0,0.009616822429896,40.27943265810684,21.751487164306372,Normal
User_35,2025-03-10 06:19:19,0.379,0.3426,Walking,Zep,Driving_Under_Influence,2way,1.0,90,3G,Ethernet,53.0,0.0,0.037,40.279418705004986,21.75326482660121,Unintentional
User_91,2025-03-10 11:39:28,0.508,0.2052,Running,Koila,Speeding,4way,0.0,60,5G,-99,-18.0,11.0,0.0066177009945951,40.32174730058091,21.791285715484538,Normal
User_20,2025-03-10 14:25:06,0.686,0.4664,Walking,Ligeris,Speeding,1way,1.0,60,3G,-85,16.0,-8.0,0.0032539733660261,40.30622692377462,21.80752038195181,Normal
User_98,2025-03-10 14:27:59,0.553,0.3809,Walking,Center,Speeding,2way,0.0,60,3G,Ethernet,83.0,-6.0,0.0057271729697465,40.27867279590323,21.75346477275367,Intentional
User_16,2025-03-10 15:18:49,0.508,0.2619,Running,Koila,7,2way,0.0,70,3G,-76,48.0,11.0,0.0057271729697465,40.32225214522885,21.79162062570904,Normal
User_90,2025-03-11 20:10:11,0.522,0.2044,Running,Zep,Reckless_Driving,4way,0.0,40,3G,Ethernet,42.0,-15.0,0.0057271729697465,40.27971387973126,21.791258825989416,Normal
User_17,2025-03-11 23:17:57,0.383,0.1642,Running,Zep,Driving_Under_Influence,1way,1.0,60,5G,-74,49.0,-12.0,0.0085407934217578,40.280385975993674,21.7544434944192,Normal
User_74,2025-03-12 00:37:36,0.6,0.1485,Running,Ligeris,Speeding,1way,1.0,30,3G,-81,48.0,-16.0,0.0054738695965527,40.30689653811368,21.8092529773,Normal
User_08,2025-03-12 00:39:02,0.325,0.5166,Driving,Zep,Driving_Under_Influence,2way,0.0,40,3G,-88,24.0,0.0,0.0011562950580369,40.27989389803633,21.753002421261847,Normal
User_07,2025-03-12 01:32:11,0.319,0.395,Walking,Ligeris,Reckless_Driving,1way,1.0,80,4G,-90,62.0,3.0,0.0098518461904381,40.30617920889525,21.807570294144135,Normal
User_63,2025-03-12 05:36:47,0.408,0.3614,Driving,Koila,Reckless_Driving,4way,2.0,50,4G,-114,-130.0,9.0,0.0061617712788277,40.32047005062058,21.79178707054129,Normal
User_61,2025-03-12 06:01:17,0.261,0.2385,Walking,Koila,Reckless_Driving,2way,0.0,40,3G,-74,24.0,0.0,0.0057271729697465,40.32190614664382,21.791258825989416,Normal
User_45,2025-03-12 06:38:07,0.446,0.1985,Running,Zep,Speeding,1way,0.0,10,3G,-96,20.0,0.0,0.0021984793697021,40.28019679227166,17.094515,Normal
User_09,2025-03-12 06:55:54,0.508,0.5198,Driving,Ligeris,Reckless_Driving,4way,3.0,30,5G,-108,-154.0,5.0,0.0078147542272813,40.305637925690334,21.805545357284995,Normal
User_02,2025-03-12 10:33:41,0.504,0.3258,Walking,Koila,Driving_Under_Influence,1way,1.0,80,3G,Ethernet,74.0,2.0,0.0034050461940247,40.32307498200513,21.79276226321615,Normal
User_46,2025-03-12 14:10:38,0.621,0.3279,Driving,Koila,Speeding,4way,0.0,70,5G,-83,34.0,-11.0,0.0048012524950793,40.32197072125299,19.28131,Normal
User_57,2025-03-12 15:26:50,0.733,0.2584,Driving,Zep,Reckless_Driving,4way,1.0,50,3G,Ethernet,48.0,-11.0,0.0080263069979468,40.28055489105627,21.752957893650827,Normal
User_58,2025-03-12 15:40:12,0.508,0.5725,Walking,Ligeris,Speeding,4way,0.0,30,WiFi,-87,7.0,11.0,0.0025456499626897,40.3077336531887,21.807500651153493,Normal
User_64,2025-03-12 16:56:23,0.257,0.5725,Running,Ligeris,Speeding,1way,0.0,40,WiFi,-82,48.0,-12.0,0.0057271729697465,40.27983395057297,21.791258825989416,Normal
User_88,2025-03-12 18:00:35,0.676,0.174,Running,Zep,Speeding,4way,2.0,90,3G,-114,54.0,1.0,0.0015733318717305,40.2796257078112,21.75289477934639,Normal
User_62,2025-03-12 20:42:22,0.346,0.3923,Running,Zep,Speeding,1way,4.0,40,WiFi,-86,48.0,15.0,0.0012645373815973,40.278066191557,21.752087407950068,Normal
User_32,2025-03-12 21:57:30,0.508,0.4428,Driving,Ligeris,Driving_Under_Influence,2way,160.0,40,105,-112,29.0,16.0,0.0058040107592264,40.32185433421123,21.789423790206495,Normal
User_34,2025-03-12 22:14:24,0.401,0.3236,Walking,Zep,Reckless_Driving,1way,0.0,40,4G,-97,19.0,3.0,0.00495019394935,41.628243,21.75193777079062,Normal
User_49,2025-03-12 23:13:43,0.483,0.248,Driving,Ligeris,Reckless_Driving,2way,0.0,30,WiFi,-69,76.0,-11.0,0.0053050161889265,40.306096040132935,21.807866798950844,Normal
User_26,2025-03-13 01:39:55,0.642,0.2992,Walking,Zep,8,2way,1.0,50,3G,-94,14.0,14.0,0.0065106761138041,40.27919383215432,21.754961010600233,Normal
User_40,2025-03-13 04:46:52,0.498,0.3977,Walking,Ligeris,Speeding,2way,0.0,40,106,-76,22.0,1.0,0.0059011327185242,40.30622036189848,21.807281579029706,Normal
User_34,2025-03-13 09:58:59,0.401,0.3256,Walking,Zep,Reckless_Driving,1way,0.0,Harassing_Driver,3G,-108,16.0,0.0,0.005384699530011,40.30622692377462,21.75142978892678,Normal
User_29,2025-03-13 11:07:27,0.508,0.3636,Driving,Koila,Speeding,2way,0.0,40,4G,-104,48.0,1.0,0.0024424799780972,40.32152490872515,21.78969252200885,Normal
User_27,2025-03-13 13:32:26,0.319,0.4546,Running,Ligeris,Speeding,4way,0.0,80,4G,-114,48.0,-7.0,0.0039270956439858,40.30622692377462,21.807258917204937,Normal
User_96,2025-03-13 19:14:02,0.722,0.1576,Running,Koila,Reckless_Driving,1way,1.0,10,WiFi,-61,8.0,2.0,0.0085966199314646,40.32187909086194,21.78964041019221,Normal
User_92,2025-03-13 20:09:59,0.611,0.5725,Driving,Ligeris,Driving_Under_Influence,2way,1.0,40,3G,-98,68.0,-6.0,0.007599589151414,40.30622692377462,21.790089570241673,Normal
User_74,2025-03-13 20:41:33,0.6,0.1515,Running,Zep,Driving_Under_Influence,1way,0.0,60,3G,-65,59.0,-6.0,0.0057271729697465,40.27978601440855,21.753282645999363,Normal
User_46,2025-03-14 00:05:07,0.621,0.3319,Driving,Koila,Driving_Under_Influence,4way,1.0,80,5G,-98,79.0,0.0,0.0052410488515904,40.32182328196635,21.791258825989416,Normal
User_62,2025-03-14 05:03:38,0.508,0.3963,Walking,Koila,Reckless_Driving,1way,3.0,60,3G,-83,14.0,-8.0,0.0054206303644178,40.32239810410096,21.790997002074494,Normal
User_91,2025-03-14 08:13:02,0.409,0.2132,Walking,Ligeris,Driving_Under_Influence,2way,0.0,30,5G,-103,48.0,0.0,0.0057271729697465,42.670325,21.80544284273071,Normal
User_25,2025-03-14 09:30:05,0.627,0.2033,Running,Zep,Speeding,4way,1.0,60,3G,-104,24.0,7.0,0.0078905515529386,40.27917395273723,21.754324928236574,Normal
User_91,2025-03-14 09:55:29,0.409,0.2142,Running,Zep,8,2way,0.0,60,WiFi,-76,48.0,0.0,0.0072074286795043,38.6805,21.75460735979108,Normal
User_55,2025-03-14 10:47:48,0.489,0.2198,Walking,Zep,Driving_Under_Influence,1way,1.0,20,WiFi,-61,22.0,7.0,0.0095300508569706,40.27972199651484,21.75335154928321,Normal
User_98,2025-03-14 12:03:12,0.553,0.3889,Running,Center,Reckless_Driving,1way,0.0,60,3G,-107,-122.0,-3.0,0.0062654536262547,40.32116400327102,21.790137405041776,Intentional
User_35,2025-03-14 12:07:12,0.379,0.3506,Walking,Koila,Driving_Under_Influence,4way,0.0,40,3G,-98,48.0,-2.0,0.0015858050475666,40.32273596978581,21.790670489628894,Normal
User_40,2025-03-14 13:41:55,0.498,0.3997,Running,Ligeris,Speeding,1way,140.0,40,3G,Ethernet,37.0,-4.0,0.0023958992779194,40.30622692377462,21.791258825989416,Normal
User_84,2025-03-14 15:34:48,0.689,0.3226,Running,Koila,Reckless_Driving,1way,2.0,30,109,-71,22.0,0.0,0.0071251917648953,40.32200603059057,21.791258825989416,Normal
User_26,2025-03-14 16:37:54,0.642,0.3022,Running,Zep,Reckless_Driving,2way,0.0,40,WiFi,-87,46.0,-20.0,0.0082213358922919,40.28043888869933,21.753125093341673,Unintentional
User_17,2025-03-14 19:30:36,0.383,0.1702,Driving,Ligeris,Driving_Under_Influence,2way,0.0,60,3G,-88,85.0,-1.0,0.003990150577436,40.30519521337092,21.808592434699385,Normal
User_78,2025-03-14 22:05:56,0.64,0.5725,Walking,Ligeris,Speeding,4way,1.0,80,5G,Ethernet,79.0,-4.0,0.0057271729697465,41.698957,21.807578326099,Normal
User_41,2025-03-14 23:46:55,0.251,0.4065,Driving,Ligeris,8,1way,0.0,20,5G,-102,45.0,-2.0,0.0043095606242117,40.30586881786036,21.80747245154711,Normal
User_13,2025-03-15 01:14:38,0.657,0.2789,Driving,Ligeris,Reckless_Driving,2way,1.0,20,5G,-100,15.0,16.0,0.0057271729697465,40.307717001576414,21.807988704381707,Normal
User_49,2025-03-15 01:18:44,0.483,0.253,Running,Zep,Reckless_Driving,4way,0.0,20,5G,-105,47.0,1.0,0.0083108632828968,40.30622692377462,21.75356674212444,Normal
User_18,2025-03-15 01:45:06,0.271,0.5725,Walking,Spinari,Driving_Under_Influence,2way,0.0,80,4G,-91,29.0,3.0,0.0010305592740463,40.27800924011685,21.75361712958366,Intentional
User_76,2025-03-15 07:02:41,0.508,0.5216,Driving,Koila,Driving_Under_Influence,2way,0.0,50,4G,-75,28.0,4.0,0.0072677490731628,40.32235854833341,21.791545631562897,Normal
User_08,2025-03-15 18:12:25,0.325,0.5236,Walking,Koila,Driving_Under_Influence,2way,0.0,80,WiFi,-76,84.0,0.0,0.0092991439933225,40.321662068185496,21.790427214622557,Normal
User_34,2025-03-15 20:59:04,0.401,0.3296,Running,Ligeris,Driving_Under_Influence,4way,1.0,50,3G,-114,62.0,-5.0,0.0058211400099353,37.123333,21.808925948464974,Normal
User_10,2025-03-16 03:28:09,0.719,0.4683,Swimming,Zep,Reckless_Driving,2way,3.0,40,3G,-77,28.0,12.0,0.0057271729697465,38.271851,21.752632115229225,Intentional
User_24,2025-03-16 03:53:27,0.7,0.373,Walking,Ligeris,8,2way,2.0,50,WiFi,-82,87.0,2.0,0.0057271729697465,40.30581612289553,21.791258825989416,Normal
User_88,2025-03-16 10:56:14,0.676,0.181,Driving,Zep,Reckless_Driving,1way,1.0,50,5G,-79,42.0,3.0,0.0078500961307551,40.27938872470902,21.752960949720205,Normal
User_02,2025-03-16 11:25:19,0.504,0.3348,Running,Ligeris,Reckless_Driving,2way,0.0,60,3G,-80,15.0,7.0,0.0085636988343835,40.305801923648986,21.806065620422757,Normal
User_79,2025-03-16 12:03:27,0.426,0.1896,Driving,Koila,Reckless_Driving,1way,1.0,20,3G,-73,-23.0,-12.0,0.0060556646600991,40.32371087401541,21.791628087594503,Normal
User_76,2025-03-16 14:55:12,0.349,0.5725,Walking,Ligeris,Speeding,1way,0.0,40,4G,-118,5.0,-3.0,0.0069448529090296,40.30547620247698,21.80615185122647,Normal
User_63,2025-03-16 15:28:36,0.408,0.5725,Driving,Zep,Speeding,2way,1.0,20,4G,-90,-22.0,0.0,0.0065741866965034,40.30622692377462,21.752588423853172,Normal
User_75,2025-03-16 16:30:26,0.544,0.4914,Walking,Koila,Driving_Under_Influence,1way,0.0,Illegal_Parking,3G,Ethernet,28.0,-13.0,0.0042180058813721,40.3221604453703,21.791472274656797,Normal
User_82,2025-03-16 17:01:13,0.499,0.5725,Running,Zep,Reckless_Driving,1way,1.0,20,WiFi,Ethernet,70.0,-19.0,0.0026686826634042,40.30622692377462,21.751154133736584,Unintentional
User_10,2025-03-17 11:10:39,0.719,0.4703,Running,Ligeris,Reckless_Driving,1way,1.0,30,WiFi,-68,83.0,-16.0,0.0057271729697465,40.30622692377462,21.791258825989416,Normal
User_25,2025-03-17 11:43:08,0.627,0.2093,Running,Ligeris,Driving_Under_Influence,1way,0.0,50,3G,-87,0.0,15.0,0.0058367315181863,40.2807553430333,21.753388602256347,Normal
User_35,2025-03-17 13:17:26,0.379,0.5725,Walking,Ligeris,Speeding,2way,0.0,30,4G,Ethernet,48.0,-5.0,0.0068247434583701,40.2797599481944,21.75546058839827,Normal
User_69,2025-03-17 14:22:50,0.289,0.5725,Walking,Koila,Driving_Under_Influence,2way,2.0,20,3G,-109,90.0,15.0,0.0021922111377674,40.322441783888465,21.79152148567173,Normal
User_55,2025-03-17 15:47:13,0.489,0.2258,Running,Ligeris,Driving_Under_Influence,2way,0.0,80,5G,-76,29.0,-9.0,0.0057271729697465,40.30677536112077,21.80775570120466,Normal
User_60,2025-03-17 17:23:37,0.602,0.5725,Walking,Ligeris,Speeding,2way,1.0,50,3G,-96,91.0,-6.0,0.0062379618108556,40.27946679818876,21.75361056592375,Normal
User_99,2025-03-17 18:29:32,0.618,0.5725,Driving,Koila,9,2way,0.0,20,5G,-72,-14.0,-1.0,0.0057271729697465,40.32088359961866,21.79201399188969,Normal
User_91,2025-03-18 02:13:14,0.409,0.2212,Driving,Zep,Driving_Under_Influence,5way,1.0,30,5G,-81,13.0,-13.0,0.0084399956285241,38.681597,21.754735501299727,Intentional
User_92,2025-03-18 02:30:30,0.611,0.5725,Running,Koila,Speeding,2way,0.0,50,4G,-114,69.0,11.0,0.0052913266579111,40.322184352851586,21.791822111286866,Normal
User_14,2025-03-18 11:44:08,0.549,0.1687,Walking,Ligeris,Speeding,2way,1.0,10,4G,-104,48.0,-13.0,0.0092952055827965,40.3231640178333,19.268815,Normal
User_83,2025-03-18 15:47:03,0.453,0.5725,Running,Ligeris,Speeding,2way,1.0,40,3G,-82,89.0,1.0,0.0017101744935051,40.30657423028329,21.807775759473493,Normal
User_99,2025-03-18 18:07:38,0.618,0.3603,Driving,Koila,Speeding,2way,1.0,70,5G,-73,25.0,-13.0,0.042,40.32318801057956,21.79186686430144,Unintentional
User_06,2025-03-18 20:08:46,0.614,0.5263,Running,Zep,Driving_Under_Influence,2way,4.0,70,3G,-97,48.0,0.0,0.0031248519128407,40.279718425480525,21.753056924278887,Normal
User_25,2025-03-18 23:07:23,0.627,0.2113,Driving,Ligeris,Speeding,1way,1.0,40,WiFi,-54,30.0,-3.0,0.0057271729697465,40.30589033470556,21.791258825989416,Normal
User_67,2025-03-18 23:24:29,0.557,0.5725,Walking,Ligeris,Driving_Under_Influence,2way,2.0,100,3G,-72,32.0,2.0,0.0057271729697465,40.30622692377462,21.807052719972617,Normal
User_48,2025-03-19 00:25:04,0.611,0.3743,Walking,Koila,Speeding,1way,3.0,Illegal_Parking,WiFi,-68,75.0,-8.0,0.0019905733902331,40.322169857168475,21.791076750910367,Normal
User_18,2025-03-19 07:26:48,0.271,0.2984,Walking,Koila,Driving_Under_Influence,4way,2.0,40,WiFi,-61,54.0,-5.0,0.008645599328466,40.32307368184303,21.791258825989416,Normal
User_24,2025-03-19 11:20:08,0.7,0.38,Running,Zep,Speeding,2way,0.0,90,3G,Satellite,21.0,-12.0,0.0037664180874378,40.28097402686856,21.753341181610445,Normal
User_17,2025-03-19 11:54:46,0.383,0.1792,Running,Zep,Driving_Under_Influence,2way,1.0,80,5G,-114,48.0,5.0,0.0077078895510447,40.27965661594394,21.791258825989416,Normal
User_57,2025-03-19 17:34:23,0.733,0.2724,Running,Koila,Speeding,4way,0.0,50,5G,-103,6.0,6.0,0.0016173455825561,40.32217055664245,21.79012156648977,Normal
User_75,2025-03-19 20:05:09,0.544,0.4974,Walking,Koila,Speeding,2way,0.0,80,5G,-85,76.0,7.0,0.0079284201735651,40.32129346377504,21.79024464184568,Normal
User_32,2025-03-19 21:55:44,0.694,0.4568,Driving,Koila,6,2way,0.0,90,3G,-114,48.0,-16.0,0.0025542905567977,40.32192989313073,21.791258825989416,Normal
User_47,2025-03-20 00:29:27,0.636,0.5725,Walking,Koila,Driving_Under_Influence,5way,1.0,40,4G,-109,3.0,-1.0,0.007969182015681,40.30622692377462,21.791258825989416,Intentional
User_89,2025-03-20 01:37:23,0.485,0.4633,Driving,Ligeris,Speeding,4way,1.0,60,4G,-97,82.0,10.0,0.0012635542108843,40.28029100284678,21.791258825989416,Normal
User_44,2025-03-20 08:33:12,0.332,0.2597,Walking,Koila,Reckless_Driving,2way,0.0,40,WiFi,-83,48.0,0.0,0.0040683341933539,40.32218366886403,21.79074960786276,Normal
User_67,2025-03-20 10:16:33,0.557,0.3386,Driving,Ligeris,Reckless_Driving,4way,2.0,50,3G,-113,20.0,16.0,0.0028848153049484,40.30693257409195,21.807376659959097,Normal
User_06,2025-03-20 11:07:51,0.614,0.5303,Walking,Zep,Speeding,4way,0.0,40,WiFi,-86,77.0,22.0,0.0037133099919471,40.30622692377462,21.75207660740446,Unintentional
User_71,2025-03-20 11:10:14,0.431,0.441,Walking,Ligeris,Speeding,5way,1.0,40,3G,Ethernet,48.0,-15.0,0.0010396638925044,40.306748480927126,21.80709056031955,Intentional
User_43,2025-03-20 11:47:18,0.255,0.4303,Running,Zep,Driving_Under_Influence,2way,0.0,30,5G,Ethernet,35.0,-14.0,0.0023733101008637,40.279603233208256,21.753193238812283,Normal
User_78,2025-03-20 14:41:38,0.64,0.5725,Driving,Ligeris,Driving_Under_Influence,2way,3.0,10,5G,-103,48.0,-11.0,0.0012472976388392,40.3072774880207,21.791258825989416,Normal
User_53,2025-03-20 15:11:55,0.508,0.5237,Driving,Ligeris,Driving_Under_Influence,1way,0.0,20,3G,-77,67.0,3.0,0.0037935272022143,40.30616704997742,21.791258825989416,Normal
User_76,2025-03-20 15:56:37,0.349,0.5725,Walking,Ligeris,Driving_Under_Influence,2way,1.0,60,3G,-59,48.0,-7.0,0.0057271729697465,40.30693701610448,21.80706128504406,Normal
User_42,2025-03-20 16:29:14,0.577,0.4212,Running,Ligeris,Reckless_Driving,1way,0.0,50,5G,-107,81.0,12.0,0.0086186954346519,40.27911891167825,21.752515268196365,Normal
User_87,2025-03-20 19:33:39,0.374,0.3026,Walking,Ligeris,Driving_Under_Influence,4way,0.0,80,WiFi,Ethernet,68.0,-8.0,0.0021579733684792,40.27977182911912,21.753525949633488,Normal
User_100,2025-03-20 22:39:59,0.592,0.3561,Walking,Zep,Speeding,2way,1.0,10,WiFi,-66,17.0,-8.0,0.007268159432917,40.279564195111114,21.791258825989416,Normal
User_12,2025-03-20 22:53:45,0.251,0.1787,Driving,Ligeris,Speeding,2way,1.0,30,5G,-101,11.0,24.0,0.0060168388469344,40.27935040496567,21.791258825989416,Unintentional
User_39,2025-03-21 00:39:16,0.685,0.4198,Walking,Ligeris,Reckless_Driving,1way,0.0,60,5G,-102,-35.0,0.0,0.0097697588641808,40.30632488653613,21.807712611604593,Normal
User_46,2025-03-21 00:58:02,0.621,0.3469,Driving,Koila,Speeding,2way,1.0,Illegal_Parking,3G,-109,41.0,10.0,0.0087666584556418,40.32255174918887,21.78908171239328,Normal
User_38,2025-03-21 04:47:33,0.448,0.3252,Running,Ligeris,Reckless_Driving,2way,1.0,10,3G,-96,16.0,4.0,0.0026406654424813,40.32231670384226,21.79322989077551,Normal
User_71,2025-03-21 10:08:29,0.431,0.5725,Driving,Ligeris,Speeding,2way,2.0,50,3G,Ethernet,75.0,-1.0,0.0029251513795318,40.306295230666834,21.80830207279559,Normal
User_34,2025-03-21 10:31:46,0.401,0.3406,Walking,Koila,Speeding,4way,0.0,50,4G,-92,2.0,13.0,0.0051154789491707,40.32100467575592,21.791258825989416,Normal
User_56,2025-03-21 11:15:52,0.419,0.3346,Running,Ligeris,Reckless_Driving,4way,0.0,90,WiFi,-76,48.0,5.0,0.0069378538526923,40.27994546834566,21.7542336972712,Normal
User_99,2025-03-21 14:10:32,0.618,0.3653,Running,Zep,Reckless_Driving,1way,0.0,80,WiFi,-55,-14.0,-11.0,0.0029243851995404,40.27909006732444,21.75249241370476,Normal
User_34,2025-03-21 15:36:15,0.508,0.3416,Walking,Zep,Reckless_Driving,2way,2.0,80,5G,-75,62.0,0.0,0.0093869692420336,40.27906380752314,21.753746310002995,Normal
User_99,2025-03-21 16:26:53,0.618,0.3663,Walking,Koila,Reckless_Driving,2way,3.0,50,WiFi,-63,52.0,5.0,0.0057271729697465,40.32367110496436,21.790354837896672,Normal
User_95,2025-03-21 16:53:25,0.508,0.2483,Driving,Ligeris,Speeding,2way,0.0,Harassing_Driver,120,-59,22.0,13.0,0.0076361962845555,40.30617847795256,21.80793563029616,Normal
User_84,2025-03-21 17:03:13,0.689,0.3366,Walking,Ligeris,Reckless_Driving,2way,1.0,40,4G,Ethernet,48.0,-5.0,0.0016269482215039,40.305820606839234,21.791258825989416,Normal
User_05,2025-03-21 17:43:31,0.311,0.3138,Driving,Ligeris,Speeding,2way,0.0,20,5G,-118,67.0,-18.0,0.0057271729697465,40.30622692377462,21.791258825989416,Unintentional
User_08,2025-03-21 18:11:34,0.325,0.5356,Walking,Ligeris,Speeding,2way,2.0,40,3G,-104,14.0,11.0,0.0075679885736933,40.32294839364093,21.789599750178727,Normal
User_66,2025-03-21 23:53:29,0.325,0.5457,Running,Ligeris,Reckless_Driving,1way,2.0,40,102,-76,52.0,13.0,0.0062507262982936,40.30668296889856,21.809038144945337,Normal
User_56,2025-03-22 01:24:45,0.419,0.3366,Walking,Ligeris,Driving_Under_Influence,2way,0.0,80,3G,-107,-18.0,-15.0,0.0043590613552867,40.3067638506871,21.80715171817627,Normal
User_68,2025-03-22 04:09:12,0.736,0.4755,Driving,Ligeris,Reckless_Driving,2way,0.0,10,3G,-109,96.0,-10.0,0.0081571388925196,40.30489757354141,21.791258825989416,Normal
User_91,2025-03-22 07:52:34,0.409,0.5725,Running,Ligeris,Driving_Under_Influence,4way,4.0,10,4G,-107,13.0,-14.0,0.0071936220909031,40.2796479032512,18.659379,Normal
User_87,2025-03-22 14:57:54,0.374,0.3076,Walking,Ligeris,Driving_Under_Influence,1way,0.0,90,3G,-118,1.0,14.0,0.0057271729697465,40.30550313197372,21.809480927060555,Normal
User_70,2025-03-22 20:58:16,0.508,0.4962,Walking,Koila,Speeding,2way,4.0,60,3G,-99,11.0,14.0,0.0096341367190981,40.321412093528686,21.79181829795476,Normal
User_02,2025-03-22 22:24:44,0.504,0.3468,Walking,Zep,Reckless_Driving,4way,1.0,40,WiFi,Ethernet,75.0,2.0,0.0039651071509651,40.28037472491328,21.753166069810803,Normal
User_07,2025-03-23 02:57:26,0.319,0.417,Walking,Ligeris,Reckless_Driving,2way,0.0,50,WiFi,-64,60.0,-16.0,0.0075494049737833,40.32233600636928,21.791624049461326,Normal
User_59,2025-03-23 10:20:07,0.696,0.5308,Driving,Ligeris,Speeding,2way,0.0,10,4G,-113,54.0,0.0,0.0029069527100024,40.30622692377462,21.754386681552056,Normal
User_96,2025-03-23 10:51:10,0.722,0.1776,Walking,Ligeris,Reckless_Driving,2way,1.0,80,4G,-114,50.0,0.0,0.0057271729697465,40.306467241205134,21.807353857966813,Normal
User_65,2025-03-23 13:46:36,0.578,0.2563,Driving,Koila,Driving_Under_Influence,2way,0.0,80,WiFi,Ethernet,63.0,15.0,0.022,40.32207599982369,21.791439856547903,Unintentional
User_24,2025-03-23 15:29:13,0.7,0.388,Driving,Zep,Speeding,1way,2.0,80,WiFi,-76,93.0,-7.0,0.0054823661278779,40.30622692377462,21.753520826526177,Normal
User_23,2025-03-23 19:43:45,0.669,0.5725,Driving,Zep,Reckless_Driving,4way,0.0,80,4G,-119,69.0,-1.0,0.0076116782602216,40.279784088690526,21.753857041669555,Normal
User_04,2025-03-23 19:46:38,0.295,0.2249,Driving,Koila,Reckless_Driving,1way,1.0,70,114,-87,71.0,10.0,0.0076619189853882,40.321885008093,21.79015215349218,Normal
User_06,2025-03-23 23:55:38,0.508,0.5363,Running,Spinari,Driving_Under_Influence,1way,0.0,40,3G,-85,11.0,16.0,0.0056911923409242,40.30691741472896,21.806893362926164,Intentional
User_22,2025-03-24 00:19:34,0.712,0.5725,Walking,Koila,Speeding,2way,140.0,110,WiFi,-66,92.0,-6.0,0.0057271729697465,37.078556,21.79059550093873,Normal
User_02,2025-03-24 02:05:14,0.504,0.3498,Walking,Ligeris,Reckless_Driving,2way,0.0,30,3G,Ethernet,37.0,0.0,0.0036148136013269,40.306518066667735,21.791258825989416,Normal
User_78,2025-03-24 02:58:53,0.64,0.5725,Walking,Center,Speeding,2way,1.0,30,4G,-110,39.0,6.0,0.0065373151164868,40.30719402607647,21.807922967935145,Intentional
User_40,2025-03-24 05:10:59,0.498,0.4207,Running,Ligeris,Driving_Under_Influence,2way,1.0,20,120,-96,48.0,-12.0,0.0090598736676706,40.306721895523154,21.805239149745724,Normal
User_15,2025-03-24 06:34:19,0.585,0.1964,Walking,Koila,Reckless_Driving,2way,0.0,50,3G,-71,40.0,0.0,0.009493854759424,40.32162546296719,21.792459660605733,Normal
User_21,2025-03-24 08:31:04,0.64,0.5275,Flying,Ligeris,Driving_Under_Influence,1way,1.0,10,3G,-120,4.0,-13.0,0.0016768494960698,40.305849445438675,21.791258825989416,Intentional
User_16,2025-03-24 15:19:47,0.438,0.2909,Walking,Zep,Speeding,2way,1.0,30,5G,-102,83.0,-15.0,0.0098242336912321,40.279613102496526,21.752533198742743,Normal
User_29,2025-03-24 23:39:40,0.508,0.3866,Driving,Ligeris,Reckless_Driving,2way,4.0,30,5G,-71,65.0,8.0,0.0057271729697465,40.30663241283439,21.80791833148364,Normal
User_30,2025-03-25 03:02:04,0.508,0.4335,Driving,Ligeris,Reckless_Driving,2way,1.0,40,3G,-76,9.0,11.0,0.0095841808639593,40.306225045827354,21.791258825989416,Normal
User_38,2025-03-25 03:47:08,0.448,0.3332,Running,Ligeris,Driving_Under_Influence,4way,1.0,80,5G,-81,68.0,-6.0,0.0053797146332684,40.30627675552138,21.80781698932177,Normal
User_72,2025-03-25 05:42:52,0.697,0.2672,Walking,Ligeris,Driving_Under_Influence,2way,1.0,30,3G,-99,48.0,16.0,0.0057271729697465,40.307022831284776,21.80775325925635,Normal
User_47,2025-03-25 14:07:44,0.508,0.3001,Walking,Ligeris,Speeding,2way,1.0,40,3G,Ethernet,-22.0,-15.0,0.0033554299888798,40.30606490826854,21.806140565310223,Normal
User_37,2025-03-25 14:18:22,0.528,0.5029,Driving,Ligeris,Driving_Under_Influence,2way,1.0,90,WiFi,-53,35.0,14.0,0.0085398763968875,40.30622692377462,21.791258825989416,Normal
User_05,2025-03-25 15:32:33,0.311,0.3218,Driving,Zep,Driving_Under_Influence,1way,1.0,50,3G,-82,8.0,0.0,0.0053847492775606,40.30622692377462,21.753499629099537,Normal
User_10,2025-03-25 15:33:46,0.719,0.4863,Walking,Zep,Speeding,2way,1.0,30,3G,-88,100.0,-10.0,0.0065540073257871,40.278740963902905,21.791258825989416,Normal
User_45,2025-03-25 18:50:38,0.446,0.2255,Walking,Ligeris,Driving_Under_Influence,2way,1.0,70,WiFi,-70,91.0,-16.0,0.0010824502506347,40.30620894048735,21.80757947520424,Normal
User_36,2025-03-25 19:25:48,0.508,0.5725,Driving,Ligeris,Speeding,2way,0.0,30,5G,Satellite,48.0,-16.0,0.0017285369229263,40.32224181593207,21.79102468456547,Normal
User_15,2025-03-25 19:39:13,0.585,0.1994,Running,Ligeris,Speeding,4way,1.0,50,3G,-115,100.0,8.0,0.0080697304831847,40.30622692377462,21.807557828454495,Normal
User_76,2025-03-25 20:31:13,0.349,0.5416,Driving,Koila,Driving_Under_Influence,1way,0.0,70,WiFi,Ethernet,48.0,-10.0,0.0069273840610414,38.714754,21.790133498755512,Normal
User_31,2025-03-25 21:52:03,0.72,0.4179,Walking,Koila,Speeding,1way,0.0,10,3G,-84,86.0,-14.0,0.0029009665713292,40.32268536939807,22.952839,Normal
User_52,2025-03-25 23:23:54,0.399,0.5049,Walking,Zep,Reckless_Driving,2way,0.0,40,5G,-74,20.0,7.0,0.008945151138279,40.27916734107152,21.752868870017473,Normal
User_02,2025-03-25 23:48:37,0.504,0.3528,Running,Koila,Speeding,4way,0.0,60,3G,-109,94.0,12.0,0.0096402591492175,40.30622692377462,21.790807249650992,Normal
User_34,2025-03-26 05:46:13,0.508,0.3506,Driving,Koila,Speeding,2way,1.0,20,3G,-82,6.0,4.0,0.0062529896890328,40.32228422266038,21.79043514988634,Normal
User_64,2025-03-26 06:35:18,0.257,0.1816,Driving,Koila,Reckless_Driving,4way,2.0,50,5G,Ethernet,9.0,1.0,0.0055069454815684,40.32248232989077,21.791575712098354,Normal
User_17,2025-03-26 06:36:22,0.383,0.1932,Walking,Ligeris,Speeding,2way,1.0,20,WiFi,-64,53.0,14.0,0.0070557624552326,40.30622692377462,21.807500006688148,Normal
User_08,2025-03-26 08:09:09,0.325,0.5456,Driving,Koila,Speeding,2way,1.0,30,4G,-119,88.0,-15.0,0.00469115011695,38.169277,21.791779931319773,Normal
User_90,2025-03-26 17:11:08,0.522,0.2334,Running,Ligeris,Speeding,2way,1.0,40,3G,-110,65.0,-25.0,0.0023277427108579,40.30495174221174,21.791258825989416,Unintentional
User_82,2025-03-27 01:52:10,0.499,0.5284,Driving,Zep,Reckless_Driving,6way,0.0,20,3G,-97,28.0,-12.0,0.0046364421242573,40.279651509486335,21.753611777786467,Intentional
User_82,2025-03-27 03:40:35,0.499,0.5294,Driving,Zep,Speeding,2way,1.0,30,WiFi,-51,99.0,22.0,0.0032370558570311,40.27943820508866,21.7519758502648,Unintentional
User_91,2025-03-27 10:40:43,0.409,0.2402,Running,Ligeris,Speeding,4way,4.0,60,3G,-90,25.0,14.0,0.0060373572393833,40.32183841785199,21.79095734830888,Normal
User_50,2025-03-27 15:24:36,0.477,0.4987,Driving,Koila,Driving_Under_Influence,4way,140.0,30,5G,-114,29.0,0.0,0.0080986312842873,40.321526338254024,21.791083654678957,Normal
User_93,2025-03-27 16:50:05,0.418,0.2741,Driving,Koila,8,4way,0.0,10,WiFi,-57,-20.0,4.0,0.0013481591643123,40.30622692377462,21.791258825989416,Normal
User_05,2025-03-28 00:58:28,0.311,0.3268,Driving,Zep,Speeding,1way,0.0,50,WiFi,-73,64.0,-1.0,0.0057271729697465,40.28038993926135,21.753207796664103,Normal
User_89,2025-03-28 06:35:08,0.508,0.5725,Driving,Ligeris,Speeding,2way,1.0,40,5G,-115,-20.0,-2.0,0.0083830122078383,40.30616962960458,21.80758384754548,Normal
User_25,2025-03-28 10:43:26,0.627,0.2303,Driving,Ligeris,Speeding,4way,0.0,40,3G,-75,46.0,15.0,0.0091815842377957,40.30692437722212,21.808554819398204,Normal
User_93,2025-03-28 12:54:13,0.418,0.2761,Walking,Ligeris,Speeding,2way,0.0,40,4G,-81,33.0,-4.0,0.0022278318222867,40.30616096111768,21.807972631696753,Normal
User_54,2025-03-28 15:19:32,0.508,0.3191,Walking,Ligeris,Reckless_Driving,2way,0.0,40,119,-93,39.0,-10.0,0.0057853381648727,40.30574045528283,21.80808861403027,Normal
User_99,2025-03-28 18:03:11,0.508,0.3803,Walking,Koila,Reckless_Driving,1way,0.0,30,3G,-120,57.0,0.0,0.0057565559728298,40.32248943655226,21.79081676307462,Normal
User_78,2025-03-28 20:57:44,0.64,0.2726,Walking,Ligeris,Driving_Under_Influence,4way,0.0,70,3G,-99,4.0,-3.0,0.0043509079837314,40.30486843620955,21.807631338244228,Normal
User_40,2025-03-28 21:22:00,0.498,0.4287,Running,Zep,Speeding,5way,1.0,40,3G,-61,48.0,16.0,0.0057271729697465,37.142273,21.75326239157538,Intentional
User_68,2025-03-29 03:39:01,0.736,0.4895,Driving,Ligeris,Driving_Under_Influence,2way,1.0,40,WiFi,Ethernet,99.0,-23.0,0.0080138864444359,40.30678209047424,21.791258825989416,Unintentional
User_84,2025-03-29 04:45:53,0.689,0.3516,Walking,Ligeris,Speeding,2way,0.0,30,4G,-83,70.0,3.0,0.0094326036660076,40.321517006673815,21.79160067188032,Normal
User_92,2025-03-29 05:46:06,0.611,0.5725,Driving,Ligeris,Driving_Under_Influence,2way,1.0,10,5G,-108,1.0,0.0,0.0077670517456825,40.322469399287435,21.791258825989416,Normal
User_12,2025-03-29 13:15:14,0.251,0.1957,Walking,Koila,Speeding,2way,0.0,20,4G,-97,32.0,0.0,0.0019862972546253,40.32147680048656,21.791501669753853,Normal
User_06,2025-03-29 14:04:58,0.614,0.5483,Running,Ligeris,Reckless_Driving,2way,1.0,80,5G,-102,82.0,9.0,0.0054535763079047,40.304842156692175,21.806465504165324,Normal
User_89,2025-03-29 14:22:53,0.508,0.4813,Running,Ligeris,Reckless_Driving,1way,0.0,10,4G,-107,11.0,0.0,0.0080456442312007,40.304497932857224,21.791258825989416,Normal
User_20,2025-03-29 22:05:20,0.686,0.5725,Walking,Koila,Speeding,1way,1.0,40,5G,-99,-39.0,15.0,0.0087818392325361,40.321208687722105,21.791523782369467,Normal
User_54,2025-03-29 22:49:02,0.508,0.5725,Walking,Ligeris,Speeding,1way,0.0,10,WiFi,-55,66.0,13.0,0.0057271729697465,40.30622692377462,21.791258825989416,Normal
User_36,2025-03-29 22:54:23,0.394,0.5109,Walking,Ligeris,Reckless_Driving,2way,1.0,40,3G,-92,38.0,0.0,0.008927243299886,40.30622692377462,21.791258825989416,Normal
User_14,2025-03-29 23:17:34,0.549,0.1917,Driving,Zep,Driving_Under_Influence,1way,0.0,40,5G,-101,11.0,-14.0,0.0057271729697465,40.27934859326239,21.791258825989416,Normal
User_83,2025-03-29 23:38:22,0.453,0.4655,Walking,Koila,Reckless_Driving,4way,150.0,40,WiFi,-66,23.0,23.0,0.0038823004262286,40.32156631732857,21.791258825989416,Unintentional
User_25,2025-03-30 04:31:46,0.627,0.2343,Walking,Center,Speeding,1way,1.0,10,4G,-106,65.0,-10.0,0.023,40.27948232694305,21.75361149230918,Intentional
User_78,2025-03-30 06:20:55,0.64,0.2766,Driving,Ligeris,8,2way,0.0,10,3G,Ethernet,94.0,0.0,0.0057271729697465,40.27931718222,21.75182934052851,Normal
User_82,2025-03-30 15:36:25,0.499,0.5354,Walking,Zep,Speeding,1way,1.0,60,4G,-97,66.0,4.0,0.0063133388106489,40.281222427108375,21.753033320849735,Normal
User_59,2025-03-30 17:30:53,0.696,0.5448,Running,Koila,Reckless_Driving,1way,0.0,60,4G,Ethernet,95.0,-7.0,0.0011257856267847,40.32212744068137,21.791258825989416,Normal
User_91,2025-03-30 18:32:01,0.409,0.2462,Driving,Ligeris,Reckless_Driving,4way,2.0,60,5G,-96,24.0,0.0,0.0057271729697465,40.30685446147325,17.518675,Normal
User_89,2025-03-30 19:50:03,0.485,0.4843,Flying,Koila,Driving_Under_Influence,2way,0.0,50,WiFi,-85,50.0,-1.0,0.0078990933920893,40.30622692377462,21.79304637746298,Intentional
User_40,2025-03-31 04:45:48,0.498,0.4347,Walking,Koila,Driving_Under_Influence,1way,4.0,30,3G,-93,100.0,-8.0,0.0086299628739688,40.321455041425594,21.79230887173868,Normal
User_84,2025-03-31 11:11:26,0.689,0.5725,Running,Zep,Speeding,2way,0.0,30,5G,Ethernet,48.0,-10.0,0.0087821604849517,40.27905546831269,21.754677529799505,Normal
User_29,2025-03-31 11:48:20,0.508,0.3996,Running,Ligeris,Driving_Under_Influence,4way,0.0,80,4G,-73,28.0,-15.0,0.0094202254652711,40.30581170247703,21.809752325184707,Normal
User_38,2025-03-31 13:07:15,0.448,0.3462,Driving,Ligeris,9,2way,0.0,20,WiFi,-88,94.0,-11.0,0.0082797096366097,40.2781708593482,21.753287501784342,Normal
User_82,2025-03-31 13:13:24,0.499,0.5374,Walking,Koila,Speeding,4way,1.0,40,4G,Ethernet,69.0,-8.0,0.002138159841905,40.321748619908774,21.79106630717509,Normal
User_60,2025-03-31 16:24:46,0.602,0.4826,Running,Ligeris,Speeding,4way,0.0,50,5G,-113,36.0,1.0,0.0076761168605232,38.226242,21.791255532825335,Normal
User_27,2025-04-01 00:27:16,0.319,0.4926,Walking,Koila,Driving_Under_Influence,2way,150.0,20,117,-66,40.0,0.0,0.0013107846178742,40.32222967489379,21.79090602007504,Normal
User_86,2025-04-01 02:38:25,0.508,0.4483,Driving,Ligeris,Reckless_Driving,4way,1.0,90,3G,Ethernet,38.0,-2.0,0.0057271729697465,40.306811659742515,21.791258825989416,Normal
User_02,2025-04-01 07:23:48,0.504,0.3658,Running,Koila,Speeding,2way,0.0,30,WiFi,-68,63.0,-1.0,0.0050373483820134,40.321899369730275,21.7924287296991,Normal
User_10,2025-04-01 12:08:08,0.719,0.5013,Walking,Zep,Reckless_Driving,2way,1.0,10,WiFi,-80,92.0,21.0,0.0077202526250386,40.27839840699493,21.7529475959129,Unintentional
User_82,2025-04-01 14:50:22,0.499,0.5394,Walking,Koila,Reckless_Driving,4way,1.0,40,WiFi,-67,48.0,25.0,0.0023792707450528,40.32150448471293,21.78935538168168,Unintentional
User_66,2025-04-01 15:41:40,0.508,0.5677,Running,Ligeris,Reckless_Driving,2way,1.0,80,101,-90,79.0,16.0,0.0099836477351523,40.30490313732624,21.791258825989416,Normal
User_49,2025-04-01 20:49:57,0.483,0.288,Running,Koila,Driving_Under_Influence,4way,1.0,50,5G,-90,80.0,16.0,0.0017985509142276,40.32099108009571,23.787424,Normal
User_14,2025-04-01 22:52:44,0.549,0.1977,Walking,Ligeris,Speeding,2way,0.0,80,3G,-72,-157.0,-6.0,0.0057271729697465,40.30622692377462,21.808311721416764,Normal
User_88,2025-04-02 04:52:05,0.676,0.215,Walking,Zep,Driving_Under_Influence,1way,0.0,30,119,-66,55.0,0.0,0.008175753642279,40.281099709331215,21.791258825989416,Normal
User_46,2025-04-02 09:01:04,0.621,0.3699,Walking,Koila,Speeding,2way,0.0,100,3G,-101,13.0,0.0,0.0057271729697465,40.32125648551319,21.791258825989416,Normal
User_93,2025-04-02 12:11:17,0.418,0.5725,Walking,Zep,Speeding,1way,0.0,40,4G,Ethernet,38.0,-12.0,0.0050861041801559,38.500391,21.754941382462707,Normal
User_12,2025-04-02 18:20:06,0.251,0.2047,Walking,Zep,Speeding,6way,0.0,10,3G,-94,2.0,-24.0,0.0042615807413992,40.27912367154523,21.752867400857173,Intentional
User_40,2025-04-02 19:43:15,0.498,0.4387,Walking,Zep,Reckless_Driving,2way,0.0,10,WiFi,-67,48.0,-11.0,0.0030104906123455,40.27849894208293,21.75274248443803,Normal
User_42,2025-04-03 02:08:52,0.577,0.5725,Walking,Ligeris,Driving_Under_Influence,2way,1.0,30,3G,Ethernet,52.0,0.0,0.0017066374395916,40.30519720431115,21.808222585580715,Normal
User_99,2025-04-03 09:18:46,0.618,0.3913,Driving,Ligeris,Speeding,2way,0.0,80,3G,-119,88.0,9.0,0.0089631554126251,40.30457867033097,21.791258825989416,Normal
User_62,2025-04-03 11:30:43,0.346,0.4373,Walking,Zep,Speeding,2way,1.0,20,3G,-69,99.0,13.0,0.0043552025510663,40.27946236739377,21.753021102571953,Normal
User_91,2025-04-03 13:28:55,0.409,0.2532,Running,Koila,Speeding,4way,1.0,40,3G,-78,26.0,8.0,0.0065625760394647,40.30622692377462,21.79194303750449,Normal
User_54,2025-04-03 14:05:39,0.508,0.3321,Running,Koila,Driving_Under_Influence,4way,0.0,40,3G,Ethernet,48.0,15.0,0.0013372025612483,40.32213599655132,21.791077197346947,Normal
User_96,2025-04-03 20:21:51,0.722,0.5725,Walking,Ligeris,Speeding,2way,2.0,50,5G,-98,83.0,-6.0,0.0029398050004546,40.30583221657304,19.897026,Normal
User_58,2025-04-03 21:03:38,0.669,0.5725,Walking,Zep,Driving_Under_Influence,2way,0.0,80,WiFi,-64,35.0,-9.0,0.0092240968764015,40.279402862244176,21.754095127239573,Normal
User_67,2025-04-03 23:05:45,0.508,0.5725,Walking,Koila,Driving_Under_Influence,2way,0.0,40,4G,-102,85.0,-4.0,0.0035084237737073,40.32370302086878,21.791263814745832,Normal
User_15,2025-04-03 23:15:10,0.585,0.2174,Driving,Zep,Driving_Under_Influence,2way,4.0,20,5G,-94,48.0,2.0,0.0035212707205591,40.279334976593894,21.752557103868167,Normal
User_91,2025-04-04 00:05:51,0.409,0.2552,Walking,Ligeris,Speeding,4way,0.0,40,3G,-78,98.0,11.0,0.0087562578507296,40.307521167079265,21.806991324617176,Normal
User_49,2025-04-04 03:18:20,0.508,0.293,Walking,Koila,Reckless_Driving,2way,1.0,60,WiFi,-59,0.0,3.0,0.0099370044515713,40.32313671802702,21.791258825989416,Normal
User_61,2025-04-04 04:32:11,0.261,0.2845,Walking,Center,Reckless_Driving,4way,1.0,20,WiFi,-82,95.0,0.0,0.0081331461995358,40.32059876707304,21.790633740256183,Intentional
User_92,2025-04-04 05:30:22,0.508,0.5691,Driving,Spinari,Speeding,2way,5.0,40,3G,-74,48.0,2.0,0.0025682825938882,40.32096038270581,21.791258825989416,Intentional
User_72,2025-04-04 07:18:54,0.697,0.2872,Walking,Ligeris,Reckless_Driving,2way,0.0,100,4G,Ethernet,8.0,-10.0,0.0083976144491551,40.306176061591074,21.807853084767263,Normal
User_96,2025-04-04 12:46:10,0.722,0.2016,Running,Ligeris,Speeding,4way,1.0,40,WiFi,Ethernet,68.0,-1.0,0.006841438036226,40.30616169470792,21.806736648293683,Normal
User_77,2025-04-04 17:06:49,0.508,0.3276,Running,Koila,Driving_Under_Influence,5way,1.0,10,WiFi,-58,52.0,4.0,0.0050330165828173,40.320571063211545,21.792438716210288,Intentional
User_09,2025-04-04 17:49:42,0.377,0.5648,Running,Ligeris,Driving_Under_Influence,1way,1.0,50,WiFi,-74,21.0,-3.0,0.0053202523105668,40.278645108444266,21.753347745850817,Normal
User_09,2025-04-04 18:24:11,0.377,0.5658,Walking,Ligeris,Reckless_Driving,4way,0.0,50,3G,Ethernet,58.0,-1.0,0.0020965692545401,40.30630768478989,21.806646522255186,Normal
User_99,2025-04-04 20:34:53,0.618,0.3933,Driving,Koila,Reckless_Driving,4way,1.0,60,3G,Ethernet,48.0,5.0,0.0077789172150075,40.3221015223738,21.791464710652477,Normal
User_41,2025-04-04 23:31:20,0.251,0.4485,Walking,Koila,Reckless_Driving,2way,4.0,70,3G,-74,30.0,-15.0,0.0080535063472541,40.32287726161123,21.79152091866803,Normal
User_13,2025-04-05 02:28:04,0.657,0.3209,Walking,Koila,Speeding,4way,140.0,10,4G,Ethernet,37.0,0.0,0.0069003953618307,40.32199683993164,21.7896901665854,Normal
User_51,2025-04-05 03:09:45,0.708,0.5349,Walking,Zep,Speeding,2way,0.0,50,4G,-87,62.0,15.0,0.0019325028275156,40.30622692377462,21.751595250953113,Normal
User_31,2025-04-05 14:20:39,0.72,0.4399,Running,Ligeris,Driving_Under_Influence,4way,0.0,40,4G,-72,81.0,0.0,0.0074167181656463,40.30646444162656,23.691887,Normal
User_08,2025-04-05 19:18:05,0.325,0.5656,Running,Ligeris,Reckless_Driving,2way,1.0,80,WiFi,-85,100.0,-14.0,0.0067343062359718,40.30622692377462,21.791258825989416,Normal
User_88,2025-04-06 05:43:42,0.676,0.223,Walking,Ligeris,Speeding,2way,3.0,20,WiFi,-52,49.0,-7.0,0.0097947703758751,40.30622692377462,21.80938256264034,Normal
User_26,2025-04-06 10:07:21,0.642,0.3482,Running,Zep,Speeding,1way,2.0,40,3G,-83,77.0,-4.0,0.0048616894962562,40.27834239810517,21.754980119310993,Normal
User_45,2025-04-06 14:22:54,0.508,0.5725,Driving,Zep,Reckless_Driving,1way,2.0,40,3G,-99,32.0,12.0,0.0010810858145743,40.279776829248746,21.791258825989416,Normal
User_32,2025-04-06 20:12:42,0.694,0.4928,Driving,Zep,Speeding,1way,0.0,80,3G,-72,47.0,9.0,0.0039034956275068,40.30622692377462,21.752975632210497,Normal
User_42,2025-04-07 02:25:23,0.577,0.4582,Running,Ligeris,Driving_Under_Influence,2way,1.0,10,3G,-76,71.0,0.0,0.0030747551108901,40.30762573165854,21.807291809191486,Normal
User_24,2025-04-07 04:08:58,0.7,0.417,Walking,Ligeris,Driving_Under_Influence,2way,1.0,40,4G,Ethernet,29.0,-10.0,0.0039512553389937,40.30543484619722,21.808258811041227,Normal
User_59,2025-04-07 06:32:28,0.696,0.5725,Walking,Koila,6,1way,0.0,10,3G,-65,83.0,0.0,0.0080076698813877,40.32154599011772,21.791258825989416,Normal
User_14,2025-04-07 09:47:00,0.549,0.2097,Walking,Zep,Reckless_Driving,1way,0.0,30,5G,-77,57.0,7.0,0.0076730984596,40.30622692377462,21.753628297733034,Normal
User_55,2025-04-07 13:15:02,0.489,0.2668,Running,Ligeris,Speeding,4way,1.0,10,3G,-71,66.0,-13.0,0.0081256024823407,40.306505468346735,21.80732757749783,Normal
User_60,2025-04-07 15:40:18,0.602,0.4966,Walking,Zep,Driving_Under_Influence,1way,3.0,40,3G,-107,48.0,-3.0,0.0093707219822718,40.280672574545555,21.754230582480364,Normal
User_75,2025-04-07 18:02:33,0.544,0.5354,Driving,Zep,Reckless_Driving,1way,0.0,20,5G,Ethernet,48.0,9.0,0.0057271729697465,40.27887361777687,21.754079698935403,Normal
User_70,2025-04-07 18:14:52,0.359,0.5282,Driving,Zep,Speeding,2way,0.0,50,WiFi,Ethernet,-142.0,-12.0,0.0057271729697465,40.30622692377462,21.751960690983317,Normal
User_43,2025-04-07 19:38:54,0.255,0.4673,Running,Ligeris,Speeding,2way,160.0,80,101,Ethernet,49.0,7.0,0.0057921433598105,40.30765196722285,21.80808640267453,Normal
User_69,2025-04-08 11:23:45,0.289,0.3456,Driving,Ligeris,Driving_Under_Influence,2way,2.0,10,4G,-107,48.0,-20.0,0.0057271729697465,40.30622692377462,21.8053233871018,Unintentional
User_65,2025-04-08 14:54:33,0.508,0.2873,Driving,Zep,Reckless_Driving,2way,0.0,40,5G,-113,10.0,-5.0,0.0072162846373973,40.27829185573088,21.754526215915927,Normal
User_61,2025-04-08 19:07:47,0.261,0.2935,Walking,Ligeris,Reckless_Driving,2way,1.0,40,117,-78,82.0,-11.0,0.0040997833349067,40.30622692377462,21.791258825989416,Normal
User_77,2025-04-09 00:57:51,0.347,0.5725,Walking,Koila,Driving_Under_Influence,2way,3.0,40,5G,-70,7.0,6.0,0.0057271729697465,40.322895219012594,21.78946030986243,Normal
User_36,2025-04-09 11:01:24,0.394,0.5329,Driving,Ligeris,Reckless_Driving,4way,0.0,40,5G,-85,68.0,-6.0,0.026,40.30642015749569,21.80736895587647,Unintentional
User_71,2025-04-09 11:05:09,0.431,0.482,Walking,Ligeris,Reckless_Driving,4way,3.0,20,3G,-95,100.0,12.0,0.0023487843833135,40.30750769028135,21.806646159287705,Normal
User_92,2025-04-09 14:15:13,0.611,0.5791,Driving,Ligeris,Driving_Under_Influence,2way,0.0,40,WiFi,-78,29.0,0.0,0.0068354108650636,40.30736138137243,21.8064880046403,Normal
User_21,2025-04-09 15:18:13,0.64,0.5595,Swimming,Zep,Speeding,1way,0.0,40,5G,Ethernet,-125.0,-16.0,0.0020230284753299,40.27952717940578,21.75327748745824,Intentional
User_78,2025-04-09 23:11:06,0.64,0.5725,Running,Ligeris,Driving_Under_Influence,1way,3.0,30,4G,-107,61.0,-12.0,0.0074374855532441,40.278265384201255,21.753125777601813,Normal
User_04,2025-04-09 23:14:23,0.295,0.2589,Walking,Zep,Driving_Under_Influence,4way,0.0,80,3G,-89,81.0,-8.0,0.0079202087318236,40.27901426118972,21.791258825989416,Normal
User_33,2025-04-10 04:25:44,0.508,0.3386,Walking,Zep,Reckless_Driving,2way,1.0,70,5G,-74,83.0,14.0,0.0057271729697465,42.128367,21.753103065689245,Normal
User_38,2025-04-10 04:55:05,0.448,0.3652,Driving,Zep,Reckless_Driving,1way,1.0,40,5G,-101,-20.0,-3.0,0.0044049341963301,40.279768306075475,21.753444901073628,Normal
User_86,2025-04-10 06:51:00,0.63,0.4663,Walking,Zep,Reckless_Driving,2way,0.0,70,WiFi,-75,28.0,-2.0,0.0057271729697465,40.28121087505619,21.753701734620435,Normal
User_54,2025-04-10 07:47:39,0.508,0.3451,Running,Koila,Speeding,2way,0.0,70,4G,Ethernet,8.0,5.0,0.0062528707567268,40.32306906437501,22.499646,Normal
User_41,2025-04-10 08:53:51,0.508,0.4595,Walking,Ligeris,Reckless_Driving,2way,1.0,80,WiFi,-81,21.0,5.0,0.0020095996761007,40.30578100970784,21.807496343799357,Normal
User_90,2025-04-10 09:49:07,0.522,0.2634,Driving,Koila,Driving_Under_Influence,5way,5.0,40,3G,-81,38.0,0.0,0.001175500331652,40.32288942421467,21.791830492374455,Intentional
User_86,2025-04-10 10:55:05,0.63,0.4673,Walking,Center,Speeding,2way,0.0,30,5G,-82,61.0,-4.0,0.0038735416610464,40.321905097282425,21.789709497738578,Intentional
User_73,2025-04-10 12:10:04,0.676,0.5548,Driving,Zep,Speeding,2way,3.0,20,WiFi,-78,27.0,9.0,0.0094185098159787,40.30622692377462,21.75317514927985,Normal
User_51,2025-04-10 13:18:27,0.708,0.5449,Driving,Ligeris,Speeding,2way,0.0,30,4G,-95,-154.0,0.0,0.0044003755669007,40.30488601841508,21.807223751353156,Normal
User_77,2025-04-10 13:42:34,0.347,0.3396,Walking,Koila,Driving_Under_Influence,2way,0.0,80,WiFi,-76,39.0,3.0,0.0020863861957952,40.32181599704427,21.791258825989416,Normal
User_46,2025-04-10 13:42:38,0.621,0.3869,Driving,Ligeris,Reckless_Driving,4way,1.0,30,4G,-94,21.0,-9.0,0.0012073452931162,40.30728442906823,21.806688984670632,Normal
User_66,2025-04-10 14:05:11,0.325,0.5847,Walking,Ligeris,Reckless_Driving,1way,150.0,60,3G,-85,49.0,6.0,0.0057271729697465,40.30587945703832,21.807664651604327,Normal
User_91,2025-04-10 16:07:30,0.409,0.2672,Walking,Zep,Driving_Under_Influence,2way,0.0,10,4G,-99,-158.0,-11.0,0.0018546757742288,40.28004789615287,21.75395197300015,Normal
User_21,2025-04-10 18:18:58,0.64,0.5615,Walking,Zep,Speeding,5way,0.0,90,5G,-95,41.0,0.0,0.0081971999752221,40.27972644819953,21.752001100937772,Intentional
User_39,2025-04-10 23:30:19,0.685,0.4608,Driving,Ligeris,Speeding,2way,0.0,10,4G,-75,48.0,13.0,0.0057271729697465,40.30622692377462,21.80772563152402,Normal
User_54,2025-04-11 00:09:38,0.508,0.3471,Walking,Zep,Driving_Under_Influence,1way,1.0,60,5G,-104,10.0,-7.0,0.0057271729697465,40.27887941029641,21.7526043506655,Normal
User_47,2025-04-11 06:32:36,0.636,0.3341,Driving,Ligeris,Speeding,2way,0.0,10,WiFi,-72,71.0,14.0,0.0036533658467504,40.322191390592195,21.790767613841055,Normal
User_77,2025-04-11 10:42:30,0.347,0.3416,Driving,Koila,Reckless_Driving,2way,0.0,60,3G,-112,32.0,0.0,0.0053867375959261,40.32148129625711,22.743159,Normal
User_09,2025-04-11 11:53:11,0.377,0.5725,Running,Zep,Reckless_Driving,5way,2.0,30,4G,Ethernet,37.0,-14.0,0.0057271729697465,40.27778295585502,21.75285505124528,Intentional
User_24,2025-04-11 18:36:41,0.7,0.426,Walking,Zep,Reckless_Driving,4way,4.0,40,WiFi,-53,-23.0,-16.0,0.0020691650477552,40.27872265781302,21.75233024406944,Normal
User_07,2025-04-11 19:43:42,0.319,0.455,Walking,Koila,Reckless_Driving,2way,0.0,20,5G,-108,77.0,-23.0,0.0036374386531655,40.32074859707114,21.789696377786335,Unintentional
User_55,2025-04-11 21:09:30,0.489,0.5725,Running,Ligeris,Speeding,2way,2.0,10,WiFi,-86,0.0,-3.0,0.0040527735595564,40.30622692377462,23.386234,Normal
User_27,2025-04-12 14:53:55,0.508,0.5146,Driving,Zep,Speeding,2way,1.0,40,3G,-79,46.0,11.0,0.0048845577800847,40.278053863045784,21.75196370282204,Normal
User_17,2025-04-12 17:00:50,0.383,0.2282,Walking,Zep,Speeding,2way,0.0,20,WiFi,-78,96.0,15.0,0.0079336009170623,40.27983843990547,21.75475789816143,Normal
User_15,2025-04-12 19:36:59,0.585,0.2354,Running,Ligeris,Speeding,2way,2.0,90,3G,-63,48.0,6.0,0.0072258709662333,40.30662527660101,21.806366846307764,Normal
User_34,2025-04-12 21:21:40,0.401,0.3856,Driving,Koila,Driving_Under_Influence,2way,1.0,30,5G,Ethernet,31.0,6.0,0.0083260616506833,40.32032977426565,21.790802219298524,Normal
User_45,2025-04-12 22:19:15,0.446,0.2615,Running,Ligeris,Speeding,4way,1.0,20,3G,-77,48.0,0.0,0.0041014519707888,40.3214639041091,21.790809277043167,Normal
User_55,2025-04-12 23:24:55,0.489,0.2778,Driving,Koila,Driving_Under_Influence,2way,2.0,30,3G,-109,31.0,-4.0,0.0030070304976673,37.111111,21.791726491254455,Normal
User_83,2025-04-13 00:42:22,0.453,0.4945,Driving,Ligeris,Reckless_Driving,2way,1.0,50,3G,-98,2.0,15.0,0.0083265597204308,40.306213571088016,21.806508985377395,Normal
User_14,2025-04-13 02:43:07,0.549,0.2207,Running,Koila,Reckless_Driving,4way,0.0,Lane_Discards,3G,-117,20.0,9.0,0.0074526702006935,40.321167193433546,21.791257708959787,Normal
User_57,2025-04-13 04:41:49,0.733,0.3224,Walking,Ligeris,Reckless_Driving,4way,0.0,40,WiFi,-81,98.0,-3.0,0.0057271729697465,40.304652560150416,21.80818974137141,Normal
User_48,2025-04-13 05:10:49,0.611,0.4253,Running,Koila,Speeding,2way,1.0,10,3G,-112,35.0,0.0,0.0083232238253964,40.32295671637529,21.793173029976774,Normal
User_51,2025-04-13 08:30:26,0.708,0.5509,Running,Ligeris,Driving_Under_Influence,1way,1.0,40,WiFi,Ethernet,6.0,-14.0,0.0024973036862414,40.30469579128456,21.80720031042924,Normal
User_29,2025-04-13 13:27:25,0.309,0.4266,Running,Ligeris,Speeding,2way,0.0,40,4G,-102,79.0,-9.0,0.0021465348293171,40.306223141902315,21.807493283432812,Normal
User_60,2025-04-13 14:22:49,0.602,0.5725,Walking,Ligeris,Speeding,1way,1.0,40,WiFi,-70,91.0,1.0,0.0071839907448245,40.30624189809726,21.80729158852763,Normal
User_68,2025-04-13 14:45:39,0.736,0.5195,Running,Ligeris,Speeding,1way,2.0,40,3G,Ethernet,-143.0,3.0,0.0057271729697465,40.307664990408625,21.807999456272288,Normal
User_21,2025-04-13 15:21:45,0.64,0.5675,Driving,Zep,Driving_Under_Influence,4way,0.0,50,3G,-76,16.0,0.0,0.0063844870130901,40.27965666814884,21.753556925604787,Normal
User_09,2025-04-14 01:03:09,0.377,0.5848,Driving,Ligeris,Driving_Under_Influence,1way,0.0,20,3G,-80,33.0,4.0,0.0057271729697465,40.30622692377462,21.80763602758753,Normal
User_47,2025-04-14 03:30:58,0.636,0.3401,Walking,Zep,Reckless_Driving,2way,1.0,60,5G,Ethernet,82.0,-1.0,0.0052778155346705,40.27921718773179,21.753962787306424,Normal
User_72,2025-04-14 06:21:18,0.697,0.3072,Driving,Ligeris,Speeding,1way,0.0,40,4G,-101,2.0,20.0,0.0080367506320273,40.306153824621006,21.791258825989416,Unintentional
User_54,2025-04-14 08:07:47,0.508,0.3541,Walking,Zep,Reckless_Driving,4way,4.0,50,5G,-81,60.0,-1.0,0.0094201517907152,40.280649575713056,21.75326649075234,Normal
User_45,2025-04-14 10:56:17,0.446,0.2655,Walking,Zep,Speeding,4way,0.0,10,3G,-120,54.0,13.0,0.0041022779911125,40.27969291646981,21.755116514345456,Normal
User_86,2025-04-14 13:46:42,0.63,0.5725,Walking,Zep,Speeding,4way,1.0,30,4G,-99,48.0,11.0,0.0056818927340491,40.27944304199253,21.75354972090269,Normal
User_37,2025-04-14 15:22:17,0.528,0.5429,Swimming,Koila,Speeding,2way,1.0,30,4G,-104,-41.0,6.0,0.0066198799108188,40.321326579898376,21.79090105718432,Intentional
User_04,2025-04-14 17:27:21,0.508,0.2679,Driving,Ligeris,Reckless_Driving,2way,0.0,30,3G,-68,34.0,-8.0,0.0036717124124014,40.30730254085821,21.809365992521084,Normal
User_01,2025-04-14 19:57:02,0.508,0.5255,Driving,Center,Driving_Under_Influence,4way,3.0,70,4G,Satellite,50.0,-6.0,0.0060901335428292,40.30622692377462,21.80753386159089,Intentional
User_68,2025-04-14 20:58:21,0.736,0.5215,Walking,Zep,Speeding,4way,3.0,80,4G,-114,31.0,1.0,0.0093706289968705,40.280122175651066,21.75490490675424,Normal
User_17,2025-04-14 21:38:59,0.383,0.2322,Walking,Zep,Driving_Under_Influence,2way,0.0,20,3G,-89,0.0,-13.0,0.0055892869117833,40.2779589346638,21.753308239544303,Normal
User_21,2025-04-15 06:19:32,0.64,0.5715,Running,Ligeris,Speeding,2way,0.0,40,4G,-112,41.0,-1.0,0.0057271729697465,40.30632103092197,21.807747460123444,Normal
User_59,2025-04-15 10:17:19,0.696,0.5768,Walking,Ligeris,Driving_Under_Influence,1way,0.0,30,WiFi,-61,30.0,16.0,0.0057271729697465,40.30622692377462,21.807698113422585,Normal
User_34,2025-04-15 10:26:33,0.401,0.3906,Running,Ligeris,Reckless_Driving,2way,0.0,40,WiFi,-54,48.0,2.0,0.0057271729697465,40.28078116070876,21.75427823203781,Normal
User_38,2025-04-15 19:16:19,0.448,0.3752,Walking,Ligeris,Driving_Under_Influence,2way,3.0,60,3G,Ethernet,48.0,0.0,0.0062400013452815,40.305796951289295,21.806373583145124,Normal
User_03,2025-04-16 01:22:26,0.381,0.4025,Flying,Koila,Speeding,2way,0.0,60,3G,-102,72.0,-10.0,0.0091857524021999,40.32260951501037,21.791680723189643,Intentional
User_54,2025-04-16 06:17:20,0.508,0.3571,Running,Ligeris,Reckless_Driving,2way,0.0,70,5G,-115,80.0,6.0,0.0082353508292894,38.619969,21.807588389550705,Normal
User_18,2025-04-16 06:57:12,0.271,0.3534,Running,Zep,Speeding,2way,1.0,70,4G,-108,48.0,-6.0,0.0039549151570691,40.27968795626917,21.753649631528695,Normal
User_52,2025-04-16 07:09:38,0.399,0.5725,Walking,Koila,Speeding,2way,0.0,10,WiFi,Ethernet,21.0,0.0,0.0095458536183565,40.32218420441782,21.791258825989416,Normal
User_61,2025-04-16 15:04:50,0.261,0.3085,Running,Center,Reckless_Driving,4way,1.0,120,5G,-118,43.0,6.0,0.0066400321436213,40.30622692377462,21.79349194448307,Intentional
User_28,2025-04-16 18:41:19,0.561,0.3135,Driving,Ligeris,Driving_Under_Influence,1way,0.0,40,WiFi,-57,25.0,-5.0,0.0043713338008318,40.30605017502651,21.791258825989416,Normal
User_50,2025-04-16 21:27:12,0.477,0.5387,Running,Ligeris,Reckless_Driving,2way,1.0,50,3G,Ethernet,32.0,14.0,0.0057271729697465,40.30583723512519,21.80893531689523,Normal
User_27,2025-04-16 21:57:02,0.319,0.5236,Driving,Koila,Driving_Under_Influence,2way,2.0,30,3G,Ethernet,20.0,-1.0,0.0057271729697465,40.32224773580904,21.791258825989416,Normal
User_53,2025-04-17 09:12:03,0.364,0.5797,Walking,Zep,Speeding,2way,1.0,20,5G,-106,48.0,1.0,0.0026534331673835,40.2796606105296,21.75282123448881,Normal
User_74,2025-04-17 13:22:24,0.508,0.2215,Driving,Center,Driving_Under_Influence,2way,1.0,20,5G,-87,21.0,-7.0,0.0014714686638461,40.30789387453886,21.80694598721134,Intentional
User_19,2025-04-17 15:41:51,0.384,0.5523,Walking,Koila,Reckless_Driving,2way,0.0,40,WiFi,-67,48.0,0.0,0.0077621894317196,40.320937279476105,21.79052410051442,Normal
User_46,2025-04-17 19:58:32,0.621,0.5725,Driving,Koila,9,2way,3.0,10,5G,-82,59.0,3.0,0.0067484909330544,40.323308582360305,21.792710247453275,Normal
User_07,2025-04-17 23:17:44,0.319,0.468,Walking,Ligeris,Driving_Under_Influence,2way,1.0,Harassing_Driver,WiFi,Ethernet,34.0,0.0,0.0057271729697465,40.30613801434178,21.807056430691503,Normal
User_07,2025-04-18 00:54:40,0.508,0.469,Walking,Ligeris,Driving_Under_Influence,2way,0.0,80,4G,-76,74.0,-10.0,0.044,40.307092968935294,21.80734087136545,Unintentional
User_70,2025-04-18 02:38:28,0.359,0.5492,Running,Zep,Reckless_Driving,2way,1.0,30,4G,-98,22.0,12.0,0.0098828594047757,40.30622692377462,21.752259257366177,Normal
User_67,2025-04-18 03:23:41,0.557,0.3966,Walking,Zep,Speeding,2way,1.0,70,5G,-114,48.0,0.0,0.033,40.30622692377462,21.75175475646539,Unintentional
User_64,2025-04-18 05:25:07,0.257,0.2276,Walking,Ligeris,Driving_Under_Influence,2way,1.0,20,3G,Ethernet,60.0,-6.0,0.0068276732744852,40.280155501790425,21.754082110649456,Normal
User_82,2025-04-18 06:48:28,0.499,0.5724,Running,Zep,Reckless_Driving,2way,0.0,60,4G,Ethernet,63.0,16.0,0.0012098768244054,40.27809072120538,21.752944054078593,Normal
User_44,2025-04-18 07:06:07,0.332,0.3167,Walking,Zep,Reckless_Driving,2way,0.0,20,3G,Ethernet,64.0,16.0,0.0038828715024768,40.27916797021923,21.75309738746868,Normal
User_47,2025-04-18 08:37:50,0.508,0.3481,Walking,Ligeris,Reckless_Driving,2way,1.0,40,5G,-83,82.0,0.0,0.0090108535837103,40.320586325113815,21.79144061998048,Normal
User_42,2025-04-18 12:59:33,0.577,0.4802,Walking,Zep,Reckless_Driving,2way,2.0,40,WiFi,-51,48.0,0.0,0.0068408569736915,40.28032928433539,21.754843590925173,Normal
User_69,2025-04-18 18:29:26,0.289,0.3656,Walking,Koila,Driving_Under_Influence,2way,1.0,50,5G,Ethernet,73.0,7.0,0.0015877273749086,40.32196238071198,21.792924280882342,Normal
User_11,2025-04-18 19:29:54,0.539,0.3896,Running,Koila,Reckless_Driving,2way,1.0,40,3G,-109,86.0,6.0,0.0079595049533683,40.3236910452956,21.791989440733044,Normal
User_76,2025-04-18 23:04:54,0.349,0.5896,Running,Ligeris,Reckless_Driving,2way,0.0,80,WiFi,-66,62.0,10.0,0.0086053233163374,40.32293611018349,21.790326388573614,Normal
User_81,2025-04-19 04:21:46,0.482,0.4644,Driving,Center,Reckless_Driving,4way,0.0,70,WiFi,-59,65.0,-20.0,0.0022599859082962,40.30588693775431,21.8083560180883,Intentional
User_36,2025-04-19 05:34:59,0.508,0.5519,Running,Zep,Reckless_Driving,1way,1.0,40,3G,-87,48.0,3.0,0.033,40.30622692377462,21.75405720952948,Unintentional
User_59,2025-04-19 08:09:45,0.696,0.5725,Walking,Zep,Reckless_Driving,2way,1.0,40,3G,-101,93.0,18.0,0.0061947708535151,40.27899801498321,21.75288034491403,Unintentional
User_14,2025-04-19 10:02:32,0.549,0.2337,Running,Koila,Driving_Under_Influence,2way,1.0,90,5G,-76,38.0,0.0,0.0057271729697465,40.30622692377462,21.79022353909768,Normal
User_16,2025-04-19 12:41:21,0.438,0.5725,Walking,Ligeris,Speeding,2way,0.0,70,3G,-74,35.0,-8.0,0.029,40.30619369229048,21.80933475198469,Unintentional
User_71,2025-04-19 17:10:38,0.431,0.502,Driving,Zep,Driving_Under_Influence,1way,0.0,30,4G,-112,37.0,3.0,0.0044298819496534,40.28015225205038,21.753592543487724,Normal
User_65,2025-04-19 20:36:02,0.578,0.3103,Running,Zep,Speeding,2way,0.0,70,4G,Ethernet,48.0,-12.0,0.0057271729697465,40.30622692377462,21.791258825989416,Normal
User_56,2025-04-19 22:41:32,0.419,0.3936,Walking,Zep,Speeding,4way,150.0,80,5G,-70,13.0,-8.0,0.009093127513908,37.261085,21.75270648836656,Normal
User_36,2025-04-20 05:13:04,0.394,0.5725,Running,Ligeris,Speeding,2way,5.0,40,WiFi,-71,31.0,9.0,0.0070108814917739,40.30622692377462,21.80867213714307,Normal
User_69,2025-04-20 11:04:32,0.508,0.3696,Driving,Koila,Driving_Under_Influence,2way,0.0,30,3G,-72,32.0,-13.0,0.0057271729697465,40.32110521856927,21.790048957827423,Normal
User_28,2025-04-20 11:24:28,0.561,0.3205,Running,Koila,Reckless_Driving,2way,0.0,30,5G,-97,7.0,-8.0,0.0057271729697465,40.30622692377462,22.962525,Normal
User_45,2025-04-20 12:08:51,0.446,0.2765,Walking,Zep,Driving_Under_Influence,2way,0.0,60,3G,-113,54.0,-15.0,0.0019794513603879,37.264246,21.753394879509905,Normal
User_18,2025-04-20 19:36:49,0.271,0.3624,Walking,Ligeris,Driving_Under_Influence,1way,0.0,70,3G,Ethernet,75.0,-9.0,0.0017551492996496,40.32238703040922,21.792294096365,Normal
User_59,2025-04-20 19:50:06,0.696,0.5878,Walking,Koila,Speeding,1way,0.0,40,WiFi,-53,28.0,0.0,0.0079359082767781,40.32297316426545,21.791258825989416,Normal
User_78,2025-04-20 22:21:17,0.508,0.3196,Walking,Koila,Speeding,2way,1.0,20,3G,-106,85.0,0.0,0.0010464532743667,40.32216088702117,19.097732,Normal
User_80,2025-04-20 23:49:39,0.313,0.4325,Walking,Zep,Speeding,2way,4.0,40,3G,-83,19.0,-14.0,0.006697763473829,40.279218438542074,21.75352117350918,Normal
User_02,2025-04-21 06:56:50,0.504,0.4068,Walking,Zep,Speeding,2way,1.0,80,101,-56,83.0,0.0,0.0061151078003497,40.27909556262856,21.75498067012305,Normal
User_36,2025-04-21 12:53:22,0.394,0.5569,Driving,Koila,Speeding,2way,1.0,30,WiFi,-82,48.0,14.0,0.007764656321622,40.32196363110291,21.790968822098517,Normal
User_76,2025-04-21 20:34:33,0.349,0.5956,Walking,Ligeris,Speeding,2way,3.0,30,4G,-88,29.0,-13.0,0.0094535688642383,40.30626727255139,21.80572408666387,Normal
User_48,2025-04-21 23:23:51,0.611,0.5725,Running,Zep,Speeding,2way,2.0,80,5G,Ethernet,100.0,-12.0,0.0068270922031352,42.983225,21.791258825989416,Normal
User_21,2025-04-22 01:20:46,0.64,0.5845,Driving,Koila,Speeding,2way,3.0,10,4G,Ethernet,12.0,-4.0,0.0092188638358422,40.32141160843809,21.791258825989416,Normal
User_56,2025-04-22 11:30:59,0.419,0.3986,Walking,Ligeris,Driving_Under_Influence,2way,1.0,70,3G,Ethernet,31.0,-16.0,0.0057271729697465,40.30660184986668,21.80903771951661,Normal
User_56,2025-04-22 11:37:41,0.419,0.3996,Driving,Koila,Speeding,2way,0.0,40,4G,-96,1.0,15.0,0.034,40.32147514212346,21.79208932930325,Unintentional
User_12,2025-04-22 12:31:49,0.251,0.2447,Driving,Ligeris,Driving_Under_Influence,4way,1.0,60,3G,-95,47.0,-8.0,0.038,40.321116488306785,21.78996624867506,Unintentional
User_50,2025-04-22 18:56:01,0.477,0.5507,Running,Ligeris,Speeding,1way,0.0,40,4G,-78,15.0,15.0,0.0069666555319955,40.30702221841588,21.80672248878575,Normal
User_82,2025-04-22 23:32:31,0.508,0.5814,Running,Koila,Reckless_Driving,2way,150.0,70,3G,-73,57.0,-15.0,0.0059785003684143,40.322085592140326,21.791258825989416,Normal
User_40,2025-04-23 03:41:45,0.498,0.5725,Walking,Koila,Reckless_Driving,1way,1.0,10,5G,-82,67.0,16.0,0.0057271729697465,40.32257617612541,21.79286643805556,Normal
User_21,2025-04-23 03:44:49,0.64,0.5865,Walking,Koila,Speeding,4way,0.0,40,5G,-98,89.0,-15.0,0.0044250480993191,40.321529715184866,21.79290539343252,Normal
User_39,2025-04-23 11:30:29,0.685,0.4868,Walking,Ligeris,Reckless_Driving,2way,1.0,60,3G,Ethernet,-10.0,4.0,0.0057271729697465,40.30479943759168,21.80816120356492,Normal
User_23,2025-04-23 13:33:41,0.669,0.5886,Walking,Ligeris,Reckless_Driving,1way,1.0,10,4G,-107,48.0,7.0,0.0059411807790224,40.30753129282133,21.791258825989416,Normal
User_34,2025-04-23 14:08:16,0.401,0.4076,Walking,Ligeris,Reckless_Driving,2way,1.0,70,WiFi,-56,44.0,-6.0,0.0047826936877047,40.306238244829366,23.39558,Normal
User_55,2025-04-23 16:39:33,0.489,0.2998,Walking,Ligeris,Speeding,4way,0.0,40,5G,-110,76.0,0.0,0.0088183051801511,40.30651863407104,21.791258825989416,Normal
User_59,2025-04-23 17:05:30,0.696,0.5928,Driving,Ligeris,Driving_Under_Influence,4way,1.0,80,5G,Ethernet,92.0,-12.0,0.0053572702907238,40.30641920292403,21.807986167214985,Normal
User_30,2025-04-23 17:24:21,0.577,0.4925,Walking,Koila,Reckless_Driving,4way,0.0,70,WiFi,-76,46.0,-2.0,0.0096479535000946,37.646832,21.79074564699511,Normal
User_69,2025-04-23 21:13:46,0.289,0.3756,Walking,Koila,Driving_Under_Influence,4way,1.0,20,WiFi,Ethernet,37.0,3.0,0.0063013077919138,40.30622692377462,21.791838068735483,Normal
User_02,2025-04-24 01:25:46,0.504,0.4118,Running,Ligeris,Speeding,4way,150.0,60,5G,Ethernet,96.0,-18.0,0.0051400670332026,40.30466608906181,21.8072592917298,Unintentional
User_45,2025-04-24 06:48:50,0.446,0.2845,Walking,Zep,Speeding,2way,5.0,60,5G,-83,82.0,-21.0,0.0088142303939848,40.30622692377462,21.75381648023546,Unintentional
User_73,2025-04-24 10:07:42,0.676,0.5725,Walking,Ligeris,Speeding,4way,1.0,40,3G,Ethernet,93.0,5.0,0.0074019624503301,40.306257037077934,21.807483825416245,Normal
User_58,2025-04-24 11:35:26,0.669,0.36,Running,Ligeris,8,2way,1.0,40,3G,-83,63.0,13.0,0.0053747630564704,40.30540245532509,21.807076542759212,Normal
User_67,2025-04-24 18:56:22,0.557,0.4096,Driving,Ligeris,Speeding,2way,1.0,20,4G,-99,28.0,-8.0,0.0015863610086216,40.3219307238857,21.79095410886451,Normal
User_77,2025-04-24 19:10:06,0.347,0.3666,Driving,Koila,Reckless_Driving,2way,0.0,60,104,-100,31.0,-5.0,0.0072737455756657,40.323024447180416,21.7914810548006,Normal
User_93,2025-04-24 21:47:21,0.418,0.5725,Running,Ligeris,Speeding,2way,0.0,70,3G,-109,32.0,16.0,0.0081043080088278,40.30568345756223,21.791258825989416,Normal
User_23,2025-04-25 01:12:07,0.508,0.5926,Running,Ligeris,Driving_Under_Influence,2way,1.0,40,3G,-86,33.0,6.0,0.0057271729697465,40.30705783471563,21.80844579616671,Normal
User_56,2025-04-25 06:08:57,0.419,0.4056,Walking,Ligeris,6,2way,0.0,70,WiFi,Satellite,48.0,-2.0,0.0084035375767556,40.32160102924907,21.791406621234383,Normal
User_69,2025-04-25 07:05:26,0.289,0.3796,Walking,Ligeris,Reckless_Driving,4way,0.0,40,3G,-85,48.0,-2.0,0.0034289762597602,38.48255,21.79108687803251,Normal
User_64,2025-04-25 17:47:42,0.257,0.5725,Driving,Koila,Reckless_Driving,2way,1.0,50,3G,Ethernet,68.0,13.0,0.0041007660982292,40.32215299713559,21.79208566464221,Normal
User_64,2025-04-25 23:45:34,0.257,0.2426,Driving,Ligeris,Reckless_Driving,2way,1.0,60,5G,-107,75.0,-6.0,0.023,40.30574220773222,21.806857715108553,Unintentional
User_65,2025-04-26 13:46:10,0.578,0.3243,Running,Zep,Speeding,1way,0.0,130,5G,-85,1.0,13.0,0.0084918653732549,40.27873145057961,21.75436091365847,Normal
User_07,2025-04-26 15:04:23,0.319,0.486,Walking,Ligeris,6,2way,0.0,50,4G,-96,70.0,1.0,0.0090113709238367,40.306613139165165,21.791258825989416,Normal
User_79,2025-04-26 21:12:56,0.426,0.2716,Running,Koila,Reckless_Driving,2way,0.0,40,5G,-71,50.0,-3.0,0.0019623199021151,40.32199154564261,21.791145634150944,Normal
User_03,2025-04-26 22:11:16,0.381,0.4235,Flying,Zep,Driving_Under_Influence,1way,0.0,20,5G,-118,6.0,-4.0,0.0037374097825992,40.28014256096364,21.754144502729325,Intentional
User_77,2025-04-27 00:31:37,0.347,0.3726,Walking,Ligeris,Speeding,1way,1.0,40,114,-53,95.0,12.0,0.0056548069981232,40.30607946017652,21.80947734547689,Normal
User_27,2025-04-27 01:54:29,0.319,0.5446,Walking,Ligeris,Driving_Under_Influence,2way,1.0,Harassing_Driver,3G,Ethernet,13.0,13.0,0.0069427045242515,40.306197901237624,21.80536990083914,Normal
User_43,2025-04-27 05:21:56,0.255,0.5725,Driving,Ligeris,Driving_Under_Influence,6way,0.0,60,3G,Ethernet,37.0,7.0,0.024,40.30652394710605,21.791258825989416,Intentional
User_24,2025-04-27 10:29:37,0.7,0.457,Driving,Ligeris,Speeding,2way,1.0,20,3G,-77,84.0,6.0,0.0057271729697465,40.32240125367935,21.79319156263484,Normal
User_93,2025-04-27 14:31:02,0.418,0.3361,Running,Spinari,Reckless_Driving,2way,0.0,20,WiFi,-64,16.0,1.0,0.002153644860964,40.30788471157607,21.80781356408065,Intentional
User_02,2025-04-27 16:22:48,0.504,0.4188,Walking,Koila,Speeding,2way,0.0,30,3G,-98,89.0,-5.0,0.0057271729697465,40.32208365042944,21.791256948324,Normal
User_40,2025-04-27 16:34:42,0.498,0.4887,Walking,Ligeris,Speeding,2way,2.0,30,5G,-116,74.0,1.0,0.0034679465633533,40.30530830745076,21.791258825989416,Normal
User_70,2025-04-27 20:19:10,0.359,0.5682,Walking,Zep,Speeding,2way,1.0,40,4G,-108,53.0,18.0,0.0053639975205491,40.27923955770651,21.752899392926405,Unintentional
User_12,2025-04-27 21:54:51,0.251,0.2547,Walking,Zep,Driving_Under_Influence,1way,1.0,30,4G,-81,48.0,0.0,0.0033078131925104,40.28026324780795,21.751363783450447,Normal
User_73,2025-04-28 00:04:50,0.676,0.5908,Flying,Koila,Speeding,1way,0.0,40,3G,-92,-20.0,-10.0,0.0019700734381803,40.3226760113889,21.793367387099387,Intentional
User_12,2025-04-28 04:34:17,0.251,0.5725,Walking,Koila,Speeding,2way,4.0,80,5G,-85,92.0,7.0,0.0057271729697465,40.32141049849102,21.78947780728516,Normal
User_07,2025-04-28 06:00:36,0.319,0.489,Running,Koila,Reckless_Driving,2way,0.0,20,3G,-78,84.0,0.0,0.0021803648478313,40.32226985601212,21.791459225586387,Normal
User_82,2025-04-28 10:31:40,0.499,0.5924,Walking,Ligeris,Speeding,2way,1.0,50,WiFi,Ethernet,71.0,0.0,0.0025403380606417,40.30559750089192,21.808183123723055,Normal
User_96,2025-04-28 13:16:39,0.722,0.2506,Walking,Ligeris,Speeding,2way,0.0,60,3G,-118,28.0,9.0,0.0045529668543725,40.30622692377462,21.807961451693437,Normal
User_77,2025-04-28 13:23:28,0.347,0.3746,Running,Ligeris,Reckless_Driving,2way,1.0,40,WiFi,-76,58.0,-15.0,0.0057271729697465,40.30649925405609,21.80682754526267,Normal
User_84,2025-04-29 00:36:38,0.689,0.4136,Driving,Ligeris,Reckless_Driving,2way,1.0,30,4G,-89,41.0,0.0,0.0057271729697465,40.2782235179088,21.75270526612236,Normal
User_90,2025-04-29 00:55:49,0.508,0.3014,Running,Zep,Reckless_Driving,2way,1.0,70,5G,-110,48.0,13.0,0.0074880426238187,40.27962598381818,21.75314284846214,Normal
User_29,2025-04-29 01:03:22,0.309,0.5725,Driving,Koila,Driving_Under_Influence,4way,0.0,Lane_Discards,3G,-97,15.0,5.0,0.0076761821188732,40.32210555344432,21.79201606532715,Normal
User_94,2025-04-29 01:40:17,0.648,0.2998,Swimming,Zep,Speeding,2way,1.0,40,5G,-95,29.0,3.0,0.0057271729697465,40.279541877852445,21.7532972978444,Intentional
User_01,2025-04-29 01:50:21,0.618,0.5555,Walking,Koila,Speeding,2way,1.0,50,3G,-77,54.0,-15.0,0.0077314469858097,40.32169297552266,21.791258825989416,Normal
User_37,2025-04-29 03:57:42,0.528,0.5729,Running,Koila,Speeding,2way,2.0,30,4G,Ethernet,89.0,-11.0,0.0084551519389984,40.32196840618834,21.79144313386453,Normal
User_35,2025-04-29 06:23:39,0.379,0.4426,Walking,Ligeris,Speeding,6way,0.0,40,3G,-120,97.0,0.0,0.0057271729697465,40.30699328307384,23.54357,Intentional
User_44,2025-04-29 07:54:51,0.332,0.3387,Walking,Koila,Speeding,2way,1.0,40,5G,-78,48.0,0.0,0.0089565752030263,40.321182499731336,21.79070711074646,Normal
User_96,2025-04-29 08:51:05,0.722,0.2526,Driving,Ligeris,Speeding,2way,1.0,40,4G,Ethernet,14.0,8.0,0.0057271729697465,40.30584413377035,21.80863737324347,Normal
User_81,2025-04-29 10:39:56,0.482,0.4844,Walking,Zep,Driving_Under_Influence,2way,0.0,Illegal_Parking,4G,-86,90.0,3.0,0.0042148399355122,40.28115869499409,21.791258825989416,Normal
User_50,2025-04-29 11:53:38,0.477,0.5725,Running,Zep,Reckless_Driving,5way,0.0,40,WiFi,-71,94.0,12.0,0.0096326341889284,40.279118563893704,21.752103632911368,Intentional
User_38,2025-04-29 16:11:16,0.448,0.4032,Driving,Zep,Driving_Under_Influence,4way,4.0,40,3G,-85,77.0,7.0,0.0058924260291694,40.27931195311112,21.753473997764928,Normal
User_36,2025-04-29 16:58:27,0.394,0.5729,Driving,Ligeris,Reckless_Driving,2way,1.0,40,4G,-108,71.0,-15.0,0.0043167807653317,40.30566383259645,21.807729413468635,Normal
User_42,2025-04-29 17:34:18,0.577,0.5012,Running,Ligeris,Speeding,4way,0.0,50,3G,-116,48.0,-16.0,0.0065267635938327,40.3052306923828,21.806702809568957,Normal
User_10,2025-04-29 18:44:17,0.508,0.5725,Walking,Zep,Driving_Under_Influence,2way,1.0,60,5G,Ethernet,67.0,-5.0,0.004818491445871,40.28023428677039,21.753695328532334,Normal
User_32,2025-04-29 19:18:27,0.694,0.5388,Running,Koila,Driving_Under_Influence,2way,5.0,80,WiFi,-66,36.0,-15.0,0.0011188330429464,40.32292846930973,21.790194637795175,Normal
User_28,2025-04-29 22:10:47,0.561,0.3395,Walking,Ligeris,9,1way,0.0,10,WiFi,-90,48.0,-10.0,0.0019206033779133,40.322397827518245,21.79357617975987,Normal
User_23,2025-04-30 02:03:16,0.508,0.6036,Driving,Ligeris,Speeding,2way,1.0,40,WiFi,-72,30.0,-9.0,0.0014689895899545,40.30620623127541,21.80749813872838,Normal
User_95,2025-04-30 07:08:54,0.739,0.3283,Walking,Ligeris,8,2way,2.0,50,WiFi,-52,94.0,4.0,0.0041209989718975,40.32158099139147,21.791079959064565,Normal
User_32,2025-04-30 11:36:30,0.694,0.5398,Running,Ligeris,Speeding,1way,0.0,70,WiFi,-72,61.0,-6.0,0.0043103533392329,40.306263535329315,21.806852753598196,Normal
User_56,2025-04-30 13:56:18,0.419,0.4146,Driving,Koila,Speeding,2way,1.0,70,WiFi,-58,40.0,-14.0,0.0010042108192722,40.32183495174455,21.79138431255492,Normal
User_100,2025-04-30 20:21:27,0.508,0.4381,Walking,Ligeris,Driving_Under_Influence,2way,1.0,30,5G,Ethernet,-142.0,-11.0,0.0037120082004339,40.30622692377462,21.80730767960609,Normal
User_75,2025-04-30 20:53:01,0.544,0.5814,Running,Ligeris,Driving_Under_Influence,4way,0.0,10,3G,-101,64.0,-11.0,0.0049764719603286,40.30698358052389,21.807714172398533,Normal
User_46,2025-04-30 20:58:34,0.621,0.4269,Driving,Koila,Speeding,2way,4.0,40,3G,-102,-35.0,-15.0,0.0078412702159281,40.32093585872955,21.792502804315856,Normal
User_60,2025-05-01 01:23:06,0.602,0.5446,Walking,Ligeris,Speeding,1way,0.0,60,WiFi,Ethernet,29.0,-14.0,0.0057271729697465,40.30593728025775,21.791258825989416,Normal
User_19,2025-05-01 04:40:37,0.384,0.5793,Driving,Ligeris,Speeding,2way,1.0,40,3G,-88,-28.0,16.0,0.0057271729697465,40.30674018983539,21.807893660918992,Normal
User_98,2025-05-01 07:39:26,0.553,0.4849,Walking,Zep,Reckless_Driving,4way,140.0,40,3G,-74,48.0,-5.0,0.003232398627129,40.278471788087,21.75242814228201,Normal
User_22,2025-05-01 11:28:18,0.712,0.2803,Walking,Zep,Driving_Under_Influence,1way,2.0,40,4G,Ethernet,99.0,-15.0,0.0082325480580813,40.27900867325914,21.751902543999005,Normal
User_51,2025-05-01 11:39:02,0.708,0.5879,Driving,Zep,Driving_Under_Influence,2way,1.0,Lane_Discards,5G,-113,20.0,-13.0,0.0083279265127075,40.279579765077514,21.753267394763213,Normal
User_36,2025-05-01 12:38:45,0.394,0.5769,Running,Ligeris,Driving_Under_Influence,2way,2.0,80,4G,-76,44.0,0.0,0.004497729237316,40.30622692377462,21.80680741895536,Normal
User_53,2025-05-01 21:48:35,0.364,0.6087,Walking,Koila,Speeding,2way,0.0,20,3G,-72,79.0,5.0,0.0069674958271821,40.322089594267815,21.79127655499398,Normal
User_95,2025-05-01 23:05:23,0.739,0.3303,Walking,Ligeris,Speeding,1way,0.0,10,5G,-105,37.0,-6.0,0.0035569040576339,40.306519351361665,21.80800778581904,Normal
User_63,2025-05-02 02:18:26,0.408,0.4624,Walking,Ligeris,Driving_Under_Influence,4way,0.0,80,5G,-111,7.0,-6.0,0.0012030499240553,37.623489,21.75301978096869,Normal
User_32,2025-05-02 02:18:40,0.694,0.5438,Walking,Ligeris,Driving_Under_Influence,1way,2.0,80,WiFi,-53,48.0,-11.0,0.0055665855511793,40.30612185205718,21.805181371541405,Normal
User_58,2025-05-02 05:08:44,0.669,0.375,Walking,Ligeris,Reckless_Driving,2way,0.0,10,WiFi,-69,50.0,13.0,0.0046269388581384,40.30491617007627,21.80691786512001,Normal
User_14,2025-05-02 08:11:47,0.549,0.2587,Driving,Ligeris,Driving_Under_Influence,1way,0.0,30,3G,-68,48.0,-11.0,0.0050563352331838,40.30622692377462,21.806411598974854,Normal
User_44,2025-05-02 13:21:54,0.508,0.3457,Walking,Koila,Reckless_Driving,2way,1.0,50,WiFi,-63,37.0,-11.0,0.0056571706911462,40.32210925918847,21.791258825989416,Normal
User_07,2025-05-02 16:08:55,0.319,0.498,Running,Ligeris,Reckless_Driving,2way,1.0,40,WiFi,-70,37.0,0.0,0.0021499562683757,40.307294980192495,21.807498372318317,Normal
User_84,2025-05-02 16:43:24,0.689,0.4206,Running,Ligeris,Driving_Under_Influence,2way,1.0,Lane_Discards,5G,-80,20.0,4.0,0.0049350146859996,40.30622692377462,21.808893246576275,Normal
User_08,2025-05-02 17:31:04,0.325,0.6196,Running,Center,Driving_Under_Influence,2way,0.0,50,4G,-90,3.0,-8.0,0.0084673714653568,42.430786,21.791258825989416,Intentional
User_33,2025-05-02 17:42:19,0.486,0.3836,Walking,Ligeris,Driving_Under_Influence,1way,1.0,40,3G,-84,38.0,6.0,0.0083338460509,40.30630696833057,21.809643836901227,Normal
User_80,2025-05-02 22:18:22,0.313,0.4565,Walking,Koila,Speeding,5way,0.0,40,3G,-96,11.0,8.0,0.0053123214388496,40.32266674812384,21.78911541509785,Intentional
User_86,2025-05-03 02:39:53,0.63,0.5123,Driving,Koila,Driving_Under_Influence,2way,1.0,40,5G,-75,85.0,-4.0,0.0072158993448254,40.32092535126097,21.7930263109638,Normal
User_74,2025-05-03 03:09:02,0.6,0.5725,Running,Center,Speeding,2way,1.0,60,3G,-70,48.0,-2.0,0.0083531746905771,40.306871304237326,21.807490398135094,Intentional
User_54,2025-05-03 04:58:55,0.508,0.3921,Walking,Ligeris,Reckless_Driving,2way,1.0,30,4G,-83,21.0,15.0,0.004800495186827,40.30597955771685,21.807980069638926,Normal
User_94,2025-05-03 07:21:04,0.648,0.3078,Walking,Ligeris,Reckless_Driving,1way,1.0,50,3G,-111,42.0,-4.0,0.0063665179554455,40.30773365261473,21.807245377399997,Normal
User_28,2025-05-03 08:56:37,0.561,0.3475,Driving,Zep,Speeding,4way,1.0,20,114,Ethernet,48.0,3.0,0.0057271729697465,40.279582130694614,21.75341823507168,Normal
User_36,2025-05-03 10:30:07,0.394,0.5809,Walking,Ligeris,Driving_Under_Influence,2way,5.0,40,3G,-92,79.0,-1.0,0.0057271729697465,40.30536897247214,23.890565,Normal
User_37,2025-05-03 14:11:42,0.528,0.5809,Driving,Center,Reckless_Driving,2way,2.0,40,4G,Ethernet,76.0,7.0,0.0070625145003954,40.32154613911135,21.791258825989416,Intentional
User_59,2025-05-03 16:11:03,0.696,0.6128,Running,Koila,Speeding,4way,1.0,30,4G,-84,48.0,0.0,0.0066202310099585,40.322599975176466,21.7918661534646,Normal
User_58,2025-05-03 19:07:00,0.508,0.5725,Walking,Ligeris,Driving_Under_Influence,2way,0.0,10,3G,Satellite,20.0,-11.0,0.0047285692499156,40.28044568131358,21.791258825989416,Normal
User_06,2025-05-03 20:24:58,0.508,0.6183,Running,Koila,Driving_Under_Influence,2way,0.0,Lane_Discards,5G,-94,55.0,-14.0,0.0088774461275017,40.32218813110291,21.790650746364484,Normal
User_09,2025-05-03 21:36:58,0.377,0.6238,Walking,Ligeris,Reckless_Driving,4way,2.0,10,5G,-93,48.0,-3.0,0.0064402388480549,40.30472921488492,21.80618993831772,Normal
User_07,2025-05-03 21:40:43,0.319,0.5,Running,Koila,8,2way,1.0,90,115,-120,48.0,0.0,0.002672346804235,40.32206678476919,21.791258825989416,Normal
User_18,2025-05-03 22:26:58,0.271,0.3884,Walking,Zep,Speeding,2way,1.0,60,3G,-108,48.0,9.0,0.0031574478331932,40.28101934555348,21.75366426893846,Normal
User_37,2025-05-04 05:49:44,0.528,0.5829,Walking,Koila,Speeding,2way,0.0,110,4G,-98,70.0,5.0,0.0093509135826766,40.322200505885526,21.791113896183035,Normal
User_45,2025-05-04 06:23:14,0.446,0.3045,Running,Ligeris,Driving_Under_Influence,1way,1.0,20,3G,-70,-157.0,-9.0,0.0085450846399748,40.27955030534304,21.75326000050592,Normal
User_44,2025-05-04 06:53:56,0.332,0.3497,Driving,Ligeris,Driving_Under_Influence,4way,1.0,70,4G,-116,61.0,0.0,0.0031823669223623,40.30520922206667,21.807765823338332,Normal
User_55,2025-05-04 17:39:58,0.489,0.3218,Walking,Koila,Speeding,2way,0.0,20,5G,-96,82.0,15.0,0.0057271729697465,40.32334031104532,21.792827342618715,Normal
User_68,2025-05-04 17:47:47,0.736,0.5625,Walking,Koila,Driving_Under_Influence,2way,0.0,10,3G,-72,7.0,-16.0,0.0043226981567137,40.32215784922642,21.792773829420817,Normal
User_76,2025-05-04 18:16:42,0.349,0.6216,Running,Koila,Speeding,4way,0.0,10,WiFi,-64,26.0,11.0,0.0083407881852875,40.32150164870525,21.792632655726756,Normal
User_53,2025-05-04 22:59:32,0.364,0.6147,Running,Koila,Speeding,2way,3.0,70,3G,-102,76.0,10.0,0.003168765614285,40.3226239382645,21.79183491879988,Normal
User_04,2025-05-05 00:27:56,0.295,0.3099,Walking,Koila,Driving_Under_Influence,2way,0.0,30,3G,-71,48.0,-9.0,0.0034821748747116,40.321914484294616,21.79157578020424,Normal
User_97,2025-05-05 03:13:20,0.296,0.6049,Driving,Ligeris,Speeding,2way,0.0,30,WiFi,-78,58.0,-10.0,0.0097197235614073,40.30622692377462,21.80864798318482,Normal
User_42,2025-05-05 12:15:55,0.577,0.5142,Driving,Ligeris,Driving_Under_Influence,4way,1.0,Illegal_Parking,3G,Satellite,5.0,0.0,0.0043770277763601,40.279971562055515,21.75484043592744,Normal
User_18,2025-05-05 19:18:14,0.271,0.3924,Walking,Zep,Speeding,2way,1.0,40,3G,-71,13.0,-4.0,0.0012369315712306,40.279051264958824,21.752083241444115,Normal
User_81,2025-05-06 02:55:59,0.508,0.4984,Running,Zep,Speeding,5way,1.0,70,5G,Ethernet,-142.0,9.0,0.0092343092774205,40.27829655011318,21.753518455614103,Intentional
User_06,2025-05-06 08:24:23,0.614,0.6243,Running,Ligeris,Reckless_Driving,2way,1.0,30,3G,-107,48.0,-4.0,0.0096011556822988,40.27954436819755,21.753239546515697,Normal
User_93,2025-05-06 13:58:49,0.418,0.3541,Driving,Ligeris,Reckless_Driving,2way,1.0,40,5G,-111,38.0,-19.0,0.0050405748593444,40.306381288880765,21.80719038153173,Unintentional
User_63,2025-05-06 18:23:05,0.508,0.4714,Driving,Ligeris,Speeding,2way,0.0,80,WiFi,-82,81.0,0.0,0.001909545488791,40.3069508063691,21.791258825989416,Normal
User_13,2025-05-06 19:15:45,0.657,0.3839,Flying,Zep,Driving_Under_Influence,4way,1.0,40,3G,-80,38.0,-5.0,0.0019358048725977,40.28103805049725,21.75277609425324,Intentional
User_07,2025-05-07 04:30:01,0.319,0.507,Walking,Koila,Speeding,2way,1.0,80,5G,Ethernet,51.0,-3.0,0.0043794210954105,40.32375375931976,21.791355628362982,Normal
User_98,2025-05-07 23:23:04,0.508,0.4979,Driving,Zep,Speeding,2way,0.0,50,4G,Ethernet,48.0,-8.0,0.009299820713078,40.28073800978561,21.791258825989416,Normal
User_49,2025-05-08 02:36:12,0.483,0.361,Running,Koila,Speeding,2way,150.0,40,108,-119,15.0,13.0,0.0076231436898081,40.32299912671708,21.791493010097767,Normal
User_39,2025-05-08 06:58:20,0.508,0.5158,Driving,Zep,Reckless_Driving,1way,0.0,40,5G,Ethernet,36.0,-12.0,0.0079525719105406,40.279721291474274,21.75320313906943,Normal
User_48,2025-05-08 08:24:10,0.508,0.4743,Walking,Koila,Reckless_Driving,1way,140.0,20,4G,-88,80.0,0.0,0.0079616334277051,40.32102982349053,21.790849618739323,Normal
User_71,2025-05-08 17:20:57,0.431,0.54,Walking,Zep,Speeding,2way,0.0,60,3G,-76,3.0,7.0,0.0057271729697465,40.28066205577939,21.75358213289358,Normal
User_29,2025-05-08 17:54:06,0.309,0.4766,Swimming,Koila,Speeding,2way,3.0,40,5G,-113,8.0,16.0,0.0057271729697465,40.30622692377462,21.79280705086611,Intentional
User_59,2025-05-08 21:22:24,0.508,0.5725,Running,Ligeris,Speeding,2way,1.0,40,4G,-71,48.0,-8.0,0.0051035702653725,40.30622692377462,21.791258825989416,Normal
User_96,2025-05-08 21:58:42,0.722,0.5725,Driving,Ligeris,Speeding,2way,0.0,60,5G,-81,6.0,5.0,0.0042424335361924,40.279539385302805,21.75380902198011,Normal
User_32,2025-05-08 22:25:44,0.694,0.5568,Running,Zep,Driving_Under_Influence,1way,0.0,30,5G,-86,92.0,-14.0,0.0082030729234733,40.27887799249647,21.75260819913112,Normal
User_56,2025-05-09 05:52:47,0.419,0.4326,Running,Zep,Speeding,1way,1.0,60,WiFi,-63,67.0,-7.0,0.0024309206596978,40.27866650720217,21.753877918056062,Normal
User_84,2025-05-09 07:45:12,0.689,0.4346,Driving,Ligeris,Speeding,2way,1.0,20,WiFi,-83,58.0,0.0,0.0057271729697465,40.305101772588,21.80750892255229,Normal
User_51,2025-05-09 11:08:05,0.708,0.6029,Running,Zep,Reckless_Driving,4way,0.0,10,5G,-112,9.0,-14.0,0.0011863131760142,40.30622692377462,23.310798,Normal
User_85,2025-05-09 14:15:22,0.572,0.6542,Driving,Spinari,Speeding,4way,2.0,10,5G,-114,68.0,-16.0,0.034,40.27780191853804,21.75372405051605,Intentional
User_91,2025-05-09 16:30:02,0.409,0.3262,Driving,Koila,Speeding,2way,2.0,50,WiFi,-80,18.0,12.0,0.0044752364941742,40.320944245256385,21.79291284883067,Normal
User_11,2025-05-09 18:18:44,0.539,0.4316,Walking,Koila,Driving_Under_Influence,1way,0.0,50,3G,-86,7.0,8.0,0.0075637457410483,40.322097454208624,21.791258825989416,Normal
User_78,2025-05-09 20:24:23,0.64,0.3576,Walking,Zep,Speeding,2way,2.0,40,5G,-71,48.0,-16.0,0.0027919880008361,40.30622692377462,21.752819089355995,Normal
User_27,2025-05-09 21:44:17,0.508,0.5725,Walking,Ligeris,Speeding,2way,0.0,40,5G,-120,31.0,0.0,0.0057271729697465,40.30622692377462,21.807413593955324,Normal
User_55,2025-05-09 22:38:37,0.489,0.3318,Driving,Ligeris,Driving_Under_Influence,2way,0.0,60,3G,-75,92.0,0.0,0.0018017805594626,40.30749319428951,21.80648614648619,Normal
User_55,2025-05-10 02:52:43,0.489,0.3328,Walking,Zep,Driving_Under_Influence,4way,0.0,20,3G,-71,53.0,-9.0,0.002174108415777,40.279863231713755,21.754238151784204,Normal
User_22,2025-05-10 06:58:01,0.712,0.5725,Walking,Koila,Reckless_Driving,1way,1.0,90,3G,Ethernet,70.0,-14.0,0.008569132428875,40.32181953575548,21.79124057496022,Normal
User_45,2025-05-10 07:20:09,0.446,0.3165,Driving,Center,Reckless_Driving,2way,4.0,10,5G,-106,-23.0,-4.0,0.0077703852889309,40.32241989834341,21.792118123541417,Intentional
User_95,2025-05-10 09:04:24,0.739,0.3473,Walking,Koila,Speeding,4way,1.0,40,5G,Satellite,60.0,13.0,0.0017188910547325,40.32127353832008,21.790693414196227,Normal
User_24,2025-05-10 15:05:53,0.7,0.484,Walking,Ligeris,Reckless_Driving,2way,1.0,40,4G,-110,32.0,-6.0,0.00561771235123,40.30633041491625,21.8092106097763,Normal
User_53,2025-05-10 20:31:36,0.364,0.6267,Driving,Ligeris,Reckless_Driving,1way,1.0,10,3G,Ethernet,63.0,0.0,0.0085325474295097,40.30622692377462,21.790591153977296,Normal
User_60,2025-05-10 22:40:35,0.602,0.5626,Driving,Koila,Speeding,1way,1.0,70,3G,-78,59.0,2.0,0.0095496249873668,40.3217716226345,21.791744808134226,Normal
User_28,2025-05-10 23:40:19,0.561,0.3615,Walking,Zep,Speeding,6way,1.0,70,3G,-96,74.0,9.0,0.001911391780724,42.667689,21.753175239591517,Intentional
User_78,2025-05-11 00:23:28,0.64,0.3606,Running,Zep,Speeding,2way,1.0,80,5G,-120,82.0,10.0,0.032,40.278593628932995,21.791258825989416,Unintentional
User_40,2025-05-11 01:20:49,0.508,0.5157,Walking,Zep,Driving_Under_Influence,4way,0.0,10,5G,-95,16.0,0.0,0.0052799054032958,40.2808314241282,21.752042602529222,Normal
User_90,2025-05-11 08:31:29,0.522,0.3254,Walking,Zep,9,2way,4.0,60,3G,Ethernet,17.0,1.0,0.0089275155533817,40.280286264897185,21.75491805258618,Normal
User_52,2025-05-11 11:56:54,0.508,0.5979,Walking,Zep,Reckless_Driving,2way,1.0,50,5G,-80,2.0,20.0,0.0040452707867934,40.27899200984975,21.75168419573954,Unintentional
User_71,2025-05-11 13:42:55,0.431,0.545,Running,Koila,Speeding,2way,0.0,10,5G,Satellite,85.0,-10.0,0.0070150412512027,40.32240292006135,21.792505336771647,Normal
User_20,2025-05-11 13:58:56,0.508,0.5904,Running,Ligeris,Reckless_Driving,1way,1.0,90,3G,Ethernet,38.0,4.0,0.0070048517882291,40.30467707583988,21.807683227139822,Normal
User_29,2025-05-11 17:35:53,0.309,0.5725,Swimming,Zep,Reckless_Driving,1way,1.0,10,4G,-100,66.0,10.0,0.0084618789568462,40.280007395763455,21.753467424586812,Intentional
User_14,2025-05-11 22:57:25,0.549,0.2777,Running,Ligeris,Reckless_Driving,4way,1.0,50,4G,-109,86.0,10.0,0.0057271729697465,40.30633405709171,21.807464977663063,Normal
User_72,2025-05-12 03:22:09,0.697,0.3632,Walking,Koila,Speeding,2way,0.0,40,5G,-101,68.0,-13.0,0.0096025284637077,40.32135200980026,21.791561046723537,Normal
User_31,2025-05-12 06:10:28,0.72,0.5139,Running,Ligeris,Speeding,4way,0.0,40,4G,Ethernet,45.0,-2.0,0.008909345484209,40.30648794226447,21.8079631362176,Normal
User_53,2025-05-12 06:33:38,0.364,0.6297,Running,Zep,Reckless_Driving,2way,0.0,30,3G,Ethernet,10.0,3.0,0.0083128738745519,40.280811056271695,21.752466524230453,Normal
User_63,2025-05-12 15:01:04,0.408,0.5725,Walking,Ligeris,9,2way,1.0,40,5G,-79,84.0,0.0,0.0064939150458018,40.30622692377462,21.752340530264792,Normal
User_43,2025-05-12 16:02:19,0.255,0.5373,Swimming,Zep,Speeding,2way,1.0,30,WiFi,Ethernet,84.0,-13.0,0.0050308113514198,40.27884710731765,21.754408682855505,Intentional
User_60,2025-05-12 16:52:52,0.602,0.5676,Walking,Koila,Driving_Under_Influence,2way,2.0,50,3G,-74,-154.0,-1.0,0.0057271729697465,40.30622692377462,21.791258825989416,Normal
User_73,2025-05-12 22:58:50,0.676,0.6198,Running,Zep,Speeding,2way,3.0,30,WiFi,-90,18.0,12.0,0.0046308331888854,40.27964702935017,21.753236122203376,Normal
User_17,2025-05-12 23:30:02,0.508,0.2882,Walking,Zep,Driving_Under_Influence,1way,1.0,40,WiFi,-76,65.0,-10.0,0.0031264025475671,40.30622692377462,21.75419470628453,Normal
User_25,2025-05-13 04:14:17,0.627,0.3223,Walking,Zep,Driving_Under_Influence,2way,160.0,40,WiFi,-54,92.0,0.0,0.0028119951019847,40.279513833662314,21.791258825989416,Normal
User_17,2025-05-13 04:53:40,0.383,0.2892,Running,Ligeris,Reckless_Driving,2way,0.0,80,WiFi,Ethernet,77.0,6.0,0.0024077365362574,40.30605863581504,21.791258825989416,Normal
User_68,2025-05-13 07:25:28,0.736,0.5795,Driving,Zep,Speeding,1way,0.0,70,3G,-117,29.0,-7.0,0.0036452083355486,40.28109282384297,21.754059864959707,Normal
User_88,2025-05-13 08:10:51,0.676,0.297,Running,Koila,Driving_Under_Influence,2way,1.0,40,WiFi,-61,79.0,0.0,0.0033814789052435,40.32175555896368,21.791258825989416,Normal
User_19,2025-05-13 13:14:02,0.384,0.6033,Walking,Ligeris,Speeding,1way,1.0,40,3G,-75,35.0,14.0,0.0060196541327029,40.30622692377462,21.80605790187556,Normal
User_77,2025-05-13 13:59:46,0.347,0.4046,Walking,Ligeris,Driving_Under_Influence,2way,0.0,10,4G,-71,87.0,0.0,0.0075548833247478,40.30701197145448,21.80913640613364,Normal
User_63,2025-05-14 03:58:58,0.408,0.4864,Walking,Ligeris,Driving_Under_Influence,4way,1.0,80,WiFi,-66,90.0,11.0,0.0081238612840152,40.27931057526002,21.791258825989416,Normal
User_60,2025-05-14 06:45:02,0.602,0.5725,Driving,Koila,Speeding,1way,1.0,40,4G,-72,94.0,-14.0,0.0038368593187355,40.30622692377462,21.791090042459064,Normal
User_18,2025-05-14 09:17:44,0.271,0.4094,Walking,Ligeris,Speeding,1way,4.0,20,WiFi,Ethernet,58.0,10.0,0.0057271729697465,40.30787073517656,21.791258825989416,Normal
User_41,2025-05-14 18:29:49,0.251,0.5285,Running,Zep,7,4way,1.0,50,5G,Ethernet,87.0,15.0,0.0087008274663108,40.30622692377462,21.753905559674077,Normal
User_54,2025-05-14 19:25:56,0.508,0.4141,Walking,Koila,Driving_Under_Influence,2way,1.0,40,4G,-112,62.0,-9.0,0.0066952139006075,40.32210836383095,21.79195842266357,Normal
User_47,2025-05-14 20:02:57,0.508,0.4001,Driving,Zep,Speeding,4way,0.0,70,3G,Ethernet,56.0,-2.0,0.0078056251485367,40.279761240233874,21.75371607661503,Normal
User_90,2025-05-14 21:55:45,0.522,0.5725,Walking,Ligeris,Speeding,2way,0.0,30,WiFi,-69,88.0,0.0,0.0096635078717134,40.30573637230601,21.808774946859707,Normal
User_40,2025-05-14 22:20:03,0.498,0.5227,Walking,Koila,Reckless_Driving,2way,140.0,20,4G,Ethernet,-36.0,-11.0,0.0057271729697465,40.32117747794603,21.78946414308595,Normal
User_70,2025-05-14 22:42:38,0.359,0.6022,Walking,Koila,Driving_Under_Influence,2way,1.0,50,3G,-73,65.0,0.0,0.0060813630628208,40.323124497761135,21.791258825989416,Normal
User_88,2025-05-15 01:55:20,0.676,0.301,Running,Zep,Reckless_Driving,2way,160.0,40,118,-83,48.0,10.0,0.009524510639261,40.2794543103872,21.7543630625801,Normal
User_07,2025-05-15 03:39:46,0.319,0.523,Walking,Zep,Driving_Under_Influence,2way,1.0,90,WiFi,-75,34.0,0.0,0.0086309329041019,40.27845959142618,21.791258825989416,Normal
User_86,2025-05-15 04:50:44,0.63,0.5363,Running,Zep,Speeding,2way,1.0,50,3G,-76,44.0,9.0,0.009719351872144,40.28009825702258,21.753056488599363,Normal
User_93,2025-05-15 10:54:29,0.418,0.3721,Running,Koila,9,2way,0.0,40,4G,-79,-159.0,10.0,0.0057271729697465,40.32197974710259,21.79173807402307,Normal
User_09,2025-05-15 10:57:16,0.377,0.6478,Walking,Ligeris,6,1way,0.0,50,3G,-111,100.0,0.0,0.0060529498148767,40.3061299548493,21.806320857315143,Normal
User_70,2025-05-15 12:31:01,0.359,0.6042,Walking,Ligeris,Reckless_Driving,1way,0.0,20,3G,Ethernet,72.0,3.0,0.0057271729697465,40.30775638359171,21.806785497243943,Normal
User_13,2025-05-15 13:14:26,0.657,0.4009,Driving,Koila,Speeding,2way,2.0,50,WiFi,-88,12.0,18.0,0.0094327043639894,40.30622692377462,21.79286282748445,Unintentional
User_91,2025-05-15 19:01:46,0.508,0.3382,Walking,Zep,Speeding,2way,1.0,60,4G,-70,48.0,-23.0,0.0067487476114197,40.28064952527854,21.754986437670897,Unintentional
User_20,2025-05-15 19:07:34,0.686,0.5974,Running,Spinari,Reckless_Driving,2way,2.0,40,4G,-99,63.0,13.0,0.0095079397625841,40.30601300031654,21.80637704473462,Intentional
User_68,2025-05-16 00:40:33,0.736,0.5855,Running,Koila,Reckless_Driving,2way,1.0,40,WiFi,-62,48.0,0.0,0.0051957365482625,40.32271629913658,21.79339834970639,Normal
User_35,2025-05-16 03:56:13,0.379,0.5725,Walking,Zep,Reckless_Driving,2way,1.0,70,5G,-108,48.0,13.0,0.0086966306969981,40.27844594016444,21.75377960300429,Normal
User_29,2025-05-16 06:06:06,0.309,0.4926,Walking,Koila,Driving_Under_Influence,1way,1.0,50,WiFi,Ethernet,31.0,8.0,0.005625097468349,40.32156488334398,21.791270766153502,Normal
User_54,2025-05-16 06:38:57,0.508,0.4171,Running,Zep,Speeding,4way,0.0,40,WiFi,-55,48.0,6.0,0.0053430432502648,40.28040152845102,21.791258825989416,Normal
User_65,2025-05-16 07:31:05,0.578,0.3633,Walking,Ligeris,Reckless_Driving,5way,0.0,40,5G,-81,56.0,0.0,0.0065577362609173,40.30585146638082,21.807204709994725,Intentional
User_84,2025-05-16 09:13:22,0.689,0.4486,Walking,Ligeris,Speeding,2way,0.0,40,4G,-86,37.0,13.0,0.008841574098853,40.279485447258736,21.753461360678703,Normal
User_56,2025-05-16 09:53:38,0.419,0.4476,Running,Zep,Speeding,2way,0.0,Harassing_Driver,4G,-118,18.0,1.0,0.0088120368453032,40.2798768076008,21.752563207612205,Normal
User_45,2025-05-16 11:26:24,0.446,0.3295,Running,Koila,Speeding,2way,0.0,20,3G,Ethernet,60.0,-13.0,0.0072770791662504,40.32177648619408,21.792426124578117,Normal
User_59,2025-05-16 13:06:44,0.696,0.6398,Driving,Ligeris,Speeding,2way,1.0,20,3G,Ethernet,59.0,0.0,0.045,40.30615846117014,21.80701965948239,Unintentional
User_36,2025-05-16 14:55:23,0.394,0.6059,Driving,Koila,Driving_Under_Influence,1way,0.0,10,3G,Ethernet,96.0,0.0,0.0015538165523,40.321310368584925,21.78999012973203,Normal
User_47,2025-05-16 15:46:41,0.636,0.4041,Running,Ligeris,Driving_Under_Influence,2way,1.0,20,3G,-97,32.0,-1.0,0.0057271729697465,40.27804482304437,21.752718073811327,Normal
User_30,2025-05-17 03:54:22,0.577,0.5395,Driving,Koila,Speeding,4way,3.0,80,5G,-108,13.0,-9.0,0.0097334829919,40.30622692377462,21.790652983007796,Normal
User_71,2025-05-17 06:31:10,0.431,0.558,Running,Ligeris,Reckless_Driving,1way,160.0,10,119,-92,73.0,0.0,0.008437588307144,40.32212353345996,21.79130322565689,Normal
User_03,2025-05-17 14:41:00,0.381,0.4645,Driving,Zep,Speeding,4way,4.0,Illegal_Parking,5G,-82,10.0,1.0,0.0057271729697465,40.279722520524,21.752372314146367,Normal
User_41,2025-05-17 15:20:17,0.251,0.5335,Driving,Ligeris,Speeding,4way,0.0,50,WiFi,-74,43.0,-1.0,0.003896448034961,40.30626151089961,21.80735355701195,Normal
User_11,2025-05-17 16:31:56,0.539,0.4476,Walking,Ligeris,Speeding,1way,0.0,20,4G,-97,47.0,11.0,0.0038936788572333,40.306513467420594,21.807776102952182,Normal
User_82,2025-05-18 00:20:29,0.499,0.6324,Walking,Ligeris,Speeding,2way,1.0,10,WiFi,-72,68.0,-10.0,0.0033914807345056,40.27959554266268,21.75300391043206,Normal
User_67,2025-05-18 02:02:44,0.508,0.4566,Walking,Ligeris,Driving_Under_Influence,1way,1.0,60,WiFi,-78,32.0,10.0,0.0020314448248824,40.307389788238424,21.791258825989416,Normal
User_22,2025-05-18 02:38:10,0.712,0.3143,Walking,Ligeris,Speeding,6way,0.0,60,3G,-93,58.0,12.0,0.0099432229789795,40.32241015471665,21.79122897571368,Intentional
User_59,2025-05-18 05:21:22,0.508,0.6428,Driving,Zep,Driving_Under_Influence,1way,1.0,40,5G,-82,20.0,1.0,0.0088923007098696,40.28040436249002,21.753966949816544,Normal
User_17,2025-05-18 06:18:34,0.383,0.2992,Running,Ligeris,Speeding,2way,0.0,50,4G,-102,82.0,5.0,0.0080026108403236,40.30662111072784,21.80832651761189,Normal
User_46,2025-05-18 13:07:30,0.508,0.4629,Walking,Ligeris,9,4way,1.0,60,4G,-82,52.0,4.0,0.0092107128503945,40.30595280428314,21.80747468589218,Normal
User_06,2025-05-18 19:26:11,0.614,0.6483,Running,Ligeris,Speeding,2way,4.0,20,4G,-72,89.0,6.0,0.0076585908196624,40.30636820969896,21.807844055668166,Normal
User_59,2025-05-18 22:14:39,0.508,0.6438,Walking,Zep,Driving_Under_Influence,2way,0.0,40,WiFi,-74,88.0,10.0,0.0019194205959614,40.281090135031405,21.752835081042807,Normal
User_55,2025-05-18 22:52:30,0.508,0.3498,Driving,Koila,Reckless_Driving,2way,3.0,90,3G,-89,91.0,10.0,0.0070229840770071,40.32179940681246,21.78969309360112,Normal
User_94,2025-05-18 23:16:20,0.508,0.3388,Walking,Zep,Reckless_Driving,2way,1.0,60,5G,-97,19.0,4.0,0.023,40.28046226485197,21.791258825989416,Unintentional
User_90,2025-05-19 00:52:28,0.508,0.3414,Running,Ligeris,6,4way,0.0,50,3G,-74,68.0,-14.0,0.002403123400111,40.30763831060727,21.791258825989416,Normal
User_79,2025-05-19 06:11:54,0.508,0.3166,Driving,Ligeris,Driving_Under_Influence,2way,0.0,50,5G,-114,18.0,10.0,0.0084578701574826,40.30532846698158,21.80885784894925,Normal
User_07,2025-05-19 06:42:02,0.319,0.531,Driving,Koila,Speeding,2way,0.0,40,3G,Ethernet,27.0,-19.0,0.0016287133106706,40.32104370050715,21.791056034178673,Unintentional
User_55,2025-05-19 07:42:00,0.489,0.5725,Running,Ligeris,Reckless_Driving,2way,0.0,60,3G,-97,36.0,1.0,0.0046271872475579,40.30622692377462,21.807367860215145,Normal
User_59,2025-05-19 12:25:03,0.508,0.6458,Driving,Koila,Speeding,1way,0.0,40,3G,-74,32.0,0.0,0.0079404108799713,40.322556253286855,21.791858578006376,Normal
User_18,2025-05-19 15:02:24,0.271,0.4194,Driving,Koila,Speeding,2way,0.0,10,5G,-114,42.0,1.0,0.0076431702919151,40.322109771860205,21.791227423554226,Normal
User_03,2025-05-19 15:40:22,0.381,0.4685,Walking,Ligeris,Speeding,2way,0.0,10,WiFi,Ethernet,96.0,-5.0,0.0087070258942387,40.305628529257966,21.8070231322307,Normal
User_80,2025-05-19 17:42:08,0.508,0.4905,Walking,Koila,Driving_Under_Influence,1way,2.0,50,5G,-77,46.0,16.0,0.0063921809795345,40.30622692377462,21.790937775817874,Normal
User_94,2025-05-19 18:52:26,0.648,0.3408,Walking,Koila,Speeding,5way,1.0,20,3G,-82,48.0,-8.0,0.0085938555758933,40.32162671073933,21.790702340555455,Intentional
User_60,2025-05-20 01:18:54,0.602,0.5826,Driving,Koila,Driving_Under_Influence,1way,0.0,40,4G,-112,48.0,0.0,0.0092518737376241,40.32195555951855,21.79007951026635,Normal
User_87,2025-05-20 02:55:26,0.374,0.4246,Driving,Ligeris,Speeding,4way,0.0,10,5G,-79,68.0,9.0,0.0015515064375509,40.304577379593375,21.80805074183228,Normal
User_77,2025-05-20 03:59:44,0.347,0.4186,Walking,Ligeris,Speeding,2way,1.0,40,4G,-70,10.0,-7.0,0.0033708560395125,40.30622692377462,21.809123056507772,Normal
User_68,2025-05-20 06:01:52,0.508,0.5935,Running,Koila,Driving_Under_Influence,2way,2.0,30,5G,Ethernet,32.0,-12.0,0.0069488132476079,40.3218853708772,21.79235487439382,Normal
User_31,2025-05-20 07:21:09,0.72,0.5725,Walking,Center,Driving_Under_Influence,1way,2.0,40,WiFi,Ethernet,70.0,-15.0,0.0057271729697465,40.3221441424826,21.790640250977024,Intentional
User_82,2025-05-20 07:58:26,0.499,0.6364,Driving,Koila,Speeding,1way,0.0,10,4G,Ethernet,49.0,5.0,0.0093031971026853,40.323017335650896,21.79305823946052,Normal
User_54,2025-05-20 11:25:34,0.508,0.5725,Walking,Koila,Reckless_Driving,4way,1.0,10,4G,-112,45.0,12.0,0.0027387741989689,40.323549174535096,21.791258825989416,Normal
User_69,2025-05-20 13:36:21,0.289,0.4296,Driving,Zep,Reckless_Driving,2way,1.0,70,4G,-119,60.0,14.0,0.048,40.280649340421064,21.753435330081142,Unintentional
User_75,2025-05-20 19:25:26,0.544,0.6214,Driving,Zep,Speeding,2way,0.0,30,WiFi,-79,48.0,11.0,0.0026192377804516,40.30622692377462,21.75327861039747,Normal
User_20,2025-05-20 21:01:45,0.686,0.6084,Driving,Zep,Driving_Under_Influence,2way,0.0,80,118,-83,82.0,11.0,0.0057271729697465,40.280379984894445,21.75473288039732,Normal
User_82,2025-05-21 05:02:41,0.499,0.6384,Driving,Ligeris,Speeding,2way,0.0,70,3G,-60,82.0,-2.0,0.0090892069546333,40.2806220552395,21.75241416241362,Normal
User_64,2025-05-21 05:11:49,0.257,0.2936,Walking,Zep,Speeding,1way,0.0,40,WiFi,-59,48.0,-6.0,0.0052257066661619,40.27997372596276,21.791258825989416,Normal
User_44,2025-05-21 06:50:06,0.332,0.5725,Driving,Ligeris,Reckless_Driving,2way,0.0,40,5G,-92,77.0,-1.0,0.0032028942682699,40.30606946749917,21.791258825989416,Normal
User_50,2025-05-21 07:01:40,0.477,0.6077,Walking,Koila,Speeding,2way,0.0,50,WiFi,-50,99.0,-8.0,0.0050205076385289,40.3219820391007,21.790871021028696,Normal
User_68,2025-05-21 10:02:06,0.736,0.5965,Walking,Koila,9,2way,4.0,70,3G,-101,52.0,0.0,0.0085100816116888,40.32272361338266,21.790651312569768,Normal
User_45,2025-05-21 10:03:18,0.446,0.5725,Walking,Ligeris,Driving_Under_Influence,2way,1.0,Harassing_Driver,WiFi,-65,96.0,-4.0,0.0068122172734514,40.3051008605303,21.80743526068788,Normal
User_42,2025-05-21 15:18:55,0.508,0.5452,Walking,Koila,Speeding,5way,4.0,50,3G,-108,48.0,-6.0,0.0088137954934396,40.32279512316869,21.791258825989416,Intentional
User_33,2025-05-21 17:38:39,0.486,0.4216,Driving,Koila,Driving_Under_Influence,4way,1.0,60,WiFi,-64,18.0,15.0,0.0011768109346708,40.321355083855,21.791258825989416,Normal
User_01,2025-05-21 17:48:47,0.618,0.5995,Walking,Ligeris,Reckless_Driving,2way,1.0,20,WiFi,Ethernet,-24.0,-11.0,0.0071982261652991,40.30623425715146,21.807501709212794,Normal
User_79,2025-05-21 23:58:28,0.508,0.3216,Walking,Koila,Speeding,2way,1.0,90,3G,Ethernet,51.0,0.0,0.0092209343715586,40.32200382384478,21.790292586862584,Normal
User_03,2025-05-22 04:51:30,0.381,0.4745,Walking,Ligeris,Driving_Under_Influence,2way,1.0,20,3G,Satellite,9.0,15.0,0.0077240564649516,40.30638706755385,21.809524167707732,Normal
User_78,2025-05-22 08:12:15,0.508,0.3826,Running,Ligeris,Driving_Under_Influence,4way,1.0,40,109,-94,48.0,-5.0,0.0026115554007925,40.30766516744956,21.806598406831792,Normal
User_55,2025-05-22 12:00:16,0.489,0.5725,Driving,Ligeris,Reckless_Driving,2way,0.0,70,4G,-74,17.0,6.0,0.0048420831735414,37.21574,21.790548375574858,Normal
User_57,2025-05-22 13:39:11,0.733,0.4004,Driving,Ligeris,Driving_Under_Influence,2way,0.0,40,4G,Ethernet,37.0,5.0,0.008383989376839,40.30558616760746,21.80538054477917,Normal
User_25,2025-05-22 14:52:53,0.627,0.3413,Running,Ligeris,Speeding,1way,1.0,10,3G,-89,20.0,5.0,0.0047267306533421,40.32179495621484,21.791258825989416,Normal
User_70,2025-05-22 20:27:25,0.359,0.6172,Running,Koila,Reckless_Driving,2way,140.0,80,4G,-96,60.0,-16.0,0.0092645415782098,40.30622692377462,21.790854924533686,Normal
User_52,2025-05-22 21:31:31,0.399,0.6209,Running,Koila,Speeding,2way,1.0,20,4G,-111,97.0,1.0,0.0046995915315552,40.320663166296576,21.79241836682653,Normal
User_82,2025-05-22 23:46:44,0.499,0.6414,Walking,Zep,Reckless_Driving,2way,0.0,60,4G,-119,13.0,13.0,0.0012461905535912,40.27984086790062,21.7535385710599,Normal
User_37,2025-05-23 03:47:34,0.508,0.6219,Walking,Ligeris,Speeding,2way,1.0,90,3G,-75,37.0,-3.0,0.0057271729697465,42.132768,21.806825190966286,Normal
User_94,2025-05-23 05:00:44,0.648,0.3488,Walking,Zep,Speeding,2way,1.0,50,3G,-94,80.0,-22.0,0.0058089107759271,40.30622692377462,21.753633115660765,Unintentional
User_97,2025-05-23 08:01:59,0.508,0.6409,Running,Ligeris,Driving_Under_Influence,1way,1.0,40,4G,-120,58.0,13.0,0.0037894469791906,38.655707,21.80858606586219,Normal
User_95,2025-05-23 14:47:27,0.508,0.3743,Walking,Zep,Driving_Under_Influence,2way,0.0,60,5G,-108,48.0,25.0,0.00896495675179,40.30622692377462,21.752109324472674,Unintentional
User_42,2025-05-23 21:41:27,0.577,0.5502,Running,Ligeris,Speeding,2way,0.0,50,4G,-83,7.0,-10.0,0.0057271729697465,40.30622692377462,21.807175411974043,Normal
User_29,2025-05-23 22:44:10,0.309,0.5056,Driving,Koila,Driving_Under_Influence,2way,1.0,60,3G,-116,77.0,0.0,0.0078320723383364,40.322875259275015,21.790322899110414,Normal
User_100,2025-05-24 01:59:49,0.592,0.4851,Running,Koila,Reckless_Driving,1way,0.0,30,WiFi,-87,16.0,-3.0,0.0036490308136282,40.32189854272639,21.79059145142358,Normal
User_12,2025-05-24 07:22:08,0.251,0.5725,Running,Ligeris,Reckless_Driving,2way,0.0,30,3G,-51,-137.0,-13.0,0.0010995357753547,40.27952733281954,21.791258825989416,Normal
User_39,2025-05-24 10:04:44,0.685,0.5488,Walking,Ligeris,Reckless_Driving,4way,3.0,30,WiFi,-83,51.0,4.0,0.0031830858177863,40.307222192968354,21.806576956848744,Normal
User_65,2025-05-24 14:11:50,0.578,0.3793,Walking,Ligeris,Speeding,1way,3.0,70,4G,-115,-159.0,5.0,0.0051152523927884,40.30631466691206,21.807552477183872,Normal
User_86,2025-05-24 18:13:00,0.63,0.5725,Running,Koila,Driving_Under_Influence,2way,2.0,40,5G,-102,14.0,5.0,0.0076897231529156,40.321280104580495,21.792195130133315,Normal
User_09,2025-05-25 05:12:45,0.377,0.6668,Walking,Zep,Driving_Under_Influence,2way,1.0,20,3G,-70,10.0,-8.0,0.0074655973285632,40.27858583724564,21.754685026887017,Normal
User_16,2025-05-25 05:46:59,0.438,0.4149,Driving,Spinari,Speeding,2way,1.0,30,3G,-120,90.0,10.0,0.0080415260146976,40.27828459826699,21.75304035926045,Intentional
User_25,2025-05-25 13:29:38,0.508,0.5725,Driving,Ligeris,Driving_Under_Influence,4way,1.0,20,5G,Ethernet,58.0,-12.0,0.0066691014237875,40.27960039071485,21.75259786800306,Normal
User_100,2025-05-25 14:03:21,0.508,0.5725,Running,Ligeris,Speeding,2way,0.0,20,5G,Ethernet,35.0,-11.0,0.0070014785172323,40.27829039498741,21.754275111308683,Normal
User_49,2025-05-25 15:46:37,0.483,0.396,Running,Ligeris,Driving_Under_Influence,2way,0.0,20,4G,-78,10.0,0.0,0.024,40.27949049664275,21.753715141015444,Unintentional
User_13,2025-05-25 19:51:15,0.657,0.4219,Driving,Ligeris,Reckless_Driving,2way,0.0,20,4G,-106,10.0,-14.0,0.0082470438407024,40.28091980378564,21.753098054430954,Normal
User_69,2025-05-26 01:38:39,0.289,0.4406,Driving,Ligeris,Reckless_Driving,2way,0.0,40,3G,-94,48.0,0.0,0.0057858540545114,40.30617582927531,21.809350132171375,Normal
User_53,2025-05-26 03:00:45,0.364,0.6577,Running,Koila,8,4way,0.0,40,4G,Satellite,51.0,15.0,0.0051527715646749,40.32136016800395,21.79253450617573,Normal
User_60,2025-05-26 03:35:33,0.602,0.5725,Walking,Koila,Reckless_Driving,2way,0.0,20,4G,-70,81.0,-2.0,0.0057271729697465,40.32176748162146,21.79138964838185,Normal
User_21,2025-05-26 03:51:45,0.64,0.6535,Walking,Zep,Driving_Under_Influence,2way,0.0,90,5G,-78,5.0,-3.0,0.004686476395849,40.278914669052845,21.753912688957296,Normal
User_92,2025-05-26 05:07:38,0.508,0.6731,Running,Ligeris,Reckless_Driving,5way,0.0,20,5G,-107,48.0,-4.0,0.0089522315327417,40.30746728243313,21.80737501453218,Intentional
User_60,2025-05-26 08:23:08,0.602,0.5956,Walking,Koila,Driving_Under_Influence,4way,4.0,110,5G,-81,94.0,-10.0,0.0057271729697465,40.32216390683241,21.792006801594233,Normal
User_84,2025-05-26 09:15:18,0.689,0.4676,Running,Zep,8,1way,0.0,40,5G,-109,3.0,-7.0,0.0012196684666462,40.30622692377462,21.753098535743636,Normal
User_29,2025-05-26 12:06:01,0.309,0.5116,Driving,Center,Reckless_Driving,4way,1.0,20,4G,-115,57.0,7.0,0.0068340460632053,40.30622692377462,21.791258825989416,Intentional
User_89,2025-05-26 12:20:06,0.485,0.5973,Running,Ligeris,Speeding,1way,2.0,60,3G,-79,48.0,0.0,0.0032176014800325,40.305207832250986,21.80747448300144,Normal
User_26,2025-05-26 13:37:42,0.642,0.4472,Driving,Zep,Reckless_Driving,2way,3.0,10,5G,-82,37.0,5.0,0.0034557144016935,40.279104209747175,21.75447545360685,Normal
User_14,2025-05-26 23:41:56,0.549,0.3077,Running,Ligeris,Speeding,2way,0.0,20,4G,Ethernet,50.0,-1.0,0.0092812395444174,40.30703923662445,21.791258825989416,Normal
User_44,2025-05-27 00:24:20,0.332,0.3947,Running,Zep,Driving_Under_Influence,2way,1.0,30,4G,Ethernet,23.0,13.0,0.0072006174643652,40.30622692377462,21.791258825989416,Normal
User_61,2025-05-27 03:54:24,0.261,0.5725,Running,Zep,Driving_Under_Influence,2way,140.0,50,4G,-111,48.0,-12.0,0.0098731430315798,40.27978757143891,21.75516847953436,Normal
User_62,2025-05-27 03:56:36,0.508,0.5443,Running,Zep,Speeding,1way,0.0,50,WiFi,-54,48.0,-7.0,0.0053056222834876,40.28082589984899,21.753185972824017,Normal
User_11,2025-05-27 05:50:49,0.539,0.4666,Walking,Zep,Driving_Under_Influence,2way,140.0,90,3G,-112,48.0,-4.0,0.0075487489408725,40.279829121281544,21.75312802129622,Normal
User_17,2025-05-27 06:50:07,0.383,0.3172,Walking,Zep,Driving_Under_Influence,2way,0.0,80,5G,-120,91.0,0.0,0.0027783733949291,40.27961685116692,21.755000728547436,Normal
User_89,2025-05-27 06:50:45,0.485,0.5725,Driving,Zep,Reckless_Driving,1way,3.0,40,4G,Ethernet,52.0,4.0,0.0057271729697465,40.279842861074414,21.75350125082396,Normal
User_74,2025-05-27 10:45:33,0.6,0.3015,Walking,Ligeris,Speeding,2way,1.0,10,WiFi,-51,16.0,-15.0,0.0081986866152754,40.30445631401088,21.80747220263117,Normal
User_10,2025-05-27 19:31:08,0.719,0.6123,Running,Koila,Speeding,1way,140.0,20,5G,-71,53.0,21.0,0.0057731917482103,40.32165698838731,21.791348653719677,Unintentional
User_52,2025-05-27 22:05:22,0.399,0.6309,Driving,Ligeris,Speeding,2way,1.0,40,5G,-98,12.0,-22.0,0.0018052156190451,40.30526086044356,21.806689385201217,Unintentional
User_16,2025-05-27 23:11:43,0.438,0.5725,Driving,Ligeris,Reckless_Driving,4way,1.0,40,3G,-120,65.0,0.0,0.0039451681807778,40.305908835366345,21.807475369289136,Normal
User_80,2025-05-28 05:33:27,0.508,0.5725,Driving,Koila,Reckless_Driving,2way,0.0,60,WiFi,-52,48.0,5.0,0.0076675724373303,40.32083984231557,21.79195489836941,Normal
User_55,2025-05-28 05:55:49,0.489,0.3688,Running,Center,Driving_Under_Influence,4way,1.0,70,3G,-81,76.0,-5.0,0.0090794591101741,41.848273,21.80747802556746,Intentional
User_51,2025-05-28 09:34:00,0.708,0.6409,Walking,Ligeris,Speeding,6way,1.0,40,3G,-101,35.0,0.0,0.0066480955408231,40.30531368330782,21.80681094005961,Intentional
User_91,2025-05-28 10:38:59,0.508,0.3642,Running,Ligeris,Reckless_Driving,2way,0.0,30,5G,-80,92.0,-10.0,0.0057271729697465,40.32092097369554,21.792648568608207,Normal
User_56,2025-05-28 11:03:36,0.419,0.4706,Walking,Koila,Speeding,2way,0.0,70,3G,-70,48.0,4.0,0.0057271729697465,40.30622692377462,21.791650754625653,Normal
User_57,2025-05-28 14:06:10,0.733,0.4114,Walking,Koila,Speeding,2way,0.0,80,106,-74,48.0,15.0,0.0054068210834125,40.32102973608466,21.791977238067417,Normal
User_22,2025-05-28 23:48:35,0.712,0.3353,Running,Koila,Reckless_Driving,2way,1.0,Lane_Discards,5G,-90,36.0,-5.0,0.047,40.32090916968435,21.79092786642543,Unintentional
User_40,2025-05-29 05:13:38,0.508,0.5517,Walking,Ligeris,Speeding,2way,3.0,50,WiFi,-69,18.0,-13.0,0.038,40.30631716932922,21.80823591583603,Unintentional
User_31,2025-05-29 08:43:18,0.72,0.5479,Driving,Koila,7,2way,2.0,40,5G,-117,63.0,0.0,0.0057271729697465,40.3218700503276,21.792139767673607,Normal
User_97,2025-05-29 10:56:50,0.508,0.6539,Walking,Zep,Driving_Under_Influence,1way,0.0,30,WiFi,-86,4.0,12.0,0.0052774000470586,40.30622692377462,21.75400896367423,Normal
User_85,2025-05-29 12:08:54,0.572,0.6942,Driving,Koila,Reckless_Driving,2way,2.0,30,WiFi,-59,54.0,-9.0,0.036,40.32267747734933,21.791447940173327,Unintentional
User_27,2025-05-29 18:19:29,0.319,0.6086,Walking,Koila,Speeding,4way,0.0,40,3G,-99,79.0,0.0,0.0088775945392982,40.32347982555536,21.791649066784807,Normal
User_38,2025-05-29 18:52:14,0.508,0.4642,Walking,Ligeris,Speeding,1way,1.0,50,5G,-108,10.0,-2.0,0.0087199404672658,40.30527829096938,21.791258825989416,Normal
User_28,2025-05-29 20:46:56,0.561,0.3995,Walking,Ligeris,Speeding,2way,1.0,40,4G,Satellite,73.0,1.0,0.0018184239736133,40.306095066711045,21.806237986673096,Normal
User_47,2025-05-29 23:14:50,0.636,0.4311,Swimming,Koila,Reckless_Driving,4way,1.0,30,WiFi,-61,48.0,-12.0,0.0057271729697465,37.9362,21.791258825989416,Intentional
User_82,2025-05-30 01:49:34,0.499,0.6564,Walking,Zep,Speeding,1way,1.0,40,5G,-114,26.0,9.0,0.0057271729697465,40.279246061420295,21.751761054685954,Normal
User_94,2025-05-30 08:45:45,0.508,0.3628,Walking,Ligeris,Driving_Under_Influence,5way,0.0,10,118,-99,33.0,1.0,0.0051598809606878,40.30622692377462,21.80744316121592,Intentional
User_09,2025-05-30 09:40:09,0.377,0.6768,Running,Spinari,Speeding,2way,4.0,70,3G,-98,28.0,-6.0,0.009854236401059,40.32126108176768,21.791258825989416,Intentional
User_74,2025-05-30 10:20:10,0.6,0.3065,Driving,Koila,Driving_Under_Influence,1way,0.0,40,WiFi,-62,60.0,0.0,0.025,40.32167895150979,21.79060912370357,Unintentional
User_06,2025-05-30 11:19:25,0.614,0.6723,Walking,Koila,Reckless_Driving,4way,1.0,20,WiFi,-89,59.0,-3.0,0.0088346559146748,40.32216049360081,21.791349343728672,Normal
User_100,2025-05-30 14:59:44,0.592,0.4981,Walking,Koila,Speeding,2way,140.0,30,4G,-75,64.0,9.0,0.0020730525894281,40.32096538080246,21.79079561555303,Normal
User_27,2025-05-30 17:09:46,0.319,0.6106,Walking,Koila,Speeding,2way,3.0,80,3G,-93,50.0,-6.0,0.0078369632807693,40.322075647403466,21.79106339510593,Normal
User_23,2025-05-30 21:05:10,0.508,0.6626,Running,Ligeris,Reckless_Driving,4way,1.0,80,3G,-118,9.0,-16.0,0.0057271729697465,40.321479157609666,21.789452829128077,Normal
User_61,2025-05-30 21:21:34,0.261,0.3975,Driving,Koila,8,4way,0.0,70,3G,-119,44.0,-7.0,0.0033104949805509,40.3223753920999,21.791258825989416,Normal
User_31,2025-05-30 21:48:01,0.508,0.5489,Walking,Koila,Speeding,1way,1.0,20,4G,-83,52.0,-7.0,0.0074645783389737,40.32332273550277,21.790869067833828,Normal
User_15,2025-05-30 23:10:48,0.585,0.3314,Walking,Zep,Driving_Under_Influence,4way,0.0,70,3G,Ethernet,-24.0,0.0,0.0018571788562996,40.27964078105422,21.7541322115833,Normal
User_82,2025-05-30 23:21:30,0.508,0.6574,Driving,Ligeris,Speeding,4way,0.0,40,4G,Satellite,46.0,2.0,0.0057271729697465,40.30622692377462,21.806875230314866,Normal
User_08,2025-05-31 01:57:35,0.325,0.6766,Walking,Koila,Speeding,4way,1.0,40,3G,-91,41.0,1.0,0.0020429730902627,40.30622692377462,21.790941583049968,Normal
User_91,2025-05-31 02:06:39,0.409,0.3692,Walking,Ligeris,Driving_Under_Influence,2way,3.0,40,WiFi,-62,51.0,0.0,0.0080312117876614,40.30622692377462,21.75342114713022,Normal
User_45,2025-05-31 02:43:45,0.446,0.3585,Running,Ligeris,Speeding,4way,0.0,10,3G,-106,23.0,8.0,0.0058069923602415,40.30623985179109,21.807473618432997,Normal
User_95,2025-05-31 10:17:28,0.739,0.3903,Walking,Zep,Driving_Under_Influence,2way,1.0,40,3G,Ethernet,93.0,11.0,0.033,40.280556480057555,21.752469399816317,Unintentional
User_33,2025-05-31 16:22:49,0.508,0.4416,Running,Koila,8,4way,0.0,40,5G,Ethernet,48.0,-15.0,0.0030642558177574,40.32229038918978,21.790609180467897,Normal
User_11,2025-05-31 16:51:56,0.539,0.5725,Walking,Koila,Driving_Under_Influence,1way,1.0,40,119,-79,48.0,-2.0,0.003261800333349,40.32232257091481,21.791258825989416,Normal
User_32,2025-05-31 19:26:36,0.694,0.6018,Walking,Ligeris,Speeding,4way,0.0,80,5G,-70,10.0,4.0,0.0038566398041661,38.156464,21.805673539591687,Normal
User_94,2025-05-31 23:28:06,0.648,0.3648,Walking,Ligeris,Driving_Under_Influence,2way,1.0,20,4G,-87,31.0,-12.0,0.0058401847441005,40.30622692377462,21.790758787414752,Normal
User_59,2025-06-01 11:35:58,0.696,0.6708,Driving,Ligeris,Driving_Under_Influence,4way,1.0,90,WiFi,-85,84.0,0.0,0.0079127277901551,40.32204994038068,21.791019180820395,Normal
User_95,2025-06-01 21:04:49,0.739,0.3923,Walking,Ligeris,Reckless_Driving,1way,0.0,50,5G,-117,46.0,15.0,0.0098256632817849,40.30628835498537,21.806734908921793,Normal
User_59,2025-06-01 21:14:01,0.696,0.6718,Running,Koila,Driving_Under_Influence,1way,0.0,10,3G,-81,1.0,12.0,0.0097617743664561,40.322341060651986,21.789197826233696,Normal
User_86,2025-06-02 00:20:19,0.63,0.5723,Running,Ligeris,Driving_Under_Influence,2way,150.0,70,5G,-109,13.0,1.0,0.0032566759170279,40.32238578735946,21.78999342012788,Normal
User_43,2025-06-02 10:29:30,0.255,0.5783,Walking,Koila,Driving_Under_Influence,2way,2.0,70,4G,-79,48.0,-5.0,0.0030028990573274,40.32364214535182,21.79182277221198,Normal
User_50,2025-06-02 10:38:48,0.477,0.6327,Walking,Ligeris,Driving_Under_Influence,2way,0.0,40,5G,-106,18.0,-1.0,0.0074027751651903,40.3058943977258,21.808386360360497,Normal
User_64,2025-06-02 11:27:18,0.257,0.3176,Walking,Zep,7,2way,1.0,10,3G,-65,37.0,-4.0,0.0079023563634996,40.27821846478576,21.754328136498454,Normal
User_37,2025-06-02 11:47:07,0.508,0.6409,Driving,Zep,Speeding,4way,0.0,70,4G,-84,20.0,0.0,0.006904698101573,40.30622692377462,21.75220581388425,Normal
User_23,2025-06-02 11:54:40,0.669,0.6696,Walking,Koila,9,1way,0.0,20,WiFi,-62,33.0,6.0,0.0077739667448178,40.32198794840974,21.791679924986703,Normal
User_12,2025-06-02 14:28:20,0.251,0.3267,Running,Koila,Reckless_Driving,2way,1.0,40,WiFi,-74,24.0,0.0,0.0057271729697465,40.32280540830865,21.789719995877835,Normal
User_30,2025-06-02 16:53:13,0.577,0.5725,Walking,Ligeris,Driving_Under_Influence,2way,0.0,80,5G,Ethernet,2.0,-5.0,0.0046465330413701,40.30622692377462,21.807155677839827,Normal
User_99,2025-06-02 18:06:37,0.618,0.5123,Driving,Ligeris,Speeding,4way,0.0,70,3G,-85,98.0,1.0,0.0016932604044645,40.305041848245814,22.99051,Normal
User_97,2025-06-02 22:36:43,0.296,0.6619,Running,Zep,Reckless_Driving,6way,0.0,60,3G,Ethernet,-33.0,-16.0,0.001736571540237,40.2799408089595,21.752756109313992,Intentional
User_52,2025-06-02 22:38:03,0.399,0.6429,Walking,Ligeris,Reckless_Driving,4way,4.0,70,3G,-106,22.0,-10.0,0.023,40.306270519813744,21.807414286196273,Unintentional
User_88,2025-06-03 03:18:27,0.508,0.339,Walking,Ligeris,Reckless_Driving,2way,1.0,40,WiFi,-78,77.0,0.0,0.0042180627392583,40.30583838121356,21.807569139092728,Normal
User_99,2025-06-03 05:05:04,0.618,0.5133,Driving,Koila,Driving_Under_Influence,2way,0.0,50,3G,-72,52.0,0.0,0.0087070724989419,40.32294984836984,21.792090601469734,Normal
User_99,2025-06-03 06:22:37,0.618,0.5143,Walking,Zep,Speeding,2way,2.0,70,WiFi,-83,3.0,9.0,0.0069568507132761,40.27961653543185,21.753286516876923,Normal
User_88,2025-06-03 08:08:53,0.676,0.34,Driving,Ligeris,Reckless_Driving,2way,0.0,90,5G,Satellite,48.0,-9.0,0.0057271729697465,40.304833453562665,21.80634809042475,Normal
User_20,2025-06-03 09:25:01,0.686,0.6354,Driving,Ligeris,Speeding,2way,1.0,50,4G,-72,85.0,2.0,0.0029262786955854,40.305598108523384,21.806467327582972,Normal
User_05,2025-06-03 13:01:37,0.311,0.4608,Driving,Koila,Reckless_Driving,2way,0.0,90,3G,-76,48.0,22.0,0.0015313515204539,40.32201281433328,21.791324511838585,Unintentional
User_71,2025-06-03 13:42:38,0.508,0.5725,Driving,Zep,Reckless_Driving,4way,1.0,50,4G,-108,80.0,8.0,0.0059763457297585,40.27895713484121,21.753111741134237,Normal
User_18,2025-06-03 13:55:21,0.271,0.5725,Walking,Zep,Speeding,2way,0.0,20,3G,Ethernet,2.0,15.0,0.0085292180366621,40.30622692377462,21.75107043245599,Normal
User_40,2025-06-03 14:59:47,0.498,0.5725,Walking,Koila,7,4way,2.0,50,WiFi,-58,49.0,-21.0,0.0028685350085756,40.323189487210925,21.791258825989416,Unintentional
User_35,2025-06-03 15:19:33,0.379,0.5725,Walking,Koila,Driving_Under_Influence,2way,2.0,50,3G,Ethernet,28.0,14.0,0.0045856629505763,40.32276350951232,21.78974032254493,Normal
User_79,2025-06-03 20:02:29,0.426,0.3476,Walking,Ligeris,Reckless_Driving,4way,2.0,80,3G,-88,48.0,0.0,0.04,40.306869643868914,21.80892625124929,Unintentional
User_47,2025-06-03 20:40:26,0.508,0.4411,Walking,Spinari,Speeding,2way,1.0,60,3G,-88,22.0,-24.0,0.0073426787405192,40.32229568925205,21.79119435808881,Intentional
User_48,2025-06-04 00:44:06,0.508,0.5293,Walking,Ligeris,Reckless_Driving,4way,0.0,40,WiFi,Ethernet,2.0,-2.0,0.0057271729697465,40.3062035569548,21.8075131767837,Normal
User_39,2025-06-04 03:35:16,0.685,0.5725,Running,Koila,Speeding,1way,1.0,120,5G,Ethernet,54.0,-5.0,0.0018804128383796,40.32217748905078,17.343024,Normal
User_68,2025-06-04 09:41:06,0.736,0.6235,Driving,Zep,Driving_Under_Influence,2way,0.0,20,5G,-103,42.0,6.0,0.0035533886038601,40.27932879671045,21.791258825989416,Normal
User_09,2025-06-04 16:11:59,0.508,0.5725,Walking,Ligeris,Driving_Under_Influence,2way,0.0,70,3G,-118,47.0,1.0,0.0061529105963245,40.30622692377462,21.80835621871516,Normal
User_36,2025-06-04 18:38:21,0.394,0.6449,Driving,Zep,Speeding,1way,1.0,50,3G,-91,48.0,-4.0,0.026,40.27973769047553,21.75483671815089,Unintentional
User_04,2025-06-04 22:42:17,0.295,0.3709,Driving,Ligeris,Speeding,2way,150.0,30,WiFi,Ethernet,79.0,0.0,0.0063269709550926,40.30622692377462,21.791258825989416,Normal
User_11,2025-06-04 23:33:28,0.539,0.4836,Driving,Koila,Driving_Under_Influence,1way,0.0,40,4G,-114,-157.0,16.0,0.0059201536921686,40.32155463171242,21.791258825989416,Normal
User_79,2025-06-05 02:45:50,0.426,0.3506,Running,Ligeris,Speeding,1way,1.0,20,4G,-85,3.0,8.0,0.0057271729697465,40.305292247062525,21.791258825989416,Normal
User_64,2025-06-05 08:03:46,0.257,0.3236,Running,Ligeris,Reckless_Driving,2way,160.0,10,4G,-115,65.0,2.0,0.0057271729697465,40.30642781206924,21.80832941620131,Normal
User_79,2025-06-05 09:16:40,0.426,0.3516,Driving,Koila,7,2way,1.0,40,5G,-99,91.0,9.0,0.0060417103695841,40.32084093640608,21.791258825989416,Normal
User_24,2025-06-05 10:06:13,0.7,0.536,Walking,Koila,Speeding,1way,1.0,60,3G,-116,-16.0,16.0,0.0057271729697465,40.322645691181386,21.79191830894769,Normal
User_88,2025-06-05 14:36:54,0.676,0.5725,Running,Koila,Reckless_Driving,4way,0.0,30,109,-93,35.0,0.0,0.0037635265361628,40.32088776967528,21.79169087849504,Normal
User_61,2025-06-05 16:03:24,0.508,0.4095,Flying,Zep,Speeding,4way,1.0,10,3G,-117,48.0,1.0,0.0057271729697465,42.044079,21.753137360529536,Intentional
User_51,2025-06-06 13:04:51,0.708,0.6599,Walking,Ligeris,Speeding,2way,0.0,60,3G,-57,59.0,15.0,0.0022474745598614,40.30604211192904,21.80665753983618,Normal
User_10,2025-06-06 13:06:38,0.719,0.6333,Running,Ligeris,Reckless_Driving,2way,2.0,30,4G,-76,60.0,-5.0,0.0068929624506898,40.30615954788242,21.80733740291948,Normal
User_73,2025-06-06 13:27:14,0.508,0.6688,Running,Ligeris,Reckless_Driving,1way,0.0,40,5G,-84,31.0,13.0,0.0060220845834371,40.306826475440474,21.80602343862081,Normal
User_05,2025-06-06 18:42:53,0.508,0.4678,Walking,Spinari,Speeding,4way,0.0,30,4G,Satellite,65.0,-11.0,0.0024328357838812,40.30622692377462,21.75294197335611,Intentional
User_11,2025-06-06 21:44:45,0.539,0.4876,Running,Ligeris,Speeding,2way,1.0,10,3G,-111,48.0,9.0,0.0078699394969587,40.30623375032019,21.80712684422877,Normal
User_50,2025-06-06 23:41:13,0.477,0.6407,Walking,Ligeris,Speeding,4way,0.0,80,3G,-106,52.0,8.0,0.0018890409237367,40.3069230792119,21.806518233754257,Normal
User_23,2025-06-07 00:44:45,0.508,0.6786,Driving,Ligeris,Speeding,2way,0.0,10,3G,Satellite,41.0,14.0,0.0057271729697465,40.28105073481651,21.753687442469364,Normal
User_58,2025-06-07 00:50:46,0.669,0.447,Running,Ligeris,Reckless_Driving,4way,1.0,40,4G,-112,42.0,-3.0,0.0029931955895026,40.30622692377462,21.805713304202325,Normal
User_91,2025-06-07 00:55:38,0.409,0.3842,Running,Ligeris,Driving_Under_Influence,2way,2.0,60,3G,-90,98.0,0.0,0.0063171589184769,40.30528434091443,21.808249811228723,Normal
User_69,2025-06-07 03:50:23,0.289,0.4646,Walking,Ligeris,Speeding,2way,0.0,30,5G,-112,81.0,-12.0,0.0089974489332642,40.3060719492332,21.807096620700477,Normal
User_48,2025-06-07 04:50:57,0.611,0.5353,Walking,Zep,6,1way,3.0,40,4G,-71,24.0,-10.0,0.0034152287061431,40.279715745363056,21.75319165375499,Normal
User_65,2025-06-07 09:13:07,0.578,0.5725,Walking,Koila,Driving_Under_Influence,2way,1.0,20,5G,-94,21.0,10.0,0.0089560620181094,40.30622692377462,21.79022211776266,Normal
User_53,2025-06-07 10:30:53,0.364,0.6817,Running,Koila,Speeding,1way,1.0,50,116,-82,16.0,-10.0,0.0031459520773011,40.32081736074902,21.7928530650918,Normal
User_13,2025-06-07 16:16:41,0.657,0.4469,Walking,Koila,Driving_Under_Influence,2way,0.0,70,4G,-93,64.0,-6.0,0.023,40.32209022675461,21.791258825989416,Unintentional
User_94,2025-06-07 16:33:25,0.648,0.3788,Running,Zep,Speeding,2way,4.0,70,WiFi,-71,72.0,0.0,0.0048102037457983,40.30622692377462,21.753363913908952,Normal
User_26,2025-06-07 20:02:22,0.508,0.5725,Driving,Koila,Speeding,2way,1.0,Illegal_Parking,WiFi,-66,39.0,6.0,0.009958234139409,40.32348568361792,21.79193245461277,Normal
User_67,2025-06-07 21:06:15,0.557,0.4966,Running,Ligeris,Driving_Under_Influence,4way,1.0,50,4G,-85,75.0,-1.0,0.0062789603123107,40.30622692377462,21.80643297605559,Normal
User_50,2025-06-07 23:13:40,0.477,0.6427,Walking,Koila,Driving_Under_Influence,4way,1.0,10,4G,-109,66.0,-2.0,0.0077882958854796,40.32183232585297,21.790000498192345,Normal
User_68,2025-06-08 10:05:46,0.736,0.5725,Walking,Ligeris,9,2way,0.0,60,3G,-115,79.0,9.0,0.0027456446787558,40.306820515076446,21.806228018711476,Normal
User_87,2025-06-08 12:14:26,0.374,0.4626,Walking,Zep,Driving_Under_Influence,2way,2.0,80,4G,-113,33.0,16.0,0.0047252328895836,40.27927307848739,21.791258825989416,Normal
User_32,2025-06-08 13:55:11,0.694,0.6178,Driving,Koila,Reckless_Driving,2way,0.0,50,WiFi,-66,47.0,-13.0,0.023,40.32229379514268,21.790073101976247,Unintentional
User_85,2025-06-08 14:56:39,0.572,0.7132,Running,Ligeris,Speeding,4way,0.0,40,WiFi,-55,48.0,9.0,0.0054822913587651,40.305637339742326,21.80795222747549,Normal
User_60,2025-06-08 19:56:27,0.602,0.6216,Running,Ligeris,Driving_Under_Influence,2way,1.0,40,4G,Ethernet,48.0,-5.0,0.0044173810903003,40.32169030926303,23.09284,Normal
User_26,2025-06-08 20:56:33,0.642,0.4742,Driving,Koila,Reckless_Driving,1way,0.0,10,4G,-74,75.0,16.0,0.0091424334872942,40.30622692377462,21.791258825989416,Normal
User_86,2025-06-08 21:34:56,0.63,0.5843,Driving,Koila,Reckless_Driving,1way,0.0,50,3G,-99,85.0,-9.0,0.0061831705087036,40.3207202056549,21.790169594208752,Normal
User_58,2025-06-08 21:46:01,0.669,0.5725,Driving,Ligeris,Driving_Under_Influence,2way,2.0,Illegal_Parking,5G,-96,85.0,15.0,0.0078812308645296,40.3046149481961,21.80814448466015,Normal
User_46,2025-06-09 12:11:34,0.621,0.5069,Walking,Zep,Reckless_Driving,2way,1.0,40,4G,-72,-13.0,-5.0,0.0077971867989657,40.28104771474365,21.753670412199163,Normal
User_33,2025-06-09 12:14:43,0.486,0.4596,Walking,Center,Speeding,1way,0.0,70,3G,-91,82.0,-6.0,0.0084270299406513,40.28037480564591,21.75370716775332,Intentional
User_31,2025-06-09 16:43:19,0.72,0.5725,Running,Koila,Driving_Under_Influence,4way,3.0,110,4G,-89,41.0,8.0,0.0083797193986437,40.32205790916793,21.78951910852895,Normal
User_02,2025-06-09 19:17:53,0.504,0.5038,Walking,Ligeris,Reckless_Driving,2way,0.0,40,5G,-71,95.0,-8.0,0.0050137576514509,40.30622692377462,21.8057997924292,Normal
User_48,2025-06-09 20:06:07,0.611,0.5393,Driving,Ligeris,Speeding,1way,0.0,40,4G,-108,54.0,10.0,0.0024451972407341,40.305866899985645,21.80735489231436,Normal
User_03,2025-06-09 23:30:52,0.381,0.5115,Driving,Ligeris,Speeding,2way,4.0,40,WiFi,-81,52.0,-3.0,0.0052610361334352,40.27909262027123,21.753149439973807,Normal
User_32,2025-06-10 04:13:46,0.694,0.5725,Driving,Zep,Driving_Under_Influence,2way,1.0,40,4G,Ethernet,74.0,16.0,0.043,40.27934891429261,21.754837539932456,Unintentional
User_60,2025-06-10 10:58:11,0.602,0.6246,Driving,Koila,Speeding,1way,1.0,90,5G,-81,-123.0,0.0,0.0040598628633941,40.3209661093048,21.790311220074553,Normal
User_97,2025-06-10 14:14:39,0.296,0.6769,Flying,Ligeris,Speeding,2way,0.0,80,3G,-96,28.0,10.0,0.0043405901900679,40.30639912952521,19.485936,Intentional
User_83,2025-06-10 15:01:45,0.453,0.5725,Walking,Koila,Speeding,2way,1.0,10,3G,-93,48.0,-13.0,0.0077493714108157,40.32358217874539,21.790407559172607,Normal
User_12,2025-06-10 15:24:36,0.251,0.3427,Running,Zep,Driving_Under_Influence,4way,0.0,40,5G,-79,54.0,-7.0,0.0052430590523046,40.27808489850977,22.923052,Normal
User_74,2025-06-10 22:45:13,0.6,0.3295,Driving,Ligeris,Speeding,2way,2.0,40,3G,Ethernet,97.0,-2.0,0.0084140122900336,40.30756423290247,21.8060356708061,Normal
User_57,2025-06-11 01:07:05,0.733,0.4394,Driving,Ligeris,Driving_Under_Influence,2way,0.0,70,3G,-74,96.0,0.0,0.0057271729697465,40.27804043324831,21.75295239660366,Normal
User_37,2025-06-11 03:32:46,0.528,0.6589,Driving,Koila,Speeding,2way,0.0,20,117,-70,36.0,-2.0,0.0063263258053117,40.322906768542246,21.79277449849327,Normal
User_27,2025-06-11 14:51:01,0.319,0.6356,Driving,Ligeris,Speeding,2way,0.0,30,3G,-106,74.0,0.0,0.0010837042413277,40.30622692377462,21.753149681213102,Normal
User_42,2025-06-11 18:55:59,0.508,0.5872,Walking,Koila,Reckless_Driving,2way,1.0,20,WiFi,Ethernet,99.0,-5.0,0.0057271729697465,40.322279227531425,21.791258825989416,Normal
User_22,2025-06-11 20:14:05,0.712,0.3633,Walking,Zep,Driving_Under_Influence,4way,1.0,90,WiFi,-56,38.0,-14.0,0.0046663693392053,41.381787,21.753469807862334,Normal
User_15,2025-06-11 21:21:26,0.585,0.3554,Running,Zep,Speeding,4way,0.0,90,5G,-80,1.0,-7.0,0.0065374614015568,38.068745,21.75413133433295,Normal
User_23,2025-06-12 03:39:30,0.669,0.6886,Running,Zep,Speeding,4way,3.0,40,3G,-92,70.0,-6.0,0.0037910016257749,40.278441839864776,21.7533006169267,Normal
User_46,2025-06-12 04:33:43,0.621,0.5119,Running,Koila,Driving_Under_Influence,2way,0.0,70,WiFi,-60,36.0,-11.0,0.0034105398984414,40.3220948828587,21.791258825989416,Normal
User_85,2025-06-12 05:55:26,0.572,0.7212,Driving,Koila,Reckless_Driving,1way,0.0,40,5G,-86,95.0,-11.0,0.004829163398275,40.32365610791218,22.314998,Normal
User_71,2025-06-12 09:10:42,0.431,0.609,Driving,Koila,Speeding,4way,1.0,40,5G,Ethernet,6.0,-9.0,0.0053424654803274,40.32095263100548,21.79053289456571,Normal
User_28,2025-06-12 10:20:22,0.561,0.4275,Walking,Ligeris,Reckless_Driving,4way,0.0,50,5G,-77,64.0,8.0,0.0030779921145967,37.111386,21.809383655966023,Normal
User_83,2025-06-12 13:54:03,0.453,0.6145,Running,Koila,Speeding,2way,2.0,50,4G,-83,13.0,-3.0,0.0049681094970228,40.32155242618745,21.791258825989416,Normal
User_53,2025-06-12 14:20:49,0.508,0.6917,Driving,Spinari,Driving_Under_Influence,2way,2.0,40,4G,-72,47.0,1.0,0.0061783664089598,40.3216065128258,21.79114152480996,Intentional
User_41,2025-06-12 14:35:51,0.251,0.5865,Walking,Zep,Speeding,2way,0.0,60,WiFi,-88,48.0,20.0,0.0037701746011778,40.27975707550591,21.753657805073416,Unintentional
User_80,2025-06-12 17:07:04,0.313,0.5375,Driving,Zep,Reckless_Driving,2way,3.0,130,5G,-73,89.0,13.0,0.0057271729697465,40.27956756708539,21.753182829059774,Normal
User_27,2025-06-12 18:48:52,0.319,0.6366,Walking,Koila,Reckless_Driving,2way,0.0,40,3G,-72,48.0,-16.0,0.0051211981796504,40.32131132430929,21.791104666116667,Normal
User_92,2025-06-12 19:24:13,0.611,0.7081,Walking,Zep,Reckless_Driving,2way,1.0,70,4G,-102,34.0,-12.0,0.0022955874721595,40.279550421605485,21.752235892650617,Normal
User_13,2025-06-13 00:35:09,0.508,0.4589,Driving,Koila,Driving_Under_Influence,4way,0.0,40,WiFi,Ethernet,48.0,2.0,0.0071461689485121,40.32174576054128,21.790973501653667,Normal
User_98,2025-06-13 01:00:08,0.553,0.5709,Driving,Spinari,Driving_Under_Influence,2way,0.0,40,3G,-66,6.0,10.0,0.034,40.306738139276725,21.806241559572552,Intentional
User_40,2025-06-13 02:52:06,0.498,0.5817,Flying,Ligeris,Driving_Under_Influence,2way,4.0,30,4G,-101,48.0,13.0,0.0020019604236552,40.323093333341774,21.790370096008633,Intentional
User_50,2025-06-13 03:42:44,0.477,0.6537,Driving,Ligeris,Speeding,1way,1.0,20,WiFi,-50,19.0,19.0,0.0011654073730094,40.30518235306474,21.791258825989416,Unintentional
User_100,2025-06-13 08:59:47,0.592,0.5251,Walking,Zep,7,2way,1.0,30,4G,-78,4.0,2.0,0.0054774522542664,40.28057401353715,21.751586334392897,Normal
User_23,2025-06-13 12:29:06,0.508,0.6906,Running,Koila,Speeding,1way,1.0,80,5G,-88,68.0,-15.0,0.0026927858038873,40.30622692377462,21.791258825989416,Normal
User_31,2025-06-13 12:59:09,0.72,0.5769,Driving,Zep,Speeding,2way,0.0,Illegal_Parking,111,Ethernet,20.0,-4.0,0.0013941664068529,40.27929720112442,21.752463972044183,Normal
User_94,2025-06-13 16:36:19,0.648,0.3908,Walking,Zep,Driving_Under_Influence,1way,0.0,40,3G,-84,49.0,-3.0,0.0025964220612995,40.30622692377462,21.752837697491245,Normal
User_80,2025-06-13 20:47:13,0.508,0.5725,Running,Zep,Speeding,2way,1.0,30,3G,-56,64.0,-6.0,0.024,40.27885604659943,21.753961337876618,Unintentional
User_26,2025-06-13 20:51:53,0.642,0.4832,Walking,Zep,Driving_Under_Influence,4way,1.0,40,3G,-114,45.0,0.0,0.003775229494877,40.28068722367063,21.752708412992337,Normal
User_87,2025-06-14 02:02:48,0.374,0.5725,Driving,Zep,Reckless_Driving,4way,0.0,120,3G,-89,9.0,0.0,0.0012995578960664,40.279122669403826,21.753590780705167,Normal
User_22,2025-06-14 03:30:06,0.712,0.3683,Walking,Koila,Driving_Under_Influence,6way,1.0,50,3G,-117,0.0,0.0,0.0016193850976468,40.322293224522184,21.791751152462037,Intentional
User_56,2025-06-14 07:44:04,0.419,0.5046,Driving,Ligeris,Driving_Under_Influence,5way,0.0,20,5G,-81,91.0,4.0,0.0033152317530323,40.306165107593365,21.807426688425036,Intentional
User_14,2025-06-14 11:57:49,0.508,0.3457,Walking,Ligeris,Reckless_Driving,1way,0.0,50,104,-118,97.0,5.0,0.003110637479319,40.30622692377462,21.806545271610528,Normal
User_10,2025-06-14 12:45:52,0.719,0.6493,Driving,Koila,Driving_Under_Influence,1way,1.0,80,WiFi,Ethernet,22.0,-15.0,0.0017197257154983,40.32256173628414,21.791258825989416,Normal
User_62,2025-06-14 14:09:41,0.346,0.5803,Walking,Ligeris,Speeding,4way,0.0,40,5G,-78,52.0,2.0,0.0075638325959837,40.30664488092738,21.807694683717383,Normal
User_91,2025-06-14 18:32:53,0.409,0.3982,Driving,Koila,8,1way,2.0,20,4G,-92,85.0,-13.0,0.0025646216901511,40.32343960507029,21.790248754172868,Normal
User_62,2025-06-14 19:36:51,0.346,0.5813,Walking,Ligeris,Reckless_Driving,2way,1.0,50,WiFi,-66,48.0,3.0,0.0057271729697465,40.30556702812066,21.791258825989416,Normal
User_34,2025-06-15 07:05:50,0.401,0.5126,Swimming,Zep,Reckless_Driving,2way,1.0,40,3G,-98,49.0,7.0,0.0090190046207441,40.27944209747675,21.75523737000584,Intentional
User_13,2025-06-15 12:50:17,0.657,0.4639,Driving,Zep,Speeding,1way,0.0,20,WiFi,-68,89.0,-8.0,0.0093266709995088,40.27801317320577,21.753953632840982,Normal
User_71,2025-06-15 15:42:13,0.431,0.616,Walking,Ligeris,Driving_Under_Influence,2way,0.0,90,4G,-119,-134.0,-8.0,0.0087643407354344,40.30499713238885,21.80718584057217,Normal
User_48,2025-06-15 18:43:17,0.611,0.5513,Driving,Koila,Reckless_Driving,2way,1.0,70,3G,-93,6.0,-13.0,0.0064279560887837,40.32210436721434,21.791626315952612,Normal
User_83,2025-06-15 19:20:17,0.453,0.6215,Driving,Zep,Speeding,1way,3.0,20,WiFi,-77,17.0,9.0,0.0068382035034564,40.280537015530015,21.753638320504542,Normal
User_57,2025-06-15 20:02:14,0.733,0.4484,Driving,Koila,Speeding,2way,1.0,50,3G,-117,-156.0,-3.0,0.0029922612145534,40.32214207668272,21.791258825989416,Normal
User_32,2025-06-15 23:43:45,0.694,0.6328,Running,Ligeris,Driving_Under_Influence,2way,160.0,80,WiFi,-83,48.0,0.0,0.0057271729697465,40.30742090016992,21.791258825989416,Normal
User_87,2025-06-16 04:52:48,0.374,0.4786,Driving,Ligeris,Reckless_Driving,2way,4.0,10,3G,-70,48.0,13.0,0.0074008382623053,40.30564355553678,21.80700086207433,Normal
User_92,2025-06-16 05:48:06,0.611,0.7151,Running,Ligeris,Speeding,2way,0.0,50,WiFi,-73,41.0,-1.0,0.0049424668350356,40.27809717712296,22.752414,Normal
User_100,2025-06-16 07:39:51,0.592,0.5311,Running,Ligeris,Driving_Under_Influence,2way,1.0,80,WiFi,-62,30.0,-10.0,0.0058544053487333,40.2799093749104,21.753964537858923,Normal
User_91,2025-06-16 07:55:27,0.409,0.4012,Walking,Ligeris,Speeding,4way,0.0,10,4G,-91,97.0,1.0,0.0024517494315469,40.306298339041085,21.80628357581548,Normal
User_57,2025-06-16 09:01:01,0.733,0.4504,Walking,Ligeris,Reckless_Driving,2way,1.0,30,3G,-94,48.0,10.0,0.0098842728880458,40.27861237371289,21.753117442249287,Normal
User_42,2025-06-16 10:00:19,0.577,0.5982,Running,Koila,Driving_Under_Influence,2way,0.0,50,3G,-98,63.0,4.0,0.0058425563947365,42.528714,21.79190489490292,Normal
User_97,2025-06-16 18:42:10,0.296,0.6899,Driving,Zep,Speeding,1way,0.0,30,WiFi,-50,60.0,-15.0,0.0096027121179776,40.30622692377462,21.75392087141747,Normal
User_34,2025-06-16 21:47:50,0.508,0.5156,Walking,Koila,Speeding,6way,1.0,40,WiFi,-69,-136.0,8.0,0.0057271729697465,40.30622692377462,21.790495431386095,Intentional
User_06,2025-06-17 09:46:02,0.614,0.5725,Walking,Ligeris,Reckless_Driving,4way,1.0,90,3G,-75,90.0,7.0,0.0054707100081926,40.30622692377462,21.75313826116548,Normal
User_87,2025-06-17 11:22:07,0.374,0.4806,Driving,Ligeris,Speeding,2way,1.0,40,3G,-101,46.0,21.0,0.0094084930948948,40.27955988178558,21.753253033816105,Unintentional
User_19,2025-06-17 13:54:21,0.384,0.6733,Walking,Ligeris,Speeding,2way,0.0,20,3G,-94,95.0,-22.0,0.0013663825502219,40.30618589969301,21.791258825989416,Unintentional
User_88,2025-06-17 14:03:10,0.508,0.368,Swimming,Ligeris,Speeding,2way,0.0,10,5G,Ethernet,72.0,8.0,0.045,40.32177203809371,21.789125909104968,Intentional
User_14,2025-06-17 14:11:27,0.549,0.3507,Driving,Koila,6,2way,0.0,50,4G,-112,60.0,16.0,0.0092965098547917,40.32249950649282,21.792770129363,Normal
User_87,2025-06-17 19:13:00,0.374,0.4816,Walking,Ligeris,Reckless_Driving,4way,0.0,80,3G,-87,13.0,-14.0,0.0011029857674557,40.323333697077494,21.791737676683987,Normal
User_61,2025-06-17 19:52:03,0.261,0.4335,Walking,Spinari,Reckless_Driving,4way,1.0,10,4G,-89,17.0,-14.0,0.008882121059374,40.305748080906675,21.808917109618186,Intentional
User_68,2025-06-18 02:00:23,0.736,0.6525,Running,Ligeris,Reckless_Driving,2way,0.0,60,WiFi,-70,73.0,-15.0,0.0088971460167682,40.30603024488936,21.80770691429498,Normal
User_81,2025-06-18 03:44:05,0.508,0.5844,Driving,Zep,Reckless_Driving,2way,0.0,30,3G,-81,0.0,0.0,0.0032975581598777,40.279621265747686,21.752995490377092,Normal
User_67,2025-06-18 06:05:09,0.508,0.5725,Running,Zep,Reckless_Driving,4way,0.0,90,5G,Ethernet,87.0,1.0,0.0065658787967717,40.30622692377462,21.75442801555431,Normal
User_39,2025-06-18 08:02:43,0.685,0.5988,Walking,Koila,Speeding,2way,1.0,10,4G,-90,84.0,-15.0,0.0030180192651018,40.3225251766732,21.79292562239698,Normal
User_15,2025-06-18 11:08:30,0.585,0.3694,Running,Koila,Reckless_Driving,2way,0.0,100,3G,-108,72.0,0.0,0.0089074576008253,40.321562624565026,21.791258825989416,Normal
User_25,2025-06-18 11:21:20,0.508,0.3953,Running,Ligeris,Speeding,4way,0.0,40,3G,-118,47.0,-6.0,0.044,40.30593434264826,21.791258825989416,Unintentional
User_88,2025-06-18 11:40:09,0.676,0.37,Running,Zep,Driving_Under_Influence,2way,1.0,30,4G,-118,72.0,1.0,0.0020895870757962,40.28013384393209,21.791258825989416,Normal
User_62,2025-06-18 17:24:04,0.346,0.5893,Running,Ligeris,Speeding,4way,0.0,60,WiFi,Ethernet,48.0,0.0,0.0077410442817114,40.30622692377462,21.791258825989416,Normal
User_61,2025-06-18 19:18:56,0.261,0.4345,Walking,Ligeris,Driving_Under_Influence,1way,1.0,70,5G,-112,50.0,2.0,0.0098058398064758,40.30661399062565,21.808377203791792,Normal
User_02,2025-06-19 00:37:41,0.504,0.5238,Walking,Zep,Speeding,2way,0.0,50,5G,Ethernet,48.0,14.0,0.0057271729697465,40.27822120696834,21.752327967087503,Normal
User_29,2025-06-19 04:29:09,0.309,0.5725,Walking,Ligeris,Driving_Under_Influence,1way,0.0,40,3G,-99,31.0,11.0,0.0015148063814136,40.32312953259559,21.78977548761004,Normal
User_69,2025-06-19 06:20:12,0.289,0.4886,Walking,Koila,Reckless_Driving,2way,150.0,40,4G,-114,48.0,-13.0,0.0018721480386454,40.323064542532286,21.792137270050414,Normal
User_57,2025-06-19 08:59:21,0.733,0.4554,Driving,Koila,Speeding,2way,0.0,Illegal_Parking,3G,-116,42.0,-6.0,0.0096113141769609,40.3227806123552,21.792066050757736,Normal
User_95,2025-06-19 09:29:59,0.739,0.4273,Walking,Zep,Reckless_Driving,2way,0.0,70,WiFi,Ethernet,30.0,-4.0,0.0054943302035536,40.28062087809623,21.754878081889828,Normal
User_100,2025-06-19 15:01:17,0.592,0.5381,Walking,Koila,Reckless_Driving,2way,2.0,80,WiFi,-77,9.0,0.0,0.005094961108104,40.322532087633064,21.7906631912171,Normal
User_36,2025-06-19 16:47:14,0.394,0.6749,Driving,Ligeris,Reckless_Driving,4way,1.0,Harassing_Driver,4G,-85,73.0,10.0,0.0068133457165175,40.30588585305976,21.80706851892451,Normal
User_21,2025-06-19 22:51:22,0.64,0.7015,Walking,Koila,Speeding,2way,2.0,130,3G,-84,8.0,4.0,0.0057271729697465,40.32233578079787,23.845173,Normal
User_87,2025-06-20 06:53:48,0.374,0.4866,Walking,Ligeris,Driving_Under_Influence,4way,0.0,80,4G,-73,55.0,17.0,0.0059893308018494,40.30464914196037,21.806572139899785,Unintentional
User_74,2025-06-20 07:41:22,0.6,0.5725,Running,Zep,Reckless_Driving,2way,0.0,10,WiFi,Ethernet,85.0,-4.0,0.0022238989698501,40.27942425760453,21.753468926206494,Normal
User_13,2025-06-20 08:19:35,0.657,0.4729,Walking,Zep,Driving_Under_Influence,2way,3.0,30,4G,-99,89.0,-5.0,0.0092358208642804,40.2795449362082,21.75357330551667,Normal
User_13,2025-06-20 10:27:47,0.657,0.4739,Running,Ligeris,Speeding,2way,0.0,40,5G,-87,65.0,-8.0,0.0097998878639533,40.320962650667894,21.790050607476264,Normal
User_20,2025-06-20 14:35:51,0.686,0.6704,Walking,Ligeris,Reckless_Driving,2way,1.0,10,5G,-90,71.0,-9.0,0.0070488546782445,40.28019082475351,21.75315789603177,Normal
User_24,2025-06-20 16:12:56,0.508,0.5725,Running,Zep,Reckless_Driving,1way,1.0,10,3G,-76,38.0,0.0,0.0058639789316674,40.27986355347652,21.75251785237672,Normal
User_63,2025-06-20 16:28:12,0.408,0.5614,Running,Koila,Driving_Under_Influence,2way,0.0,70,5G,-82,48.0,14.0,0.0068527986941461,40.32071472771472,21.791889777510516,Normal
User_68,2025-06-20 20:54:17,0.508,0.6565,Walking,Zep,Reckless_Driving,2way,1.0,90,WiFi,-73,35.0,15.0,0.0035835640143959,40.27865071342751,21.75462436496494,Normal
User_21,2025-06-20 21:54:35,0.64,0.5725,Driving,Zep,Speeding,1way,4.0,20,3G,-117,32.0,12.0,0.0057271729697465,40.27916152365418,19.056875,Normal
User_90,2025-06-21 00:54:31,0.522,0.4074,Running,Ligeris,Reckless_Driving,2way,2.0,40,3G,Ethernet,45.0,7.0,0.0055649682919971,40.306741551085665,21.808141766350428,Normal
User_63,2025-06-21 03:58:04,0.408,0.5624,Walking,Ligeris,Speeding,2way,1.0,40,WiFi,-55,84.0,-2.0,0.0041694625312302,40.306190268053946,21.807831210936747,Normal
User_19,2025-06-21 05:31:20,0.384,0.6823,Running,Ligeris,Reckless_Driving,2way,5.0,40,4G,Ethernet,50.0,0.0,0.0057271729697465,40.30712040948747,17.537311,Normal
User_26,2025-06-21 10:19:05,0.642,0.4992,Running,Ligeris,Reckless_Driving,4way,0.0,40,WiFi,-75,49.0,5.0,0.0031623688613853,40.30622692377462,21.807391253657332,Normal
User_21,2025-06-21 10:35:50,0.64,0.5725,Driving,Ligeris,Speeding,4way,0.0,30,3G,-114,25.0,-6.0,0.0057271729697465,40.30595252957111,21.807373397671924,Normal
User_54,2025-06-21 12:51:14,0.508,0.4901,Walking,Zep,Driving_Under_Influence,1way,1.0,50,4G,-86,10.0,-7.0,0.0041819387571612,40.30622692377462,21.75151924006384,Normal
User_16,2025-06-21 14:24:23,0.438,0.4689,Driving,Zep,Speeding,1way,150.0,40,3G,-97,7.0,0.0,0.006727250656914,40.30622692377462,21.755320779992264,Normal
User_09,2025-06-21 17:49:58,0.508,0.7218,Walking,Koila,Speeding,1way,1.0,40,3G,-76,85.0,4.0,0.0099275682121499,40.30622692377462,21.79186865778904,Normal
User_68,2025-06-21 19:44:23,0.736,0.6585,Running,Koila,Reckless_Driving,2way,1.0,80,4G,Ethernet,94.0,12.0,0.0082045745696865,40.32368703047956,21.7917329230606,Normal
User_36,2025-06-21 19:58:06,0.394,0.5725,Driving,Ligeris,Reckless_Driving,2way,0.0,10,4G,-97,50.0,9.0,0.0022619033727583,40.306644578686665,21.80795658347756,Normal
User_05,2025-06-22 02:22:34,0.311,0.4988,Running,Koila,Driving_Under_Influence,2way,1.0,30,WiFi,-82,48.0,0.0,0.0050955748287758,41.512089,21.791258825989416,Normal
User_03,2025-06-22 09:10:18,0.381,0.5365,Walking,Koila,Reckless_Driving,2way,1.0,40,WiFi,-62,42.0,12.0,0.0025976035030997,40.32264975212171,21.78936719185097,Normal
User_37,2025-06-22 09:11:17,0.528,0.6809,Walking,Ligeris,Speeding,2way,0.0,20,3G,-101,79.0,15.0,0.0057271729697465,40.30642211849526,21.80548808003861,Normal
User_56,2025-06-22 12:06:47,0.419,0.5216,Running,Ligeris,Reckless_Driving,6way,0.0,100,4G,-73,-34.0,0.0,0.0092596461965194,40.30683625736151,21.80691672495869,Intentional
User_58,2025-06-22 16:59:27,0.508,0.477,Walking,Ligeris,Speeding,2way,1.0,40,5G,Ethernet,72.0,-1.0,0.0097046991857389,40.30782540539416,21.80798170596688,Normal
User_81,2025-06-22 17:50:16,0.482,0.5924,Walking,Ligeris,Driving_Under_Influence,2way,1.0,20,3G,-51,37.0,-9.0,0.0044068290751494,40.30579686056348,19.013677,Normal
User_27,2025-06-22 18:57:21,0.319,0.6576,Running,Ligeris,Speeding,4way,1.0,40,WiFi,Ethernet,5.0,11.0,0.0068812743658025,40.30622692377462,21.789738156838418,Normal
User_17,2025-06-22 20:44:33,0.383,0.3702,Walking,Ligeris,Speeding,2way,1.0,40,5G,-73,48.0,-14.0,0.0099432394761013,40.30629434538566,21.80645275141435,Normal
User_62,2025-06-23 00:11:39,0.346,0.5983,Walking,Zep,Reckless_Driving,1way,1.0,60,WiFi,-71,94.0,0.0,0.0031652952834709,40.279046758235054,21.75298127664904,Normal
User_95,2025-06-23 01:57:09,0.739,0.4353,Walking,Spinari,Speeding,2way,0.0,40,3G,-95,64.0,-3.0,0.0042029018655598,40.279430339467446,21.751680149387333,Intentional
User_93,2025-06-23 03:10:22,0.418,0.4491,Walking,Koila,Driving_Under_Influence,1way,140.0,30,WiFi,-87,58.0,-9.0,0.0051725847086489,40.32110312884417,21.791258825989416,Normal
User_48,2025-06-23 06:15:18,0.611,0.5725,Walking,Koila,Driving_Under_Influence,5way,0.0,30,WiFi,Satellite,13.0,-4.0,0.0039327859352075,40.321771911318685,21.79297739647007,Intentional
User_94,2025-06-23 09:25:28,0.648,0.5725,Walking,Zep,Speeding,2way,0.0,80,5G,-75,74.0,1.0,0.0057271729697465,40.27863833946889,21.752572703492444,Normal
User_97,2025-06-23 09:32:01,0.296,0.7029,Running,Zep,Driving_Under_Influence,2way,0.0,10,3G,-88,46.0,8.0,0.0057271729697465,40.28059938676475,21.753495590378737,Normal
User_80,2025-06-23 21:26:32,0.313,0.5725,Flying,Ligeris,Speeding,1way,0.0,40,3G,Ethernet,18.0,7.0,0.0090109914726852,40.30622692377462,21.791258825989416,Intentional
User_03,2025-06-23 22:18:11,0.381,0.5395,Walking,Center,Driving_Under_Influence,2way,2.0,40,3G,-113,39.0,12.0,0.0066901697103825,40.28028886896987,21.75152317516289,Intentional
User_85,2025-06-24 07:35:02,0.572,0.7452,Walking,Zep,Reckless_Driving,2way,140.0,50,3G,Ethernet,2.0,-9.0,0.0065059021934481,38.735945,21.752855694507183,Normal
User_41,2025-06-24 09:02:31,0.251,0.6095,Swimming,Zep,Speeding,1way,0.0,30,3G,-86,36.0,3.0,0.0067220941743121,40.27895882669535,21.754168517565375,Intentional
User_48,2025-06-24 09:04:53,0.611,0.5683,Walking,Zep,Driving_Under_Influence,1way,1.0,50,3G,-119,92.0,-8.0,0.0058149877916951,40.28036519477356,21.754640264388943,Normal
User_72,2025-06-24 09:28:28,0.697,0.5725,Running,Ligeris,Speeding,1way,0.0,90,3G,-114,29.0,14.0,0.009438103119734,40.30687910368216,21.807901669705693,Normal
User_19,2025-06-24 10:14:23,0.384,0.6883,Driving,Spinari,Driving_Under_Influence,2way,2.0,70,4G,-88,48.0,-11.0,0.0029429416920494,40.30507876930217,21.791258825989416,Intentional
User_30,2025-06-24 12:38:27,0.577,0.6155,Walking,Ligeris,Reckless_Driving,2way,0.0,60,3G,-79,100.0,7.0,0.0020947032381311,40.305858835914194,21.806835810558884,Normal
User_31,2025-06-24 13:25:00,0.72,0.5989,Walking,Zep,Driving_Under_Influence,2way,0.0,50,4G,-101,48.0,-22.0,0.0098254481910584,40.27981118531056,21.791258825989416,Unintentional
User_83,2025-06-24 13:38:58,0.453,0.6395,Walking,Zep,Driving_Under_Influence,2way,2.0,20,5G,-97,27.0,-7.0,0.008319781717331,40.27908294767052,21.791258825989416,Normal
User_33,2025-06-24 15:37:35,0.486,0.5725,Walking,Zep,Reckless_Driving,2way,1.0,10,3G,-119,3.0,21.0,0.0080888680308641,40.27954184942386,21.791258825989416,Unintentional
User_21,2025-06-24 18:23:15,0.64,0.7115,Driving,Ligeris,Driving_Under_Influence,2way,1.0,30,WiFi,-78,58.0,1.0,0.0051738635302898,40.3063524976442,21.80726711111805,Normal
User_28,2025-06-25 03:28:00,0.561,0.4525,Walking,Zep,Driving_Under_Influence,2way,0.0,50,5G,-71,88.0,9.0,0.0037608630049709,40.27814829151378,21.791258825989416,Normal
User_56,2025-06-25 04:52:53,0.419,0.5266,Driving,Zep,Reckless_Driving,2way,0.0,10,3G,Ethernet,94.0,12.0,0.0057271729697465,40.28016168129794,21.75258722782871,Normal
User_62,2025-06-25 08:52:15,0.346,0.5725,Walking,Ligeris,Speeding,2way,0.0,50,3G,Ethernet,87.0,-2.0,0.0097640620586988,40.30624950690633,21.80719419772848,Normal
User_76,2025-06-25 14:30:03,0.349,0.7256,Running,Koila,Speeding,2way,0.0,50,4G,-113,63.0,-4.0,0.0020960558812278,40.32206383821778,21.789001692139937,Normal
User_86,2025-06-25 17:46:17,0.63,0.6193,Running,Ligeris,Speeding,1way,1.0,70,3G,-80,88.0,-1.0,0.0019297749873633,40.30579433484207,21.805239781226927,Normal
User_89,2025-06-25 20:00:19,0.508,0.6583,Walking,Zep,Speeding,6way,0.0,50,4G,-110,54.0,-15.0,0.037,40.2785076651207,21.752833236391417,Intentional
User_91,2025-06-25 20:46:28,0.409,0.5725,Walking,Koila,Speeding,2way,5.0,50,WiFi,-65,46.0,4.0,0.0013037258011932,40.322210687726745,21.790602826856432,Normal
User_23,2025-06-26 04:01:47,0.669,0.7166,Walking,Ligeris,Driving_Under_Influence,2way,2.0,90,5G,-70,57.0,0.0,0.0024563724309807,40.30622692377462,21.809222513461545,Normal
User_94,2025-06-26 04:15:29,0.648,0.4158,Driving,Ligeris,Reckless_Driving,2way,2.0,20,4G,-74,25.0,-6.0,0.0057271729697465,40.30544504084866,21.80944646115339,Normal
User_98,2025-06-26 13:31:51,0.553,0.5979,Running,Ligeris,Speeding,1way,4.0,20,3G,-112,64.0,-14.0,0.0091723014383314,40.27976939535658,21.75292894699637,Normal
User_90,2025-06-26 14:49:59,0.522,0.5725,Walking,Koila,Reckless_Driving,1way,0.0,50,4G,-90,85.0,-11.0,0.0020237830936471,40.30622692377462,21.79080552292448,Normal
User_87,2025-06-26 18:41:03,0.374,0.5725,Driving,Koila,Speeding,4way,1.0,60,3G,-76,5.0,10.0,0.0066049336537565,40.32215046525699,21.79097530510609,Normal
User_34,2025-06-26 19:55:13,0.401,0.5356,Driving,Koila,Speeding,2way,1.0,60,5G,Ethernet,9.0,-12.0,0.0082452104987076,40.32095331447781,21.791258825989416,Normal
User_77,2025-06-26 20:23:50,0.347,0.4936,Walking,Ligeris,Driving_Under_Influence,1way,1.0,60,5G,-105,80.0,-14.0,0.0031716845172286,40.30622692377462,17.863826,Normal
User_09,2025-06-26 21:38:19,0.377,0.5725,Walking,Ligeris,Speeding,2way,1.0,90,3G,Ethernet,33.0,9.0,0.0080978937643505,40.30682925849781,21.791258825989416,Normal
User_81,2025-06-26 22:49:46,0.508,0.6014,Running,Zep,Speeding,4way,1.0,40,5G,-73,31.0,15.0,0.0057038804509978,40.278973476191766,21.791258825989416,Normal
User_49,2025-06-27 01:36:58,0.483,0.461,Walking,Koila,Driving_Under_Influence,6way,0.0,70,3G,-81,27.0,0.0,0.0036657566746016,40.32167807783078,21.78974641037357,Intentional
User_19,2025-06-27 03:05:13,0.384,0.6933,Walking,Zep,Speeding,1way,3.0,40,WiFi,-66,33.0,-16.0,0.0089607584293613,40.30622692377462,21.75280394364492,Normal
User_03,2025-06-27 03:45:14,0.381,0.5725,Running,Koila,Speeding,2way,150.0,20,103,Ethernet,8.0,5.0,0.0083424766458955,40.32167662157849,21.791731175919484,Normal
User_08,2025-06-27 05:56:30,0.325,0.7316,Driving,Zep,Reckless_Driving,2way,0.0,40,3G,Ethernet,14.0,0.0,0.0014948503437927,40.27970666794539,21.752679406028413,Normal
User_70,2025-06-27 09:09:47,0.359,0.6892,Flying,Zep,Speeding,2way,0.0,10,3G,-70,48.0,3.0,0.0016479451513733,40.279523355472485,21.75322423586811,Intentional
User_44,2025-06-27 12:47:19,0.332,0.4577,Driving,Zep,Speeding,2way,2.0,50,WiFi,-62,59.0,0.0,0.0073757369525366,40.27859574824208,21.791258825989416,Normal
User_79,2025-06-27 13:02:17,0.508,0.3956,Running,Ligeris,Speeding,4way,0.0,30,3G,-90,12.0,-14.0,0.0099946271751244,40.2802854831631,21.791258825989416,Normal
User_92,2025-06-27 17:25:47,0.611,0.7381,Running,Koila,Reckless_Driving,2way,0.0,70,WiFi,-61,74.0,7.0,0.0041901734296324,40.32139774389037,21.789345901510416,Normal
User_20,2025-06-27 17:49:58,0.686,0.6834,Running,Ligeris,Driving_Under_Influence,2way,1.0,40,WiFi,-50,77.0,0.0,0.024,40.3060790821263,21.80758633510265,Unintentional
User_81,2025-06-27 19:15:06,0.482,0.6034,Running,Ligeris,Speeding,2way,0.0,80,3G,Ethernet,48.0,7.0,0.0057271729697465,40.30589263019618,21.806593561198568,Normal
User_80,2025-06-27 20:22:35,0.313,0.5685,Swimming,Zep,Speeding,4way,0.0,70,5G,-112,-49.0,10.0,0.0057271729697465,40.2795217398187,21.75325293182041,Intentional
User_99,2025-06-27 22:27:55,0.618,0.5623,Driving,Ligeris,Speeding,6way,0.0,20,3G,-108,81.0,11.0,0.0085122709126821,40.30618726237569,21.805460897101774,Intentional
User_54,2025-06-28 00:06:42,0.508,0.5031,Driving,Zep,Speeding,4way,1.0,40,3G,-110,11.0,25.0,0.0069950099878959,40.279556599769585,21.753162130043737,Unintentional
User_50,2025-06-28 00:29:07,0.477,0.6837,Running,Zep,Driving_Under_Influence,2way,0.0,30,WiFi,-89,5.0,-2.0,0.0099576535690091,40.27967981966441,21.75282810644265,Normal
User_32,2025-06-28 01:51:07,0.508,0.6578,Driving,Ligeris,Speeding,2way,0.0,40,4G,-74,8.0,11.0,0.0090993946210374,40.30622692377462,21.791258825989416,Normal
User_24,2025-06-28 02:23:03,0.7,0.581,Running,Ligeris,Speeding,1way,1.0,90,WiFi,-71,43.0,-8.0,0.0012595670577852,40.30611623304151,21.808056424351644,Normal
User_13,2025-06-28 02:58:34,0.657,0.4889,Running,Koila,Speeding,1way,0.0,20,3G,-80,95.0,-7.0,0.0045642289052582,40.32249910290195,21.791258825989416,Normal
User_07,2025-06-28 03:29:22,0.319,0.611,Driving,Koila,Speeding,1way,3.0,20,3G,Ethernet,52.0,9.0,0.0097161191177261,40.3221163974286,21.79123642200439,Normal
User_83,2025-06-28 04:09:17,0.508,0.5725,Walking,Koila,Reckless_Driving,2way,0.0,50,5G,Ethernet,-133.0,-12.0,0.0014203937589064,40.32158149052831,21.792696356435187,Normal
User_27,2025-06-28 04:28:12,0.319,0.6686,Driving,Koila,Driving_Under_Influence,1way,1.0,Illegal_Parking,5G,-77,48.0,10.0,0.0037764262965112,40.32236435894824,21.793163989438163,Normal
User_08,2025-06-28 07:02:46,0.325,0.7336,Running,Ligeris,Speeding,2way,1.0,40,5G,-100,66.0,-12.0,0.003821334999399,40.30513655275667,19.848412,Normal
User_01,2025-06-28 07:21:01,0.508,0.5725,Running,Ligeris,Driving_Under_Influence,2way,0.0,40,3G,-119,14.0,-8.0,0.0017732502732812,40.27894224125636,21.75479374625076,Normal
User_18,2025-06-28 18:09:38,0.508,0.4994,Running,Ligeris,Reckless_Driving,6way,1.0,60,3G,Satellite,48.0,9.0,0.0044282685653331,40.30785320408585,21.807667323921404,Intentional
User_77,2025-06-28 18:38:29,0.347,0.4976,Walking,Ligeris,Speeding,1way,1.0,40,5G,-117,26.0,-1.0,0.0060783046993677,40.27978046493402,21.751783356208723,Normal
User_56,2025-06-28 18:53:51,0.508,0.5725,Walking,Zep,Reckless_Driving,2way,5.0,40,WiFi,-56,30.0,-14.0,0.0057271729697465,40.27913342543392,21.75273720663538,Normal
User_92,2025-06-28 21:58:17,0.611,0.7401,Driving,Koila,Reckless_Driving,5way,0.0,30,4G,-113,0.0,7.0,0.0041347924203999,40.32209502120092,21.78933651776983,Intentional
User_96,2025-06-29 01:34:30,0.722,0.5725,Driving,Ligeris,Speeding,1way,2.0,40,4G,-77,46.0,10.0,0.0078802039967581,40.30717621538361,21.808081705761374,Normal
User_45,2025-06-29 01:58:05,0.446,0.4165,Running,Ligeris,Speeding,2way,0.0,60,5G,-73,31.0,-12.0,0.0057271729697465,40.30694534344307,21.791258825989416,Normal
User_09,2025-06-29 08:36:44,0.377,0.7368,Driving,Ligeris,Driving_Under_Influence,2way,160.0,40,3G,-88,68.0,15.0,0.0031611855976662,40.304801818495115,21.807098232959163,Normal
User_58,2025-06-29 10:36:42,0.508,0.492,Flying,Ligeris,Driving_Under_Influence,2way,4.0,50,WiFi,Ethernet,48.0,-14.0,0.0093212797654368,40.30650849040376,21.807290088736153,Intentional
User_24,2025-06-29 13:12:41,0.7,0.5725,Driving,Koila,Reckless_Driving,2way,1.0,60,WiFi,-53,-36.0,-11.0,0.0031519256730429,40.32087134173734,21.79140286776863,Normal
User_56,2025-06-29 20:32:36,0.419,0.5356,Driving,Koila,Speeding,2way,3.0,40,3G,-118,48.0,-1.0,0.0025440854996214,40.32211740047228,21.790821335793694,Normal
User_04,2025-06-29 20:42:02,0.295,0.5725,Driving,Zep,Driving_Under_Influence,2way,2.0,50,5G,-100,96.0,2.0,0.0047478147560255,40.27897286928409,21.75296543387875,Normal
User_48,2025-06-29 23:33:58,0.611,0.5725,Running,Koila,Speeding,2way,0.0,40,4G,-109,30.0,3.0,0.0051812627298306,40.3221248413274,21.79144481033035,Normal
User_93,2025-06-30 08:38:27,0.418,0.4631,Driving,Ligeris,Reckless_Driving,1way,0.0,80,WiFi,-69,35.0,0.0,0.0011532688563182,40.27940305104542,21.791258825989416,Normal
User_58,2025-06-30 08:39:41,0.669,0.493,Walking,Koila,Speeding,4way,0.0,40,4G,-91,81.0,7.0,0.0065607926917381,40.32216749768579,21.79148476826403,Normal
User_13,2025-06-30 10:36:46,0.657,0.5725,Driving,Zep,Speeding,1way,4.0,10,4G,-79,60.0,-3.0,0.0032638588253478,40.27880360392828,21.75455995603051,Normal
User_03,2025-06-30 14:56:29,0.381,0.5535,Running,Zep,Reckless_Driving,1way,0.0,80,3G,Ethernet,52.0,7.0,0.0071331874395674,40.27913870254235,21.791258825989416,Normal
User_90,2025-06-30 18:00:30,0.522,0.4264,Running,Zep,Driving_Under_Influence,4way,0.0,80,WiFi,-68,18.0,-10.0,0.0031039201541558,40.27943427614028,21.753587893694153,Normal
User_40,2025-06-30 21:30:43,0.498,0.6157,Driving,Koila,Speeding,1way,0.0,60,5G,-120,74.0,0.0,0.0088916637335857,40.32223719008165,21.79111430253854,Normal
User_10,2025-07-01 03:38:29,0.719,0.6823,Running,Zep,Reckless_Driving,2way,0.0,30,WiFi,-61,47.0,0.0,0.0057271729697465,40.279559239778386,21.753204311768968,Normal
User_77,2025-07-01 05:29:19,0.347,0.5026,Running,Koila,Speeding,2way,0.0,60,4G,-98,40.0,-1.0,0.0057271729697465,40.32256548034705,21.792360032358772,Normal
User_57,2025-07-01 12:09:28,0.733,0.4804,Walking,Koila,Reckless_Driving,2way,5.0,70,4G,-104,96.0,-12.0,0.031,40.321592830977885,21.791011812909105,Unintentional
User_35,2025-07-01 13:04:35,0.379,0.5696,Walking,Ligeris,Reckless_Driving,4way,0.0,20,4G,-94,52.0,-2.0,0.0047609449905867,40.30614730573516,21.8079531406322,Normal
User_94,2025-07-01 20:01:48,0.648,0.4268,Running,Zep,Speeding,2way,0.0,30,5G,Satellite,27.0,7.0,0.0037931771046524,40.280101580880356,21.75329924122458,Normal
User_33,2025-07-01 20:50:31,0.486,0.5036,Running,Koila,Speeding,2way,0.0,70,4G,-74,27.0,-9.0,0.0056091119060194,40.32222747039725,21.791258825989416,Normal
User_06,2025-07-01 21:25:07,0.614,0.7363,Running,Ligeris,Driving_Under_Influence,4way,3.0,80,5G,-84,29.0,16.0,0.0075267347287461,40.32196827956113,21.79306334259128,Normal
User_45,2025-07-02 00:50:45,0.508,0.4225,Walking,Zep,Driving_Under_Influence,5way,0.0,10,3G,-68,57.0,0.0,0.0056156516942224,40.27929207132818,21.791258825989416,Intentional
User_03,2025-07-02 08:06:04,0.508,0.5565,Running,Ligeris,Reckless_Driving,6way,1.0,10,5G,-99,-36.0,4.0,0.0057271729697465,40.30622692377462,21.791258825989416,Intentional
User_69,2025-07-02 08:09:03,0.289,0.5146,Walking,Ligeris,Reckless_Driving,2way,0.0,80,5G,-81,46.0,-15.0,0.0027967698648622,40.30622692377462,21.791258825989416,Normal
User_48,2025-07-02 14:51:28,0.611,0.5725,Walking,Center,Speeding,2way,2.0,60,WiFi,-86,59.0,-10.0,0.0041949048106301,40.30651149103531,21.809010606850112,Intentional
User_21,2025-07-02 17:45:35,0.64,0.5725,Driving,Center,Driving_Under_Influence,2way,1.0,40,3G,-94,70.0,-6.0,0.0017341396961131,40.32253836499093,21.790959689237724,Intentional
User_86,2025-07-02 19:44:51,0.63,0.6333,Running,Ligeris,Driving_Under_Influence,2way,0.0,20,3G,-102,57.0,3.0,0.006687851394917,40.30612770249262,21.8072970844605,Normal
User_78,2025-07-02 20:02:12,0.508,0.4656,Swimming,Zep,Reckless_Driving,4way,0.0,20,3G,-96,48.0,10.0,0.0018863610277974,40.27955680039771,21.754990916391023,Intentional
User_55,2025-07-03 03:09:36,0.508,0.4418,Walking,Koila,Speeding,2way,1.0,40,4G,-111,26.0,8.0,0.045,40.3234184080456,21.791258825989416,Unintentional
User_47,2025-07-03 07:35:01,0.636,0.5001,Running,Ligeris,Speeding,2way,1.0,40,5G,-75,54.0,-7.0,0.0016635690103352,40.30511051259443,21.80690361330804,Normal
User_18,2025-07-03 09:49:17,0.271,0.5094,Running,Zep,Speeding,4way,1.0,30,4G,-119,86.0,0.0,0.0057369069869365,40.27925177396289,21.7526169201219,Normal
User_37,2025-07-03 14:08:02,0.528,0.7039,Walking,Zep,8,1way,0.0,40,5G,-97,48.0,1.0,0.0081826698152289,40.280238699112665,21.75394007387943,Normal
User_51,2025-07-03 15:02:54,0.708,0.7139,Driving,Zep,Reckless_Driving,1way,1.0,70,3G,-91,52.0,4.0,0.0022723533255873,40.27901867037296,21.752120307126113,Normal
User_90,2025-07-03 20:07:16,0.522,0.4324,Running,Ligeris,Speeding,1way,0.0,80,3G,Satellite,15.0,-16.0,0.0057271729697465,40.30516877852468,21.80820842389398,Normal
User_76,2025-07-03 20:18:18,0.349,0.7416,Walking,Ligeris,Speeding,1way,0.0,70,5G,Ethernet,55.0,2.0,0.0037779856518416,40.30742206201361,21.791258825989416,Normal
User_78,2025-07-04 02:03:52,0.64,0.5725,Running,Ligeris,Driving_Under_Influence,2way,160.0,30,119,-82,48.0,9.0,0.0057271729697465,40.30593748418654,21.80658922392569,Normal
User_52,2025-07-04 09:12:46,0.508,0.7059,Running,Zep,Driving_Under_Influence,2way,0.0,30,4G,-93,68.0,-10.0,0.0057271729697465,40.278510257609966,21.75205371947066,Normal
User_20,2025-07-04 09:38:39,0.686,0.6974,Walking,Ligeris,Speeding,4way,1.0,50,WiFi,-84,22.0,-8.0,0.0079133564565937,40.30622617737628,21.807149736529308,Normal
User_96,2025-07-04 12:14:14,0.722,0.5725,Driving,Ligeris,Speeding,2way,1.0,50,5G,-111,47.0,4.0,0.0027897187236818,40.30593635799875,21.80718543350095,Normal
User_13,2025-07-04 12:17:18,0.508,0.5009,Walking,Koila,Reckless_Driving,2way,1.0,30,3G,-111,-24.0,6.0,0.0086901371722827,40.322852274466456,21.791209147565553,Normal
User_42,2025-07-04 13:58:23,0.577,0.6342,Walking,Zep,Reckless_Driving,2way,1.0,10,5G,-95,4.0,15.0,0.0073660820598826,40.280736633296286,21.791258825989416,Normal
User_51,2025-07-04 14:06:34,0.708,0.7149,Flying,Koila,Speeding,2way,1.0,40,3G,-112,95.0,13.0,0.0010194790340068,40.32205052332445,23.067286,Intentional
User_31,2025-07-04 14:39:36,0.72,0.6199,Walking,Koila,Driving_Under_Influence,1way,3.0,40,4G,-110,14.0,-2.0,0.0057271729697465,40.32240952347552,21.79158007887385,Normal
User_91,2025-07-04 18:39:27,0.409,0.4372,Driving,Koila,Speeding,4way,1.0,30,4G,-84,17.0,9.0,0.0021083150575941,40.32219498378863,21.792417175361734,Normal
User_41,2025-07-04 20:54:11,0.508,0.6305,Walking,Ligeris,Speeding,2way,1.0,10,3G,-112,48.0,-3.0,0.009022347406586,40.27940819024811,21.753362684216555,Normal
User_79,2025-07-04 21:37:05,0.426,0.4086,Running,Koila,Driving_Under_Influence,1way,0.0,60,3G,Ethernet,48.0,-6.0,0.0041698950529953,40.32207413111307,21.791237627229748,Normal
User_25,2025-07-05 00:34:11,0.627,0.5725,Walking,Ligeris,Speeding,2way,1.0,40,3G,-87,64.0,-11.0,0.0093698839218429,40.30622692377462,21.791258825989416,Normal
User_52,2025-07-05 09:25:21,0.399,0.5725,Running,Zep,Speeding,1way,0.0,90,5G,-91,55.0,3.0,0.0072142676402977,40.279356409639384,21.791258825989416,Normal
User_59,2025-07-05 09:37:09,0.696,0.7398,Running,Ligeris,Reckless_Driving,2way,1.0,10,104,-80,76.0,1.0,0.0081163457676097,40.30684333923199,21.808470090129283,Normal
User_32,2025-07-05 10:08:36,0.694,0.6718,Walking,Koila,Speeding,2way,0.0,70,WiFi,-64,29.0,-10.0,0.0057271729697465,40.321882829691816,21.791258825989416,Normal
User_76,2025-07-05 12:21:19,0.349,0.7446,Driving,Zep,Speeding,4way,0.0,40,5G,-85,56.0,-3.0,0.002557811690194,40.27997239420641,21.75392339271938,Normal
User_66,2025-07-05 14:46:43,0.325,0.7577,Walking,Zep,Reckless_Driving,4way,1.0,40,WiFi,-82,29.0,-4.0,0.0052241864849581,40.30622692377462,21.75252653367046,Normal
User_74,2025-07-05 15:58:32,0.6,0.5725,Running,Koila,Reckless_Driving,1way,1.0,30,5G,Ethernet,78.0,0.0,0.0074608555116225,40.32065307480551,21.791776442503274,Normal
User_30,2025-07-05 21:38:14,0.577,0.6385,Walking,Zep,Speeding,2way,0.0,30,WiFi,-56,41.0,-10.0,0.0088185868278295,40.30622692377462,21.754269790173048,Normal
User_78,2025-07-05 23:27:42,0.64,0.4716,Walking,Koila,Speeding,2way,1.0,40,5G,Ethernet,77.0,4.0,0.0057271729697465,40.32226267721072,21.78976647215192,Normal
User_37,2025-07-06 01:34:04,0.528,0.7089,Driving,Ligeris,Driving_Under_Influence,2way,0.0,30,4G,-73,53.0,-7.0,0.0025023602449074,40.30603311957363,21.791258825989416,Normal
User_85,2025-07-06 01:34:23,0.572,0.7692,Driving,Ligeris,Reckless_Driving,2way,1.0,30,5G,Ethernet,60.0,8.0,0.0066829758571623,40.30719418980767,21.806141181080623,Normal
User_13,2025-07-06 03:06:46,0.657,0.5049,Running,Ligeris,Driving_Under_Influence,2way,3.0,30,WiFi,-60,67.0,0.0,0.0058280952541168,37.531696,21.80816001718181,Normal
User_72,2025-07-06 04:00:15,0.697,0.4732,Walking,Zep,Driving_Under_Influence,1way,140.0,70,4G,-89,71.0,-7.0,0.0023566035706584,40.30622692377462,21.752954728754126,Normal
User_86,2025-07-06 04:32:25,0.508,0.5725,Driving,Zep,Driving_Under_Influence,4way,0.0,80,4G,-73,51.0,-11.0,0.0057271729697465,40.27904741970669,21.754513137595698,Normal
User_82,2025-07-06 08:27:45,0.499,0.7314,Walking,Koila,Speeding,1way,1.0,70,102,Ethernet,35.0,-13.0,0.0094880513028427,40.32321225690062,21.79059956141321,Normal
User_02,2025-07-06 11:40:26,0.504,0.5588,Driving,Ligeris,Speeding,2way,1.0,Lane_Discards,3G,-105,43.0,17.0,0.0010504541990226,40.30691366956967,21.807788930333604,Unintentional
User_38,2025-07-06 18:20:32,0.448,0.5725,Driving,Ligeris,Speeding,4way,0.0,60,5G,Ethernet,62.0,0.0,0.03,40.304894479000275,21.80627643456174,Unintentional
User_56,2025-07-06 21:03:57,0.419,0.5486,Walking,Koila,Reckless_Driving,1way,1.0,90,5G,Ethernet,86.0,11.0,0.0028065120823168,40.32297282005801,21.791849347632517,Normal
User_05,2025-07-07 08:44:03,0.311,0.5288,Driving,Spinari,Driving_Under_Influence,2way,2.0,40,110,-85,24.0,0.0,0.002724707919531,40.322091505283765,21.79129392763056,Intentional
User_73,2025-07-07 09:30:36,0.676,0.5725,Running,Ligeris,Speeding,1way,2.0,40,3G,-76,65.0,-2.0,0.0047169225541146,40.30664286779693,21.80867999511877,Normal
User_58,2025-07-07 09:42:05,0.669,0.5725,Driving,Center,Speeding,2way,0.0,20,5G,Ethernet,9.0,-8.0,0.0026272164010373,40.278362775730265,21.751952197532113,Intentional
User_99,2025-07-07 12:54:02,0.618,0.5813,Running,Ligeris,Reckless_Driving,2way,0.0,Illegal_Parking,3G,-67,76.0,-9.0,0.0033688866722936,40.30622692377462,21.75315419311276,Normal
User_15,2025-07-07 14:13:08,0.585,0.4074,Running,Zep,Driving_Under_Influence,2way,0.0,50,3G,-74,78.0,6.0,0.0057271729697465,40.30622692377462,21.752706472399108,Normal
User_65,2025-07-07 15:02:11,0.578,0.5725,Running,Ligeris,Reckless_Driving,1way,0.0,40,3G,-105,57.0,10.0,0.0060865750345739,40.30630860571434,21.8074971663972,Normal
User_32,2025-07-07 15:42:44,0.694,0.5725,Walking,Koila,Reckless_Driving,2way,0.0,90,WiFi,-68,48.0,-12.0,0.0057271729697465,40.32209934937526,21.791207439158654,Normal
User_27,2025-07-07 21:08:46,0.508,0.6876,Walking,Ligeris,Reckless_Driving,1way,0.0,40,5G,-89,61.0,-2.0,0.0013995738122511,40.30656169969746,21.791258825989416,Normal
User_02,2025-07-07 21:50:56,0.504,0.5608,Walking,Koila,Speeding,2way,1.0,50,4G,-104,73.0,7.0,0.0064956672178575,40.32247355732447,21.790095803371713,Normal
User_64,2025-07-07 22:20:37,0.257,0.5725,Driving,Ligeris,Speeding,2way,1.0,30,WiFi,-83,73.0,7.0,0.0070771211184332,40.30622692377462,21.808328651872458,Normal
User_18,2025-07-08 01:50:36,0.271,0.5194,Walking,Zep,Speeding,2way,1.0,40,WiFi,Ethernet,87.0,16.0,0.0092053688484841,40.27955293240612,21.752447331582367,Normal
User_43,2025-07-08 02:21:38,0.255,0.5725,Driving,Zep,Driving_Under_Influence,2way,1.0,80,3G,-92,32.0,0.0,0.0030803939434305,40.27908724434498,21.752148760268327,Normal
User_58,2025-07-08 07:05:07,0.669,0.5725,Driving,Ligeris,Reckless_Driving,1way,0.0,10,3G,-98,26.0,11.0,0.0070990604804055,40.30688497954225,21.807146324377833,Normal
User_78,2025-07-08 10:00:21,0.64,0.4776,Running,Zep,Speeding,2way,0.0,40,4G,Ethernet,19.0,15.0,0.0015712388987353,40.27917789397004,21.75301987605523,Normal
User_23,2025-07-08 11:51:51,0.669,0.5725,Driving,Zep,Speeding,1way,0.0,30,110,-98,26.0,-1.0,0.0018748242317199,40.27979303143269,21.791258825989416,Normal
User_69,2025-07-08 13:59:08,0.289,0.5276,Walking,Koila,Reckless_Driving,2way,0.0,70,WiFi,Ethernet,50.0,16.0,0.007593529537927,40.32364718916262,21.790552926857476,Normal
User_99,2025-07-08 14:15:36,0.618,0.5833,Driving,Zep,Speeding,2way,1.0,10,WiFi,-53,11.0,25.0,0.0029777887153816,40.27956718889643,21.75321524769731,Unintentional
User_94,2025-07-08 14:52:56,0.508,0.4398,Driving,Ligeris,Driving_Under_Influence,4way,1.0,60,119,-70,76.0,0.0,0.0094018356410274,40.306889919912784,21.806729135263648,Normal
User_96,2025-07-08 17:22:55,0.508,0.3916,Running,Ligeris,Speeding,2way,1.0,70,4G,-111,52.0,10.0,0.0090790495025545,40.3070426647286,21.791258825989416,Normal
User_07,2025-07-08 17:30:14,0.319,0.632,Driving,Ligeris,Speeding,1way,0.0,130,4G,-93,48.0,-18.0,0.0064133979467621,40.306232335972986,21.805228395560388,Unintentional
User_50,2025-07-08 21:19:48,0.508,0.5725,Flying,Zep,Speeding,4way,3.0,40,3G,-73,89.0,-13.0,0.0040295251739511,40.30622692377462,23.501012,Intentional
User_06,2025-07-08 22:08:21,0.614,0.7503,Driving,Koila,Speeding,2way,2.0,40,WiFi,-54,18.0,0.0,0.0011397391074896,40.32208980128153,21.791258825989416,Normal
User_08,2025-07-09 00:31:37,0.508,0.7546,Walking,Koila,Speeding,2way,4.0,40,WiFi,-83,10.0,-6.0,0.0011452680137157,40.32109571636094,21.792247618223417,Normal
User_21,2025-07-09 02:38:58,0.64,0.7405,Running,Ligeris,Reckless_Driving,1way,1.0,10,3G,-76,30.0,-7.0,0.0057271729697465,40.30698620876557,21.80677626288297,Normal
User_67,2025-07-09 03:42:50,0.557,0.5606,Walking,Koila,8,4way,1.0,50,5G,-119,10.0,-14.0,0.0090481019610328,40.30622692377462,21.79126403546898,Normal
User_81,2025-07-09 08:28:51,0.508,0.5725,Running,Ligeris,Driving_Under_Influence,6way,0.0,50,3G,-91,44.0,-14.0,0.0037617733228581,40.278517907499506,21.75271700083395,Intentional
User_19,2025-07-09 13:11:36,0.384,0.7183,Driving,Ligeris,Reckless_Driving,1way,1.0,30,WiFi,-56,48.0,-9.0,0.0096725787577536,40.30622692377462,21.807956235608167,Normal
User_16,2025-07-09 16:00:22,0.438,0.5039,Driving,Ligeris,Speeding,1way,0.0,50,WiFi,Satellite,44.0,-10.0,0.0057271729697465,40.30578746361668,21.808960294928777,Normal
User_02,2025-07-09 17:16:47,0.504,0.5648,Driving,Koila,Reckless_Driving,1way,4.0,50,WiFi,-76,83.0,14.0,0.037,40.32250415433344,21.78917268772699,Unintentional
User_23,2025-07-09 20:17:59,0.669,0.5725,Running,Ligeris,Driving_Under_Influence,6way,1.0,40,3G,Satellite,93.0,-9.0,0.0096269607287403,40.30686728287465,21.808256657733036,Intentional
User_98,2025-07-09 22:39:47,0.553,0.6239,Walking,Koila,Speeding,2way,0.0,40,WiFi,-87,27.0,14.0,0.0057271729697465,40.32167209790235,21.79036889703547,Normal
User_95,2025-07-09 23:29:55,0.739,0.4683,Walking,Ligeris,Driving_Under_Influence,2way,0.0,40,5G,-97,37.0,0.0,0.0012445706684399,40.30585991376754,21.8070815351855,Normal
User_63,2025-07-10 04:59:18,0.408,0.5725,Running,Zep,Speeding,2way,2.0,80,3G,Ethernet,99.0,0.0,0.0057271729697465,40.28043241786033,21.752355542020585,Normal
User_16,2025-07-10 06:16:03,0.438,0.5069,Walking,Zep,Driving_Under_Influence,4way,0.0,20,4G,-79,98.0,-9.0,0.0042076811868578,40.30622692377462,21.791258825989416,Normal
User_84,2025-07-10 07:40:38,0.508,0.5576,Driving,Spinari,Speeding,1way,1.0,80,4G,-114,90.0,2.0,0.0051878908149303,40.32241581611482,21.7905546400404,Intentional
User_22,2025-07-10 17:04:55,0.712,0.5725,Driving,Ligeris,Reckless_Driving,4way,0.0,30,5G,-71,64.0,11.0,0.0077868379651615,40.30562245526571,17.681599,Normal
User_61,2025-07-10 18:09:48,0.261,0.4795,Driving,Koila,Speeding,2way,0.0,40,3G,-89,57.0,-5.0,0.022,40.321500604027264,21.791362075013197,Unintentional
User_18,2025-07-10 21:50:30,0.271,0.5244,Running,Zep,Driving_Under_Influence,2way,1.0,30,4G,-105,51.0,10.0,0.0039622046848914,40.279796434577875,21.75333585290776,Normal
User_20,2025-07-11 07:41:19,0.686,0.7124,Running,Zep,Speeding,1way,1.0,70,5G,-106,48.0,0.0,0.0011860721308716,40.280139827043136,21.754404463029225,Normal
User_28,2025-07-11 08:57:57,0.561,0.4845,Walking,Koila,Driving_Under_Influence,4way,0.0,30,4G,Ethernet,69.0,-15.0,0.0023140134853528,40.3226650078796,21.791399052608313,Normal
User_47,2025-07-11 09:18:40,0.636,0.5161,Walking,Ligeris,Driving_Under_Influence,4way,0.0,10,3G,Ethernet,2.0,0.0,0.0067154933869092,40.30622692377462,21.805635023912227,Normal
User_73,2025-07-11 09:50:48,0.676,0.7398,Running,Zep,Speeding,2way,1.0,40,5G,-73,52.0,0.0,0.0057271729697465,40.27941411134097,21.75228956773047,Normal
User_35,2025-07-11 14:51:54,0.379,0.5896,Walking,Ligeris,Driving_Under_Influence,4way,0.0,70,4G,Ethernet,97.0,0.0,0.0024643480711706,40.305940654347154,21.806509459180017,Normal
User_59,2025-07-11 16:15:04,0.696,0.7508,Driving,Koila,Speeding,2way,0.0,10,4G,-103,48.0,12.0,0.0057271729697465,40.3221830385127,18.649568,Normal
User_34,2025-07-11 23:00:50,0.401,0.5656,Walking,Ligeris,Speeding,4way,0.0,70,WiFi,-81,-157.0,9.0,0.0085605197464201,40.28023495735422,21.753792044113116,Normal
User_44,2025-07-12 09:31:45,0.332,0.4877,Walking,Zep,Speeding,4way,0.0,10,WiFi,-75,80.0,-11.0,0.006297646283754,40.280544227016186,21.753491527867087,Normal
User_68,2025-07-12 20:46:30,0.736,0.7005,Walking,Ligeris,Driving_Under_Influence,2way,1.0,50,5G,-107,2.0,4.0,0.0060287202863253,40.305853099073225,21.80694172015303,Normal
User_85,2025-07-12 23:34:48,0.572,0.5725,Walking,Zep,Reckless_Driving,2way,1.0,30,WiFi,-56,61.0,-10.0,0.0057271729697465,40.27955965693645,21.75323293688517,Normal
User_59,2025-07-13 00:48:35,0.696,0.7548,Driving,Zep,Speeding,2way,0.0,90,3G,-95,12.0,6.0,0.0016175926603854,40.281072804472366,21.75380165318626,Normal
User_28,2025-07-13 02:46:18,0.561,0.4885,Running,Zep,Reckless_Driving,4way,1.0,20,5G,Ethernet,48.0,-2.0,0.0057271729697465,40.27889814375967,21.75317631515786,Normal
User_07,2025-07-13 03:25:17,0.319,0.641,Walking,Ligeris,Speeding,4way,1.0,80,4G,-83,76.0,0.0,0.0060224530309625,40.30697891663624,21.791258825989416,Normal
User_06,2025-07-13 06:48:48,0.614,0.5725,Walking,Ligeris,Reckless_Driving,1way,0.0,60,5G,-97,92.0,-15.0,0.0050325610628339,40.30587695078683,21.80799804157756,Normal
User_15,2025-07-13 08:08:05,0.585,0.4184,Walking,Ligeris,Driving_Under_Influence,4way,2.0,70,3G,-114,26.0,-14.0,0.0085175104762144,40.30553580239771,21.80837300919637,Normal
User_70,2025-07-13 13:44:26,0.359,0.7212,Walking,Ligeris,Speeding,4way,1.0,60,3G,-82,48.0,15.0,0.0051478368402598,40.30563492228697,21.808489756513556,Normal
User_46,2025-07-13 13:50:06,0.621,0.5749,Driving,Zep,Speeding,4way,2.0,50,3G,-103,78.0,0.0,0.0078879206267349,40.30622692377462,21.753252544802944,Normal
User_02,2025-07-13 13:56:39,0.504,0.5718,Walking,Zep,Driving_Under_Influence,2way,1.0,30,WiFi,Ethernet,22.0,-14.0,0.0074315056687885,40.27978315005497,21.75384701474836,Normal
User_48,2025-07-13 15:57:41,0.611,0.6073,Running,Ligeris,Reckless_Driving,1way,1.0,10,3G,Ethernet,96.0,0.0,0.001396619130156,40.3066166363317,21.808100586293204,Normal
User_19,2025-07-13 17:21:21,0.384,0.5725,Running,Zep,Reckless_Driving,1way,1.0,100,3G,-89,28.0,15.0,0.0029203555365881,40.28044418705809,21.75147443701897,Normal
User_68,2025-07-13 20:00:49,0.736,0.7025,Walking,Ligeris,Speeding,2way,2.0,40,4G,-108,54.0,-5.0,0.0090359427138986,40.30699169350901,21.791258825989416,Normal
User_18,2025-07-13 23:21:44,0.271,0.5304,Walking,Ligeris,Speeding,2way,0.0,Harassing_Driver,104,-81,50.0,16.0,0.0054180961768335,40.30649057396818,21.808668517539537,Normal
User_26,2025-07-14 00:18:28,0.642,0.5452,Walking,Zep,Speeding,2way,4.0,40,WiFi,Ethernet,90.0,20.0,0.0066731878619654,40.27780896397082,21.752955246565858,Unintentional
User_89,2025-07-14 01:05:22,0.485,0.5725,Running,Zep,Speeding,2way,1.0,80,WiFi,Ethernet,22.0,-4.0,0.0055316440439463,40.2801374351563,21.752917469020435,Normal
User_94,2025-07-14 01:17:12,0.648,0.5725,Walking,Koila,Driving_Under_Influence,2way,2.0,40,3G,-83,42.0,5.0,0.0096397569447984,40.32226418291908,21.791258825989416,Normal
User_24,2025-07-14 01:32:32,0.7,0.613,Running,Koila,Driving_Under_Influence,2way,1.0,80,4G,-113,85.0,-14.0,0.0034576350312824,40.32097871581163,21.790239566887223,Normal
User_57,2025-07-14 02:05:32,0.508,0.5054,Walking,Zep,Speeding,2way,0.0,50,4G,-80,76.0,-9.0,0.0057271729697465,40.280561034228604,21.753417443136172,Normal
User_72,2025-07-14 02:35:11,0.697,0.4892,Walking,Zep,Reckless_Driving,4way,1.0,30,3G,-119,51.0,-12.0,0.0023117919073369,40.278231698385255,21.75444503162125,Normal
User_04,2025-07-14 03:39:50,0.508,0.4499,Driving,Koila,Speeding,1way,0.0,Harassing_Driver,3G,Ethernet,48.0,-3.0,0.0019409826383483,40.32167586920629,21.791278510512537,Normal
User_27,2025-07-14 04:58:06,0.319,0.7006,Walking,Zep,Reckless_Driving,5way,1.0,40,5G,-114,48.0,13.0,0.0040449604799283,40.28073003211925,21.75403592391732,Intentional
User_76,2025-07-14 06:17:53,0.349,0.7636,Running,Koila,Driving_Under_Influence,1way,2.0,10,WiFi,-79,15.0,-4.0,0.0061643889607526,40.322092711207155,21.791265138682967,Normal
User_97,2025-07-14 07:37:36,0.296,0.7449,Walking,Zep,Reckless_Driving,2way,1.0,40,WiFi,Ethernet,94.0,-12.0,0.006204300465597,40.27941597309152,21.753441587392885,Normal
User_06,2025-07-14 07:38:14,0.614,0.7613,Running,Zep,Reckless_Driving,2way,0.0,Illegal_Parking,5G,-71,54.0,-11.0,0.007622291063552,40.27955824472925,21.7532231388222,Normal
User_44,2025-07-14 07:44:13,0.508,0.4917,Walking,Zep,Speeding,1way,0.0,Harassing_Driver,WiFi,-75,17.0,-8.0,0.00283714516083,40.279133469634985,21.75253142400837,Normal
User_87,2025-07-14 07:47:47,0.374,0.5356,Walking,Ligeris,Driving_Under_Influence,1way,2.0,Harassing_Driver,3G,Ethernet,8.0,-16.0,0.0079904488661952,40.305798237150626,21.806029518047765,Normal
User_03,2025-07-14 07:56:18,0.381,0.5805,Driving,Koila,Driving_Under_Influence,2way,1.0,60,3G,-83,86.0,0.0,0.0059680908962216,40.32274566348607,21.793286739885076,Normal
User_66,2025-07-14 12:41:48,0.325,0.7747,Walking,Koila,Reckless_Driving,2way,0.0,30,3G,Ethernet,69.0,16.0,0.0045195656041587,40.30622692377462,21.790894261875728,Normal
User_17,2025-07-14 15:22:46,0.383,0.4142,Walking,Ligeris,Speeding,2way,0.0,10,4G,-118,58.0,-1.0,0.0086746418330017,40.27806462336801,21.75446992585087,Normal
User_43,2025-07-14 15:40:21,0.255,0.6633,Walking,Ligeris,Driving_Under_Influence,2way,1.0,50,WiFi,-88,86.0,-15.0,0.0077945333637932,40.307292995493576,21.806459919843043,Normal
User_02,2025-07-14 18:41:29,0.504,0.5748,Walking,Ligeris,9,2way,1.0,80,5G,-105,48.0,10.0,0.0029202080707824,40.305960886790984,21.808455317410676,Normal
User_20,2025-07-14 23:06:41,0.686,0.7184,Walking,Ligeris,Reckless_Driving,2way,1.0,50,5G,-120,21.0,-9.0,0.038,40.27997367231442,21.754744862801186,Unintentional
User_72,2025-07-15 00:37:33,0.697,0.4912,Driving,Ligeris,Driving_Under_Influence,2way,3.0,50,WiFi,-85,45.0,1.0,0.0070177663692284,40.30618041892737,21.80924484064616,Normal
User_31,2025-07-15 01:16:14,0.72,0.6409,Walking,Koila,Reckless_Driving,1way,0.0,40,4G,Ethernet,17.0,-16.0,0.0010143279973882,40.3210284699154,21.791258825989416,Normal
User_80,2025-07-15 03:14:15,0.313,0.6045,Running,Koila,Reckless_Driving,2way,1.0,50,WiFi,-69,76.0,0.0,0.0057271729697465,40.322744536560656,21.790976693982486,Normal
User_74,2025-07-15 03:19:15,0.6,0.3985,Walking,Center,Reckless_Driving,4way,0.0,80,5G,-112,77.0,10.0,0.0057271729697465,38.779179,21.79256124377045,Intentional
User_44,2025-07-15 08:55:15,0.332,0.4927,Walking,Zep,Speeding,4way,1.0,20,5G,Ethernet,15.0,-14.0,0.0016928954966083,40.27936707731548,21.752638182330905,Normal
User_27,2025-07-15 18:31:54,0.319,0.7036,Driving,Ligeris,Speeding,1way,1.0,40,WiFi,Ethernet,73.0,-9.0,0.0072070960609081,40.306254300178466,21.807549553722453,Normal
User_84,2025-07-15 19:19:16,0.689,0.5676,Running,Zep,Driving_Under_Influence,2way,0.0,50,3G,-90,-42.0,-9.0,0.0062091573011732,40.30622692377462,21.753939169320255,Normal
User_05,2025-07-15 19:29:06,0.311,0.5448,Swimming,Koila,Reckless_Driving,4way,0.0,20,3G,-65,12.0,0.0,0.0080420384172836,40.30622692377462,21.790970211786277,Intentional
User_36,2025-07-15 19:31:46,0.394,0.7269,Driving,Zep,Reckless_Driving,1way,1.0,80,3G,-78,95.0,-2.0,0.0062479248932603,40.27835218934944,21.752097248713028,Normal
User_78,2025-07-15 19:35:14,0.508,0.4916,Walking,Ligeris,Reckless_Driving,2way,0.0,30,3G,Ethernet,68.0,7.0,0.0029394333277374,40.30622692377462,21.805636825310145,Normal
User_02,2025-07-15 19:38:40,0.508,0.5768,Driving,Koila,Speeding,2way,0.0,40,4G,Satellite,74.0,-15.0,0.0076601362358993,40.30622692377462,21.791245110161046,Normal
User_28,2025-07-15 23:16:17,0.561,0.4935,Driving,Ligeris,Reckless_Driving,2way,0.0,110,3G,-85,13.0,-12.0,0.0096703090455407,40.304697486789046,21.808422052581204,Normal
User_53,2025-07-16 03:40:41,0.364,0.7597,Running,Koila,Speeding,2way,1.0,40,3G,-99,20.0,-12.0,0.0083872359281619,40.322068770811555,17.501208,Normal
User_93,2025-07-16 07:29:34,0.418,0.5725,Running,Ligeris,Reckless_Driving,1way,1.0,50,4G,-118,41.0,-15.0,0.0084910337571993,40.306244014161166,21.791258825989416,Normal
User_55,2025-07-16 09:37:55,0.508,0.4678,Driving,Ligeris,Speeding,2way,0.0,30,5G,-84,48.0,12.0,0.0034844036179783,40.30607001732742,21.807348560527437,Normal
User_21,2025-07-16 12:24:18,0.64,0.7545,Driving,Ligeris,Speeding,1way,0.0,80,4G,-92,48.0,11.0,0.0057271729697465,40.304815846253526,21.80675431108184,Normal
User_40,2025-07-16 14:03:46,0.498,0.6477,Driving,Zep,Speeding,4way,0.0,50,5G,-73,-39.0,0.0,0.0080455555461552,40.2800505103976,21.75240856193254,Normal
User_99,2025-07-16 14:05:39,0.508,0.5993,Running,Ligeris,Driving_Under_Influence,1way,1.0,40,5G,-84,48.0,11.0,0.0057271729697465,40.30622692377462,21.8072579839304,Normal
User_07,2025-07-16 17:33:16,0.319,0.648,Walking,Ligeris,Reckless_Driving,4way,1.0,70,4G,-95,48.0,-12.0,0.0079507923821682,40.30622692377462,21.791258825989416,Normal
User_65,2025-07-16 19:19:25,0.578,0.4853,Running,Ligeris,Driving_Under_Influence,4way,0.0,60,5G,-108,48.0,-7.0,0.0031068710041085,40.30739237303331,21.807916602061375,Normal
User_18,2025-07-16 22:49:35,0.271,0.5364,Driving,Koila,Driving_Under_Influence,2way,5.0,40,3G,-73,92.0,15.0,0.0057271729697465,40.32226885504384,21.791422443470424,Normal
User_25,2025-07-17 02:04:17,0.627,0.4523,Walking,Zep,Speeding,2way,1.0,50,5G,-113,89.0,9.0,0.028,40.277917248062856,21.7536267915213,Unintentional
User_64,2025-07-17 08:21:03,0.508,0.4086,Walking,Ligeris,Speeding,2way,1.0,Lane_Discards,WiFi,-85,72.0,1.0,0.0039708075322948,40.30613247218557,19.858868,Normal
User_100,2025-07-17 11:24:57,0.592,0.5941,Walking,Koila,Speeding,4way,0.0,80,5G,-94,86.0,-3.0,0.0077490904489998,38.262193,21.79208361827713,Normal
User_91,2025-07-17 11:39:31,0.508,0.4632,Driving,Zep,Driving_Under_Influence,2way,0.0,30,WiFi,-55,51.0,25.0,0.0057271729697465,40.28049058278944,21.754616586239905,Unintentional
User_81,2025-07-17 13:04:06,0.482,0.6424,Walking,Ligeris,Speeding,2way,150.0,60,3G,Ethernet,83.0,4.0,0.0057271729697465,40.321356647632136,21.791258825989416,Normal
User_78,2025-07-17 13:38:10,0.64,0.4946,Driving,Koila,Driving_Under_Influence,2way,0.0,40,3G,-107,48.0,-6.0,0.0039488200733447,40.32179428595588,21.790903722692654,Normal
User_80,2025-07-17 16:57:10,0.313,0.5725,Running,Ligeris,Driving_Under_Influence,2way,0.0,20,3G,Satellite,5.0,-3.0,0.0035022487651713,40.30637990816753,21.807774955924753,Normal
User_36,2025-07-17 21:00:53,0.394,0.7309,Running,Ligeris,Driving_Under_Influence,4way,0.0,60,WiFi,-90,42.0,5.0,0.0050031889745953,40.304726891871766,21.80869006638454,Normal
User_38,2025-07-17 22:41:00,0.448,0.5622,Walking,Zep,Driving_Under_Influence,2way,140.0,40,4G,-104,14.0,-11.0,0.042,40.28052469558398,21.75418248577043,Unintentional
User_87,2025-07-18 02:52:02,0.374,0.5426,Walking,Koila,Reckless_Driving,1way,1.0,20,3G,Ethernet,5.0,-9.0,0.023,40.322347488650415,21.79060120545054,Unintentional
User_59,2025-07-18 02:53:59,0.696,0.7648,Walking,Zep,Driving_Under_Influence,2way,2.0,40,5G,-110,100.0,-16.0,0.0034184368819104,40.30622692377462,21.791258825989416,Normal
User_73,2025-07-18 04:10:40,0.676,0.5725,Walking,Ligeris,Speeding,1way,2.0,40,3G,-94,17.0,12.0,0.0083189819208876,40.30654212076965,21.80748387732192,Normal
User_47,2025-07-18 04:18:43,0.636,0.5725,Driving,Koila,Reckless_Driving,1way,1.0,20,WiFi,-53,-136.0,0.0,0.0047204757977327,40.30622692377462,21.78946752461595,Normal
User_17,2025-07-18 10:00:14,0.383,0.4212,Running,Ligeris,Driving_Under_Influence,1way,1.0,60,3G,-88,50.0,-16.0,0.0067220153644899,40.30626441171979,21.807129079883808,Normal
User_25,2025-07-18 12:36:08,0.627,0.4543,Walking,Ligeris,Reckless_Driving,4way,0.0,10,4G,-99,23.0,3.0,0.0078305439287354,40.30622692377462,21.75320453737626,Normal
User_32,2025-07-18 13:08:50,0.694,0.6978,Driving,Zep,Reckless_Driving,2way,0.0,90,5G,-86,48.0,-4.0,0.0079005941115495,42.19484,21.75330543506099,Normal
User_95,2025-07-18 22:32:46,0.508,0.4863,Running,Ligeris,Speeding,2way,0.0,10,4G,-75,1.0,3.0,0.0093992149622924,40.279894893867414,21.75346995760348,Normal
User_88,2025-07-18 23:56:47,0.676,0.43,Walking,Zep,8,2way,0.0,110,WiFi,-87,48.0,1.0,0.0098494494014134,40.279674431694986,21.75263050661765,Normal
User_72,2025-07-19 00:19:47,0.508,0.4992,Driving,Ligeris,Speeding,2way,1.0,30,4G,-101,81.0,4.0,0.0057271729697465,40.32191259557457,21.789638192078858,Normal
User_20,2025-07-19 01:33:42,0.686,0.5725,Walking,Zep,Driving_Under_Influence,4way,1.0,60,3G,-94,40.0,-12.0,0.0059919950325562,40.279658205465225,21.753667393336944,Normal
User_96,2025-07-19 02:57:07,0.722,0.4146,Walking,Zep,Speeding,2way,0.0,70,4G,-74,59.0,7.0,0.0069695841474026,42.447462,21.755046598262123,Normal
User_44,2025-07-19 07:19:29,0.332,0.5007,Walking,Zep,Speeding,2way,1.0,30,3G,-101,48.0,0.0,0.0081499327044994,40.27823506915202,21.791258825989416,Normal
User_76,2025-07-19 14:01:47,0.349,0.5725,Walking,Ligeris,Speeding,5way,1.0,40,4G,-111,63.0,11.0,0.0053134240646456,40.322615426881974,21.791157730378448,Intentional
User_69,2025-07-19 15:36:58,0.289,0.5496,Walking,Zep,Reckless_Driving,2way,2.0,60,5G,-74,23.0,3.0,0.0061554455725367,40.280496452992885,21.753152472850783,Normal
User_79,2025-07-19 16:30:35,0.426,0.5725,Driving,Koila,Speeding,1way,4.0,40,5G,-108,48.0,6.0,0.0094686721890933,40.32280046316968,21.791258825989416,Normal
User_40,2025-07-19 22:59:17,0.498,0.6547,Running,Ligeris,Speeding,4way,0.0,20,3G,Ethernet,34.0,4.0,0.004815986622634,40.306674419638114,21.80561126090197,Normal
User_45,2025-07-20 02:38:45,0.446,0.4585,Driving,Spinari,Speeding,4way,0.0,30,3G,-99,30.0,-13.0,0.0010780214150224,40.3231323080376,21.79246053179016,Intentional
User_21,2025-07-20 03:57:57,0.64,0.7625,Walking,Ligeris,Speeding,1way,0.0,50,3G,-114,38.0,3.0,0.0014967973338726,40.307477340045814,21.791258825989416,Normal
User_87,2025-07-20 07:37:50,0.508,0.5466,Walking,Zep,Driving_Under_Influence,6way,3.0,40,5G,Ethernet,-19.0,11.0,0.0057271729697465,40.28043724785839,21.75296123371229,Intentional
User_90,2025-07-20 07:55:43,0.522,0.4654,Walking,Koila,Reckless_Driving,2way,1.0,70,4G,-92,59.0,0.0,0.0018278744713072,40.32148996817127,21.792320054021133,Normal
User_17,2025-07-20 08:27:50,0.383,0.4262,Driving,Zep,Driving_Under_Influence,1way,0.0,60,3G,-75,96.0,-25.0,0.0087346430992849,40.27987492824612,21.753457557545897,Unintentional
User_20,2025-07-20 10:25:43,0.686,0.7294,Walking,Ligeris,Speeding,2way,2.0,80,3G,-55,73.0,-3.0,0.0039821009991421,40.30622692377462,21.791258825989416,Normal
User_12,2025-07-20 11:26:52,0.251,0.4217,Walking,Ligeris,Reckless_Driving,4way,1.0,30,4G,-75,2.0,14.0,0.0057271729697465,40.306586155789546,21.791258825989416,Normal
User_42,2025-07-20 13:39:54,0.577,0.6662,Walking,Koila,Reckless_Driving,4way,0.0,10,WiFi,-89,26.0,3.0,0.0082867377839006,40.321865016275694,21.791258825989416,Normal
User_95,2025-07-20 18:09:15,0.739,0.4903,Walking,Ligeris,Driving_Under_Influence,2way,1.0,70,WiFi,-70,32.0,0.0,0.0023367401944728,40.30609018525299,21.80833876032824,Normal
User_02,2025-07-20 22:42:22,0.504,0.5868,Walking,Ligeris,Speeding,2way,0.0,60,5G,-85,98.0,5.0,0.0096585151078085,40.30622692377462,21.806808403383194,Normal
User_24,2025-07-20 23:35:25,0.7,0.626,Walking,Koila,Speeding,2way,1.0,40,4G,Ethernet,57.0,4.0,0.0082364618828459,40.321656841318614,21.791258825989416,Normal
User_59,2025-07-21 03:09:39,0.696,0.7708,Walking,Zep,Driving_Under_Influence,2way,1.0,10,4G,-80,69.0,11.0,0.0046728379710935,40.280565835307925,21.752354662586413,Normal
User_04,2025-07-21 04:16:39,0.295,0.4639,Driving,Koila,Speeding,2way,4.0,40,WiFi,-88,21.0,-7.0,0.0027660165834868,40.322447771266425,21.790463598722685,Normal
User_86,2025-07-21 05:18:18,0.63,0.6703,Running,Zep,Driving_Under_Influence,1way,0.0,30,WiFi,Ethernet,81.0,-16.0,0.0027889401650959,40.279446486340184,21.753148526640526,Normal
User_38,2025-07-21 05:19:08,0.448,0.5692,Walking,Ligeris,Driving_Under_Influence,2way,0.0,80,WiFi,-56,87.0,8.0,0.0098277175979948,40.30501024695917,21.808484422119655,Normal
User_21,2025-07-21 11:51:55,0.64,0.7655,Running,Zep,Driving_Under_Influence,2way,0.0,50,3G,Ethernet,47.0,2.0,0.0096159571705652,40.27964588076787,21.791258825989416,Normal
User_31,2025-07-21 11:52:10,0.72,0.6539,Walking,Koila,Speeding,2way,2.0,70,3G,-76,43.0,8.0,0.003952765196522,40.32342209374438,21.79180527312557,Normal
User_64,2025-07-21 13:45:06,0.257,0.4166,Walking,Koila,Reckless_Driving,2way,0.0,50,3G,Ethernet,48.0,0.0,0.009929288830045,40.32252272968937,21.792091323280093,Normal
User_80,2025-07-21 19:23:54,0.313,0.5725,Walking,Ligeris,Speeding,2way,1.0,40,3G,Ethernet,89.0,14.0,0.0065136593641302,40.30591064952142,21.807025680517587,Normal
User_45,2025-07-21 20:16:54,0.446,0.4615,Running,Zep,Speeding,1way,0.0,30,4G,Ethernet,-45.0,4.0,0.0097212727569502,40.30622692377462,21.75343672402774,Normal
User_59,2025-07-22 00:10:52,0.696,0.7728,Running,Zep,Reckless_Driving,2way,1.0,30,3G,Ethernet,92.0,11.0,0.0080210139675286,40.27945148606295,22.564186,Normal
User_44,2025-07-22 08:28:56,0.332,0.5725,Walking,Ligeris,Speeding,2way,0.0,30,WiFi,-75,43.0,14.0,0.0052937959473692,40.27957007065106,21.753320388937716,Normal
User_79,2025-07-22 10:47:21,0.426,0.4446,Walking,Koila,Speeding,2way,1.0,50,3G,-76,99.0,4.0,0.0033891708115293,40.320910069200345,21.791301372243172,Normal
User_64,2025-07-22 11:22:05,0.257,0.4176,Walking,Koila,Speeding,2way,0.0,60,5G,-88,24.0,1.0,0.0022462619412895,40.32380450462401,21.791258825989416,Normal
User_85,2025-07-22 11:26:37,0.572,0.5725,Driving,Koila,Speeding,4way,1.0,40,5G,Satellite,58.0,0.0,0.0021533437091775,40.32194251104524,21.793008271153425,Normal
User_50,2025-07-22 12:22:40,0.477,0.7317,Walking,Zep,Speeding,4way,1.0,20,5G,-113,54.0,11.0,0.0071598819544476,40.27949958350571,21.753228251749377,Normal
User_21,2025-07-22 15:14:01,0.508,0.7675,Running,Ligeris,Reckless_Driving,4way,0.0,Harassing_Driver,WiFi,-55,63.0,-9.0,0.0035201533741547,40.320816449729165,21.791809611764045,Normal
User_47,2025-07-22 17:12:33,0.636,0.5381,Running,Spinari,Reckless_Driving,2way,1.0,50,4G,Ethernet,38.0,9.0,0.0010271918981025,40.27967492919335,23.465948,Intentional
User_11,2025-07-22 21:02:30,0.539,0.5796,Walking,Ligeris,Reckless_Driving,1way,1.0,30,5G,Ethernet,16.0,-10.0,0.0057271729697465,40.30725743095558,21.80846605049587,Normal
User_15,2025-07-22 21:52:24,0.585,0.4374,Running,Ligeris,Reckless_Driving,1way,1.0,40,4G,-119,21.0,-3.0,0.0074862967328917,40.30620267936841,21.80752443056238,Normal
User_52,2025-07-23 01:57:17,0.399,0.7439,Walking,Zep,Reckless_Driving,4way,1.0,40,WiFi,-73,82.0,3.0,0.0097590255931022,40.2802526389168,21.791258825989416,Normal
User_60,2025-07-23 04:16:31,0.602,0.7106,Driving,Koila,Speeding,2way,0.0,80,5G,Ethernet,48.0,-10.0,0.0023724248256898,40.320980463043554,21.78994333909004,Normal
User_18,2025-07-23 09:03:45,0.271,0.5725,Driving,Koila,Driving_Under_Influence,2way,150.0,40,5G,-90,93.0,-5.0,0.0065160726550868,40.32276464464422,21.790894347567853,Normal
User_45,2025-07-23 11:20:20,0.508,0.4645,Walking,Ligeris,Speeding,1way,1.0,10,3G,-112,93.0,6.0,0.0037055474178648,40.279197881569814,21.753403098464165,Normal
User_80,2025-07-23 13:53:26,0.313,0.6205,Walking,Ligeris,Speeding,2way,1.0,40,5G,-80,51.0,7.0,0.0031823431176005,40.30634411468022,21.807768532125433,Normal
User_25,2025-07-23 16:23:14,0.627,0.4643,Driving,Zep,Driving_Under_Influence,2way,1.0,30,WiFi,-81,48.0,8.0,0.002941749857563,40.30622692377462,21.791258825989416,Normal
User_50,2025-07-23 18:41:55,0.477,0.7337,Running,Koila,Speeding,2way,1.0,50,3G,-107,61.0,13.0,0.0062572378287101,40.322205227734685,21.791821395387203,Normal
User_71,2025-07-23 18:46:23,0.508,0.692,Walking,Zep,Driving_Under_Influence,2way,0.0,Lane_Discards,3G,-81,56.0,-9.0,0.0093822425095312,40.27861185288241,21.791258825989416,Normal
User_82,2025-07-23 20:03:21,0.499,0.7654,Walking,Ligeris,Reckless_Driving,2way,1.0,30,WiFi,-56,48.0,6.0,0.0021831515521105,40.30622692377462,21.791258825989416,Normal
User_52,2025-07-23 22:45:13,0.399,0.7449,Running,Zep,Driving_Under_Influence,2way,4.0,10,5G,-108,-13.0,0.0,0.0074100408990333,40.27962535241925,21.791258825989416,Normal
User_92,2025-07-24 00:50:53,0.508,0.7911,Driving,Koila,Reckless_Driving,4way,0.0,20,3G,-120,47.0,16.0,0.0050825143742079,40.321151670359505,21.789365808262684,Normal
User_39,2025-07-24 01:25:23,0.685,0.6698,Running,Zep,Driving_Under_Influence,2way,4.0,20,3G,-60,48.0,-13.0,0.0084473468871454,40.27998747493249,21.754020175765035,Normal
User_11,2025-07-24 02:29:05,0.539,0.5826,Driving,Koila,Reckless_Driving,4way,3.0,20,WiFi,-51,42.0,-5.0,0.0011609986800576,40.3221251364908,21.791205153291173,Normal
User_22,2025-07-24 04:23:59,0.712,0.4483,Walking,Koila,Speeding,1way,1.0,100,WiFi,-83,56.0,7.0,0.0057271729697465,40.32227108240953,21.79131515420175,Normal
User_59,2025-07-24 04:51:18,0.696,0.7768,Walking,Zep,Reckless_Driving,2way,2.0,60,5G,-74,80.0,5.0,0.0018475189064604,40.28021167517264,21.753289201522225,Normal
User_42,2025-07-24 06:04:59,0.577,0.6732,Driving,Koila,Speeding,2way,1.0,10,5G,-99,-48.0,9.0,0.0080341941542055,40.32276229463129,21.791258825989416,Normal
User_80,2025-07-24 06:54:33,0.508,0.6225,Running,Koila,Reckless_Driving,4way,1.0,40,5G,-103,35.0,0.0,0.0072073111125833,40.32304502062565,21.79013825334376,Normal
User_51,2025-07-24 09:24:07,0.708,0.7549,Driving,Zep,Driving_Under_Influence,1way,0.0,30,4G,-75,40.0,5.0,0.0046476146477749,40.27789380291211,21.753176309312497,Normal
User_78,2025-07-24 09:34:32,0.64,0.5086,Running,Ligeris,Driving_Under_Influence,1way,1.0,40,WiFi,-62,61.0,13.0,0.002356263804534,40.27914954245542,21.75517318939868,Normal
User_07,2025-07-24 10:38:46,0.319,0.663,Running,Zep,Driving_Under_Influence,1way,0.0,10,5G,Ethernet,22.0,-9.0,0.0095522586042291,40.27958368558523,21.75300005961871,Normal
User_83,2025-07-24 11:07:11,0.453,0.5725,Walking,Zep,Reckless_Driving,2way,1.0,60,WiFi,-80,48.0,-3.0,0.0057271729697465,40.28093072819664,21.75361250553148,Normal
User_39,2025-07-24 17:47:50,0.685,0.6708,Running,Koila,Reckless_Driving,5way,0.0,20,5G,-79,6.0,9.0,0.0096181766101739,38.42128,21.790789642918728,Intentional
User_76,2025-07-24 18:26:37,0.349,0.7836,Walking,Koila,Reckless_Driving,2way,0.0,40,3G,-90,48.0,18.0,0.006753574566712,40.32171747664548,21.79220160553,Unintentional
User_92,2025-07-24 21:33:10,0.611,0.7921,Walking,Zep,Speeding,2way,0.0,30,4G,-82,48.0,-4.0,0.041,40.2793879135441,21.755158159281496,Unintentional
User_40,2025-07-25 00:59:22,0.498,0.6657,Walking,Ligeris,Reckless_Driving,1way,1.0,90,3G,-111,77.0,8.0,0.0077621391349552,40.30624064014265,21.80759014601862,Normal
User_39,2025-07-25 01:03:20,0.685,0.5725,Running,Ligeris,Reckless_Driving,2way,1.0,Lane_Discards,3G,Ethernet,-151.0,0.0,0.0013639534384648,40.306123640348986,21.807843064276867,Normal
User_65,2025-07-25 02:47:02,0.578,0.5043,Walking,Ligeris,Driving_Under_Influence,1way,1.0,20,3G,-74,48.0,-16.0,0.025,40.30673472264532,21.807461559463153,Unintentional
User_100,2025-07-25 04:57:30,0.592,0.6091,Walking,Ligeris,Driving_Under_Influence,1way,0.0,80,WiFi,-78,5.0,0.0,0.0057271729697465,40.3047608784026,21.8063320425604,Normal
User_88,2025-07-25 06:58:48,0.676,0.443,Walking,Ligeris,Reckless_Driving,2way,3.0,30,3G,-84,51.0,-11.0,0.0099366419891174,40.30504989026563,21.807712688969676,Normal
User_19,2025-07-25 07:03:40,0.384,0.7493,Walking,Ligeris,Driving_Under_Influence,1way,1.0,80,3G,-81,66.0,-2.0,0.0073738940481396,40.305786984559326,21.791258825989416,Normal
User_87,2025-07-25 08:12:52,0.374,0.5566,Walking,Zep,Reckless_Driving,1way,0.0,10,3G,-77,75.0,-14.0,0.0086861044594933,40.27966436038558,21.75256683900039,Normal
User_40,2025-07-25 08:39:31,0.498,0.6667,Walking,Ligeris,Reckless_Driving,2way,1.0,40,3G,-89,10.0,-7.0,0.0041053001039746,40.30585996490347,21.808409987378408,Normal
User_95,2025-07-25 12:12:12,0.508,0.4993,Walking,Ligeris,Driving_Under_Influence,2way,0.0,90,4G,-83,92.0,16.0,0.0065389193730865,40.32300174061635,21.79117917915444,Normal
User_55,2025-07-25 14:34:38,0.508,0.4848,Walking,Zep,Speeding,2way,0.0,20,WiFi,-51,48.0,-11.0,0.0067960013459269,40.27932561763929,21.751791537209943,Normal
User_76,2025-07-25 22:10:59,0.349,0.5725,Walking,Zep,Reckless_Driving,2way,0.0,40,4G,-74,24.0,-3.0,0.0057271729697465,40.27900769361912,21.75414819843343,Normal
User_58,2025-07-25 23:18:32,0.669,0.544,Driving,Ligeris,Reckless_Driving,2way,2.0,30,4G,-82,4.0,-9.0,0.049,40.32377212286176,21.792076671833897,Unintentional
User_64,2025-07-26 01:26:40,0.257,0.4256,Driving,Koila,Reckless_Driving,2way,0.0,80,5G,Ethernet,7.0,0.0,0.0057271729697465,41.147775,21.791258825989416,Normal
User_31,2025-07-26 13:11:28,0.72,0.6639,Walking,Koila,Reckless_Driving,2way,4.0,110,5G,-72,-36.0,3.0,0.0051182263351937,40.32202772111051,21.791200434345292,Normal
User_67,2025-07-26 13:25:50,0.557,0.5956,Walking,Ligeris,Speeding,2way,0.0,40,WiFi,-59,25.0,0.0,0.0072006385640712,40.30622692377462,21.807046037588407,Normal
User_70,2025-07-26 16:38:15,0.359,0.7482,Driving,Center,Reckless_Driving,1way,4.0,40,5G,Satellite,59.0,-12.0,0.0057271729697465,40.279110959794835,21.791258825989416,Intentional
User_03,2025-07-26 20:21:24,0.381,0.6045,Walking,Ligeris,8,1way,1.0,20,3G,-105,89.0,-3.0,0.0057271729697465,40.30642891911794,21.807015212587434,Normal
User_40,2025-07-26 20:33:01,0.508,0.5725,Running,Ligeris,Reckless_Driving,2way,1.0,40,5G,-91,48.0,-4.0,0.0086046385458629,40.3052843451491,21.80697338514331,Normal
User_78,2025-07-26 23:47:54,0.64,0.5136,Walking,Ligeris,Driving_Under_Influence,2way,0.0,30,3G,-74,15.0,9.0,0.0064507015251258,40.278794681801145,21.753957054494187,Normal
User_80,2025-07-27 00:11:25,0.313,0.6275,Walking,Zep,Speeding,1way,0.0,30,111,-88,9.0,-2.0,0.0053729302213505,40.279205465451824,21.75462320421468,Normal
User_64,2025-07-27 03:16:24,0.257,0.4276,Driving,Ligeris,Driving_Under_Influence,1way,0.0,40,4G,-85,48.0,3.0,0.0053423248966604,40.305296246709695,21.80822146853618,Normal
User_25,2025-07-27 06:22:05,0.627,0.4723,Driving,Spinari,Speeding,1way,0.0,30,5G,-109,2.0,-8.0,0.0011883304234152,40.32312998507973,21.790165347373097,Intentional
User_92,2025-07-27 11:41:45,0.611,0.7981,Walking,Ligeris,Speeding,2way,1.0,10,4G,Ethernet,32.0,-10.0,0.0057271729697465,40.30622692377462,23.251686,Normal
User_41,2025-07-27 20:28:24,0.251,0.6765,Walking,Ligeris,Reckless_Driving,2way,1.0,30,WiFi,-66,48.0,14.0,0.0013600659529596,40.30733889744749,21.806078151902376,Normal
User_35,2025-07-28 00:57:54,0.379,0.6226,Walking,Zep,Reckless_Driving,2way,4.0,40,4G,-111,48.0,14.0,0.0067426322908451,40.28017865553982,21.75294343416882,Normal
User_06,2025-07-28 03:36:25,0.614,0.7893,Driving,Zep,Driving_Under_Influence,1way,1.0,50,4G,Ethernet,26.0,-4.0,0.0077741743169184,40.27816077247493,21.75304556223318,Normal
User_32,2025-07-28 07:32:06,0.694,0.7178,Running,Ligeris,Speeding,6way,1.0,60,4G,-109,54.0,0.0,0.0089216764293074,40.306793768140096,21.806281524273817,Intentional
User_83,2025-07-28 09:27:35,0.508,0.7065,Walking,Zep,Speeding,2way,4.0,10,5G,-95,37.0,0.0,0.0057271729697465,40.280615491779784,21.753986481027848,Normal
User_98,2025-07-29 00:36:11,0.553,0.6629,Walking,Ligeris,Driving_Under_Influence,1way,0.0,30,4G,Ethernet,32.0,1.0,0.0033024354701878,40.30696656178944,21.806606172737084,Normal
User_89,2025-07-29 01:15:11,0.485,0.7253,Walking,Zep,Speeding,4way,0.0,10,3G,-80,68.0,6.0,0.0050274339449025,40.27977687986616,21.75407256172208,Normal
User_26,2025-07-29 03:16:13,0.642,0.5752,Walking,Koila,Reckless_Driving,4way,0.0,40,3G,-116,63.0,6.0,0.0060780629118592,40.32248307890325,21.79179171243828,Normal
User_42,2025-07-29 03:17:16,0.577,0.6832,Walking,Center,Speeding,2way,1.0,80,5G,Ethernet,49.0,-4.0,0.0044717373537004,40.32250354074054,21.791627295734553,Intentional
User_09,2025-07-29 09:10:42,0.377,0.7968,Driving,Koila,Reckless_Driving,2way,0.0,90,3G,-70,83.0,7.0,0.0028767873268345,40.32208900825432,21.791250592548952,Normal
User_20,2025-07-29 10:06:38,0.686,0.7474,Flying,Koila,Reckless_Driving,2way,0.0,10,4G,-86,48.0,-18.0,0.0020586085036096,40.321960914832246,21.793148218222175,Intentional
User_44,2025-07-29 10:07:47,0.332,0.5217,Driving,Zep,Driving_Under_Influence,2way,1.0,20,5G,-102,48.0,-9.0,0.0099075413769121,40.280025651259,21.752988207552622,Normal
User_97,2025-07-29 14:13:59,0.296,0.7759,Running,Ligeris,Driving_Under_Influence,4way,0.0,20,3G,-87,54.0,-12.0,0.0066744541496162,40.30593758584454,21.805483432768483,Normal
User_85,2025-07-29 19:50:34,0.572,0.8162,Running,Ligeris,Driving_Under_Influence,1way,0.0,40,4G,-91,14.0,3.0,0.0014075114140266,40.30697803424884,21.808919157556637,Normal
User_01,2025-07-29 20:45:08,0.508,0.7375,Running,Zep,Driving_Under_Influence,2way,0.0,30,WiFi,-83,83.0,14.0,0.0087593211419469,40.27969814433987,21.791258825989416,Normal
User_32,2025-07-29 21:34:57,0.508,0.7198,Driving,Ligeris,Speeding,1way,0.0,10,WiFi,-85,26.0,-4.0,0.0087413527560836,40.30588821744893,21.807285593665675,Normal
User_88,2025-07-29 21:47:48,0.676,0.452,Running,Koila,Speeding,2way,0.0,20,3G,-117,61.0,8.0,0.0057271729697465,40.32184778881475,21.791258825989416,Normal
User_91,2025-07-30 00:08:37,0.409,0.5725,Walking,Ligeris,Reckless_Driving,2way,0.0,30,4G,-89,69.0,-5.0,0.0080536200025878,40.32133303564669,21.791819520355933,Normal
User_12,2025-07-30 02:16:49,0.251,0.4417,Running,Ligeris,Driving_Under_Influence,2way,1.0,50,WiFi,-68,48.0,0.0,0.004673056150628,37.443894,21.807048364307175,Normal
User_15,2025-07-30 06:01:40,0.585,0.4524,Driving,Ligeris,Driving_Under_Influence,1way,0.0,10,3G,-91,81.0,-2.0,0.0051479437099843,40.30479507845445,21.807488045695916,Normal
User_23,2025-07-30 16:07:24,0.669,0.7846,Walking,Zep,Reckless_Driving,2way,1.0,40,5G,Ethernet,48.0,9.0,0.002656455124615,40.279975231843245,21.75308090803596,Normal
User_01,2025-07-30 16:24:35,0.618,0.7395,Walking,Zep,Reckless_Driving,2way,0.0,40,WiFi,-57,99.0,0.0,0.00698704499459,40.2786806999152,21.754285960931256,Normal
User_14,2025-07-30 18:23:01,0.549,0.4377,Running,Koila,Driving_Under_Influence,1way,0.0,70,3G,Ethernet,74.0,-5.0,0.0075072499551889,40.30622692377462,21.792125806964005,Normal
User_02,2025-07-30 20:12:34,0.504,0.6068,Running,Koila,Speeding,2way,1.0,110,3G,-86,5.0,-9.0,0.0042167944222006,40.32202705103145,21.79132888842365,Normal
User_88,2025-07-30 20:16:12,0.676,0.453,Driving,Zep,Driving_Under_Influence,6way,1.0,70,3G,-81,59.0,13.0,0.0096853831378106,40.27912084000152,21.791258825989416,Intentional
User_77,2025-07-30 23:00:48,0.347,0.5616,Walking,Ligeris,Reckless_Driving,2way,0.0,50,3G,-113,76.0,0.0,0.0057271729697465,40.30622692377462,21.80591116120664,Normal
User_25,2025-07-31 03:17:07,0.508,0.4803,Walking,Koila,Speeding,2way,0.0,20,5G,-94,89.0,-3.0,0.0092816030273551,40.32149194059143,21.7911989593398,Normal
User_13,2025-07-31 03:55:18,0.657,0.5549,Running,Koila,Driving_Under_Influence,2way,1.0,60,WiFi,-71,100.0,-24.0,0.0083281081395636,40.30622692377462,21.791551419490386,Unintentional
User_03,2025-07-31 05:23:51,0.381,0.6145,Driving,Koila,Reckless_Driving,1way,0.0,20,5G,-70,48.0,-13.0,0.0051381936986064,40.32239954125402,21.79127706935204,Normal
User_93,2025-07-31 06:27:11,0.508,0.5251,Walking,Ligeris,6,2way,0.0,60,5G,-96,65.0,-10.0,0.0032868523427888,40.30622692377462,21.80604151258989,Normal
User_89,2025-07-31 10:47:10,0.485,0.5725,Driving,Zep,Driving_Under_Influence,1way,0.0,50,5G,-96,48.0,10.0,0.0074017489547365,40.279560012802,21.75330274854549,Normal
User_35,2025-07-31 13:29:35,0.508,0.6296,Walking,Zep,Reckless_Driving,2way,0.0,50,3G,Ethernet,11.0,-5.0,0.0092293309557109,40.2794628646303,21.754971454949025,Normal
User_39,2025-07-31 20:05:50,0.508,0.5725,Walking,Ligeris,Speeding,1way,0.0,40,114,-86,86.0,5.0,0.0040439688503009,40.30622692377462,21.791258825989416,Normal
User_08,2025-07-31 20:25:41,0.325,0.7996,Walking,Ligeris,Reckless_Driving,2way,1.0,90,3G,Ethernet,71.0,6.0,0.0095415163525612,40.279521315758544,21.753604273852517,Normal
User_12,2025-07-31 22:16:54,0.508,0.4447,Walking,Zep,Speeding,2way,4.0,50,WiFi,Ethernet,48.0,9.0,0.0057271729697465,40.27957406475043,21.75459196173943,Normal
User_97,2025-08-01 04:37:28,0.296,0.5725,Running,Zep,Speeding,1way,1.0,10,5G,-101,48.0,1.0,0.0015152946606751,40.27943070404462,21.754486916843284,Normal
User_42,2025-08-01 08:06:14,0.577,0.6902,Walking,Ligeris,Speeding,2way,2.0,30,WiFi,-50,85.0,-13.0,0.0080084905467334,40.307363483271786,21.80914939242578,Normal
User_35,2025-08-01 09:43:16,0.379,0.5725,Walking,Zep,Driving_Under_Influence,4way,2.0,80,3G,-95,77.0,-5.0,0.02,40.30622692377462,21.751651351104073,Normal
User_55,2025-08-01 14:49:52,0.489,0.4998,Walking,Ligeris,Driving_Under_Influence,2way,0.0,40,WiFi,-84,48.0,-11.0,0.0053013637584547,40.305767140135075,21.80613766698482,Normal
User_52,2025-08-01 16:04:25,0.508,0.7629,Walking,Zep,Speeding,1way,0.0,70,5G,-87,6.0,-16.0,0.0043756157341994,40.27967718652586,21.753747691134905,Normal
User_84,2025-08-01 16:28:02,0.689,0.6026,Walking,Ligeris,Speeding,2way,1.0,70,106,-81,87.0,0.0,0.009972479769632,40.30596916836497,21.80557777225841,Normal
User_18,2025-08-01 23:20:44,0.271,0.5684,Driving,Ligeris,Speeding,2way,4.0,20,5G,-85,-48.0,-3.0,0.0070114946018777,40.30733295549389,21.80825018978486,Normal
User_35,2025-08-02 08:06:45,0.379,0.6326,Walking,Ligeris,Reckless_Driving,4way,1.0,Illegal_Parking,WiFi,-58,33.0,11.0,0.0057271729697465,40.30622692377462,21.807741882326233,Normal
User_37,2025-08-02 08:10:47,0.528,0.7629,Driving,Ligeris,Reckless_Driving,2way,0.0,30,WiFi,-71,45.0,16.0,0.0076488757818202,40.306931499673745,22.763378,Normal
User_82,2025-08-02 11:45:24,0.499,0.7854,Walking,Zep,Speeding,4way,150.0,80,WiFi,-52,73.0,-5.0,0.0049991512435302,40.27960581462479,21.752996456655705,Normal
User_58,2025-08-02 13:36:12,0.508,0.5725,Driving,Ligeris,7,2way,0.0,80,3G,-118,48.0,-5.0,0.0063518968177226,40.306576264928104,21.80845112174416,Normal
User_10,2025-08-02 16:14:05,0.719,0.7463,Running,Ligeris,Driving_Under_Influence,1way,1.0,40,4G,-70,20.0,-6.0,0.0018976904128527,40.30624656823495,21.809131821858077,Normal
User_45,2025-08-02 16:38:57,0.446,0.4855,Walking,Zep,Speeding,1way,160.0,10,4G,-95,45.0,10.0,0.0057271729697465,40.27946887642099,21.791258825989416,Normal
User_43,2025-08-02 17:03:33,0.508,0.7013,Running,Koila,Speeding,2way,4.0,40,5G,-102,13.0,0.0,0.0011902895411809,40.323180620174625,21.791258825989416,Normal
User_44,2025-08-02 22:01:24,0.332,0.5297,Driving,Koila,Speeding,2way,1.0,Harassing_Driver,3G,-72,39.0,2.0,0.032,40.32183019823982,21.79011679728562,Unintentional
User_89,2025-08-02 22:31:29,0.485,0.7343,Running,Zep,Reckless_Driving,1way,0.0,40,3G,Satellite,75.0,7.0,0.0042129109834758,40.27955230909481,21.753130230524288,Normal
User_21,2025-08-03 10:25:25,0.64,0.7915,Running,Ligeris,7,2way,0.0,40,WiFi,-53,46.0,-2.0,0.0029765646756835,40.30541229970449,21.805618277473783,Normal
User_52,2025-08-03 13:25:36,0.399,0.7659,Running,Ligeris,Driving_Under_Influence,2way,1.0,50,3G,-90,0.0,-10.0,0.007421314989197,40.2797517237762,21.752916435079985,Normal
User_75,2025-08-03 15:42:00,0.544,0.7714,Driving,Ligeris,Driving_Under_Influence,2way,1.0,10,WiFi,-89,70.0,-6.0,0.0065529378225594,40.306903486283225,21.809402431093417,Normal
User_34,2025-08-03 22:24:28,0.401,0.6116,Flying,Koila,Speeding,2way,1.0,80,5G,Ethernet,24.0,-15.0,0.0098880578441897,40.32248946205856,21.79221822252004,Intentional
User_19,2025-08-04 05:32:30,0.508,0.7693,Running,Koila,Reckless_Driving,2way,2.0,40,3G,-107,100.0,12.0,0.0096582585719192,40.32104512868368,21.79138018994054,Normal
User_47,2025-08-04 08:42:43,0.636,0.5651,Driving,Koila,Reckless_Driving,2way,1.0,30,5G,-105,70.0,0.0,0.0026545186639057,40.32080824887479,21.79132959714849,Normal
User_70,2025-08-04 14:11:55,0.359,0.5725,Walking,Ligeris,Reckless_Driving,2way,0.0,50,4G,-101,1.0,0.0,0.0057271729697465,40.30600141335965,21.807880849175337,Normal
User_37,2025-08-04 15:31:06,0.528,0.7679,Running,Ligeris,Reckless_Driving,2way,0.0,80,3G,-80,0.0,-9.0,0.0052799479950149,40.30535179778989,21.808851839636215,Normal
User_31,2025-08-04 17:15:23,0.72,0.6809,Driving,Ligeris,Speeding,1way,2.0,80,3G,-109,55.0,-8.0,0.0066149546349538,40.306220221131674,21.807712479560177,Normal
User_51,2025-08-04 19:14:25,0.708,0.7779,Walking,Ligeris,Reckless_Driving,2way,1.0,40,3G,-107,24.0,-15.0,0.0087146742604849,40.30622692377462,21.791258825989416,Normal
User_80,2025-08-04 22:39:38,0.313,0.6445,Running,Koila,Driving_Under_Influence,1way,1.0,20,3G,-116,48.0,3.0,0.0057271729697465,40.32136589676512,21.791996355318012,Normal
User_47,2025-08-05 01:24:18,0.636,0.5725,Walking,Zep,Driving_Under_Influence,2way,0.0,50,WiFi,-79,93.0,-7.0,0.0035827869482358,40.278607250658254,21.75389099270034,Normal
User_50,2025-08-05 06:30:26,0.477,0.7597,Running,Center,Speeding,1way,1.0,80,3G,-81,5.0,-2.0,0.0035397945802569,40.27958992201293,21.751338038967255,Intentional
User_67,2025-08-05 09:27:52,0.557,0.6146,Running,Ligeris,Reckless_Driving,1way,0.0,Lane_Discards,4G,-113,48.0,11.0,0.004083690321779,40.30523217321848,21.806502381624604,Normal
User_54,2025-08-05 11:53:26,0.508,0.5725,Driving,Ligeris,Reckless_Driving,2way,1.0,10,4G,-110,-29.0,11.0,0.006053320467589,40.30630216183892,21.80940171335282,Normal
User_83,2025-08-05 13:24:01,0.453,0.7225,Driving,Ligeris,Speeding,2way,0.0,50,111,-110,25.0,0.0,0.006570248652853,40.30641525659416,21.807116015584953,Normal
User_29,2025-08-05 17:30:37,0.309,0.6546,Walking,Ligeris,Speeding,2way,3.0,40,4G,-96,44.0,0.0,0.0091949267101841,38.482923,21.809218410810065,Normal
User_23,2025-08-06 01:40:22,0.669,0.7986,Swimming,Ligeris,Driving_Under_Influence,2way,1.0,30,111,-104,91.0,11.0,0.006080190400045,40.306235784838776,21.791258825989416,Intentional
User_69,2025-08-06 02:53:45,0.289,0.5846,Walking,Ligeris,Reckless_Driving,1way,1.0,10,WiFi,-77,58.0,0.0,0.003809115961337,40.281126475204346,21.791258825989416,Normal
User_46,2025-08-06 04:02:00,0.621,0.6219,Running,Zep,Speeding,1way,1.0,20,4G,-109,77.0,0.0,0.0083149730412308,40.2796345088109,21.75327257848799,Normal
User_82,2025-08-06 04:16:12,0.499,0.7924,Walking,Ligeris,Speeding,2way,1.0,40,3G,-74,76.0,4.0,0.0014209831032402,40.30482976999904,21.80799908643025,Normal
User_14,2025-08-06 06:09:05,0.549,0.4507,Walking,Zep,Driving_Under_Influence,1way,1.0,40,WiFi,-56,79.0,14.0,0.006772534987564,40.27988649625372,21.791258825989416,Normal
User_31,2025-08-06 10:37:26,0.72,0.6859,Walking,Ligeris,Driving_Under_Influence,2way,4.0,10,3G,-88,63.0,0.0,0.0091237208073502,40.30603308626604,21.809054488049547,Normal
User_57,2025-08-06 10:48:08,0.733,0.5514,Walking,Ligeris,Reckless_Driving,2way,1.0,40,5G,Ethernet,34.0,-13.0,0.042,40.2805514696892,21.791258825989416,Unintentional
User_100,2025-08-06 12:14:11,0.592,0.6341,Walking,Ligeris,Driving_Under_Influence,4way,4.0,50,5G,-71,35.0,-4.0,0.0032664125804596,40.30630672836972,21.808345414879216,Normal
User_44,2025-08-06 23:04:03,0.332,0.5377,Walking,Koila,Driving_Under_Influence,4way,1.0,40,WiFi,Ethernet,98.0,-7.0,0.0025530543699002,40.32169258653789,21.79087372481754,Normal
User_53,2025-08-07 01:20:04,0.508,0.8037,Walking,Koila,Speeding,2way,0.0,30,3G,Ethernet,61.0,8.0,0.0024304518213481,40.32208322333362,21.791284738039263,Normal
User_98,2025-08-07 04:36:40,0.553,0.6819,Driving,Koila,Speeding,2way,1.0,10,3G,Ethernet,42.0,6.0,0.038,40.30622692377462,21.790873965537983,Unintentional
User_18,2025-08-07 05:27:28,0.271,0.5794,Driving,Koila,Reckless_Driving,2way,0.0,Illegal_Parking,3G,-93,66.0,-12.0,0.0021055963175171,38.586132,21.791258825989416,Normal
User_30,2025-08-07 10:11:08,0.577,0.7045,Walking,Ligeris,Speeding,2way,1.0,40,WiFi,-89,71.0,-5.0,0.0057271729697465,40.30682564698256,21.807599957124392,Normal
User_36,2025-08-07 15:41:56,0.394,0.7729,Driving,Ligeris,Reckless_Driving,1way,0.0,10,WiFi,-55,48.0,10.0,0.0043426274390645,40.30606357410086,21.80734825937079,Normal
User_75,2025-08-07 18:17:08,0.544,0.7794,Walking,Koila,Driving_Under_Influence,1way,1.0,40,WiFi,-50,69.0,1.0,0.03,40.30622692377462,21.79147614856557,Unintentional
User_47,2025-08-07 19:27:34,0.636,0.5725,Driving,Ligeris,Reckless_Driving,1way,1.0,80,3G,-82,2.0,-15.0,0.0074677729043259,40.306145240681566,21.791258825989416,Normal
User_82,2025-08-07 20:23:44,0.499,0.7954,Driving,Koila,Reckless_Driving,2way,2.0,40,WiFi,Ethernet,53.0,8.0,0.0057271729697465,40.32152785538472,21.7927217379363,Normal
User_97,2025-08-07 22:18:28,0.508,0.7939,Driving,Zep,Driving_Under_Influence,4way,0.0,10,3G,-102,53.0,-14.0,0.0057271729697465,40.2796451514393,21.753348631314495,Normal
User_68,2025-08-08 01:10:49,0.736,0.5725,Flying,Koila,Reckless_Driving,2way,1.0,40,WiFi,-80,78.0,15.0,0.0082637437464311,40.32248290839895,21.791528643396173,Intentional
User_49,2025-08-08 05:28:06,0.483,0.545,Flying,Ligeris,Reckless_Driving,2way,0.0,40,3G,-97,66.0,-12.0,0.0061794054870063,40.30665336239668,21.791258825989416,Intentional
User_27,2025-08-08 07:24:47,0.319,0.7506,Driving,Zep,Reckless_Driving,4way,1.0,10,3G,-88,45.0,-22.0,0.0057271729697465,40.279617303381606,21.791258825989416,Unintentional
User_97,2025-08-08 09:28:35,0.296,0.7959,Driving,Zep,Speeding,2way,1.0,70,4G,-111,85.0,-16.0,0.0062700964888994,40.279776005569246,21.753521036569747,Normal
User_98,2025-08-08 11:07:53,0.553,0.6829,Walking,Zep,Speeding,2way,0.0,20,4G,-116,18.0,0.0,0.004178907165413,40.279822345085435,21.75286727080718,Normal
User_79,2025-08-08 12:33:56,0.508,0.4786,Running,Ligeris,Speeding,1way,0.0,20,WiFi,-82,45.0,8.0,0.0057271729697465,40.30622692377462,21.808803714234887,Normal
User_20,2025-08-08 12:48:16,0.508,0.7674,Walking,Zep,Speeding,2way,1.0,40,3G,-90,40.0,7.0,0.0059949323785691,40.28100992549226,21.754616794231485,Normal
User_15,2025-08-08 13:21:46,0.585,0.4704,Walking,Ligeris,Driving_Under_Influence,2way,1.0,60,3G,-115,60.0,12.0,0.0088908917939016,40.30625782302297,21.80791552120258,Normal
User_65,2025-08-08 22:13:43,0.508,0.5725,Walking,Ligeris,Speeding,1way,0.0,40,4G,-94,48.0,-11.0,0.0057271729697465,40.27889719527588,21.75250386913014,Normal
User_80,2025-08-08 22:56:53,0.313,0.6525,Walking,Koila,Speeding,2way,2.0,40,5G,-77,20.0,1.0,0.0094186805195025,37.048358,21.79184722620632,Normal
User_57,2025-08-09 00:23:49,0.733,0.5574,Running,Zep,Reckless_Driving,2way,0.0,90,5G,-90,3.0,-14.0,0.0039967831490988,40.278786262918175,21.753358617009017,Normal
User_90,2025-08-09 08:20:57,0.522,0.5725,Driving,Zep,Driving_Under_Influence,1way,0.0,40,5G,Ethernet,58.0,-12.0,0.007102242108256,40.27779667168342,21.753660333926867,Normal
User_36,2025-08-09 20:30:46,0.394,0.7769,Walking,Koila,Speeding,2way,1.0,40,4G,-79,1.0,0.0,0.0010920151694062,37.866733,21.79125729094974,Normal
User_45,2025-08-09 23:00:00,0.446,0.4995,Walking,Ligeris,Reckless_Driving,2way,0.0,20,WiFi,Ethernet,3.0,-9.0,0.0025793093287014,40.30622692377462,21.80614858452189,Normal
User_91,2025-08-10 01:29:20,0.409,0.5112,Walking,Ligeris,Reckless_Driving,2way,0.0,50,3G,Ethernet,48.0,-12.0,0.0086644065170173,40.30626977767742,21.80604816649851,Normal
User_84,2025-08-10 02:05:41,0.689,0.5725,Walking,Ligeris,Driving_Under_Influence,1way,0.0,30,5G,Ethernet,99.0,13.0,0.0019928278586293,40.30779953633369,21.808549442001947,Normal
User_11,2025-08-10 04:38:22,0.539,0.6166,Running,Koila,Speeding,2way,4.0,Illegal_Parking,WiFi,-55,94.0,-14.0,0.0083340092566672,40.32158396712136,21.791258825989416,Normal
User_86,2025-08-10 06:11:16,0.63,0.7103,Walking,Ligeris,Reckless_Driving,2way,3.0,80,4G,-92,71.0,16.0,0.0094112235404048,40.306607036919594,21.805937754300096,Normal
User_29,2025-08-10 09:14:59,0.309,0.6646,Driving,Koila,Speeding,1way,0.0,40,WiFi,-68,5.0,7.0,0.0096640754662596,40.32126917398168,21.791226150415326,Normal
User_53,2025-08-10 12:57:28,0.364,0.8107,Swimming,Ligeris,Reckless_Driving,2way,0.0,30,4G,Ethernet,0.0,15.0,0.006256141950199,40.30642945552083,21.808535662883124,Intentional
User_92,2025-08-10 13:23:55,0.611,0.8251,Walking,Zep,Reckless_Driving,1way,0.0,70,WiFi,-59,48.0,-12.0,0.0086877155875251,40.280143939500874,21.753024308844584,Normal
User_33,2025-08-10 17:37:38,0.508,0.5836,Driving,Spinari,Speeding,2way,1.0,60,5G,-100,19.0,0.0,0.0097301836319988,41.607179,21.751787697102166,Intentional
User_54,2025-08-10 19:56:10,0.508,0.5901,Running,Spinari,Reckless_Driving,2way,0.0,40,3G,-95,2.0,1.0,0.0021781611646716,40.27948725816395,21.753430062950084,Intentional
User_60,2025-08-11 03:05:28,0.602,0.7486,Driving,Koila,Reckless_Driving,1way,1.0,40,3G,Ethernet,93.0,-11.0,0.0079374982054706,40.3205296227361,21.790085153533095,Normal
User_20,2025-08-11 03:10:26,0.686,0.7744,Swimming,Zep,Driving_Under_Influence,1way,0.0,40,WiFi,-62,18.0,14.0,0.0048639639378662,40.27917352819531,21.75503132950109,Intentional
User_34,2025-08-11 10:09:16,0.401,0.6276,Driving,Center,Driving_Under_Influence,1way,4.0,80,4G,-115,51.0,-15.0,0.009025508357135,40.306203761947,21.807439228434816,Intentional
User_83,2025-08-11 12:51:06,0.453,0.7345,Walking,Koila,Driving_Under_Influence,1way,1.0,50,WiFi,-79,5.0,0.0,0.0096189010796359,40.32171744925968,21.79058549590784,Normal
User_36,2025-08-11 23:16:42,0.394,0.7809,Walking,Koila,Speeding,1way,1.0,10,3G,Ethernet,53.0,10.0,0.008982977193872,40.32199972084265,21.790395610192434,Normal
User_16,2025-08-12 01:38:02,0.438,0.5719,Running,Koila,Driving_Under_Influence,2way,0.0,30,3G,-110,97.0,-2.0,0.0057271729697465,40.32184881413084,21.791774412215545,Normal
User_46,2025-08-12 03:53:01,0.621,0.6339,Walking,Koila,Speeding,4way,1.0,80,WiFi,-82,7.0,3.0,0.0034857473492525,40.32052331037022,21.791296126169502,Normal
User_07,2025-08-12 10:26:33,0.319,0.701,Walking,Zep,Driving_Under_Influence,2way,0.0,40,WiFi,-66,7.0,-11.0,0.0056034153590926,40.30622692377462,21.75280463525638,Normal
User_76,2025-08-12 12:16:25,0.349,0.8206,Walking,Koila,Driving_Under_Influence,2way,0.0,Harassing_Driver,3G,Ethernet,82.0,-4.0,0.0093861498796381,40.30622692377462,21.791258825989416,Normal
User_86,2025-08-12 13:20:01,0.63,0.5725,Flying,Ligeris,Reckless_Driving,1way,1.0,30,5G,-80,-12.0,8.0,0.003667967517752,40.30612130995232,21.807791955589227,Intentional
User_94,2025-08-12 14:46:55,0.648,0.5108,Walking,Koila,Speeding,2way,0.0,80,4G,-113,40.0,-11.0,0.0089285075975299,40.32251922564963,21.78901056179965,Normal
User_89,2025-08-13 00:58:36,0.508,0.7553,Running,Koila,Driving_Under_Influence,2way,1.0,20,WiFi,-63,23.0,0.0,0.0050974371240365,40.32103758888176,21.79307435967883,Normal
User_75,2025-08-13 02:31:00,0.544,0.7904,Running,Zep,Reckless_Driving,2way,0.0,40,3G,-100,76.0,4.0,0.0080164558371159,40.27864198793031,23.943503,Normal
User_38,2025-08-13 03:56:57,0.448,0.6152,Walking,Koila,Driving_Under_Influence,1way,1.0,50,5G,-95,14.0,-3.0,0.0057271729697465,40.322081280457,21.79122985024731,Normal
User_08,2025-08-13 07:29:56,0.325,0.8246,Running,Zep,Speeding,2way,160.0,40,5G,Ethernet,86.0,9.0,0.0029098153466514,40.2805196607397,21.755203332264625,Normal
User_14,2025-08-13 07:40:01,0.549,0.4647,Walking,Ligeris,Reckless_Driving,2way,1.0,60,108,-91,99.0,-4.0,0.0030449846918519,40.32121268773851,21.789661994688753,Normal
User_66,2025-08-13 11:37:30,0.325,0.8357,Walking,Zep,Driving_Under_Influence,2way,1.0,20,4G,-118,84.0,-13.0,0.0011864469851725,40.280583719562145,21.791258825989416,Normal
User_82,2025-08-13 11:44:50,0.499,0.8074,Driving,Ligeris,Speeding,2way,1.0,40,4G,-85,48.0,-9.0,0.0057271729697465,37.385318,21.80743470699356,Normal
User_53,2025-08-13 18:49:24,0.364,0.8167,Walking,Koila,Driving_Under_Influence,4way,1.0,50,5G,-74,48.0,4.0,0.0063285043893457,40.32147483269833,21.79016196165618,Normal
User_41,2025-08-13 22:40:29,0.251,0.7105,Swimming,Zep,Speeding,2way,0.0,60,WiFi,Ethernet,86.0,10.0,0.0023093908183879,40.27958096517288,21.75360117959921,Intentional
User_100,2025-08-13 23:25:27,0.592,0.6481,Walking,Koila,Driving_Under_Influence,4way,0.0,40,5G,-77,10.0,-7.0,0.0017004128274093,40.322355864614,21.790620286341547,Normal
User_48,2025-08-14 00:14:25,0.611,0.6703,Running,Zep,Reckless_Driving,2way,1.0,80,WiFi,-82,48.0,-9.0,0.0052481589104878,40.27862016109661,21.75167181164044,Normal
User_48,2025-08-14 01:28:14,0.611,0.6713,Driving,Koila,Driving_Under_Influence,1way,1.0,60,5G,-94,37.0,0.0,0.0097455169121276,40.32196680577482,23.786651,Normal
User_51,2025-08-14 02:07:21,0.708,0.7969,Running,Ligeris,Reckless_Driving,1way,0.0,30,5G,-104,62.0,12.0,0.0039034780736654,40.30467433627667,21.807072441903447,Normal
User_71,2025-08-14 02:22:12,0.431,0.736,Walking,Ligeris,Driving_Under_Influence,1way,0.0,30,3G,-85,48.0,-11.0,0.0093527954473068,40.30622692377462,21.807976967020345,Normal
User_30,2025-08-14 02:35:47,0.577,0.7175,Walking,Zep,Speeding,2way,1.0,40,5G,-103,33.0,-11.0,0.0080858755474943,40.27930042048912,21.754526554228136,Normal
User_70,2025-08-14 03:32:26,0.508,0.7852,Walking,Ligeris,Speeding,2way,1.0,40,3G,-87,30.0,-8.0,0.0050023375826067,40.321135461368534,21.792370789994084,Normal
User_09,2025-08-14 03:45:49,0.377,0.5725,Walking,Ligeris,Driving_Under_Influence,2way,1.0,40,3G,Ethernet,54.0,0.0,0.0057271729697465,40.306586028123526,21.80775580851516,Normal
User_31,2025-08-14 05:36:17,0.72,0.7009,Running,Ligeris,Reckless_Driving,1way,1.0,40,3G,-107,10.0,0.0,0.001923167230172,40.306125579065714,21.806174641836375,Normal
User_42,2025-08-14 06:07:34,0.577,0.7152,Driving,Koila,Reckless_Driving,4way,1.0,10,5G,-111,90.0,-8.0,0.0010042117010196,40.30622692377462,21.790842705440735,Normal
User_27,2025-08-14 06:53:52,0.319,0.7626,Running,Zep,Reckless_Driving,2way,0.0,80,4G,-102,72.0,-16.0,0.0011098887328028,40.30622692377462,21.7545026280628,Normal
User_60,2025-08-14 09:05:09,0.602,0.7556,Running,Koila,Reckless_Driving,2way,1.0,50,5G,-114,33.0,-13.0,0.0074788395024817,40.32144277854745,21.79255837447418,Normal
User_24,2025-08-14 09:41:31,0.7,0.675,Running,Center,Driving_Under_Influence,2way,0.0,60,3G,Ethernet,48.0,15.0,0.002485437445083,40.32223449432069,21.791258825989416,Intentional
User_09,2025-08-14 12:59:21,0.377,0.8298,Driving,Koila,Speeding,1way,0.0,60,3G,-73,74.0,0.0,0.0098614387440101,40.321832395926215,21.79118984401924,Normal
User_74,2025-08-14 13:11:40,0.6,0.4595,Running,Center,Speeding,2way,1.0,10,4G,-101,90.0,13.0,0.004832421718995,40.306557940100305,21.80540616549415,Intentional
User_72,2025-08-14 14:38:58,0.697,0.5522,Walking,Koila,Reckless_Driving,2way,0.0,30,5G,Ethernet,67.0,-7.0,0.0024254740338232,40.32199398027243,21.79158309546806,Normal
User_80,2025-08-14 18:00:01,0.313,0.6645,Walking,Zep,Reckless_Driving,5way,0.0,30,3G,-75,44.0,12.0,0.0083893014195128,40.279290249444735,21.753453037543775,Intentional
User_43,2025-08-14 20:42:17,0.255,0.7243,Walking,Ligeris,Driving_Under_Influence,1way,0.0,80,4G,-98,48.0,-14.0,0.0098736753972201,40.305810242589544,21.807742027649667,Normal
User_89,2025-08-15 04:03:06,0.485,0.7603,Driving,Ligeris,Reckless_Driving,1way,0.0,30,3G,-87,48.0,5.0,0.0083257333780467,40.322062276172765,21.792637094239584,Normal
User_33,2025-08-15 05:23:46,0.486,0.5926,Driving,Ligeris,Reckless_Driving,4way,1.0,40,WiFi,-66,94.0,0.0,0.0067451289939441,40.30622692377462,21.80782213315784,Normal
User_19,2025-08-15 09:41:37,0.384,0.7913,Driving,Koila,Driving_Under_Influence,2way,1.0,30,3G,Ethernet,53.0,0.0,0.0056070153311003,40.30622692377462,21.793044156226365,Normal
User_51,2025-08-15 21:08:23,0.708,0.7999,Walking,Koila,Speeding,1way,0.0,90,3G,-95,29.0,-14.0,0.0083084254296718,40.32254254304657,21.791490345327745,Normal
User_27,2025-08-15 22:23:53,0.508,0.7656,Walking,Zep,Speeding,2way,4.0,50,WiFi,-62,48.0,0.0,0.0043430393874798,40.27919579688067,21.791258825989416,Normal
User_78,2025-08-15 23:48:09,0.64,0.5536,Driving,Zep,Speeding,1way,1.0,30,101,-77,68.0,3.0,0.0057271729697465,40.27866482616862,21.752233925175094,Normal
User_13,2025-08-16 04:37:03,0.657,0.5869,Running,Ligeris,Reckless_Driving,2way,0.0,50,WiFi,Ethernet,90.0,9.0,0.0057271729697465,40.30638706657166,21.80971127062902,Normal
User_72,2025-08-16 07:31:33,0.697,0.5552,Walking,Zep,Speeding,4way,2.0,10,3G,-83,72.0,0.0,0.0096925746398823,40.2792840695598,21.791258825989416,Normal
User_62,2025-08-16 11:58:52,0.346,0.7073,Driving,Koila,7,2way,1.0,70,5G,-76,59.0,-18.0,0.0071565276767583,40.323410263832265,21.789886602455812,Unintentional
User_77,2025-08-16 13:53:31,0.347,0.5956,Running,Zep,Driving_Under_Influence,2way,0.0,80,4G,Ethernet,44.0,15.0,0.046,40.279514569533845,21.75333440939584,Unintentional
User_01,2025-08-16 14:28:50,0.618,0.7735,Walking,Ligeris,Speeding,1way,1.0,90,4G,-120,48.0,16.0,0.0083529922293964,40.30613006637721,21.80769046618184,Normal
User_39,2025-08-16 16:22:16,0.508,0.7158,Walking,Ligeris,7,1way,0.0,60,5G,-105,13.0,14.0,0.0031680448613871,40.32291308594251,21.790670383669895,Normal
User_34,2025-08-17 00:28:29,0.508,0.6386,Walking,Ligeris,Speeding,2way,2.0,60,3G,-103,71.0,0.0,0.0014664843930156,40.30622692377462,21.80749174897592,Normal
User_64,2025-08-17 05:42:53,0.508,0.4696,Driving,Ligeris,Driving_Under_Influence,2way,0.0,40,3G,-89,31.0,7.0,0.0050823630342647,40.3215184155773,21.792968852673237,Normal
User_78,2025-08-17 09:07:58,0.64,0.5576,Running,Ligeris,Reckless_Driving,4way,0.0,30,WiFi,-63,0.0,12.0,0.0045140330350656,40.30562751181933,21.80759569153277,Normal
User_61,2025-08-17 09:39:48,0.508,0.5545,Walking,Spinari,Driving_Under_Influence,1way,0.0,80,3G,-89,45.0,-9.0,0.035,40.322318587464665,21.79145760099704,Intentional
User_05,2025-08-17 11:55:30,0.311,0.6118,Walking,Koila,8,2way,0.0,60,3G,-97,100.0,-3.0,0.0015754172289601,40.30622692377462,21.791348014862745,Normal
User_82,2025-08-17 13:02:39,0.499,0.5725,Driving,Zep,Driving_Under_Influence,2way,5.0,50,3G,-113,24.0,12.0,0.0099330698781545,40.27902754566145,21.751857477225148,Normal
User_90,2025-08-17 14:40:20,0.522,0.5224,Driving,Koila,Driving_Under_Influence,1way,1.0,90,WiFi,Ethernet,69.0,0.0,0.0057271729697465,40.32283194689596,21.790224713828167,Normal
User_82,2025-08-17 15:36:50,0.499,0.8154,Driving,Zep,Reckless_Driving,1way,0.0,40,3G,-98,1.0,6.0,0.0065687909853907,40.30622692377462,21.791258825989416,Normal
User_44,2025-08-17 15:57:45,0.332,0.5597,Walking,Spinari,Driving_Under_Influence,1way,1.0,40,3G,-91,40.0,0.0,0.0036111395753031,40.32184841430049,21.789645222979164,Intentional
User_24,2025-08-17 17:27:06,0.7,0.682,Driving,Ligeris,Reckless_Driving,1way,1.0,70,3G,-98,50.0,5.0,0.0057271729697465,40.30672182954589,21.791258825989416,Normal
User_11,2025-08-17 20:38:55,0.539,0.6316,Walking,Ligeris,Driving_Under_Influence,2way,0.0,30,3G,-103,-39.0,-13.0,0.0027832885367202,40.30622692377462,21.79072472694287,Normal
User_46,2025-08-18 01:46:32,0.621,0.6459,Running,Zep,Driving_Under_Influence,2way,1.0,40,4G,-76,55.0,9.0,0.0084876505839136,40.2797430378732,21.791258825989416,Normal
User_45,2025-08-18 03:55:47,0.446,0.5165,Walking,Koila,Speeding,2way,1.0,60,WiFi,-77,-124.0,6.0,0.0032905559642356,40.32320585201016,21.791258825989416,Normal
User_26,2025-08-18 05:10:41,0.642,0.6152,Running,Zep,Reckless_Driving,6way,2.0,50,4G,-92,-121.0,7.0,0.0033259815088705,40.278269718715855,21.791258825989416,Intentional
User_60,2025-08-18 05:16:08,0.602,0.7636,Running,Zep,Reckless_Driving,2way,1.0,40,WiFi,-53,12.0,14.0,0.0015382689453362,40.27896745957516,21.752753416355283,Normal
User_63,2025-08-18 06:15:24,0.408,0.6784,Walking,Koila,Reckless_Driving,2way,4.0,130,4G,-107,60.0,11.0,0.0085941592445261,40.32329201629449,21.791799484006475,Normal
User_09,2025-08-18 11:31:44,0.377,0.8378,Running,Spinari,Speeding,2way,0.0,20,4G,Ethernet,91.0,-10.0,0.0014494833362745,40.30583115577882,21.80861282263691,Intentional
User_26,2025-08-18 13:46:30,0.642,0.6162,Walking,Zep,Reckless_Driving,4way,1.0,20,4G,-102,71.0,23.0,0.0085902413944518,40.27969508393582,21.753250919974544,Unintentional
User_55,2025-08-18 14:33:21,0.489,0.5338,Running,Zep,Reckless_Driving,1way,1.0,20,3G,Ethernet,25.0,-13.0,0.0092508555258421,40.27906062760739,21.752624993107094,Normal
User_49,2025-08-18 14:53:59,0.483,0.566,Walking,Ligeris,Speeding,2way,0.0,40,WiFi,-65,67.0,-3.0,0.0081860367365736,40.306712870048166,21.808656882804243,Normal
User_40,2025-08-18 15:04:51,0.498,0.7137,Running,Zep,Driving_Under_Influence,2way,0.0,40,3G,-113,90.0,-8.0,0.0098424239752872,40.27955045133546,21.752858546610764,Normal
User_17,2025-08-18 16:39:08,0.383,0.4842,Walking,Zep,Reckless_Driving,2way,0.0,60,104,-113,69.0,-1.0,0.0097387677045643,40.28012307581492,21.752341645768343,Normal
User_12,2025-08-18 18:07:06,0.251,0.4807,Running,Koila,Speeding,2way,0.0,50,4G,-70,84.0,-2.0,0.0049864201808698,40.32320549528287,21.790183109624316,Normal
User_47,2025-08-19 01:33:01,0.636,0.5941,Walking,Koila,Driving_Under_Influence,2way,0.0,60,4G,Ethernet,16.0,-10.0,0.0066445715752923,40.32285500134245,21.790078014625394,Normal
User_77,2025-08-19 02:05:57,0.508,0.5725,Driving,Zep,Reckless_Driving,2way,1.0,40,5G,-107,46.0,0.0,0.0044247936431412,40.27940666021421,21.751588114951726,Normal
User_09,2025-08-19 07:55:04,0.377,0.8388,Driving,Spinari,Driving_Under_Influence,4way,0.0,20,4G,-110,65.0,0.0,0.0033271699549507,40.32223652106038,21.791893297541986,Intentional
User_29,2025-08-19 08:20:39,0.309,0.6816,Running,Zep,Reckless_Driving,2way,3.0,120,5G,Ethernet,45.0,-12.0,0.04,40.277977185698745,21.754293142106324,Unintentional
User_61,2025-08-19 16:55:52,0.261,0.5595,Driving,Zep,Reckless_Driving,2way,0.0,30,3G,Ethernet,27.0,-6.0,0.0022975659778904,40.27918000626697,21.75342676379592,Normal
User_45,2025-08-19 23:40:19,0.446,0.5195,Driving,Ligeris,6,2way,1.0,10,WiFi,-70,43.0,0.0,0.0037623404102016,40.30658113789109,21.80758724182348,Normal
User_71,2025-08-20 00:06:48,0.431,0.747,Walking,Zep,Reckless_Driving,4way,0.0,40,5G,-73,88.0,0.0,0.0027649525669471,40.30622692377462,21.752959099988512,Normal
User_96,2025-08-20 04:46:06,0.722,0.5725,Walking,Ligeris,Reckless_Driving,2way,2.0,40,3G,-101,27.0,10.0,0.0057271729697465,40.30500649791024,21.791258825989416,Normal
User_24,2025-08-20 16:05:15,0.7,0.688,Running,Ligeris,Driving_Under_Influence,4way,1.0,20,5G,-76,66.0,-15.0,0.0074549992171461,40.30717829833048,21.808774055711524,Normal
User_80,2025-08-20 21:08:59,0.313,0.6765,Driving,Koila,Driving_Under_Influence,1way,0.0,70,3G,Ethernet,48.0,8.0,0.0026877817958822,40.32150414357977,22.294379,Normal
User_80,2025-08-21 00:52:23,0.313,0.6775,Driving,Koila,Speeding,2way,140.0,60,4G,-96,10.0,-22.0,0.0064451586495473,40.32127495112435,21.79155970047649,Unintentional
User_19,2025-08-21 01:30:12,0.508,0.5725,Driving,Koila,Driving_Under_Influence,2way,0.0,10,3G,-108,0.0,11.0,0.0019946451539442,40.32154795355626,21.791596746392212,Normal
User_73,2025-08-21 04:58:56,0.676,0.8208,Walking,Koila,Driving_Under_Influence,2way,1.0,50,3G,-97,53.0,-13.0,0.0089375604682587,40.32175110211241,22.940487,Normal
User_90,2025-08-21 12:17:59,0.522,0.5304,Driving,Zep,Reckless_Driving,1way,0.0,70,5G,-79,69.0,3.0,0.0089934318298765,40.30622692377462,21.75380926023787,Normal
User_46,2025-08-21 16:23:23,0.621,0.6529,Walking,Ligeris,Speeding,5way,0.0,30,5G,Ethernet,30.0,3.0,0.0057271729697465,40.30656038922161,21.808073025380608,Intentional
User_53,2025-08-21 17:52:25,0.364,0.8327,Walking,Koila,Speeding,2way,0.0,20,4G,-109,2.0,-12.0,0.0057271729697465,40.322297205812305,21.79241910381955,Normal
User_92,2025-08-21 18:58:11,0.611,0.8481,Walking,Ligeris,Driving_Under_Influence,4way,0.0,70,WiFi,Ethernet,47.0,-6.0,0.0055331745615013,40.3062267794251,21.791258825989416,Normal
User_37,2025-08-21 20:43:39,0.508,0.8019,Driving,Spinari,Driving_Under_Influence,2way,0.0,70,5G,-85,10.0,-14.0,0.0085899289796669,40.30509603986153,22.437146,Intentional
User_100,2025-08-21 21:58:55,0.592,0.6641,Walking,Spinari,Speeding,2way,1.0,10,4G,-110,95.0,10.0,0.003617778436513,40.278836995473,21.751483534911873,Intentional
User_16,2025-08-21 22:57:43,0.438,0.5725,Running,Koila,Speeding,2way,0.0,20,3G,-107,48.0,-6.0,0.0073715104774097,40.32302651934701,21.791713609798116,Normal
User_13,2025-08-22 04:35:44,0.657,0.5989,Running,Koila,Speeding,1way,0.0,30,3G,-80,65.0,2.0,0.0057271729697465,40.32156429408524,21.79174842153979,Normal
User_54,2025-08-22 10:02:30,0.508,0.6141,Driving,Ligeris,Speeding,4way,2.0,70,4G,-112,9.0,0.0,0.0082692988982407,40.30788401222287,22.324831,Normal
User_37,2025-08-22 14:23:41,0.528,0.8029,Walking,Ligeris,Driving_Under_Influence,1way,1.0,40,3G,-115,48.0,2.0,0.0057271729697465,40.322199582876834,21.791547218790058,Normal
User_32,2025-08-22 17:31:28,0.694,0.5725,Walking,Ligeris,Speeding,1way,1.0,30,WiFi,-68,48.0,9.0,0.009866899734587,40.30635518008588,21.80790751758706,Normal
User_65,2025-08-22 18:16:11,0.578,0.5725,Walking,Ligeris,Speeding,1way,1.0,30,WiFi,-61,93.0,15.0,0.0066295513238687,40.3078843267132,21.807163454771473,Normal
User_96,2025-08-22 22:58:05,0.722,0.4826,Walking,Ligeris,Speeding,2way,0.0,40,WiFi,-61,8.0,14.0,0.0097268528682758,40.30622692377462,21.80743505989045,Normal
User_12,2025-08-23 02:08:00,0.251,0.4897,Running,Koila,Driving_Under_Influence,1way,0.0,70,4G,-111,48.0,-9.0,0.0097761652871575,40.32277094013054,21.790802052444196,Normal
User_58,2025-08-23 09:21:07,0.669,0.5725,Walking,Zep,Driving_Under_Influence,1way,0.0,30,3G,Ethernet,48.0,-5.0,0.0047487747514367,40.27996668442401,21.753201530956733,Normal
User_05,2025-08-23 10:49:03,0.311,0.6228,Walking,Ligeris,Speeding,2way,0.0,40,3G,-60,17.0,6.0,0.0057271729697465,40.323542206568554,21.79179932256637,Normal
User_53,2025-08-23 11:58:41,0.364,0.8367,Walking,Ligeris,Speeding,2way,0.0,50,WiFi,Satellite,74.0,10.0,0.0016205579463553,40.306688891365305,21.805576079161774,Normal
User_16,2025-08-23 13:06:28,0.508,0.5725,Walking,Koila,Speeding,2way,0.0,20,WiFi,-90,48.0,13.0,0.0023838764710465,40.322510805909786,21.79009052567503,Normal
User_11,2025-08-23 20:19:01,0.508,0.6436,Driving,Ligeris,Driving_Under_Influence,2way,2.0,40,WiFi,-57,78.0,25.0,0.0094381919878514,40.30675776909251,21.809489753361053,Unintentional
User_41,2025-08-23 22:39:32,0.251,0.5725,Walking,Ligeris,Driving_Under_Influence,2way,1.0,40,3G,-107,48.0,-7.0,0.0056227579460154,40.30673163336689,21.809076965490135,Normal
User_20,2025-08-24 02:03:04,0.686,0.5725,Walking,Ligeris,Driving_Under_Influence,2way,0.0,40,119,-94,83.0,1.0,0.0053858263724417,40.30634616633761,21.809034881158748,Normal
User_96,2025-08-24 03:19:34,0.722,0.4856,Walking,Zep,Reckless_Driving,1way,1.0,80,3G,-63,52.0,0.0,0.0080477217388977,40.27878394695613,21.752015495097883,Normal
User_87,2025-08-24 04:28:52,0.374,0.6166,Walking,Spinari,Driving_Under_Influence,1way,0.0,60,3G,Ethernet,97.0,0.0,0.007964968883457,40.322175984138944,21.790168314977837,Intentional
User_43,2025-08-24 09:29:16,0.508,0.7443,Walking,Zep,Speeding,2way,0.0,20,WiFi,Satellite,54.0,10.0,0.007287128129862,40.30622692377462,21.75349547649157,Normal
User_62,2025-08-24 10:12:33,0.346,0.7223,Driving,Ligeris,Reckless_Driving,1way,0.0,40,5G,-70,43.0,15.0,0.0010896240096322,40.30641246667746,21.80686136250058,Normal
User_62,2025-08-24 13:49:40,0.346,0.7233,Running,Koila,Reckless_Driving,1way,1.0,40,WiFi,Ethernet,53.0,-1.0,0.0057271729697465,40.30622692377462,21.792901090037315,Normal
User_56,2025-08-24 15:12:18,0.419,0.6476,Running,Zep,Reckless_Driving,2way,0.0,30,3G,-77,37.0,-3.0,0.0049537847073266,40.278582136688975,22.786506,Normal
User_86,2025-08-24 16:12:13,0.63,0.7393,Walking,Ligeris,Driving_Under_Influence,2way,0.0,60,WiFi,-67,7.0,6.0,0.0087863854380146,40.27993011497379,21.753243447471185,Normal
User_06,2025-08-24 18:43:06,0.614,0.8433,Walking,Ligeris,Reckless_Driving,1way,2.0,Lane_Discards,3G,-119,46.0,-11.0,0.0074502903760592,40.30551101910321,21.791258825989416,Normal
User_70,2025-08-24 21:40:16,0.359,0.8062,Running,Ligeris,Driving_Under_Influence,2way,0.0,40,3G,-108,80.0,-5.0,0.0093017272195625,40.306091923261114,21.807677616726806,Normal
User_69,2025-08-25 05:31:39,0.289,0.6226,Driving,Zep,Speeding,1way,3.0,80,5G,-107,3.0,4.0,0.0057271729697465,40.280706104057664,21.75445029140568,Normal
User_97,2025-08-25 06:32:00,0.296,0.5725,Driving,Koila,Speeding,2way,1.0,60,3G,-117,84.0,-5.0,0.0057271729697465,38.661121,21.792850023502528,Normal
User_79,2025-08-25 09:04:02,0.426,0.5136,Driving,Ligeris,Speeding,2way,0.0,80,WiFi,-61,17.0,-5.0,0.0032429550750035,40.30636137671662,21.807067815270777,Normal
User_03,2025-08-25 11:12:13,0.381,0.5725,Walking,Ligeris,Speeding,2way,0.0,20,4G,-82,48.0,-2.0,0.0086357579523788,40.30622692377462,21.807496839276343,Normal
User_33,2025-08-25 12:25:42,0.486,0.6136,Walking,Ligeris,Reckless_Driving,4way,2.0,70,3G,-86,17.0,8.0,0.0081438355784561,40.27961286258496,21.75231863388184,Normal
User_24,2025-08-25 12:45:57,0.7,0.697,Driving,Ligeris,Reckless_Driving,4way,0.0,40,3G,-60,70.0,1.0,0.0034990844498019,40.30688541601456,21.791258825989416,Normal
User_23,2025-08-25 15:56:54,0.669,0.8376,Running,Koila,Speeding,2way,0.0,70,WiFi,Ethernet,64.0,0.0,0.0047649125151254,40.32269475824359,21.791258825989416,Normal
User_17,2025-08-25 16:56:31,0.383,0.4982,Driving,Ligeris,Speeding,2way,1.0,40,3G,-93,4.0,-5.0,0.0044899465543724,40.27861622072748,21.75507928544718,Normal
User_59,2025-08-25 22:00:45,0.696,0.8418,Walking,Ligeris,Speeding,4way,0.0,Illegal_Parking,3G,-101,64.0,0.0,0.0023403935002878,40.30622692377462,18.234621,Normal
User_21,2025-08-26 02:46:23,0.64,0.8365,Driving,Koila,Reckless_Driving,4way,0.0,20,WiFi,-77,2.0,-15.0,0.0071406925835377,40.32111124844064,21.79259603325678,Normal
User_79,2025-08-26 05:11:33,0.508,0.5146,Running,Koila,Speeding,4way,0.0,20,3G,Ethernet,13.0,-16.0,0.0012198832929643,40.322742722080264,21.792123287085,Normal
User_13,2025-08-26 06:38:28,0.657,0.5725,Running,Ligeris,Reckless_Driving,2way,150.0,40,3G,-82,45.0,16.0,0.0047151606414178,40.30625332121737,21.80750278728753,Normal
User_33,2025-08-26 07:11:18,0.486,0.6146,Running,Ligeris,Driving_Under_Influence,2way,0.0,90,3G,-91,1.0,-13.0,0.0076197712191641,40.30628485262874,21.807582278941947,Normal
User_32,2025-08-26 08:55:49,0.694,0.5725,Walking,Koila,Reckless_Driving,2way,0.0,20,4G,-87,60.0,11.0,0.0039502569700244,40.32131761622126,21.79197988316647,Normal
User_50,2025-08-26 09:08:19,0.477,0.8027,Running,Ligeris,Speeding,4way,1.0,10,WiFi,Ethernet,13.0,-2.0,0.0079410127756155,40.30712684239887,21.808265214666125,Normal
User_48,2025-08-26 09:33:53,0.611,0.5725,Running,Koila,Driving_Under_Influence,2way,1.0,Lane_Discards,4G,-70,58.0,-8.0,0.0092870010231755,40.32179893702392,21.791258825989416,Normal
User_69,2025-08-26 09:42:19,0.289,0.6256,Walking,Koila,Speeding,2way,1.0,40,4G,-75,63.0,-8.0,0.005438880611939,40.32066567054062,21.791585873634823,Normal
User_78,2025-08-26 11:52:04,0.508,0.5756,Running,Ligeris,Driving_Under_Influence,2way,0.0,90,3G,-114,23.0,-4.0,0.0057271729697465,40.306990472511366,21.80832313635841,Normal
User_05,2025-08-26 14:55:10,0.311,0.6298,Running,Ligeris,Driving_Under_Influence,2way,1.0,40,4G,-85,59.0,-2.0,0.0074692980413431,40.306661138010035,21.807194513692693,Normal
User_62,2025-08-26 15:56:53,0.346,0.7273,Walking,Koila,Speeding,2way,0.0,60,WiFi,-60,50.0,2.0,0.00602482829679,40.323013343887425,21.790301173539007,Normal
User_64,2025-08-26 17:09:22,0.257,0.4886,Walking,Koila,Driving_Under_Influence,1way,0.0,70,3G,Ethernet,33.0,-8.0,0.0068521894634817,40.32274274836004,21.790474573762335,Normal
User_13,2025-08-26 22:44:29,0.657,0.6079,Running,Koila,Speeding,2way,1.0,30,3G,-86,48.0,-2.0,0.0047780184956737,40.32114269186241,21.79180919146203,Normal
User_29,2025-08-27 05:45:49,0.309,0.6976,Walking,Koila,Reckless_Driving,1way,2.0,30,4G,-118,17.0,-4.0,0.0098113473576674,40.30622692377462,21.791861824019513,Normal
User_51,2025-08-27 11:45:07,0.508,0.8239,Walking,Zep,Reckless_Driving,2way,1.0,50,5G,-77,7.0,-16.0,0.0024112272470091,40.30622692377462,21.791258825989416,Normal
User_79,2025-08-27 13:01:21,0.426,0.5725,Driving,Zep,Driving_Under_Influence,2way,0.0,Illegal_Parking,4G,-118,48.0,-16.0,0.0068629421843865,40.28070800744454,21.753303673017736,Normal
User_57,2025-08-27 13:37:03,0.508,0.5934,Running,Zep,Driving_Under_Influence,2way,2.0,Illegal_Parking,102,Ethernet,49.0,-1.0,0.0057271729697465,40.28010646959217,21.75295712766251,Normal
User_85,2025-08-27 13:57:08,0.572,0.8732,Walking,Ligeris,Reckless_Driving,2way,0.0,90,105,-97,57.0,4.0,0.0012198930240406,40.30462981278649,21.807753184860932,Normal
User_62,2025-08-27 16:08:55,0.346,0.7293,Driving,Zep,Reckless_Driving,5way,1.0,130,3G,-120,99.0,-14.0,0.0057271729697465,40.30622692377462,21.75380383770224,Intentional
User_95,2025-08-27 17:12:46,0.508,0.5663,Flying,Ligeris,Speeding,4way,1.0,20,WiFi,-64,68.0,0.0,0.0082593224703338,40.321939600771586,21.791258825989416,Intentional
User_82,2025-08-27 20:10:27,0.508,0.8354,Running,Koila,Reckless_Driving,2way,0.0,Lane_Discards,3G,Ethernet,56.0,0.0,0.0016951626961275,40.30622692377462,21.7909115017036,Normal
User_34,2025-08-27 21:48:38,0.401,0.6596,Running,Koila,Speeding,2way,0.0,90,3G,-100,27.0,-5.0,0.0066534955829446,40.32244028410831,21.789478504374923,Normal
User_100,2025-08-28 03:21:06,0.508,0.5725,Walking,Koila,Reckless_Driving,2way,160.0,40,WiFi,Satellite,83.0,-3.0,0.0044482657056527,40.32210209042915,21.791258825989416,Normal
User_16,2025-08-28 03:29:35,0.438,0.6039,Running,Ligeris,Reckless_Driving,1way,2.0,30,WiFi,-90,30.0,0.0,0.0029815816563644,40.30605635639336,21.791258825989416,Normal
User_27,2025-08-28 04:29:51,0.319,0.7906,Walking,Ligeris,Reckless_Driving,2way,0.0,40,WiFi,-63,46.0,-15.0,0.0076685858354274,40.30622692377462,21.80732641914126,Normal
User_53,2025-08-28 04:39:34,0.364,0.8457,Walking,Koila,Driving_Under_Influence,2way,2.0,50,WiFi,-55,81.0,12.0,0.0015764129147848,40.30622692377462,21.790475280029245,Normal
User_17,2025-08-28 05:37:04,0.383,0.5032,Driving,Koila,Reckless_Driving,2way,0.0,50,5G,Ethernet,-40.0,10.0,0.0093657266361253,40.32093223236726,21.791982279532775,Normal
User_35,2025-08-28 10:24:10,0.379,0.6856,Walking,Zep,Speeding,4way,0.0,40,3G,-86,48.0,-13.0,0.0058200026161618,40.27931602075349,21.791258825989416,Normal
User_80,2025-08-28 13:06:56,0.313,0.6925,Walking,Ligeris,Speeding,2way,1.0,40,3G,-115,82.0,0.0,0.0057271729697465,40.30609930161094,21.808369171788215,Normal
User_92,2025-08-28 18:32:35,0.611,0.8611,Walking,Zep,Speeding,1way,0.0,60,3G,Ethernet,34.0,1.0,0.0042123915399531,40.28035116432782,21.7551208428259,Normal
User_91,2025-08-28 19:15:16,0.409,0.5472,Running,Koila,Speeding,1way,2.0,70,WiFi,Satellite,78.0,0.0,0.0072607795242686,40.32158709586229,21.790130080379388,Normal
User_84,2025-08-28 19:34:35,0.689,0.6566,Driving,Koila,Speeding,1way,0.0,40,3G,-101,48.0,-12.0,0.0044934059712857,40.32101970571717,21.79230472996105,Normal
User_71,2025-08-29 00:10:44,0.431,0.765,Running,Ligeris,Reckless_Driving,2way,1.0,20,WiFi,-65,23.0,13.0,0.0076827636059356,38.126354,21.791258825989416,Normal
User_78,2025-08-29 09:12:51,0.64,0.5816,Driving,Koila,Reckless_Driving,1way,0.0,90,4G,-102,49.0,-4.0,0.0015863867424174,40.322350305798274,21.79219014864053,Normal
User_62,2025-08-29 13:19:50,0.346,0.7333,Walking,Koila,Speeding,2way,1.0,90,5G,-82,11.0,6.0,0.0014125699063135,40.32285567222406,21.791258825989416,Normal
User_59,2025-08-29 17:56:18,0.696,0.5725,Driving,Ligeris,Reckless_Driving,2way,0.0,40,4G,Ethernet,75.0,1.0,0.0040214977426115,40.30650067434763,21.80931349725011,Normal
User_79,2025-08-29 20:55:00,0.426,0.5216,Walking,Ligeris,Driving_Under_Influence,2way,0.0,40,3G,-74,19.0,-7.0,0.0057271729697465,40.30572705938183,21.806392145404196,Normal
User_29,2025-08-29 22:53:23,0.309,0.7026,Running,Koila,Reckless_Driving,4way,1.0,40,4G,-81,48.0,0.0,0.0056919056997427,40.322280224755325,21.791176349729596,Normal
User_47,2025-08-29 23:59:49,0.636,0.6151,Walking,Zep,Speeding,2way,160.0,40,5G,Satellite,37.0,0.0,0.0099967774837984,40.27894969837289,21.75389690558532,Normal
User_26,2025-08-30 13:20:38,0.642,0.6392,Driving,Ligeris,Driving_Under_Influence,4way,0.0,40,3G,-79,59.0,10.0,0.0038052640900112,40.30766152706504,21.80659417289263,Normal
User_85,2025-08-30 16:33:40,0.572,0.8802,Walking,Ligeris,Reckless_Driving,2way,2.0,20,3G,Satellite,27.0,-14.0,0.0057271729697465,40.307633083911696,21.806944839063593,Normal
User_51,2025-08-30 22:08:09,0.708,0.8299,Walking,Zep,Speeding,2way,1.0,80,4G,Ethernet,52.0,4.0,0.0093499174298217,40.30622692377462,21.754794341739757,Normal
User_48,2025-08-31 00:33:02,0.611,0.7043,Walking,Koila,Reckless_Driving,1way,0.0,40,5G,-73,38.0,9.0,0.0020061131301031,40.32156039091621,21.79314201535073,Normal
User_08,2025-08-31 01:28:19,0.325,0.8606,Walking,Ligeris,7,1way,0.0,30,3G,-101,48.0,-1.0,0.0090843157044927,40.307710933764774,21.806320658631435,Normal
User_23,2025-08-31 06:53:01,0.669,0.8486,Running,Ligeris,Reckless_Driving,1way,0.0,80,3G,-72,10.0,9.0,0.0068673556872104,37.212392,21.80843185293277,Normal
User_80,2025-08-31 10:14:37,0.313,0.6975,Running,Koila,Speeding,2way,0.0,80,5G,-101,20.0,-25.0,0.0099062916257986,40.32210420191003,21.791377632569368,Unintentional
User_74,2025-08-31 13:33:54,0.6,0.4935,Running,Ligeris,Driving_Under_Influence,2way,1.0,80,3G,Ethernet,51.0,-12.0,0.0017966726415664,40.30545948588522,21.80684198523396,Normal
User_29,2025-08-31 17:03:39,0.309,0.7066,Driving,Koila,Driving_Under_Influence,4way,0.0,40,5G,Ethernet,48.0,13.0,0.0075386405680969,40.32066604713961,21.791080485558098,Normal
User_97,2025-08-31 18:12:00,0.296,0.8409,Running,Zep,Driving_Under_Influence,1way,0.0,50,3G,Ethernet,100.0,-6.0,0.0088135030373379,40.2795791521336,21.75560623704608,Normal
User_67,2025-08-31 19:00:51,0.557,0.6676,Walking,Zep,Driving_Under_Influence,2way,4.0,30,3G,-105,81.0,9.0,0.0073127531884582,40.281082330919745,21.75391268020858,Normal
User_09,2025-08-31 20:13:34,0.377,0.8638,Walking,Ligeris,Speeding,1way,1.0,Harassing_Driver,3G,-85,84.0,16.0,0.0099134330208685,40.28077863890841,21.753588576344008,Normal
User_69,2025-08-31 23:02:03,0.289,0.6356,Walking,Koila,Driving_Under_Influence,1way,0.0,Lane_Discards,4G,-94,16.0,-1.0,0.0033876764519108,40.32038657136298,21.791795698280527,Normal
User_100,2025-09-01 00:30:56,0.508,0.6851,Running,Koila,Reckless_Driving,2way,1.0,50,3G,-116,50.0,-12.0,0.033,40.32280838228166,21.791659203921935,Unintentional
User_96,2025-09-01 02:31:36,0.722,0.5016,Walking,Ligeris,Reckless_Driving,4way,0.0,50,3G,-85,13.0,-6.0,0.0049406952444646,40.30622692377462,21.752893796042255,Normal
User_04,2025-09-01 08:11:21,0.295,0.5479,Driving,Ligeris,Speeding,1way,0.0,40,3G,-112,37.0,-12.0,0.0015603883126061,40.306324048952895,21.791258825989416,Normal
User_27,2025-09-01 16:30:22,0.319,0.7996,Walking,Zep,8,2way,1.0,30,116,-85,75.0,10.0,0.0042000951325524,40.30622692377462,21.75175485851276,Normal
User_78,2025-09-01 17:01:33,0.508,0.5876,Walking,Zep,Speeding,2way,1.0,30,WiFi,-70,0.0,25.0,0.0042668425752545,40.30622692377462,21.752518495528836,Unintentional
User_28,2025-09-01 17:33:29,0.561,0.5885,Driving,Ligeris,Driving_Under_Influence,2way,0.0,30,4G,-74,42.0,-10.0,0.0064931526735427,40.30643673184163,21.80758563853107,Normal
User_22,2025-09-01 20:24:43,0.712,0.5725,Running,Zep,7,1way,0.0,80,3G,Ethernet,29.0,2.0,0.0057271729697465,40.279172198106366,21.75473163959156,Normal
User_49,2025-09-01 23:16:56,0.483,0.594,Walking,Koila,Speeding,2way,0.0,20,3G,-80,86.0,7.0,0.0089052313722627,40.321829516278335,21.791258825989416,Normal
User_87,2025-09-02 01:11:55,0.374,0.6346,Driving,Ligeris,Driving_Under_Influence,1way,160.0,40,3G,-70,31.0,-12.0,0.0097919397847842,40.30544081604525,21.791258825989416,Normal
User_04,2025-09-02 02:02:47,0.508,0.5499,Driving,Koila,Speeding,2way,1.0,70,5G,-120,24.0,6.0,0.0054876554776463,40.30622692377462,21.79047309815158,Normal
User_88,2025-09-02 08:55:11,0.676,0.521,Driving,Zep,Speeding,2way,1.0,70,5G,-82,36.0,1.0,0.0015987933337865,40.27889298087435,21.752157576395703,Normal
User_99,2025-09-02 15:28:25,0.618,0.6953,Walking,Koila,Driving_Under_Influence,4way,1.0,50,5G,-78,74.0,0.0,0.00992472783319,40.32231572428341,21.791672239165297,Normal
User_99,2025-09-02 23:27:14,0.618,0.6963,Walking,Ligeris,Speeding,2way,0.0,40,WiFi,Ethernet,41.0,0.0,0.0042149697391599,38.572032,21.807115481019824,Normal
User_15,2025-09-02 23:32:37,0.585,0.5214,Walking,Ligeris,Speeding,1way,1.0,60,5G,-116,70.0,-18.0,0.0043488715090153,40.30628710504258,21.808084793425422,Unintentional
User_60,2025-09-03 02:06:03,0.602,0.7946,Walking,Zep,Driving_Under_Influence,2way,0.0,40,3G,-119,20.0,-10.0,0.0092219633045378,42.399288,21.753516448579237,Normal
User_62,2025-09-03 09:30:15,0.346,0.7423,Driving,Ligeris,8,2way,0.0,40,4G,-98,34.0,11.0,0.0015031707051643,40.278689254107654,18.981061,Normal
User_43,2025-09-03 12:08:42,0.255,0.7653,Running,Center,Reckless_Driving,2way,0.0,40,3G,-102,93.0,-3.0,0.0057271729697465,40.28009150148388,21.753510410293607,Intentional
User_13,2025-09-03 14:55:16,0.508,0.6239,Running,Ligeris,9,2way,0.0,60,4G,Ethernet,18.0,19.0,0.0086876677835774,40.30629290508355,21.80809231494869,Unintentional
User_92,2025-09-03 15:42:28,0.611,0.8731,Walking,Ligeris,Speeding,1way,140.0,50,WiFi,-79,72.0,15.0,0.0055610936236911,40.30604319345633,21.80756905395953,Normal
User_18,2025-09-03 18:16:00,0.271,0.6344,Walking,Ligeris,Speeding,2way,1.0,60,5G,-120,58.0,6.0,0.0057271729697465,40.30622692377462,21.80629466533389,Normal
User_08,2025-09-03 21:06:10,0.325,0.8676,Driving,Zep,Speeding,5way,0.0,60,4G,-110,35.0,15.0,0.0011024219828636,40.280748847345784,21.753372424902437,Intentional
User_43,2025-09-04 03:08:33,0.255,0.7663,Running,Ligeris,Driving_Under_Influence,2way,2.0,Harassing_Driver,5G,Ethernet,27.0,11.0,0.0065685312549746,40.306630108170864,21.806691882472123,Normal
User_74,2025-09-04 06:28:46,0.6,0.5725,Driving,Koila,Reckless_Driving,1way,0.0,50,3G,-87,85.0,14.0,0.0035594673704736,40.32282073360245,21.791085538500095,Normal
User_32,2025-09-04 08:49:38,0.694,0.7948,Walking,Koila,Speeding,4way,5.0,60,WiFi,-62,4.0,0.0,0.0017058737938413,40.32224426503432,21.791258825989416,Normal
User_24,2025-09-04 14:39:05,0.7,0.717,Running,Ligeris,Reckless_Driving,1way,0.0,20,4G,-82,-159.0,9.0,0.0014208229255241,40.30566540914497,21.805499936349957,Normal
User_71,2025-09-04 15:05:30,0.431,0.777,Running,Ligeris,Driving_Under_Influence,2way,0.0,Lane_Discards,WiFi,-74,81.0,-2.0,0.0061171412241872,40.30622692377462,21.791258825989416,Normal
User_05,2025-09-04 16:02:26,0.311,0.6478,Walking,Koila,Driving_Under_Influence,2way,160.0,10,4G,-98,46.0,-13.0,0.001787866711656,40.32346132403896,21.789937385709543,Normal
User_31,2025-09-04 18:58:21,0.72,0.7439,Running,Ligeris,Driving_Under_Influence,2way,0.0,80,WiFi,-59,59.0,3.0,0.009714213744936,40.305170990293384,21.8079024966929,Normal
User_81,2025-09-04 21:28:18,0.482,0.7414,Walking,Ligeris,Reckless_Driving,1way,0.0,60,5G,-101,7.0,13.0,0.0047411867375229,40.30635313057434,21.791258825989416,Normal
User_71,2025-09-04 23:41:18,0.431,0.778,Running,Ligeris,Driving_Under_Influence,2way,0.0,10,5G,-116,48.0,8.0,0.0050210544866259,40.30736136793005,21.806415533031995,Normal
User_64,2025-09-05 01:19:56,0.257,0.5725,Walking,Koila,Speeding,2way,0.0,40,4G,-94,48.0,-2.0,0.0057271729697465,40.32208680669821,21.79168409926304,Normal
User_28,2025-09-05 02:23:33,0.561,0.5965,Walking,Zep,Speeding,2way,0.0,110,5G,-70,74.0,-4.0,0.0058041682310708,40.28108770308073,21.75326958217807,Normal
User_34,2025-09-05 09:08:31,0.401,0.6776,Walking,Zep,Reckless_Driving,1way,0.0,50,4G,-112,69.0,0.0,0.0029562064107788,40.27972214838936,21.75348549319847,Normal
User_78,2025-09-05 11:52:07,0.64,0.5946,Walking,Zep,Reckless_Driving,4way,1.0,20,4G,-70,44.0,1.0,0.0093560689210252,40.278809529576264,21.753516154452345,Normal
User_88,2025-09-05 12:36:05,0.676,0.528,Walking,Zep,Speeding,2way,0.0,90,3G,Ethernet,13.0,0.0,0.0058919689680271,40.27975318130368,21.751984870319927,Normal
User_19,2025-09-05 13:30:16,0.384,0.8333,Running,Ligeris,Reckless_Driving,2way,0.0,40,3G,Ethernet,11.0,-13.0,0.036,40.30667641747114,21.807763741795743,Unintentional
User_66,2025-09-05 15:57:01,0.508,0.8817,Walking,Zep,Driving_Under_Influence,2way,150.0,80,5G,Satellite,100.0,-9.0,0.0057271729697465,40.279883945993355,21.753801326741907,Normal
User_42,2025-09-05 16:01:36,0.577,0.7592,Walking,Koila,Reckless_Driving,1way,0.0,60,3G,-86,27.0,5.0,0.0057271729697465,40.322110702099195,21.791366461921324,Normal
User_50,2025-09-05 22:01:48,0.477,0.8217,Running,Zep,Speeding,4way,0.0,120,WiFi,Satellite,48.0,-14.0,0.0057271729697465,40.27810128019682,21.75323472706437,Normal
User_62,2025-09-05 22:49:20,0.346,0.7473,Running,Koila,Reckless_Driving,2way,0.0,40,3G,-118,78.0,0.0,0.0057271729697465,40.32235737674595,21.790511883609607,Normal
User_89,2025-09-06 02:38:13,0.485,0.8033,Driving,Koila,Driving_Under_Influence,5way,3.0,40,3G,-117,42.0,0.0,0.0095722258410519,40.32182537070004,21.79255378553985,Intentional
User_55,2025-09-06 17:50:59,0.489,0.5718,Walking,Ligeris,Driving_Under_Influence,2way,0.0,40,WiFi,-76,62.0,-1.0,0.0026421298072924,40.30643560032024,21.791258825989416,Normal
User_94,2025-09-06 18:33:24,0.648,0.5608,Walking,Zep,Speeding,1way,0.0,40,WiFi,-52,65.0,9.0,0.022,40.27895767448139,21.755146274084655,Unintentional
User_89,2025-09-06 23:42:02,0.485,0.8043,Driving,Center,Speeding,2way,1.0,20,5G,-119,31.0,14.0,0.043,40.305434539990955,21.807516780827243,Intentional
User_25,2025-09-07 02:55:27,0.627,0.5563,Running,Ligeris,Driving_Under_Influence,2way,0.0,40,WiFi,Ethernet,75.0,0.0,0.0047179696996464,40.30611153387304,21.8087246628233,Normal
User_04,2025-09-07 03:08:03,0.295,0.5599,Driving,Zep,Speeding,2way,0.0,80,5G,-99,33.0,-1.0,0.0077164558573313,40.27887522614137,21.754792664038252,Normal
User_78,2025-09-07 03:41:37,0.64,0.5986,Driving,Center,Reckless_Driving,2way,2.0,20,4G,-101,79.0,-9.0,0.0055100983581486,40.32268904092637,21.79057194752553,Intentional
User_19,2025-09-07 11:23:40,0.508,0.8373,Walking,Ligeris,Speeding,2way,0.0,40,WiFi,-87,60.0,-10.0,0.0014737109063878,40.306532958814486,21.80789997103075,Normal
User_88,2025-09-07 13:46:06,0.676,0.532,Walking,Zep,Driving_Under_Influence,2way,0.0,40,5G,-106,87.0,-1.0,0.0057271729697465,40.27810952400623,21.75243034660038,Normal
User_32,2025-09-07 18:07:32,0.694,0.8008,Walking,Koila,Speeding,2way,1.0,20,3G,-104,14.0,-4.0,0.0051004063706017,40.3213764623966,21.792190057928597,Normal
User_84,2025-09-08 00:20:35,0.689,0.6776,Driving,Zep,Speeding,2way,1.0,30,WiFi,-65,56.0,-8.0,0.0030107771678167,40.27994428753699,21.754285728302342,Normal
User_100,2025-09-08 01:51:45,0.592,0.6991,Walking,Ligeris,Speeding,2way,1.0,20,3G,-84,6.0,6.0,0.0090110047324984,40.307009286190805,21.791258825989416,Normal
User_58,2025-09-08 03:31:15,0.508,0.633,Walking,Ligeris,Reckless_Driving,2way,140.0,120,4G,-93,29.0,-12.0,0.0061270726177013,40.30628097967936,21.807478707386764,Normal
User_62,2025-09-08 03:48:02,0.346,0.7523,Walking,Spinari,Speeding,4way,2.0,90,4G,-116,16.0,8.0,0.0098385021759121,40.30622692377462,21.808411676948452,Intentional
User_80,2025-09-08 04:58:26,0.313,0.7135,Walking,Koila,Speeding,2way,1.0,60,WiFi,-58,30.0,-8.0,0.0064520823845615,40.32241448891177,21.79070965832672,Normal
User_18,2025-09-08 11:13:44,0.271,0.5725,Driving,Koila,Reckless_Driving,2way,3.0,80,5G,-84,6.0,-1.0,0.0098665562260428,40.30622692377462,21.791755983398023,Normal
User_45,2025-09-08 11:22:23,0.446,0.5585,Running,Ligeris,Speeding,2way,1.0,40,3G,-87,93.0,-5.0,0.0038239781019771,40.30622692377462,21.791258825989416,Normal
User_50,2025-09-09 02:23:02,0.477,0.8297,Walking,Zep,Speeding,2way,1.0,80,WiFi,-54,48.0,-13.0,0.001691541812025,40.27975464017726,21.753582955710893,Normal
User_76,2025-09-09 05:04:59,0.349,0.5725,Running,Ligeris,Reckless_Driving,2way,3.0,50,5G,-113,60.0,14.0,0.0010760103992671,40.30517531922872,21.80745418050423,Normal
User_86,2025-09-09 05:55:39,0.508,0.7703,Walking,Ligeris,Driving_Under_Influence,6way,1.0,60,3G,Ethernet,26.0,8.0,0.0011044945649604,40.30622692377462,21.805385373590916,Intentional
User_15,2025-09-09 07:59:05,0.585,0.5344,Running,Zep,Driving_Under_Influence,2way,0.0,20,3G,-105,37.0,21.0,0.0090421205946495,40.27944417725751,21.753298190905348,Unintentional
User_70,2025-09-09 14:32:43,0.359,0.8382,Running,Ligeris,Reckless_Driving,4way,1.0,40,3G,-73,91.0,-3.0,0.0038870556431277,40.30546119106248,21.80926169249844,Normal
User_02,2025-09-09 17:38:21,0.504,0.6888,Walking,Koila,Speeding,2way,0.0,60,3G,-104,48.0,6.0,0.0058461196915084,40.32126003508199,22.648441,Normal
User_71,2025-09-10 03:51:14,0.431,0.789,Driving,Koila,Speeding,4way,1.0,70,4G,-105,66.0,4.0,0.0040799574728726,40.32150142859,17.524285,Normal
User_24,2025-09-10 05:23:48,0.7,0.729,Driving,Spinari,Speeding,2way,1.0,40,3G,Ethernet,46.0,12.0,0.022,40.305953203571,21.807789233204325,Intentional
User_54,2025-09-10 06:09:38,0.508,0.6511,Walking,Koila,Reckless_Driving,1way,1.0,Illegal_Parking,5G,-109,87.0,-3.0,0.0022860371184988,40.3218799376093,21.78944091446582,Normal
User_56,2025-09-10 09:06:43,0.419,0.6806,Walking,Ligeris,Reckless_Driving,2way,1.0,60,WiFi,-56,88.0,1.0,0.0046028628828882,41.946025,21.80832400725589,Normal
User_26,2025-09-10 12:30:00,0.508,0.6622,Driving,Ligeris,Speeding,2way,0.0,40,5G,Ethernet,15.0,-12.0,0.0056189926601464,40.32033202151812,21.791258825989416,Normal
User_82,2025-09-10 13:46:33,0.499,0.5725,Walking,Zep,Driving_Under_Influence,2way,4.0,80,4G,-118,61.0,-9.0,0.008004811251301,40.27829200940629,21.75253159137304,Normal
User_03,2025-09-10 18:33:19,0.381,0.6975,Walking,Zep,Speeding,1way,2.0,50,4G,-75,48.0,0.0,0.0057271729697465,37.316073,21.75312038217469,Normal
User_14,2025-09-10 18:45:43,0.549,0.5217,Running,Ligeris,Driving_Under_Influence,4way,0.0,40,WiFi,-63,15.0,-4.0,0.0057271729697465,40.30577272199056,21.8081437736196,Normal
User_74,2025-09-10 20:48:39,0.6,0.5725,Walking,Zep,Speeding,5way,1.0,30,3G,-78,48.0,-2.0,0.0074691041719952,40.279612647275414,21.753010823833584,Intentional
User_17,2025-09-10 22:16:55,0.383,0.5302,Running,Ligeris,Speeding,2way,0.0,80,3G,Satellite,4.0,0.0,0.0087737391800315,40.30699041338397,21.80607840947317,Normal
User_08,2025-09-11 00:02:52,0.325,0.8826,Walking,Koila,Speeding,5way,0.0,10,118,-111,84.0,-9.0,0.0019406175907483,40.32356936428008,21.79046877665547,Intentional
User_55,2025-09-11 00:10:09,0.489,0.5808,Running,Koila,Speeding,4way,160.0,40,103,-60,36.0,0.0,0.008123595357942,40.322061443606096,21.79144423235125,Normal
User_75,2025-09-11 06:44:25,0.544,0.8484,Driving,Ligeris,Reckless_Driving,1way,0.0,80,5G,-100,-35.0,-5.0,0.0014623601573125,40.30612373894936,21.791258825989416,Normal
User_52,2025-09-11 11:45:36,0.399,0.5725,Driving,Center,Driving_Under_Influence,2way,0.0,70,105,Ethernet,39.0,10.0,0.0012597187975125,40.27831219849916,21.753788365152424,Intentional
User_95,2025-09-11 13:56:18,0.739,0.5953,Running,Ligeris,Driving_Under_Influence,2way,0.0,40,3G,-103,56.0,-16.0,0.0094887059785497,40.30544911270329,23.640172,Normal
User_93,2025-09-11 16:59:27,0.418,0.6091,Running,Koila,Speeding,2way,0.0,40,3G,-57,24.0,-8.0,0.0051836062703338,40.32267505623573,21.790110221329435,Normal
User_34,2025-09-12 06:35:55,0.401,0.6916,Driving,Zep,Driving_Under_Influence,2way,1.0,80,5G,-99,31.0,20.0,0.0036894026649498,40.27976518623011,21.753024830673727,Unintentional
User_03,2025-09-12 07:26:37,0.381,0.7005,Walking,Koila,Driving_Under_Influence,2way,0.0,90,5G,-86,32.0,-11.0,0.0078134577581513,40.32258487950771,21.79069861946671,Normal
User_29,2025-09-12 08:29:45,0.309,0.7306,Walking,Zep,Speeding,2way,2.0,70,3G,-75,37.0,-13.0,0.0057271729697465,40.278425205954896,21.751517754698824,Normal
User_84,2025-09-12 09:23:36,0.689,0.6866,Running,Koila,Speeding,2way,1.0,30,5G,Ethernet,62.0,7.0,0.0085739582408984,40.321052198201095,21.792000565193916,Normal
User_78,2025-09-12 10:51:41,0.64,0.5725,Running,Zep,Driving_Under_Influence,2way,1.0,50,WiFi,-55,63.0,0.0,0.023,40.278393081218795,21.791258825989416,Unintentional
User_88,2025-09-12 11:14:03,0.676,0.542,Running,Koila,Driving_Under_Influence,1way,140.0,80,5G,Ethernet,25.0,6.0,0.0083029480066104,40.32180097146052,18.701259,Normal
User_55,2025-09-12 12:09:59,0.489,0.5838,Driving,Ligeris,Speeding,2way,4.0,60,4G,-90,17.0,-1.0,0.0038136907305843,40.30622692377462,21.791258825989416,Normal
User_94,2025-09-13 01:58:22,0.648,0.5738,Walking,Zep,Reckless_Driving,2way,2.0,Illegal_Parking,WiFi,-80,48.0,10.0,0.0040924780029733,40.279683949837185,21.75273816705573,Normal
User_84,2025-09-13 02:31:43,0.508,0.5725,Driving,Ligeris,Reckless_Driving,2way,160.0,30,WiFi,-88,74.0,-13.0,0.0064361580596803,40.306206506127346,21.80750345631652,Normal
User_30,2025-09-13 02:53:08,0.508,0.7775,Running,Ligeris,Reckless_Driving,2way,160.0,10,5G,-88,64.0,15.0,0.0092827537883341,40.3062226995084,21.80748042540575,Normal
User_21,2025-09-13 04:00:33,0.64,0.8725,Driving,Koila,Reckless_Driving,1way,1.0,80,3G,-78,64.0,3.0,0.0032730068769871,40.30622692377462,21.789305417673027,Normal
User_34,2025-09-13 07:31:21,0.401,0.6926,Walking,Ligeris,Driving_Under_Influence,1way,0.0,70,WiFi,-51,30.0,-6.0,0.004339022767948,40.305934973026574,21.8061922887955,Normal
User_91,2025-09-13 11:33:32,0.508,0.5792,Walking,Zep,Reckless_Driving,1way,1.0,110,4G,-110,45.0,-8.0,0.0017120340592646,40.27883738749853,21.751381387677043,Normal
User_93,2025-09-13 12:22:56,0.418,0.6141,Walking,Zep,9,4way,0.0,100,5G,-114,3.0,12.0,0.0074977894509083,40.27902475299414,21.75476235223897,Normal
User_66,2025-09-13 16:14:05,0.325,0.8977,Walking,Spinari,Driving_Under_Influence,1way,0.0,40,105,-92,73.0,-1.0,0.0042117316655945,40.27928809636737,21.751918360655523,Intentional
User_53,2025-09-14 02:40:10,0.364,0.8797,Walking,Ligeris,Speeding,2way,1.0,60,3G,-61,10.0,-6.0,0.0022901519388913,40.28104344544456,21.753229948270707,Normal
User_17,2025-09-14 02:57:26,0.383,0.5725,Walking,Ligeris,Reckless_Driving,4way,1.0,30,3G,Ethernet,75.0,17.0,0.0057271729697465,40.27920128164102,21.75287444422801,Unintentional
User_12,2025-09-14 03:37:52,0.251,0.5725,Walking,Zep,Speeding,4way,0.0,40,WiFi,-79,52.0,-3.0,0.0076650651575768,40.27933096238317,21.753155684782453,Normal
User_33,2025-09-14 03:44:37,0.486,0.6526,Driving,Koila,Speeding,2way,0.0,20,3G,-90,85.0,-8.0,0.009658759647932,37.63739,21.791847384792938,Normal
User_84,2025-09-14 11:58:01,0.689,0.6906,Walking,Ligeris,Reckless_Driving,2way,3.0,60,3G,-88,1.0,11.0,0.0092741235404677,40.306168869427225,21.806000280436837,Normal
User_22,2025-09-14 13:19:37,0.712,0.5523,Walking,Zep,Driving_Under_Influence,1way,1.0,50,3G,-104,21.0,-15.0,0.0063039769731788,40.30622692377462,21.753209179411066,Normal
User_85,2025-09-14 16:38:53,0.572,0.9092,Walking,Zep,Reckless_Driving,4way,5.0,80,WiFi,-54,-153.0,-1.0,0.0043531701964177,40.27824749641181,21.752349946405353,Normal
User_20,2025-09-14 16:55:52,0.508,0.8424,Walking,Zep,Driving_Under_Influence,2way,3.0,40,WiFi,-56,53.0,0.0,0.0027468770285132,40.279959112884704,21.753823658676588,Normal
User_31,2025-09-14 20:47:34,0.72,0.7639,Walking,Zep,Driving_Under_Influence,2way,1.0,90,5G,-108,40.0,3.0,0.0011818193592064,40.30622692377462,21.75205862822295,Normal
User_70,2025-09-14 21:29:44,0.359,0.8482,Walking,Koila,Speeding,4way,1.0,30,3G,-91,38.0,6.0,0.0093137035782203,40.32345600259936,22.274738,Normal
User_97,2025-09-15 01:03:15,0.296,0.8709,Running,Ligeris,Driving_Under_Influence,2way,2.0,20,5G,-83,32.0,-16.0,0.0048351418144196,40.30749024978138,22.846795,Normal
User_80,2025-09-15 11:52:40,0.313,0.7275,Driving,Ligeris,Speeding,2way,0.0,50,3G,-81,100.0,14.0,0.0057271729697465,40.304800561078174,21.807641387934428,Normal
User_75,2025-09-15 12:23:22,0.544,0.8574,Driving,Zep,Reckless_Driving,2way,4.0,60,5G,-120,66.0,0.0,0.0072878129673144,40.27963325069032,21.753355313913737,Normal
User_80,2025-09-15 15:37:53,0.313,0.7285,Driving,Zep,7,4way,0.0,30,5G,-101,-29.0,0.0,0.0035431456937354,40.27988660157289,21.791258825989416,Normal
User_56,2025-09-15 18:37:07,0.419,0.6916,Driving,Ligeris,Speeding,2way,0.0,40,3G,Ethernet,20.0,-8.0,0.0060017277075694,40.3058140827654,21.791258825989416,Normal
User_43,2025-09-15 18:45:00,0.255,0.7883,Driving,Zep,Reckless_Driving,6way,3.0,60,4G,-116,95.0,11.0,0.0085467389811478,40.28096994755166,21.754094336245153,Intentional
User_04,2025-09-15 23:49:50,0.508,0.5769,Driving,Zep,Driving_Under_Influence,2way,1.0,40,3G,-82,48.0,2.0,0.0058956601864859,40.27954389127253,21.753247318439385,Normal
User_82,2025-09-16 07:04:14,0.499,0.8744,Driving,Koila,Driving_Under_Influence,2way,150.0,80,3G,-117,69.0,11.0,0.0057271729697465,40.32190538505919,21.79125278900082,Normal
User_83,2025-09-16 15:14:22,0.453,0.8075,Driving,Koila,Speeding,2way,0.0,70,4G,-75,67.0,-15.0,0.0096278037364601,40.321217943680125,21.7927462543798,Normal
User_05,2025-09-16 17:18:55,0.311,0.6708,Walking,Zep,Driving_Under_Influence,2way,4.0,40,4G,-95,53.0,-7.0,0.009405076486601,40.27988458589649,21.791258825989416,Normal
User_62,2025-09-16 18:07:36,0.346,0.7693,Walking,Ligeris,Speeding,6way,2.0,30,116,-73,48.0,11.0,0.0048916959704166,40.30742325294461,21.807953326418048,Intentional
User_91,2025-09-16 20:20:02,0.409,0.5862,Walking,Koila,6,1way,0.0,20,5G,-118,48.0,2.0,0.0073967320568608,40.30622692377462,21.79105345735912,Normal
User_49,2025-09-16 20:44:22,0.483,0.624,Driving,Ligeris,Driving_Under_Influence,2way,1.0,20,WiFi,-66,89.0,15.0,0.0092971486676813,40.27942385662772,21.753316576906485,Normal
User_15,2025-09-17 00:18:23,0.585,0.5504,Walking,Zep,Reckless_Driving,6way,5.0,50,WiFi,-58,98.0,1.0,0.047,40.27848616971988,21.791258825989416,Intentional
User_26,2025-09-17 04:46:28,0.642,0.6752,Driving,Koila,Speeding,2way,1.0,80,3G,-85,48.0,6.0,0.0066914479341631,40.32240363800003,21.791258825989416,Normal
User_73,2025-09-17 05:27:30,0.508,0.8758,Walking,Ligeris,Speeding,2way,1.0,50,4G,-99,28.0,-13.0,0.0098799670972642,38.716922,21.806929794498977,Normal
User_82,2025-09-17 07:58:32,0.499,0.8764,Driving,Ligeris,Driving_Under_Influence,1way,0.0,20,3G,Ethernet,84.0,16.0,0.045,40.3051117437843,21.807114287197077,Unintentional
User_27,2025-09-17 08:26:40,0.319,0.5725,Running,Ligeris,Speeding,2way,0.0,90,5G,-105,60.0,0.0,0.0067079224521171,40.306222457694574,21.807486871534387,Normal
User_48,2025-09-17 10:05:50,0.611,0.7393,Running,Ligeris,Reckless_Driving,2way,0.0,40,4G,-118,48.0,15.0,0.009132876168238,40.27936369658884,21.753667574893655,Normal
User_60,2025-09-17 11:42:25,0.602,0.5725,Walking,Koila,Reckless_Driving,1way,0.0,60,3G,-75,83.0,-16.0,0.0044837474973104,40.30622692377462,21.791258825989416,Normal
User_52,2025-09-17 22:22:00,0.399,0.8569,Walking,Ligeris,Reckless_Driving,4way,0.0,80,WiFi,-72,53.0,-3.0,0.0057271729697465,40.30527901568451,21.808583900724468,Normal
User_13,2025-09-18 01:46:22,0.657,0.6529,Driving,Zep,Reckless_Driving,1way,1.0,60,4G,-73,48.0,-10.0,0.0032401152578203,40.27882084867319,21.751853769125365,Normal
User_17,2025-09-18 01:55:50,0.383,0.5452,Driving,Ligeris,Driving_Under_Influence,5way,1.0,50,WiFi,-68,52.0,-5.0,0.0057271729697465,40.30572224375362,21.80835276986412,Intentional
User_01,2025-09-18 03:16:54,0.618,0.8385,Driving,Zep,Speeding,2way,0.0,10,4G,-83,29.0,16.0,0.0020334184567044,40.27972387516967,21.75233061065425,Normal
User_67,2025-09-18 03:24:37,0.557,0.5725,Driving,Koila,Reckless_Driving,2way,1.0,60,5G,-101,48.0,1.0,0.0057271729697465,40.32128650828191,21.793044397881495,Normal
User_68,2025-09-18 03:49:58,0.508,0.8355,Walking,Koila,Speeding,1way,0.0,Illegal_Parking,5G,Ethernet,30.0,16.0,0.0029860886617743,40.32238011463592,21.791796439470748,Normal
User_45,2025-09-18 06:52:30,0.508,0.5725,Driving,Zep,Reckless_Driving,2way,0.0,60,WiFi,-75,88.0,4.0,0.022,40.2780691087643,21.753341894850415,Unintentional
User_09,2025-09-18 09:29:06,0.377,0.8998,Walking,Koila,Speeding,1way,1.0,40,4G,-91,48.0,-1.0,0.0026209898413279,40.32230839083644,21.790307763101232,Normal
User_15,2025-09-18 16:23:54,0.585,0.5534,Flying,Koila,Driving_Under_Influence,4way,4.0,10,5G,-119,48.0,-13.0,0.0045574897296496,40.32206063759924,21.79123675482125,Intentional
User_91,2025-09-18 20:13:14,0.409,0.5902,Walking,Ligeris,Reckless_Driving,4way,4.0,50,WiFi,-89,-122.0,3.0,0.0077528029957872,40.30679218931166,21.807261362053794,Normal
User_26,2025-09-19 08:09:03,0.642,0.6792,Driving,Zep,Reckless_Driving,1way,0.0,10,3G,-82,11.0,-4.0,0.0040881597042844,40.27981075816526,21.75376095392952,Normal
User_11,2025-09-19 11:17:32,0.508,0.6966,Walking,Ligeris,Driving_Under_Influence,1way,150.0,40,5G,-81,93.0,10.0,0.0030598021541826,40.3072961831025,21.806780839539663,Normal
User_67,2025-09-19 15:36:56,0.508,0.7056,Driving,Zep,Speeding,4way,2.0,40,105,-119,67.0,11.0,0.0084927558612595,40.278679675913565,21.791258825989416,Normal
User_64,2025-09-19 17:20:51,0.257,0.5356,Driving,Ligeris,Driving_Under_Influence,2way,1.0,70,4G,-106,48.0,0.0,0.0057271729697465,40.27935425722512,21.75466692868706,Normal
User_04,2025-09-19 17:39:04,0.295,0.5839,Driving,Zep,Driving_Under_Influence,6way,1.0,60,117,-106,49.0,15.0,0.0050194081139902,40.30622692377462,21.753243675476227,Intentional
User_85,2025-09-19 20:07:25,0.572,0.9202,Walking,Ligeris,Reckless_Driving,1way,0.0,50,3G,-74,47.0,13.0,0.0087176054497442,40.32121438395289,21.79214871140916,Normal
User_65,2025-09-19 20:38:28,0.578,0.6163,Driving,Zep,Reckless_Driving,2way,0.0,10,5G,-75,2.0,0.0,0.0058960520816277,40.27896543804451,21.7513600977359,Normal
User_69,2025-09-19 21:18:30,0.289,0.6736,Walking,Ligeris,9,2way,0.0,80,WiFi,-56,20.0,15.0,0.0026104317236477,41.947724,21.807493607204865,Normal
User_61,2025-09-19 22:06:51,0.508,0.6215,Running,Ligeris,Reckless_Driving,2way,0.0,30,3G,-112,98.0,6.0,0.0085044034808819,40.30602647228901,21.80758675329843,Normal
User_37,2025-09-19 23:15:19,0.528,0.8599,Running,Koila,Driving_Under_Influence,4way,0.0,40,4G,-93,-134.0,-9.0,0.009989217941973,40.30622692377462,21.790921457875985,Normal
User_63,2025-09-20 01:36:55,0.408,0.7444,Walking,Center,Speeding,2way,0.0,10,3G,Ethernet,48.0,-11.0,0.0099193810327809,40.30622692377462,21.791782934781526,Intentional
User_92,2025-09-20 15:39:23,0.611,0.9071,Driving,Koila,Speeding,2way,1.0,40,5G,-70,24.0,-5.0,0.0057271729697465,40.32213457951233,21.789664554702753,Normal
User_25,2025-09-20 16:39:10,0.627,0.5833,Driving,Ligeris,Reckless_Driving,2way,0.0,80,4G,-99,74.0,0.0,0.0055812389101782,40.30781832267195,21.791258825989416,Normal
User_83,2025-09-20 19:18:26,0.453,0.8145,Walking,Ligeris,Driving_Under_Influence,2way,1.0,10,3G,-120,18.0,10.0,0.0070094698429297,40.306258632092934,21.791258825989416,Normal
User_73,2025-09-20 21:24:47,0.676,0.5725,Walking,Ligeris,Driving_Under_Influence,1way,0.0,80,WiFi,-63,92.0,16.0,0.0052247964027342,37.430474,21.807605441789587,Normal
User_88,2025-09-21 01:14:05,0.508,0.559,Walking,Ligeris,Speeding,5way,1.0,40,5G,-80,8.0,-12.0,0.0057271729697465,40.32305060816682,21.7930294020386,Intentional
User_82,2025-09-21 02:36:18,0.499,0.8844,Running,Zep,Speeding,2way,1.0,40,3G,-112,48.0,14.0,0.008702016250103,40.27820200637031,21.754196864455096,Normal
User_90,2025-09-21 03:50:04,0.522,0.5914,Driving,Center,Speeding,2way,0.0,80,5G,Ethernet,72.0,-15.0,0.0057271729697465,40.30510601099052,21.806655214390787,Intentional
User_07,2025-09-21 07:00:41,0.319,0.782,Driving,Koila,7,2way,0.0,40,5G,Ethernet,40.0,3.0,0.002016762715088,40.3223550291872,21.793055947857855,Normal
User_65,2025-09-21 08:30:51,0.578,0.6193,Walking,Koila,Speeding,2way,3.0,Harassing_Driver,3G,-98,-28.0,16.0,0.0058550612408061,40.321842082354976,21.79200274727364,Normal
User_45,2025-09-21 11:45:57,0.446,0.5845,Walking,Center,Speeding,1way,1.0,50,120,Ethernet,2.0,-3.0,0.0087273315644223,40.32222633613966,21.790548492192,Intentional
User_22,2025-09-21 12:01:05,0.712,0.5663,Walking,Ligeris,Driving_Under_Influence,1way,0.0,40,3G,-71,4.0,9.0,0.0057271729697465,40.30715904360816,21.80692472973526,Normal
User_18,2025-09-21 14:20:43,0.271,0.6694,Driving,Koila,Speeding,1way,0.0,40,5G,-98,48.0,-6.0,0.0051140367009134,40.32366157346139,21.79109176879858,Normal
User_46,2025-09-21 14:51:37,0.621,0.7139,Running,Koila,Reckless_Driving,2way,1.0,60,3G,-76,83.0,-9.0,0.0037954724482749,40.30622692377462,21.792507194140683,Normal
User_08,2025-09-21 17:11:52,0.325,0.5725,Driving,Zep,Reckless_Driving,2way,1.0,30,5G,-111,48.0,-1.0,0.0017753955408054,40.27947307839795,21.753429191967733,Normal
User_77,2025-09-21 19:30:39,0.347,0.6676,Walking,Koila,Speeding,4way,1.0,40,5G,-95,78.0,10.0,0.0036686377031091,40.32350214396861,21.790038816379088,Normal
User_32,2025-09-21 22:05:45,0.694,0.8278,Walking,Koila,Driving_Under_Influence,2way,3.0,40,112,-117,40.0,0.0,0.0033970654994306,40.32323422232993,21.79203090364065,Normal
User_78,2025-09-21 23:33:07,0.64,0.6276,Driving,Ligeris,Driving_Under_Influence,1way,1.0,60,WiFi,-90,84.0,-15.0,0.0088996779673224,40.278790317464995,21.751819529889307,Normal
User_41,2025-09-22 00:26:41,0.508,0.7895,Walking,Zep,Reckless_Driving,2way,1.0,50,109,Ethernet,48.0,16.0,0.0059996043813848,40.30622692377462,21.75318606779328,Normal
User_78,2025-09-22 03:18:38,0.64,0.6286,Driving,Ligeris,Speeding,4way,0.0,70,4G,-100,84.0,0.0,0.0082499217277817,40.30772661330484,21.808078003617524,Normal
User_25,2025-09-22 05:53:27,0.508,0.5863,Walking,Zep,Speeding,2way,1.0,50,3G,-117,-15.0,-16.0,0.0053402278578487,40.27972841275112,21.754434798264057,Normal
User_18,2025-09-22 06:52:38,0.271,0.6714,Driving,Ligeris,Driving_Under_Influence,1way,0.0,80,3G,-102,8.0,8.0,0.0057271729697465,40.305925580920515,18.651293,Normal
User_82,2025-09-22 06:55:24,0.499,0.8864,Running,Koila,Driving_Under_Influence,1way,4.0,10,WiFi,-62,40.0,-15.0,0.0046152954576382,40.32092728214546,21.789607521349694,Normal
User_70,2025-09-22 08:30:20,0.359,0.8632,Running,Koila,Speeding,2way,1.0,10,WiFi,-66,3.0,15.0,0.0053330589647027,40.32086841140685,21.79197613592104,Normal
User_97,2025-09-22 08:53:19,0.296,0.8849,Driving,Zep,Driving_Under_Influence,1way,1.0,60,3G,-74,76.0,6.0,0.0057271729697465,40.280288240118296,21.75355161565751,Normal
User_23,2025-09-22 09:27:36,0.669,0.5725,Driving,Koila,Driving_Under_Influence,2way,4.0,40,3G,-103,30.0,11.0,0.0076972983045064,40.32111118653701,21.791440953436197,Normal
User_68,2025-09-22 09:58:10,0.736,0.8445,Driving,Koila,Driving_Under_Influence,4way,1.0,40,3G,-77,48.0,11.0,0.0045106724372966,40.30622692377462,21.791050331196526,Normal
User_12,2025-09-22 11:31:04,0.251,0.5507,Driving,Zep,Driving_Under_Influence,4way,1.0,Harassing_Driver,3G,-120,91.0,1.0,0.0052435428345017,40.27914793284334,21.75268915406608,Normal
User_79,2025-09-22 12:04:22,0.426,0.5696,Walking,Zep,Speeding,2way,4.0,30,5G,Ethernet,98.0,14.0,0.0043022628151653,40.279058023302646,21.755356780396102,Normal
User_87,2025-09-22 13:37:25,0.374,0.6746,Walking,Ligeris,Speeding,2way,2.0,90,3G,-72,12.0,9.0,0.0057271729697465,40.30516476344629,17.154232,Normal
User_99,2025-09-22 16:58:38,0.618,0.7363,Walking,Ligeris,Driving_Under_Influence,4way,0.0,40,3G,-102,63.0,-3.0,0.0090070819197468,40.30612548676452,21.80840183757456,Normal
User_81,2025-09-22 20:48:02,0.482,0.7774,Driving,Ligeris,Reckless_Driving,4way,0.0,80,5G,-73,19.0,0.0,0.0034174990964702,40.307375175548685,21.80585110309972,Normal
User_92,2025-09-22 23:15:11,0.611,0.9121,Driving,Koila,Driving_Under_Influence,2way,0.0,60,115,Ethernet,54.0,12.0,0.0067588324058567,40.323713970221235,21.791258825989416,Normal
User_30,2025-09-23 04:03:18,0.577,0.7975,Walking,Koila,Driving_Under_Influence,2way,1.0,60,3G,-83,50.0,5.0,0.005419254747232,40.32173188198408,21.790884281845607,Normal
User_63,2025-09-23 05:53:54,0.408,0.7504,Driving,Koila,Speeding,2way,1.0,90,WiFi,-70,33.0,2.0,0.0086786524469635,40.30622692377462,21.790910960238207,Normal
User_78,2025-09-23 07:43:34,0.64,0.6306,Walking,Ligeris,Speeding,1way,0.0,60,4G,Ethernet,36.0,9.0,0.0056462000872887,40.306992896413966,21.808058884904117,Normal
User_86,2025-09-23 08:02:15,0.63,0.7983,Walking,Zep,Driving_Under_Influence,4way,1.0,80,WiFi,-61,16.0,-13.0,0.0059344310937161,40.27788349572361,21.791258825989416,Normal
User_84,2025-09-23 08:33:41,0.689,0.7076,Walking,Ligeris,Driving_Under_Influence,1way,4.0,40,107,Ethernet,33.0,0.0,0.0049770174770442,40.27844688790923,21.75468164222147,Normal
User_96,2025-09-23 08:54:54,0.722,0.5456,Running,Zep,Driving_Under_Influence,2way,0.0,10,5G,Ethernet,57.0,-8.0,0.0057271729697465,40.279653531892066,21.755056104163604,Normal
User_42,2025-09-23 10:37:15,0.577,0.7962,Walking,Zep,Reckless_Driving,2way,0.0,50,WiFi,-53,48.0,18.0,0.0097841040019882,40.279066659576586,21.75389372975197,Unintentional
User_90,2025-09-23 12:25:18,0.522,0.5954,Running,Zep,Reckless_Driving,2way,0.0,40,118,-80,48.0,-1.0,0.0057271729697465,40.28067528000199,21.754635279435227,Normal
User_34,2025-09-23 14:59:47,0.401,0.5725,Walking,Koila,Driving_Under_Influence,2way,0.0,10,3G,-72,92.0,15.0,0.0033628005573658,40.321626936907045,21.78943987497282,Normal
User_24,2025-09-23 18:27:07,0.7,0.756,Driving,Zep,Reckless_Driving,1way,1.0,60,3G,-94,5.0,-11.0,0.003866346253786,40.27933923516411,21.752461514952923,Normal
User_07,2025-09-23 20:52:14,0.319,0.786,Walking,Ligeris,Speeding,1way,0.0,40,3G,-120,70.0,0.0,0.0061892353613354,40.306906367488914,21.806458694128448,Normal
User_17,2025-09-23 21:01:17,0.383,0.5562,Walking,Zep,Reckless_Driving,2way,0.0,50,3G,-114,32.0,-16.0,0.0092494116046392,41.705517,21.75295849033053,Normal
User_56,2025-09-23 23:34:41,0.419,0.7076,Walking,Koila,Driving_Under_Influence,2way,0.0,90,4G,-108,50.0,13.0,0.032,40.3210067204296,21.791258825989416,Unintentional
User_45,2025-09-24 01:11:23,0.446,0.5905,Walking,Zep,Speeding,2way,0.0,10,3G,Ethernet,10.0,-15.0,0.0049411498772567,40.30622692377462,21.752519881076363,Normal
User_31,2025-09-24 03:08:10,0.72,0.7829,Walking,Koila,Driving_Under_Influence,1way,1.0,70,3G,-116,-132.0,-10.0,0.0047654274460096,40.32162007236564,21.791258825989416,Normal
User_58,2025-09-24 03:37:10,0.508,0.666,Running,Koila,Driving_Under_Influence,2way,1.0,60,WiFi,Ethernet,51.0,-3.0,0.0057271729697465,40.32307615736437,21.79039381610975,Normal
User_49,2025-09-24 08:34:50,0.483,0.64,Walking,Zep,Speeding,2way,1.0,80,3G,-113,93.0,11.0,0.006665424922644,40.279544646217595,21.753255541918,Normal
User_48,2025-09-24 09:27:07,0.611,0.7533,Running,Koila,Speeding,4way,0.0,40,WiFi,-88,11.0,0.0,0.0096023511885082,40.322229383653806,21.79153065064451,Normal
User_87,2025-09-24 12:16:40,0.374,0.6786,Walking,Zep,Speeding,4way,0.0,40,3G,Ethernet,65.0,11.0,0.006855207341464,40.30622692377462,21.75287807882257,Normal
User_53,2025-09-24 15:17:29,0.364,0.9007,Walking,Spinari,Reckless_Driving,1way,1.0,70,4G,-91,48.0,12.0,0.0057271729697465,40.279894822048576,21.791258825989416,Intentional
User_12,2025-09-24 19:25:31,0.251,0.5725,Driving,Zep,Speeding,2way,2.0,Harassing_Driver,104,Ethernet,48.0,7.0,0.0090200372147005,40.27945073652674,21.752958415657503,Normal
User_19,2025-09-24 19:26:05,0.384,0.8723,Walking,Ligeris,Reckless_Driving,4way,140.0,20,WiFi,Ethernet,48.0,-16.0,0.0056972614917643,40.3060397496338,21.791258825989416,Normal
User_20,2025-09-24 20:58:15,0.686,0.8624,Driving,Zep,Reckless_Driving,1way,0.0,40,3G,Satellite,95.0,-2.0,0.0057271729697465,40.28077487659496,21.75223986463367,Normal
User_29,2025-09-24 22:39:13,0.309,0.5725,Driving,Zep,Speeding,2way,2.0,20,3G,-83,4.0,12.0,0.0012533721462266,40.28072191384335,21.75432199294066,Normal
User_47,2025-09-25 06:09:27,0.636,0.6691,Running,Ligeris,Speeding,4way,1.0,20,5G,-95,48.0,7.0,0.0072161871302968,38.14888,21.807655303166044,Normal
User_54,2025-09-25 09:02:30,0.508,0.6811,Running,Koila,Driving_Under_Influence,4way,140.0,10,WiFi,Ethernet,14.0,-2.0,0.0095875416900796,40.32253255120946,21.791258825989416,Normal
User_98,2025-09-25 09:11:54,0.553,0.7799,Driving,Ligeris,Reckless_Driving,4way,1.0,20,5G,Ethernet,90.0,14.0,0.0077923620010735,40.28108794191778,21.75211973757776,Normal
User_20,2025-09-25 11:39:58,0.508,0.5725,Running,Ligeris,Speeding,2way,1.0,70,4G,-103,78.0,-1.0,0.0089847912957843,40.30571006763122,21.80648822006341,Normal
User_31,2025-09-25 12:09:57,0.72,0.5725,Walking,Ligeris,Driving_Under_Influence,5way,0.0,40,3G,-116,5.0,12.0,0.0024057382837274,40.30657113684065,21.791258825989416,Intentional
User_57,2025-09-25 12:43:20,0.733,0.6524,Walking,Ligeris,Speeding,2way,0.0,80,4G,-79,80.0,-15.0,0.0057271729697465,40.30560217454848,21.806109059813178,Normal
User_83,2025-09-25 13:04:27,0.453,0.8245,Walking,Koila,Reckless_Driving,4way,1.0,30,5G,-85,43.0,8.0,0.0039700126199989,40.32253913619317,21.790688115835447,Normal
User_77,2025-09-25 14:27:59,0.347,0.5725,Driving,Center,Speeding,2way,1.0,40,3G,-81,8.0,-7.0,0.0045455991546852,40.279836855297944,22.66287,Intentional
User_26,2025-09-25 15:01:21,0.642,0.5725,Running,Ligeris,Driving_Under_Influence,2way,4.0,30,WiFi,-89,76.0,-5.0,0.0069425175391546,40.306270710478,21.807551631559427,Normal
User_25,2025-09-25 18:12:17,0.627,0.5725,Walking,Ligeris,Speeding,1way,1.0,30,3G,-107,56.0,5.0,0.0050633056328542,40.3062695917222,21.80798628370315,Normal
User_39,2025-09-25 22:04:45,0.685,0.7968,Walking,Ligeris,Driving_Under_Influence,2way,1.0,40,4G,-72,32.0,-11.0,0.0057271729697465,40.30636081168767,21.806050445751545,Normal
User_52,2025-09-25 22:12:35,0.399,0.8729,Running,Koila,Speeding,4way,2.0,40,4G,-90,2.0,4.0,0.0066564900941954,40.30622692377462,21.791258825989416,Normal
User_57,2025-09-26 02:15:18,0.733,0.6534,Driving,Zep,Driving_Under_Influence,2way,1.0,80,3G,-90,51.0,-2.0,0.0057901533991846,40.2810205383348,21.791258825989416,Normal
User_35,2025-09-26 03:25:27,0.379,0.7426,Walking,Zep,Speeding,1way,1.0,40,3G,-104,48.0,10.0,0.0013345981691621,40.27887061497404,21.753989853925177,Normal
User_84,2025-09-26 04:17:17,0.508,0.7136,Walking,Koila,Reckless_Driving,1way,1.0,20,3G,Ethernet,83.0,-10.0,0.0066005054420324,40.30622692377462,21.791258825989416,Normal
User_14,2025-09-26 08:29:01,0.549,0.5527,Driving,Koila,Speeding,2way,2.0,10,3G,-53,56.0,7.0,0.0057271729697465,40.32193065106558,21.791258825989416,Normal
User_15,2025-09-26 09:28:26,0.585,0.5684,Running,Zep,7,2way,0.0,20,3G,-93,40.0,10.0,0.045,40.30622692377462,21.7553215795088,Unintentional
User_31,2025-09-26 11:41:51,0.72,0.7869,Driving,Spinari,Driving_Under_Influence,2way,0.0,80,WiFi,-86,9.0,9.0,0.03,40.27984429020161,21.753141494825428,Intentional
User_47,2025-09-26 13:17:38,0.636,0.6711,Running,Zep,Speeding,2way,140.0,30,5G,-83,97.0,0.0,0.0089580708185773,40.27953758229254,21.753249610776308,Normal
User_44,2025-09-26 21:42:25,0.508,0.6397,Driving,Ligeris,Reckless_Driving,2way,0.0,20,WiFi,Ethernet,94.0,13.0,0.0080676434371279,40.30622692377462,21.789293193683832,Normal
User_77,2025-09-26 22:10:24,0.347,0.6776,Driving,Zep,Speeding,2way,0.0,60,3G,-55,62.0,0.0,0.008474242411125,40.30622692377462,21.753277393015864,Normal
User_48,2025-09-26 22:22:56,0.611,0.7573,Driving,Ligeris,Driving_Under_Influence,4way,0.0,60,3G,-117,48.0,3.0,0.0068169236233134,40.30627001341501,21.807563207528883,Normal
User_88,2025-09-26 23:14:48,0.508,0.5725,Walking,Zep,Speeding,2way,3.0,70,3G,-54,82.0,13.0,0.0028630751585198,40.27959666632046,21.75353025354139,Normal
User_45,2025-09-27 03:09:59,0.446,0.5965,Driving,Zep,Speeding,2way,0.0,80,WiFi,Ethernet,48.0,-16.0,0.0062593976311739,40.2793984009512,21.753555539466905,Normal
User_91,2025-09-27 05:45:25,0.409,0.6072,Running,Ligeris,Driving_Under_Influence,1way,1.0,90,3G,Ethernet,19.0,-18.0,0.0036162460292524,40.30691654275013,21.791258825989416,Unintentional
User_87,2025-09-27 09:06:40,0.374,0.5725,Driving,Zep,Speeding,1way,2.0,50,3G,-102,68.0,11.0,0.0069859082947152,40.27860044636442,23.314827,Normal
User_97,2025-09-27 09:07:11,0.296,0.8949,Running,Koila,Speeding,2way,1.0,30,113,-86,11.0,-15.0,0.0090308758108429,40.322195571252145,21.791258825989416,Normal
User_65,2025-09-27 11:21:24,0.578,0.6313,Walking,Ligeris,Driving_Under_Influence,2way,2.0,70,4G,-94,-146.0,0.0,0.0068723953588161,40.32108457875191,21.791152926969396,Normal
User_05,2025-09-27 14:13:32,0.311,0.6938,Running,Ligeris,Driving_Under_Influence,5way,3.0,110,3G,-82,29.0,-4.0,0.0031454444512548,37.308759,21.809208667415163,Intentional
User_53,2025-09-27 15:52:44,0.364,0.9067,Walking,Koila,Reckless_Driving,2way,1.0,40,3G,Ethernet,42.0,0.0,0.0087072280377994,40.30622692377462,21.79149097240559,Normal
User_70,2025-09-27 21:17:02,0.359,0.8742,Walking,Center,Speeding,2way,1.0,10,4G,-71,78.0,-4.0,0.0053038578760776,40.30622692377462,21.75356657974031,Intentional
User_69,2025-09-27 23:10:28,0.289,0.6896,Walking,Ligeris,Speeding,6way,1.0,50,4G,-118,32.0,0.0,0.0040908570502289,40.307226868987094,21.806479221884015,Intentional
User_18,2025-09-27 23:31:21,0.508,0.6824,Walking,Ligeris,Driving_Under_Influence,2way,0.0,70,3G,Ethernet,10.0,-4.0,0.0062482421286262,40.3056605337848,21.791258825989416,Normal
User_82,2025-09-28 00:29:39,0.499,0.8984,Walking,Zep,Reckless_Driving,2way,2.0,60,WiFi,-90,54.0,-4.0,0.0057271729697465,40.280144351314696,21.752555914613755,Normal
User_93,2025-09-28 03:15:43,0.418,0.6431,Driving,Ligeris,Speeding,2way,140.0,40,3G,-75,95.0,16.0,0.0045180894780351,40.30631758370757,21.80749346541874,Normal
User_70,2025-09-28 05:32:46,0.359,0.8752,Driving,Zep,Driving_Under_Influence,4way,1.0,10,5G,-112,37.0,14.0,0.0073367179735048,40.28006643009301,21.75291913854204,Normal
User_73,2025-09-28 05:36:21,0.676,0.8968,Running,Koila,Speeding,2way,4.0,30,3G,-69,98.0,-4.0,0.0068810644940817,40.32213950411417,21.791258825989416,Normal
User_42,2025-09-28 06:11:01,0.577,0.8052,Walking,Koila,Driving_Under_Influence,1way,1.0,40,5G,-70,48.0,-16.0,0.0044615345806187,40.321614349010744,21.79267929038815,Normal
User_01,2025-09-28 08:16:43,0.618,0.8585,Walking,Center,Speeding,1way,0.0,40,WiFi,-73,48.0,11.0,0.0072556425028306,40.3057320250108,21.8063678410222,Intentional
User_37,2025-09-28 08:37:37,0.528,0.8769,Walking,Koila,Reckless_Driving,1way,1.0,70,4G,-79,48.0,10.0,0.0086143670291975,40.321692566048405,21.791236375708216,Normal
User_97,2025-09-28 10:56:56,0.296,0.8969,Running,Zep,Driving_Under_Influence,2way,0.0,50,5G,-118,6.0,-3.0,0.0094277847039792,40.279731485731894,21.754883136536524,Normal
User_63,2025-09-28 14:23:09,0.408,0.7614,Driving,Center,Speeding,1way,0.0,80,4G,-107,71.0,-8.0,0.0057271729697465,40.27899424765416,21.754953518766225,Intentional
User_17,2025-09-28 15:16:11,0.383,0.5662,Running,Zep,Speeding,2way,0.0,80,3G,-72,10.0,8.0,0.0023129376353742,40.30622692377462,21.752675686731575,Normal
User_81,2025-09-28 18:09:44,0.482,0.5725,Walking,Koila,Speeding,2way,1.0,40,3G,-106,93.0,-9.0,0.0057271729697465,40.321973352092165,21.79131319001319,Normal
User_98,2025-09-29 04:57:52,0.553,0.7869,Running,Ligeris,Reckless_Driving,1way,0.0,Lane_Discards,3G,-85,94.0,0.0,0.0085556981848089,40.30623022465302,21.807495041376615,Normal
User_28,2025-09-29 05:12:10,0.561,0.5725,Driving,Ligeris,Speeding,2way,1.0,90,4G,-90,28.0,0.0,0.0038351752829381,40.30622692377462,21.807650738680465,Normal
User_82,2025-09-29 07:35:46,0.499,0.9014,Driving,Spinari,Speeding,2way,1.0,40,3G,Ethernet,47.0,11.0,0.035,40.32304250430711,21.791258825989416,Intentional
User_55,2025-09-29 10:11:04,0.489,0.6168,Walking,Zep,Driving_Under_Influence,2way,0.0,60,5G,-84,72.0,-16.0,0.0088125949014424,40.27842752070288,21.752752048489345,Normal
User_23,2025-09-29 10:26:15,0.669,0.9066,Walking,Ligeris,Speeding,2way,1.0,80,4G,-74,94.0,-16.0,0.0083606354987087,40.30708729222098,21.806830481175357,Normal
User_20,2025-09-29 15:57:35,0.686,0.8724,Running,Koila,Reckless_Driving,4way,1.0,70,5G,-89,89.0,0.0,0.0054592271841226,40.32050048361541,21.792139194351066,Normal
User_84,2025-09-30 02:22:32,0.689,0.7216,Driving,Zep,Driving_Under_Influence,2way,0.0,70,4G,Satellite,48.0,-1.0,0.0057271729697465,40.27919626863269,21.751244366197778,Normal
User_59,2025-09-30 05:10:29,0.696,0.9138,Running,Ligeris,6,2way,0.0,40,WiFi,-51,47.0,-8.0,0.0065918322176925,40.30622692377462,21.809561383724624,Normal
User_79,2025-09-30 05:29:04,0.426,0.5846,Walking,Zep,Driving_Under_Influence,1way,0.0,10,WiFi,-78,73.0,0.0,0.0035470348497473,40.28084953130312,21.75321115991901,Normal
User_24,2025-09-30 05:57:54,0.7,0.769,Walking,Koila,Speeding,2way,1.0,30,WiFi,-76,3.0,0.0,0.0031008732486277,40.322323650013786,21.792558526967444,Normal
User_79,2025-09-30 08:14:27,0.426,0.5856,Swimming,Ligeris,Reckless_Driving,1way,3.0,40,5G,-117,82.0,12.0,0.0058429622375854,40.30618017352034,21.807436919455338,Intentional
User_84,2025-09-30 08:56:56,0.689,0.7226,Walking,Ligeris,Reckless_Driving,2way,1.0,50,4G,-98,16.0,-13.0,0.0072033975571286,40.32313621292757,21.789968937610876,Normal
User_36,2025-09-30 12:09:42,0.394,0.8809,Running,Koila,Speeding,2way,0.0,20,WiFi,-56,17.0,0.0,0.0096525687925359,40.32161287640403,21.79226764322254,Normal
User_07,2025-09-30 12:27:06,0.319,0.8,Walking,Ligeris,Speeding,1way,2.0,50,5G,-71,53.0,23.0,0.0085250437989622,40.30622692377462,21.808595525090972,Unintentional
User_37,2025-09-30 12:30:50,0.528,0.8819,Walking,Zep,Driving_Under_Influence,2way,0.0,40,5G,-76,71.0,-1.0,0.0019260954735268,40.28024081657102,21.752323462828436,Normal
User_25,2025-09-30 13:54:13,0.627,0.5725,Driving,Ligeris,Reckless_Driving,2way,1.0,40,3G,-78,72.0,1.0,0.004780140489464,40.30596570728384,21.791258825989416,Normal
User_23,2025-09-30 17:30:07,0.508,0.9096,Walking,Koila,Reckless_Driving,2way,0.0,50,3G,-96,100.0,-4.0,0.0081706212750244,40.30622692377462,21.791744669461146,Normal
User_71,2025-09-30 22:08:18,0.431,0.83,Driving,Zep,Speeding,4way,0.0,50,3G,-81,84.0,16.0,0.0057271729697465,40.27879517919921,21.791258825989416,Normal
User_14,2025-09-30 23:42:48,0.549,0.5617,Walking,Koila,6,1way,0.0,20,3G,-75,12.0,-13.0,0.0080115059198659,40.322412972165125,21.79306950086392,Normal
User_59,2025-10-01 02:20:57,0.696,0.9158,Driving,Zep,Reckless_Driving,2way,1.0,90,3G,-93,52.0,3.0,0.0094688667326346,40.279728246068125,21.791258825989416,Normal
User_09,2025-10-01 04:46:16,0.377,0.9258,Driving,Ligeris,Driving_Under_Influence,2way,0.0,10,4G,-117,59.0,-7.0,0.0093881887838998,40.30619155698971,21.807480454407575,Normal
User_40,2025-10-01 05:03:28,0.498,0.8017,Flying,Koila,Reckless_Driving,4way,2.0,60,4G,Ethernet,17.0,15.0,0.0018928923967365,40.30622692377462,21.791258825989416,Intentional
User_69,2025-10-02 13:11:17,0.289,0.6996,Driving,Koila,Speeding,2way,0.0,90,4G,-75,74.0,11.0,0.0061088500262994,40.32118113086719,21.79029084901448,Normal
User_42,2025-10-02 20:46:19,0.577,0.8142,Walking,Koila,Speeding,4way,0.0,130,3G,-80,48.0,16.0,0.0057271729697465,40.32105183257557,21.79287866779239,Normal
User_45,2025-10-02 21:59:57,0.446,0.6075,Running,Koila,Reckless_Driving,2way,1.0,60,WiFi,-60,86.0,13.0,0.0069638328372719,40.32192796848264,21.791036918177905,Normal
User_72,2025-10-02 22:13:30,0.697,0.6502,Walking,Koila,Speeding,1way,1.0,70,WiFi,Ethernet,80.0,-3.0,0.0057271729697465,40.32241171043634,21.791258825989416,Normal
User_56,2025-10-03 00:08:59,0.419,0.5725,Walking,Zep,Driving_Under_Influence,2way,1.0,10,3G,-76,-160.0,-11.0,0.0057271729697465,40.27935784255336,21.755082748155964,Normal
User_20,2025-10-03 02:22:23,0.686,0.8794,Driving,Koila,7,2way,0.0,40,4G,-71,46.0,5.0,0.0089045717865483,40.32123900483705,21.791258825989416,Normal
User_78,2025-10-03 04:16:31,0.508,0.6506,Walking,Zep,Speeding,2way,1.0,40,5G,-70,89.0,2.0,0.0037108695928858,40.27991939483502,21.791258825989416,Normal
User_58,2025-10-03 05:40:59,0.669,0.683,Walking,Zep,Driving_Under_Influence,1way,0.0,30,4G,-75,10.0,-15.0,0.0039611398816,40.2798187905148,21.754050295875228,Normal
User_93,2025-10-03 17:56:39,0.418,0.6531,Walking,Ligeris,Speeding,4way,0.0,50,3G,-68,48.0,-10.0,0.0057271729697465,40.30622692377462,21.791789805550888,Normal
User_21,2025-10-04 11:10:43,0.64,0.9145,Driving,Ligeris,Reckless_Driving,2way,0.0,110,WiFi,-67,48.0,-1.0,0.0062299903458535,40.27972684183033,21.75341322950334,Normal
User_81,2025-10-04 13:03:05,0.482,0.8004,Driving,Ligeris,Reckless_Driving,2way,2.0,40,114,Ethernet,22.0,-4.0,0.0057271729697465,40.30499090154435,21.807353493675777,Normal
User_32,2025-10-04 13:50:26,0.694,0.8538,Running,Ligeris,Speeding,1way,140.0,40,3G,-90,66.0,6.0,0.0080068814267411,40.32297974505068,18.38623,Normal
User_20,2025-10-04 16:16:40,0.686,0.8824,Running,Koila,Driving_Under_Influence,2way,0.0,50,3G,-78,0.0,-1.0,0.0025681612261461,40.32210440603501,21.79118631909418,Normal
User_80,2025-10-04 17:37:17,0.313,0.7655,Driving,Koila,Speeding,4way,0.0,80,5G,-75,13.0,-2.0,0.0061353159467264,40.30622692377462,21.79228082005362,Normal
User_76,2025-10-04 18:14:18,0.349,0.9276,Running,Zep,Speeding,2way,0.0,90,4G,-106,58.0,-2.0,0.0027457453611793,40.279269231469385,21.753798062480172,Normal
User_06,2025-10-04 21:31:59,0.614,0.9263,Walking,Zep,Reckless_Driving,2way,0.0,Harassing_Driver,5G,-83,69.0,0.0,0.0052823390046833,40.30622692377462,21.753293929515213,Normal
User_13,2025-10-04 23:10:18,0.508,0.6859,Walking,Zep,Driving_Under_Influence,5way,1.0,70,WiFi,-54,48.0,-13.0,0.0019373024222725,40.27864718680076,21.75161945343739,Intentional
User_40,2025-10-05 01:35:47,0.498,0.8097,Walking,Zep,Reckless_Driving,1way,1.0,50,3G,-78,-12.0,-1.0,0.0057271729697465,40.27807081226736,21.791258825989416,Normal
User_16,2025-10-05 02:58:12,0.438,0.6799,Driving,Ligeris,Speeding,4way,1.0,10,4G,-77,89.0,4.0,0.0058045493591749,40.30590430817345,21.791258825989416,Normal
User_58,2025-10-05 06:58:53,0.508,0.687,Walking,Ligeris,Speeding,4way,1.0,90,5G,-82,48.0,6.0,0.0057271729697465,40.30622692377462,23.253457,Normal
User_82,2025-10-05 10:27:50,0.508,0.9124,Running,Koila,Speeding,1way,0.0,30,4G,-112,82.0,-4.0,0.0021356572901486,40.32262584976821,21.790640673776075,Normal
User_56,2025-10-05 10:57:33,0.508,0.7316,Running,Koila,Speeding,2way,3.0,60,5G,-115,21.0,-3.0,0.0011175571766806,40.32218058856701,21.79157490607882,Normal
User_17,2025-10-05 11:45:40,0.383,0.5792,Running,Zep,Speeding,2way,0.0,30,3G,-109,48.0,14.0,0.0057271729697465,40.27821831369907,21.752954060516284,Normal
User_75,2025-10-05 16:52:41,0.508,0.8974,Walking,Ligeris,Driving_Under_Influence,2way,0.0,Illegal_Parking,WiFi,-76,93.0,-6.0,0.0018414962818003,40.3061778681461,21.80762202199623,Normal
User_41,2025-10-05 19:26:17,0.251,0.8165,Driving,Ligeris,Driving_Under_Influence,2way,0.0,40,3G,-95,53.0,-11.0,0.0031107067367757,40.305251013212775,21.806657124045007,Normal
User_14,2025-10-05 22:47:52,0.549,0.5725,Walking,Zep,Driving_Under_Influence,2way,1.0,20,WiFi,Ethernet,-10.0,-14.0,0.0011045017668927,40.279489878160135,21.75349139841458,Normal
User_89,2025-10-06 05:53:05,0.485,0.8633,Running,Koila,Speeding,2way,0.0,70,5G,-84,48.0,23.0,0.0060158319032541,40.322955020970745,21.791258825989416,Unintentional
User_22,2025-10-06 12:53:47,0.712,0.5963,Running,Ligeris,Speeding,2way,1.0,40,WiFi,Satellite,48.0,-2.0,0.0039142471918977,40.3058466564497,21.80570016679728,Normal
User_42,2025-10-06 15:19:16,0.577,0.8212,Walking,Ligeris,Reckless_Driving,2way,1.0,70,5G,-78,45.0,12.0,0.0015962713227673,40.30625218858437,21.80749874687113,Normal
User_61,2025-10-06 15:41:16,0.261,0.6545,Running,Zep,Speeding,2way,1.0,20,3G,-81,78.0,8.0,0.0092278755696148,40.27872942909584,21.754191252538917,Normal
User_27,2025-10-07 02:33:26,0.319,0.8706,Walking,Ligeris,Speeding,2way,0.0,20,WiFi,-69,-30.0,4.0,0.0035625621921728,40.30611393608791,21.807775980583425,Normal
User_14,2025-10-07 04:16:29,0.549,0.5747,Walking,Ligeris,Speeding,4way,1.0,70,5G,-99,11.0,0.0,0.0061664455879793,40.30622692377462,21.79103650688814,Normal
User_52,2025-10-07 05:12:21,0.399,0.8969,Running,Koila,Driving_Under_Influence,4way,1.0,30,4G,Ethernet,95.0,-14.0,0.0029719963104549,40.321596132213045,21.791335136880654,Normal
User_55,2025-10-07 05:41:46,0.489,0.5725,Walking,Koila,Reckless_Driving,1way,1.0,70,4G,-83,82.0,0.0,0.0075168697932628,40.32224206563973,21.791582095115267,Normal
User_78,2025-10-07 06:40:51,0.64,0.6586,Walking,Ligeris,Driving_Under_Influence,2way,1.0,40,3G,-111,40.0,-7.0,0.0057271729697465,40.30548031703214,21.80844682626815,Normal
User_91,2025-10-07 08:18:17,0.409,0.5725,Driving,Ligeris,Speeding,2way,150.0,30,WiFi,Ethernet,1.0,-10.0,0.0057271729697465,40.28118083852589,21.752582536324617,Normal
User_79,2025-10-07 09:32:07,0.426,0.5986,Driving,Koila,Speeding,2way,0.0,60,3G,Ethernet,17.0,20.0,0.0057271729697465,40.30622692377462,21.791756854274553,Unintentional
User_34,2025-10-07 11:04:15,0.508,0.7416,Walking,Koila,Speeding,2way,1.0,60,3G,-85,7.0,-1.0,0.0057271729697465,40.321730681359625,21.791258825989416,Normal
User_10,2025-10-07 13:22:16,0.719,0.5725,Walking,Zep,Reckless_Driving,2way,0.0,50,4G,-103,14.0,-15.0,0.022,40.27861649221346,21.751917911513857,Unintentional
User_100,2025-10-07 14:28:57,0.592,0.7581,Driving,Ligeris,Speeding,4way,0.0,10,3G,-89,48.0,-6.0,0.0092797775210208,40.30741608246223,21.806919215730584,Normal
User_44,2025-10-07 15:49:57,0.332,0.6617,Driving,Koila,Driving_Under_Influence,2way,1.0,30,WiFi,-71,48.0,1.0,0.027,40.321010843645546,21.792167249589543,Unintentional
User_82,2025-10-07 19:42:55,0.499,0.9174,Driving,Spinari,Speeding,2way,0.0,70,3G,-84,71.0,5.0,0.0057271729697465,40.307015133835336,21.805637128207486,Intentional
User_22,2025-10-07 19:52:13,0.712,0.5993,Walking,Koila,Reckless_Driving,2way,1.0,40,4G,Ethernet,55.0,-14.0,0.0075386626614274,40.32197714451654,21.791258825989416,Normal
User_18,2025-10-08 01:55:42,0.271,0.7034,Driving,Center,Speeding,2way,0.0,50,3G,-82,81.0,-3.0,0.0080242417931771,40.27988766113857,21.753030361429257,Intentional
User_76,2025-10-08 17:38:55,0.349,0.9346,Driving,Koila,Reckless_Driving,2way,1.0,90,5G,-100,48.0,21.0,0.0078675750680067,40.322732739153864,21.791258825989416,Unintentional
User_30,2025-10-08 18:15:57,0.577,0.8285,Driving,Koila,Reckless_Driving,4way,1.0,20,4G,-70,0.0,0.0,0.0077533271529697,40.32324568104776,21.79207956658945,Normal
User_34,2025-10-08 23:14:22,0.401,0.5725,Flying,Koila,Speeding,2way,1.0,60,WiFi,Ethernet,1.0,9.0,0.0039263943456092,40.321782041387394,21.790378703638098,Intentional
User_19,2025-10-09 04:44:44,0.384,0.5725,Driving,Center,Speeding,1way,1.0,20,5G,Ethernet,31.0,13.0,0.0073003933154611,40.304934831298766,21.808118326573748,Intentional
User_91,2025-10-09 13:25:56,0.409,0.6322,Driving,Ligeris,Driving_Under_Influence,2way,0.0,40,3G,-92,9.0,13.0,0.0031234088954144,40.30622692377462,21.753187495268065,Normal
User_68,2025-10-09 15:42:39,0.736,0.8785,Running,Ligeris,Speeding,1way,5.0,40,4G,-102,26.0,-13.0,0.0070987663449622,40.307736007692306,21.807598485226656,Normal
User_65,2025-10-10 00:12:55,0.578,0.5725,Walking,Koila,Reckless_Driving,4way,1.0,10,4G,-87,46.0,1.0,0.0079046646554238,40.32363005621629,21.79059937594015,Normal
User_100,2025-10-10 01:49:38,0.592,0.7641,Driving,Koila,Driving_Under_Influence,4way,0.0,60,3G,Ethernet,62.0,-1.0,0.0073352264468281,40.32204566700247,21.791258825989416,Normal
User_73,2025-10-10 03:39:38,0.676,0.5725,Driving,Ligeris,Speeding,2way,0.0,20,3G,-106,92.0,-14.0,0.0014642800714807,40.2799589655885,21.752952948215732,Normal
User_24,2025-10-10 03:42:57,0.7,0.789,Driving,Zep,Driving_Under_Influence,2way,2.0,80,WiFi,-51,77.0,-15.0,0.007023572873867,40.27922630434196,21.75388264369891,Normal
User_61,2025-10-10 04:21:31,0.261,0.6625,Running,Koila,Driving_Under_Influence,2way,0.0,20,3G,-100,23.0,-6.0,0.0022603543156786,40.32273989129407,21.79177070226573,Normal
User_47,2025-10-10 15:06:11,0.636,0.6981,Walking,Koila,Driving_Under_Influence,2way,1.0,90,3G,-84,61.0,-2.0,0.024,40.322902315349864,21.790771215772352,Unintentional
User_64,2025-10-10 18:13:14,0.257,0.5786,Running,Ligeris,7,4way,1.0,80,WiFi,-86,48.0,12.0,0.0041635618270458,40.30600264127869,21.791258825989416,Normal
User_46,2025-10-10 22:38:24,0.621,0.7519,Driving,Zep,Driving_Under_Influence,1way,4.0,10,4G,-83,43.0,-10.0,0.0078926599188473,40.28043076798012,21.791258825989416,Normal
User_69,2025-10-11 02:52:13,0.289,0.5725,Walking,Zep,Driving_Under_Influence,2way,0.0,30,4G,-87,5.0,-11.0,0.0012300275711048,40.28005430813953,21.753072632633277,Normal
User_23,2025-10-11 03:21:01,0.669,0.9306,Running,Koila,Speeding,2way,0.0,90,5G,Ethernet,12.0,0.0,0.0057271729697465,40.322277590012305,21.789845676134785,Normal
User_87,2025-10-11 04:25:47,0.508,0.7126,Walking,Ligeris,Reckless_Driving,2way,1.0,80,3G,Ethernet,53.0,-1.0,0.0038539262908167,40.322966362035025,21.79288303077693,Normal
User_79,2025-10-11 07:48:30,0.426,0.6066,Walking,Koila,Reckless_Driving,2way,0.0,60,110,-72,96.0,0.0,0.0063591713654193,40.32161276959885,21.791258825989416,Normal
User_59,2025-10-11 09:59:07,0.508,0.9358,Walking,Koila,Speeding,2way,1.0,20,5G,-113,33.0,-13.0,0.0057271729697465,40.30622692377462,21.79228386062742,Normal
User_26,2025-10-11 11:18:11,0.642,0.7242,Flying,Zep,Driving_Under_Influence,2way,0.0,40,3G,-111,62.0,-23.0,0.0055729125842014,40.28030410261472,21.75464433241333,Intentional
User_71,2025-10-11 15:33:20,0.431,0.5725,Walking,Zep,Driving_Under_Influence,1way,0.0,60,3G,Satellite,48.0,4.0,0.0068265273406334,40.28050263570377,21.752544644472906,Normal
User_67,2025-10-11 20:21:11,0.557,0.7486,Driving,Koila,Speeding,1way,2.0,90,4G,-71,13.0,0.0,0.0040345748393565,40.32232066154314,21.792144910966552,Normal
User_18,2025-10-11 21:04:51,0.271,0.7104,Running,Ligeris,Driving_Under_Influence,2way,5.0,80,3G,Ethernet,65.0,-8.0,0.0031356375331748,40.27890190198753,21.75329426796904,Normal
User_39,2025-10-11 22:24:56,0.685,0.8288,Driving,Spinari,Driving_Under_Influence,4way,1.0,60,5G,-115,98.0,6.0,0.0012697039959449,40.30479743707391,21.808026070784457,Intentional
User_28,2025-10-12 02:13:34,0.561,0.6705,Driving,Ligeris,Driving_Under_Influence,2way,0.0,60,4G,-80,48.0,-10.0,0.0025667589682455,40.30610386705092,21.80756586672199,Normal
User_18,2025-10-12 14:40:29,0.271,0.5725,Running,Koila,Driving_Under_Influence,2way,2.0,60,4G,-86,48.0,0.0,0.0029567895450213,40.32209113583573,21.791000349677105,Normal
User_96,2025-10-12 17:00:54,0.722,0.5846,Driving,Koila,Reckless_Driving,1way,140.0,70,102,-82,25.0,0.0,0.0057271729697465,40.30622692377462,21.790335998985583,Normal
User_75,2025-10-12 17:51:40,0.544,0.9114,Walking,Ligeris,Reckless_Driving,2way,1.0,40,3G,-108,24.0,-14.0,0.0036856978401715,40.305797329934464,21.809571832219937,Normal
User_89,2025-10-12 18:08:54,0.508,0.8753,Driving,Ligeris,Speeding,1way,4.0,20,3G,-71,84.0,-13.0,0.0057271729697465,40.30564449163878,22.374097,Normal
User_50,2025-10-12 22:32:43,0.508,0.8957,Walking,Ligeris,8,2way,1.0,60,3G,-57,90.0,-7.0,0.001306151103276,40.30607355160676,21.80733499191357,Normal
User_06,2025-10-12 22:48:11,0.614,0.9423,Walking,Koila,Driving_Under_Influence,2way,0.0,90,WiFi,-57,81.0,7.0,0.0058776618819062,40.32199423117088,21.792334087600803,Normal
User_99,2025-10-12 23:14:57,0.618,0.7763,Driving,Koila,Speeding,2way,1.0,50,4G,-101,26.0,-10.0,0.0060269951103217,40.32258033013149,21.78960681710566,Normal
User_83,2025-10-12 23:51:58,0.453,0.8595,Walking,Koila,Driving_Under_Influence,6way,0.0,40,5G,-116,48.0,11.0,0.0070019823066479,40.32186591991752,21.791258825989416,Intentional
User_19,2025-10-13 06:16:53,0.384,0.9103,Walking,Ligeris,Speeding,4way,1.0,80,106,-113,80.0,9.0,0.0094615286584152,40.306485789467835,21.807963350292383,Normal
User_46,2025-10-13 06:21:24,0.621,0.7589,Driving,Ligeris,Driving_Under_Influence,1way,0.0,40,5G,-94,7.0,-6.0,0.0057271729697465,40.30676586207785,21.809526667235392,Normal
User_58,2025-10-13 11:21:26,0.669,0.704,Walking,Ligeris,Speeding,2way,0.0,40,5G,-116,84.0,5.0,0.0057656290734972,40.30637332060718,21.807183737800273,Normal
User_100,2025-10-13 15:56:49,0.592,0.7701,Walking,Ligeris,Speeding,1way,0.0,80,3G,Ethernet,18.0,0.0,0.0054799184053211,40.305982361585954,21.80592686590419,Normal
User_47,2025-10-13 20:30:33,0.636,0.5725,Running,Ligeris,Reckless_Driving,1way,2.0,50,3G,-99,91.0,5.0,0.0057271729697465,40.30622692377462,21.80640091128031,Normal
User_40,2025-10-13 23:00:38,0.498,0.5725,Walking,Ligeris,Reckless_Driving,2way,1.0,60,3G,-84,30.0,-10.0,0.0079967262815586,40.30622692377462,21.791258825989416,Normal
User_88,2025-10-14 01:23:33,0.676,0.605,Running,Koila,Speeding,2way,0.0,60,3G,Ethernet,48.0,-6.0,0.0069776154735287,40.30622692377462,21.792197006359128,Normal
User_66,2025-10-14 05:55:18,0.508,0.9587,Walking,Ligeris,Speeding,2way,1.0,60,3G,-94,49.0,-9.0,0.0015351121218433,40.30622692377462,21.8070484163374,Normal
User_23,2025-10-14 11:15:48,0.669,0.9366,Running,Ligeris,Speeding,2way,2.0,20,4G,Ethernet,64.0,15.0,0.0064660874152818,40.30616784770402,21.80744127085189,Normal
User_14,2025-10-14 14:17:40,0.508,0.5887,Walking,Koila,Speeding,1way,0.0,30,3G,-94,48.0,-8.0,0.0057271729697465,40.32106027454705,21.790842981626533,Normal
User_35,2025-10-14 15:40:05,0.379,0.7796,Walking,Zep,Reckless_Driving,1way,0.0,40,5G,-117,90.0,-4.0,0.0056666276498382,40.2790553792909,21.75337612190254,Normal
User_50,2025-10-14 16:41:25,0.477,0.9007,Driving,Koila,7,4way,0.0,40,3G,Ethernet,70.0,6.0,0.0019818438597012,40.32229676158618,21.79120020732544,Normal
User_75,2025-10-14 18:55:46,0.544,0.9154,Driving,Koila,Reckless_Driving,1way,4.0,40,WiFi,-63,56.0,6.0,0.028,40.3226206790528,21.79035804695936,Unintentional
User_30,2025-10-14 21:01:48,0.577,0.8405,Driving,Zep,Reckless_Driving,5way,0.0,40,3G,-120,80.0,8.0,0.0057271729697465,40.27852314025028,21.75366984411515,Intentional
User_68,2025-10-14 21:03:43,0.736,0.8885,Walking,Zep,Reckless_Driving,4way,1.0,60,3G,-111,48.0,13.0,0.009931545427141,40.30622692377462,21.791258825989416,Normal
User_36,2025-10-15 03:03:37,0.394,0.9099,Walking,Center,Speeding,1way,1.0,40,4G,-109,84.0,8.0,0.0057766022074655,40.32323402980028,21.791258825989416,Intentional
User_65,2025-10-15 04:26:20,0.508,0.6673,Running,Koila,Reckless_Driving,1way,0.0,10,5G,-72,84.0,1.0,0.0034159938085223,40.321126156559146,21.79268162505229,Normal
User_53,2025-10-15 05:49:57,0.364,0.5725,Swimming,Zep,Driving_Under_Influence,1way,0.0,30,3G,-103,81.0,6.0,0.0041988030940236,40.30622692377462,21.75170387944755,Intentional
User_78,2025-10-15 07:17:01,0.64,0.6746,Driving,Ligeris,Speeding,4way,2.0,30,5G,-91,11.0,9.0,0.0041661543594527,40.305782468981874,21.791258825989416,Normal
User_31,2025-10-15 12:05:26,0.72,0.8259,Running,Ligeris,Driving_Under_Influence,2way,2.0,20,5G,Ethernet,37.0,0.0,0.0066950908812956,40.30762017289201,21.80696209967528,Normal
User_19,2025-10-15 13:09:50,0.384,0.9143,Driving,Koila,8,2way,0.0,70,4G,-70,98.0,16.0,0.0037318402637645,40.32191677171703,21.792039264253976,Normal
User_64,2025-10-15 14:33:02,0.257,0.5886,Running,Ligeris,Reckless_Driving,4way,0.0,20,5G,-103,84.0,0.0,0.0035879215545659,40.30661886661106,21.80858534110132,Normal
User_96,2025-10-15 16:58:14,0.722,0.5906,Running,Zep,Reckless_Driving,4way,1.0,60,3G,-83,48.0,16.0,0.0084286832874979,40.27974449191018,21.791258825989416,Normal
User_62,2025-10-15 19:14:00,0.346,0.8263,Driving,Ligeris,Driving_Under_Influence,2way,1.0,50,3G,-91,68.0,9.0,0.0098540807733417,40.30622692377462,21.805910265640943,Normal
User_15,2025-10-15 19:56:38,0.585,0.6074,Running,Zep,Speeding,2way,0.0,40,3G,Ethernet,29.0,-3.0,0.0054690412685533,40.27855395624682,21.75453034607043,Normal
User_59,2025-10-15 20:07:33,0.696,0.9438,Walking,Ligeris,Driving_Under_Influence,1way,1.0,70,5G,-114,40.0,-12.0,0.0036139474905461,40.306490600476835,21.809690265819025,Normal
User_04,2025-10-15 21:58:44,0.295,0.6369,Driving,Ligeris,Driving_Under_Influence,2way,3.0,30,WiFi,-54,70.0,21.0,0.0090430302840146,40.304694934670145,21.806881195395867,Unintentional
User_11,2025-10-16 07:22:46,0.539,0.7506,Walking,Zep,Reckless_Driving,1way,1.0,40,3G,-103,91.0,16.0,0.0071525305531155,40.27831198604929,21.791258825989416,Normal
User_44,2025-10-16 09:32:18,0.332,0.5725,Running,Ligeris,Driving_Under_Influence,2way,1.0,30,4G,Ethernet,86.0,0.0,0.0057271729697465,40.30622692377462,21.807293415188465,Normal
User_49,2025-10-16 12:46:25,0.483,0.684,Walking,Ligeris,Speeding,1way,1.0,10,4G,-98,81.0,15.0,0.0035326080094276,40.30761164368418,21.808110134355008,Normal
User_32,2025-10-16 20:33:27,0.694,0.8788,Driving,Koila,Reckless_Driving,2way,0.0,50,3G,-94,24.0,2.0,0.0034872161503338,40.32171094072122,19.357,Normal
User_94,2025-10-16 20:33:43,0.648,0.5725,Walking,Zep,Reckless_Driving,1way,0.0,10,5G,-89,44.0,-16.0,0.0022225990778752,40.28030987821514,21.75469512274758,Normal
User_99,2025-10-16 22:39:21,0.618,0.7843,Driving,Koila,9,1way,0.0,40,3G,Ethernet,87.0,-15.0,0.0073110722722877,40.32095353466284,21.79163461523594,Normal
User_07,2025-10-17 02:15:32,0.319,0.833,Running,Ligeris,Speeding,2way,3.0,60,4G,-89,48.0,6.0,0.0073727401098204,40.30622692377462,21.805625541580415,Normal
User_92,2025-10-17 11:10:08,0.611,0.9621,Driving,Ligeris,Speeding,2way,3.0,40,5G,-88,69.0,10.0,0.0082661974523205,40.30523088919956,21.80660005852328,Normal
User_11,2025-10-17 11:46:19,0.539,0.7526,Running,Zep,Speeding,2way,1.0,70,3G,-75,53.0,-9.0,0.0048798358653617,40.27950427777924,21.753443458491375,Normal
User_40,2025-10-17 13:40:18,0.498,0.8347,Running,Koila,Driving_Under_Influence,4way,1.0,10,5G,-88,80.0,0.0,0.0057271729697465,40.3226166226284,21.79268939725317,Normal
User_48,2025-10-17 14:26:23,0.611,0.5725,Walking,Zep,Speeding,2way,0.0,60,3G,-71,92.0,-6.0,0.0024169776177871,40.28068836382814,21.75350045301021,Normal
User_31,2025-10-17 17:11:20,0.508,0.8299,Flying,Koila,Driving_Under_Influence,2way,0.0,80,5G,-103,69.0,16.0,0.0012024379132676,40.321696561810285,21.790825214970287,Intentional
User_42,2025-10-18 01:54:35,0.577,0.8452,Running,Spinari,Speeding,2way,1.0,30,5G,-108,100.0,-12.0,0.0057271729697465,40.30628609452208,21.806742010424347,Intentional
User_56,2025-10-18 03:55:48,0.508,0.7566,Walking,Koila,Driving_Under_Influence,4way,0.0,90,3G,Ethernet,54.0,-25.0,0.0072056451889796,40.32175799753563,21.79305789930943,Unintentional
User_84,2025-10-18 07:53:24,0.689,0.7576,Flying,Zep,Speeding,1way,1.0,40,WiFi,Ethernet,48.0,17.0,0.0091498268038523,40.28040632976506,21.752703433603703,Intentional
User_53,2025-10-18 09:03:24,0.364,0.9477,Running,Koila,Speeding,1way,1.0,30,WiFi,-63,15.0,12.0,0.0056684917934995,40.32125511637673,21.792291939045292,Normal
User_48,2025-10-18 17:47:40,0.611,0.8013,Running,Zep,Speeding,2way,2.0,30,WiFi,-83,48.0,-13.0,0.004739456158155,40.280395125660185,21.752470130011343,Normal
User_76,2025-10-18 18:18:05,0.349,0.9556,Driving,Ligeris,Speeding,1way,1.0,Illegal_Parking,3G,-107,97.0,-10.0,0.0056783675730478,40.30531878897345,21.80747713201582,Normal
User_91,2025-10-18 22:33:51,0.508,0.6502,Walking,Ligeris,Speeding,2way,3.0,20,3G,-71,74.0,-18.0,0.0083418401893156,40.27878166686924,21.753213950917424,Unintentional
User_56,2025-10-18 23:09:59,0.419,0.7576,Walking,Koila,Reckless_Driving,4way,0.0,20,5G,-114,98.0,-14.0,0.005137441609159,40.3221694340434,21.790467536446265,Normal
User_35,2025-10-18 23:27:11,0.379,0.7876,Walking,Ligeris,Driving_Under_Influence,2way,0.0,40,4G,-115,39.0,0.0,0.0086166453248951,40.30557243888592,21.807055897192953,Normal
User_90,2025-10-19 03:56:55,0.508,0.6474,Running,Koila,Speeding,2way,1.0,60,4G,-88,85.0,3.0,0.0036016011909475,40.321230447590295,21.79029108945899,Normal
User_05,2025-10-19 04:20:40,0.311,0.7368,Running,Ligeris,Speeding,2way,0.0,20,3G,-60,75.0,14.0,0.042,40.30622692377462,21.791014299419256,Unintentional
User_59,2025-10-19 16:08:45,0.696,0.5725,Running,Ligeris,Reckless_Driving,1way,1.0,70,3G,-78,8.0,13.0,0.003708149364113,40.30566967934973,21.808136144986932,Normal
User_36,2025-10-19 17:24:31,0.394,0.9189,Running,Center,Speeding,1way,1.0,60,3G,-89,48.0,-3.0,0.0065193555478575,40.28082897866615,21.754786577268284,Intentional
User_14,2025-10-19 19:32:58,0.549,0.5997,Walking,Ligeris,Reckless_Driving,1way,1.0,40,3G,-119,81.0,-11.0,0.0064041795348558,40.304601577567,21.791258825989416,Normal
User_60,2025-10-19 20:48:54,0.602,0.8876,Running,Zep,Speeding,4way,1.0,70,WiFi,-88,15.0,-2.0,0.0080199049004587,40.2779833293335,21.753119030454624,Normal
User_01,2025-10-19 23:55:51,0.618,0.9015,Walking,Ligeris,Speeding,1way,2.0,70,111,-50,83.0,-7.0,0.0060370690005001,40.3055961553853,21.80685659188698,Normal
User_77,2025-10-20 00:21:52,0.347,0.7246,Walking,Koila,Speeding,4way,150.0,80,4G,-95,13.0,15.0,0.0057271729697465,40.32183683337487,21.79285364234342,Normal
User_98,2025-10-20 11:30:33,0.553,0.8289,Walking,Ligeris,Reckless_Driving,4way,0.0,40,4G,-101,97.0,-11.0,0.0010297731482977,40.305171869893805,21.791258825989416,Normal
User_33,2025-10-20 12:44:43,0.508,0.7256,Walking,Zep,Speeding,4way,5.0,20,3G,-93,84.0,4.0,0.0082021789528728,40.27895432616538,21.753168049017592,Normal
User_42,2025-10-20 14:51:32,0.577,0.8492,Driving,Ligeris,Driving_Under_Influence,6way,0.0,30,3G,-92,-30.0,-6.0,0.0095188754849533,40.278800878551024,21.75226453441913,Intentional
User_84,2025-10-20 18:20:06,0.689,0.7616,Driving,Zep,Reckless_Driving,4way,0.0,30,3G,-82,48.0,6.0,0.0065315316672176,40.278172950414024,21.75287340881502,Normal
User_47,2025-10-20 19:35:32,0.636,0.7191,Driving,Ligeris,Reckless_Driving,2way,0.0,Lane_Discards,114,Ethernet,82.0,0.0,0.0036113685198899,40.323300765293816,21.79109801499847,Normal
User_57,2025-10-21 03:23:06,0.733,0.7034,Driving,Ligeris,Reckless_Driving,2way,1.0,50,WiFi,Ethernet,41.0,11.0,0.0022683852418135,40.30499995917528,21.808870505070303,Normal
User_49,2025-10-21 07:15:42,0.483,0.5725,Walking,Zep,Speeding,2way,0.0,40,WiFi,-50,48.0,-6.0,0.0068105833666339,40.27962633634619,21.791258825989416,Normal
User_45,2025-10-21 07:46:36,0.446,0.6445,Driving,Koila,Speeding,2way,4.0,40,3G,-82,46.0,-9.0,0.0014549819737321,40.32309544334813,21.79034244713548,Normal
User_96,2025-10-21 11:55:13,0.722,0.5725,Walking,Koila,Speeding,2way,0.0,40,3G,-118,-41.0,-11.0,0.0087299356287178,40.32208194218352,21.79126790911983,Normal
User_18,2025-10-21 14:10:52,0.271,0.7304,Driving,Ligeris,Speeding,2way,0.0,40,WiFi,-84,33.0,-16.0,0.0076803077171631,40.27817844220807,21.75326157339068,Normal
User_19,2025-10-21 14:29:24,0.508,0.9263,Walking,Ligeris,Driving_Under_Influence,1way,1.0,90,5G,-78,55.0,10.0,0.0072697330846994,40.27795074041075,21.75229404687069,Normal
User_85,2025-10-21 17:35:27,0.572,0.9842,Walking,Zep,8,2way,3.0,30,5G,-77,76.0,13.0,0.0040096809135145,40.279031428403655,21.753316799460695,Normal
User_81,2025-10-21 22:00:12,0.482,0.8354,Running,Ligeris,Reckless_Driving,4way,0.0,50,WiFi,-51,48.0,21.0,0.0057271729697465,40.32102835886305,21.79084108321491,Unintentional
User_84,2025-10-22 03:10:10,0.689,0.7656,Driving,Ligeris,Reckless_Driving,2way,1.0,50,3G,Ethernet,17.0,0.0,0.0064024221587064,40.2797615992219,21.752690549443017,Normal
User_81,2025-10-22 05:06:15,0.482,0.5725,Walking,Koila,Reckless_Driving,1way,1.0,60,WiFi,-76,-23.0,7.0,0.0069396300592056,40.30622692377462,21.789317752453876,Normal
User_09,2025-10-22 13:45:17,0.377,0.9668,Driving,Koila,Reckless_Driving,2way,1.0,30,4G,-95,-158.0,3.0,0.0044775591390519,40.321907658664635,21.791369870320956,Normal
User_08,2025-10-22 14:15:29,0.325,0.9656,Walking,Ligeris,Driving_Under_Influence,4way,0.0,110,WiFi,-79,57.0,-9.0,0.0093837416025742,40.27953658021059,21.755390375124207,Normal
User_02,2025-10-22 21:04:05,0.508,0.7748,Driving,Ligeris,Reckless_Driving,2way,0.0,90,3G,-81,48.0,8.0,0.0035300820974546,40.27887792286648,21.754533580488367,Normal
User_98,2025-10-22 22:27:09,0.553,0.8339,Walking,Ligeris,Speeding,1way,1.0,50,4G,-78,65.0,-9.0,0.0015944858210667,40.30612287851875,21.80767597164109,Normal
User_51,2025-10-22 22:36:01,0.708,0.9359,Running,Ligeris,Reckless_Driving,2way,2.0,40,5G,Ethernet,29.0,10.0,0.0046862187976268,40.306197633711385,22.133558,Normal
User_35,2025-10-23 02:10:21,0.379,0.7976,Walking,Ligeris,Speeding,2way,1.0,40,WiFi,-64,83.0,0.0,0.0057271729697465,40.305695529663886,21.809063257751472,Normal
User_57,2025-10-23 03:08:48,0.733,0.7074,Driving,Ligeris,Reckless_Driving,2way,1.0,20,3G,-96,87.0,3.0,0.0074409722071104,40.320969281642185,21.79120483021008,Normal
User_88,2025-10-23 06:43:42,0.676,0.623,Driving,Zep,Reckless_Driving,1way,1.0,20,3G,-114,70.0,-7.0,0.008453690993054,40.27840616223015,21.754867449133027,Normal
User_66,2025-10-23 09:21:24,0.325,0.9767,Running,Ligeris,8,2way,0.0,70,WiFi,-73,20.0,-7.0,0.0083287707816003,40.3049809031911,21.808373606426436,Normal
User_61,2025-10-23 09:32:40,0.261,0.6885,Driving,Zep,Driving_Under_Influence,4way,1.0,10,5G,Ethernet,83.0,-5.0,0.0057271729697465,40.28009439120443,21.75362503775625,Normal
User_08,2025-10-23 12:23:05,0.325,0.9676,Walking,Ligeris,6,1way,0.0,70,3G,Ethernet,47.0,0.0,0.0057271729697465,40.279583252871426,21.753261088423564,Normal
User_42,2025-10-23 13:20:57,0.577,0.8562,Walking,Koila,Speeding,2way,1.0,40,4G,-83,81.0,5.0,0.0057271729697465,40.30622692377462,21.789509698385505,Normal
User_23,2025-10-23 13:37:13,0.669,0.9546,Running,Zep,Speeding,1way,0.0,80,3G,-108,29.0,0.0,0.0057271729697465,40.279526195479654,23.284578,Normal
User_80,2025-10-23 15:42:21,0.313,0.8045,Running,Zep,Reckless_Driving,4way,2.0,60,5G,-91,67.0,-5.0,0.0022931801355921,40.27955848516962,21.75375626637773,Normal
User_51,2025-10-23 17:01:01,0.708,0.9369,Driving,Ligeris,Speeding,1way,1.0,40,WiFi,Ethernet,99.0,-3.0,0.002329939708352,40.30576387225878,21.808013156469805,Normal
User_04,2025-10-23 17:57:29,0.295,0.6519,Driving,Zep,8,2way,0.0,70,WiFi,-62,28.0,-10.0,0.0089306259767321,40.27905070169436,21.75256835659129,Normal
User_90,2025-10-23 19:44:49,0.508,0.6564,Running,Ligeris,Driving_Under_Influence,2way,0.0,110,5G,-109,67.0,-1.0,0.0057271729697465,40.305798005793655,21.807507278721427,Normal
User_19,2025-10-24 01:44:58,0.384,0.9313,Driving,Koila,Reckless_Driving,4way,1.0,40,4G,-77,59.0,4.0,0.008793429201966,40.321595810090486,21.790486571672268,Normal
User_50,2025-10-24 16:03:11,0.508,0.9197,Walking,Koila,Driving_Under_Influence,2way,1.0,40,4G,-104,2.0,1.0,0.0087469533769836,40.323037195663005,21.791946126735542,Normal
User_02,2025-10-24 17:04:00,0.508,0.7788,Running,Zep,Reckless_Driving,4way,0.0,30,4G,-105,71.0,21.0,0.0061346445514016,40.27946767050901,21.75321104641028,Unintentional
User_35,2025-10-24 17:44:42,0.379,0.5725,Walking,Zep,Driving_Under_Influence,1way,0.0,40,3G,-80,52.0,-5.0,0.002372734732078,40.278738202254296,21.75193400124944,Normal
User_53,2025-10-24 22:02:04,0.364,0.9607,Walking,Koila,Reckless_Driving,4way,0.0,60,3G,-96,0.0,13.0,0.0057271729697465,40.32338057042784,21.791189457986736,Normal
User_91,2025-10-24 23:11:59,0.508,0.6622,Driving,Zep,Driving_Under_Influence,2way,1.0,30,3G,-109,81.0,15.0,0.0040210692064532,40.278405306924014,21.753926016284627,Normal
User_21,2025-10-25 00:03:13,0.64,0.9565,Running,Koila,Reckless_Driving,2way,1.0,20,5G,Satellite,42.0,0.0,0.0064155006924242,40.32180644350815,21.79109120344881,Normal
User_84,2025-10-25 05:25:09,0.689,0.7716,Driving,Koila,Speeding,2way,1.0,30,WiFi,-57,48.0,-13.0,0.0068240457217434,41.265597,21.791275242251633,Normal
User_52,2025-10-25 08:15:50,0.399,0.9329,Running,Zep,Speeding,2way,2.0,30,3G,-52,88.0,-8.0,0.0069905053507337,40.30622692377462,21.791258825989416,Normal
User_80,2025-10-25 12:46:02,0.313,0.8085,Walking,Koila,Driving_Under_Influence,2way,1.0,50,WiFi,-56,52.0,6.0,0.0082339257288044,40.321266028542496,21.79066031252957,Normal
User_61,2025-10-25 13:01:57,0.261,0.6935,Driving,Ligeris,Speeding,1way,0.0,80,5G,-108,48.0,14.0,0.0019421222997438,40.28038506956812,21.755174368663184,Normal
User_96,2025-10-25 13:14:11,0.722,0.6096,Running,Koila,Reckless_Driving,2way,1.0,30,104,Ethernet,58.0,-7.0,0.0044176681241895,40.32166579231066,21.79146188866273,Normal
User_44,2025-10-25 15:32:21,0.332,0.6977,Walking,Koila,Driving_Under_Influence,1way,0.0,80,WiFi,-54,14.0,-14.0,0.001648079529102,40.321728342085706,21.792474279583665,Normal
User_44,2025-10-26 00:13:30,0.332,0.5725,Driving,Ligeris,Speeding,4way,0.0,90,3G,-55,59.0,-7.0,0.0023942518359394,40.307440359093434,21.807276875054317,Normal
User_49,2025-10-26 01:57:39,0.483,0.703,Walking,Ligeris,Speeding,1way,0.0,80,4G,-93,68.0,-15.0,0.0089848217914763,40.30622692377462,21.80759022106843,Normal
User_60,2025-10-26 08:04:09,0.602,0.9006,Walking,Ligeris,Speeding,1way,2.0,50,3G,-77,38.0,-6.0,0.0097506687491671,40.30501803563976,21.806619001215516,Normal
User_50,2025-10-26 11:02:10,0.477,0.9237,Walking,Ligeris,Speeding,1way,1.0,40,5G,-77,54.0,-4.0,0.0021274646969351,40.307014462025485,21.80560854379403,Normal
User_60,2025-10-26 13:14:04,0.602,0.9016,Walking,Zep,Driving_Under_Influence,1way,0.0,20,4G,-116,14.0,-12.0,0.034,40.278719788658535,21.75457071968143,Unintentional
User_14,2025-10-26 15:51:52,0.508,0.6137,Driving,Ligeris,Speeding,2way,2.0,90,3G,-115,15.0,13.0,0.0022085767341698,40.307066152725504,21.805963851596044,Normal
User_47,2025-10-26 17:20:33,0.508,0.7311,Walking,Koila,Driving_Under_Influence,4way,0.0,10,3G,-119,40.0,-20.0,0.0022957272745309,40.32342895652589,21.791258825989416,Unintentional
User_25,2025-10-26 17:22:20,0.627,0.6553,Walking,Zep,Reckless_Driving,1way,1.0,70,WiFi,-88,48.0,-13.0,0.0034364137599249,40.27872808500731,21.791258825989416,Normal
User_81,2025-10-26 23:24:57,0.482,0.8454,Walking,Ligeris,Driving_Under_Influence,4way,0.0,30,3G,-74,87.0,11.0,0.0087350313120212,40.30647395853492,21.791258825989416,Normal
User_43,2025-10-27 01:46:59,0.255,0.8723,Walking,Ligeris,Speeding,2way,1.0,60,WiFi,-88,84.0,13.0,0.0022838528037652,40.28046205236715,23.241134,Normal
User_27,2025-10-27 05:17:50,0.319,0.9116,Driving,Ligeris,Driving_Under_Influence,1way,0.0,80,5G,-77,28.0,-19.0,0.0065805130802829,40.30752480401429,21.791258825989416,Unintentional
User_86,2025-10-27 07:59:53,0.63,0.8663,Driving,Koila,Driving_Under_Influence,1way,1.0,40,5G,-120,13.0,5.0,0.0027016701339026,40.32240623998008,21.792530655385615,Normal
User_91,2025-10-27 10:09:32,0.508,0.6672,Running,Koila,Speeding,1way,2.0,40,3G,-88,83.0,-15.0,0.0070666606200502,40.32056534177136,21.792236682674393,Normal
User_50,2025-10-27 13:50:10,0.477,0.9257,Walking,Koila,Speeding,4way,0.0,70,WiFi,-78,67.0,-8.0,0.008961186461178,40.32162847744299,21.78954517215328,Normal
User_19,2025-10-27 14:33:35,0.384,0.9383,Running,Zep,Speeding,4way,0.0,60,4G,-79,20.0,11.0,0.0052164135519325,40.27848094271759,21.753053165120793,Normal
User_51,2025-10-27 19:22:57,0.708,0.9459,Walking,Ligeris,Speeding,2way,0.0,60,5G,-114,2.0,-5.0,0.0043666146688725,40.30599439798197,21.791258825989416,Normal
User_03,2025-10-27 21:29:09,0.381,0.5725,Walking,Ligeris,Speeding,2way,0.0,90,106,-108,48.0,12.0,0.0033636882276153,40.277956166745405,21.753028162183156,Normal
User_02,2025-10-27 22:51:16,0.504,0.7848,Driving,Zep,Speeding,4way,0.0,20,3G,-81,49.0,-8.0,0.0096298210573966,40.2793279875243,21.754329714372236,Normal
User_88,2025-10-28 02:34:42,0.676,0.633,Driving,Zep,Reckless_Driving,4way,2.0,60,3G,-119,48.0,6.0,0.0048214594058383,40.27897872074597,21.75349074006883,Normal
User_16,2025-10-28 03:12:49,0.438,0.7259,Running,Zep,Speeding,2way,1.0,Illegal_Parking,4G,-82,48.0,0.0,0.005463604860689,40.27973819194541,21.75115756436992,Normal
User_68,2025-10-28 10:29:02,0.508,0.9165,Running,Zep,Driving_Under_Influence,1way,1.0,90,5G,-109,48.0,-14.0,0.0049330839392935,40.30622692377462,21.75324457508928,Normal
User_04,2025-10-28 13:11:14,0.295,0.6619,Driving,Ligeris,Reckless_Driving,2way,0.0,20,WiFi,-62,98.0,-14.0,0.0011367471691118,40.30645970015227,21.80562494291816,Normal
User_26,2025-10-28 13:36:13,0.642,0.7582,Running,Ligeris,Reckless_Driving,4way,1.0,40,3G,-118,6.0,-4.0,0.005815816156589,40.30763283345559,21.806820763899484,Normal
User_03,2025-10-28 14:11:45,0.508,0.7935,Running,Ligeris,Driving_Under_Influence,4way,0.0,50,5G,-119,85.0,5.0,0.0078855172040926,40.28001891070984,22.913593,Normal
User_77,2025-10-28 18:22:15,0.347,0.7416,Driving,Koila,Driving_Under_Influence,1way,1.0,30,WiFi,-79,48.0,-6.0,0.0034489407034823,40.3214200812475,21.792417646890843,Normal
User_13,2025-10-28 21:34:13,0.657,0.7339,Swimming,Ligeris,Driving_Under_Influence,2way,0.0,60,WiFi,-68,47.0,16.0,0.0076140707022659,40.30622853217261,21.80712103289382,Intentional
User_09,2025-10-28 22:11:37,0.377,0.9798,Walking,Spinari,Speeding,2way,0.0,30,WiFi,-85,55.0,0.0,0.0057271729697465,40.306129303000496,21.807500380868852,Intentional
User_21,2025-10-29 00:24:05,0.508,0.9645,Swimming,Koila,Reckless_Driving,1way,0.0,60,5G,-73,45.0,11.0,0.0057271729697465,40.322239036686334,21.791018262902966,Intentional
User_82,2025-10-29 06:02:47,0.499,0.9614,Walking,Ligeris,Speeding,2way,160.0,30,4G,-119,59.0,-13.0,0.0057271729697465,40.321748093994174,21.791258825989416,Normal
User_79,2025-10-29 15:12:57,0.426,0.6436,Walking,Koila,Reckless_Driving,2way,150.0,90,5G,-112,66.0,-6.0,0.0057271729697465,40.32257368293546,21.79320659362747,Normal
User_84,2025-10-29 23:33:34,0.689,0.7806,Running,Ligeris,Reckless_Driving,2way,0.0,20,3G,-120,3.0,-18.0,0.0068297444170226,40.30625625552543,21.791258825989416,Unintentional
User_63,2025-10-29 23:44:05,0.408,0.5725,Walking,Koila,Driving_Under_Influence,2way,0.0,Harassing_Driver,3G,-105,48.0,-6.0,0.0064792644173812,40.321795826956546,21.791258825989416,Normal
User_70,2025-10-30 05:05:47,0.359,0.9392,Running,Ligeris,Speeding,4way,2.0,40,3G,-120,56.0,11.0,0.0069325260335291,40.30617958966224,21.807462735689327,Normal
User_79,2025-10-30 05:43:57,0.508,0.6446,Walking,Ligeris,Speeding,2way,1.0,80,5G,-108,48.0,-7.0,0.0029959819130998,40.32192525047037,21.791258825989416,Normal
User_83,2025-10-30 05:49:30,0.453,0.8955,Driving,Ligeris,Driving_Under_Influence,2way,1.0,60,4G,-96,12.0,-13.0,0.0057271729697465,40.32358278628194,21.791258825989416,Normal
User_57,2025-10-30 11:10:26,0.733,0.7224,Walking,Koila,Speeding,2way,1.0,80,5G,-91,15.0,-2.0,0.0057271729697465,40.32181168674169,21.79082587715002,Normal
User_36,2025-10-30 11:13:06,0.508,0.9399,Driving,Ligeris,Reckless_Driving,2way,1.0,20,5G,-119,48.0,8.0,0.00821573009895,40.322164430913666,21.791944903069208,Normal
User_66,2025-10-30 13:07:44,0.325,0.9917,Running,Koila,Reckless_Driving,2way,0.0,40,3G,-64,53.0,19.0,0.0068956314080022,40.321824055183995,21.793507307970184,Unintentional
User_20,2025-10-30 13:17:12,0.686,0.9344,Walking,Koila,Reckless_Driving,2way,2.0,40,WiFi,-81,15.0,-3.0,0.0068673674392348,40.32262946412906,21.790436228788277,Normal
User_12,2025-10-30 17:59:44,0.251,0.6267,Running,Zep,Speeding,2way,0.0,20,WiFi,-58,72.0,7.0,0.004817554343079,40.279758904361415,21.75194766738818,Normal
User_17,2025-10-30 19:08:01,0.383,0.6302,Walking,Zep,Speeding,6way,0.0,40,3G,Ethernet,48.0,-14.0,0.022,40.30622692377462,21.754469997923696,Intentional
User_68,2025-10-31 09:01:17,0.736,0.5725,Walking,Zep,Driving_Under_Influence,2way,0.0,70,WiFi,-55,20.0,2.0,0.0057271729697465,40.279132831114914,21.753778414218832,Normal
User_97,2025-10-31 12:06:59,0.296,0.9629,Running,Ligeris,Reckless_Driving,2way,3.0,10,5G,-115,84.0,0.0,0.0051302437344967,40.30622692377462,21.805881757117355,Normal
User_06,2025-10-31 13:00:52,0.614,0.9793,Walking,Koila,Driving_Under_Influence,2way,1.0,40,WiFi,-90,56.0,0.0,0.0011333541584998,40.321628006239706,21.791504931796084,Normal
User_06,2025-10-31 15:12:08,0.614,0.9803,Walking,Koila,Reckless_Driving,2way,2.0,70,3G,-97,8.0,3.0,0.041,40.323392967788,21.7913800606224,Unintentional
User_20,2025-10-31 19:35:31,0.686,0.9364,Driving,Koila,Speeding,1way,2.0,40,5G,Ethernet,21.0,6.0,0.0092089089715944,40.3226652228717,21.790309771521283,Normal
User_73,2025-10-31 20:26:24,0.676,0.5725,Walking,Center,Reckless_Driving,1way,0.0,40,3G,Ethernet,89.0,1.0,0.0057271729697465,40.2780782936329,21.753074092398965,Intentional
User_03,2025-11-01 00:21:32,0.381,0.8005,Driving,Ligeris,Driving_Under_Influence,4way,1.0,40,3G,-112,76.0,-14.0,0.0086456620963853,40.30652318184719,21.806992005214735,Normal
User_28,2025-11-01 04:01:36,0.561,0.7105,Walking,Zep,Speeding,2way,1.0,10,3G,-107,74.0,-12.0,0.0046445091054258,40.28074323340391,21.75347428470076,Normal
User_83,2025-11-01 05:10:17,0.453,0.8985,Running,Zep,Speeding,4way,1.0,80,5G,-95,64.0,0.0,0.0017358299722702,40.28016711096151,21.791258825989416,Normal
User_30,2025-11-01 07:22:17,0.508,0.8755,Walking,Ligeris,Speeding,1way,2.0,70,3G,-100,14.0,16.0,0.0079342335000362,40.30508869977026,21.791258825989416,Normal
User_60,2025-11-01 09:04:18,0.602,0.9126,Walking,Zep,Driving_Under_Influence,2way,0.0,40,3G,-104,27.0,9.0,0.0074619519804316,40.27966639237276,22.424899,Normal
User_14,2025-11-01 09:30:27,0.549,0.6257,Walking,Ligeris,Driving_Under_Influence,4way,3.0,70,5G,-110,26.0,4.0,0.0055165279732997,40.30621382663438,21.807709284171757,Normal
User_05,2025-11-01 11:27:08,0.311,0.7638,Driving,Ligeris,Speeding,2way,2.0,80,3G,-108,48.0,0.0,0.0064874141284094,40.30622692377462,21.791008222936657,Normal
User_46,2025-11-01 12:58:49,0.621,0.7969,Walking,Ligeris,Driving_Under_Influence,1way,2.0,30,5G,Ethernet,67.0,-12.0,0.0047138855232139,40.30518538191374,21.80628623232879,Normal
User_26,2025-11-01 16:56:25,0.508,0.7662,Running,Ligeris,Reckless_Driving,2way,2.0,20,WiFi,-77,28.0,-7.0,0.0057271729697465,40.30704040957098,21.809295337468065,Normal
User_68,2025-11-01 23:39:06,0.736,0.5725,Walking,Koila,Reckless_Driving,4way,0.0,70,WiFi,Ethernet,58.0,0.0,0.0079790735161321,40.30622692377462,21.7931962309412,Normal
User_79,2025-11-02 02:51:45,0.426,0.5725,Driving,Ligeris,9,2way,2.0,80,WiFi,-65,48.0,-7.0,0.024,40.306426565238866,21.791258825989416,Unintentional
User_81,2025-11-02 03:32:45,0.482,0.8584,Running,Koila,Driving_Under_Influence,2way,0.0,50,4G,-116,98.0,-3.0,0.0080714961367606,40.32121780256331,21.792387976563447,Normal
User_32,2025-11-02 05:54:21,0.694,0.9118,Running,Zep,Speeding,4way,0.0,10,3G,-114,33.0,-7.0,0.0013215106688116,40.28038469348528,21.752128142602537,Normal
User_51,2025-11-02 13:43:47,0.508,0.9569,Driving,Koila,Reckless_Driving,2way,1.0,20,4G,-82,67.0,8.0,0.0057271729697465,40.30622692377462,21.791258825989416,Normal
User_55,2025-11-02 14:15:26,0.489,0.6848,Driving,Ligeris,Driving_Under_Influence,1way,0.0,50,4G,-110,37.0,14.0,0.0031999837408997,40.323294897893405,21.791258825989416,Normal
User_55,2025-11-02 14:21:44,0.508,0.6858,Walking,Koila,Driving_Under_Influence,2way,0.0,30,102,-63,94.0,0.0,0.0072996956128271,40.322190293063926,21.79084175654947,Normal
User_92,2025-11-02 14:36:09,0.611,0.5725,Walking,Zep,Reckless_Driving,1way,1.0,70,5G,-106,93.0,9.0,0.0024456736790305,40.27973104188592,21.791258825989416,Normal
User_72,2025-11-02 14:56:28,0.697,0.7122,Walking,Ligeris,Speeding,1way,1.0,80,3G,Ethernet,48.0,-7.0,0.0047624459880523,40.32268498542551,21.79111212488232,Normal
User_57,2025-11-02 16:06:02,0.733,0.7274,Driving,Zep,Reckless_Driving,1way,1.0,40,4G,-116,64.0,0.0,0.0085365746671655,40.27933826361896,21.754962531498535,Normal
User_38,2025-11-02 17:19:14,0.508,0.7772,Running,Ligeris,Speeding,2way,160.0,30,WiFi,-71,64.0,-1.0,0.0092919716252628,40.3067336917896,21.80752579177939,Normal
User_92,2025-11-02 17:57:04,0.611,0.9941,Walking,Zep,Reckless_Driving,1way,3.0,20,4G,-113,13.0,10.0,0.0011621660114984,40.30622692377462,21.75290202983871,Normal
User_67,2025-11-02 21:56:52,0.557,0.7936,Walking,Koila,Speeding,1way,0.0,20,5G,-109,48.0,-12.0,0.0066505410783389,40.32240122140953,17.915119,Normal
User_42,2025-11-02 23:03:17,0.508,0.5725,Running,Ligeris,Driving_Under_Influence,1way,2.0,30,5G,-74,73.0,6.0,0.0057271729697465,40.306362694397656,21.807321601163164,Normal
User_50,2025-11-02 23:52:41,0.477,0.5725,Walking,Ligeris,Speeding,1way,1.0,50,3G,-59,56.0,10.0,0.0057271729697465,40.3048647288288,21.808866941639945,Normal
User_14,2025-11-03 03:28:46,0.549,0.6287,Driving,Ligeris,Reckless_Driving,2way,1.0,40,WiFi,-75,71.0,-6.0,0.0091759599793181,40.32205516543993,23.071969,Normal
User_33,2025-11-03 03:56:29,0.486,0.7526,Driving,Ligeris,Driving_Under_Influence,1way,1.0,70,3G,-104,86.0,-14.0,0.0097099060223854,37.116305,21.80735226865509,Normal
User_81,2025-11-03 04:41:56,0.482,0.8604,Walking,Zep,Speeding,6way,0.0,40,4G,-91,39.0,-8.0,0.044,40.27939827597216,21.753338516786656,Intentional
User_24,2025-11-03 12:59:42,0.7,0.5725,Running,Ligeris,Reckless_Driving,1way,0.0,40,5G,-103,20.0,13.0,0.0065695753809948,40.321970555123784,21.79255007411176,Normal
User_27,2025-11-03 14:41:14,0.319,0.9256,Walking,Zep,8,1way,3.0,20,4G,-74,48.0,12.0,0.0061212196874578,40.2785609067184,21.75136811699413,Normal
User_53,2025-11-03 19:07:03,0.364,0.9807,Driving,Zep,Speeding,1way,0.0,40,WiFi,-67,48.0,-16.0,0.0037711623662476,40.2799916727909,21.75324194624399,Normal
User_28,2025-11-03 22:43:25,0.561,0.7155,Walking,Zep,Driving_Under_Influence,2way,0.0,40,5G,Ethernet,44.0,-13.0,0.0089975028923476,40.27920724739129,21.753396352156894,Normal
User_24,2025-11-04 04:35:11,0.7,0.839,Running,Zep,Reckless_Driving,1way,1.0,60,4G,Ethernet,99.0,-4.0,0.0057271729697465,40.280182071916016,21.7536542928935,Normal
User_65,2025-11-04 09:07:12,0.508,0.7073,Running,Ligeris,Speeding,2way,1.0,40,4G,-76,53.0,0.0,0.0053301799531499,40.306037879757305,21.809564399490867,Normal
User_75,2025-11-04 10:34:10,0.544,0.5725,Walking,Koila,Reckless_Driving,1way,0.0,20,3G,Ethernet,39.0,-7.0,0.0077093255411858,40.32178224314014,21.791258825989416,Normal
User_07,2025-11-04 13:34:26,0.319,0.87,Driving,Ligeris,Reckless_Driving,2way,0.0,10,4G,-81,46.0,-7.0,0.0046605405189864,40.30482833376371,21.808738776475185,Normal
User_10,2025-11-04 16:24:16,0.508,0.5725,Running,Zep,Speeding,5way,1.0,50,3G,-78,10.0,-15.0,0.0066310534138583,40.30622692377462,21.754684088161945,Intentional
User_44,2025-11-04 19:00:37,0.332,0.7177,Walking,Ligeris,Speeding,2way,0.0,70,4G,-90,14.0,0.0,0.0078931552581583,40.30622692377462,21.80853268315319,Normal
User_65,2025-11-04 21:00:35,0.508,0.7083,Driving,Spinari,Driving_Under_Influence,4way,0.0,30,4G,-98,84.0,-4.0,0.0020819120385692,40.27934754927967,21.791258825989416,Intentional
User_01,2025-11-05 01:57:32,0.618,0.9345,Walking,Koila,Driving_Under_Influence,6way,1.0,40,3G,-105,89.0,0.0,0.0045329122459843,40.3216097488079,21.792973925887782,Intentional
User_96,2025-11-05 02:17:34,0.722,0.6316,Walking,Koila,Speeding,2way,1.0,40,3G,Ethernet,76.0,0.0,0.0054145522355571,40.322188974694825,21.791326448710432,Normal
User_64,2025-11-05 10:27:47,0.257,0.6296,Running,Zep,Speeding,2way,1.0,60,5G,-93,61.0,-16.0,0.00935568298881,40.28043322706975,21.791258825989416,Normal
User_31,2025-11-05 10:28:07,0.72,0.8669,Running,Zep,Speeding,2way,0.0,40,3G,-85,74.0,14.0,0.047,40.27861268845435,21.752634852271424,Unintentional
User_36,2025-11-05 12:29:39,0.394,0.9519,Running,Ligeris,Reckless_Driving,2way,0.0,60,5G,Ethernet,65.0,25.0,0.0057271729697465,40.306481600747446,21.806500666424085,Unintentional
User_27,2025-11-05 15:42:44,0.319,0.9296,Walking,Ligeris,Reckless_Driving,2way,4.0,70,4G,Ethernet,82.0,-1.0,0.0065046251756003,40.305723493750584,21.807385615881454,Normal
User_45,2025-11-05 15:50:53,0.508,0.6745,Running,Ligeris,Reckless_Driving,2way,0.0,Illegal_Parking,3G,-85,57.0,0.0,0.0035153385774518,40.32265454966539,21.790389609411665,Normal
User_88,2025-11-05 18:38:21,0.676,0.65,Running,Spinari,Reckless_Driving,2way,3.0,70,4G,-89,26.0,-11.0,0.0019247133598533,40.32234218165056,21.792265778295334,Intentional
User_40,2025-11-05 19:11:34,0.498,0.8717,Walking,Ligeris,Driving_Under_Influence,1way,1.0,40,5G,-115,55.0,24.0,0.0010917934265913,40.30472815947476,21.808606478386743,Unintentional
User_84,2025-11-05 22:56:23,0.689,0.7946,Running,Ligeris,Reckless_Driving,4way,0.0,40,3G,-108,37.0,7.0,0.008911729159305,40.30593201900258,21.80786712114388,Normal
User_39,2025-11-06 05:55:38,0.508,0.8798,Walking,Koila,Speeding,4way,0.0,60,3G,-83,62.0,-13.0,0.0057271729697465,40.32321159479749,21.79009957478813,Normal
User_21,2025-11-06 06:43:13,0.64,0.9815,Walking,Ligeris,Speeding,4way,0.0,50,5G,-115,-38.0,-7.0,0.003624981027037,40.2788598807878,21.753654681528833,Normal
User_43,2025-11-06 07:29:32,0.508,0.8923,Driving,Zep,Reckless_Driving,2way,0.0,20,WiFi,-71,92.0,8.0,0.0024752729185267,40.27784720375758,21.753401701400907,Normal
User_18,2025-11-06 16:29:21,0.271,0.7624,Running,Center,Reckless_Driving,1way,0.0,40,3G,-101,33.0,-5.0,0.0057271729697465,40.32274681208282,21.791258825989416,Intentional
User_68,2025-11-06 18:35:13,0.736,0.9345,Driving,Ligeris,Driving_Under_Influence,4way,1.0,Harassing_Driver,5G,Ethernet,64.0,4.0,0.0057271729697465,40.30624072721091,21.806655719786892,Normal
User_08,2025-11-06 18:42:47,0.325,0.5725,Walking,Spinari,Speeding,2way,0.0,20,5G,-88,-41.0,16.0,0.0040462010690762,40.321602216082674,21.789568660288793,Intentional
User_94,2025-11-06 19:34:31,0.508,0.6828,Running,Zep,Reckless_Driving,2way,4.0,40,4G,-78,84.0,-7.0,0.0078831276087458,40.279519597435694,21.75401155214943,Normal
User_10,2025-11-06 21:29:14,0.719,0.5725,Walking,Ligeris,Driving_Under_Influence,2way,1.0,60,WiFi,-74,-42.0,-6.0,0.005333659379586,40.27992858321591,21.75505295557212,Normal
User_36,2025-11-06 21:34:06,0.394,0.9549,Driving,Zep,Speeding,4way,2.0,40,4G,Ethernet,30.0,-1.0,0.0038221638650739,40.28128855967891,21.752959836301105,Normal
User_16,2025-11-06 23:50:19,0.438,0.7449,Running,Koila,8,2way,4.0,30,3G,-112,18.0,8.0,0.0090843774619244,40.32298993866879,21.793245831380293,Normal
User_56,2025-11-06 23:56:51,0.508,0.7956,Driving,Ligeris,Driving_Under_Influence,2way,0.0,80,5G,Ethernet,33.0,-5.0,0.0085819092445513,40.30697273009185,21.80779838709732,Normal
User_61,2025-11-06 23:57:09,0.261,0.7175,Walking,Zep,Driving_Under_Influence,2way,1.0,50,WiFi,-80,83.0,-5.0,0.0083474584769155,40.27955909883024,21.753249453344974,Normal
User_35,2025-11-07 01:10:10,0.379,0.8266,Walking,Ligeris,Reckless_Driving,2way,0.0,20,4G,Ethernet,46.0,-2.0,0.0089528447617103,38.804973,21.80708311744697,Normal
User_78,2025-11-07 01:38:12,0.64,0.7206,Walking,Zep,Reckless_Driving,2way,1.0,30,WiFi,-55,25.0,-11.0,0.0077686078823451,40.27953852892384,21.752849553373995,Normal
User_92,2025-11-07 07:23:55,0.611,1.0,Walking,Zep,Speeding,2way,1.0,40,WiFi,-54,19.0,-2.0,0.0038726886358881,40.27909403668654,21.75439507253348,Normal
User_31,2025-11-07 09:55:43,0.72,0.8709,Walking,Zep,Speeding,1way,1.0,60,4G,-75,71.0,9.0,0.0057271729697465,40.30622692377462,21.754330370849235,Normal
User_34,2025-11-07 10:43:41,0.508,0.8026,Swimming,Koila,Reckless_Driving,4way,0.0,50,3G,-114,69.0,9.0,0.0090836575337997,40.32206311965475,21.790343400775125,Intentional
User_19,2025-11-07 16:28:46,0.384,0.9603,Walking,Koila,Driving_Under_Influence,2way,0.0,100,4G,-72,14.0,0.0,0.0036357824858815,40.32034044711383,21.79164937905971,Normal
User_59,2025-11-07 19:05:17,0.696,0.5725,Driving,Koila,Speeding,5way,3.0,20,3G,-95,48.0,0.0,0.0019444001127637,40.30622692377462,21.791349348755674,Intentional
User_42,2025-11-07 23:05:25,0.508,0.5725,Walking,Spinari,Speeding,2way,1.0,50,3G,-79,6.0,0.0,0.0054285333401264,40.30622692377462,23.654957,Intentional
User_43,2025-11-08 04:24:26,0.508,0.8973,Running,Ligeris,Driving_Under_Influence,2way,0.0,40,WiFi,-85,39.0,-15.0,0.0062208762933399,40.30617563697944,21.808027084120283,Normal
User_24,2025-11-08 09:52:20,0.7,0.847,Running,Koila,Speeding,2way,1.0,20,4G,Satellite,27.0,16.0,0.0070070641673772,40.32178666818628,21.791410817483552,Normal
User_35,2025-11-08 10:06:33,0.379,0.5725,Walking,Koila,Speeding,2way,0.0,90,5G,-114,48.0,-12.0,0.0089701261092594,40.32200521434387,21.791169420070595,Normal
User_50,2025-11-08 19:40:33,0.477,0.9497,Driving,Koila,Speeding,2way,0.0,80,5G,-92,80.0,14.0,0.032,40.321958949816,21.791509923951804,Unintentional
User_44,2025-11-08 22:06:12,0.332,0.7257,Running,Koila,Reckless_Driving,2way,0.0,Illegal_Parking,WiFi,-71,45.0,0.0,0.0062203910101306,40.30622692377462,21.789753221032523,Normal
User_89,2025-11-08 22:16:06,0.485,0.9303,Running,Ligeris,Speeding,1way,160.0,50,WiFi,-60,39.0,-5.0,0.004178932498961,40.30581766539856,21.808892637903256,Normal
User_59,2025-11-08 23:31:22,0.696,0.9918,Walking,Ligeris,Reckless_Driving,2way,0.0,30,4G,Ethernet,5.0,-6.0,0.0082359721862455,40.32194513033046,21.790982231164524,Normal
User_100,2025-11-09 05:59:38,0.592,0.5725,Running,Ligeris,9,2way,1.0,50,3G,-108,91.0,0.0,0.008900515351094,40.30622692377462,21.805208913844755,Normal
User_60,2025-11-09 07:18:54,0.602,0.9286,Running,Koila,Speeding,4way,1.0,40,3G,-70,43.0,18.0,0.0084681448133734,40.32190206485473,21.793392304998697,Unintentional
User_28,2025-11-09 09:21:20,0.561,0.7275,Walking,Zep,Speeding,2way,4.0,10,WiFi,-51,48.0,20.0,0.0036839325698558,40.277910096444394,21.752825323680288,Unintentional
User_38,2025-11-09 09:55:52,0.448,0.7922,Running,Koila,Driving_Under_Influence,1way,1.0,10,WiFi,Ethernet,35.0,-9.0,0.0059088706046656,40.32168356061239,21.792873975148467,Normal
User_71,2025-11-09 10:27:44,0.431,0.91,Running,Zep,Reckless_Driving,2way,2.0,10,WiFi,-52,30.0,0.0,0.026,40.279507361546855,21.75257135480573,Unintentional
User_19,2025-11-09 13:07:22,0.384,0.9633,Running,Koila,Driving_Under_Influence,1way,0.0,30,5G,-112,52.0,-19.0,0.0065442665450569,40.32245560133634,21.79077365159992,Unintentional
User_90,2025-11-09 15:39:00,0.522,0.5725,Driving,Koila,Speeding,2way,2.0,30,4G,-85,10.0,0.0,0.0080957690121521,40.32384214331436,21.791258825989416,Normal
User_82,2025-11-09 17:56:17,0.499,0.9834,Flying,Ligeris,Reckless_Driving,2way,2.0,50,3G,-108,63.0,0.0,0.0010029046772281,40.305701715620835,21.80839952643545,Intentional
User_35,2025-11-09 19:03:53,0.379,0.5725,Walking,Koila,Reckless_Driving,4way,4.0,60,5G,-112,72.0,10.0,0.0041144500781247,40.322638188937894,21.792386846454605,Normal
User_37,2025-11-09 20:00:45,0.508,0.9619,Flying,Zep,Reckless_Driving,4way,1.0,90,5G,-120,20.0,14.0,0.0059327082511612,40.280835436588454,21.75191877105433,Intentional
User_78,2025-11-09 23:52:17,0.64,0.7256,Walking,Ligeris,Speeding,4way,1.0,40,WiFi,-83,84.0,0.0,0.0037672161259717,40.307255839607414,21.80759666248757,Normal
User_72,2025-11-10 00:40:58,0.697,0.7272,Driving,Ligeris,Reckless_Driving,1way,0.0,80,4G,-100,23.0,0.0,0.0057078602173343,40.306283025392155,21.80739082280944,Normal
User_58,2025-11-10 00:45:48,0.669,0.759,Walking,Ligeris,Driving_Under_Influence,2way,0.0,20,3G,-93,8.0,-3.0,0.001988423729149,40.30622692377462,21.808930698468775,Normal
User_06,2025-11-10 04:20:52,0.614,1.0,Walking,Ligeris,Speeding,2way,160.0,50,3G,-74,23.0,-6.0,0.025,40.3069273127529,21.806943874538835,Unintentional
User_34,2025-11-10 05:05:22,0.508,0.8086,Walking,Zep,Speeding,2way,1.0,70,3G,-103,31.0,-2.0,0.0021757461185809,40.28000039828562,21.75237026895969,Normal
User_67,2025-11-10 05:58:39,0.557,0.8096,Walking,Koila,Reckless_Driving,2way,1.0,50,WiFi,-83,11.0,-15.0,0.0074602718697617,40.30622692377462,21.791433520459524,Normal
User_96,2025-11-10 08:41:37,0.722,0.6416,Walking,Zep,Reckless_Driving,1way,0.0,30,3G,Satellite,65.0,3.0,0.0063414046306847,40.28025015909756,21.75290391744648,Normal
User_49,2025-11-10 13:52:41,0.483,0.5725,Running,Ligeris,Reckless_Driving,2way,1.0,40,WiFi,-72,43.0,0.0,0.0046221013986324,40.30494162286052,21.808316854140852,Normal
User_07,2025-11-10 15:41:17,0.319,0.881,Walking,Ligeris,Speeding,2way,160.0,70,3G,-88,21.0,-4.0,0.001423858857504,40.30558221617195,21.791258825989416,Normal
User_96,2025-11-10 19:19:57,0.722,0.6426,Running,Koila,Driving_Under_Influence,2way,1.0,70,3G,Ethernet,51.0,-8.0,0.0069690455923952,40.32326718890295,21.791258825989416,Normal
User_98,2025-11-10 23:25:05,0.553,0.8719,Driving,Koila,Driving_Under_Influence,2way,0.0,60,3G,-76,88.0,5.0,0.0017105160960698,40.30622692377462,21.79169624289598,Normal
User_07,2025-11-11 02:29:20,0.319,0.883,Walking,Ligeris,Reckless_Driving,2way,1.0,20,WiFi,-65,40.0,-4.0,0.0080072417211776,40.30508902454405,21.806322390716552,Normal
User_65,2025-11-11 03:08:07,0.578,0.7213,Running,Zep,Speeding,2way,1.0,40,3G,-74,15.0,11.0,0.00445557131361,40.28027426781837,21.753404362953408,Normal
User_55,2025-11-11 04:05:31,0.508,0.7028,Running,Ligeris,Driving_Under_Influence,2way,0.0,60,WiFi,-63,48.0,0.0,0.0078761509291013,40.307045745312664,21.805810088498365,Normal
User_74,2025-11-11 04:27:03,0.6,0.6365,Walking,Ligeris,Driving_Under_Influence,2way,1.0,20,5G,-107,44.0,-12.0,0.0057271729697465,40.3063627089431,21.791258825989416,Normal
User_72,2025-11-11 04:28:28,0.697,0.7302,Walking,Zep,Speeding,4way,1.0,Harassing_Driver,3G,Satellite,25.0,12.0,0.0016267965656216,40.30622692377462,21.791258825989416,Normal
User_29,2025-11-11 05:57:43,0.309,0.8496,Walking,Ligeris,Speeding,2way,0.0,50,WiFi,-52,33.0,9.0,0.0022988780862215,40.30622692377462,21.791258825989416,Normal
User_91,2025-11-11 06:04:43,0.409,0.5725,Running,Koila,Speeding,2way,0.0,10,WiFi,Ethernet,43.0,6.0,0.0044288694412095,40.32321368847402,21.791258825989416,Normal
User_82,2025-11-11 09:17:30,0.499,0.9864,Driving,Koila,Reckless_Driving,2way,0.0,60,5G,Ethernet,20.0,9.0,0.0077076610412802,40.32212077337303,21.791212496739583,Normal
User_56,2025-11-11 09:57:21,0.419,0.5725,Walking,Zep,Driving_Under_Influence,2way,1.0,50,3G,-99,46.0,-7.0,0.0093030745165166,40.28070532624784,21.75243189050628,Normal
User_03,2025-11-11 11:55:53,0.381,0.8215,Walking,Koila,Driving_Under_Influence,4way,3.0,40,WiFi,-85,89.0,13.0,0.0028061987301392,40.32257562558572,21.7927657027852,Normal
User_53,2025-11-11 17:02:25,0.364,0.9967,Walking,Ligeris,Driving_Under_Influence,2way,1.0,40,113,-65,49.0,16.0,0.0048304379455411,40.321297133381826,21.790722902748907,Normal
User_46,2025-11-11 22:58:16,0.508,0.8169,Driving,Koila,7,1way,0.0,20,WiFi,-61,67.0,-7.0,0.0010028681265299,40.3220532227446,21.791313577539142,Normal
User_63,2025-11-12 01:18:29,0.408,0.8504,Driving,Zep,Speeding,2way,0.0,40,3G,-105,81.0,-6.0,0.0040257854347983,40.278959925345745,21.791258825989416,Normal
User_81,2025-11-12 05:26:55,0.482,0.8784,Walking,Koila,Reckless_Driving,2way,1.0,50,4G,-114,69.0,11.0,0.0054892639614575,40.32124218341525,21.792470935997304,Normal
User_50,2025-11-12 05:50:57,0.477,0.9577,Walking,Koila,Driving_Under_Influence,4way,3.0,30,4G,-77,48.0,7.0,0.0089545372569486,40.32203104251536,21.790483456123233,Normal
User_19,2025-11-12 05:54:34,0.384,0.9703,Running,Ligeris,Driving_Under_Influence,4way,0.0,40,WiFi,Ethernet,49.0,-6.0,0.0090549261327316,42.386601,21.80762408546334,Normal
User_36,2025-11-12 19:04:07,0.394,0.9669,Driving,Zep,Reckless_Driving,1way,0.0,50,4G,-85,50.0,-7.0,0.0057271729697465,40.27906506150914,21.753238476860872,Normal
User_16,2025-11-13 09:29:27,0.438,0.7579,Running,Ligeris,Driving_Under_Influence,2way,0.0,80,4G,-103,11.0,12.0,0.0064874768508859,40.28083844828069,21.752954380727335,Normal
User_64,2025-11-13 15:48:05,0.257,0.6466,Driving,Zep,Driving_Under_Influence,2way,1.0,60,5G,-83,72.0,-3.0,0.0094519728372102,40.27928025489112,21.752750081048113,Normal
User_22,2025-11-13 16:29:36,0.712,0.5725,Driving,Zep,Reckless_Driving,1way,2.0,60,3G,-72,21.0,13.0,0.0024516843677967,40.27958271578411,21.75396680578387,Normal
User_47,2025-11-13 23:58:19,0.508,0.7671,Running,Ligeris,Reckless_Driving,4way,1.0,10,3G,-91,11.0,0.0,0.0095944332480581,40.30715902144143,21.805732693037235,Normal
User_35,2025-11-14 01:04:38,0.508,0.8406,Walking,Ligeris,Driving_Under_Influence,2way,1.0,40,3G,Ethernet,6.0,7.0,0.0041338310586138,40.307038568830066,21.809529662320926,Normal
User_95,2025-11-14 02:29:17,0.508,0.5725,Running,Zep,Driving_Under_Influence,2way,0.0,40,103,-105,36.0,3.0,0.0049709581764446,40.27961043606843,21.753023319609632,Normal
User_12,2025-11-14 04:01:30,0.251,0.6557,Running,Ligeris,Speeding,2way,0.0,70,WiFi,Ethernet,25.0,-13.0,0.0086663897787073,40.30609925586118,21.807338939833205,Normal
User_80,2025-11-14 07:38:36,0.313,0.8475,Running,Spinari,Speeding,2way,0.0,10,5G,-117,4.0,11.0,0.008087813104861,40.27927831415418,21.75277379939033,Intentional
User_42,2025-11-14 08:49:09,0.577,0.5725,Running,Ligeris,Speeding,2way,2.0,80,3G,-90,74.0,0.0,0.0057904931938563,40.30556178476302,21.8086270350103,Normal
User_08,2025-11-14 11:36:45,0.325,0.5725,Running,Ligeris,Driving_Under_Influence,2way,0.0,20,5G,-111,48.0,-1.0,0.0087280442603733,40.30604245416086,21.80751727981095,Normal
User_96,2025-11-14 17:49:10,0.722,0.6506,Driving,Koila,Speeding,4way,0.0,40,3G,-110,63.0,0.0,0.0039298777983359,40.322331632024934,21.792165161032685,Normal
User_27,2025-11-14 20:30:42,0.319,0.9476,Walking,Ligeris,Reckless_Driving,2way,1.0,40,WiFi,-86,50.0,6.0,0.0057868061151094,40.30720215246537,21.791258825989416,Normal
User_69,2025-11-14 22:20:24,0.289,0.7856,Walking,Koila,Reckless_Driving,1way,0.0,20,3G,Ethernet,63.0,6.0,0.0071716027898019,40.32189604195917,21.791156544258783,Normal
User_10,2025-11-14 22:45:39,0.719,0.9553,Driving,Koila,Driving_Under_Influence,2way,1.0,20,5G,-119,19.0,-14.0,0.025,40.32073817372407,21.79270183443051,Unintentional
User_50,2025-11-14 23:33:32,0.477,0.9627,Running,Spinari,Driving_Under_Influence,2way,0.0,40,3G,-85,80.0,-6.0,0.002836577543111,40.32209087273914,21.79150643075158,Intentional
User_100,2025-11-15 05:36:43,0.592,0.8351,Driving,Ligeris,Reckless_Driving,2way,1.0,50,3G,-102,1.0,-14.0,0.0012533140396371,38.004477,21.791552523632127,Normal
User_10,2025-11-15 05:49:35,0.719,0.9563,Driving,Koila,Driving_Under_Influence,4way,1.0,70,3G,-91,59.0,7.0,0.0057271729697465,40.322536799867926,21.790694268358298,Normal
User_93,2025-11-15 08:13:33,0.418,0.7391,Walking,Ligeris,Driving_Under_Influence,2way,0.0,60,4G,-120,48.0,0.0,0.0069248628283532,40.3221619776612,21.791144685331645,Normal
User_14,2025-11-15 10:28:00,0.549,0.6527,Driving,Ligeris,Driving_Under_Influence,4way,0.0,50,4G,-82,4.0,-2.0,0.005466311413607,40.30622692377462,21.809328690884783,Normal
User_05,2025-11-15 12:19:12,0.311,0.5725,Walking,Ligeris,Reckless_Driving,1way,0.0,30,3G,-78,-134.0,0.0,0.005628584095455,40.32184139054565,21.792879544427333,Normal
User_40,2025-11-15 13:17:05,0.498,0.8927,Walking,Ligeris,Reckless_Driving,2way,0.0,30,5G,-95,43.0,2.0,0.0074948881479532,40.30622692377462,21.791258825989416,Normal
User_74,2025-11-15 13:56:11,0.6,0.6455,Walking,Ligeris,Driving_Under_Influence,1way,1.0,80,5G,Ethernet,83.0,16.0,0.0010173664071594,40.30600112437489,21.8078530400472,Normal
User_06,2025-11-15 14:22:21,0.614,1.0,Swimming,Ligeris,Driving_Under_Influence,4way,1.0,30,3G,-118,89.0,6.0,0.0033617815204547,40.3055160823706,21.80792653883479,Intentional
User_37,2025-11-15 14:56:00,0.528,0.9739,Driving,Koila,Reckless_Driving,2way,0.0,80,WiFi,-77,71.0,-9.0,0.0030697700726836,40.32084497114376,21.791258825989416,Normal
User_78,2025-11-15 15:24:26,0.64,0.7376,Running,Zep,Reckless_Driving,2way,0.0,Lane_Discards,4G,-86,38.0,-14.0,0.0057271729697465,40.28050712235227,21.75486564052248,Normal
User_89,2025-11-15 15:25:01,0.485,0.9443,Walking,Ligeris,Speeding,4way,1.0,50,3G,-111,15.0,-5.0,0.002750950564592,40.30630840227948,21.80751036654278,Normal
User_81,2025-11-15 20:30:59,0.482,0.8854,Walking,Zep,Speeding,4way,1.0,70,5G,Ethernet,42.0,-12.0,0.001625829272109,40.27843390596044,21.753424994222147,Normal
User_49,2025-11-15 21:23:33,0.483,0.5725,Running,Koila,Reckless_Driving,2way,1.0,10,5G,-81,48.0,-1.0,0.0065677825356341,40.32212457491931,21.78944806654419,Normal
User_13,2025-11-15 22:01:05,0.657,0.7699,Walking,Ligeris,Speeding,4way,1.0,10,5G,-71,13.0,13.0,0.0041040863384986,40.30782897308059,21.808376326213864,Normal
User_63,2025-11-15 22:29:33,0.408,0.8574,Driving,Ligeris,Speeding,1way,1.0,90,3G,-75,56.0,7.0,0.0013237338848286,40.278482650481536,21.75260557518114,Normal
User_02,2025-11-15 22:43:41,0.504,0.8228,Walking,Ligeris,Driving_Under_Influence,1way,4.0,60,WiFi,-57,-36.0,9.0,0.0084362544299636,40.30629543190096,21.807999986615343,Normal
User_46,2025-11-16 12:46:10,0.508,0.8269,Walking,Koila,Speeding,2way,160.0,50,4G,-118,-35.0,0.0,0.0043744105349129,40.32347148419708,21.790065538127916,Normal
User_39,2025-11-16 13:37:44,0.685,0.8998,Driving,Koila,Reckless_Driving,2way,1.0,30,3G,-115,76.0,-8.0,0.0097129381402229,40.32218897931694,21.79084605704615,Normal
User_07,2025-11-16 17:27:20,0.319,0.5725,Running,Ligeris,Driving_Under_Influence,2way,0.0,30,WiFi,-88,69.0,13.0,0.0096922271272312,40.30650523860626,21.80615358321227,Normal
User_38,2025-11-16 18:15:02,0.448,0.8052,Walking,Zep,Speeding,1way,1.0,10,4G,-101,45.0,7.0,0.0076644557265875,40.27900776996336,22.138155,Normal
User_15,2025-11-16 19:52:12,0.508,0.6714,Walking,Koila,Speeding,1way,0.0,50,5G,-97,28.0,-19.0,0.0015484381685994,40.32075520969411,21.7907300919531,Unintentional
User_16,2025-11-16 20:15:09,0.438,0.7649,Driving,Koila,Driving_Under_Influence,4way,2.0,40,5G,-71,68.0,14.0,0.0038596141376549,40.32224779961023,21.791885267645473,Normal
User_82,2025-11-17 01:33:16,0.499,0.9984,Walking,Koila,Speeding,1way,1.0,70,5G,-112,52.0,-16.0,0.0013476697751897,40.32278519452571,21.791095115199298,Normal
User_37,2025-11-17 13:19:57,0.528,0.9769,Driving,Zep,Reckless_Driving,2way,0.0,40,3G,-75,37.0,-1.0,0.0041393162321733,40.27884289754665,21.75410906028274,Normal
User_61,2025-11-17 13:56:26,0.261,0.7385,Walking,Ligeris,Driving_Under_Influence,2way,1.0,30,WiFi,-59,48.0,8.0,0.0057271729697465,40.32350634093552,21.79044776824931,Normal
User_14,2025-11-17 17:39:11,0.549,0.6577,Running,Ligeris,Reckless_Driving,1way,0.0,20,3G,-120,30.0,6.0,0.0057271729697465,40.32171600597891,21.791258825989416,Normal
User_92,2025-11-18 02:46:41,0.611,1.0,Driving,Ligeris,Speeding,4way,0.0,90,5G,-89,94.0,0.0,0.0045011848806058,40.30715121593297,21.791258825989416,Normal
User_54,2025-11-18 06:53:30,0.508,0.7891,Walking,Ligeris,Reckless_Driving,2way,1.0,20,4G,-82,48.0,0.0,0.0026297301922351,40.30622692377462,21.8080946295644,Normal
User_29,2025-11-18 08:28:56,0.508,0.8646,Walking,Ligeris,7,2way,2.0,40,3G,-69,48.0,7.0,0.007632235219557,40.30595750833365,21.80714024524688,Normal
User_12,2025-11-18 11:56:13,0.251,0.6647,Running,Center,Reckless_Driving,1way,1.0,70,3G,-74,33.0,0.0,0.0034548670445547,40.27892975466598,23.446039,Intentional
User_16,2025-11-18 16:11:13,0.438,0.7689,Walking,Ligeris,Driving_Under_Influence,4way,2.0,Harassing_Driver,4G,-91,33.0,-3.0,0.048,40.322166364439205,21.792239504823257,Unintentional
User_37,2025-11-18 16:23:42,0.508,0.9799,Walking,Zep,Driving_Under_Influence,1way,0.0,20,WiFi,-63,31.0,-14.0,0.0073890564234874,40.279758981098475,21.753335432960533,Normal
User_44,2025-11-18 18:54:37,0.332,0.7447,Flying,Ligeris,Speeding,2way,1.0,20,WiFi,Ethernet,1.0,16.0,0.0057271729697465,40.30685799350666,21.80928492468641,Intentional
User_100,2025-11-18 20:01:00,0.592,0.8421,Walking,Zep,Speeding,1way,0.0,20,112,-84,19.0,0.0,0.0040540287410685,40.30622692377462,21.75201059553676,Normal
User_33,2025-11-18 20:32:34,0.486,0.7826,Running,Ligeris,Driving_Under_Influence,4way,0.0,40,WiFi,Ethernet,52.0,4.0,0.0023616139492599,40.30740602550651,21.807642656716716,Normal
User_95,2025-11-18 23:56:16,0.739,0.7323,Walking,Ligeris,Reckless_Driving,5way,1.0,90,3G,Ethernet,34.0,-12.0,0.0018265769657707,40.30622692377462,21.791258825989416,Intentional
User_63,2025-11-19 02:09:24,0.508,0.8644,Running,Ligeris,Speeding,1way,0.0,40,4G,-114,32.0,-15.0,0.00702264900795,40.30464359862841,21.808532094976357,Normal
User_50,2025-11-19 14:03:53,0.477,0.9727,Walking,Koila,Speeding,2way,0.0,30,3G,-94,73.0,-1.0,0.0064369073275248,40.321776042728715,21.791258825989416,Normal
User_40,2025-11-19 15:44:25,0.498,0.9007,Walking,Ligeris,Driving_Under_Influence,1way,150.0,30,3G,-112,48.0,-13.0,0.0022389605022721,40.32166262722272,21.78948437559658,Normal
User_97,2025-11-19 16:10:03,0.508,1.0,Driving,Ligeris,Reckless_Driving,2way,1.0,70,WiFi,Ethernet,76.0,-12.0,0.0069433778601856,40.30509367369316,21.805701636175048,Normal
User_89,2025-11-19 20:15:27,0.508,0.9523,Driving,Koila,Driving_Under_Influence,2way,0.0,30,WiFi,Ethernet,57.0,0.0,0.0091679874627758,40.322679631968185,21.78988119690806,Normal
User_74,2025-11-19 23:28:16,0.6,0.5725,Walking,Ligeris,Reckless_Driving,2way,140.0,80,3G,Ethernet,12.0,0.0,0.0048913730973943,41.197693,21.808037385287513,Normal
User_50,2025-11-20 05:23:09,0.477,0.9747,Driving,Zep,Reckless_Driving,5way,2.0,90,3G,-95,6.0,4.0,0.0019272435858097,40.28064208357568,21.752415072130432,Intentional
User_41,2025-11-20 06:46:19,0.251,0.9075,Running,Zep,Speeding,1way,0.0,50,3G,Ethernet,74.0,-6.0,0.0048064355398488,40.27936888699671,21.791258825989416,Normal
User_88,2025-11-20 10:13:20,0.676,0.679,Running,Koila,7,2way,1.0,30,WiFi,-63,48.0,-9.0,0.00234887778077,40.30622692377462,21.791307463053084,Normal
User_68,2025-11-20 11:04:59,0.736,0.5725,Running,Ligeris,Driving_Under_Influence,2way,2.0,60,3G,-78,62.0,-7.0,0.0015025154000335,40.27939308926839,21.753116214835323,Normal
User_43,2025-11-20 11:44:21,0.255,0.9203,Running,Ligeris,Driving_Under_Influence,2way,2.0,80,3G,-71,52.0,2.0,0.001939990723787,41.905091,21.752936410753833,Normal
User_14,2025-11-20 18:29:11,0.549,0.6637,Walking,Ligeris,Reckless_Driving,2way,0.0,70,3G,-50,48.0,25.0,0.0064318054919499,40.30588158011302,21.80939611191563,Unintentional
User_64,2025-11-20 22:38:44,0.257,0.6606,Walking,Ligeris,Driving_Under_Influence,1way,2.0,40,WiFi,Ethernet,48.0,-1.0,0.0035828979567836,40.307332887032736,21.806331308779075,Normal
User_23,2025-11-20 23:31:34,0.508,1.0,Walking,Koila,Driving_Under_Influence,4way,0.0,40,3G,-53,50.0,-15.0,0.007802565152221,40.32248941030121,21.79182065920834,Normal
User_05,2025-11-20 23:33:57,0.311,0.8018,Walking,Ligeris,Driving_Under_Influence,1way,1.0,40,3G,Ethernet,57.0,13.0,0.0079344176901465,41.599559,21.79210999096905,Normal
User_85,2025-11-21 01:09:14,0.572,1.0,Walking,Zep,Reckless_Driving,2way,1.0,40,3G,-73,46.0,-2.0,0.0045782520024483,40.279767794894525,21.75148651554215,Normal
User_87,2025-11-21 06:24:27,0.374,0.7946,Running,Ligeris,Reckless_Driving,2way,1.0,40,5G,-77,74.0,3.0,0.0094814532438955,40.306944837339415,21.807852714047005,Normal
User_89,2025-11-21 08:05:44,0.485,0.9553,Running,Koila,Speeding,1way,3.0,90,3G,-115,48.0,0.0,0.009722138988547,40.32078710012941,21.79079310117359,Normal
User_72,2025-11-21 13:42:29,0.697,0.5725,Running,Ligeris,Reckless_Driving,1way,0.0,40,3G,-78,48.0,7.0,0.021,40.30622692377462,21.806696379914975,Unintentional
User_07,2025-11-21 15:24:08,0.508,0.904,Walking,Koila,Reckless_Driving,4way,160.0,30,4G,-70,94.0,23.0,0.0070894901917653,40.322545532578985,21.793178562148555,Unintentional
User_20,2025-11-21 15:38:57,0.686,0.5725,Walking,Koila,Speeding,4way,1.0,70,3G,-72,94.0,-15.0,0.039,40.30622692377462,21.789505663517037,Unintentional
User_80,2025-11-21 16:12:04,0.313,0.8625,Walking,Koila,Speeding,2way,1.0,40,3G,-102,34.0,0.0,0.0092938518603324,40.32207306971449,21.7904649840796,Normal
User_06,2025-11-21 21:20:24,0.614,0.5725,Running,Ligeris,Reckless_Driving,2way,0.0,20,3G,-95,64.0,-2.0,0.0086929242437528,40.278612414584515,21.75336391307747,Normal
User_65,2025-11-21 22:44:41,0.578,0.7413,Running,Zep,Driving_Under_Influence,2way,4.0,10,5G,-86,66.0,-8.0,0.0057271729697465,40.30622692377462,21.752433934383767,Normal
User_52,2025-11-21 22:57:04,0.399,0.5725,Running,Koila,Speeding,2way,1.0,20,5G,-109,68.0,-5.0,0.0072324627122335,40.32204003552575,21.790252553383063,Normal
User_65,2025-11-21 23:20:45,0.578,0.7423,Walking,Zep,Speeding,4way,1.0,10,4G,-119,17.0,-1.0,0.0049220563337415,40.278685530190955,21.754585930007895,Normal
User_62,2025-11-22 05:29:02,0.346,0.9023,Walking,Koila,Driving_Under_Influence,2way,0.0,30,4G,-120,59.0,13.0,0.0059735683240378,40.321120321315846,21.791345545406575,Normal
User_85,2025-11-22 08:01:07,0.572,1.0,Running,Koila,Driving_Under_Influence,2way,1.0,50,3G,-108,36.0,-11.0,0.0076707089977293,40.32288287781165,21.791624857903987,Normal
User_53,2025-11-22 09:15:46,0.508,1.0,Walking,Zep,Speeding,2way,1.0,80,4G,-99,48.0,6.0,0.0051505065819493,40.27916851905777,21.75486047276479,Normal
User_30,2025-11-22 22:44:38,0.577,0.9185,Driving,Ligeris,Driving_Under_Influence,4way,0.0,80,WiFi,-87,79.0,-2.0,0.0099968447346267,42.247376,21.80907982174782,Normal
User_82,2025-11-23 05:19:46,0.508,1.0,Walking,Ligeris,Driving_Under_Influence,2way,0.0,40,3G,-85,48.0,9.0,0.0093561047300185,40.30622692377462,21.807339297642535,Normal
User_93,2025-11-23 05:48:27,0.418,0.5725,Driving,Zep,Reckless_Driving,2way,1.0,50,WiFi,-56,30.0,-14.0,0.0074150388736085,40.27967531693634,21.75332643550122,Normal
User_28,2025-11-23 07:15:12,0.561,0.7555,Running,Zep,Speeding,2way,1.0,60,5G,Ethernet,43.0,-4.0,0.0057271729697465,40.27913453545202,21.75369074034311,Normal
User_43,2025-11-23 09:35:53,0.255,0.5725,Walking,Zep,Driving_Under_Influence,2way,1.0,20,3G,Ethernet,10.0,6.0,0.0053801674122478,40.28028105092047,21.75206173883448,Normal
User_88,2025-11-23 10:41:35,0.676,0.685,Walking,Ligeris,Driving_Under_Influence,2way,0.0,40,4G,-72,-43.0,-9.0,0.0064931899475846,40.30672131270594,21.80535549112751,Normal
User_56,2025-11-23 13:12:54,0.419,0.8286,Driving,Koila,Speeding,4way,1.0,70,5G,-120,48.0,11.0,0.0042229654186893,40.32236263296293,21.79232235514819,Normal
User_08,2025-11-23 15:30:36,0.325,1.0,Driving,Ligeris,Speeding,2way,2.0,Harassing_Driver,WiFi,-58,71.0,25.0,0.0024126109842028,40.280161305398615,21.754187527611226,Unintentional
User_39,2025-11-23 17:31:35,0.685,0.9148,Walking,Koila,Reckless_Driving,2way,1.0,60,3G,-112,1.0,1.0,0.0068806874936587,40.32222464897909,21.7909643213192,Normal
User_41,2025-11-23 18:53:37,0.251,0.9145,Walking,Koila,Reckless_Driving,5way,1.0,60,3G,-107,8.0,-9.0,0.0057271729697465,40.32103132908427,21.79045464922671,Intentional
User_10,2025-11-23 22:51:00,0.719,0.9733,Driving,Ligeris,Driving_Under_Influence,4way,1.0,70,105,-99,48.0,10.0,0.0057271729697465,40.30622692377462,21.80868608399966,Normal
User_29,2025-11-24 01:18:04,0.309,0.5725,Running,Zep,Reckless_Driving,4way,0.0,60,3G,Ethernet,82.0,-8.0,0.0043601546785331,40.279727522993745,21.791258825989416,Normal
User_28,2025-11-24 04:23:08,0.561,0.7575,Walking,Koila,Driving_Under_Influence,2way,2.0,50,107,Ethernet,74.0,10.0,0.0036757980135233,40.32097018261911,21.79133680264291,Normal
User_66,2025-11-24 05:38:45,0.325,1.0,Walking,Zep,Speeding,1way,0.0,30,3G,-83,48.0,13.0,0.0017754542359081,40.27877813574974,21.753020701007745,Normal
User_81,2025-11-24 07:29:02,0.482,0.9024,Walking,Ligeris,Speeding,1way,2.0,20,WiFi,-63,56.0,6.0,0.0064363062534998,40.32241407359168,21.79003515567168,Normal
User_50,2025-11-24 14:51:41,0.477,0.5725,Swimming,Koila,Driving_Under_Influence,1way,1.0,120,3G,-91,16.0,-11.0,0.0018398646658598,40.32162801040846,21.79190818480346,Intentional
User_23,2025-11-24 20:40:54,0.669,1.0,Flying,Koila,Driving_Under_Influence,2way,0.0,90,WiFi,-66,45.0,10.0,0.0057271729697465,40.32163659676281,21.791258825989416,Intentional
User_21,2025-11-25 01:17:33,0.64,1.0,Running,Zep,Speeding,2way,1.0,40,3G,-71,76.0,2.0,0.0023026897835737,40.27892999062465,21.75316235382795,Normal
User_16,2025-11-25 01:20:39,0.508,0.7819,Driving,Koila,Speeding,2way,0.0,50,4G,-110,48.0,6.0,0.0033510453294626,40.32161750059658,21.792926888148013,Normal
User_80,2025-11-25 06:10:55,0.313,0.8695,Driving,Ligeris,Speeding,6way,0.0,80,WiFi,-50,26.0,-14.0,0.0079809930533211,40.30622692377462,21.807477158816074,Intentional
User_77,2025-11-25 06:57:04,0.347,0.7966,Walking,Ligeris,Speeding,1way,0.0,10,WiFi,-66,75.0,-10.0,0.0057271729697465,40.32207691865715,21.79125753798161,Normal
User_75,2025-11-25 08:31:15,0.544,0.9994,Running,Zep,Driving_Under_Influence,2way,0.0,60,3G,-70,-26.0,0.0,0.0067484397956381,40.27918318562416,21.753448942903827,Normal
User_26,2025-11-25 15:54:41,0.642,0.8142,Walking,Koila,Reckless_Driving,1way,0.0,40,3G,-72,6.0,0.0,0.0082631514289987,40.32142166869492,19.400767,Normal
User_68,2025-11-25 20:06:19,0.736,0.9725,Walking,Koila,Speeding,2way,0.0,60,3G,-96,22.0,15.0,0.0034537058045752,37.390234,21.791099884421023,Normal
User_10,2025-11-25 21:42:27,0.719,0.9773,Walking,Zep,Speeding,2way,0.0,40,5G,Ethernet,48.0,-9.0,0.022,40.27913523689419,21.791258825989416,Unintentional
User_01,2025-11-25 23:57:36,0.618,0.9755,Running,Ligeris,Reckless_Driving,2way,0.0,50,5G,-95,48.0,1.0,0.0011754359902663,40.30559143971507,21.809248751566138,Normal
User_22,2025-11-26 02:29:07,0.712,0.6983,Running,Zep,Reckless_Driving,2way,0.0,80,4G,-77,-26.0,0.0,0.0057271729697465,40.279489320589065,21.791258825989416,Normal
User_76,2025-11-26 05:28:59,0.349,1.0,Running,Ligeris,Driving_Under_Influence,1way,0.0,80,3G,-120,48.0,0.0,0.004892737519713,40.30644996150239,21.806005353062844,Normal
User_03,2025-11-26 05:51:42,0.381,0.8505,Walking,Koila,Driving_Under_Influence,2way,1.0,20,4G,-71,17.0,11.0,0.0022119328773308,40.32174645865618,21.791258825989416,Normal
User_67,2025-11-26 10:39:14,0.557,0.8406,Walking,Ligeris,Reckless_Driving,2way,0.0,90,WiFi,-54,75.0,-17.0,0.0052085777562883,40.30673343379363,21.807445572219933,Unintentional
User_05,2025-11-26 14:03:28,0.311,0.8128,Running,Zep,Speeding,2way,1.0,10,5G,-102,19.0,0.0,0.0079530854028677,40.27890929521607,21.751345452582356,Normal
User_60,2025-11-26 17:59:26,0.602,0.9636,Running,Ligeris,Driving_Under_Influence,2way,1.0,Harassing_Driver,3G,-100,76.0,-6.0,0.0012085876897588,40.30645932577264,21.807567419178312,Normal
User_38,2025-11-26 21:44:07,0.448,0.5725,Driving,Koila,Speeding,4way,1.0,20,4G,Ethernet,13.0,-2.0,0.0032270851417908,40.32108728104938,21.791509005484805,Normal
User_20,2025-11-27 00:02:47,0.686,0.9894,Walking,Koila,Reckless_Driving,6way,0.0,40,4G,-119,48.0,2.0,0.0081881724798826,40.32126266598256,21.79253957115558,Intentional
User_75,2025-11-27 01:18:04,0.544,1.0,Walking,Koila,Speeding,2way,0.0,70,5G,-105,72.0,7.0,0.0061605096300148,40.32074074847733,21.79105292506662,Normal
User_79,2025-11-27 07:21:37,0.426,0.7006,Running,Koila,Driving_Under_Influence,2way,0.0,40,WiFi,-52,14.0,3.0,0.0057271729697465,40.32190940732787,21.79079959386812,Normal
User_27,2025-11-27 12:05:05,0.319,0.9726,Walking,Zep,Reckless_Driving,2way,1.0,50,3G,-102,100.0,8.0,0.0035229998933678,40.30622692377462,21.753080806930956,Normal
User_27,2025-11-27 12:39:19,0.319,0.9736,Driving,Spinari,Reckless_Driving,2way,1.0,80,5G,-91,96.0,0.0,0.0016374322705435,40.279877136826954,21.791258825989416,Intentional
User_98,2025-11-27 12:56:53,0.553,0.9049,Running,Zep,Driving_Under_Influence,4way,0.0,60,3G,-89,48.0,5.0,0.0019013899086578,40.28114222067306,21.7537969332799,Normal
User_93,2025-11-27 16:46:36,0.418,0.7641,Running,Zep,Speeding,2way,1.0,70,5G,-119,98.0,-9.0,0.002917401977834,40.27898386760282,21.7530719683374,Normal
User_02,2025-11-27 22:10:55,0.504,0.8468,Running,Ligeris,Speeding,1way,0.0,50,107,-56,45.0,0.0,0.0040379289517249,40.30703633446845,21.80682792603283,Normal
User_90,2025-11-27 22:44:20,0.522,0.7264,Walking,Zep,Speeding,1way,0.0,40,4G,-90,-20.0,3.0,0.0097265745775539,40.2795347085008,21.752157351439912,Normal
User_49,2025-11-28 10:41:20,0.483,0.769,Driving,Koila,Driving_Under_Influence,2way,0.0,40,5G,-101,47.0,-14.0,0.0057271729697465,40.32252567251284,21.790314901551664,Normal
User_59,2025-11-28 14:54:07,0.696,1.0,Driving,Ligeris,Reckless_Driving,1way,0.0,40,5G,-91,60.0,-15.0,0.0068972817350194,40.279275197080146,21.752625917836376,Normal
User_45,2025-11-28 16:19:08,0.446,0.7205,Running,Koila,Speeding,2way,3.0,40,5G,-78,48.0,16.0,0.0017413327739498,40.32199642369125,21.79050520557995,Normal
User_25,2025-11-28 16:56:42,0.627,0.7203,Walking,Ligeris,Speeding,4way,1.0,40,4G,-91,36.0,0.0,0.0045653992789181,40.30622692377462,21.80842413014667,Normal
User_33,2025-11-28 21:29:18,0.486,0.8036,Swimming,Ligeris,Reckless_Driving,2way,1.0,50,WiFi,Ethernet,48.0,-4.0,0.0037467752827246,40.30622692377462,21.791258825989416,Intentional
User_12,2025-11-29 02:26:06,0.251,0.6857,Running,Ligeris,Driving_Under_Influence,2way,0.0,40,3G,-108,9.0,3.0,0.0050041274904208,40.30621545637805,21.80750112093026,Normal
User_89,2025-11-29 05:40:26,0.485,0.9713,Driving,Koila,Speeding,2way,0.0,40,3G,-106,1.0,-11.0,0.0057271729697465,40.321189996423264,21.793280099791303,Normal
User_83,2025-11-29 05:48:37,0.508,0.9555,Running,Zep,Speeding,1way,2.0,70,111,-81,48.0,-16.0,0.0029536403286366,40.279423433563494,21.753299712984685,Normal
User_77,2025-11-29 06:36:35,0.347,0.8046,Walking,Zep,Speeding,1way,2.0,40,4G,-113,48.0,-4.0,0.0043361381679546,40.28099626818279,21.752749742971456,Normal
User_70,2025-11-29 07:39:46,0.359,0.9992,Running,Ligeris,Driving_Under_Influence,2way,1.0,Lane_Discards,3G,-89,17.0,10.0,0.0039633223331633,40.30707302135948,21.806074604972057,Normal
User_80,2025-11-29 14:25:26,0.313,0.5725,Walking,Zep,Speeding,2way,1.0,10,5G,-95,11.0,0.0,0.0093109368356209,40.28099885601578,21.754493722987835,Normal
User_59,2025-11-29 16:26:40,0.696,1.0,Walking,Zep,Reckless_Driving,2way,2.0,40,WiFi,-63,-144.0,-13.0,0.0041822010964648,40.27963409984337,21.7532989828084,Normal
User_48,2025-11-29 17:55:56,0.611,0.8853,Running,Koila,6,1way,0.0,40,4G,-89,100.0,-9.0,0.007469726064218,40.321671828188165,21.792107797361226,Normal
User_24,2025-11-29 19:20:56,0.7,0.89,Walking,Ligeris,Driving_Under_Influence,1way,0.0,50,5G,-79,48.0,-12.0,0.0013890265032116,37.226672,21.80626846873967,Normal
User_45,2025-11-29 20:47:46,0.446,0.7225,Running,Koila,7,4way,1.0,50,5G,-111,54.0,14.0,0.0057271729697465,40.322272125447,21.791258825989416,Normal
User_86,2025-11-29 23:28:50,0.63,0.9333,Driving,Koila,Speeding,4way,0.0,60,5G,-80,54.0,0.0,0.0093449150733209,40.32255214226618,21.790480320558764,Normal
User_78,2025-11-30 01:44:07,0.64,0.5725,Running,Ligeris,Driving_Under_Influence,2way,0.0,60,4G,-98,48.0,-6.0,0.0057644775401045,40.30525435214712,21.808884043012046,Normal
User_40,2025-11-30 05:39:56,0.498,0.5725,Walking,Ligeris,Speeding,2way,1.0,60,120,-80,82.0,6.0,0.009040408741495,40.30618494552056,21.807541468236852,Normal
User_77,2025-11-30 06:31:40,0.347,0.8066,Driving,Zep,Speeding,4way,1.0,40,4G,-107,49.0,0.0,0.0091834568038722,40.27802381526599,21.753195856808436,Normal
User_04,2025-11-30 16:33:51,0.295,0.7279,Driving,Ligeris,Reckless_Driving,1way,2.0,40,3G,-114,55.0,16.0,0.007386391195009,40.30471525051836,21.80683199331342,Normal
User_68,2025-11-30 17:57:58,0.736,0.9815,Driving,Zep,Driving_Under_Influence,4way,1.0,40,109,Ethernet,33.0,-9.0,0.0050014244242918,40.27942465527726,21.754251721230435,Normal
User_50,2025-11-30 22:19:11,0.477,0.5725,Running,Ligeris,Speeding,2way,1.0,40,3G,-84,85.0,-8.0,0.0038785697553025,40.306972156396824,21.791258825989416,Normal
User_14,2025-11-30 23:04:13,0.549,0.6837,Walking,Ligeris,Driving_Under_Influence,2way,2.0,40,WiFi,Ethernet,80.0,0.0,0.043,40.30622692377462,21.80824232276004,Unintentional
User_97,2025-12-01 03:06:50,0.296,0.5725,Walking,Zep,Driving_Under_Influence,2way,1.0,10,WiFi,-73,48.0,13.0,0.0047459800009735,40.27972307204412,21.75308479636975,Normal
User_74,2025-12-01 04:17:49,0.6,0.6765,Walking,Zep,Speeding,2way,4.0,30,WiFi,Ethernet,27.0,16.0,0.0011071965221857,40.28003397218127,21.754752743526964,Normal
User_69,2025-12-01 04:20:11,0.289,0.8186,Walking,Ligeris,Driving_Under_Influence,2way,1.0,60,3G,Ethernet,30.0,16.0,0.041,40.321908408023695,21.791158334651374,Unintentional
User_02,2025-12-01 08:02:25,0.508,0.8538,Driving,Koila,Reckless_Driving,2way,0.0,20,3G,-95,70.0,-7.0,0.0060256212820953,40.3221668181583,21.78904526094161,Normal
User_08,2025-12-01 09:27:09,0.325,1.0,Running,Zep,Reckless_Driving,4way,1.0,30,WiFi,Ethernet,35.0,0.0,0.0051228801013454,40.280377179702064,22.828227,Normal
User_07,2025-12-01 15:50:29,0.508,0.924,Walking,Ligeris,Speeding,5way,3.0,60,5G,-86,48.0,24.0,0.0090457379610526,40.30696065666584,21.80764418797919,Intentional
User_82,2025-12-01 16:12:23,0.499,1.0,Walking,Zep,Reckless_Driving,2way,1.0,50,4G,-113,46.0,0.0,0.0028773175431385,40.27926843782846,21.75220234669904,Normal
User_32,2025-12-01 20:02:42,0.694,0.5725,Running,Koila,Reckless_Driving,1way,0.0,40,3G,-65,21.0,2.0,0.0027233715035735,40.32267724955378,21.79228970006014,Normal
User_22,2025-12-01 20:30:27,0.712,0.7093,Driving,Zep,Driving_Under_Influence,2way,1.0,70,3G,-93,31.0,0.0,0.006440081376647,40.27966374663212,21.753618807215343,Normal
User_24,2025-12-01 21:27:29,0.7,0.893,Walking,Zep,Speeding,2way,1.0,30,WiFi,-86,48.0,15.0,0.0066461384193528,40.277937933465005,21.75339940829852,Normal
User_04,2025-12-01 21:54:39,0.295,0.7309,Driving,Zep,Reckless_Driving,2way,1.0,80,3G,Ethernet,84.0,0.0,0.028,40.28005995296918,21.753848233122326,Unintentional
User_100,2025-12-01 23:00:54,0.508,0.8681,Walking,Zep,Speeding,4way,2.0,20,4G,-103,48.0,14.0,0.0056388727033663,40.27955109391707,21.7534202033654,Normal
User_95,2025-12-02 01:46:09,0.739,0.7593,Driving,Ligeris,Driving_Under_Influence,2way,0.0,70,4G,Satellite,78.0,9.0,0.0084215558945727,40.30569417051863,21.80643631731486,Normal
User_03,2025-12-02 02:09:44,0.508,0.8625,Walking,Ligeris,Speeding,2way,1.0,10,4G,-86,59.0,16.0,0.0022257303627299,40.27887273160656,21.75386678731777,Normal
User_86,2025-12-02 07:15:35,0.63,0.5725,Swimming,Koila,Speeding,2way,1.0,30,WiFi,-51,59.0,1.0,0.0057271729697465,40.30622692377462,21.791258825989416,Intentional
User_57,2025-12-02 11:50:26,0.733,0.7874,Driving,Zep,Driving_Under_Influence,2way,1.0,70,3G,-88,87.0,2.0,0.006437115754448,40.27860684251364,23.675216,Normal
User_23,2025-12-02 13:10:48,0.508,1.0,Walking,Ligeris,Reckless_Driving,2way,1.0,30,4G,-88,81.0,9.0,0.0099768604247434,40.30729366034506,21.807440894229337,Normal
User_48,2025-12-02 15:29:16,0.611,0.8913,Running,Koila,Speeding,4way,1.0,90,3G,-74,75.0,-14.0,0.0071126261565908,40.32196412190587,21.791258825989416,Normal
User_06,2025-12-02 16:39:26,0.614,1.0,Walking,Koila,Speeding,2way,1.0,60,4G,Ethernet,48.0,8.0,0.0066015003956276,41.269477,21.792034232834727,Normal
User_25,2025-12-02 18:13:17,0.627,0.5725,Walking,Zep,Driving_Under_Influence,1way,1.0,90,3G,-110,60.0,13.0,0.0062170675553779,40.28051826293247,18.570345,Normal
User_75,2025-12-02 18:36:57,0.544,1.0,Walking,Zep,Speeding,2way,1.0,60,3G,-89,30.0,-10.0,0.0054259374330446,40.30622692377462,21.791258825989416,Normal
User_01,2025-12-02 20:27:37,0.618,0.5725,Running,Ligeris,Driving_Under_Influence,2way,2.0,70,WiFi,Ethernet,73.0,4.0,0.0024490658790956,40.30649859058616,21.80621621071768,Normal
User_92,2025-12-02 21:13:29,0.611,1.0,Driving,Spinari,Reckless_Driving,2way,1.0,80,5G,-105,76.0,0.0,0.0096017792328581,37.425897,21.790585567177043,Intentional
User_73,2025-12-02 23:09:55,0.676,1.0,Walking,Ligeris,Speeding,2way,1.0,40,3G,-88,92.0,-2.0,0.0057271729697465,42.233337,21.807263862015898,Normal
User_43,2025-12-03 00:00:45,0.508,0.9463,Running,Ligeris,Reckless_Driving,1way,1.0,130,5G,-84,48.0,-7.0,0.0051393008121704,40.30696083051122,21.805873668699935,Normal
User_64,2025-12-03 01:38:36,0.257,0.6856,Walking,Ligeris,Reckless_Driving,2way,0.0,50,4G,-87,3.0,3.0,0.009221782443258,40.27918344307183,21.75220709229544,Normal
User_38,2025-12-03 01:51:42,0.508,0.8392,Driving,Ligeris,Reckless_Driving,1way,1.0,Lane_Discards,3G,-87,48.0,13.0,0.0071417974091317,40.30482976898136,21.791258825989416,Normal
User_48,2025-12-03 03:12:44,0.611,0.8923,Walking,Ligeris,Driving_Under_Influence,2way,0.0,70,4G,-93,6.0,5.0,0.0057271729697465,40.30618561224047,21.807582296197207,Normal
User_30,2025-12-03 03:35:56,0.577,0.5725,Walking,Ligeris,Driving_Under_Influence,4way,1.0,50,WiFi,-81,92.0,-9.0,0.0057271729697465,40.3070394167383,21.807466001010255,Normal
User_63,2025-12-03 04:24:33,0.408,0.8924,Walking,Koila,Speeding,2way,0.0,40,5G,-116,48.0,-5.0,0.0023521794732359,40.32208852008037,21.791082686468073,Normal
User_09,2025-12-03 07:48:41,0.377,1.0,Walking,Zep,Driving_Under_Influence,6way,1.0,80,3G,-102,76.0,5.0,0.0057271729697465,40.2805935422452,21.753033692793466,Intentional
User_37,2025-12-03 09:49:04,0.528,1.0,Walking,Koila,Reckless_Driving,2way,3.0,50,5G,Ethernet,48.0,-16.0,0.0061923545401038,40.321898866423034,21.791258825989416,Normal
User_72,2025-12-03 10:02:58,0.697,0.7732,Driving,Ligeris,Driving_Under_Influence,2way,2.0,50,4G,-113,48.0,13.0,0.0024292683399484,40.30622692377462,21.807281781468387,Normal
User_06,2025-12-03 12:45:11,0.614,1.0,Walking,Koila,Driving_Under_Influence,2way,0.0,20,4G,-75,33.0,-5.0,0.043,40.32280908274578,21.790958783655636,Unintentional
User_10,2025-12-03 15:09:34,0.719,0.9923,Walking,Ligeris,Reckless_Driving,2way,0.0,20,3G,-70,48.0,-8.0,0.003690651549525,40.30657986727528,21.806815524520673,Normal
User_24,2025-12-03 15:17:25,0.7,0.897,Driving,Zep,Reckless_Driving,2way,1.0,20,WiFi,-56,0.0,-13.0,0.0067732094341937,40.279567380880984,21.75328776640333,Normal
User_15,2025-12-03 17:51:36,0.585,0.7044,Running,Ligeris,Reckless_Driving,2way,1.0,30,3G,-105,6.0,-14.0,0.0088625420578327,40.30660772396664,21.807257739916604,Normal
User_32,2025-12-03 22:16:49,0.694,0.9748,Walking,Zep,Driving_Under_Influence,4way,0.0,20,WiFi,-65,46.0,-3.0,0.029,40.30622692377462,21.752364838192197,Unintentional
User_69,2025-12-03 23:56:49,0.289,0.8236,Walking,Zep,Speeding,2way,150.0,50,4G,-98,48.0,-14.0,0.0039530424153956,40.27846731142411,21.791258825989416,Normal
User_40,2025-12-04 04:20:40,0.498,0.9297,Running,Ligeris,Reckless_Driving,1way,1.0,60,112,-85,48.0,6.0,0.0020560260389348,40.306053466931886,21.806632146226292,Normal
User_37,2025-12-04 09:25:44,0.528,1.0,Running,Ligeris,Driving_Under_Influence,2way,0.0,40,3G,-113,75.0,10.0,0.0057271729697465,40.323678975322544,21.790694450895632,Normal
User_37,2025-12-04 12:00:17,0.528,1.0,Driving,Ligeris,Speeding,1way,0.0,10,4G,-105,48.0,-5.0,0.0060589469974495,40.30591275551173,21.80529529709469,Normal
User_86,2025-12-04 13:11:02,0.63,0.9423,Walking,Ligeris,Speeding,2way,1.0,70,5G,-106,43.0,1.0,0.005400380732915,40.30622692377462,21.78955907522927,Normal
User_38,2025-12-04 16:48:55,0.448,0.5725,Running,Zep,Speeding,2way,0.0,Lane_Discards,4G,-86,95.0,-16.0,0.0033073847340094,40.27997801108214,21.75520069637901,Normal
User_71,2025-12-04 17:00:00,0.431,0.96,Running,Zep,Driving_Under_Influence,4way,0.0,60,4G,-94,27.0,9.0,0.0024407126548428,40.2795913430627,21.791258825989416,Normal
User_42,2025-12-04 17:13:23,0.508,0.9402,Running,Zep,Speeding,2way,0.0,Illegal_Parking,3G,-94,48.0,-9.0,0.0077445164919381,40.30622692377462,21.75317682419435,Normal
User_24,2025-12-05 05:15:02,0.7,0.5725,Running,Koila,Driving_Under_Influence,2way,1.0,80,3G,-103,1.0,1.0,0.0057271729697465,40.322619099077315,21.792574807224756,Normal
User_64,2025-12-05 08:04:35,0.257,0.5725,Driving,Koila,Reckless_Driving,5way,4.0,30,5G,-78,34.0,8.0,0.008193503117492,40.32264429658134,21.791747356222807,Intentional
User_75,2025-12-05 09:58:02,0.508,1.0,Driving,Ligeris,Driving_Under_Influence,2way,1.0,30,4G,-110,11.0,0.0,0.0053606764096754,40.30534877438158,21.8076470386624,Normal
User_30,2025-12-06 00:08:26,0.577,0.9455,Walking,Zep,Speeding,2way,1.0,10,WiFi,-89,26.0,-10.0,0.0029715015887076,40.27836602324904,21.752196071920594,Normal
User_78,2025-12-06 02:20:49,0.64,0.7786,Walking,Zep,Speeding,4way,1.0,70,3G,-86,54.0,0.0,0.0053724704211704,40.279865725529135,21.75133172032444,Normal
User_85,2025-12-06 09:19:43,0.508,1.0,Running,Ligeris,Speeding,6way,2.0,80,WiFi,-77,11.0,9.0,0.0088738319155404,38.287753,21.791000462474535,Intentional
User_98,2025-12-06 13:25:13,0.553,0.9229,Walking,Zep,Speeding,2way,4.0,30,106,Ethernet,23.0,9.0,0.0099502786811946,40.27996531370881,21.7516798967181,Normal
User_65,2025-12-06 13:34:38,0.578,0.7723,Flying,Zep,Reckless_Driving,1way,0.0,40,4G,-83,-44.0,-2.0,0.0013672072606084,40.27838258916552,21.752988897662785,Intentional
User_09,2025-12-06 18:09:41,0.377,1.0,Running,Zep,Reckless_Driving,2way,0.0,10,3G,Ethernet,93.0,-13.0,0.0033440900898297,40.278931871308856,21.75230401170692,Normal
User_47,2025-12-06 19:58:32,0.636,0.8131,Flying,Koila,Reckless_Driving,1way,1.0,50,4G,-72,77.0,-5.0,0.0079626200858169,40.32232677969693,21.78991144107289,Intentional
User_19,2025-12-06 20:32:38,0.384,1.0,Driving,Ligeris,Speeding,2way,0.0,80,3G,-71,20.0,6.0,0.0057271729697465,40.30739006591322,21.80842702951134,Normal
User_53,2025-12-06 22:48:15,0.364,1.0,Walking,Koila,Driving_Under_Influence,2way,150.0,30,WiFi,-55,88.0,0.0,0.0072843675423924,40.32200705242899,21.791258825989416,Normal
User_17,2025-12-06 23:37:48,0.383,0.7042,Walking,Ligeris,Speeding,2way,0.0,40,4G,-97,4.0,14.0,0.00471948473569,40.306383130544134,21.807724650646033,Normal
User_48,2025-12-07 03:20:45,0.611,0.9003,Running,Koila,Driving_Under_Influence,2way,1.0,40,WiFi,-86,47.0,-7.0,0.042,40.32171474354576,21.79109284737197,Unintentional
User_04,2025-12-07 03:39:58,0.295,0.5725,Driving,Ligeris,Speeding,4way,2.0,30,3G,-95,21.0,-5.0,0.0021090917895596,40.28026313721015,21.751161985850946,Normal
User_35,2025-12-07 05:45:12,0.379,0.8876,Walking,Koila,Speeding,2way,1.0,40,3G,-77,48.0,4.0,0.0055653089103688,40.32232118805693,21.79148620456543,Normal
User_59,2025-12-07 07:13:29,0.696,0.5725,Driving,Spinari,Reckless_Driving,1way,0.0,60,4G,-113,68.0,-10.0,0.0036898097819923,40.28110379334866,21.753679433245814,Intentional
User_99,2025-12-07 08:52:22,0.618,0.8873,Walking,Koila,Speeding,2way,1.0,40,3G,-120,48.0,15.0,0.0053763575919601,40.32268118811405,21.791273438352285,Normal
User_67,2025-12-07 15:38:11,0.557,0.8636,Driving,Koila,Speeding,6way,0.0,20,WiFi,-51,48.0,-2.0,0.0031865069879093,40.323064548452145,21.789766427689308,Intentional
User_89,2025-12-07 17:39:30,0.485,0.9873,Driving,Koila,Speeding,2way,0.0,50,3G,-109,48.0,0.0,0.0075816877947852,40.322551412618616,21.79213082386168,Normal
User_19,2025-12-07 18:13:22,0.384,1.0,Running,Ligeris,Reckless_Driving,2way,1.0,80,4G,-90,-130.0,2.0,0.0049656325751917,40.30622692377462,21.806375515477292,Normal
User_72,2025-12-08 00:36:18,0.697,0.7832,Flying,Zep,Driving_Under_Influence,4way,0.0,90,4G,-90,61.0,0.0,0.004795802637112,40.28006605251867,21.753800683394847,Intentional
User_28,2025-12-08 02:13:38,0.561,0.7845,Running,Zep,Speeding,2way,1.0,60,WiFi,-52,74.0,-9.0,0.0031523511668829,40.279670040916834,21.75315834943568,Normal
User_01,2025-12-08 03:43:38,0.618,1.0,Running,Ligeris,Speeding,2way,0.0,20,3G,Satellite,39.0,0.0,0.0078249548306509,40.30622692377462,21.75349359509039,Normal
User_80,2025-12-08 07:28:23,0.313,0.8955,Running,Ligeris,Speeding,4way,0.0,40,4G,-117,40.0,0.0,0.0057271729697465,40.30626511203421,23.098399,Normal
User_69,2025-12-08 08:11:40,0.289,0.8326,Driving,Ligeris,Reckless_Driving,2way,1.0,70,119,-76,20.0,2.0,0.0061083266344732,40.27945827378254,21.75443397900353,Normal
User_31,2025-12-08 08:52:14,0.72,0.9329,Driving,Zep,Speeding,2way,0.0,40,WiFi,-88,17.0,0.0,0.0057271729697465,37.403534,21.753251820885968,Normal
User_46,2025-12-08 09:36:50,0.621,0.8709,Running,Zep,Speeding,2way,2.0,40,5G,Ethernet,9.0,-11.0,0.0068871216768459,40.27833085264203,21.753552258675757,Normal
User_02,2025-12-08 22:00:06,0.504,0.8688,Flying,Zep,Reckless_Driving,1way,1.0,90,111,-82,48.0,7.0,0.0059716559223849,40.279158582723305,21.751331410662715,Intentional
User_06,2025-12-08 23:58:22,0.614,1.0,Walking,Ligeris,Speeding,2way,0.0,80,4G,-120,75.0,14.0,0.0092731459567947,40.30616629463937,21.791258825989416,Normal
User_07,2025-12-09 00:52:00,0.319,0.939,Walking,Ligeris,Reckless_Driving,2way,1.0,40,WiFi,Ethernet,48.0,14.0,0.0058901640039487,40.306533761956786,21.80811196806748,Normal
User_93,2025-12-09 00:58:37,0.418,0.5725,Driving,Ligeris,Reckless_Driving,1way,1.0,40,5G,-93,48.0,13.0,0.0065021246533834,40.27961870040864,21.75326511738698,Normal
User_48,2025-12-09 04:13:28,0.611,0.9043,Walking,Koila,7,2way,0.0,50,4G,-93,6.0,-1.0,0.0057271729697465,40.32230346996053,21.791471625415017,Normal
User_61,2025-12-09 04:53:13,0.261,0.7825,Walking,Ligeris,Driving_Under_Influence,1way,0.0,40,3G,-82,17.0,7.0,0.0081801123384535,40.30622692377462,21.792231923487172,Normal
User_90,2025-12-09 05:18:47,0.522,0.7504,Driving,Ligeris,Driving_Under_Influence,2way,1.0,40,4G,-118,10.0,9.0,0.0083469338584922,40.30499027856896,21.806754908416504,Normal
User_84,2025-12-09 11:41:40,0.689,0.5725,Walking,Koila,Speeding,4way,160.0,10,WiFi,-66,66.0,0.0,0.0086419789810066,40.32133544109565,21.79176942859225,Normal
User_82,2025-12-09 12:10:00,0.499,1.0,Walking,Ligeris,Speeding,4way,1.0,30,3G,-118,15.0,0.0,0.0057271729697465,40.30556923585922,21.80704730868606,Normal
User_39,2025-12-09 14:56:39,0.508,0.9458,Walking,Ligeris,Reckless_Driving,6way,1.0,70,4G,-103,41.0,1.0,0.0057271729697465,40.306373506461725,21.807672687042743,Intentional
User_55,2025-12-09 17:13:46,0.489,0.7588,Walking,Koila,Driving_Under_Influence,4way,1.0,Harassing_Driver,3G,-116,13.0,0.0,0.0078610353736842,40.32163964290731,21.792794543116237,Normal
User_43,2025-12-09 18:43:38,0.255,0.9593,Driving,Koila,Speeding,2way,0.0,30,WiFi,-75,26.0,9.0,0.0048535322007104,40.32098808498804,21.792092445520293,Normal
User_65,2025-12-09 19:13:17,0.578,0.7783,Walking,Ligeris,Speeding,2way,2.0,20,WiFi,-63,21.0,0.0,0.0011359572024039,40.306252666019574,21.807416248598685,Normal
User_89,2025-12-09 23:55:44,0.485,0.9923,Running,Ligeris,Driving_Under_Influence,1way,0.0,10,5G,-115,50.0,-11.0,0.0032547110761191,40.30504914195654,21.80626693014346,Normal
User_17,2025-12-10 04:56:48,0.383,0.7112,Walking,Zep,Reckless_Driving,2way,1.0,40,WiFi,-73,47.0,-16.0,0.0057271729697465,40.30622692377462,21.75271407175541,Normal
User_57,2025-12-10 05:40:31,0.733,0.8044,Walking,Zep,Driving_Under_Influence,2way,1.0,40,3G,-97,41.0,-16.0,0.0076668870936723,40.279976774344874,21.753050902498323,Normal
User_33,2025-12-10 08:01:51,0.486,0.8266,Running,Center,Reckless_Driving,2way,0.0,60,4G,Ethernet,3.0,4.0,0.006250733630461,40.306355430425654,21.791258825989416,Intentional
User_72,2025-12-10 08:36:25,0.508,0.7882,Walking,Zep,Speeding,4way,3.0,40,3G,-76,63.0,10.0,0.0081800815486593,40.278752256959955,21.75377906208209,Normal
User_95,2025-12-10 12:16:30,0.739,0.7753,Walking,Koila,Speeding,2way,0.0,30,WiFi,-85,49.0,-14.0,0.0027293342414829,40.320946371764066,21.789544077259904,Normal
User_44,2025-12-10 18:49:05,0.332,0.5725,Running,Koila,Speeding,2way,2.0,50,WiFi,-72,27.0,11.0,0.0057271729697465,40.321711593800025,21.79191599749439,Normal
User_50,2025-12-10 19:52:15,0.508,1.0,Driving,Zep,Driving_Under_Influence,4way,150.0,40,4G,-110,71.0,13.0,0.0057123015831955,40.28089234984706,21.75276096223228,Normal
User_58,2025-12-10 20:04:50,0.669,0.82,Running,Ligeris,Driving_Under_Influence,2way,0.0,40,4G,Ethernet,29.0,-9.0,0.0037151452570882,40.30662341185563,21.80550903052751,Normal
User_88,2025-12-10 20:14:43,0.676,0.72,Driving,Ligeris,Speeding,2way,0.0,90,4G,Ethernet,59.0,11.0,0.043,40.30497013215842,21.807573609759007,Unintentional
User_67,2025-12-11 00:05:08,0.557,0.8706,Walking,Zep,Driving_Under_Influence,2way,1.0,80,3G,Ethernet,45.0,-8.0,0.0049234121495035,40.27851193577106,21.791258825989416,Normal
User_70,2025-12-11 05:08:52,0.359,1.0,Flying,Ligeris,Driving_Under_Influence,2way,1.0,40,3G,-107,31.0,4.0,0.0026302110344681,40.30644235128948,21.807833633741772,Intentional
User_80,2025-12-11 05:09:31,0.313,0.5725,Driving,Koila,Speeding,2way,2.0,10,5G,-81,64.0,9.0,0.0026098972875577,40.322059991543775,21.791091653720517,Normal
User_73,2025-12-11 05:56:58,0.676,1.0,Running,Zep,Speeding,2way,150.0,40,3G,-104,30.0,8.0,0.0073981543239042,40.27862160521333,21.752115651010755,Normal
User_10,2025-12-11 08:32:32,0.719,1.0,Walking,Ligeris,Speeding,2way,3.0,40,5G,-111,56.0,12.0,0.0053041032882009,40.32256252288468,21.79096827651305,Normal
User_92,2025-12-11 08:33:14,0.611,1.0,Running,Center,Speeding,2way,5.0,40,5G,-100,48.0,4.0,0.0042141232614271,40.32207432027605,21.791258825989416,Intentional
User_04,2025-12-11 08:46:44,0.295,0.7499,Walking,Ligeris,Speeding,2way,4.0,60,5G,-96,37.0,0.0,0.0043625808448736,40.32208136759553,21.791262074040795,Normal
User_94,2025-12-11 09:05:14,0.648,0.7518,Running,Koila,Reckless_Driving,1way,0.0,40,5G,Satellite,48.0,-14.0,0.0093351511656972,40.32138577677213,21.78921606436193,Normal
User_95,2025-12-11 09:21:15,0.739,0.7773,Running,Ligeris,Reckless_Driving,1way,1.0,60,3G,-88,83.0,12.0,0.002191269991117,40.30509441543643,21.80749235109773,Normal
User_48,2025-12-11 10:35:30,0.508,0.9093,Driving,Zep,Speeding,2way,2.0,80,3G,-79,48.0,-16.0,0.006205534056828,40.30622692377462,21.75191511419458,Normal
User_55,2025-12-11 13:51:48,0.489,0.7638,Driving,Zep,Driving_Under_Influence,4way,0.0,50,4G,-100,48.0,10.0,0.0083681409368363,40.2801753987075,21.753553261146006,Normal
User_27,2025-12-11 16:26:01,0.319,1.0,Walking,Ligeris,Driving_Under_Influence,2way,160.0,50,5G,-106,0.0,-8.0,0.002745415681773,40.306834905884216,21.808371830281036,Normal
User_62,2025-12-11 16:33:25,0.508,0.5725,Walking,Koila,Reckless_Driving,2way,1.0,80,3G,-115,10.0,11.0,0.0021094827593219,41.78943,21.79120798660774,Normal
User_85,2025-12-11 17:33:11,0.572,0.5725,Walking,Ligeris,Speeding,2way,0.0,40,WiFi,-77,48.0,0.0,0.0030241224354047,40.30535080658414,21.791258825989416,Normal
User_37,2025-12-11 21:13:14,0.528,1.0,Driving,Ligeris,Driving_Under_Influence,4way,2.0,30,5G,-108,56.0,9.0,0.0057271729697465,37.322607,21.808251768775413,Normal
User_22,2025-12-12 01:48:42,0.712,0.5725,Running,Ligeris,Reckless_Driving,2way,2.0,30,5G,-88,5.0,-1.0,0.004322729318596,40.30588129623368,21.791258825989416,Normal
User_16,2025-12-12 12:10:40,0.438,0.8159,Walking,Koila,9,1way,0.0,20,3G,Ethernet,-17.0,-9.0,0.0014328984094547,40.32183196686465,21.79186248400035,Normal
User_75,2025-12-12 12:28:38,0.544,1.0,Walking,Zep,Speeding,4way,1.0,20,3G,-85,-132.0,-5.0,0.0010947795193729,40.279625055948976,21.75386249531281,Normal
User_84,2025-12-12 20:23:39,0.508,0.8676,Running,Koila,Driving_Under_Influence,2way,3.0,70,3G,-111,48.0,15.0,0.0048374205435401,40.30622692377462,21.791258825989416,Normal
User_54,2025-12-12 21:05:37,0.508,0.5725,Running,Zep,Speeding,1way,1.0,30,WiFi,-76,76.0,0.0,0.0091694820168358,40.28059554398981,21.754623876699036,Normal
User_42,2025-12-13 02:01:36,0.577,0.9582,Running,Zep,Speeding,2way,0.0,40,3G,-90,88.0,0.0,0.0032321577913877,40.30622692377462,21.752761883284823,Normal
User_19,2025-12-13 06:03:38,0.384,1.0,Running,Koila,Reckless_Driving,2way,0.0,80,WiFi,Ethernet,73.0,-11.0,0.0021169490991562,40.30622692377462,21.793137749357967,Normal
User_37,2025-12-13 07:34:13,0.528,1.0,Running,Spinari,Driving_Under_Influence,2way,0.0,60,5G,-95,83.0,-13.0,0.0062608735227673,40.27943867666623,21.751085289563157,Intentional
User_92,2025-12-13 08:19:25,0.611,1.0,Running,Koila,Speeding,2way,2.0,40,4G,-105,14.0,-1.0,0.0057271729697465,40.30622692377462,21.791874921908256,Normal
User_89,2025-12-13 10:29:08,0.485,1.0,Running,Ligeris,8,4way,1.0,40,5G,-84,36.0,-7.0,0.0043074923943813,41.696883,21.807919255881924,Normal
User_10,2025-12-13 11:15:26,0.719,1.0,Walking,Ligeris,Reckless_Driving,1way,1.0,90,3G,-74,58.0,14.0,0.009825052356009,40.305977851277326,21.791258825989416,Normal
User_44,2025-12-13 17:34:58,0.508,0.7957,Walking,Ligeris,Reckless_Driving,2way,2.0,40,WiFi,-86,5.0,4.0,0.0038657743130097,40.30631875766087,21.807136945168747,Normal
User_50,2025-12-13 17:58:29,0.477,0.5725,Walking,Zep,Speeding,2way,1.0,20,101,-119,48.0,-13.0,0.0057271729697465,40.280583146238214,21.754132186560547,Normal
User_61,2025-12-13 18:51:31,0.261,0.5725,Walking,Koila,Speeding,2way,1.0,40,3G,-113,13.0,8.0,0.0039582309047447,40.32258053990118,21.792145173732592,Normal
User_35,2025-12-13 23:02:42,0.379,0.8996,Walking,Koila,6,1way,0.0,80,WiFi,-69,4.0,-13.0,0.0060880167378872,40.320612335160234,18.481267,Normal
User_26,2025-12-14 04:32:48,0.642,0.8512,Driving,Ligeris,Driving_Under_Influence,2way,1.0,80,WiFi,-76,14.0,-24.0,0.0029638024489035,40.30626593833732,21.806867261099377,Unintentional
User_57,2025-12-14 05:37:26,0.733,0.8114,Driving,Koila,Speeding,2way,0.0,50,3G,Ethernet,59.0,-12.0,0.0057271729697465,40.32082785737157,21.792163350450384,Normal
User_48,2025-12-14 06:57:22,0.611,0.5725,Running,Spinari,Reckless_Driving,1way,1.0,30,5G,Ethernet,13.0,-9.0,0.0089151866867767,40.30631454690363,21.791258825989416,Intentional
User_70,2025-12-14 07:09:56,0.359,1.0,Running,Zep,Reckless_Driving,2way,0.0,30,3G,-117,48.0,-2.0,0.0091320804074765,40.27894517080807,21.753308695296617,Normal
User_83,2025-12-14 11:23:49,0.453,0.9855,Running,Ligeris,Reckless_Driving,1way,1.0,50,3G,-91,48.0,15.0,0.0019299713415179,40.30564110721559,21.8075100800804,Normal
User_02,2025-12-14 18:56:21,0.504,0.5725,Running,Ligeris,Speeding,2way,1.0,30,3G,-93,87.0,0.0,0.0057271729697465,40.30685475327437,21.8068790306456,Normal
User_43,2025-12-14 22:11:00,0.255,0.9693,Swimming,Ligeris,Reckless_Driving,2way,1.0,60,WiFi,-56,2.0,-11.0,0.0088073473432607,40.30611979548468,21.807322841472693,Intentional
User_84,2025-12-15 03:57:30,0.689,0.8736,Driving,Zep,Speeding,2way,0.0,60,3G,-96,1.0,7.0,0.0031058637842966,40.27933090084698,21.75346303920059,Normal
User_68,2025-12-15 05:22:52,0.736,1.0,Driving,Ligeris,Driving_Under_Influence,1way,0.0,30,WiFi,Ethernet,77.0,15.0,0.0034921988789173,40.30762370011255,21.791258825989416,Normal
User_02,2025-12-15 05:43:57,0.504,0.8828,Running,Ligeris,Speeding,2way,0.0,50,3G,-106,79.0,10.0,0.0080349469069958,40.30650199174654,21.791258825989416,Normal
User_56,2025-12-15 07:05:18,0.419,0.5725,Running,Ligeris,Reckless_Driving,2way,0.0,70,WiFi,-89,47.0,-14.0,0.0010515340525636,40.30618459429674,21.807442970790245,Normal
User_21,2025-12-15 09:14:17,0.64,1.0,Flying,Zep,Reckless_Driving,4way,2.0,60,4G,-73,24.0,6.0,0.0026180932637761,40.30622692377462,21.75420728770865,Intentional
User_57,2025-12-15 10:33:28,0.733,0.8144,Driving,Ligeris,Speeding,2way,0.0,40,5G,Ethernet,35.0,15.0,0.0063335918380392,40.30542511329601,21.80717410669114,Normal
User_79,2025-12-15 13:16:13,0.426,0.7366,Driving,Ligeris,Speeding,2way,0.0,80,WiFi,Ethernet,48.0,13.0,0.0092475460509652,40.30622692377462,21.807656056956,Normal
User_64,2025-12-15 16:47:55,0.257,0.7106,Driving,Ligeris,Speeding,1way,160.0,90,108,Ethernet,87.0,0.0,0.0018836943433615,40.32198374639,21.78997461025715,Normal
User_69,2025-12-16 01:01:13,0.289,0.8486,Walking,Koila,Speeding,2way,2.0,30,4G,-101,95.0,1.0,0.0069092425226999,40.32231197898084,21.79165731203268,Normal
User_62,2025-12-16 06:03:19,0.346,0.9503,Running,Koila,Driving_Under_Influence,2way,0.0,40,4G,Ethernet,48.0,-8.0,0.0038855651974236,40.32191296333794,21.791258825989416,Normal
User_55,2025-12-16 07:26:00,0.489,0.7728,Walking,Ligeris,Speeding,2way,4.0,40,4G,-73,66.0,1.0,0.006150357326659,40.3069984981371,21.80838405905182,Normal
User_49,2025-12-16 14:29:02,0.483,0.805,Walking,Ligeris,Speeding,1way,1.0,50,WiFi,-88,36.0,-6.0,0.005310395179199,40.30575183510777,21.807974091602272,Normal
User_04,2025-12-16 16:12:21,0.295,0.5725,Driving,Koila,Driving_Under_Influence,1way,1.0,70,WiFi,-88,48.0,0.0,0.005757043404806,40.32240685826547,21.791258825989416,Normal
User_07,2025-12-16 17:58:05,0.319,0.954,Running,Ligeris,9,2way,0.0,70,5G,-89,50.0,-3.0,0.0061149697667407,40.30601432031348,21.807532505336695,Normal
User_13,2025-12-16 18:05:14,0.657,0.8309,Walking,Ligeris,Speeding,1way,0.0,40,4G,-98,71.0,11.0,0.0042103812682616,40.30622692377462,21.753195249694347,Normal
User_27,2025-12-16 18:38:22,0.319,1.0,Walking,Ligeris,Reckless_Driving,2way,0.0,60,3G,Ethernet,86.0,6.0,0.0018975996662571,40.30694022395492,21.808086806297567,Normal
User_03,2025-12-17 04:42:33,0.381,0.8925,Walking,Zep,Driving_Under_Influence,2way,3.0,60,5G,-81,48.0,-11.0,0.0068554634100327,40.280184977067485,21.752826046573208,Normal
User_72,2025-12-17 09:48:25,0.697,0.8012,Driving,Spinari,Speeding,1way,1.0,10,101,-84,26.0,11.0,0.0075305495748067,40.30622692377462,21.80739054709356,Intentional
User_94,2025-12-17 13:37:51,0.648,0.7638,Driving,Koila,Speeding,1way,3.0,40,5G,-92,43.0,6.0,0.0046411117038798,40.30622692377462,22.590256,Normal
User_04,2025-12-17 14:53:00,0.295,0.5725,Driving,Ligeris,Speeding,1way,0.0,20,4G,Ethernet,48.0,7.0,0.0010307463148034,40.306161742419896,21.807377515792272,Normal
User_12,2025-12-17 18:35:40,0.251,0.7227,Driving,Ligeris,Reckless_Driving,2way,0.0,40,5G,-85,51.0,-4.0,0.0011652056622055,40.30634357814647,21.807484566640753,Normal
User_60,2025-12-17 20:30:56,0.602,1.0,Running,Spinari,Reckless_Driving,2way,1.0,70,5G,Ethernet,8.0,2.0,0.0077713572872382,40.32194641967743,21.791150944540185,Intentional
User_41,2025-12-17 22:13:39,0.251,0.5725,Walking,Koila,Reckless_Driving,1way,0.0,40,3G,-114,79.0,11.0,0.0064083055379617,40.32109055857185,21.79223694646542,Normal
User_04,2025-12-17 22:15:47,0.295,0.7629,Driving,Koila,Driving_Under_Influence,1way,5.0,60,3G,-89,-48.0,2.0,0.0051715061484696,40.32235446776833,21.791018025228112,Normal
User_44,2025-12-17 22:55:14,0.332,0.8037,Running,Ligeris,Driving_Under_Influence,2way,4.0,50,3G,-101,65.0,0.0,0.0045905019889878,40.32348805711399,21.792697521025747,Normal
User_90,2025-12-18 01:57:36,0.522,0.7684,Walking,Zep,Speeding,2way,1.0,120,3G,-94,22.0,-3.0,0.0051213280597374,40.28030638212896,21.752360702213828,Normal
User_24,2025-12-18 04:47:16,0.7,0.928,Walking,Koila,Reckless_Driving,2way,1.0,30,3G,-72,81.0,2.0,0.002062361600953,42.614601,21.791149174721557,Normal
User_40,2025-12-18 08:37:56,0.498,0.9577,Running,Ligeris,Speeding,4way,1.0,60,3G,-82,72.0,11.0,0.0081807600280603,40.30667917474762,21.791258825989416,Normal
User_23,2025-12-18 14:52:12,0.669,1.0,Swimming,Koila,Reckless_Driving,1way,3.0,60,5G,-82,-19.0,3.0,0.0041384428632034,40.30622692377462,21.78972563777586,Intentional
User_06,2025-12-18 16:27:40,0.614,1.0,Running,Zep,Driving_Under_Influence,2way,1.0,30,WiFi,-56,32.0,-11.0,0.0093753980445271,40.279854213462094,21.753919559508873,Normal
User_93,2025-12-18 17:59:15,0.418,0.8051,Driving,Zep,Reckless_Driving,1way,1.0,30,WiFi,-72,48.0,7.0,0.0017986303634721,40.278959696853505,21.75492926945069,Normal
User_40,2025-12-18 23:08:22,0.498,0.9587,Driving,Ligeris,Driving_Under_Influence,4way,1.0,60,4G,-90,95.0,11.0,0.0066915692566671,40.30635270402782,21.8071138539974,Normal
User_56,2025-12-19 00:52:57,0.419,0.8806,Driving,Zep,Speeding,4way,4.0,80,WiFi,-76,57.0,2.0,0.0057271729697465,40.27928335698671,21.754989263652476,Normal
User_11,2025-12-19 02:24:58,0.539,0.8786,Walking,Koila,Speeding,2way,150.0,20,118,-61,38.0,-1.0,0.0024609334830964,40.32257150690971,21.79067378901374,Normal
User_68,2025-12-19 06:32:47,0.736,1.0,Walking,Ligeris,Driving_Under_Influence,1way,1.0,50,WiFi,-68,55.0,0.0,0.00912641975263,40.306364435586914,21.791258825989416,Normal
User_71,2025-12-19 18:10:40,0.431,0.99,Running,Ligeris,Driving_Under_Influence,2way,0.0,70,3G,Ethernet,36.0,12.0,0.0050525497350317,40.30622692377462,21.80673792691548,Normal
User_100,2025-12-19 19:18:05,0.592,0.9031,Driving,Ligeris,Speeding,4way,1.0,10,WiFi,-58,86.0,-16.0,0.0057271729697465,40.32141607547509,21.791276179216784,Normal
User_75,2025-12-19 20:25:58,0.544,1.0,Walking,Ligeris,Reckless_Driving,1way,2.0,40,3G,-113,83.0,8.0,0.0057271729697465,40.32329814291025,21.79057474659523,Normal
User_32,2025-12-19 21:59:40,0.694,1.0,Walking,Koila,Speeding,2way,2.0,40,5G,-117,85.0,-8.0,0.0057271729697465,40.32249157368048,21.791079937195818,Normal
User_100,2025-12-20 01:10:03,0.592,0.9051,Driving,Ligeris,Speeding,2way,1.0,30,5G,-95,67.0,-13.0,0.0033072172168648,40.306085941686895,21.807760108765027,Normal
User_70,2025-12-20 10:54:44,0.359,1.0,Running,Koila,Driving_Under_Influence,2way,1.0,20,5G,-76,-48.0,0.0,0.0057271729697465,40.32339334860329,21.791031655905233,Normal
User_52,2025-12-20 12:23:15,0.399,1.0,Driving,Ligeris,Reckless_Driving,4way,0.0,40,5G,Ethernet,35.0,8.0,0.009356187371092,40.30656051385656,21.791258825989416,Normal
User_14,2025-12-20 13:00:18,0.549,0.7237,Driving,Ligeris,Speeding,4way,1.0,50,3G,-109,39.0,14.0,0.0050028951429302,40.30610398880936,18.644985,Normal
User_11,2025-12-20 21:42:44,0.539,0.8816,Walking,Ligeris,Speeding,2way,140.0,40,5G,-78,81.0,-14.0,0.0057271729697465,40.32223566155491,21.791213440514724,Normal
User_13,2025-12-21 00:23:57,0.657,0.5725,Running,Ligeris,Speeding,2way,140.0,60,5G,-110,70.0,-15.0,0.0070223117489193,40.30736464690461,21.807009948374024,Normal
User_70,2025-12-21 02:36:20,0.359,1.0,Driving,Koila,Speeding,2way,1.0,40,3G,-80,-21.0,12.0,0.0056917045681623,40.3229190034268,21.792688487350016,Normal
User_26,2025-12-21 04:30:19,0.508,0.8652,Driving,Ligeris,Speeding,2way,1.0,50,3G,Ethernet,98.0,5.0,0.0015747166849135,40.32316426580251,21.79113659564083,Normal
User_34,2025-12-21 05:14:40,0.401,0.8916,Walking,Koila,Driving_Under_Influence,4way,1.0,70,3G,-114,48.0,0.0,0.0039104214545414,40.30622692377462,21.791605262041312,Normal
User_39,2025-12-21 20:03:08,0.685,0.9698,Walking,Koila,Speeding,2way,0.0,20,3G,Ethernet,12.0,-5.0,0.0041290966825346,40.32090323981433,21.791567022932067,Normal
User_39,2025-12-21 23:44:16,0.685,0.5725,Walking,Ligeris,Speeding,4way,4.0,10,5G,-86,0.0,3.0,0.0041192534170077,40.306980661570606,21.808292117443656,Normal
User_09,2025-12-22 06:28:28,0.377,1.0,Running,Ligeris,Driving_Under_Influence,1way,0.0,Lane_Discards,3G,-83,1.0,12.0,0.04,40.30749190439172,21.806863912696663,Unintentional
User_89,2025-12-22 08:09:14,0.485,1.0,Walking,Koila,Speeding,4way,0.0,60,3G,-85,97.0,14.0,0.0073059817468673,40.321420371406504,21.79293559483432,Normal
User_08,2025-12-22 10:33:51,0.325,1.0,Running,Koila,Driving_Under_Influence,5way,1.0,70,3G,-103,65.0,-13.0,0.0068536229527064,40.32188492485731,21.790982090504652,Intentional
User_69,2025-12-22 14:23:16,0.289,0.5725,Walking,Koila,Speeding,2way,1.0,40,WiFi,Ethernet,0.0,-15.0,0.0019300899211034,40.323247644375535,21.79131472332126,Normal
User_02,2025-12-22 15:28:05,0.504,0.8968,Walking,Zep,Reckless_Driving,2way,1.0,40,4G,-74,84.0,2.0,0.0016236368775754,40.28025699368253,21.753777570104013,Normal
User_68,2025-12-22 15:57:18,0.736,1.0,Walking,Zep,Reckless_Driving,2way,1.0,80,112,-76,48.0,-9.0,0.0093159695198428,40.280323683546825,21.754118662348297,Normal
User_22,2025-12-22 20:15:44,0.712,0.7513,Running,Ligeris,Reckless_Driving,1way,0.0,10,4G,-116,18.0,-10.0,0.046,40.30771639531355,21.807017834198028,Unintentional
User_78,2025-12-22 22:21:47,0.508,0.5725,Walking,Ligeris,Speeding,4way,1.0,60,105,-58,48.0,-10.0,0.0025951546735839,40.30800248501829,21.807458183288148,Normal
User_07,2025-12-22 22:48:49,0.319,0.966,Walking,Ligeris,Driving_Under_Influence,1way,0.0,80,5G,-84,58.0,-9.0,0.0063377283345688,40.322501241093995,21.7908829282086,Normal
User_44,2025-12-22 23:03:19,0.332,0.8137,Driving,Koila,Speeding,1way,2.0,60,4G,-114,48.0,0.0,0.028,40.32179938613522,21.789580936508003,Unintentional
User_58,2025-12-23 05:30:11,0.669,0.5725,Running,Center,Speeding,4way,0.0,40,4G,Ethernet,42.0,6.0,0.0059566898822532,40.27931957989358,21.791258825989416,Intentional
User_21,2025-12-23 09:31:17,0.64,1.0,Walking,Zep,Driving_Under_Influence,2way,0.0,20,4G,Ethernet,48.0,-9.0,0.0011387752412763,40.28002615611857,21.791258825989416,Normal
User_29,2025-12-23 16:39:17,0.309,0.9336,Driving,Koila,8,2way,1.0,30,WiFi,-67,84.0,3.0,0.0053611952988126,40.32115236424716,21.790299283105973,Normal
User_87,2025-12-23 19:28:43,0.508,0.5725,Walking,Ligeris,Speeding,2way,0.0,20,4G,Satellite,56.0,3.0,0.0039642418825512,40.306024405618345,21.809083502990124,Normal
User_97,2025-12-23 23:17:29,0.296,1.0,Running,Zep,Reckless_Driving,2way,1.0,50,4G,-98,13.0,4.0,0.034,40.2799541517095,21.753023573330697,Unintentional
User_28,2025-12-24 03:12:03,0.508,0.8165,Walking,Center,Reckless_Driving,2way,0.0,10,WiFi,-80,89.0,14.0,0.0057271729697465,40.279014386921745,21.754556018085463,Intentional
User_50,2025-12-24 06:05:56,0.477,1.0,Running,Zep,Speeding,1way,1.0,40,3G,Ethernet,33.0,-4.0,0.006069766155921,40.279422384443414,21.753128848723875,Normal
User_75,2025-12-24 07:03:21,0.544,1.0,Running,Ligeris,Speeding,1way,1.0,Harassing_Driver,5G,-74,47.0,14.0,0.0058057302444792,42.76094,21.791258825989416,Normal
User_86,2025-12-24 07:54:52,0.63,0.9823,Running,Zep,Driving_Under_Influence,2way,1.0,80,5G,-71,18.0,10.0,0.0032716935263341,40.27949036202861,21.752266596795874,Normal
User_62,2025-12-24 08:18:17,0.346,0.9663,Running,Zep,Driving_Under_Influence,4way,0.0,60,3G,Ethernet,48.0,0.0,0.0094775919980283,40.30622692377462,21.75418014079059,Normal
User_58,2025-12-24 09:22:18,0.669,0.847,Running,Ligeris,Reckless_Driving,4way,1.0,50,WiFi,-77,25.0,-11.0,0.0057271729697465,40.32314080260165,21.793078504174925,Normal
User_81,2025-12-24 11:57:20,0.482,0.9624,Driving,Koila,Reckless_Driving,1way,4.0,Illegal_Parking,5G,Ethernet,69.0,-5.0,0.0069744364336206,40.32070744341154,21.790760205182107,Normal
User_92,2025-12-24 15:07:29,0.611,1.0,Running,Ligeris,Speeding,4way,3.0,10,3G,-120,1.0,-16.0,0.0057271729697465,40.30768615481175,21.791258825989416,Normal
User_28,2025-12-24 17:37:16,0.561,0.8175,Walking,Ligeris,Reckless_Driving,2way,0.0,70,3G,-112,69.0,2.0,0.0054925317315802,40.304949721192635,21.80889373362217,Normal
User_20,2025-12-24 23:01:30,0.686,1.0,Driving,Ligeris,Speeding,4way,1.0,40,106,-94,50.0,9.0,0.0075194579345806,40.30578773308287,21.80856858326294,Normal
User_17,2025-12-25 08:09:34,0.383,0.7412,Running,Center,Reckless_Driving,1way,0.0,30,WiFi,-66,78.0,-4.0,0.0067167371746566,40.32206681220912,21.790701857666484,Intentional
User_49,2025-12-25 09:39:27,0.483,0.823,Walking,Ligeris,Reckless_Driving,1way,4.0,70,WiFi,-51,92.0,5.0,0.0098588428402561,40.306017352570294,21.808797841556736,Normal
User_31,2025-12-25 10:32:24,0.508,0.9679,Walking,Zep,Speeding,2way,1.0,10,4G,-90,21.0,5.0,0.0083837167454542,40.279679512744075,21.791258825989416,Normal
User_81,2025-12-25 11:12:58,0.482,0.9644,Walking,Ligeris,Reckless_Driving,4way,1.0,10,103,-101,53.0,-13.0,0.0046981016406807,40.32240684943036,21.792041771754963,Normal
User_69,2025-12-25 17:43:20,0.289,0.8676,Running,Zep,Driving_Under_Influence,4way,0.0,10,3G,-113,99.0,-5.0,0.0058905159196044,40.27968534416747,21.751488514944104,Normal
User_90,2025-12-25 17:53:54,0.508,0.7824,Driving,Ligeris,Reckless_Driving,2way,0.0,40,5G,-103,48.0,-5.0,0.0069676243459048,40.30615543228406,21.80765258229628,Normal
User_92,2025-12-25 18:07:21,0.611,1.0,Running,Ligeris,Speeding,2way,140.0,70,WiFi,-59,31.0,2.0,0.0024633213553168,40.30605848894931,21.807423246228897,Normal
User_68,2025-12-25 18:25:45,0.736,0.5725,Walking,Zep,Driving_Under_Influence,1way,2.0,10,3G,-110,56.0,15.0,0.0092148271122831,40.279497330163096,21.75295819954645,Normal
User_40,2025-12-25 19:09:21,0.498,0.9727,Walking,Koila,Driving_Under_Influence,1way,1.0,90,WiFi,-56,69.0,5.0,0.0057271729697465,40.32276161942491,21.79199328504551,Normal
User_46,2025-12-25 20:30:53,0.621,0.9049,Walking,Zep,Driving_Under_Influence,2way,0.0,40,3G,-108,47.0,-5.0,0.0075092959799606,40.30622692377462,21.753975328122813,Normal
User_49,2025-12-26 00:37:13,0.483,0.826,Driving,Zep,Driving_Under_Influence,4way,1.0,80,111,-86,98.0,2.0,0.0083779557643023,40.30622692377462,21.75362986764759,Normal
User_34,2025-12-26 02:19:54,0.508,0.5725,Walking,Koila,Speeding,1way,0.0,120,WiFi,-60,68.0,-2.0,0.0058700083056115,40.32262343559416,21.78903850513965,Normal
User_14,2025-12-26 06:42:41,0.549,0.5725,Walking,Koila,Speeding,2way,2.0,40,WiFi,-54,71.0,10.0,0.0091813684367945,40.32156332746546,21.791258825989416,Normal
User_98,2025-12-26 13:06:08,0.553,0.9639,Running,Zep,Speeding,1way,0.0,40,WiFi,-70,77.0,-16.0,0.0017129157307067,40.27958278808976,21.753360688895754,Normal
User_76,2025-12-26 16:12:07,0.349,1.0,Walking,Ligeris,Speeding,2way,1.0,40,4G,-105,65.0,-2.0,0.0056370127311597,40.30718723597303,21.80795816037531,Normal
User_21,2025-12-26 19:20:37,0.64,1.0,Flying,Zep,Speeding,1way,1.0,40,3G,-86,45.0,-5.0,0.0079866988583442,37.222552,21.75476364848256,Intentional
User_95,2025-12-26 23:37:16,0.739,0.5725,Driving,Ligeris,Speeding,2way,0.0,50,113,Ethernet,48.0,-4.0,0.0077812851966693,40.32121683412144,21.790838449192815,Normal
User_58,2025-12-27 08:04:58,0.508,0.853,Walking,Ligeris,Reckless_Driving,4way,0.0,70,WiFi,-87,7.0,-6.0,0.044,40.32222243690181,21.791163269715273,Unintentional
User_59,2025-12-27 10:29:40,0.696,1.0,Driving,Koila,Driving_Under_Influence,2way,0.0,130,WiFi,-62,90.0,0.0,0.0057271729697465,40.30622692377462,21.79159558034958,Normal
User_91,2025-12-27 10:40:23,0.409,0.7892,Driving,Ligeris,Speeding,1way,1.0,40,WiFi,-85,64.0,12.0,0.0057271729697465,40.305646223124576,21.807177433151804,Normal
User_44,2025-12-27 20:13:06,0.332,0.8237,Driving,Ligeris,Driving_Under_Influence,4way,1.0,20,WiFi,Ethernet,51.0,-15.0,0.0057271729697465,40.28092016161589,21.791258825989416,Normal
User_46,2025-12-27 22:53:03,0.621,0.9089,Driving,Zep,Speeding,1way,1.0,40,3G,-114,59.0,2.0,0.0083486354717827,42.834094,21.75504616680456,Normal
User_40,2025-12-27 23:47:25,0.498,0.9767,Running,Koila,Driving_Under_Influence,2way,0.0,60,3G,-101,51.0,10.0,0.0012450015972285,40.32080485025516,21.792847533367976,Normal
User_43,2025-12-28 01:52:09,0.255,0.9963,Running,Koila,Reckless_Driving,2way,1.0,80,WiFi,-84,48.0,-10.0,0.0075240541930006,40.30622692377462,21.79147669280605,Normal
User_85,2025-12-28 02:00:18,0.572,1.0,Walking,Ligeris,Driving_Under_Influence,1way,0.0,40,4G,-100,2.0,12.0,0.0066547923759228,40.305993597944095,21.807987123552373,Normal
User_89,2025-12-28 02:05:50,0.485,1.0,Running,Zep,Speeding,1way,160.0,50,3G,-87,81.0,-3.0,0.039,40.30622692377462,21.753346721643343,Unintentional
User_02,2025-12-28 03:39:49,0.504,0.9078,Flying,Ligeris,Driving_Under_Influence,2way,0.0,50,4G,-99,65.0,9.0,0.0045465269916725,40.30524993363663,21.8076139854734,Intentional
User_04,2025-12-28 07:50:09,0.508,0.7839,Driving,Ligeris,8,2way,3.0,40,3G,-94,73.0,4.0,0.0032839535090732,40.30571738936275,21.80806808377296,Normal
User_42,2025-12-28 13:23:01,0.577,0.9882,Walking,Ligeris,Speeding,2way,4.0,20,3G,Ethernet,18.0,1.0,0.0057271729697465,40.30749276479243,21.80592493777274,Normal
User_02,2025-12-28 14:46:05,0.504,0.9088,Walking,Ligeris,Driving_Under_Influence,1way,0.0,40,WiFi,-53,92.0,-8.0,0.0057271729697465,40.306430791263345,21.809496687103188,Normal
User_73,2025-12-28 21:16:17,0.676,1.0,Running,Ligeris,Reckless_Driving,1way,160.0,60,3G,-82,29.0,14.0,0.0022165958422558,40.30677595088246,21.809051756038137,Normal
User_80,2025-12-28 22:45:57,0.313,0.9365,Driving,Koila,Speeding,2way,1.0,40,4G,-104,99.0,0.0,0.0025074196203606,40.32272550519467,21.790384005314557,Normal
User_63,2025-12-29 02:22:10,0.408,0.9444,Walking,Zep,Speeding,1way,1.0,50,5G,-114,48.0,25.0,0.006402963199921,40.27947510185356,21.791258825989416,Unintentional
User_14,2025-12-29 03:03:38,0.549,0.7417,Driving,Koila,Driving_Under_Influence,4way,0.0,80,4G,-95,48.0,-15.0,0.0050434534550816,40.32076043944762,21.79183284310988,Normal
User_35,2025-12-29 04:01:50,0.379,0.5725,Walking,Zep,6,1way,1.0,30,5G,-105,33.0,4.0,0.0055548173515751,40.28052646021372,21.752863360881182,Normal
User_58,2025-12-29 08:14:57,0.669,0.5725,Driving,Ligeris,Driving_Under_Influence,4way,0.0,70,3G,-84,31.0,0.0,0.0038336065323201,40.304901878119864,21.80842036279012,Normal
User_41,2025-12-29 11:29:52,0.251,0.9855,Running,Ligeris,Reckless_Driving,1way,0.0,50,4G,-115,38.0,5.0,0.0011016294545256,40.305727049586,21.805619808473825,Normal
User_30,2025-12-30 02:20:24,0.508,0.9935,Walking,Zep,Driving_Under_Influence,2way,1.0,50,3G,-90,71.0,0.0,0.0060418045895293,40.28026261234517,21.791258825989416,Normal
User_82,2025-12-30 04:46:51,0.499,1.0,Walking,Ligeris,Reckless_Driving,2way,3.0,40,4G,-105,59.0,-2.0,0.009668264426215,40.30682996256953,21.791258825989416,Normal
User_69,2025-12-30 05:28:32,0.289,0.5725,Running,Ligeris,Speeding,4way,1.0,20,3G,-90,50.0,-25.0,0.0068447452619864,40.32185896833902,21.791258825989416,Unintentional
User_98,2025-12-30 08:00:17,0.553,0.9709,Walking,Koila,Driving_Under_Influence,2way,1.0,60,WiFi,-74,98.0,0.0,0.0020758320102459,40.32218079494213,21.791102842969615,Normal
User_01,2025-12-30 10:34:54,0.618,1.0,Running,Zep,Driving_Under_Influence,4way,0.0,40,4G,-79,48.0,-14.0,0.0052188319704438,40.27887643788063,21.791258825989416,Normal
User_57,2025-12-30 13:12:52,0.733,0.5725,Running,Center,Speeding,1way,0.0,40,3G,-68,62.0,12.0,0.0032527859103458,40.30589143524502,21.791258825989416,Intentional
User_76,2025-12-30 15:44:53,0.349,1.0,Driving,Ligeris,Speeding,2way,2.0,20,4G,-77,24.0,-14.0,0.009020144575036,40.278760912333254,21.752234059914713,Normal
User_29,2025-12-30 16:54:12,0.309,0.9486,Driving,Ligeris,Reckless_Driving,5way,1.0,50,5G,Satellite,59.0,-13.0,0.0065127049445419,40.30680200056161,21.791258825989416,Intentional
User_39,2025-12-30 17:21:40,0.685,0.9888,Walking,Koila,Speeding,2way,2.0,80,5G,-90,47.0,15.0,0.0057271729697465,40.32215153144419,21.7913475085818,Normal
User_98,2025-12-30 18:27:18,0.553,0.9719,Walking,Zep,7,2way,1.0,40,WiFi,-70,64.0,-16.0,0.0098686204522253,40.27963916306703,21.75243287649283,Normal
User_09,2025-12-30 18:58:25,0.508,1.0,Driving,Koila,Speeding,1way,0.0,20,5G,-87,32.0,0.0,0.0036919083170416,40.32273602508982,21.791321544290845,Normal
User_32,2025-12-30 20:48:48,0.694,1.0,Running,Ligeris,Speeding,2way,1.0,90,3G,-119,48.0,-11.0,0.0057271729697465,40.30638564149653,21.80712467696725,Normal
User_38,2025-12-30 20:50:37,0.448,0.8942,Walking,Koila,Driving_Under_Influence,2way,1.0,40,5G,Ethernet,83.0,5.0,0.0052196390215457,40.32141474509107,21.793307699926128,Normal
User_28,2025-12-31 00:59:09,0.561,0.8305,Driving,Ligeris,Driving_Under_Influence,2way,0.0,20,3G,-110,76.0,15.0,0.0064851465632815,40.30677387175657,21.80802415667427,Normal
User_91,2025-12-31 04:03:45,0.508,0.5725,Flying,Zep,Speeding,4way,0.0,30,4G,-113,30.0,-8.0,0.0064481726396939,40.27967737820861,21.75342607404286,Intentional
User_75,2025-12-31 04:46:02,0.544,1.0,Running,Koila,Speeding,1way,1.0,20,3G,-75,32.0,-10.0,0.0034910651684916,40.32205102370765,21.791284817830096,Normal
User_34,2025-12-31 06:01:44,0.508,0.9106,Running,Koila,Reckless_Driving,2way,0.0,60,3G,-104,1.0,-7.0,0.0015230955753326,37.445355,21.791076961659023,Normal
User_97,2025-12-31 13:12:38,0.296,1.0,Walking,Ligeris,Reckless_Driving,2way,160.0,20,3G,-103,67.0,12.0,0.0048471084173971,40.306718102041415,21.80730381557836,Normal
User_86,2025-12-31 15:21:02,0.63,0.9973,Driving,Koila,Speeding,2way,0.0,40,3G,-92,92.0,23.0,0.0096636056690035,40.32301721387665,21.791258825989416,Unintentional
User_29,2025-12-31 17:44:39,0.309,0.9506,Driving,Ligeris,Driving_Under_Influence,2way,1.0,50,4G,-107,4.0,12.0,0.0061744954404526,40.30594913646834,21.80961912028399,Normal
