User_Id,Timestamp,User_Reputation,User_Experience,User_Activity,University_Area,Violation_Type,Road_Type,Road_Accident,Speed_Limit,Internet_Connection,Internet_Signal_Strength,Battery_Percentage,Accelerometer_Range,Accelerometer_Resolution,Latitude,Longitude,True_Class
User_85,2025-01-01 15:11:21,0.254,0.1273,Walking,Koila,Driving_Under_Influence,2way,3.0,20,4G,-92,61.0,-3.0,0.0042602917827552,40.27955389390511,21.753261623317535,Normal
User_91,2025-01-02 07:48:51,0.587,0.3078,Walking,Zep,Driving_Under_Influence,1way,0.0,70,3G,-88,2.0,-11.0,0.008086581569568,40.27949696139165,21.753219329583583,Normal
User_46,2025-01-03 04:58:15,0.519,0.3456,Driving,Koila,Speeding,4way,0.0,40,5G,Satellite,17.0,-4.0,0.0011029479546895,40.32226521509613,21.792348797978477,Normal
User_99,2025-01-03 09:17:42,0.465,0.2144,Walking,Ligeris,Driving_Under_Influence,4way,3.0,60,WiFi,-77,49.0,9.0,0.0022541148820081,40.306614110589535,21.806039918150148,Normal
User_61,2025-01-04 05:40:12,0.546,0.0867,Walking,Zep,Reckless_Driving,1way,160.0,60,4G,-83,92.0,4.0,0.005313347084429,40.279745088492376,21.75306278327173,Normal
User_91,2025-01-04 14:18:24,0.587,0.3118,Walking,Zep,Driving_Under_Influence,1way,0.0,60,5G,-118,97.0,-9.0,0.0078867033554178,40.27828598969813,21.752473548143648,Normal
User_66,2025-01-04 20:19:44,0.28,0.2367,Running,Zep,Driving_Under_Influence,2way,0.0,30,WiFi,-81,49.0,-10.0,0.0058832684813053,40.27903502323657,21.75414546124467,Normal
User_09,2025-01-04 20:58:15,0.307,0.3928,Driving,Koila,Speeding,1way,2.0,80,WiFi,-64,40.0,9.0,0.0037777382392813,40.32274567512656,21.79013990162696,Normal
User_26,2025-01-05 02:39:40,0.408,0.2575,Running,Ligeris,Speeding,4way,0.0,40,WiFi,-65,35.0,10.0,0.0024204428523971,40.30680196705869,21.791256784153244,Normal
User_01,2025-01-05 03:30:24,0.619,0.2808,Walking,Koila,Reckless_Driving,2way,0.0,50,4G,-86,50.0,14.0,0.0071138584089582,40.32140821821778,21.789593985520764,Normal
User_80,2025-01-05 17:12:20,0.704,0.1697,Walking,Zep,Driving_Under_Influence,1way,0.0,70,5G,-90,70.0,-7.0,0.005653142335994,40.279434504580735,21.753153157051344,Normal
User_77,2025-01-06 00:11:10,0.428,0.0275,Running,Ligeris,Driving_Under_Influence,1way,0.0,60,WiFi,-78,20.0,16.0,0.005653142335994,40.306566566273474,21.80764981373652,Normal
User_62,2025-01-06 08:58:50,0.366,0.1192,Running,Zep,Driving_Under_Influence,1way,0.0,50,5G,-89,55.0,14.0,0.0084700902815168,40.279346662696675,21.75300073723258,Normal
User_12,2025-01-07 01:27:01,0.67,0.3642,Driving,Ligeris,Reckless_Driving,2way,1.0,40,4G,-80,85.0,-3.0,0.0038185887369573,40.306230115631266,21.80953077575376,Normal
User_94,2025-01-07 03:35:32,0.681,0.112,Walking,Koila,Driving_Under_Influence,4way,0.0,20,5G,-103,98.0,11.0,0.0054236965515467,40.32098607151536,21.791808333080233,Normal
User_01,2025-01-07 09:36:00,0.619,0.2848,Driving,Ligeris,Speeding,1way,2.0,80,3G,-116,86.0,8.0,0.0078259896416457,40.30678643919212,21.808496767964797,Normal
User_14,2025-01-07 10:18:19,0.393,0.2194,Walking,Zep,Driving_Under_Influence,2way,0.0,30,3G,-118,42.0,7.0,0.003496216191437,40.27966661119477,21.7537243769788,Normal
User_01,2025-01-07 20:07:46,0.619,0.2858,Running,Koila,Reckless_Driving,1way,1.0,50,5G,-79,70.0,4.0,0.0073617645158806,38.141476,21.789844496709623,Normal
User_72,2025-01-08 01:22:40,0.567,0.0555,Walking,Zep,Driving_Under_Influence,2way,0.0,30,WiFi,-65,24.0,-1.0,0.0034705291645533,40.2795741756589,21.75158141596577,Normal
User_54,2025-01-08 14:07:00,0.327,0.2889,Driving,Ligeris,Reckless_Driving,4way,1.0,70,3G,-77,56.0,-10.0,0.0051028771722001,40.30581417965404,21.80787074731651,Normal
User_29,2025-01-08 20:29:27,0.415,0.1794,Driving,Zep,Speeding,1way,1.0,10,3G,-76,39.0,-22.0,0.0016939860550281,40.277991141232675,21.753494126063185,Unintentional
User_89,2025-01-09 19:56:46,0.336,0.0301,Driving,Koila,Speeding,1way,3.0,40,5G,-120,51.0,15.0,0.0030602524986554,40.32300749783032,21.789786891822363,Normal
User_80,2025-01-10 00:36:44,0.704,0.1797,Driving,Ligeris,Reckless_Driving,2way,5.0,80,4G,-98,33.0,-14.0,0.005021858337627,40.30601251481735,21.808291274387976,Normal
User_35,2025-01-11 22:19:54,0.274,0.1012,Walking,Koila,Speeding,2way,150.0,20,4G,-116,14.0,-6.0,0.0075230379690387,40.32142229658483,21.789634396875577,Normal
User_34,2025-01-12 09:44:39,0.431,0.1769,Walking,Koila,Speeding,4way,2.0,60,WiFi,-78,66.0,5.0,0.004532340838141,40.32169856416419,21.78994302858557,Normal
User_88,2025-01-12 11:50:09,0.471,0.1497,Walking,Zep,Driving_Under_Influence,2way,0.0,40,3G,-113,36.0,15.0,0.003619163518645,40.27906503200532,21.751996626195396,Normal
User_69,2025-01-12 12:01:09,0.34,0.3821,Walking,Zep,Reckless_Driving,4way,2.0,10,4G,-104,34.0,-1.0,0.0050449129145752,40.306230115631266,21.75344537147266,Normal
User_91,2025-01-12 14:23:38,0.587,0.3278,Walking,Ligeris,Driving_Under_Influence,1way,0.0,50,119,-75,50.0,3.0,0.0064473169305922,40.3066462401973,21.80769936955589,Normal
User_82,2025-01-13 06:00:49,0.324,0.2369,Driving,Koila,Speeding,1way,0.0,30,WiFi,-68,14.0,0.0,0.0084459637965581,40.32185691231472,21.792076302723977,Normal
User_47,2025-01-13 07:26:04,0.585,0.1322,Walking,Zep,Speeding,2way,0.0,30,5G,-73,88.0,3.0,0.0014079151365237,40.28113328266056,21.754260122774703,Normal
User_92,2025-01-13 23:01:18,0.694,0.2012,Driving,Zep,Speeding,1way,0.0,70,5G,-70,21.0,-10.0,0.005653142335994,40.27975741302931,21.755274330955768,Normal
User_03,2025-01-14 05:05:28,0.568,0.0554,Driving,Zep,Driving_Under_Influence,1way,0.0,50,4G,-97,4.0,-14.0,0.0012147032778159,40.27923846009795,21.75447472513527,Normal
User_09,2025-01-14 11:20:04,0.307,0.4118,Walking,Spinari,Speeding,4way,0.0,40,4G,-82,33.0,14.0,0.0067205460333424,40.28056057577181,21.75429702381918,Intentional
User_22,2025-01-14 21:42:20,0.413,0.0739,Driving,Ligeris,Driving_Under_Influence,1way,1.0,40,WiFi,-78,37.0,10.0,0.0082084191282075,40.30647674992767,21.807400528989955,Normal
User_04,2025-01-15 10:14:36,0.662,0.0817,Driving,Zep,Speeding,2way,1.0,80,3G,-119,31.0,-11.0,0.0092180096465255,40.27842406105787,21.75339487938269,Normal
User_79,2025-01-15 12:29:26,0.389,0.146,Driving,Zep,Reckless_Driving,1way,150.0,10,WiFi,-56,54.0,7.0,0.0033996315477293,40.279080210443475,22.738544,Normal
User_58,2025-01-16 02:53:21,0.465,0.064,Driving,Zep,Speeding,1way,0.0,50,WiFi,-60,66.0,-3.0,0.0049675056691619,40.27954326705896,21.753144214410508,Normal
User_91,2025-01-16 16:05:38,0.587,0.3358,Running,Zep,Reckless_Driving,2way,5.0,80,3G,-83,69.0,10.0,0.0095154180109247,40.2796019377816,21.75337758406786,Normal
User_79,2025-01-16 21:36:32,0.389,0.149,Walking,Ligeris,Reckless_Driving,1way,1.0,90,3G,-111,12.0,-13.0,0.0026561861538233,40.30516732031761,21.8063865081657,Normal
User_56,2025-01-17 01:31:43,0.374,0.0447,Running,Koila,Speeding,2way,4.0,80,101,-107,56.0,7.0,0.005653142335994,40.32195903787511,21.791115842157673,Normal
User_06,2025-01-17 04:52:38,0.584,0.4015,Walking,Ligeris,Reckless_Driving,1way,1.0,50,WiFi,Satellite,16.0,-8.0,0.0055572824307478,40.30673929961979,21.807687820110452,Normal
User_99,2025-01-17 11:22:17,0.465,0.2424,Running,Zep,Speeding,4way,1.0,20,4G,-87,75.0,4.0,0.0097196544885953,40.27899408470357,21.75351672835424,Normal
User_73,2025-01-18 19:21:49,0.325,0.2257,Walking,Zep,Speeding,2way,0.0,40,5G,-83,31.0,22.0,0.0030142285187532,40.27870265619719,21.754227872083,Unintentional
User_43,2025-01-18 21:39:29,0.416,0.1947,Walking,Zep,Reckless_Driving,2way,0.0,30,3G,-93,43.0,-14.0,0.0039268737083883,40.28088739127263,21.754729104461564,Normal
User_50,2025-01-19 14:25:44,0.398,0.2696,Walking,Koila,Speeding,2way,1.0,30,4G,-89,75.0,-6.0,0.0036485387712018,40.321421743909184,21.793362037769135,Normal
User_78,2025-01-19 19:37:04,0.347,0.2766,Driving,Zep,Driving_Under_Influence,2way,2.0,20,WiFi,-78,72.0,14.0,0.0017242988404362,40.27981419325726,21.754618092354825,Normal
User_09,2025-01-19 23:59:47,0.307,0.4228,Walking,Koila,Driving_Under_Influence,1way,0.0,10,WiFi,-51,75.0,13.0,0.0031988673226002,40.322663650206096,21.79088350075844,Normal
User_99,2025-01-21 09:33:09,0.465,0.2504,Walking,Ligeris,Speeding,2way,1.0,30,4G,-87,38.0,13.0,0.0098141262736394,40.30578569299163,21.807122779922157,Normal
User_67,2025-01-21 17:54:45,0.529,0.2526,Walking,Koila,6,2way,0.0,10,WiFi,-86,25.0,15.0,0.0074805549273064,40.32232259598682,21.791337389677786,Normal
User_55,2025-01-22 03:04:18,0.447,0.3784,Running,Zep,Speeding,4way,0.0,70,4G,-120,93.0,-3.0,0.0095961714905882,40.27993299185277,21.753192375477397,Normal
User_54,2025-01-23 01:20:04,0.327,0.3189,Driving,Koila,Driving_Under_Influence,1way,0.0,10,3G,-79,16.0,8.0,0.0062840812956774,40.3220862711128,21.791211885852363,Normal
User_84,2025-01-23 03:23:12,0.527,0.1177,Walking,Koila,Speeding,2way,1.0,60,3G,-96,3.0,-16.0,0.0099772549656545,40.32147693480409,21.790679148178366,Normal
User_96,2025-01-23 20:35:30,0.261,0.3031,Running,Koila,Speeding,4way,0.0,50,5G,-71,5.0,-10.0,0.004212452794012,40.323082054503374,21.792090500507957,Normal
User_44,2025-01-24 00:59:22,0.332,0.1296,Walking,Ligeris,Driving_Under_Influence,1way,0.0,30,5G,-109,31.0,-4.0,0.007581046225857,40.30654581896764,21.80769791915136,Normal
User_10,2025-01-24 21:34:00,0.315,0.3978,Walking,Koila,Speeding,2way,3.0,70,3G,-116,92.0,15.0,0.0063656904673342,40.32121724182983,21.79148718397185,Normal
User_25,2025-01-25 00:46:21,0.408,0.1848,Running,Zep,Driving_Under_Influence,2way,0.0,30,WiFi,-84,61.0,7.0,0.03,40.27988742852532,21.75152115539587,Unintentional
User_12,2025-01-25 06:40:33,0.67,0.4002,Walking,Zep,Reckless_Driving,1way,1.0,Harassing_Driver,5G,-104,5.0,24.0,0.0072771204398952,40.27895761135302,21.751949659403117,Unintentional
User_90,2025-01-25 21:30:01,0.525,0.1098,Driving,Ligeris,Speeding,2way,0.0,30,WiFi,-63,87.0,-2.0,0.0032391828523975,40.306230115631266,21.80772648158991,Normal
User_86,2025-01-26 02:19:24,0.469,0.0521,Running,Koila,Driving_Under_Influence,2way,0.0,70,113,-111,25.0,16.0,0.0022592770460619,40.32304438338733,21.79271671166052,Normal
User_85,2025-01-26 04:17:52,0.254,0.1773,Running,Ligeris,Reckless_Driving,4way,0.0,40,5G,-114,66.0,-1.0,0.003738240050479,40.30671410960215,21.80574557414311,Normal
User_13,2025-01-26 05:48:13,0.75,0.2954,Driving,Zep,Reckless_Driving,2way,0.0,20,3G,-113,80.0,16.0,0.002383825699683,40.279564445469816,21.751273355700132,Normal
User_27,2025-01-26 09:44:31,0.535,0.3021,Walking,Zep,Speeding,1way,2.0,40,WiFi,-72,82.0,2.0,0.0087768310814504,40.306230115631266,21.753344885430632,Normal
User_82,2025-01-26 11:23:28,0.324,0.2639,Running,Koila,Driving_Under_Influence,2way,0.0,50,4G,-111,41.0,13.0,0.0063672867511974,40.320783219946605,21.790799205602376,Normal
User_42,2025-01-26 11:32:55,0.738,0.1636,Walking,Ligeris,Speeding,1way,0.0,50,5G,-115,8.0,9.0,0.029,40.30605177007732,21.80759045631877,Unintentional
User_19,2025-01-26 12:48:45,0.745,0.4325,Running,Zep,Speeding,2way,0.0,30,4G,-77,62.0,15.0,0.0026757097626573,40.2792976062342,21.751956626348544,Normal
User_88,2025-01-26 19:17:30,0.471,0.1777,Running,Ligeris,Driving_Under_Influence,1way,1.0,50,3G,-70,56.0,9.0,0.0024691891812769,40.30511899615698,21.80711515024499,Normal
User_44,2025-01-27 06:09:53,0.332,0.1366,Running,Ligeris,Speeding,2way,0.0,80,WiFi,-52,75.0,15.0,0.002058482904621,40.30767611240256,21.80717103197447,Normal
User_87,2025-01-27 18:47:57,0.46,0.4342,Driving,Ligeris,Speeding,2way,1.0,80,4G,-71,16.0,-7.0,0.007872083432657,40.30645923756567,21.808630880796667,Normal
User_17,2025-01-28 02:59:32,0.631,0.1948,Running,Koila,Driving_Under_Influence,4way,0.0,90,4G,-85,72.0,-13.0,0.007940753170962,40.32373243584082,21.792002352391773,Normal
User_65,2025-01-28 10:00:39,0.448,0.1301,Running,Zep,Reckless_Driving,2way,0.0,70,WiFi,-88,49.0,3.0,0.0016031414622871,40.28020061529974,21.75303620196531,Normal
User_31,2025-01-28 15:57:36,0.56,0.5641,Driving,Ligeris,Reckless_Driving,2way,1.0,70,WiFi,-76,20.0,10.0,0.0028536488815377,40.306255996411934,21.807490733046063,Normal
User_57,2025-01-28 18:58:49,0.372,0.1662,Walking,Zep,Driving_Under_Influence,2way,1.0,40,WiFi,-88,41.0,-16.0,0.00487475907913,40.27804966739063,21.75353589640863,Normal
User_69,2025-01-29 00:31:37,0.34,0.4161,Running,Zep,Driving_Under_Influence,2way,1.0,110,5G,-86,96.0,10.0,0.0049073190268262,40.279701241323465,21.752852683896975,Normal
User_70,2025-01-29 10:29:46,0.601,0.1509,Walking,Zep,Speeding,1way,0.0,60,WiFi,-87,18.0,-9.0,0.009804722285315,40.279980119694784,21.75318184516436,Normal
User_04,2025-01-29 23:43:34,0.662,0.1097,Driving,Koila,6,4way,1.0,30,3G,-90,-35.0,7.0,0.0074010853650688,40.32158859784724,21.78963087676348,Normal
User_80,2025-01-30 04:35:03,0.704,0.2187,Walking,Koila,Reckless_Driving,4way,2.0,40,4G,-89,55.0,3.0,0.0081892807915337,40.32253510887033,21.790195333454204,Normal
User_69,2025-01-30 07:09:25,0.34,0.4191,Driving,Koila,Driving_Under_Influence,2way,2.0,90,4G,-109,93.0,5.0,0.0078232435745897,40.322084602230895,21.790829034300216,Normal
User_58,2025-01-30 09:35:49,0.465,0.092,Running,Ligeris,Driving_Under_Influence,1way,1.0,20,WiFi,-72,18.0,13.0,0.0054824650985479,40.306759181063896,21.8077133271143,Normal
User_63,2025-01-30 11:59:14,0.543,0.1746,Walking,Spinari,Reckless_Driving,4way,0.0,20,107,-116,73.0,-16.0,0.0052945529105999,40.32151569959452,21.793252839055825,Intentional
User_66,2025-01-30 13:13:23,0.28,0.2877,Driving,Ligeris,Driving_Under_Influence,2way,2.0,80,5G,-113,83.0,-13.0,0.0053258909295823,40.30581036836587,21.807029599503657,Normal
User_68,2025-01-30 15:14:27,0.472,0.5641,Walking,Zep,Speeding,2way,2.0,70,4G,-82,11.0,13.0,0.0017752795999158,40.2808322872916,21.75259415092683,Normal
User_46,2025-01-30 16:28:41,0.519,0.4006,Running,Koila,Driving_Under_Influence,2way,2.0,10,4G,-93,57.0,14.0,0.0034657521467094,40.32091434035231,21.7906695647198,Normal
User_76,2025-01-30 18:09:36,0.355,0.2581,Walking,Zep,Driving_Under_Influence,1way,1.0,50,3G,-107,55.0,0.0,0.0058010711066804,40.28036332200442,21.75385268669557,Normal
User_50,2025-01-31 00:23:42,0.398,0.2926,Running,Ligeris,Speeding,1way,4.0,50,WiFi,-70,76.0,-12.0,0.005653142335994,40.3064479673803,21.807199585558305,Normal
User_86,2025-01-31 01:09:23,0.469,0.0621,Walking,Koila,Speeding,1way,1.0,90,5G,-107,6.0,-14.0,0.0064216593780038,40.3225952430209,21.79237717439042,Normal
User_35,2025-01-31 16:33:45,0.274,0.1412,Walking,Zep,Reckless_Driving,2way,2.0,50,WiFi,-57,25.0,-9.0,0.008586029431991,40.27947485281629,21.754015176349743,Normal
User_33,2025-01-31 21:23:29,0.634,0.2752,Driving,Ligeris,Reckless_Driving,2way,0.0,10,4G,-111,30.0,12.0,0.0017227166928682,40.306230115631266,21.80659136308147,Normal
User_48,2025-02-01 10:39:58,0.599,0.3304,Running,Ligeris,Driving_Under_Influence,2way,160.0,20,3G,-86,79.0,-10.0,0.0047264525822581,40.30583159197041,21.807698808752075,Normal
User_30,2025-02-01 18:58:22,0.413,0.1524,Running,Koila,Reckless_Driving,2way,3.0,70,4G,-113,9.0,14.0,0.0016788727630988,40.32324624075385,21.792142954999193,Normal
User_25,2025-02-01 23:01:29,0.408,0.1998,Walking,Zep,Driving_Under_Influence,2way,3.0,10,5G,-101,61.0,16.0,0.035,40.27949408413781,21.754184879731906,Unintentional
User_17,2025-02-01 23:54:20,0.631,0.2038,Driving,Koila,Driving_Under_Influence,1way,1.0,30,4G,-86,52.0,3.0,0.0015290581878689,40.321846846146215,21.79195416994416,Normal
User_38,2025-02-02 09:25:25,0.306,0.3701,Driving,Zep,Speeding,2way,0.0,30,3G,-91,18.0,-14.0,0.0033332319400994,40.2796966136021,21.75303246069741,Normal
User_67,2025-02-02 14:48:37,0.529,0.2766,Walking,Ligeris,Speeding,2way,2.0,20,5G,-119,84.0,14.0,0.0014962961451273,40.306278179627995,21.80734661201067,Normal
User_85,2025-02-02 14:56:15,0.254,0.1913,Walking,Ligeris,Reckless_Driving,1way,0.0,20,5G,-98,97.0,15.0,0.0033960506983059,40.30649910637777,21.808699541605925,Normal
User_84,2025-02-02 17:34:46,0.527,0.1387,Running,Koila,Speeding,2way,0.0,30,WiFi,-50,27.0,5.0,0.0058638616408858,40.322569512652315,21.79055684129893,Normal
User_03,2025-02-02 22:49:00,0.568,0.0944,Driving,Zep,Reckless_Driving,4way,2.0,20,4G,-102,39.0,-7.0,0.0035712072703016,40.27855016255645,21.754438324023997,Normal
User_85,2025-02-03 09:04:09,0.254,0.1933,Running,Zep,Speeding,2way,2.0,50,5G,-100,-33.0,16.0,0.0023029817086974,40.27860682527617,21.75271077399538,Normal
User_76,2025-02-03 14:29:27,0.355,0.2661,Running,Ligeris,Reckless_Driving,2way,1.0,40,5G,-109,80.0,3.0,0.0041773099844801,40.30621938929865,21.80758966131806,Normal
User_62,2025-02-03 23:15:09,0.366,0.1762,Running,Koila,Reckless_Driving,2way,1.0,70,5G,-94,76.0,13.0,0.0023712889152833,40.32227457692227,21.79069485720809,Normal
User_72,2025-02-04 05:51:50,0.567,0.1095,Running,Ligeris,Speeding,4way,3.0,40,WiFi,-86,51.0,-7.0,0.0098620789718564,41.391133,21.808269205999466,Normal
User_42,2025-02-04 17:56:12,0.738,0.1826,Running,Zep,Speeding,4way,4.0,70,4G,-117,76.0,10.0,0.008324827394043,40.27949745554852,21.75209728694576,Normal
User_69,2025-02-04 23:44:15,0.34,0.4291,Driving,Zep,Reckless_Driving,2way,0.0,110,3G,-71,85.0,10.0,0.002006079028434,40.27992934006751,21.753543969088025,Normal
User_13,2025-02-06 17:50:43,0.75,0.3174,Walking,Ligeris,Speeding,4way,2.0,30,WiFi,-77,69.0,5.0,0.005503308341425,40.30712272116833,21.805673974942543,Normal
User_46,2025-02-06 20:34:59,0.519,0.4146,Walking,Koila,Driving_Under_Influence,4way,1.0,20,WiFi,-73,16.0,14.0,0.0071067687094523,40.32222198800844,21.79138104087955,Normal
User_25,2025-02-07 09:21:26,0.408,0.2118,Running,Ligeris,Reckless_Driving,1way,3.0,50,3G,-76,65.0,13.0,0.0082119385334127,40.30614388553333,22.938648,Normal
User_64,2025-02-07 13:21:28,0.511,0.5641,Running,Zep,Reckless_Driving,1way,1.0,20,WiFi,-79,17.0,2.0,0.0086713012374604,40.27965937604428,22.379026,Normal
User_21,2025-02-08 12:13:16,0.303,0.0902,Swimming,Zep,Speeding,2way,2.0,50,3G,-89,-40.0,-14.0,0.0095915344349919,40.28122550314597,21.7537739778949,Intentional
User_04,2025-02-08 14:59:59,0.662,0.1297,Driving,Koila,Driving_Under_Influence,1way,0.0,80,5G,-97,56.0,0.0,0.0069742446436898,40.32121036347198,21.791849909068024,Normal
User_01,2025-02-08 17:51:16,0.619,0.3498,Driving,Spinari,Speeding,1way,1.0,90,WiFi,-89,43.0,10.0,0.0036771246622348,40.3222696140012,23.723788,Intentional
User_31,2025-02-08 22:43:12,0.56,0.4304,Driving,Ligeris,Reckless_Driving,2way,1.0,10,5G,-112,25.0,5.0,0.0081994009739464,40.30531012094816,21.806918103993823,Normal
User_01,2025-02-09 04:04:26,0.619,0.3508,Walking,Koila,Speeding,2way,0.0,20,5G,-117,7.0,-12.0,0.0034166586315943,40.32308271158936,21.792969235615637,Normal
User_27,2025-02-09 07:26:37,0.535,0.3301,Running,Koila,Reckless_Driving,1way,2.0,20,3G,-71,51.0,-12.0,0.0025619598785605,40.32203549965993,21.790991148473474,Normal
User_26,2025-02-10 12:51:10,0.408,0.3285,Driving,Zep,Reckless_Driving,2way,4.0,20,3G,-73,48.0,-8.0,0.0041586118657168,40.279965823587254,21.7532243329088,Normal
User_84,2025-02-10 22:55:51,0.527,0.1547,Running,Ligeris,Driving_Under_Influence,4way,0.0,30,4G,-73,89.0,-1.0,0.0042548795573571,40.30576536149066,19.005997,Normal
User_90,2025-02-10 23:09:00,0.525,0.1418,Walking,Koila,Driving_Under_Influence,2way,2.0,40,5G,-85,64.0,-16.0,0.0071311501166069,40.32208136355905,21.791787515571055,Normal
User_42,2025-02-11 03:30:29,0.738,0.1956,Walking,Ligeris,Driving_Under_Influence,2way,150.0,30,4G,-92,91.0,0.0,0.0024412571195284,40.30672576404075,22.157885,Normal
User_57,2025-02-11 14:57:25,0.372,0.1952,Running,Koila,Speeding,2way,4.0,40,WiFi,-69,-45.0,6.0,0.0041078610118316,40.322289949294266,21.79121381206593,Normal
User_73,2025-02-12 12:26:17,0.325,0.2757,Driving,Ligeris,Reckless_Driving,2way,0.0,120,3G,-97,30.0,9.0,0.035,40.30788742966649,21.80659580716135,Unintentional
User_51,2025-02-12 22:08:22,0.613,0.466,Driving,Spinari,Reckless_Driving,1way,1.0,10,5G,-90,94.0,25.0,0.0036539637485097,40.32208219024496,21.79126689203195,Intentional
User_13,2025-02-12 23:05:45,0.75,0.3294,Driving,Zep,Speeding,2way,0.0,30,WiFi,-52,21.0,-1.0,0.0070024938198389,40.27954981033416,21.7543411446853,Normal
User_89,2025-02-13 09:13:57,0.336,0.1001,Driving,Zep,Reckless_Driving,2way,3.0,40,4G,-107,22.0,-4.0,0.0098009698092881,40.27935352396979,21.7511395875464,Normal
User_91,2025-02-13 17:31:51,0.587,0.3918,Walking,Zep,Reckless_Driving,1way,0.0,70,WiFi,-62,48.0,0.0,0.0027325810566701,40.27825501159091,21.753303009125105,Normal
User_97,2025-02-14 18:56:14,0.337,0.3683,Walking,Ligeris,Reckless_Driving,2way,3.0,40,4G,-118,43.0,5.0,0.0086898654515046,40.307471689011265,21.809110540542974,Normal
User_62,2025-02-15 07:40:19,0.366,0.2002,Driving,Koila,Driving_Under_Influence,2way,2.0,70,4G,-118,6.0,-16.0,0.0010177574377012,40.321265237833025,21.790639416824824,Normal
User_93,2025-02-15 08:09:27,0.588,0.1122,Walking,Ligeris,Reckless_Driving,1way,3.0,60,4G,-87,96.0,-6.0,0.0033075849191048,40.30606369205847,21.80619967019086,Normal
User_79,2025-02-15 14:40:35,0.389,0.209,Driving,Koila,Speeding,1way,1.0,60,4G,-105,20.0,-8.0,0.0075346961196444,40.32154069490789,21.790569859622025,Normal
User_50,2025-02-15 15:55:44,0.398,0.3236,Walking,Koila,Reckless_Driving,4way,4.0,50,4G,-92,7.0,13.0,0.0033415274190869,40.321796237485685,21.79280991687215,Normal
User_02,2025-02-16 08:29:01,0.529,0.3926,Walking,Zep,Reckless_Driving,2way,1.0,50,3G,-118,10.0,-4.0,0.0035466710723307,40.27954382129552,21.753024695999816,Normal
User_40,2025-02-16 14:39:21,0.482,0.4607,Running,Zep,Driving_Under_Influence,1way,2.0,20,4G,-86,72.0,7.0,0.038,40.27825975571396,21.753467812214012,Unintentional
User_48,2025-02-16 16:26:59,0.599,0.3614,Running,Koila,Reckless_Driving,2way,1.0,90,3G,-75,24.0,-5.0,0.0055505753075477,40.32156135616786,21.79003675673937,Normal
User_98,2025-02-17 14:26:22,0.46,0.2478,Driving,Koila,Reckless_Driving,2way,1.0,10,WiFi,-86,37.0,3.0,0.0049103032596217,40.323250865009605,21.79179828719557,Normal
User_90,2025-02-18 07:34:41,0.525,0.1568,Walking,Ligeris,Speeding,4way,1.0,30,4G,-107,75.0,-15.0,0.0089455498581525,40.30634765785534,21.806724871194156,Normal
User_22,2025-02-18 10:31:25,0.413,0.1439,Driving,Ligeris,Driving_Under_Influence,2way,0.0,40,3G,-111,16.0,-8.0,0.0015755872507536,40.30476321956292,21.806175050835645,Normal
User_47,2025-02-18 12:07:31,0.585,0.2042,Driving,Ligeris,Driving_Under_Influence,4way,0.0,20,4G,-100,74.0,5.0,0.0042829051540006,40.30620324296068,21.80634010464657,Normal
User_60,2025-02-18 15:34:29,0.353,0.4618,Walking,Ligeris,Reckless_Driving,2way,1.0,90,4G,-91,99.0,-15.0,0.0034543101152376,40.30541123528455,21.807118359832835,Normal
User_30,2025-02-19 00:23:17,0.413,0.1884,Running,Zep,Speeding,1way,4.0,40,5G,-70,86.0,-13.0,0.0069356293913026,40.28084851086915,21.7531445722678,Normal
User_89,2025-02-19 06:07:00,0.336,0.1111,Walking,Ligeris,Driving_Under_Influence,2way,1.0,90,WiFi,-52,95.0,0.0,0.0089940396477165,40.3060485708475,21.807314880770925,Normal
User_75,2025-02-20 17:32:08,0.409,0.2731,Driving,Zep,Reckless_Driving,5way,0.0,20,5G,-81,96.0,-9.0,0.0058596834462287,40.279755343990395,21.75355530471819,Intentional
User_31,2025-02-20 20:52:33,0.56,0.4544,Running,Ligeris,Reckless_Driving,2way,0.0,40,4G,Satellite,3.0,12.0,0.006102557403832,40.30682588912234,21.805428557161168,Normal
User_85,2025-02-21 16:59:23,0.254,0.2283,Running,Ligeris,Driving_Under_Influence,1way,0.0,30,4G,-82,23.0,-11.0,0.0063168214964571,40.306217506916155,21.80797242594765,Normal
User_37,2025-02-22 03:37:05,0.306,0.3804,Running,Koila,Speeding,1way,0.0,10,WiFi,-84,81.0,16.0,0.001102765333864,40.32241569328632,21.79101363485904,Normal
User_57,2025-02-22 16:39:32,0.372,0.2162,Walking,Ligeris,Speeding,4way,1.0,90,5G,-105,34.0,-2.0,0.0098099893649846,40.30558342541227,21.8090214540816,Normal
User_24,2025-02-22 17:58:56,0.445,0.1876,Running,Zep,Driving_Under_Influence,2way,0.0,40,WiFi,-73,36.0,-1.0,0.0035834506259224,40.279913945912554,21.75321200352106,Normal
User_94,2025-02-23 06:04:49,0.681,0.207,Driving,Koila,Speeding,1way,2.0,10,5G,-85,83.0,16.0,0.0080229249902578,40.321896231214374,21.790793586700428,Normal
User_50,2025-02-23 23:16:13,0.398,0.3396,Flying,Zep,Driving_Under_Influence,2way,2.0,10,WiFi,-85,34.0,11.0,0.0037460961543348,40.27947899446849,21.791256784153244,Intentional
User_54,2025-02-25 07:00:52,0.327,0.3859,Walking,Spinari,Reckless_Driving,4way,1.0,80,3G,-108,49.0,14.0,0.0098314828525853,40.27945586331036,21.752218776214228,Intentional
User_64,2025-02-25 14:18:41,0.511,0.5641,Running,Zep,Driving_Under_Influence,1way,0.0,40,3G,-112,30.0,-7.0,0.0062491470526864,40.28018730719674,21.791256784153244,Normal
User_12,2025-02-25 17:13:11,0.67,0.4632,Running,Zep,Driving_Under_Influence,2way,1.0,80,3G,-84,42.0,6.0,0.0075429813484314,40.27920934499432,21.752590910874304,Normal
User_30,2025-02-26 05:56:25,0.413,0.2024,Walking,Zep,Driving_Under_Influence,1way,2.0,20,4G,-91,66.0,8.0,0.0064785964107135,40.27876623389914,21.754029594013733,Normal
User_79,2025-02-26 12:52:20,0.389,0.231,Running,Zep,Driving_Under_Influence,1way,2.0,20,WiFi,-72,2.0,15.0,0.0028944052515218,40.27960631985184,21.75381108673287,Normal
User_45,2025-02-27 02:14:25,0.285,0.3873,Running,Ligeris,Driving_Under_Influence,2way,1.0,80,WiFi,-52,64.0,15.0,0.0088303724537894,40.306259518666714,21.80761683272812,Normal
User_20,2025-02-27 06:38:50,0.334,0.4361,Running,Koila,Speeding,1way,2.0,50,4G,-114,32.0,-5.0,0.0071367293619938,40.32205462625494,21.792142351004667,Normal
User_79,2025-02-27 18:23:37,0.389,0.233,Driving,Zep,Driving_Under_Influence,2way,0.0,60,WiFi,-84,39.0,3.0,0.031,40.27871802849898,21.754766088061743,Unintentional
User_90,2025-02-28 18:31:41,0.525,0.1778,Driving,Zep,Speeding,2way,0.0,30,4G,-85,42.0,-9.0,0.0049664595424386,40.27857308891375,21.754979694322564,Normal
User_99,2025-02-28 18:33:13,0.465,0.3274,Walking,Zep,Reckless_Driving,2way,0.0,30,WiFi,-87,43.0,12.0,0.0048598446498277,40.278638089923895,21.754555222451195,Normal
User_25,2025-03-01 10:08:01,0.408,0.2548,Walking,Ligeris,Speeding,2way,0.0,40,4G,-105,9.0,16.0,0.0038486632397277,40.30609193035468,21.807016940298453,Normal
User_09,2025-03-01 14:23:41,0.307,0.5038,Walking,Koila,Speeding,4way,1.0,70,5G,-107,52.0,-9.0,0.0056541003751255,40.32186441226173,21.793273914020784,Normal
User_92,2025-03-01 15:16:55,0.694,0.2952,Driving,Koila,Driving_Under_Influence,2way,160.0,70,WiFi,-81,73.0,24.0,0.0098815951873857,40.322034016495365,21.791265885407764,Unintentional
User_46,2025-03-02 08:38:51,0.519,0.4616,Driving,Koila,Driving_Under_Influence,1way,1.0,50,4G,Satellite,42.0,8.0,0.0045780707656837,40.32126516500781,21.790726465158816,Normal
User_33,2025-03-03 13:43:16,0.634,0.3362,Walking,Zep,Reckless_Driving,4way,0.0,30,4G,-109,94.0,9.0,0.0028301989132791,40.27856141756594,21.754590907450037,Normal
User_27,2025-03-04 14:49:15,0.535,0.3761,Walking,Koila,Driving_Under_Influence,2way,0.0,30,5G,-86,61.0,1.0,0.002660071785363,40.32138116342981,21.791182530997183,Normal
User_47,2025-03-05 02:01:02,0.585,0.2342,Walking,Spinari,Speeding,1way,0.0,90,5G,-100,93.0,-15.0,0.0043040548537157,40.277828700498496,22.126155,Intentional
User_79,2025-03-05 03:22:30,0.46,0.244,Running,Ligeris,Speeding,1way,1.0,80,WiFi,-54,13.0,7.0,0.0085373188208066,40.30770233940357,21.808101712485684,Normal
User_53,2025-03-05 06:31:31,0.313,0.2256,Driving,Ligeris,Speeding,4way,0.0,60,4G,-113,91.0,-4.0,0.0040117535266097,40.30617541206982,21.808022882283495,Normal
User_28,2025-03-05 08:41:08,0.348,0.4373,Walking,Zep,Reckless_Driving,1way,1.0,70,3G,-91,98.0,-3.0,0.0074403449276811,40.279621524840344,21.751202653725155,Normal
User_33,2025-03-05 09:28:05,0.634,0.3402,Driving,Zep,Reckless_Driving,2way,0.0,50,4G,-103,0.0,-7.0,0.0086129560982154,40.28071872975659,21.753535671120172,Normal
User_93,2025-03-05 19:54:37,0.588,0.1472,Running,Ligeris,Speeding,2way,1.0,70,3G,-72,57.0,-6.0,0.0072180095926019,40.30600813009511,21.808105150195097,Normal
User_05,2025-03-06 06:00:38,0.743,0.4247,Running,Ligeris,Speeding,2way,2.0,80,5G,-101,80.0,-13.0,0.0068580966023173,40.307343914946195,21.807597139069745,Normal
User_60,2025-03-06 09:51:24,0.353,0.4938,Driving,Zep,Speeding,2way,1.0,40,WiFi,-95,33.0,-5.0,0.0021985622698546,40.2800654556996,21.75251938251744,Normal
User_20,2025-03-06 18:03:07,0.334,0.4511,Running,Ligeris,Speeding,2way,3.0,60,4G,-118,59.0,1.0,0.0062213951333797,40.306824565437445,21.80537501536375,Normal
User_25,2025-03-07 01:56:52,0.408,0.2668,Walking,Koila,Driving_Under_Influence,1way,0.0,10,3G,-82,34.0,9.0,0.0040935052422966,40.32329201228685,21.79000968525046,Normal
User_46,2025-03-07 14:29:37,0.519,0.4726,Driving,Koila,Reckless_Driving,4way,0.0,120,3G,-88,16.0,-9.0,0.0035619595846289,40.32129997274467,21.791105910723285,Normal
User_86,2025-03-07 16:34:32,0.469,0.1321,Walking,Koila,Reckless_Driving,1way,3.0,20,5G,-88,94.0,11.0,0.0054218360469136,40.32191346378213,21.792064912604168,Normal
User_87,2025-03-07 17:07:45,0.709,0.5122,Walking,Zep,Speeding,2way,3.0,30,WiFi,-87,3.0,-16.0,0.0048420792141928,40.278419295471295,21.754290323948833,Normal
User_40,2025-03-07 18:01:26,0.482,0.5641,Driving,Koila,Speeding,2way,1.0,80,5G,-88,0.0,12.0,0.0056176346087174,40.32216573848914,21.791119745664748,Normal
User_69,2025-03-08 11:52:08,0.34,0.4931,Driving,Koila,Reckless_Driving,2way,1.0,90,4G,-85,42.0,13.0,0.0079264391674807,40.321909077925426,21.791434101496368,Normal
User_11,2025-03-08 14:54:56,0.602,0.45,Walking,Zep,Speeding,2way,2.0,40,3G,-101,93.0,-7.0,0.0067321802094194,40.27938870043883,21.753208107084028,Normal
User_80,2025-03-08 21:23:36,0.704,0.2927,Walking,Zep,Reckless_Driving,2way,0.0,70,4G,-81,88.0,-12.0,0.0036577682000291,40.28000817113019,21.75195593385525,Normal
User_70,2025-03-09 07:40:42,0.46,0.2289,Walking,Koila,9,1way,0.0,30,WiFi,-77,73.0,-4.0,0.0032034926999303,40.32170676308005,21.78927980111225,Normal
User_59,2025-03-09 13:53:12,0.265,0.3122,Driving,Koila,Reckless_Driving,1way,1.0,Lane_Discards,5G,-71,74.0,8.0,0.0072000668515802,40.322954206273685,21.79194639070827,Normal
User_81,2025-03-09 18:00:40,0.376,0.4185,Driving,Zep,Reckless_Driving,4way,0.0,40,3G,-75,60.0,7.0,0.0095536415737085,40.28005223427784,21.753437841276437,Normal
User_64,2025-03-09 19:03:09,0.511,0.4868,Driving,Ligeris,Reckless_Driving,1way,140.0,20,WiFi,-87,54.0,14.0,0.0011520406592379,40.30673701404854,21.805693941209903,Normal
User_83,2025-03-12 01:54:16,0.309,0.4995,Running,Koila,Reckless_Driving,2way,1.0,60,4G,-114,8.0,-9.0,0.0088741212337744,40.32198459963774,21.792580594400167,Normal
User_91,2025-03-12 15:34:59,0.587,0.4458,Driving,Zep,Reckless_Driving,2way,1.0,50,4G,-115,61.0,-5.0,0.0042911665655634,40.27937849046025,21.75335115191346,Normal
User_64,2025-03-12 15:43:23,0.511,0.4928,Walking,Zep,Speeding,2way,2.0,20,4G,-79,57.0,9.0,0.002986339182407,40.279133247719464,21.751461168700576,Normal
User_56,2025-03-12 23:22:22,0.374,0.1537,Driving,Zep,Speeding,2way,0.0,70,3G,-113,83.0,-9.0,0.0052649516984433,40.278172196739675,21.753179386076013,Normal
User_62,2025-03-13 02:26:41,0.366,0.2512,Running,Ligeris,Driving_Under_Influence,2way,0.0,10,4G,-88,82.0,-6.0,0.0061736447198202,40.30662527871485,21.807835629787295,Normal
User_75,2025-03-13 21:27:20,0.409,0.3161,Walking,Koila,Speeding,2way,2.0,10,5G,-107,9.0,-25.0,0.0088470676889567,40.32092238850553,21.7899475215719,Unintentional
User_85,2025-03-14 09:51:12,0.254,0.2703,Driving,Koila,Driving_Under_Influence,2way,0.0,20,4G,-74,86.0,0.0,0.0055623052189045,40.321093140323335,21.789338420076326,Normal
User_78,2025-03-14 20:14:41,0.347,0.3846,Running,Koila,Reckless_Driving,4way,1.0,10,5G,-114,20.0,15.0,0.0080940569589325,40.3213391118541,21.792749656718826,Normal
User_57,2025-03-15 17:51:37,0.372,0.2592,Running,Koila,Driving_Under_Influence,2way,0.0,30,5G,-99,79.0,10.0,0.0032380770587172,40.32276958366189,21.792187590370023,Normal
User_14,2025-03-16 03:26:35,0.393,0.3554,Driving,Koila,Speeding,1way,0.0,10,WiFi,-73,100.0,-12.0,0.0088702169862472,40.32197000950082,21.791099814124667,Normal
User_11,2025-03-16 13:15:10,0.602,0.465,Walking,Ligeris,Driving_Under_Influence,2way,0.0,20,4G,-120,86.0,-1.0,0.0022651403972087,40.30618868174445,21.807596489178547,Normal
User_34,2025-03-16 14:52:59,0.431,0.3029,Walking,Zep,Reckless_Driving,4way,1.0,30,4G,-88,88.0,6.0,0.0023871720649046,40.27916927237297,21.75526874911537,Normal
User_95,2025-03-17 11:39:15,0.545,0.4239,Running,Koila,Speeding,2way,1.0,20,3G,-73,45.0,14.0,0.005653142335994,40.322461149900505,21.791256784153244,Normal
User_01,2025-03-17 15:06:41,0.619,0.4228,Walking,Koila,Speeding,2way,1.0,50,WiFi,-72,69.0,0.0,0.0080453000014788,40.32246435483811,21.79180693374392,Normal
User_02,2025-03-17 16:40:38,0.529,0.4516,Driving,Koila,Driving_Under_Influence,2way,1.0,30,4G,-80,24.0,9.0,0.0099981602910262,40.323286617898816,21.78962509825948,Normal
User_52,2025-03-17 17:58:22,0.544,0.2282,Walking,Ligeris,Reckless_Driving,6way,1.0,30,4G,-112,69.0,1.0,0.0041777150802186,40.306509517593085,21.806757946242083,Intentional
User_49,2025-03-18 02:34:25,0.637,0.4933,Running,Ligeris,Driving_Under_Influence,4way,1.0,10,4G,-118,9.0,-14.0,0.0064029132367554,40.3059682735808,21.80787900964475,Normal
User_92,2025-03-18 12:16:53,0.694,0.3292,Walking,Koila,Driving_Under_Influence,1way,1.0,20,5G,-103,37.0,10.0,0.0099889742035286,40.32280898056919,21.79202511019411,Normal
User_40,2025-03-18 18:10:24,0.482,0.5207,Running,Zep,Driving_Under_Influence,4way,0.0,10,5G,-102,74.0,-10.0,0.0054799811860443,40.28034150442358,21.754820094379603,Normal
User_56,2025-03-18 23:38:19,0.374,0.1657,Running,Zep,Driving_Under_Influence,4way,2.0,50,4G,-115,80.0,16.0,0.0066088709509059,40.279181676969465,21.791256784153244,Normal
User_55,2025-03-19 00:20:39,0.447,0.4904,Walking,Ligeris,Reckless_Driving,1way,0.0,20,WiFi,-80,46.0,4.0,0.0037566776986088,40.30688238712354,21.807456409783317,Normal
User_76,2025-03-19 11:35:13,0.355,0.3541,Walking,Ligeris,Reckless_Driving,4way,3.0,50,WiFi,-87,2.0,-1.0,0.0096148002157623,40.305360606766975,23.307961,Normal
User_21,2025-03-19 12:25:48,0.303,0.1682,Walking,Koila,Speeding,2way,0.0,40,5G,-115,49.0,-3.0,0.0060341610655299,40.32331651452744,21.791256784153244,Normal
User_42,2025-03-19 17:34:06,0.738,0.2686,Walking,Ligeris,Driving_Under_Influence,2way,0.0,10,108,-94,81.0,-5.0,0.0058153225456887,40.30656819173024,21.808588332612615,Normal
User_27,2025-03-20 08:35:59,0.535,0.4091,Running,Ligeris,Speeding,1way,0.0,30,WiFi,-90,27.0,4.0,0.0015858661721616,40.304506145904014,21.807848361341005,Normal
User_60,2025-03-20 09:35:53,0.353,0.5228,Walking,Ligeris,Driving_Under_Influence,2way,0.0,20,3G,-90,2.0,12.0,0.005316468831257,40.306230115631266,21.808336358609555,Normal
User_77,2025-03-20 09:39:06,0.428,0.1735,Running,Zep,Reckless_Driving,2way,1.0,10,5G,-100,-148.0,-6.0,0.006994508080162,40.27911625020529,21.75336678392673,Normal
User_97,2025-03-20 09:58:14,0.337,0.4363,Driving,Koila,Driving_Under_Influence,2way,2.0,70,4G,-105,46.0,-1.0,0.0019031359824585,40.32151510335501,21.79110614487208,Normal
User_73,2025-03-20 12:47:44,0.325,0.3467,Running,Koila,Speeding,2way,2.0,30,4G,-86,37.0,-10.0,0.0042060867119771,40.32255158533928,21.790449820560426,Normal
User_79,2025-03-20 13:29:08,0.389,0.5641,Flying,Koila,Reckless_Driving,2way,2.0,80,5G,-111,94.0,-10.0,0.0093085345673825,40.32189512671651,21.791045411477448,Intentional
User_30,2025-03-21 10:00:43,0.413,0.2484,Running,Koila,Reckless_Driving,1way,1.0,20,4G,-105,20.0,-1.0,0.027,40.32279815924977,21.790082223056817,Unintentional
User_11,2025-03-21 10:56:14,0.602,0.475,Walking,Koila,9,1way,1.0,50,WiFi,-86,99.0,-9.0,0.0035042099795495,40.306110282022885,21.807525043187365,Normal
User_97,2025-03-21 15:50:05,0.337,0.4383,Driving,Ligeris,Speeding,1way,0.0,100,5G,-97,23.0,10.0,0.0021058085620257,40.30526006693859,21.80687391803593,Normal
User_97,2025-03-21 18:05:38,0.337,0.4393,Driving,Zep,Reckless_Driving,2way,3.0,70,4G,-107,41.0,-10.0,0.0048171329546336,40.27896090408749,21.75531369372771,Normal
User_80,2025-03-22 06:19:50,0.704,0.3217,Walking,Koila,Speeding,2way,0.0,70,5G,-119,75.0,-12.0,0.042,40.32242513542632,21.79124967875358,Unintentional
User_61,2025-03-23 20:58:46,0.546,0.5641,Running,Zep,Reckless_Driving,2way,3.0,40,4G,Ethernet,83.0,0.0,0.0079651572335774,40.27911991628685,21.753108388103534,Normal
User_48,2025-03-24 06:30:41,0.599,0.4324,Walking,Ligeris,Reckless_Driving,1way,0.0,50,5G,-71,20.0,-16.0,0.0084931363505549,40.306087747234166,21.807538591062308,Normal
User_13,2025-03-24 17:42:28,0.75,0.4084,Driving,Koila,Speeding,1way,0.0,10,4G,-116,54.0,0.0,0.003984623688703,40.323198792857326,21.790721144010103,Normal
User_22,2025-03-25 13:39:38,0.46,0.2139,Walking,Ligeris,Speeding,5way,1.0,40,4G,-83,35.0,-7.0,0.0058292504826892,40.307551607934506,21.80880686571975,Intentional
User_82,2025-03-25 17:42:28,0.324,0.3799,Walking,Koila,Reckless_Driving,4way,1.0,10,5G,-78,28.0,-7.0,0.0046062970605357,40.28087539950805,21.753444852310466,Normal
User_97,2025-03-26 08:35:48,0.337,0.4483,Running,Koila,Reckless_Driving,1way,1.0,10,5G,-76,99.0,0.0,0.0056292273828196,40.306230115631266,18.057198,Normal
User_57,2025-03-26 10:31:29,0.372,0.2802,Running,Koila,Speeding,4way,0.0,30,5G,-70,75.0,16.0,0.0074674515763538,40.32147092530183,21.792449614873405,Normal
User_73,2025-03-27 14:25:53,0.325,0.3617,Driving,Zep,Speeding,1way,2.0,80,4G,-99,57.0,1.0,0.0090942881939155,40.27965384630895,21.753402354654938,Normal
User_90,2025-03-28 01:58:59,0.525,0.2328,Running,Ligeris,Reckless_Driving,1way,4.0,30,5G,Satellite,66.0,-13.0,0.0055445998550034,40.30606335136646,21.806786841347098,Normal
User_06,2025-03-28 09:36:22,0.584,0.5415,Running,Ligeris,Speeding,1way,0.0,30,5G,-73,19.0,16.0,0.0036923995845844,40.30609797168079,21.80520897848549,Normal
User_51,2025-03-28 11:43:05,0.613,0.554,Driving,Koila,Reckless_Driving,1way,1.0,20,4G,-91,86.0,15.0,0.005795894487857,40.322200438158085,21.78989894239066,Normal
User_79,2025-03-28 14:58:35,0.389,0.291,Running,Spinari,Speeding,1way,0.0,30,102,-102,33.0,-4.0,0.0070965756702693,40.279206854753106,21.75501021815498,Intentional
User_93,2025-03-28 21:38:19,0.588,0.1942,Driving,Zep,Reckless_Driving,2way,0.0,10,4G,-91,49.0,-5.0,0.0013755194424973,40.279563615488705,21.752501954091983,Normal
User_30,2025-03-29 22:55:49,0.413,0.2654,Walking,Ligeris,Driving_Under_Influence,2way,0.0,40,4G,-71,56.0,3.0,0.0039465261186082,40.3059488159744,21.80810125542272,Normal
User_01,2025-03-29 23:05:22,0.619,0.4478,Driving,Zep,Driving_Under_Influence,4way,1.0,30,3G,-90,27.0,-16.0,0.0071062448608346,40.306230115631266,21.753560669477785,Normal
User_11,2025-03-29 23:54:13,0.602,0.492,Running,Ligeris,Driving_Under_Influence,1way,0.0,20,4G,-92,55.0,9.0,0.0042086350234291,40.30666701413113,21.806432836470695,Normal
User_39,2025-03-30 05:35:58,0.598,0.3247,Driving,Zep,Speeding,1way,0.0,10,113,-117,39.0,12.0,0.0063349133826728,40.27829739974637,21.754856817285393,Normal
User_01,2025-03-31 10:33:42,0.619,0.5641,Running,Koila,Reckless_Driving,2way,0.0,30,4G,-88,67.0,6.0,0.0061482782208804,40.32233926721883,21.79098794810018,Normal
User_10,2025-04-01 12:26:11,0.315,0.5308,Running,Koila,Speeding,1way,5.0,40,3G,-98,82.0,-4.0,0.0084844091900449,40.32095452175365,21.790782753214287,Normal
User_27,2025-04-01 15:23:28,0.535,0.4321,Driving,Koila,Speeding,4way,1.0,20,3G,-94,64.0,3.0,0.008225684768022,40.32086045324021,21.791256784153244,Normal
User_39,2025-04-01 21:08:54,0.598,0.3287,Running,Ligeris,Reckless_Driving,5way,1.0,80,WiFi,-85,25.0,-9.0,0.0030788750803301,40.306446481816266,21.80729990674497,Intentional
User_25,2025-04-01 22:36:25,0.408,0.3178,Running,Koila,Reckless_Driving,4way,1.0,10,114,-80,94.0,-10.0,0.005653142335994,40.32165096038695,21.789564699988397,Normal
User_03,2025-04-02 09:19:48,0.568,0.2124,Running,Ligeris,Driving_Under_Influence,2way,0.0,80,4G,-75,86.0,-12.0,0.005653142335994,40.30568007203553,21.807900658627243,Normal
User_02,2025-04-03 01:41:45,0.529,0.5641,Driving,Koila,Driving_Under_Influence,2way,4.0,40,4G,-92,62.0,-2.0,0.0065467585585924,40.32144427252239,21.79189905889031,Normal
User_73,2025-04-03 11:52:46,0.325,0.3757,Running,Koila,Driving_Under_Influence,2way,2.0,30,3G,-111,94.0,-9.0,0.0059567624021364,40.32196476283154,21.79111655375747,Normal
User_49,2025-04-03 21:50:12,0.637,0.5641,Driving,Koila,Reckless_Driving,2way,0.0,40,4G,-89,19.0,7.0,0.0037497145208828,40.3226886720832,21.790788324095956,Normal
User_92,2025-04-04 00:08:59,0.694,0.3622,Driving,Ligeris,Driving_Under_Influence,2way,0.0,60,5G,-103,91.0,-4.0,0.0092710996579597,40.306340928292094,21.805581015049366,Normal
User_87,2025-04-04 05:38:46,0.709,0.5672,Running,Zep,Speeding,2way,0.0,50,WiFi,-65,-128.0,-16.0,0.0092965527294276,40.27909766615738,21.755332160019012,Normal
User_96,2025-04-04 12:47:22,0.261,0.4451,Walking,Zep,Speeding,1way,0.0,40,4G,-77,93.0,-4.0,0.009601793042105,40.27973552747575,21.752262168848635,Normal
User_76,2025-04-04 18:45:34,0.355,0.3861,Driving,Koila,8,1way,0.0,30,3G,-101,70.0,21.0,0.0098990893356448,40.30566692274491,21.808320396956088,Unintentional
User_92,2025-04-05 01:12:18,0.694,0.3642,Driving,Koila,Speeding,4way,0.0,10,4G,-75,82.0,-11.0,0.0024172402756815,40.3223436638989,21.791589338686656,Normal
User_27,2025-04-05 02:12:40,0.535,0.4401,Walking,Koila,Driving_Under_Influence,4way,2.0,60,5G,-107,1.0,-10.0,0.0080225662143392,40.32093093113578,21.791356388246605,Normal
User_97,2025-04-05 15:20:46,0.337,0.4683,Running,Ligeris,Driving_Under_Influence,1way,1.0,40,3G,-97,94.0,-1.0,0.0068974206889838,40.30640230354628,21.80814754056939,Normal
User_47,2025-04-06 10:46:15,0.585,0.2982,Running,Zep,Speeding,1way,2.0,40,5G,-94,41.0,5.0,0.0035798271129188,40.280169849068976,21.753470243424747,Normal
User_71,2025-04-07 07:15:27,0.256,0.1953,Driving,Koila,Driving_Under_Influence,4way,2.0,20,4G,-117,94.0,-2.0,0.006175858373641,40.32100159273894,22.139144,Normal
User_70,2025-04-07 14:03:03,0.601,0.2879,Running,Zep,Driving_Under_Influence,2way,1.0,90,5G,-102,87.0,-13.0,0.0080345243647423,40.28019054811927,21.75387197785319,Normal
User_48,2025-04-09 11:27:57,0.599,0.4644,Running,Koila,Driving_Under_Influence,2way,0.0,110,WiFi,-60,30.0,-16.0,0.0083548428235676,40.323141835428146,21.79082433854959,Normal
User_07,2025-04-09 11:48:11,0.625,0.2784,Running,Ligeris,Driving_Under_Influence,2way,1.0,70,WiFi,-75,6.0,-8.0,0.0055567314810484,40.30582702597902,21.80736264251034,Normal
User_69,2025-04-09 15:14:17,0.34,0.5571,Running,Zep,Speeding,1way,1.0,90,4G,-84,63.0,-3.0,0.0057233032228834,40.27897500512784,21.75123786538954,Normal
User_11,2025-04-09 23:01:20,0.602,0.514,Running,Zep,Driving_Under_Influence,4way,1.0,20,3G,-117,65.0,19.0,0.0023173031185359,40.279414585821975,21.753278318256587,Unintentional
User_94,2025-04-10 09:21:17,0.681,0.299,Walking,Ligeris,Reckless_Driving,1way,0.0,60,WiFi,-85,-49.0,-2.0,0.0082077154259644,40.305109840858336,21.80682374210748,Normal
User_09,2025-04-10 11:10:30,0.307,0.5838,Walking,Ligeris,Speeding,1way,2.0,20,5G,-95,7.0,-14.0,0.0024352842860185,40.306230115631266,21.80623920805856,Normal
User_31,2025-04-10 13:25:25,0.56,0.5514,Running,Ligeris,Speeding,4way,0.0,30,5G,-90,70.0,9.0,0.0034863976907593,40.30558125831292,21.808344412371486,Normal
User_83,2025-04-10 17:12:29,0.309,0.5585,Driving,Zep,Driving_Under_Influence,4way,0.0,10,3G,-118,97.0,8.0,0.0011747401652767,40.27915762656498,21.75214499392846,Normal
User_72,2025-04-10 23:53:32,0.567,0.2405,Running,Zep,Speeding,2way,2.0,50,5G,-75,85.0,16.0,0.0083838402672338,40.28111457063594,21.752436374103812,Normal
User_74,2025-04-11 05:12:41,0.497,0.5584,Walking,Koila,Reckless_Driving,1way,3.0,80,5G,-95,7.0,14.0,0.0098333813940323,40.32261589024766,21.79239166535497,Normal
User_71,2025-04-11 19:07:46,0.256,0.2043,Driving,Koila,Reckless_Driving,1way,2.0,10,4G,-82,9.0,-3.0,0.0033144597793203,40.321489044872486,21.79192390331563,Normal
User_83,2025-04-13 02:07:00,0.309,0.5635,Running,Zep,Speeding,2way,1.0,30,3G,-71,40.0,-16.0,0.0027267029365956,40.28109857982223,21.75392994177019,Normal
User_51,2025-04-13 09:50:36,0.613,0.585,Driving,Zep,Reckless_Driving,1way,0.0,80,5G,-88,45.0,4.0,0.0014662399579316,40.28072484237085,21.754398614355964,Normal
User_20,2025-04-14 09:46:08,0.334,0.5291,Driving,Koila,Reckless_Driving,1way,0.0,50,5G,-112,49.0,13.0,0.0059579758202828,40.32200820102721,21.789950835372338,Normal
User_91,2025-04-16 05:11:06,0.587,0.5148,Driving,Ligeris,Speeding,1way,0.0,40,4G,-102,49.0,-4.0,0.0068673998861357,40.30569202145232,21.808582420923553,Normal
User_01,2025-04-16 06:29:49,0.619,0.4828,Running,Ligeris,Reckless_Driving,4way,0.0,60,WiFi,-83,90.0,10.0,0.0081190931890731,40.306784260064944,21.80743183418105,Normal
User_31,2025-04-16 20:54:03,0.56,0.5644,Walking,Koila,Reckless_Driving,5way,1.0,80,4G,-88,-147.0,8.0,0.0037729247094939,40.32122809470659,21.79098905284169,Intentional
User_95,2025-04-17 08:40:18,0.545,0.4859,Flying,Ligeris,Driving_Under_Influence,2way,1.0,20,3G,-115,49.0,-10.0,0.026,40.307274834931434,21.80849543949754,Intentional
User_91,2025-04-18 03:17:01,0.587,0.5188,Driving,Ligeris,Speeding,1way,1.0,10,5G,-102,23.0,8.0,0.0059201514793786,40.305236277036336,21.80563598094092,Normal
User_25,2025-04-18 04:44:13,0.408,0.3508,Running,Ligeris,Speeding,1way,1.0,10,3G,-117,64.0,10.0,0.0034618540377508,40.307343434323975,21.808216309383816,Normal
User_77,2025-04-18 06:12:32,0.428,0.2315,Walking,Koila,Reckless_Driving,2way,0.0,10,5G,-88,9.0,8.0,0.0052716657720876,40.321528548235634,21.790073952660364,Normal
User_01,2025-04-18 06:58:24,0.619,0.4868,Driving,Koila,Driving_Under_Influence,2way,1.0,40,5G,-77,35.0,-12.0,0.0063857169409731,40.320685252943754,21.79171886772717,Normal
User_75,2025-04-18 07:26:44,0.409,0.3871,Driving,Zep,Driving_Under_Influence,2way,0.0,60,4G,-75,51.0,10.0,0.0050193421904734,40.28049591068152,21.75404849785677,Normal
User_82,2025-04-19 04:11:16,0.324,0.4289,Driving,Ligeris,Driving_Under_Influence,4way,1.0,40,5G,-80,97.0,-5.0,0.0085479357793955,40.30725814848903,21.80714656195392,Normal
User_10,2025-04-19 19:32:51,0.315,0.5678,Walking,Zep,Reckless_Driving,2way,0.0,50,3G,-88,49.0,-7.0,0.0077418459056682,40.278461160651354,21.791256784153244,Normal
User_06,2025-04-19 23:05:32,0.584,0.5855,Running,Center,Speeding,2way,0.0,30,3G,-106,59.0,-7.0,0.002336804149158,40.32215485972083,21.791328565981733,Intentional
User_60,2025-04-20 21:01:57,0.353,0.5838,Walking,Zep,Speeding,2way,1.0,30,4G,-85,59.0,-21.0,0.0076653891492276,40.27979037877882,21.75351914323719,Unintentional
User_79,2025-04-20 23:57:22,0.389,0.337,Driving,Koila,Speeding,2way,0.0,40,WiFi,-50,38.0,9.0,0.0019703182735307,40.321948804921014,21.78998968948897,Normal
User_20,2025-04-22 12:09:54,0.334,0.5451,Walking,Zep,Reckless_Driving,2way,1.0,130,4G,-83,70.0,-8.0,0.0053666910878498,40.27911277857027,21.752778588522588,Normal
User_09,2025-04-23 05:11:04,0.307,0.6098,Driving,Zep,Speeding,2way,0.0,20,WiFi,-69,38.0,-14.0,0.0050426695808403,40.28013548452208,21.75307940739319,Normal
User_26,2025-04-23 14:07:53,0.408,0.4735,Walking,Zep,Driving_Under_Influence,1way,0.0,40,4G,-78,49.0,-4.0,0.0044614929979204,40.27902676015355,21.75385922190652,Normal
User_38,2025-04-24 00:35:54,0.306,0.5321,Driving,Zep,Speeding,2way,1.0,30,5G,-93,8.0,-5.0,0.0012521498077746,40.279471581472656,21.753343567281455,Normal
User_07,2025-04-25 06:42:52,0.625,0.3094,Running,Koila,Driving_Under_Influence,1way,4.0,50,4G,-85,66.0,9.0,0.0025774314975622,40.321564952331734,21.7915876853143,Normal
User_76,2025-04-25 07:26:50,0.355,0.4271,Driving,Ligeris,Speeding,1way,0.0,50,3G,-78,78.0,-11.0,0.0068800843622584,40.305522273381555,21.80811991799922,Normal
User_07,2025-04-25 16:07:10,0.625,0.5641,Walking,Koila,Speeding,5way,1.0,60,3G,-77,83.0,8.0,0.0094021840531021,40.32238722769552,19.265568,Intentional
User_79,2025-04-26 13:14:05,0.389,0.348,Walking,Koila,Reckless_Driving,1way,0.0,40,5G,-80,29.0,4.0,0.0091313052061846,40.32079712710241,21.79018058003627,Normal
User_38,2025-04-27 03:00:13,0.306,0.5381,Walking,Zep,Speeding,6way,1.0,50,4G,-108,83.0,13.0,0.0081913786831904,40.28003447827134,21.753255454435095,Intentional
User_76,2025-04-27 14:20:50,0.355,0.4321,Driving,Ligeris,Reckless_Driving,2way,1.0,80,4G,-76,9.0,3.0,0.0017653903373904,40.30549753341692,21.806184343308622,Normal
User_64,2025-04-27 16:29:34,0.511,0.5848,Driving,Zep,Reckless_Driving,2way,1.0,60,3G,-75,100.0,0.0,0.0018530421972882,40.280461398617014,21.752008362954136,Normal
User_78,2025-04-27 19:25:39,0.347,0.4716,Walking,Ligeris,Reckless_Driving,2way,1.0,30,5G,-115,15.0,14.0,0.0032745712318694,40.306086677393566,21.806699480257784,Normal
User_67,2025-04-28 13:38:47,0.529,0.4456,Driving,Koila,Speeding,4way,0.0,20,3G,-80,63.0,0.0,0.0063374092094916,40.321543853041554,21.79084952288757,Normal
User_100,2025-04-29 01:16:05,0.37,0.49,Running,Koila,Reckless_Driving,2way,1.0,60,119,-56,63.0,5.0,0.0066944391360506,40.32207142801958,21.792178838102,Normal
User_63,2025-04-29 05:54:29,0.543,0.3526,Running,Zep,Driving_Under_Influence,4way,0.0,80,5G,-108,-140.0,4.0,0.0051384317689537,40.2780991337478,21.753738264030925,Normal
User_97,2025-04-29 06:38:47,0.337,0.5173,Running,Center,Speeding,2way,0.0,10,5G,-111,17.0,2.0,0.0066094294005155,41.192742,21.789533048822776,Intentional
User_69,2025-04-29 07:19:47,0.34,0.5961,Walking,Ligeris,Reckless_Driving,1way,1.0,50,4G,-103,25.0,15.0,0.0062241080237916,40.30650005250072,21.806055700321537,Normal
User_64,2025-04-29 14:31:48,0.511,0.5878,Walking,Koila,Reckless_Driving,2way,0.0,30,3G,-102,20.0,2.0,0.0029773894952081,40.32047897403027,21.7910960251391,Normal
User_53,2025-04-29 17:45:31,0.46,0.3366,Running,Zep,Speeding,2way,2.0,40,3G,-88,88.0,10.0,0.0061564166253599,40.27870625569917,21.753457845780265,Normal
User_33,2025-04-29 17:53:44,0.634,0.4512,Running,Zep,Speeding,2way,1.0,10,4G,-102,60.0,-12.0,0.0036715945312517,40.28044714732782,21.75515507937742,Normal
User_06,2025-04-30 20:43:45,0.584,0.6065,Running,Koila,Speeding,4way,0.0,30,5G,-120,100.0,1.0,0.0026188694366698,40.32253131819183,21.7919553187885,Normal
User_56,2025-04-30 20:50:12,0.374,0.2517,Walking,Zep,Driving_Under_Influence,2way,4.0,30,5G,-102,77.0,-5.0,0.0099091940093652,40.279084329299536,21.753394016214237,Normal
User_56,2025-05-01 01:16:31,0.374,0.2527,Driving,Zep,Speeding,2way,0.0,20,3G,-116,8.0,-11.0,0.0023595069290331,40.279710017593096,21.754420583070136,Normal
User_50,2025-05-01 06:52:47,0.398,0.4726,Running,Koila,Speeding,1way,1.0,30,3G,-88,38.0,-10.0,0.0078203439577317,40.321423001524025,21.79138851224131,Normal
User_15,2025-05-02 01:29:34,0.627,0.5491,Running,Zep,Reckless_Driving,2way,0.0,90,3G,-87,81.0,10.0,0.0083072732733473,40.280039379331654,21.754204852896248,Normal
User_35,2025-05-02 15:18:56,0.274,0.3222,Walking,Zep,Speeding,2way,0.0,20,WiFi,-74,80.0,-15.0,0.033,40.2802690480866,21.7541642039542,Unintentional
User_28,2025-05-03 04:02:59,0.348,0.5543,Walking,Zep,Speeding,2way,1.0,10,4G,-102,42.0,-15.0,0.0012129716033347,40.2794846173919,21.752774773121015,Normal
User_40,2025-05-03 06:22:02,0.482,0.6117,Driving,Ligeris,Reckless_Driving,1way,0.0,40,3G,-85,57.0,4.0,0.0019999335429601,40.30629768777284,21.807582799877064,Normal
User_36,2025-05-03 21:00:17,0.563,0.6329,Running,Zep,Reckless_Driving,1way,1.0,30,4G,-115,49.0,13.0,0.0018165594776728,40.278154456990535,21.752180761472985,Normal
User_49,2025-05-04 07:39:35,0.637,0.5873,Running,Koila,Driving_Under_Influence,2way,1.0,70,3G,-83,21.0,10.0,0.007068971293686,40.3223472187782,21.79264058033199,Normal
User_30,2025-05-05 02:55:25,0.413,0.3384,Running,Zep,Reckless_Driving,4way,2.0,80,WiFi,-72,54.0,7.0,0.0053431269495098,40.2797931004537,21.75392934624592,Normal
User_67,2025-05-06 03:46:33,0.529,0.4616,Walking,Zep,Driving_Under_Influence,4way,0.0,60,4G,-105,42.0,-8.0,0.0073952692512435,40.2794634682539,21.754730062294943,Normal
User_63,2025-05-07 22:57:08,0.46,0.3696,Walking,Koila,Driving_Under_Influence,1way,1.0,10,5G,-94,73.0,4.0,0.0090131597298673,40.32211893166171,21.791057294907887,Normal
User_16,2025-05-08 04:56:01,0.513,0.4607,Running,Zep,Driving_Under_Influence,4way,0.0,80,4G,-79,100.0,-14.0,0.0062784153990855,40.28054323738428,21.753779679036903,Normal
User_40,2025-05-08 06:03:20,0.482,0.6217,Walking,Koila,Driving_Under_Influence,4way,0.0,80,5G,-108,97.0,7.0,0.0071767361121771,40.32178481344201,21.79127748167784,Normal
User_73,2025-05-08 21:07:21,0.325,0.4457,Running,Koila,Speeding,1way,3.0,10,3G,-89,89.0,13.0,0.0092996014849752,40.32309321013564,21.79313757285978,Normal
User_42,2025-05-09 19:17:16,0.738,0.3706,Driving,Koila,Speeding,1way,0.0,30,108,-116,89.0,-7.0,0.0033091624359564,40.322224425836815,21.791112392633135,Normal
User_43,2025-05-10 08:16:38,0.416,0.4187,Running,Ligeris,Reckless_Driving,2way,1.0,70,4G,-118,49.0,6.0,0.022,40.30689633990992,21.80795100702813,Unintentional
User_36,2025-05-11 00:06:20,0.563,0.6489,Walking,Center,Speeding,1way,0.0,10,4G,-106,41.0,-5.0,0.0012423708577369,40.30448552469834,21.808002923379817,Intentional
User_04,2025-05-11 18:01:43,0.662,0.3137,Driving,Ligeris,Speeding,1way,0.0,60,WiFi,-85,5.0,-11.0,0.0029894719477738,40.305450089068266,19.59492,Normal
User_37,2025-05-11 23:45:55,0.306,0.5374,Running,Zep,Reckless_Driving,4way,0.0,60,4G,-103,96.0,-8.0,0.0079615715721403,40.28014565121311,21.752768271862948,Normal
User_65,2025-05-12 02:09:31,0.448,0.3381,Driving,Ligeris,Driving_Under_Influence,2way,1.0,60,5G,-70,29.0,7.0,0.009368720663193,40.30661454506928,21.807467747404115,Normal
User_19,2025-05-12 14:14:00,0.745,0.5641,Walking,Ligeris,Driving_Under_Influence,2way,5.0,70,4G,-78,96.0,0.0,0.0044429411606626,40.30604833982037,21.80887297400404,Normal
User_46,2025-05-12 22:01:58,0.519,0.6046,Running,Center,Speeding,4way,2.0,60,WiFi,Ethernet,74.0,8.0,0.0025031065897071,40.306185190740216,21.80743156547969,Intentional
User_90,2025-05-13 05:40:21,0.525,0.3248,Walking,Zep,Reckless_Driving,2way,0.0,30,WiFi,-90,17.0,7.0,0.0020525976541386,40.27998883842099,21.751944086324865,Normal
User_18,2025-05-13 15:06:43,0.251,0.6545,Driving,Koila,Reckless_Driving,2way,0.0,10,WiFi,-65,-38.0,11.0,0.0069137434172217,40.306230115631266,21.79283266128684,Normal
User_85,2025-05-14 04:30:43,0.254,0.3933,Running,Ligeris,Speeding,4way,0.0,40,3G,-87,5.0,-7.0,0.0013193178775573,40.30525448056056,21.809422291168985,Normal
User_65,2025-05-14 16:28:18,0.448,0.3431,Running,Ligeris,Driving_Under_Influence,2way,3.0,80,WiFi,-57,52.0,1.0,0.0054908895016619,40.30775018710378,21.808370696903555,Normal
User_24,2025-05-14 17:11:15,0.445,0.3496,Running,Koila,Speeding,1way,1.0,Illegal_Parking,4G,-98,90.0,-16.0,0.0017548396226571,40.3231952887519,21.792351389842384,Normal
User_99,2025-05-14 21:47:57,0.465,0.4774,Running,Zep,Driving_Under_Influence,2way,0.0,Illegal_Parking,3G,-116,88.0,9.0,0.0061487621003281,37.768458,21.753304552617692,Normal
User_49,2025-05-15 11:28:58,0.637,0.6093,Walking,Zep,Speeding,2way,0.0,50,WiFi,-86,-154.0,-14.0,0.0037282177459372,40.279277057388974,21.753071706414993,Normal
User_51,2025-05-15 11:39:08,0.613,0.649,Driving,Zep,Driving_Under_Influence,2way,2.0,40,3G,-103,39.0,23.0,0.0059428536648826,40.28054215933525,21.753375797840263,Unintentional
User_69,2025-05-15 13:10:47,0.34,0.6281,Driving,Koila,Driving_Under_Influence,1way,1.0,70,4G,-82,31.0,-3.0,0.0019224412193874,40.32206102919076,21.792759708233454,Normal
User_05,2025-05-16 01:20:08,0.743,0.5667,Driving,Koila,Driving_Under_Influence,2way,0.0,30,4G,-82,59.0,0.0,0.0071032591053977,40.32281339718693,21.792974228239576,Normal
User_47,2025-05-16 04:05:51,0.585,0.3792,Running,Zep,Reckless_Driving,4way,1.0,80,WiFi,-50,94.0,10.0,0.0079310708663253,40.27973009623795,21.754028898827745,Normal
User_20,2025-05-16 14:44:48,0.334,0.5931,Running,Ligeris,Driving_Under_Influence,1way,2.0,70,5G,-114,27.0,15.0,0.001262284214641,40.30663796574737,21.80722341732779,Normal
User_50,2025-05-16 16:04:35,0.398,0.5036,Driving,Koila,Driving_Under_Influence,2way,0.0,50,3G,-93,54.0,6.0,0.0089117941125936,40.323656118205136,21.791733803359296,Normal
User_45,2025-05-18 02:52:07,0.285,0.5473,Running,Koila,Speeding,2way,4.0,20,WiFi,-77,57.0,-8.0,0.0039045026268962,40.32094260050277,21.7915254794207,Normal
User_92,2025-05-18 17:48:45,0.694,0.4502,Walking,Koila,Driving_Under_Influence,1way,2.0,40,3G,-111,7.0,12.0,0.0022742237426929,40.32102122450351,21.79256394762944,Normal
User_46,2025-05-18 23:25:04,0.519,0.6166,Running,Zep,Driving_Under_Influence,1way,0.0,40,4G,-98,83.0,-2.0,0.0014030892109644,40.27979409974859,21.75324202918532,Normal
User_26,2025-05-19 02:06:16,0.408,0.5245,Running,Koila,Speeding,4way,0.0,50,3G,-91,17.0,13.0,0.0025539569422287,40.32170465487619,21.791111718656527,Normal
User_43,2025-05-19 06:28:02,0.46,0.4367,Running,Koila,Reckless_Driving,2way,0.0,80,4G,-119,44.0,-13.0,0.001589198152059,40.32238063479017,21.79092727772012,Normal
User_10,2025-05-19 16:08:21,0.315,0.6278,Running,Ligeris,Driving_Under_Influence,1way,3.0,90,4G,-103,49.0,-2.0,0.0097622500105252,40.30602359594459,21.807618509843316,Normal
User_39,2025-05-19 18:14:37,0.598,0.4257,Driving,Zep,Reckless_Driving,4way,140.0,40,WiFi,-83,84.0,15.0,0.0083857403774578,40.27910212075462,21.752012302372595,Normal
User_60,2025-05-20 04:35:32,0.353,0.6438,Running,Koila,Driving_Under_Influence,1way,0.0,40,WiFi,-80,57.0,9.0,0.0067269081049312,40.32259801684725,21.79095255729696,Normal
User_96,2025-05-20 07:01:57,0.261,0.5361,Running,Koila,Driving_Under_Influence,2way,0.0,80,4G,-112,43.0,14.0,0.0063747230261849,40.32220050786484,21.791907005527474,Normal
User_78,2025-05-20 11:31:05,0.347,0.5176,Driving,Center,Speeding,4way,0.0,40,5G,Ethernet,88.0,-5.0,0.0032007076530808,40.321896400525794,21.79144519094815,Intentional
User_31,2025-05-20 21:59:39,0.56,0.6324,Walking,Zep,Speeding,1way,1.0,60,5G,-74,69.0,1.0,0.0077793814239261,40.27877611282915,21.753435092971753,Normal
User_54,2025-05-21 06:50:57,0.327,0.5549,Walking,Koila,Driving_Under_Influence,6way,0.0,70,WiFi,-70,14.0,7.0,0.0066261306913678,40.32208034798076,21.79173485968356,Intentional
User_90,2025-05-22 12:58:22,0.525,0.3438,Running,Zep,Driving_Under_Influence,2way,3.0,10,4G,-115,75.0,-11.0,0.0027880935229453,40.27900305475939,21.753332023278283,Normal
User_28,2025-05-23 03:49:42,0.46,0.5943,Driving,Koila,Speeding,1way,1.0,60,WiFi,-75,38.0,-15.0,0.005653142335994,40.32290431533326,21.791043864518446,Normal
User_33,2025-05-23 14:11:26,0.634,0.4992,Driving,Zep,7,4way,0.0,50,5G,-93,49.0,-14.0,0.007119503719392,40.27914165391768,23.473298,Normal
User_78,2025-05-23 19:51:29,0.347,0.5246,Walking,Zep,Speeding,4way,1.0,10,WiFi,-54,57.0,-13.0,0.0033554972570554,40.27836906891795,21.752980245133337,Normal
User_71,2025-05-24 06:46:23,0.256,0.2893,Walking,Koila,Speeding,1way,0.0,50,5G,-103,99.0,-15.0,0.002768247514791,40.32205585256439,21.789390994519213,Normal
User_42,2025-05-25 18:03:58,0.738,0.4016,Walking,Koila,Speeding,1way,5.0,80,4G,-79,95.0,9.0,0.0082689375465336,40.32218061673984,21.791136003096987,Normal
User_04,2025-05-26 03:04:08,0.662,0.3427,Driving,Ligeris,Speeding,4way,1.0,60,5G,-116,29.0,24.0,0.0017557980541259,40.305938803726384,21.807383973400864,Unintentional
User_23,2025-05-26 04:14:06,0.458,0.439,Driving,Center,Reckless_Driving,2way,3.0,50,WiFi,-66,18.0,-8.0,0.0044697981009718,40.305381370455535,21.808725546437227,Intentional
User_87,2025-05-26 04:30:32,0.709,0.6712,Walking,Ligeris,Driving_Under_Influence,1way,1.0,Harassing_Driver,WiFi,-57,97.0,16.0,0.0069003433701071,40.30608684693915,21.808209205283188,Normal
User_42,2025-05-27 00:22:02,0.738,0.4056,Walking,Zep,Reckless_Driving,2way,1.0,40,WiFi,-62,10.0,-12.0,0.0097124859564222,40.28053738095622,21.755104273176535,Normal
User_80,2025-05-27 05:40:49,0.704,0.4527,Driving,Ligeris,Speeding,2way,1.0,50,WiFi,-50,38.0,14.0,0.003510532235559,40.30651862105616,21.807175727157468,Normal
User_11,2025-05-27 12:21:22,0.602,0.609,Walking,Koila,Speeding,1way,4.0,30,WiFi,-84,48.0,4.0,0.0044115842064392,40.3208668529816,21.790426604571895,Normal
User_76,2025-05-28 05:07:51,0.355,0.4931,Driving,Ligeris,Driving_Under_Influence,2way,0.0,90,3G,-105,49.0,0.0,0.0062451838190113,40.306211959845434,21.807484645481825,Normal
User_63,2025-05-28 05:15:08,0.543,0.4116,Walking,Ligeris,Driving_Under_Influence,2way,1.0,80,WiFi,-63,53.0,24.0,0.0035533542275873,40.305699045264234,21.809284697488575,Unintentional
User_97,2025-05-28 13:02:26,0.337,0.5753,Walking,Zep,Speeding,1way,1.0,50,5G,-103,70.0,2.0,0.0076351107395321,40.27830230398556,21.752616692852495,Normal
User_54,2025-05-29 07:57:43,0.327,0.5709,Driving,Ligeris,Speeding,4way,2.0,40,5G,-102,92.0,-6.0,0.0034046780678154,40.307146583698405,21.80627586956821,Normal
User_47,2025-05-29 11:28:23,0.585,0.4052,Walking,Koila,Speeding,2way,0.0,40,107,-108,2.0,-12.0,0.002553762529082,40.32280359354995,21.791269627859783,Normal
User_10,2025-05-29 18:55:47,0.315,0.6478,Walking,Koila,Reckless_Driving,4way,0.0,70,3G,-71,49.0,0.0,0.0099773134497609,40.32245240801536,21.79137313818619,Normal
User_43,2025-05-29 19:37:28,0.416,0.4567,Walking,Koila,Reckless_Driving,1way,4.0,40,WiFi,-69,71.0,6.0,0.0039074966899912,40.32228760535675,21.791671254327383,Normal
User_94,2025-05-30 03:31:39,0.681,0.398,Driving,Ligeris,Reckless_Driving,1way,2.0,20,4G,-103,52.0,16.0,0.0084229760122975,40.30592996665589,21.80801518362395,Normal
User_51,2025-05-30 11:43:17,0.613,0.68,Running,Koila,Reckless_Driving,2way,0.0,30,4G,-94,31.0,-16.0,0.0058511191481854,40.32269874498263,21.792350878895515,Normal
User_14,2025-05-30 17:37:32,0.393,0.5064,Driving,Koila,Reckless_Driving,2way,0.0,70,WiFi,-82,64.0,13.0,0.0086233417012128,40.32253071155266,21.789448530858973,Normal
User_76,2025-05-30 20:27:10,0.355,0.4981,Walking,Koila,Speeding,2way,1.0,80,4G,-87,64.0,-10.0,0.006348583067899,40.32134819851873,21.79185503048948,Normal
User_36,2025-05-30 23:11:35,0.563,0.6879,Driving,Koila,Driving_Under_Influence,2way,0.0,50,4G,-75,74.0,13.0,0.0065554819503537,40.32278958666914,21.79155091249103,Normal
User_34,2025-05-31 01:01:46,0.431,0.4539,Driving,Zep,Speeding,2way,0.0,20,3G,-74,80.0,9.0,0.0077607221459571,40.27951909573343,21.752645937415014,Normal
User_88,2025-05-31 09:32:49,0.471,0.4267,Running,Ligeris,Driving_Under_Influence,1way,0.0,10,5G,-88,36.0,15.0,0.0031789695231709,40.30692814422749,21.807859916604244,Normal
User_89,2025-05-31 16:57:03,0.336,0.3141,Walking,Koila,Driving_Under_Influence,1way,0.0,40,WiFi,-67,70.0,-9.0,0.0010782710516827,40.32161946128202,21.79042310774583,Normal
User_91,2025-05-31 23:21:54,0.587,0.6058,Walking,Koila,Driving_Under_Influence,2way,1.0,60,3G,-102,47.0,-16.0,0.044,40.32153619456749,21.793101085860737,Unintentional
User_25,2025-06-01 21:28:10,0.408,0.4388,Running,Ligeris,Speeding,2way,1.0,70,5G,-120,62.0,-15.0,0.0065855759877531,40.30720318513155,21.807065374440253,Normal
User_80,2025-06-01 21:39:07,0.704,0.4637,Running,Zep,Speeding,4way,0.0,70,3G,-109,5.0,0.0,0.0049758890524913,40.2804302592916,21.753476682625767,Normal
User_89,2025-06-02 09:06:02,0.336,0.3171,Driving,Koila,Speeding,4way,3.0,40,WiFi,-65,87.0,4.0,0.0084961138333182,40.32115119318827,21.79190349902653,Normal
User_84,2025-06-02 11:11:39,0.527,0.3777,Walking,Koila,Driving_Under_Influence,4way,0.0,70,5G,Satellite,1.0,-2.0,0.0090934013564393,40.32142147632736,21.79183138261888,Normal
User_87,2025-06-02 13:05:06,0.709,0.6852,Driving,Koila,Speeding,4way,0.0,70,WiFi,-87,62.0,0.0,0.0074479117175184,40.32257517469277,21.791889453495696,Normal
User_46,2025-06-02 18:02:33,0.519,0.6466,Driving,Koila,Reckless_Driving,1way,0.0,80,WiFi,-76,100.0,11.0,0.0025999126924711,40.321860245808594,21.790863882317325,Normal
User_38,2025-06-02 23:07:12,0.306,0.6111,Running,Koila,Reckless_Driving,2way,0.0,10,3G,-83,16.0,9.0,0.0042299792966556,40.32238454253673,21.789809191612814,Normal
User_37,2025-06-03 03:32:43,0.46,0.5824,Driving,Ligeris,Reckless_Driving,4way,1.0,50,3G,-88,9.0,-10.0,0.0076044031272168,40.306226116335985,21.80640971033748,Normal
User_42,2025-06-03 07:55:29,0.738,0.4206,Running,Center,Driving_Under_Influence,4way,0.0,80,3G,-77,74.0,18.0,0.0070269944687802,40.27964453237835,21.75557380185472,Intentional
User_58,2025-06-03 08:40:58,0.465,0.341,Walking,Koila,Reckless_Driving,2way,1.0,90,107,-83,72.0,6.0,0.009239232144067,40.32158060635063,21.79137213284847,Normal
User_46,2025-06-03 09:23:40,0.519,0.6476,Driving,Ligeris,Driving_Under_Influence,4way,0.0,20,WiFi,-69,3.0,11.0,0.0088710362002918,40.30652412544892,21.80756972782881,Normal
User_53,2025-06-03 13:06:54,0.313,0.4056,Driving,Zep,Driving_Under_Influence,2way,1.0,80,3G,-107,85.0,3.0,0.0099266824858511,40.27986736264309,21.754709569894533,Normal
User_57,2025-06-03 14:15:52,0.372,0.5641,Walking,Zep,Driving_Under_Influence,4way,0.0,40,3G,-116,41.0,-22.0,0.0033826349331287,40.280239650245015,21.751281970655988,Unintentional
User_44,2025-06-03 15:07:32,0.332,0.3906,Running,Ligeris,Speeding,2way,0.0,80,WiFi,-79,97.0,8.0,0.0073205051537362,40.30531757971843,21.808285985966165,Normal
User_55,2025-06-03 19:44:34,0.447,0.6424,Running,Zep,Speeding,2way,1.0,70,115,-85,68.0,-9.0,0.008900223502771,40.27953811645971,21.75326270856614,Normal
User_88,2025-06-04 00:46:49,0.471,0.4347,Driving,Ligeris,Driving_Under_Influence,4way,1.0,30,4G,-90,83.0,-8.0,0.004448402680307,40.306185777474845,21.807789529604054,Normal
User_54,2025-06-04 17:28:03,0.327,0.5839,Walking,Koila,Speeding,1way,0.0,40,3G,-95,32.0,-10.0,0.046,40.32297645570791,21.791317699829236,Unintentional
User_30,2025-06-05 08:54:11,0.413,0.4004,Driving,Koila,Reckless_Driving,1way,1.0,70,5G,-96,46.0,-11.0,0.0081093942451041,40.323574151971584,21.79107960144022,Normal
User_71,2025-06-05 16:38:37,0.256,0.3133,Driving,Koila,Reckless_Driving,1way,0.0,30,4G,-105,64.0,-6.0,0.0010042000493483,40.32266337627475,21.79132328973147,Normal
User_22,2025-06-06 12:42:27,0.413,0.3589,Running,Koila,Reckless_Driving,2way,0.0,40,WiFi,-85,10.0,12.0,0.0051026505397749,40.322097994031175,21.791122989257545,Normal
User_38,2025-06-07 00:53:41,0.306,0.6201,Running,Koila,Driving_Under_Influence,2way,1.0,30,WiFi,-87,84.0,1.0,0.0083317538244859,40.321525071951,21.791448513051776,Normal
User_58,2025-06-07 05:48:24,0.465,0.348,Running,Koila,Driving_Under_Influence,4way,0.0,70,3G,-89,3.0,19.0,0.0050025369847521,40.321845414465585,21.792609902046728,Unintentional
User_49,2025-06-07 16:41:53,0.637,0.6563,Running,Koila,Driving_Under_Influence,2way,1.0,20,WiFi,-67,62.0,13.0,0.0069781560150465,40.32192763254205,21.789039099110667,Normal
User_56,2025-06-08 09:33:24,0.374,0.3287,Walking,Koila,Driving_Under_Influence,2way,0.0,40,5G,-71,100.0,-14.0,0.0055804145441626,40.3221696432044,21.791163061575915,Normal
User_35,2025-06-08 21:25:48,0.274,0.3972,Walking,Zep,Driving_Under_Influence,2way,0.0,70,5G,-111,25.0,4.0,0.0061400587844901,40.28062781335766,21.752523166214058,Normal
User_14,2025-06-08 21:46:38,0.393,0.5244,Walking,Ligeris,Reckless_Driving,2way,2.0,10,4G,-91,28.0,13.0,0.0089618940164413,40.306417069813314,21.807138711098425,Normal
User_92,2025-06-08 22:29:49,0.694,0.4932,Driving,Zep,Reckless_Driving,2way,1.0,40,4G,-75,51.0,-16.0,0.001181755194143,40.28081184563466,21.75445063908386,Normal
User_37,2025-06-09 12:38:44,0.306,0.5954,Running,Koila,7,2way,3.0,60,5G,-81,89.0,-10.0,0.0052376078575703,40.32349597763243,21.79052057306104,Normal
User_70,2025-06-09 13:00:21,0.601,0.4129,Running,Ligeris,Driving_Under_Influence,2way,5.0,70,5G,-88,37.0,8.0,0.0054505670674579,40.30497867445653,22.205549,Normal
User_96,2025-06-10 02:52:16,0.261,0.5781,Running,Koila,Speeding,1way,0.0,30,3G,-88,39.0,13.0,0.0068426665640699,40.320782817803845,21.790003209221336,Normal
User_16,2025-06-10 13:57:02,0.513,0.5277,Walking,Zep,Speeding,1way,0.0,40,5G,-82,78.0,-2.0,0.0055161068841149,40.27949093024297,21.75409583744698,Normal
User_94,2025-06-10 15:19:03,0.681,0.421,Driving,Ligeris,Reckless_Driving,2way,0.0,30,WiFi,-76,14.0,11.0,0.008708171975774,40.30492190627216,21.80891021730213,Normal
User_24,2025-06-11 03:26:18,0.445,0.4046,Driving,Zep,Speeding,4way,2.0,20,4G,-98,40.0,-15.0,0.0060906183364334,40.27884450404381,21.75314327390465,Normal
User_36,2025-06-11 14:04:53,0.563,0.7109,Running,Koila,Driving_Under_Influence,4way,0.0,40,WiFi,-90,89.0,-4.0,0.0010793247240945,40.30571028557836,21.807185365289868,Normal
User_80,2025-06-11 17:46:46,0.704,0.4837,Running,Koila,Reckless_Driving,2way,0.0,80,WiFi,-88,13.0,6.0,0.005653142335994,40.32105485234701,21.79109641736926,Normal
User_80,2025-06-12 03:39:14,0.704,0.4847,Driving,Ligeris,Driving_Under_Influence,1way,0.0,20,3G,-110,3.0,-2.0,0.0088836742412679,40.30751149365222,21.808088342478793,Normal
User_61,2025-06-12 16:23:07,0.546,0.4047,Driving,Koila,Speeding,2way,1.0,70,3G,-81,14.0,22.0,0.005653142335994,40.322125714534465,21.791227692383405,Unintentional
User_13,2025-06-12 17:09:47,0.75,0.5694,Walking,Koila,Driving_Under_Influence,2way,2.0,60,WiFi,-54,75.0,13.0,0.0046218564426283,40.32208121167208,21.791249962062537,Normal
User_99,2025-06-13 00:37:36,0.465,0.5364,Walking,Ligeris,Driving_Under_Influence,2way,1.0,50,5G,-88,17.0,-13.0,0.0082210359242831,40.306375833817576,21.806996365825697,Normal
User_51,2025-06-13 00:59:29,0.613,0.707,Running,Ligeris,Speeding,1way,1.0,30,5G,-97,100.0,7.0,0.0075926739570404,40.3073238531265,21.80899000521995,Normal
User_97,2025-06-13 02:27:39,0.337,0.6063,Driving,Koila,Reckless_Driving,2way,0.0,60,3G,-105,30.0,5.0,0.0011076348438992,40.32158221058846,18.854322,Normal
User_84,2025-06-13 07:23:49,0.527,0.4007,Driving,Zep,Speeding,2way,0.0,80,5G,-89,92.0,-13.0,0.0061847278678764,40.279539506977926,21.75330084249344,Normal
User_54,2025-06-13 21:42:47,0.327,0.5641,Driving,Zep,Speeding,1way,0.0,40,WiFi,-63,34.0,-3.0,0.0099220428091531,40.280983825210875,21.752658942988297,Normal
User_42,2025-06-13 21:45:15,0.738,0.4406,Walking,Ligeris,Driving_Under_Influence,1way,0.0,90,4G,-95,47.0,5.0,0.0051141830828053,40.30659982499384,19.618356,Normal
User_16,2025-06-14 10:52:27,0.513,0.5357,Running,Zep,Reckless_Driving,1way,0.0,130,4G,-83,42.0,-8.0,0.0027157397543656,40.28032579804229,21.752182679847532,Normal
User_02,2025-06-14 12:00:26,0.529,0.6286,Running,Koila,Reckless_Driving,2way,1.0,20,5G,-70,96.0,-8.0,0.002911002094271,40.32209075533901,21.791392113143296,Normal
User_95,2025-06-14 14:07:41,0.545,0.6029,Walking,Zep,Reckless_Driving,2way,0.0,60,WiFi,-68,65.0,-14.0,0.00991408640701,40.27947096635449,21.75183135110701,Normal
User_26,2025-06-14 20:28:12,0.408,0.5775,Walking,Zep,Speeding,4way,0.0,70,4G,-108,99.0,12.0,0.009195443724677,40.27925253440196,21.75550256595522,Normal
User_13,2025-06-14 21:09:51,0.75,0.5734,Walking,Koila,Driving_Under_Influence,1way,0.0,30,4G,Satellite,53.0,3.0,0.0024799950111462,40.32205426316163,21.79130426385657,Normal
User_18,2025-06-15 07:34:12,0.251,0.7205,Running,Koila,Speeding,1way,1.0,50,3G,-112,20.0,12.0,0.0046537790522078,40.32156978156947,21.79232094142959,Normal
User_02,2025-06-15 19:43:11,0.529,0.6306,Walking,Ligeris,Driving_Under_Influence,2way,0.0,20,4G,-95,91.0,9.0,0.0041063902332899,40.30596748058622,21.80821413380068,Normal
User_30,2025-06-15 23:44:51,0.413,0.4214,Running,Ligeris,Driving_Under_Influence,4way,1.0,40,3G,-79,35.0,4.0,0.0089723171330143,40.30596351712443,21.80665834886299,Normal
User_59,2025-06-16 03:57:23,0.265,0.5102,Running,Ligeris,Reckless_Driving,2way,1.0,40,WiFi,-59,60.0,2.0,0.0024990970294701,40.3046142162598,21.80839792994809,Normal
User_38,2025-06-16 05:42:47,0.306,0.6381,Driving,Koila,Driving_Under_Influence,4way,0.0,30,4G,-115,57.0,0.0,0.0082160201775589,40.32136242411981,21.790971279570112,Normal
User_72,2025-06-16 07:04:37,0.567,0.3735,Driving,Zep,Driving_Under_Influence,1way,0.0,20,WiFi,-84,56.0,-11.0,0.0053533437528727,40.27992437403288,21.7539390610983,Normal
User_03,2025-06-17 11:23:33,0.568,0.3644,Running,Koila,Reckless_Driving,2way,0.0,30,WiFi,-65,6.0,11.0,0.0042809856142627,40.32297362676314,21.789993338888795,Normal
User_06,2025-06-18 02:55:46,0.584,0.7045,Driving,Zep,Reckless_Driving,2way,0.0,30,3G,-114,23.0,14.0,0.0042341059554863,40.279300065281944,21.75339700044229,Normal
User_32,2025-06-18 06:31:15,0.464,0.357,Walking,Koila,Driving_Under_Influence,4way,0.0,20,WiFi,-85,-125.0,12.0,0.0023164286411684,40.32158824447288,21.789786765686856,Normal
User_13,2025-06-18 12:46:32,0.75,0.5814,Driving,Ligeris,Speeding,2way,1.0,130,3G,-99,32.0,-8.0,0.0013805008696799,40.306481503427015,21.809275175979145,Normal
User_61,2025-06-18 16:38:16,0.546,0.4177,Walking,Ligeris,Speeding,2way,0.0,50,WiFi,-74,49.0,-12.0,0.0055178334743662,40.306230115631266,21.808730615226175,Normal
User_37,2025-06-18 18:55:36,0.306,0.6134,Walking,Ligeris,Driving_Under_Influence,4way,0.0,80,WiFi,-57,26.0,-9.0,0.0078306506590123,40.306944893326225,21.80787671818407,Normal
User_92,2025-06-19 00:24:50,0.694,0.5142,Running,Zep,Driving_Under_Influence,2way,0.0,10,5G,Ethernet,49.0,14.0,0.005653142335994,40.27934631387484,21.75325935508199,Normal
User_15,2025-06-19 09:05:14,0.627,0.6451,Driving,Ligeris,Reckless_Driving,2way,0.0,50,5G,-111,29.0,16.0,0.0048800206803255,40.30633776378619,21.80942082522825,Normal
User_81,2025-06-19 09:21:47,0.376,0.6225,Walking,Zep,Driving_Under_Influence,1way,0.0,30,3G,-103,7.0,9.0,0.0082985081626128,40.28080679383429,21.7522741555052,Normal
User_86,2025-06-19 14:42:23,0.469,0.3411,Driving,Koila,Driving_Under_Influence,4way,1.0,80,3G,-90,28.0,-10.0,0.0058291047439683,40.321071533663314,21.793195697569455,Normal
User_52,2025-06-19 22:59:25,0.544,0.4162,Driving,Koila,Speeding,1way,1.0,100,5G,-97,96.0,16.0,0.0093020724171291,40.322365998921605,21.791325549817092,Normal
User_20,2025-06-20 05:39:23,0.334,0.6621,Walking,Zep,Speeding,1way,2.0,30,3G,-99,80.0,-9.0,0.0081430108234647,40.27986317437587,21.753958371069807,Normal
User_62,2025-06-20 08:49:02,0.366,0.4492,Running,Ligeris,Driving_Under_Influence,2way,1.0,40,5G,-115,35.0,-10.0,0.0010049784561577,40.306176960914435,17.62832,Normal
User_86,2025-06-20 15:44:32,0.469,0.3431,Walking,Ligeris,Driving_Under_Influence,2way,0.0,90,WiFi,-61,84.0,16.0,0.0020896300058165,40.307182417957435,21.80876321808615,Normal
User_52,2025-06-20 20:27:52,0.544,0.5641,Running,Ligeris,Reckless_Driving,2way,1.0,50,3G,-96,98.0,-15.0,0.0064801860041025,40.30601945738025,21.807363527880657,Normal
User_95,2025-06-21 02:06:30,0.545,0.6159,Walking,Koila,Reckless_Driving,2way,0.0,90,4G,-107,43.0,-5.0,0.0072098734339166,40.32288916069065,21.792745770571365,Normal
User_20,2025-06-21 10:16:10,0.334,0.6641,Running,Zep,Driving_Under_Influence,4way,1.0,70,4G,-114,76.0,-14.0,0.0046473585385623,40.306230115631266,21.75259150445027,Normal
User_68,2025-06-21 10:29:01,0.472,0.3749,Driving,Zep,Reckless_Driving,4way,0.0,30,5G,-107,18.0,-16.0,0.005653142335994,40.27860440692186,21.75129924620676,Normal
User_92,2025-06-21 17:02:19,0.694,0.5192,Running,Ligeris,Driving_Under_Influence,4way,0.0,10,4G,-106,19.0,-6.0,0.0055681012154564,40.30543088534769,21.806752327843213,Normal
User_31,2025-06-22 18:02:06,0.56,0.6984,Running,Koila,Speeding,2way,1.0,40,3G,-120,74.0,-8.0,0.0069714924959233,40.32198406035173,21.791513455265033,Normal
User_67,2025-06-23 00:18:12,0.529,0.5576,Walking,Ligeris,Driving_Under_Influence,1way,1.0,10,5G,-71,1.0,4.0,0.0014699575996799,40.307261016958016,21.807651697673883,Normal
User_30,2025-06-23 04:46:22,0.413,0.4364,Driving,Zep,Speeding,2way,0.0,30,WiFi,-79,83.0,-1.0,0.0017096497892645,40.280028540813866,21.753070644363724,Normal
User_12,2025-06-23 06:32:23,0.67,0.5641,Running,Koila,Speeding,2way,0.0,60,4G,-105,29.0,5.0,0.005653142335994,40.323046670366764,21.792241356906736,Normal
User_12,2025-06-23 06:38:53,0.67,0.6992,Running,Ligeris,Reckless_Driving,4way,0.0,10,5G,-84,22.0,-2.0,0.005653142335994,40.306215374662536,21.80681723491024,Normal
User_78,2025-06-23 21:13:23,0.347,0.5866,Walking,Ligeris,Reckless_Driving,1way,0.0,60,WiFi,-70,71.0,7.0,0.0061610993762912,40.30630212543941,21.80749396257525,Normal
User_15,2025-06-24 09:41:38,0.627,0.6551,Walking,Ligeris,Driving_Under_Influence,2way,1.0,60,3G,-110,93.0,-11.0,0.0020878551844423,40.305776677908106,21.806405598376656,Normal
User_76,2025-06-24 13:55:29,0.355,0.5481,Driving,Koila,Driving_Under_Influence,1way,0.0,90,3G,-84,40.0,-13.0,0.0057619441966353,40.32351098680703,21.79062652185409,Normal
User_34,2025-06-24 14:42:34,0.431,0.5029,Running,Koila,Speeding,1way,0.0,80,5G,-108,86.0,-15.0,0.0060093922019527,40.32093322323725,21.790222659018553,Normal
User_03,2025-06-24 18:49:07,0.568,0.3774,Driving,Koila,Speeding,2way,0.0,Harassing_Driver,WiFi,-66,11.0,-2.0,0.0068738371786682,40.321540918237,21.79146016489581,Normal
User_54,2025-06-25 06:00:40,0.327,0.6249,Driving,Spinari,Driving_Under_Influence,2way,0.0,20,WiFi,-88,0.0,22.0,0.0025583702826305,40.32184965521789,21.790430434468608,Intentional
User_02,2025-06-25 10:44:31,0.529,0.5641,Walking,Koila,Reckless_Driving,2way,1.0,40,WiFi,-115,43.0,1.0,0.0094431790546311,40.32087836263802,21.789864355026403,Normal
User_41,2025-06-25 18:39:40,0.628,0.5121,Running,Koila,Speeding,1way,0.0,10,WiFi,-73,87.0,-10.0,0.0087716966111616,40.321535654918776,21.7917060840326,Normal
User_22,2025-06-26 03:12:45,0.413,0.3989,Walking,Ligeris,Driving_Under_Influence,1way,1.0,20,5G,-90,9.0,0.0,0.0046305673307717,40.30678106233463,21.805362865579013,Normal
User_46,2025-06-26 03:32:45,0.519,0.6936,Walking,Ligeris,Reckless_Driving,4way,1.0,20,4G,-91,39.0,5.0,0.005653142335994,40.306457150127144,21.808184023798805,Normal
User_19,2025-06-26 13:20:27,0.745,0.7335,Running,Koila,Reckless_Driving,2way,1.0,10,WiFi,-118,73.0,-16.0,0.0026193168770098,40.32182694671439,21.791874407356783,Normal
User_88,2025-06-26 14:49:12,0.471,0.4797,Driving,Ligeris,Speeding,4way,0.0,70,5G,-93,18.0,16.0,0.0043988997340527,40.30678550756167,21.80770079110334,Normal
User_91,2025-06-26 18:26:14,0.587,0.6578,Walking,Ligeris,Driving_Under_Influence,1way,140.0,80,WiFi,-53,13.0,-3.0,0.0021593143051589,40.30523826857977,21.80830785485548,Normal
User_69,2025-06-26 19:42:45,0.34,0.7131,Driving,Ligeris,Reckless_Driving,2way,0.0,20,WiFi,-51,14.0,-15.0,0.0063719884787148,40.30620486391343,21.80696982933298,Normal
User_40,2025-06-26 20:08:09,0.482,0.7207,Walking,Center,Driving_Under_Influence,1way,0.0,80,116,-78,89.0,0.0,0.0037699282071182,40.32198549467468,21.78917794423459,Intentional
User_54,2025-06-27 01:27:53,0.327,0.6289,Driving,Ligeris,Speeding,1way,0.0,80,4G,-111,82.0,-16.0,0.0081783375841246,40.30728263154363,21.807220657904672,Normal
User_05,2025-06-27 04:37:46,0.743,0.5641,Swimming,Zep,Driving_Under_Influence,2way,0.0,50,5G,-90,25.0,-14.0,0.048,40.27962714946612,21.75325047623867,Intentional
User_13,2025-06-27 09:23:22,0.75,0.5984,Driving,Koila,Speeding,4way,2.0,80,3G,-107,26.0,-9.0,0.0078293675482508,40.320903111149214,21.790686195610515,Normal
User_37,2025-06-27 12:17:40,0.306,0.6314,Walking,Zep,Speeding,2way,0.0,30,5G,-81,25.0,6.0,0.0044615995334635,40.27935785428419,21.75493507715351,Normal
User_60,2025-06-27 12:20:52,0.353,0.7208,Walking,Koila,Speeding,2way,1.0,60,WiFi,-87,51.0,11.0,0.0070520122689948,40.32228289818451,21.791329701460477,Normal
User_98,2025-06-28 04:17:08,0.46,0.5088,Driving,Zep,Reckless_Driving,2way,0.0,50,3G,-77,34.0,7.0,0.0067483595459384,40.27814911261104,21.752323363746537,Normal
User_09,2025-06-29 02:39:36,0.307,0.7448,Running,Zep,Speeding,2way,1.0,110,WiFi,-88,87.0,13.0,0.0062086204524644,40.27949106694431,21.75320699641027,Normal
User_99,2025-06-29 11:48:23,0.465,0.5684,Running,Ligeris,Speeding,2way,2.0,10,3G,-89,62.0,4.0,0.0077207386293824,40.30618310141756,21.808123394207943,Normal
User_36,2025-06-29 13:33:48,0.563,0.7479,Running,Koila,Speeding,1way,0.0,60,WiFi,-83,60.0,-14.0,0.0031648499799362,40.321372885288994,21.791738727390506,Normal
User_26,2025-06-29 20:32:06,0.408,0.5641,Running,Zep,Speeding,4way,0.0,60,4G,-73,68.0,-3.0,0.0057859338284255,40.278418377619786,21.752547539581357,Normal
User_65,2025-06-30 08:32:18,0.448,0.4361,Driving,Koila,Speeding,2way,0.0,70,3G,-80,50.0,7.0,0.0076096010796826,40.322065657851056,21.791136930234497,Normal
User_29,2025-07-01 14:06:54,0.415,0.5264,Running,Zep,Reckless_Driving,2way,0.0,30,5G,-78,43.0,16.0,0.0096999723708307,40.28077687105337,21.754188835021186,Normal
User_61,2025-07-01 20:35:30,0.546,0.4437,Running,Ligeris,Driving_Under_Influence,1way,1.0,90,3G,-93,52.0,15.0,0.0083864027687929,40.30657514310376,21.807636967131195,Normal
User_42,2025-07-01 21:07:13,0.738,0.4756,Running,Koila,Speeding,2way,0.0,60,WiFi,-50,76.0,-5.0,0.0022699449155357,40.320779339678026,21.790367650702507,Normal
User_82,2025-07-02 04:29:02,0.324,0.5779,Driving,Koila,Reckless_Driving,1way,0.0,120,3G,-85,60.0,8.0,0.0034565964151312,40.306230115631266,21.789891673734495,Normal
User_18,2025-07-02 14:32:16,0.251,0.7555,Walking,Koila,Reckless_Driving,1way,0.0,20,WiFi,-89,21.0,-2.0,0.0041926903335831,40.32208962481911,21.791775450560667,Normal
User_53,2025-07-02 18:15:16,0.313,0.4646,Running,Ligeris,Driving_Under_Influence,1way,0.0,80,3G,-120,50.0,-11.0,0.0077705828235902,42.092346,21.808446219781644,Normal
User_11,2025-07-03 07:39:46,0.602,0.684,Running,Ligeris,Driving_Under_Influence,1way,0.0,20,5G,-93,40.0,14.0,0.0026150558561193,40.30505555421763,21.806056279888377,Normal
User_100,2025-07-03 09:31:14,0.37,0.62,Driving,Ligeris,Speeding,1way,1.0,60,113,-74,41.0,2.0,0.0032208007243652,40.305946073803774,21.805815787036533,Normal
User_95,2025-07-03 20:14:26,0.545,0.6399,Running,Koila,Driving_Under_Influence,4way,2.0,40,3G,-109,65.0,-16.0,0.0056221889170424,40.32198928539616,21.791621562015298,Normal
User_88,2025-07-04 08:55:50,0.471,0.4947,Driving,Koila,Speeding,4way,0.0,80,3G,-111,85.0,13.0,0.0026949340151089,40.322121966576475,21.79130084479203,Normal
User_82,2025-07-04 18:09:46,0.324,0.5819,Running,Ligeris,Reckless_Driving,2way,0.0,60,5G,-119,31.0,-3.0,0.0089025165277347,40.30590065531515,21.80754576435884,Normal
User_24,2025-07-04 21:12:36,0.445,0.4516,Running,Koila,Speeding,4way,0.0,20,WiFi,-88,17.0,2.0,0.0025759038528021,40.322028520331045,21.79119995764212,Normal
User_38,2025-07-05 08:36:43,0.306,0.6771,Walking,Zep,Driving_Under_Influence,1way,1.0,40,3G,-101,61.0,4.0,0.0089807187361168,40.27936195470395,21.754086495713487,Normal
User_10,2025-07-05 11:13:57,0.315,0.7208,Walking,Koila,Speeding,2way,0.0,60,3G,-104,31.0,-12.0,0.0069239222178878,40.32072638041261,21.79185594856018,Normal
User_58,2025-07-05 14:04:09,0.465,0.404,Running,Ligeris,Reckless_Driving,2way,0.0,50,3G,-83,9.0,6.0,0.001685048849644,40.30675248845541,21.805367544100044,Normal
User_54,2025-07-06 05:38:56,0.327,0.6469,Driving,Koila,Driving_Under_Influence,4way,1.0,40,4G,-118,43.0,-14.0,0.0097306261927899,41.869554,21.79165288510388,Normal
User_31,2025-07-06 09:42:03,0.56,0.7264,Driving,Ligeris,Reckless_Driving,2way,0.0,60,WiFi,-88,13.0,8.0,0.0085920253729496,40.30712430708565,21.807794008674296,Normal
User_77,2025-07-06 16:01:32,0.428,0.3905,Driving,Zep,Reckless_Driving,4way,0.0,20,5G,-106,97.0,1.0,0.007718239056956,40.28079765565758,21.754369437435024,Normal
User_40,2025-07-07 07:01:39,0.482,0.5641,Running,Koila,Driving_Under_Influence,1way,0.0,80,4G,-70,2.0,-3.0,0.0092685471871138,40.32226197883893,19.463957,Normal
User_64,2025-07-07 14:32:14,0.511,0.7258,Driving,Ligeris,Reckless_Driving,2way,5.0,40,4G,-103,20.0,1.0,0.0018270068967283,40.30648961947062,21.807767780867895,Normal
User_87,2025-07-07 14:51:18,0.709,0.7562,Walking,Ligeris,Speeding,1way,1.0,80,5G,-106,45.0,12.0,0.009630524786373,40.305251164763746,21.80738104701908,Normal
User_98,2025-07-07 21:16:04,0.46,0.5278,Running,Zep,Driving_Under_Influence,1way,0.0,40,4G,-76,27.0,16.0,0.0082571051654638,40.27988253330607,21.75413858264972,Normal
User_89,2025-07-08 02:11:14,0.336,0.3891,Driving,Zep,Speeding,1way,2.0,30,4G,-80,59.0,-22.0,0.0089958145508751,40.27956899059125,21.753215382028355,Unintentional
User_01,2025-07-08 16:11:20,0.619,0.6488,Running,Ligeris,Speeding,2way,0.0,20,WiFi,-87,12.0,-15.0,0.0017467827335078,40.30518651177168,21.808426187950086,Normal
User_69,2025-07-08 16:58:48,0.34,0.7361,Running,Zep,Driving_Under_Influence,4way,0.0,90,4G,-95,5.0,-8.0,0.0014853043067151,40.2798814270119,21.75401430413577,Normal
User_73,2025-07-08 18:45:40,0.325,0.5677,Walking,Zep,Reckless_Driving,2way,0.0,80,3G,-85,25.0,-9.0,0.0059622042249205,40.279267703772334,21.791256784153244,Normal
User_52,2025-07-08 19:10:37,0.544,0.4542,Walking,Zep,Speeding,4way,1.0,10,4G,-91,41.0,-13.0,0.00348194978617,40.27964085450776,21.753007657818262,Normal
User_12,2025-07-08 22:47:18,0.67,0.7282,Running,Ligeris,Driving_Under_Influence,4way,0.0,30,4G,-81,98.0,0.0,0.0099886103677722,40.306637509440215,21.809083383018685,Normal
User_27,2025-07-09 07:54:49,0.535,0.6301,Driving,Ligeris,Reckless_Driving,4way,0.0,30,5G,-100,81.0,13.0,0.0025760587175006,40.30610296574071,21.807471965709464,Normal
User_46,2025-07-09 17:46:02,0.519,0.7206,Driving,Ligeris,Speeding,4way,3.0,30,4G,-102,67.0,14.0,0.0076689219191693,40.30621523438098,21.807627543345586,Normal
User_31,2025-07-09 23:13:39,0.56,0.7324,Walking,Zep,Reckless_Driving,2way,0.0,30,3G,-101,81.0,14.0,0.0023165387716777,40.27823263641298,21.753137578178848,Normal
User_14,2025-07-10 05:52:12,0.393,0.5874,Running,Ligeris,Driving_Under_Influence,4way,4.0,80,WiFi,-90,75.0,-14.0,0.0061921825370012,40.306230115631266,21.80813035506199,Normal
User_17,2025-07-10 17:02:14,0.631,0.5218,Driving,Spinari,Reckless_Driving,2way,0.0,60,5G,-80,-142.0,4.0,0.0063697519802414,40.279720545385366,21.75165735556994,Intentional
User_30,2025-07-10 18:50:55,0.413,0.4714,Running,Zep,Speeding,5way,2.0,60,3G,-111,-46.0,-4.0,0.0091307212042056,40.2804106122023,21.752080822403244,Intentional
User_47,2025-07-11 10:19:08,0.585,0.4912,Walking,Zep,Speeding,1way,1.0,60,3G,-71,28.0,-12.0,0.0052013798987757,40.279737953432615,21.75308958056752,Normal
User_92,2025-07-11 14:54:40,0.694,0.5582,Running,Zep,Reckless_Driving,2way,0.0,70,5G,-89,-127.0,8.0,0.0040549309891965,40.27997989701025,21.75518830109324,Normal
User_52,2025-07-12 21:36:26,0.544,0.4622,Running,Ligeris,6,1way,0.0,10,WiFi,-66,-129.0,16.0,0.0072743875829889,40.30664820910838,21.807115483965617,Normal
User_74,2025-07-12 23:42:28,0.497,0.7424,Walking,Ligeris,Driving_Under_Influence,2way,2.0,10,3G,-104,13.0,-8.0,0.009642385451084,40.30567792663464,21.80714938752082,Normal
User_65,2025-07-13 02:02:40,0.448,0.4631,Walking,Koila,Reckless_Driving,4way,0.0,70,5G,-73,61.0,-1.0,0.0079468723539364,40.32190363528479,21.79058150670081,Normal
User_83,2025-07-13 06:58:25,0.309,0.7455,Running,Koila,Reckless_Driving,2way,0.0,50,WiFi,-52,48.0,13.0,0.0032684132930815,40.32031575759424,21.79164706905934,Normal
User_88,2025-07-13 11:20:50,0.471,0.5127,Running,Koila,Reckless_Driving,2way,0.0,50,3G,-91,48.0,13.0,0.0094634430186146,40.32201108266069,21.791376320117088,Normal
User_82,2025-07-13 14:58:53,0.324,0.5999,Running,Koila,Reckless_Driving,1way,3.0,30,3G,-88,8.0,5.0,0.0077370115460469,40.28057264537683,21.753270232656053,Normal
User_87,2025-07-14 04:04:40,0.709,0.7692,Running,Ligeris,Reckless_Driving,2way,3.0,40,5G,-75,66.0,6.0,0.0071544750219805,40.30720105315005,21.80774664976322,Normal
User_86,2025-07-14 04:39:18,0.469,0.3901,Walking,Ligeris,Driving_Under_Influence,2way,1.0,60,4G,-105,63.0,-5.0,0.0075088186764728,40.30640708724447,21.808667091919084,Normal
User_83,2025-07-14 07:05:32,0.309,0.7475,Driving,Zep,Speeding,1way,0.0,70,5G,-100,85.0,7.0,0.0091447697972757,40.279548978120694,21.752713934770895,Normal
User_18,2025-07-14 07:27:16,0.251,0.7785,Running,Koila,Speeding,1way,0.0,40,WiFi,-67,60.0,7.0,0.0067587748633002,40.323410730587966,21.78995784082966,Normal
User_88,2025-07-14 16:53:39,0.471,0.5147,Driving,Zep,Driving_Under_Influence,2way,0.0,30,WiFi,-85,24.0,7.0,0.0096194906195684,40.280327669360894,21.751943309055378,Normal
User_58,2025-07-14 19:32:43,0.465,0.423,Walking,Zep,Driving_Under_Influence,2way,0.0,20,WiFi,-63,45.0,-16.0,0.0056554230300404,40.27940321996221,21.75261831393712,Normal
User_92,2025-07-15 02:50:24,0.694,0.5662,Running,Koila,Driving_Under_Influence,1way,0.0,50,WiFi,-73,5.0,-5.0,0.0094784778203985,40.32267378481079,21.791805776617267,Normal
User_41,2025-07-15 18:01:48,0.628,0.5531,Running,Zep,Reckless_Driving,1way,2.0,40,5G,-92,77.0,-11.0,0.0027067533717002,40.28013259923773,21.7537878614577,Normal
User_98,2025-07-15 18:47:28,0.46,0.5428,Driving,Ligeris,Speeding,1way,1.0,30,WiFi,-70,92.0,-13.0,0.0043065605104404,40.30665528210061,21.80772063451418,Normal
User_91,2025-07-16 03:25:08,0.587,0.6968,Walking,Zep,8,4way,0.0,60,3G,-116,17.0,-6.0,0.0011805578462084,41.928448,21.752212055589272,Normal
User_71,2025-07-16 14:04:12,0.256,0.3963,Driving,Koila,Driving_Under_Influence,2way,1.0,30,WiFi,-56,68.0,-5.0,0.0024016186972517,40.322896811489464,21.793337654912417,Normal
User_63,2025-07-17 01:34:46,0.543,0.5106,Walking,Koila,Speeding,1way,0.0,10,5G,-113,79.0,-11.0,0.0020818457814932,40.32364231153622,21.790467094954597,Normal
User_25,2025-07-17 11:18:53,0.408,0.5318,Running,Spinari,Speeding,1way,1.0,40,5G,-112,52.0,4.0,0.0099426406137066,37.870528,21.79126388864722,Intentional
User_33,2025-07-17 16:45:12,0.634,0.6092,Running,Koila,Speeding,2way,1.0,40,WiFi,-80,67.0,-6.0,0.002693260040967,40.32330161981603,21.78991707150779,Normal
User_59,2025-07-18 04:40:54,0.265,0.5742,Walking,Koila,Driving_Under_Influence,2way,1.0,80,5G,-87,56.0,13.0,0.0081011138050033,40.32095505078942,21.78973859005063,Normal
User_08,2025-07-18 23:46:38,0.347,0.7558,Walking,Koila,Driving_Under_Influence,2way,0.0,30,5G,-90,5.0,-13.0,0.0064890456213147,40.322068322006885,21.792133734189733,Normal
User_88,2025-07-19 00:26:50,0.471,0.5247,Walking,Koila,Speeding,1way,0.0,70,WiFi,-64,2.0,1.0,0.0027595991578197,40.322925479426814,21.790091243644408,Normal
User_84,2025-07-19 06:34:40,0.527,0.4717,Running,Zep,Speeding,2way,3.0,50,4G,-79,17.0,5.0,0.0088742643463093,40.278684309138185,21.75164686381572,Normal
User_87,2025-07-19 11:59:00,0.709,0.7792,Running,Ligeris,Driving_Under_Influence,2way,2.0,10,109,-76,94.0,0.0,0.0040363906189908,40.30782401496306,21.80773146494269,Normal
User_83,2025-07-19 22:14:14,0.309,0.7585,Running,Zep,Reckless_Driving,2way,3.0,10,3G,-88,23.0,-15.0,0.0081028526785105,40.27955985822068,21.753484079025725,Normal
User_44,2025-07-20 04:56:49,0.332,0.4836,Driving,Ligeris,Speeding,4way,0.0,70,3G,-107,77.0,-4.0,0.0087033914037467,40.30565093173318,21.807663319687848,Normal
User_100,2025-07-20 07:44:14,0.37,0.654,Running,Koila,Reckless_Driving,1way,0.0,30,5G,-90,42.0,5.0,0.0083710136027099,40.320951225479966,21.789489082281527,Normal
User_56,2025-07-20 09:25:35,0.374,0.4127,Running,Ligeris,Driving_Under_Influence,4way,1.0,50,4G,-101,76.0,-7.0,0.0077479161116764,40.306284577592834,21.808089045366938,Normal
User_92,2025-07-20 11:08:42,0.694,0.5772,Walking,Koila,Reckless_Driving,2way,0.0,40,3G,-99,53.0,-5.0,0.0091814211951017,40.321166504095864,21.792888076249294,Normal
User_99,2025-07-20 11:29:37,0.465,0.6104,Driving,Zep,Reckless_Driving,1way,3.0,50,4G,-72,54.0,5.0,0.0045001864373106,40.28050192706196,21.754341633722373,Normal
User_69,2025-07-20 12:46:29,0.34,0.7601,Walking,Zep,Speeding,2way,2.0,60,5G,-84,7.0,1.0,0.0022163276556557,40.27979040020393,21.7547749841621,Normal
User_30,2025-07-20 22:12:41,0.413,0.4914,Walking,Ligeris,Speeding,4way,0.0,60,WiFi,-77,11.0,8.0,0.0036653301456905,40.30611339436703,21.80819859903624,Normal
User_32,2025-07-21 04:47:49,0.464,0.423,Driving,Zep,Reckless_Driving,1way,0.0,20,5G,-90,78.0,5.0,0.0080504293486564,40.27915509628368,21.75281266039059,Normal
User_53,2025-07-21 10:09:25,0.313,0.5026,Walking,Ligeris,Speeding,2way,0.0,70,4G,-111,54.0,-3.0,0.0028261420345233,40.30610457909182,21.807625922895916,Normal
User_58,2025-07-21 12:24:01,0.465,0.437,Driving,Koila,Reckless_Driving,4way,5.0,10,4G,-70,78.0,-11.0,0.0075914779209596,40.322197483525635,21.791634098808917,Normal
User_65,2025-07-21 16:40:55,0.448,0.4791,Walking,Koila,Speeding,1way,0.0,10,4G,-88,94.0,-5.0,0.0089047002644231,40.32208551194873,21.789610675098228,Normal
User_49,2025-07-22 11:47:26,0.637,0.7463,Walking,Ligeris,Reckless_Driving,1way,0.0,80,4G,-81,2.0,3.0,0.0063345813872093,40.30514269027395,21.809268333991533,Normal
User_89,2025-07-22 16:48:56,0.336,0.4171,Running,Ligeris,Reckless_Driving,2way,1.0,90,WiFi,-58,85.0,3.0,0.0072408738690827,40.30530682126992,21.80567440286887,Normal
User_38,2025-07-23 07:20:16,0.306,0.7131,Running,Zep,Speeding,4way,0.0,30,4G,-102,76.0,-6.0,0.0074665532492367,40.27955965657253,21.75327363016838,Normal
User_92,2025-07-23 10:17:08,0.694,0.5832,Driving,Koila,Reckless_Driving,1way,0.0,60,WiFi,-67,29.0,-12.0,0.0085851306973489,40.32208199961868,21.79116565118331,Normal
User_19,2025-07-23 20:40:57,0.745,0.7885,Driving,Ligeris,Reckless_Driving,2way,1.0,90,WiFi,-79,20.0,-8.0,0.0065311271153478,40.306230115631266,21.807397329240196,Normal
User_25,2025-07-23 22:48:54,0.408,0.5438,Running,Koila,Reckless_Driving,1way,0.0,70,WiFi,-90,89.0,13.0,0.0076684583723008,40.32337195660501,21.790130546768363,Normal
User_45,2025-07-24 00:49:35,0.285,0.6813,Walking,Zep,Reckless_Driving,2way,0.0,60,5G,-73,12.0,-7.0,0.0017351447755877,40.27954404309386,21.75333488072655,Normal
User_11,2025-07-24 04:18:05,0.602,0.725,Walking,Koila,Speeding,2way,3.0,70,WiFi,-73,67.0,2.0,0.0061383116541589,40.32285975585472,17.115777,Normal
User_90,2025-07-24 09:36:24,0.525,0.4688,Running,Ligeris,Reckless_Driving,2way,1.0,20,3G,-107,30.0,-20.0,0.0045128303492078,40.305191547812846,21.80801227847851,Unintentional
User_88,2025-07-25 03:49:19,0.471,0.5377,Running,Ligeris,Reckless_Driving,2way,1.0,70,4G,-91,49.0,0.0,0.0052007090986211,40.30687156130111,21.80610459521619,Normal
User_59,2025-07-25 22:45:10,0.265,0.5892,Driving,Koila,Reckless_Driving,2way,1.0,30,WiFi,-58,59.0,11.0,0.003932911271391,40.321886507746825,21.791424002482252,Normal
User_39,2025-07-26 21:13:14,0.598,0.5617,Driving,Zep,Speeding,1way,0.0,70,3G,-79,2.0,4.0,0.0069814950680648,40.27971594207713,21.75317460089327,Normal
User_75,2025-07-26 23:54:16,0.409,0.5861,Running,Zep,Driving_Under_Influence,2way,0.0,50,WiFi,-98,33.0,2.0,0.0033510956770387,40.280507977829714,21.752779069436112,Normal
User_35,2025-07-27 04:14:43,0.274,0.4942,Walking,Koila,Reckless_Driving,2way,1.0,50,4G,-116,31.0,-9.0,0.0082900868229517,37.955503,21.75342462924165,Normal
User_43,2025-07-28 04:12:55,0.416,0.5757,Driving,Koila,Driving_Under_Influence,2way,1.0,10,3G,-82,55.0,-5.0,0.0088355761598728,40.32125973444077,21.7910548111489,Normal
User_51,2025-07-29 00:23:38,0.613,0.799,Driving,Ligeris,Driving_Under_Influence,2way,1.0,10,WiFi,-88,-34.0,-1.0,0.0053155617618159,40.3074420946514,21.807876226527313,Normal
User_75,2025-07-29 00:50:34,0.409,0.5911,Driving,Ligeris,Driving_Under_Influence,2way,1.0,80,WiFi,-80,1.0,3.0,0.029,40.305980174387464,21.807293799994422,Unintentional
User_24,2025-07-29 02:56:26,0.445,0.5016,Running,Ligeris,Speeding,1way,0.0,80,WiFi,-79,15.0,16.0,0.008080781325757,40.306931532012015,21.809440021217313,Normal
User_18,2025-07-29 08:33:44,0.251,0.8095,Driving,Ligeris,Reckless_Driving,1way,0.0,10,3G,-106,76.0,4.0,0.0063467333518625,40.30621547017527,21.807466922774065,Normal
User_26,2025-07-29 10:30:21,0.408,0.6675,Walking,Zep,Reckless_Driving,1way,1.0,60,5G,-111,49.0,-6.0,0.007070956120797,40.27937679984963,21.753467146689612,Normal
User_60,2025-07-29 14:31:56,0.353,0.7838,Driving,Zep,Speeding,1way,0.0,30,3G,-114,94.0,9.0,0.003870510230347,40.2788550152789,21.7528631156208,Normal
User_84,2025-07-29 19:19:44,0.527,0.4927,Driving,Koila,Speeding,2way,1.0,30,WiFi,-76,66.0,-6.0,0.0075294543905914,40.305762434629855,21.80957211675214,Normal
User_67,2025-07-29 20:48:17,0.529,0.6306,Running,Zep,Speeding,1way,0.0,Harassing_Driver,4G,Satellite,77.0,7.0,0.0031963212605141,40.27955544623634,21.752384576732545,Normal
User_19,2025-07-30 05:59:34,0.745,0.8025,Walking,Ligeris,Speeding,4way,0.0,80,4G,-110,87.0,-7.0,0.0016094400469943,40.30501413303852,21.806059559605107,Normal
User_87,2025-07-30 15:23:26,0.709,0.8022,Walking,Zep,Speeding,4way,1.0,30,3G,-90,15.0,-12.0,0.0050251949096442,40.279518963995415,21.75323422640584,Normal
User_28,2025-07-30 19:45:02,0.348,0.7303,Walking,Zep,Reckless_Driving,2way,3.0,60,5G,-113,51.0,4.0,0.0086503296790763,40.27952183243623,21.75274451307133,Normal
User_58,2025-07-30 19:47:18,0.465,0.455,Driving,Zep,Reckless_Driving,4way,0.0,20,WiFi,-72,54.0,-23.0,0.0023962932667748,40.28004237811836,21.754557035754235,Unintentional
User_78,2025-07-30 22:12:52,0.347,0.6606,Driving,Ligeris,Speeding,4way,0.0,60,3G,-106,93.0,-10.0,0.005653142335994,37.245277,21.808000410316136,Normal
User_01,2025-07-31 03:29:21,0.619,0.6948,Walking,Ligeris,Speeding,2way,0.0,60,3G,-102,95.0,-3.0,0.0050774914614383,40.30529460543059,21.808215304978653,Normal
User_69,2025-07-31 05:45:51,0.34,0.7821,Walking,Zep,Driving_Under_Influence,2way,0.0,10,5G,-120,66.0,-9.0,0.0064055892612507,40.27945925888273,21.75408845233521,Normal
User_71,2025-07-31 20:21:43,0.46,0.4263,Driving,Ligeris,Driving_Under_Influence,1way,0.0,40,5G,-83,13.0,6.0,0.0093827508961971,40.30601984412199,21.809543272361417,Normal
User_81,2025-07-31 22:08:58,0.46,0.7065,Walking,Zep,Reckless_Driving,1way,0.0,60,5G,-94,98.0,-6.0,0.0020301680035733,40.27990120210046,21.75266405148913,Normal
User_86,2025-08-01 09:37:17,0.469,0.5641,Walking,Zep,Speeding,2way,0.0,70,5G,-88,78.0,-7.0,0.0091606976024972,40.278828632807944,21.75271548383431,Normal
User_59,2025-08-02 08:34:50,0.265,0.6042,Running,Ligeris,Reckless_Driving,4way,2.0,70,3G,-106,5.0,13.0,0.0058777521519228,40.30661272950379,21.809721650829545,Normal
User_52,2025-08-02 08:57:54,0.544,0.5032,Driving,Koila,Reckless_Driving,1way,3.0,70,WiFi,-58,53.0,12.0,0.0031431786459754,40.322388820990554,21.79085286388471,Normal
User_89,2025-08-02 22:13:11,0.336,0.4401,Walking,Zep,Speeding,2way,1.0,50,3G,-89,47.0,-3.0,0.0070188704013697,40.279478674240984,21.753166362178337,Normal
User_27,2025-08-05 01:41:53,0.535,0.5641,Driving,Koila,Speeding,2way,1.0,20,4G,-86,46.0,10.0,0.0029165350534767,40.321326225888654,21.792244473923613,Normal
User_91,2025-08-06 10:53:48,0.587,0.7398,Running,Zep,Speeding,1way,2.0,80,3G,-79,1.0,-11.0,0.0096493740005853,40.28120417389552,21.75290810806085,Normal
User_01,2025-08-06 11:19:48,0.619,0.7068,Driving,Koila,Reckless_Driving,1way,0.0,40,3G,-85,23.0,9.0,0.0081056152346741,40.323848708340286,21.79147289288788,Normal
User_43,2025-08-07 01:09:55,0.416,0.5957,Driving,Zep,Driving_Under_Influence,2way,0.0,60,5G,-106,20.0,-7.0,0.0078691831229253,40.27973586343025,21.7516258207519,Normal
User_72,2025-08-07 04:20:34,0.567,0.4775,Running,Ligeris,Speeding,4way,0.0,Lane_Discards,WiFi,-56,87.0,13.0,0.0092791187992168,40.307532632920314,21.80708826750235,Normal
User_21,2025-08-08 05:30:23,0.303,0.4512,Walking,Zep,Driving_Under_Influence,4way,0.0,30,4G,-79,58.0,-12.0,0.0010523180112026,40.27967178200833,21.791256784153244,Normal
User_10,2025-08-08 12:26:13,0.315,0.7888,Driving,Ligeris,Speeding,1way,2.0,40,WiFi,-83,49.0,-2.0,0.0056131361765229,40.306230115631266,21.806950827237152,Normal
User_32,2025-08-08 23:27:38,0.464,0.459,Driving,Zep,Driving_Under_Influence,4way,3.0,30,4G,-91,49.0,5.0,0.0022635119703661,40.27931689599184,21.75275705433931,Normal
User_51,2025-08-09 09:21:11,0.613,0.821,Walking,Ligeris,Speeding,1way,0.0,50,5G,-88,97.0,14.0,0.0094679394795622,40.30605748262805,21.807519770848963,Normal
User_49,2025-08-09 21:01:28,0.637,0.7823,Running,Ligeris,Driving_Under_Influence,2way,1.0,10,4G,-109,9.0,-1.0,0.0096091500938717,40.30568582876357,21.80779009903641,Normal
User_03,2025-08-09 22:50:55,0.568,0.4704,Driving,Ligeris,Reckless_Driving,4way,1.0,60,5G,-82,0.0,-2.0,0.0010377966067051,40.30657203116254,21.809583940957623,Normal
User_73,2025-08-10 02:34:18,0.325,0.6327,Driving,Zep,Speeding,2way,1.0,40,4G,-108,-26.0,-5.0,0.0034446631165234,40.27921051990547,21.752982250453716,Normal
User_22,2025-08-10 06:32:20,0.413,0.4889,Walking,Koila,Reckless_Driving,1way,1.0,40,3G,-83,38.0,3.0,0.0084322014916611,40.322843021815935,21.79277166562611,Normal
User_08,2025-08-10 11:26:13,0.347,0.8008,Driving,Zep,Driving_Under_Influence,2way,1.0,30,5G,-91,58.0,1.0,0.0057031616825706,40.27945276807512,21.755085410532494,Normal
User_28,2025-08-10 13:04:43,0.348,0.7533,Walking,Koila,Speeding,2way,2.0,80,5G,-70,4.0,9.0,0.007003680033954,40.32281916588829,21.791315304629816,Normal
User_04,2025-08-10 19:26:27,0.662,0.4957,Driving,Ligeris,Reckless_Driving,2way,1.0,20,118,-117,37.0,-16.0,0.004091003468025,40.30669417950002,21.80820064862731,Normal
User_46,2025-08-11 02:55:02,0.519,0.7866,Walking,Koila,Speeding,1way,3.0,90,WiFi,-76,41.0,-6.0,0.0086285146200046,40.32136892232797,21.792713170692167,Normal
User_50,2025-08-12 11:22:41,0.398,0.6786,Walking,Zep,Driving_Under_Influence,2way,3.0,50,5G,-106,62.0,2.0,0.0049480979509499,40.27782535627511,21.752767806436218,Normal
User_63,2025-08-12 14:07:47,0.543,0.5636,Driving,Zep,Driving_Under_Influence,1way,0.0,40,WiFi,-87,22.0,15.0,0.0032658165579351,40.28054010805825,21.75450615721558,Normal
User_36,2025-08-13 03:14:52,0.563,0.8369,Walking,Zep,Reckless_Driving,1way,0.0,10,4G,-112,95.0,-4.0,0.0046869771699678,40.27929788699615,21.754608111862854,Normal
User_40,2025-08-13 10:25:00,0.482,0.8157,Running,Zep,Speeding,4way,2.0,70,5G,-71,47.0,-5.0,0.0093637699432416,37.218894,21.75239350641262,Normal
User_26,2025-08-13 10:27:41,0.408,0.6965,Driving,Koila,Speeding,4way,1.0,40,3G,-91,49.0,4.0,0.0031706592517499,40.32138681323775,21.792221186898512,Normal
User_99,2025-08-13 22:06:13,0.465,0.6594,Running,Zep,Speeding,2way,0.0,40,WiFi,-75,27.0,-3.0,0.0080918933745063,40.280502552585915,21.75322238667924,Normal
User_100,2025-08-14 00:15:17,0.37,0.704,Running,Zep,Driving_Under_Influence,2way,1.0,30,4G,-110,51.0,8.0,0.0073077369320396,40.28065297312435,21.753833403808223,Normal
User_99,2025-08-14 11:34:39,0.465,0.6614,Flying,Koila,Reckless_Driving,4way,2.0,80,3G,-115,55.0,-15.0,0.0027902684974984,40.32124109076683,21.791144604067597,Intentional
User_88,2025-08-14 15:54:59,0.471,0.5777,Walking,Ligeris,Reckless_Driving,2way,1.0,70,3G,-103,58.0,-3.0,0.0068320575060923,40.30621997071248,21.807191502188207,Normal
User_43,2025-08-15 04:07:37,0.416,0.6127,Walking,Zep,Reckless_Driving,2way,0.0,20,5G,-85,24.0,-13.0,0.008870180875577,40.27971582700897,21.752917414448735,Normal
User_59,2025-08-16 04:22:27,0.265,0.6322,Running,Ligeris,Reckless_Driving,2way,2.0,20,4G,-114,82.0,12.0,0.005653142335994,40.30592411447499,21.80704038009811,Normal
User_71,2025-08-16 08:47:31,0.256,0.4583,Running,Koila,Speeding,6way,0.0,40,5G,-100,17.0,-16.0,0.007389366764534,42.448951,21.791235387235265,Intentional
User_01,2025-08-16 12:42:07,0.619,0.7268,Driving,Zep,Driving_Under_Influence,1way,1.0,20,WiFi,-83,3.0,5.0,0.0011512524584542,40.279564585920355,21.753205704161147,Normal
User_12,2025-08-16 14:32:34,0.67,0.8062,Swimming,Ligeris,Driving_Under_Influence,2way,2.0,50,105,-84,23.0,-11.0,0.0069577610734294,40.305477290781255,21.806307362110623,Intentional
User_72,2025-08-16 18:18:48,0.567,0.4955,Walking,Koila,Driving_Under_Influence,2way,5.0,20,5G,-84,41.0,16.0,0.003872646815305,40.32273498352311,21.790900209433403,Normal
User_79,2025-08-17 09:39:50,0.389,0.575,Driving,Koila,Speeding,4way,0.0,30,3G,-108,84.0,7.0,0.009864471576279,40.32303841653881,21.79045502134577,Normal
User_81,2025-08-17 12:29:18,0.376,0.5641,Running,Ligeris,Speeding,4way,1.0,80,WiFi,-90,92.0,-9.0,0.0074226170208199,40.30616130231738,21.80769872772372,Normal
User_48,2025-08-17 13:28:48,0.599,0.7254,Driving,Koila,Reckless_Driving,4way,0.0,70,WiFi,-70,4.0,-13.0,0.0095275634164812,40.32270014929023,21.7917442770458,Normal
User_60,2025-08-17 14:27:54,0.353,0.8218,Walking,Zep,Driving_Under_Influence,4way,0.0,70,WiFi,-84,52.0,8.0,0.0038998236891277,40.278818904216806,21.75362804795023,Normal
User_77,2025-08-18 01:54:59,0.428,0.4765,Walking,Zep,Speeding,4way,0.0,70,5G,-95,74.0,5.0,0.0039051757875816,37.565303,21.752730854694324,Normal
User_32,2025-08-18 03:48:44,0.464,0.478,Running,Koila,Driving_Under_Influence,2way,0.0,10,4G,-84,46.0,0.0,0.0044886546180722,40.32343594372314,21.791778345782745,Normal
User_83,2025-08-18 05:56:12,0.309,0.8175,Driving,Koila,Speeding,2way,0.0,100,5G,-102,46.0,1.0,0.0021577203872616,40.322133160918376,21.791408936836408,Normal
User_36,2025-08-18 09:21:44,0.563,0.8479,Driving,Zep,Reckless_Driving,1way,3.0,80,5G,-78,97.0,15.0,0.0045518995354954,40.279847877724265,22.453061,Normal
User_19,2025-08-18 14:12:05,0.745,0.8395,Walking,Zep,Speeding,2way,0.0,90,WiFi,-80,78.0,-15.0,0.0071184753473038,40.27980098137295,21.75370030757266,Normal
User_57,2025-08-18 15:07:22,0.372,0.5712,Driving,Zep,Driving_Under_Influence,2way,0.0,40,3G,-70,84.0,11.0,0.003435993298597,40.280622865834125,21.753032674420854,Normal
User_92,2025-08-18 16:57:26,0.694,0.6352,Driving,Zep,Speeding,2way,0.0,70,4G,-71,79.0,-4.0,0.0026240230816262,40.27970082653248,21.75496549261515,Normal
User_49,2025-08-19 15:39:50,0.637,0.8023,Walking,Ligeris,Driving_Under_Influence,1way,0.0,30,5G,-120,64.0,5.0,0.0096350051443718,40.305681097793546,21.807850762932304,Normal
User_68,2025-08-19 23:33:33,0.472,0.4939,Walking,Ligeris,Speeding,1way,0.0,40,5G,-99,48.0,-6.0,0.0024469313959234,40.305376123504246,21.808459238798218,Normal
User_47,2025-08-20 00:13:56,0.585,0.5702,Driving,Koila,Driving_Under_Influence,2way,1.0,20,117,-73,75.0,-11.0,0.0098942974139274,40.32348952619683,21.790925568462427,Normal
User_81,2025-08-20 14:07:28,0.376,0.7455,Walking,Zep,Speeding,1way,3.0,80,4G,Ethernet,14.0,1.0,0.0017685079639848,40.27792418641576,21.75294256449525,Normal
User_31,2025-08-21 20:11:30,0.56,0.8184,Running,Koila,Driving_Under_Influence,4way,0.0,70,WiFi,Ethernet,86.0,-11.0,0.0073098117545595,40.32214716733945,21.789231841468897,Normal
User_23,2025-08-21 21:35:18,0.458,0.613,Walking,Zep,Speeding,1way,1.0,50,4G,-84,62.0,-3.0,0.0020511726171162,40.27900536673628,21.752316809803578,Normal
User_92,2025-08-22 18:29:54,0.694,0.6422,Walking,Koila,Reckless_Driving,4way,0.0,60,3G,-102,47.0,11.0,0.0060852361329686,40.305106874321986,21.807876782040587,Normal
User_66,2025-08-22 19:00:09,0.28,0.6967,Running,Ligeris,Driving_Under_Influence,4way,2.0,20,5G,-79,-131.0,-12.0,0.0063031083312452,40.30692540605089,21.806201407517605,Normal
User_13,2025-08-23 01:55:11,0.75,0.7124,Running,Zep,Driving_Under_Influence,2way,0.0,70,5G,-105,49.0,-10.0,0.0020429981745764,40.2798026545362,21.75402882725713,Normal
User_48,2025-08-23 11:12:27,0.599,0.7374,Running,Koila,Speeding,4way,0.0,30,3G,-85,100.0,11.0,0.0073065362425285,40.32173943889779,21.792419131848252,Normal
User_53,2025-08-23 19:45:34,0.46,0.5686,Driving,Koila,Driving_Under_Influence,4way,1.0,70,WiFi,-89,12.0,-10.0,0.005185910520774,40.321499264657014,21.78976051092038,Normal
User_49,2025-08-24 11:43:40,0.637,0.8113,Running,Zep,Driving_Under_Influence,1way,2.0,20,5G,-89,17.0,8.0,0.0079276920332527,40.27951316441083,21.75223326007887,Normal
User_89,2025-08-24 13:06:31,0.336,0.4841,Walking,Koila,Speeding,2way,2.0,50,4G,-75,38.0,13.0,0.0095592057166455,40.32169287744847,21.79263442228965,Normal
User_47,2025-08-24 16:40:49,0.585,0.5792,Driving,Zep,Speeding,1way,0.0,20,4G,-75,54.0,-11.0,0.0078513411428964,40.27951365031431,21.751301730089704,Normal
User_43,2025-08-25 16:19:03,0.416,0.6327,Driving,Koila,Speeding,1way,1.0,30,3G,-106,95.0,1.0,0.0012413553717303,40.32157493294786,21.79020085017111,Normal
User_08,2025-08-26 03:36:03,0.347,0.8338,Running,Koila,Speeding,1way,0.0,70,4G,-115,69.0,3.0,0.0048480004264149,40.32135952132937,21.790440047011323,Normal
User_85,2025-08-26 07:59:10,0.254,0.6003,Driving,Koila,Driving_Under_Influence,1way,1.0,10,5G,-111,14.0,5.0,0.0044228237933354,40.32333754434898,21.792055703352577,Normal
User_20,2025-08-26 08:32:19,0.334,0.7971,Running,Koila,Driving_Under_Influence,2way,1.0,30,4G,-98,87.0,3.0,0.007078825523294,40.32282876928909,21.79077070935158,Normal
User_39,2025-08-26 16:59:41,0.598,0.6237,Walking,Zep,Driving_Under_Influence,2way,1.0,40,3G,-71,34.0,9.0,0.0081248614858389,40.278702748834554,21.752577418106725,Normal
User_95,2025-08-26 17:25:54,0.545,0.7489,Walking,Koila,Driving_Under_Influence,4way,1.0,80,5G,-113,76.0,4.0,0.0064078356707228,40.321371132816175,18.409218,Normal
User_22,2025-08-26 17:56:17,0.413,0.5219,Walking,Center,Speeding,1way,2.0,10,4G,-86,-153.0,-14.0,0.008160467827193,40.30637043614345,21.808806390104323,Intentional
User_18,2025-08-26 23:10:47,0.251,0.8655,Driving,Zep,Driving_Under_Influence,4way,3.0,10,4G,-82,33.0,4.0,0.0080785636254698,40.280426342626875,21.75344231413139,Normal
User_47,2025-08-27 14:05:37,0.585,0.5842,Running,Zep,Reckless_Driving,2way,0.0,40,WiFi,-88,75.0,-9.0,0.0055092744563046,40.280431521534254,17.879546,Normal
User_95,2025-08-27 16:26:45,0.545,0.7509,Running,Ligeris,Speeding,2way,4.0,60,5G,-115,35.0,-6.0,0.005653142335994,40.30475394036048,21.80883235086035,Normal
User_67,2025-08-27 21:07:34,0.529,0.6886,Running,Koila,Reckless_Driving,4way,0.0,50,4G,-88,44.0,-4.0,0.0093505893265057,40.32292479045664,21.791708448213036,Normal
User_18,2025-08-28 04:24:57,0.251,0.8695,Running,Zep,Reckless_Driving,2way,0.0,40,4G,-116,0.0,-14.0,0.0091775084326143,40.27837057822121,21.75341797382531,Normal
User_31,2025-08-28 05:29:44,0.56,0.8314,Running,Zep,Driving_Under_Influence,2way,1.0,70,3G,-83,29.0,-7.0,0.0016754819185107,40.28019310832592,21.752660089229416,Normal
User_66,2025-08-28 20:04:45,0.28,0.7077,Running,Koila,Driving_Under_Influence,1way,0.0,80,4G,-116,18.0,3.0,0.0090868484258682,40.32100302668877,21.791072513394287,Normal
User_98,2025-08-29 18:04:39,0.46,0.6338,Running,Koila,Driving_Under_Influence,4way,3.0,30,4G,Ethernet,77.0,-13.0,0.0096786505438837,40.32209858118981,21.789413579567963,Normal
User_75,2025-08-31 00:35:08,0.409,0.6571,Driving,Ligeris,Reckless_Driving,4way,0.0,30,WiFi,-78,19.0,-8.0,0.0085152598410425,40.30611024588795,21.809465823981945,Normal
User_28,2025-08-31 11:36:27,0.348,0.7943,Running,Ligeris,Speeding,2way,160.0,70,3G,-96,74.0,-7.0,0.0070510736886953,40.30563283815593,21.80655528641225,Normal
User_58,2025-08-31 14:44:37,0.465,0.518,Walking,Ligeris,Driving_Under_Influence,4way,0.0,90,3G,-102,3.0,-1.0,0.0040911178212636,40.305540753066545,21.80901532157465,Normal
User_92,2025-08-31 20:06:46,0.694,0.6612,Driving,Koila,Reckless_Driving,1way,0.0,90,3G,-107,100.0,15.0,0.0060701365477452,40.32190117450585,21.7909788370146,Normal
User_91,2025-09-01 00:37:05,0.587,0.7908,Driving,Zep,Driving_Under_Influence,2way,140.0,50,WiFi,-78,16.0,-14.0,0.041,40.27978589557831,21.753613345959057,Unintentional
User_96,2025-09-01 02:15:29,0.261,0.7441,Driving,Koila,Reckless_Driving,2way,4.0,60,3G,-104,7.0,-5.0,0.0033874946331224,40.306230115631266,21.789968077013384,Normal
User_57,2025-09-01 15:56:54,0.372,0.5982,Walking,Zep,Driving_Under_Influence,1way,0.0,50,WiFi,Satellite,6.0,0.0,0.0019678506518368,40.27987506597712,21.75515915747386,Normal
User_38,2025-09-01 19:22:34,0.306,0.7931,Running,Ligeris,Driving_Under_Influence,2way,0.0,80,3G,-88,81.0,9.0,0.0072180649491988,40.30559624791304,21.80704613015282,Normal
User_07,2025-09-01 23:02:44,0.625,0.5684,Driving,Ligeris,Driving_Under_Influence,2way,1.0,50,3G,-83,44.0,-15.0,0.0057354061627247,40.30522539275608,21.80908058192965,Normal
User_47,2025-09-02 01:40:27,0.46,0.5962,Running,Koila,Driving_Under_Influence,2way,1.0,30,4G,-84,39.0,-2.0,0.0057245017418107,40.32188418919619,22.711527,Normal
User_43,2025-09-03 15:04:15,0.416,0.6507,Driving,Zep,Driving_Under_Influence,2way,0.0,Illegal_Parking,5G,-114,79.0,-14.0,0.0089142820137243,40.279614831942745,21.75365014206104,Normal
User_74,2025-09-03 16:04:33,0.497,0.8474,Driving,Ligeris,Reckless_Driving,1way,0.0,50,5G,-76,40.0,0.0,0.0090583373352326,40.306211344836846,21.80903644807853,Normal
User_08,2025-09-03 17:37:43,0.347,0.8498,Driving,Zep,Reckless_Driving,1way,3.0,60,4G,-119,7.0,1.0,0.0012101919811611,40.306230115631266,21.753142247677346,Normal
User_23,2025-09-03 20:27:36,0.458,0.64,Walking,Ligeris,Driving_Under_Influence,2way,0.0,70,WiFi,-84,26.0,0.0,0.0059217971526875,40.306947385136766,21.808017163640756,Normal
User_83,2025-09-04 03:43:31,0.309,0.8515,Running,Koila,Speeding,2way,0.0,50,5G,-120,43.0,11.0,0.0093838828502321,40.32204711348955,21.791228063379418,Normal
User_31,2025-09-04 13:39:55,0.56,0.8464,Running,Ligeris,Speeding,2way,1.0,20,3G,Satellite,84.0,-14.0,0.0066395508434262,40.30595697939972,21.807593518805408,Normal
User_32,2025-09-04 14:32:04,0.464,0.513,Walking,Ligeris,Driving_Under_Influence,4way,1.0,20,WiFi,-52,20.0,-14.0,0.0030010685209135,40.30708651185581,21.807002864972503,Normal
User_16,2025-09-04 19:19:57,0.513,0.6997,Driving,Ligeris,Speeding,4way,1.0,50,3G,-74,3.0,3.0,0.0033179991142798,40.30638885459439,21.8080107667487,Normal
User_85,2025-09-04 23:31:13,0.254,0.6193,Running,Zep,Speeding,1way,0.0,60,5G,-94,8.0,6.0,0.0055297973157156,40.28004525814745,21.754097670878828,Normal
User_21,2025-09-05 01:31:42,0.303,0.5641,Walking,Ligeris,Reckless_Driving,1way,0.0,30,5G,-84,62.0,-14.0,0.005653142335994,40.30573606478987,21.807618088540757,Normal
User_12,2025-09-05 12:35:22,0.67,0.8472,Driving,Ligeris,Driving_Under_Influence,2way,4.0,20,WiFi,-54,29.0,2.0,0.0087569413188069,40.30488496564301,21.806621822781537,Normal
User_61,2025-09-06 22:45:30,0.546,0.5777,Running,Center,Driving_Under_Influence,2way,1.0,10,WiFi,-61,53.0,2.0,0.0030616153790961,37.240827,21.754389790682463,Intentional
User_78,2025-09-07 02:59:37,0.347,0.7376,Driving,Koila,Reckless_Driving,2way,1.0,Harassing_Driver,4G,-82,1.0,9.0,0.0093055213801295,40.279406202435545,21.753305944007135,Normal
User_07,2025-09-07 12:05:12,0.625,0.5804,Walking,Ligeris,Driving_Under_Influence,2way,0.0,60,4G,-93,66.0,4.0,0.003612231248998,40.30635439982415,21.80747356675336,Normal
User_32,2025-09-08 12:58:15,0.464,0.521,Walking,Ligeris,Speeding,1way,2.0,80,WiFi,-76,57.0,7.0,0.0054828876837403,40.306230115631266,21.806564945793163,Normal
User_84,2025-09-09 01:58:11,0.527,0.5757,Running,Koila,Reckless_Driving,2way,0.0,Lane_Discards,3G,-97,17.0,-25.0,0.0021026504109631,40.3221234521966,21.79101624694528,Unintentional
User_34,2025-09-09 17:52:10,0.431,0.6569,Driving,Koila,Reckless_Driving,6way,1.0,70,5G,-113,49.0,11.0,0.0066001020791161,40.32215549391104,21.79150551455825,Intentional
User_83,2025-09-10 05:53:58,0.309,0.8635,Running,Zep,Speeding,2way,1.0,50,WiFi,-76,13.0,5.0,0.0059421093741981,40.28047821707488,21.751798508453422,Normal
User_54,2025-09-10 17:14:36,0.327,0.7799,Driving,Koila,Reckless_Driving,1way,2.0,40,4G,-74,5.0,0.0,0.005653142335994,40.32180993588317,21.790453812445723,Normal
User_81,2025-09-10 20:13:27,0.376,0.7885,Driving,Ligeris,Speeding,1way,1.0,60,5G,-91,4.0,4.0,0.0021345609636042,40.30627079599081,21.808996013227055,Normal
User_50,2025-09-10 21:19:37,0.398,0.7376,Running,Koila,Driving_Under_Influence,2way,3.0,20,WiFi,-59,9.0,15.0,0.0021237977128693,40.32314610615102,21.790944846289428,Normal
User_93,2025-09-11 00:07:50,0.588,0.5272,Walking,Koila,Driving_Under_Influence,2way,0.0,20,3G,-74,7.0,-11.0,0.0083087532517721,40.32230749517625,21.79316327104628,Normal
User_33,2025-09-11 00:27:21,0.634,0.7202,Walking,Koila,Driving_Under_Influence,2way,0.0,30,5G,-73,2.0,-5.0,0.0094010623772686,40.3221005779279,21.791238969409367,Normal
User_51,2025-09-12 12:32:43,0.613,0.89,Running,Koila,Speeding,1way,0.0,90,4G,-71,2.0,0.0,0.0043295185635345,40.32225475654288,21.790599882605985,Normal
User_08,2025-09-12 13:52:23,0.347,0.8668,Driving,Ligeris,Driving_Under_Influence,2way,0.0,20,3G,-119,27.0,13.0,0.0042978630379482,40.30733598657429,21.805698030672605,Normal
User_52,2025-09-14 03:02:43,0.544,0.5902,Running,Zep,Speeding,2way,0.0,70,4G,-114,34.0,6.0,0.0011064526517172,40.27788012520509,21.752649226976196,Normal
User_63,2025-09-14 19:25:52,0.543,0.6286,Running,Koila,Speeding,1way,1.0,60,5G,-111,23.0,6.0,0.0021468247206578,40.323110705362254,21.78996217695008,Normal
User_06,2025-09-15 13:33:35,0.584,0.8825,Walking,Koila,Reckless_Driving,2way,0.0,90,5G,-98,77.0,-10.0,0.0010820206484059,40.32260560262644,21.789589443576865,Normal
User_72,2025-09-15 15:24:17,0.567,0.5565,Driving,Ligeris,Driving_Under_Influence,1way,1.0,20,3G,-119,67.0,-1.0,0.0014874557833127,40.30583840002165,21.809543660564184,Normal
User_83,2025-09-15 18:35:44,0.309,0.8735,Walking,Ligeris,Speeding,2way,2.0,20,3G,-116,60.0,-16.0,0.0071437034472392,40.30667378811794,21.80801520855881,Normal
User_36,2025-09-16 13:05:51,0.563,0.9059,Running,Center,Speeding,1way,0.0,90,5G,-105,69.0,1.0,0.0056124946674845,40.32180530192136,21.789932539206365,Intentional
User_37,2025-09-16 15:02:55,0.306,0.7934,Driving,Ligeris,Driving_Under_Influence,1way,0.0,10,3G,-107,50.0,-6.0,0.0052590905417902,40.30536431805463,21.80619578419064,Normal
User_90,2025-09-17 07:35:59,0.525,0.5798,Running,Koila,Driving_Under_Influence,2way,0.0,70,WiFi,-51,63.0,8.0,0.0045451675765293,40.3215953612978,21.791273310593812,Normal
User_11,2025-09-17 13:04:30,0.602,0.836,Running,Ligeris,Speeding,2way,1.0,50,3G,-120,54.0,4.0,0.0080291014408439,40.30636983311947,21.80736133977676,Normal
User_92,2025-09-18 02:01:50,0.694,0.6962,Walking,Koila,Driving_Under_Influence,2way,0.0,30,3G,-108,38.0,10.0,0.0074934587527172,40.32194003814685,21.791147405117535,Normal
User_11,2025-09-18 03:05:41,0.602,0.837,Running,Zep,Reckless_Driving,1way,0.0,20,3G,-98,90.0,0.0,0.005855646775006,40.27884388710263,21.75188813240924,Normal
User_34,2025-09-18 08:36:45,0.431,0.6739,Flying,Ligeris,Reckless_Driving,2way,0.0,60,5G,-76,61.0,-15.0,0.004371268995284,37.899763,21.80797101020215,Intentional
User_09,2025-09-19 11:38:42,0.307,0.9078,Walking,Zep,Driving_Under_Influence,1way,0.0,90,3G,-93,42.0,-5.0,0.0034550633507296,40.27951198197561,21.754575736442867,Normal
User_97,2025-09-19 20:51:45,0.337,0.8023,Walking,Zep,Reckless_Driving,2way,0.0,60,5G,-113,82.0,12.0,0.0069164401527487,40.28055395511619,21.75162157493272,Normal
User_71,2025-09-19 21:57:22,0.256,0.5263,Running,Koila,8,2way,5.0,30,5G,-104,21.0,-15.0,0.0081833904997951,40.32101456453762,17.274175,Normal
User_05,2025-09-20 15:42:30,0.743,0.8207,Driving,Ligeris,Speeding,2way,1.0,40,WiFi,-79,77.0,4.0,0.0055038009944493,40.30493384560735,21.807744763943244,Normal
User_05,2025-09-20 21:00:38,0.743,0.8217,Driving,Ligeris,Driving_Under_Influence,2way,2.0,80,WiFi,-57,84.0,15.0,0.0057254046006043,40.30636674369715,21.791256784153244,Normal
User_61,2025-09-20 22:12:19,0.546,0.6057,Walking,Zep,Driving_Under_Influence,1way,0.0,20,4G,-117,75.0,19.0,0.0087305440162132,40.27982592701172,21.75289942785479,Unintentional
User_83,2025-09-21 07:28:04,0.309,0.8855,Driving,Koila,Reckless_Driving,2way,1.0,20,5G,-86,76.0,-4.0,0.0060956872107934,40.32234589473448,21.78929463918253,Normal
User_67,2025-09-21 12:31:33,0.529,0.7386,Walking,Zep,Speeding,2way,2.0,80,5G,Satellite,79.0,-2.0,0.00569388431885,40.28052167050143,21.752644296858517,Normal
User_28,2025-09-21 21:32:12,0.348,0.8373,Running,Koila,Reckless_Driving,4way,1.0,60,WiFi,-68,40.0,-2.0,0.001249388661917,41.299519,21.792288656894176,Normal
User_92,2025-09-22 02:04:09,0.694,0.7042,Walking,Koila,Speeding,2way,1.0,20,4G,-73,100.0,5.0,0.0049806305880526,40.322293994411446,21.791290347850016,Normal
User_22,2025-09-22 05:48:18,0.413,0.5749,Running,Koila,Speeding,4way,0.0,80,3G,-119,89.0,9.0,0.0052607054330848,40.32074160492417,21.79130433324983,Normal
User_25,2025-09-22 11:51:08,0.408,0.6658,Running,Zep,Speeding,2way,1.0,40,5G,-75,89.0,1.0,0.0012418056454448,40.279782477021385,21.753402970584563,Normal
User_03,2025-09-22 14:34:18,0.568,0.5574,Running,Ligeris,Reckless_Driving,4way,0.0,70,5G,-108,43.0,10.0,0.0048473332434452,40.30633824284669,21.80718752704318,Normal
User_13,2025-09-23 10:17:10,0.75,0.7744,Driving,Ligeris,Speeding,2way,1.0,30,4G,-91,39.0,-8.0,0.005653142335994,40.305102185778445,21.808430321045172,Normal
User_88,2025-09-23 19:32:12,0.471,0.6577,Walking,Zep,Speeding,4way,0.0,50,3G,-105,25.0,-6.0,0.0071894685427975,40.27851830075049,21.755116105334675,Normal
User_28,2025-09-23 20:37:49,0.348,0.8413,Driving,Zep,Driving_Under_Influence,1way,2.0,10,4G,-113,9.0,6.0,0.0095922650183754,41.601367,21.755003328369476,Normal
User_45,2025-09-23 21:01:00,0.285,0.8033,Walking,Koila,Reckless_Driving,2way,0.0,60,WiFi,-64,95.0,12.0,0.0074132322823375,40.32233652791234,21.792316309934375,Normal
User_76,2025-09-24 04:35:34,0.355,0.7311,Walking,Ligeris,Driving_Under_Influence,2way,0.0,40,WiFi,-89,14.0,12.0,0.0096163299553626,40.30571832542752,21.80663789988169,Normal
User_28,2025-09-24 09:08:58,0.348,0.8433,Walking,Zep,Speeding,2way,4.0,50,5G,-99,74.0,-14.0,0.0024727018734045,40.27995284169642,21.75302005576376,Normal
User_48,2025-09-24 10:15:45,0.599,0.8004,Running,Zep,Reckless_Driving,4way,0.0,30,5G,-106,83.0,-8.0,0.0016787768892401,40.28031708625713,21.754269773706493,Normal
User_39,2025-09-24 15:35:31,0.598,0.6807,Walking,Koila,Speeding,2way,0.0,90,5G,-118,70.0,-4.0,0.005147759611575,40.32103519510416,21.79230460774127,Normal
User_88,2025-09-24 20:00:18,0.471,0.6597,Walking,Koila,Reckless_Driving,4way,0.0,80,3G,-88,90.0,-9.0,0.0098141511663555,40.32103008580941,21.791685995281338,Normal
User_23,2025-09-24 21:43:24,0.458,0.682,Running,Koila,Driving_Under_Influence,2way,0.0,10,4G,-119,13.0,5.0,0.005653142335994,40.32255120912567,21.793293771507948,Normal
User_01,2025-09-24 22:46:28,0.619,0.8058,Driving,Zep,Reckless_Driving,2way,1.0,30,WiFi,Satellite,45.0,-6.0,0.0027618733245187,40.2796366777175,21.75190409882395,Normal
User_80,2025-09-25 06:53:54,0.704,0.6947,Driving,Koila,Speeding,1way,0.0,10,3G,-76,-159.0,-5.0,0.0043667820387339,40.321571199660696,21.790821360745586,Normal
User_21,2025-09-25 10:53:37,0.303,0.5482,Running,Zep,Reckless_Driving,5way,4.0,50,WiFi,-71,96.0,5.0,0.0086188711210705,40.279779394052426,21.791256784153244,Intentional
User_35,2025-09-25 11:48:56,0.274,0.6152,Walking,Zep,Driving_Under_Influence,4way,2.0,60,WiFi,-62,28.0,15.0,0.003920569728577,40.27861318521712,19.062813,Normal
User_34,2025-09-25 12:01:14,0.431,0.6889,Driving,Koila,7,1way,0.0,40,WiFi,-68,17.0,-7.0,0.035,40.321364535147126,21.793393348151252,Unintentional
User_44,2025-09-25 13:47:47,0.332,0.6176,Driving,Ligeris,Speeding,2way,0.0,30,3G,-79,55.0,5.0,0.0079096060554627,40.306068586596965,21.808573011393324,Normal
User_55,2025-09-25 18:44:01,0.447,0.8714,Running,Koila,Reckless_Driving,2way,1.0,10,4G,-120,21.0,-13.0,0.0066460406474302,40.32182955775743,21.791036796336535,Normal
User_83,2025-09-26 03:44:40,0.309,0.8965,Running,Koila,Reckless_Driving,1way,0.0,50,5G,-91,39.0,-15.0,0.001176655757713,40.32336650659556,21.7921492302438,Normal
User_01,2025-09-26 22:19:12,0.619,0.8098,Walking,Koila,Speeding,2way,0.0,20,5G,-119,38.0,13.0,0.0040628234980938,40.30691942365324,21.80795111367208,Normal
User_21,2025-09-27 06:14:10,0.303,0.5512,Driving,Zep,8,2way,3.0,40,3G,-119,-132.0,-4.0,0.0035340023127803,40.27990377582969,21.753136380079713,Normal
User_33,2025-09-27 09:35:42,0.634,0.7532,Driving,Ligeris,Driving_Under_Influence,2way,0.0,40,4G,-104,53.0,-16.0,0.0068414632053247,40.30557827745088,21.806858953971187,Normal
User_80,2025-09-27 11:49:59,0.704,0.6987,Running,Zep,Reckless_Driving,1way,1.0,90,WiFi,-74,55.0,14.0,0.0017146858097054,40.281118626686144,21.754088607215913,Normal
User_16,2025-09-27 15:04:32,0.513,0.7457,Driving,Koila,Driving_Under_Influence,2way,0.0,50,WiFi,-88,12.0,12.0,0.0035214764310459,40.321756299837205,21.790300126809683,Normal
User_82,2025-09-28 03:44:59,0.324,0.7529,Walking,Koila,Reckless_Driving,1way,0.0,40,3G,-97,99.0,-1.0,0.0050121597970966,40.322371133187886,21.79145848810654,Normal
User_18,2025-09-28 09:45:44,0.251,0.9305,Running,Koila,Driving_Under_Influence,2way,1.0,60,WiFi,-75,52.0,-13.0,0.0033807917592712,40.32252791730591,21.789285962053313,Normal
User_90,2025-09-28 11:39:40,0.525,0.6018,Walking,Ligeris,Driving_Under_Influence,2way,0.0,30,WiFi,-65,48.0,-13.0,0.0041736220704919,40.3065930989674,21.80633642494797,Normal
User_89,2025-09-29 10:50:30,0.336,0.5551,Walking,Ligeris,Reckless_Driving,2way,0.0,80,3G,-116,95.0,-11.0,0.0032523433402159,40.306779081325786,21.80709243386012,Normal
User_25,2025-09-29 16:03:37,0.408,0.6788,Running,Zep,Reckless_Driving,1way,0.0,50,WiFi,-54,55.0,3.0,0.0046688124719602,40.27943640706552,21.753173072040347,Normal
User_12,2025-09-30 07:44:10,0.67,0.8962,Running,Zep,Speeding,4way,1.0,60,WiFi,-75,19.0,-3.0,0.0046131732765932,40.27866218815297,22.958944,Normal
User_80,2025-09-30 08:22:24,0.704,0.7047,Walking,Ligeris,Speeding,2way,1.0,20,4G,-100,74.0,15.0,0.0095741060989278,40.30556101935283,21.808725982594844,Normal
User_69,2025-09-30 12:03:30,0.34,0.9041,Driving,Koila,Speeding,2way,4.0,100,WiFi,-80,39.0,-12.0,0.0038059640725464,40.321242733802464,21.79075551072477,Normal
User_19,2025-09-30 12:31:43,0.745,0.9255,Running,Zep,Driving_Under_Influence,2way,1.0,110,3G,-79,95.0,6.0,0.003470404430954,40.28003947243408,21.75205794842751,Normal
User_56,2025-09-30 14:35:02,0.374,0.5577,Running,Zep,Driving_Under_Influence,4way,0.0,30,5G,-108,49.0,-13.0,0.0067202755290325,40.27989443418681,21.75309064896223,Normal
User_93,2025-10-01 05:48:13,0.588,0.5672,Walking,Zep,Speeding,2way,1.0,90,WiFi,-58,59.0,-15.0,0.0040125634488726,40.27934947504715,21.752657907561396,Normal
User_60,2025-10-01 06:22:54,0.353,0.9118,Walking,Koila,Driving_Under_Influence,2way,1.0,80,5G,-102,84.0,4.0,0.0070625197227331,40.306230115631266,21.79067274295578,Normal
User_20,2025-10-02 20:36:58,0.334,0.8711,Driving,Zep,Driving_Under_Influence,2way,0.0,20,4G,-87,45.0,1.0,0.0040730182356268,40.27813021275414,21.752958838507222,Normal
User_09,2025-10-02 21:40:50,0.307,0.9348,Driving,Koila,Driving_Under_Influence,4way,1.0,30,4G,-84,92.0,-2.0,0.0058644359736842,40.32068243021606,21.790673278878945,Normal
User_54,2025-10-02 21:50:36,0.327,0.8239,Running,Ligeris,Reckless_Driving,2way,0.0,90,WiFi,-77,20.0,23.0,0.0020870840544025,40.305207816521886,21.8090646011728,Unintentional
User_38,2025-10-04 13:58:44,0.306,0.8591,Driving,Zep,Speeding,2way,1.0,10,WiFi,-62,71.0,16.0,0.0078307612373879,40.27857837815934,21.753704577737395,Normal
User_70,2025-10-04 17:11:12,0.601,0.6479,Walking,Ligeris,Reckless_Driving,2way,0.0,60,4G,-117,25.0,13.0,0.0033596560979527,40.30622416130005,21.80898446590747,Normal
User_53,2025-10-05 01:58:50,0.313,0.6536,Driving,Ligeris,Driving_Under_Influence,4way,2.0,40,3G,-82,99.0,-6.0,0.0081050930470813,40.306250377676704,21.791256784153244,Normal
User_25,2025-10-05 10:15:14,0.408,0.6918,Walking,Koila,Driving_Under_Influence,1way,0.0,20,3G,-103,88.0,-9.0,0.0032919604376221,40.32162123445378,21.790091315188977,Normal
User_28,2025-10-05 18:44:18,0.348,0.8653,Running,Ligeris,Reckless_Driving,2way,1.0,60,3G,-84,65.0,-1.0,0.0055672454903113,40.30652252412779,21.806606493842356,Normal
User_100,2025-10-05 23:18:44,0.37,0.809,Running,Koila,Speeding,1way,0.0,70,3G,-103,30.0,-6.0,0.006671747754707,40.3226568737839,21.79267294989455,Normal
User_33,2025-10-06 12:27:17,0.634,0.7712,Driving,Zep,Driving_Under_Influence,2way,1.0,50,5G,-119,-160.0,2.0,0.0084754494671175,40.27934962892987,21.7539091036867,Normal
User_55,2025-10-07 05:38:03,0.447,0.8944,Walking,Ligeris,Driving_Under_Influence,1way,1.0,50,WiFi,-73,85.0,-13.0,0.0097733803288182,40.30498431240488,21.806739008849306,Normal
User_09,2025-10-07 06:24:08,0.307,0.9438,Walking,Ligeris,Speeding,4way,1.0,50,3G,-116,84.0,-2.0,0.003391906963504,40.30534970755442,21.80810920783503,Normal
User_60,2025-10-07 12:29:07,0.353,0.9248,Walking,Koila,Driving_Under_Influence,4way,0.0,60,WiFi,-58,89.0,-14.0,0.0077882908457171,40.32182360780237,21.79083881080692,Normal
User_28,2025-10-07 14:54:28,0.348,0.8683,Driving,Zep,Driving_Under_Influence,6way,0.0,70,WiFi,Ethernet,78.0,0.0,0.0048824741101612,40.27955536221827,21.75451656996357,Intentional
User_88,2025-10-07 17:38:35,0.471,0.6857,Driving,Koila,Speeding,2way,0.0,90,5G,-94,47.0,16.0,0.0074564389858869,40.32324494784521,21.79148621825472,Normal
User_20,2025-10-08 17:47:17,0.334,0.8831,Driving,Koila,Driving_Under_Influence,1way,0.0,80,5G,-98,10.0,-2.0,0.0072798973191066,40.32291915775096,21.79217249790847,Normal
User_62,2025-10-10 04:52:03,0.366,0.6732,Walking,Koila,Speeding,2way,0.0,70,4G,-85,86.0,-14.0,0.0044071998307763,40.321166838398575,21.792186269028864,Normal
User_79,2025-10-11 03:59:20,0.389,0.684,Walking,Zep,Reckless_Driving,2way,1.0,10,103,-77,84.0,-11.0,0.0080398229877682,40.279617043079355,21.75335580011961,Normal
User_94,2025-10-11 04:02:59,0.681,0.666,Running,Zep,Driving_Under_Influence,1way,1.0,80,3G,-87,25.0,12.0,0.0040848164285207,40.28034940304922,21.751225650669145,Normal
User_31,2025-10-11 10:48:50,0.56,0.9194,Running,Koila,Driving_Under_Influence,1way,5.0,40,5G,-85,25.0,6.0,0.0020826506987701,40.306230115631266,21.79112363340304,Normal
User_88,2025-10-11 11:35:16,0.471,0.6927,Driving,Koila,Driving_Under_Influence,1way,0.0,50,4G,Satellite,58.0,14.0,0.0081192115375108,40.32242609084244,21.792980775795264,Normal
User_57,2025-10-11 15:25:54,0.372,0.6792,Driving,Ligeris,Reckless_Driving,1way,0.0,40,5G,-89,9.0,0.0,0.0082987988752851,40.30628055040414,21.80745469217371,Normal
User_100,2025-10-11 19:25:07,0.37,0.82,Driving,Koila,Driving_Under_Influence,2way,1.0,30,3G,-83,70.0,13.0,0.0045795093822806,40.32109358752558,21.79038234598004,Normal
User_80,2025-10-11 20:24:56,0.704,0.7277,Walking,Koila,Driving_Under_Influence,1way,1.0,60,3G,-71,74.0,12.0,0.0040195853437938,40.32216680021993,21.791174552880896,Normal
User_24,2025-10-11 22:17:22,0.445,0.6496,Driving,Ligeris,Speeding,1way,1.0,20,4G,-109,72.0,-12.0,0.004090521167523,40.306262900106056,21.807469025921936,Normal
User_53,2025-10-12 02:07:08,0.313,0.6676,Running,Ligeris,Driving_Under_Influence,2way,1.0,70,3G,-120,81.0,1.0,0.0018588749584119,40.30618835801779,21.807877149712205,Normal
User_75,2025-10-12 15:27:33,0.409,0.7421,Driving,Koila,Speeding,1way,2.0,60,5G,-98,32.0,-8.0,0.005653142335994,40.3210514521877,21.79098836230869,Normal
User_13,2025-10-12 16:42:11,0.75,0.8134,Walking,Ligeris,Speeding,2way,0.0,40,110,-71,95.0,-15.0,0.0012620825330152,40.306998785797774,21.809593081530323,Normal
User_47,2025-10-12 17:03:37,0.585,0.6772,Running,Ligeris,Driving_Under_Influence,4way,0.0,70,5G,-72,82.0,8.0,0.0061437967359921,40.30760595518963,21.808954525901907,Normal
User_39,2025-10-12 21:37:59,0.598,0.7177,Running,Zep,Driving_Under_Influence,4way,1.0,50,WiFi,-67,62.0,3.0,0.0023255286048517,40.27960506006279,21.75189359805684,Normal
User_82,2025-10-13 16:33:29,0.324,0.7839,Running,Koila,Reckless_Driving,2way,4.0,10,WiFi,-93,43.0,15.0,0.0034775761665799,40.3217213772694,21.79081629882498,Normal
User_90,2025-10-14 04:14:01,0.525,0.6328,Driving,Zep,Speeding,4way,1.0,20,5G,-109,23.0,8.0,0.0068585316526037,40.306230115631266,21.753798605415856,Normal
User_56,2025-10-14 08:59:13,0.374,0.5857,Walking,Ligeris,Driving_Under_Influence,2way,0.0,70,5G,-104,97.0,3.0,0.0082707866514108,40.30585939899199,23.926652,Normal
User_57,2025-10-15 03:57:02,0.372,0.6862,Walking,Ligeris,Speeding,1way,0.0,60,3G,-81,93.0,-14.0,0.00999142921791,40.30498828191936,21.80823512912147,Normal
User_20,2025-10-15 05:57:20,0.334,0.8961,Driving,Zep,Reckless_Driving,4way,2.0,80,WiFi,Satellite,8.0,6.0,0.0068833747220339,40.306230115631266,21.753156340215497,Normal
User_47,2025-10-15 07:24:13,0.585,0.6822,Driving,Ligeris,Reckless_Driving,2way,4.0,40,3G,-82,50.0,-10.0,0.0085044742321392,40.30634104881928,21.80588024234881,Normal
User_03,2025-10-15 12:31:01,0.568,0.6034,Driving,Ligeris,Driving_Under_Influence,2way,1.0,60,WiFi,-78,40.0,-13.0,0.0060523613625343,40.30736025112964,21.806793401139345,Normal
User_82,2025-10-15 17:17:25,0.324,0.7879,Flying,Zep,Speeding,2way,1.0,10,WiFi,-61,49.0,-7.0,0.0047611914165854,40.280000914322,18.866324,Intentional
User_88,2025-10-15 20:01:47,0.471,0.7017,Running,Koila,Speeding,2way,1.0,80,114,-101,38.0,0.0,0.007866970150506,40.32098467130802,21.791509643438545,Normal
User_25,2025-10-15 22:00:26,0.408,0.7118,Walking,Koila,Speeding,1way,3.0,50,WiFi,-81,99.0,-6.0,0.0046971352765249,40.32070224119738,21.79148135447163,Normal
User_93,2025-10-16 06:43:00,0.588,0.5982,Driving,Ligeris,Driving_Under_Influence,4way,0.0,70,4G,-99,96.0,11.0,0.0093814885355723,41.155021,21.806368955424297,Normal
User_38,2025-10-17 10:09:30,0.306,0.8851,Walking,Zep,Speeding,4way,0.0,10,5G,-101,57.0,-2.0,0.0022591719479157,40.28043483498294,21.754751563338456,Normal
User_25,2025-10-17 13:32:10,0.408,0.7148,Driving,Koila,Speeding,2way,0.0,90,3G,-120,85.0,24.0,0.007694012877288,40.32304762652314,21.792198418956723,Unintentional
User_98,2025-10-17 16:45:44,0.46,0.7318,Walking,Ligeris,Driving_Under_Influence,2way,0.0,10,5G,-118,62.0,-8.0,0.0088199591902798,40.305560191105094,21.80931150691934,Normal
User_14,2025-10-18 03:42:04,0.393,0.7874,Running,Koila,Driving_Under_Influence,1way,1.0,60,4G,-120,74.0,6.0,0.0032868112741232,40.32234964033387,21.78912274702713,Normal
User_38,2025-10-18 18:33:46,0.306,0.8861,Running,Zep,Driving_Under_Influence,1way,1.0,20,WiFi,Satellite,100.0,11.0,0.0072904702589514,40.27956152502453,21.7532719086954,Normal
User_77,2025-10-19 15:06:50,0.428,0.6005,Driving,Koila,Driving_Under_Influence,4way,2.0,60,3G,-102,8.0,4.0,0.0045310699920866,42.544925,21.790376122858444,Normal
User_40,2025-10-19 23:56:35,0.482,0.9507,Driving,Zep,Driving_Under_Influence,1way,1.0,20,WiFi,-76,66.0,13.0,0.0079133509822523,40.27982971693426,21.753612340998743,Normal
User_91,2025-10-20 00:41:07,0.587,0.8888,Driving,Ligeris,Reckless_Driving,2way,0.0,50,4G,-109,16.0,-11.0,0.0073587172360406,40.30737852464035,21.80795586407504,Normal
User_20,2025-10-20 14:49:02,0.334,0.9061,Walking,Zep,Driving_Under_Influence,2way,0.0,Illegal_Parking,120,-78,93.0,11.0,0.0038664484417989,40.280038368003304,21.752255359941564,Normal
User_29,2025-10-21 17:14:31,0.415,0.7514,Driving,Zep,Reckless_Driving,2way,1.0,80,4G,-105,80.0,-2.0,0.0033917368621022,41.804717,21.75278626124167,Normal
User_81,2025-10-21 21:29:08,0.376,0.8705,Driving,Ligeris,Driving_Under_Influence,1way,2.0,90,3G,-107,49.0,-4.0,0.0081568061559175,40.30614901096481,21.80767855816928,Normal
User_39,2025-10-22 13:13:19,0.598,0.7367,Walking,Koila,Driving_Under_Influence,2way,2.0,80,WiFi,-51,81.0,-14.0,0.0068033278145101,40.32160546974588,21.791357535937458,Normal
User_62,2025-10-22 14:29:41,0.366,0.6972,Walking,Zep,Speeding,2way,1.0,80,WiFi,-62,-47.0,2.0,0.0070159087973961,40.27935650652972,21.75172793115694,Normal
User_07,2025-10-22 20:27:06,0.625,0.6704,Driving,Koila,Speeding,1way,0.0,50,WiFi,-63,49.0,0.0,0.0016988649077557,38.559231,21.791134852943323,Normal
User_12,2025-10-22 22:49:38,0.67,0.9412,Running,Koila,Speeding,4way,2.0,30,4G,-76,22.0,-9.0,0.0085619775618969,40.321451065598474,21.7893064071768,Normal
User_39,2025-10-23 01:24:13,0.598,0.7387,Running,Ligeris,Driving_Under_Influence,1way,2.0,60,5G,-101,77.0,-1.0,0.0045324269606463,40.306686501669304,21.807369809274665,Normal
User_20,2025-10-23 02:52:34,0.334,0.9121,Running,Koila,Reckless_Driving,2way,1.0,20,5G,-106,90.0,6.0,0.0072533670366103,38.379656,21.808188196751026,Normal
User_01,2025-10-23 07:24:01,0.619,0.8628,Running,Koila,Reckless_Driving,4way,1.0,90,WiFi,-52,70.0,3.0,0.0014429292079652,40.321477603785645,21.792631145177467,Normal
User_30,2025-10-23 16:12:22,0.413,0.6814,Driving,Koila,Speeding,2way,2.0,70,3G,-86,18.0,-2.0,0.0019617907297575,40.32153813636655,21.79128358944075,Normal
User_02,2025-10-24 16:38:37,0.529,0.8936,Running,Koila,Reckless_Driving,2way,0.0,30,WiFi,-88,51.0,-1.0,0.001377117210152,40.321536721938266,21.789810262636045,Normal
User_83,2025-10-24 17:23:26,0.309,0.9515,Running,Zep,Speeding,2way,1.0,10,WiFi,-96,63.0,-13.0,0.0042610464324125,40.27924064635605,21.755099777904924,Normal
User_44,2025-10-25 12:18:28,0.332,0.6776,Walking,Ligeris,Reckless_Driving,2way,0.0,80,5G,-102,18.0,-14.0,0.0090128588605529,40.30602403614083,21.80677671314784,Normal
User_78,2025-10-25 14:49:14,0.347,0.8346,Driving,Ligeris,Driving_Under_Influence,1way,0.0,50,4G,-112,1.0,1.0,0.0069414771691344,40.30539692353471,21.80602563682249,Normal
User_55,2025-10-26 10:50:48,0.447,0.9334,Walking,Zep,Reckless_Driving,4way,0.0,60,WiFi,-82,16.0,-14.0,0.0091485890249284,40.280017977443975,21.75473396557394,Normal
User_34,2025-10-26 16:13:46,0.431,0.7509,Driving,Koila,Speeding,2way,1.0,50,3G,-107,23.0,-12.0,0.005376284709249,40.32363447273337,21.79110344867507,Normal
User_49,2025-10-26 23:16:12,0.637,0.9383,Driving,Zep,Speeding,4way,5.0,90,WiFi,-52,13.0,12.0,0.0070988473297375,40.27952377958557,21.754319255537833,Normal
User_81,2025-10-27 08:45:35,0.376,0.8825,Driving,Zep,Speeding,1way,0.0,40,WiFi,-60,89.0,2.0,0.0081876085112179,40.27969085498529,21.751324768533383,Normal
User_88,2025-10-27 10:41:30,0.46,0.7247,Walking,Ligeris,Driving_Under_Influence,2way,0.0,20,WiFi,-73,11.0,23.0,0.0074563294297782,40.305883539324526,21.806692064090203,Unintentional
User_65,2025-10-27 15:51:35,0.448,0.6751,Driving,Zep,Speeding,2way,0.0,40,5G,-105,10.0,10.0,0.05,40.27984764077309,21.754749457800585,Unintentional
User_26,2025-10-27 21:49:49,0.408,0.8475,Walking,Ligeris,Reckless_Driving,2way,1.0,30,5G,-112,44.0,12.0,0.0014873237338972,40.307963675665334,21.807946192729172,Normal
User_68,2025-10-28 12:20:10,0.472,0.6329,Driving,Zep,Speeding,1way,2.0,110,4G,-86,61.0,3.0,0.0061136163581763,40.2792714906233,21.752163541049935,Normal
User_57,2025-10-28 14:18:45,0.372,0.7122,Running,Koila,Speeding,4way,2.0,30,WiFi,-56,26.0,4.0,0.0084707608037563,40.321172400682855,21.79109602653537,Normal
User_05,2025-10-29 15:39:09,0.743,0.8987,Driving,Zep,Speeding,2way,0.0,30,WiFi,-76,18.0,-13.0,0.0036921464763963,40.27932977911964,21.751054919935584,Normal
User_65,2025-10-29 23:42:52,0.448,0.5641,Driving,Zep,Driving_Under_Influence,2way,2.0,60,4G,-83,98.0,11.0,0.0055178734441602,40.280754559367246,21.753502731713116,Normal
User_40,2025-10-31 19:34:48,0.482,0.9737,Walking,Koila,Speeding,1way,0.0,50,3G,Satellite,99.0,-15.0,0.0099119625975864,40.32316940112,21.79308747242323,Normal
User_71,2025-11-01 08:02:55,0.256,0.6113,Running,Koila,Driving_Under_Influence,2way,3.0,40,5G,-99,41.0,-15.0,0.0033273070196703,40.321001961605795,21.791903000053473,Normal
User_15,2025-11-01 18:19:05,0.627,0.9161,Driving,Koila,Speeding,1way,3.0,10,119,-93,22.0,14.0,0.0021887871910048,40.32072293082261,21.792683162058157,Normal
User_49,2025-11-02 03:13:48,0.637,0.9513,Running,Ligeris,Reckless_Driving,4way,1.0,10,WiFi,-55,89.0,1.0,0.0060408747432456,40.30490129550564,19.844424,Normal
User_71,2025-11-02 06:47:48,0.256,0.6133,Running,Zep,Reckless_Driving,1way,5.0,70,WiFi,-55,2.0,11.0,0.042,40.279848252115585,21.75455220217831,Unintentional
User_88,2025-11-02 12:08:02,0.471,0.7377,Running,Koila,Reckless_Driving,1way,3.0,10,5G,-76,10.0,12.0,0.0033650409878274,40.321577311460686,21.79187622318948,Normal
User_17,2025-11-02 12:57:20,0.631,0.7508,Walking,Zep,Reckless_Driving,2way,0.0,50,3G,-105,92.0,-15.0,0.0058404889417769,40.28022530675128,21.753451251690414,Normal
User_03,2025-11-02 13:22:01,0.568,0.6404,Driving,Koila,Reckless_Driving,2way,2.0,60,4G,-74,71.0,13.0,0.0029549079967322,40.307340335151835,21.808355620739256,Normal
User_45,2025-11-02 16:28:47,0.285,0.8843,Walking,Zep,Reckless_Driving,2way,0.0,70,3G,-98,64.0,-5.0,0.0014413735686958,40.28062008817216,21.75262007630359,Normal
User_55,2025-11-02 20:37:31,0.447,0.9474,Driving,Koila,Reckless_Driving,2way,1.0,50,4G,-106,32.0,-14.0,0.0097865602278541,40.32207510503297,21.789172590951537,Normal
User_37,2025-11-03 03:10:31,0.306,0.8884,Running,Zep,Speeding,1way,1.0,20,4G,-96,39.0,8.0,0.0056228190671265,40.27957294969887,21.753755896372017,Normal
User_48,2025-11-03 12:51:37,0.599,0.8814,Running,Ligeris,Driving_Under_Influence,2way,2.0,10,5G,-100,51.0,9.0,0.0064852339939038,40.30653960138445,21.80860854053898,Normal
User_86,2025-11-03 23:32:11,0.469,0.6151,Driving,Koila,Driving_Under_Influence,2way,0.0,10,3G,-85,70.0,-9.0,0.0093189791003381,40.32229094971499,21.791089980593046,Normal
User_63,2025-11-04 05:12:39,0.543,0.7306,Running,Koila,Speeding,2way,0.0,70,5G,-88,37.0,-1.0,0.0065107286658826,40.32232932686732,21.79056174225868,Normal
User_100,2025-11-04 13:28:48,0.37,0.869,Running,Zep,Reckless_Driving,2way,0.0,80,4G,-70,44.0,6.0,0.046,40.27802769428733,21.753273322774135,Unintentional
User_88,2025-11-04 15:23:36,0.471,0.7417,Driving,Zep,Driving_Under_Influence,4way,2.0,40,WiFi,-71,27.0,-13.0,0.0052572099620506,40.27929562421634,21.75428785875005,Normal
User_36,2025-11-04 17:48:21,0.563,1.0,Running,Ligeris,Speeding,4way,0.0,30,4G,-102,61.0,0.0,0.0019452777481347,40.306060402229825,21.80777308035344,Normal
User_56,2025-11-05 11:52:36,0.374,0.6287,Driving,Zep,Driving_Under_Influence,2way,1.0,80,4G,-74,77.0,-5.0,0.00391988687208,40.27938471012966,21.752841562443543,Normal
User_80,2025-11-05 13:50:52,0.704,0.7767,Driving,Ligeris,Speeding,2way,1.0,10,5G,-91,34.0,1.0,0.005653142335994,40.3068474383642,21.807981149738456,Normal
User_14,2025-11-05 19:24:38,0.393,0.8244,Flying,Zep,Driving_Under_Influence,4way,2.0,30,5G,-110,47.0,-9.0,0.0057137551605893,40.27974354678259,21.75355842972892,Intentional
User_23,2025-11-06 05:08:01,0.458,0.767,Walking,Zep,Driving_Under_Influence,1way,0.0,80,5G,-107,39.0,-7.0,0.023,40.28024019768137,21.75508125634687,Unintentional
User_55,2025-11-06 06:53:13,0.447,0.9544,Running,Ligeris,Driving_Under_Influence,4way,2.0,10,3G,-94,100.0,11.0,0.0079092960469213,40.30702800779746,21.8068223886425,Normal
User_08,2025-11-06 15:22:53,0.347,0.9778,Driving,Zep,Speeding,2way,0.0,10,3G,-108,95.0,8.0,0.0037209335137043,40.27962264540435,21.791256784153244,Normal
User_99,2025-11-06 21:42:04,0.465,0.8294,Running,Ligeris,Speeding,1way,0.0,80,WiFi,-78,78.0,-10.0,0.0077666467044002,40.30601332593476,21.80863021955079,Normal
User_72,2025-11-06 21:47:46,0.567,0.6605,Driving,Zep,Reckless_Driving,2way,4.0,30,4G,-74,54.0,-11.0,0.0091032341774416,40.2797951009496,21.753927662628342,Normal
User_25,2025-11-06 23:21:49,0.408,0.7558,Walking,Zep,Speeding,4way,3.0,60,111,-88,91.0,-5.0,0.0011924644609708,40.27808106936365,21.753678529208734,Normal
User_05,2025-11-07 01:26:57,0.743,0.9167,Walking,Koila,Speeding,1way,1.0,60,5G,-100,100.0,-13.0,0.0019703566751522,40.32108374815916,21.790550736800196,Normal
User_60,2025-11-07 12:57:42,0.353,0.9858,Walking,Zep,Reckless_Driving,1way,1.0,80,5G,-111,70.0,-6.0,0.008537557889798,40.27881974059326,21.751139388772884,Normal
User_01,2025-11-07 18:26:48,0.619,0.8938,Running,Koila,Driving_Under_Influence,2way,0.0,10,3G,-75,43.0,-3.0,0.0037221919912307,40.32211863093715,21.790951815619778,Normal
User_89,2025-11-08 18:21:09,0.336,0.6361,Walking,Koila,Speeding,2way,1.0,40,3G,-89,7.0,13.0,0.0072946141011634,40.32161105911478,21.790645488818942,Normal
User_39,2025-11-09 06:17:06,0.598,0.7727,Running,Koila,Reckless_Driving,4way,0.0,60,3G,-78,31.0,-4.0,0.03,40.32229754626525,21.790572482830857,Unintentional
User_78,2025-11-09 07:39:51,0.347,0.8636,Driving,Zep,Reckless_Driving,2way,1.0,60,WiFi,-51,49.0,-16.0,0.0079633952977322,40.28080286041806,21.753304988405507,Normal
User_58,2025-11-09 12:01:46,0.465,0.659,Driving,Zep,Speeding,2way,0.0,80,5G,-86,31.0,8.0,0.0062673870050581,40.27979863940374,19.280103,Normal
User_75,2025-11-09 14:37:03,0.409,0.7981,Driving,Zep,Reckless_Driving,1way,0.0,20,WiFi,-71,29.0,-12.0,0.0033149386694042,40.27960026148176,21.791256784153244,Normal
User_54,2025-11-09 23:47:45,0.327,0.8999,Driving,Ligeris,Driving_Under_Influence,2way,0.0,50,WiFi,-74,65.0,-1.0,0.001725608092461,40.30593315524361,21.807309601957563,Normal
User_62,2025-11-10 06:14:18,0.366,0.7352,Walking,Zep,Driving_Under_Influence,2way,0.0,50,4G,-91,35.0,14.0,0.0017680311708064,38.664555,21.75344085240929,Normal
User_28,2025-11-10 09:23:17,0.348,0.9363,Running,Zep,Driving_Under_Influence,4way,1.0,40,3G,-78,100.0,-16.0,0.0066398190666496,40.27948884706076,21.752992572151108,Normal
User_92,2025-11-10 21:21:34,0.694,0.8032,Running,Zep,Driving_Under_Influence,4way,1.0,50,WiFi,-73,54.0,9.0,0.0081936778981131,40.280916988830526,21.791256784153244,Normal
User_92,2025-11-11 03:43:49,0.694,0.8042,Driving,Ligeris,Speeding,2way,1.0,50,5G,-106,90.0,-12.0,0.0091700994016848,40.30694696092595,21.806144404473297,Normal
User_12,2025-11-11 03:57:36,0.67,0.9802,Walking,Zep,Reckless_Driving,1way,0.0,10,104,-74,13.0,11.0,0.0041598572420576,40.279299874274514,21.75133462319092,Normal
User_18,2025-11-11 06:48:18,0.251,1.0,Running,Koila,Driving_Under_Influence,4way,0.0,30,3G,-116,55.0,0.0,0.0015445140028584,40.306230115631266,21.78995056723577,Normal
User_72,2025-11-11 15:37:46,0.567,0.6705,Driving,Koila,Speeding,4way,1.0,70,4G,-116,5.0,23.0,0.0087810315255756,40.32089883517849,21.79184586809973,Unintentional
User_65,2025-11-12 01:23:47,0.448,0.7061,Walking,Koila,Speeding,4way,1.0,30,4G,Ethernet,77.0,16.0,0.0012869013802348,40.32117982204974,21.791413569691567,Normal
User_35,2025-11-12 19:50:08,0.274,0.7112,Walking,Ligeris,Speeding,2way,0.0,10,4G,-85,40.0,-11.0,0.005653142335994,40.304543487909186,21.80774841053501,Normal
User_13,2025-11-14 10:25:00,0.75,0.5641,Walking,Zep,Speeding,4way,2.0,60,3G,-81,63.0,16.0,0.0053520831338143,40.28119711537437,21.75340329504937,Normal
User_46,2025-11-14 18:02:42,0.519,0.9766,Walking,Zep,Driving_Under_Influence,2way,0.0,90,5G,-87,92.0,9.0,0.0027366720032549,40.278556887217995,21.752393026300464,Normal
User_71,2025-11-14 23:01:05,0.256,0.6373,Walking,Zep,Speeding,4way,1.0,40,3G,-101,55.0,15.0,0.0044008630686304,40.28022160667322,21.752468761685815,Normal
User_30,2025-11-14 23:46:14,0.413,0.7254,Driving,Ligeris,Reckless_Driving,2way,0.0,30,5G,-96,72.0,10.0,0.0054930585477525,40.30466348883906,21.806557960890935,Normal
User_41,2025-11-15 05:02:13,0.628,0.7981,Walking,Ligeris,Reckless_Driving,4way,0.0,20,3G,-87,89.0,15.0,0.0079297531757584,40.30711907174091,21.807743960798263,Normal
User_49,2025-11-15 05:40:00,0.637,0.9783,Walking,Zep,Speeding,2way,0.0,40,3G,-81,20.0,6.0,0.0094274427454539,40.27970999836947,21.7518732183244,Normal
User_30,2025-11-15 16:54:56,0.413,0.7264,Running,Koila,Driving_Under_Influence,1way,1.0,40,WiFi,-68,26.0,-2.0,0.0014951741916012,40.32316159626958,21.792460910377233,Normal
User_08,2025-11-15 22:13:23,0.347,0.9958,Driving,Ligeris,Driving_Under_Influence,2way,5.0,40,111,-77,91.0,-16.0,0.0055846719300898,40.30718487905065,21.8071195321984,Normal
User_51,2025-11-16 11:43:27,0.46,1.0,Running,Koila,Driving_Under_Influence,2way,0.0,40,102,-120,48.0,0.0,0.0038344922804724,40.32315915343061,21.789773614524847,Normal
User_46,2025-11-16 17:24:23,0.519,0.9806,Driving,Koila,Reckless_Driving,2way,0.0,20,5G,-116,67.0,1.0,0.0031024333722515,40.321356494257905,21.79194070395724,Normal
User_13,2025-11-17 01:40:38,0.75,0.8844,Driving,Zep,Reckless_Driving,1way,1.0,90,4G,-76,80.0,9.0,0.0018160347977341,40.27949060272766,21.75153339054673,Normal
User_82,2025-11-17 15:19:19,0.324,0.8529,Driving,Zep,Reckless_Driving,2way,1.0,20,WiFi,-51,84.0,-21.0,0.0034908318696987,40.28075734544303,21.75319127971715,Unintentional
User_69,2025-11-18 02:15:46,0.34,1.0,Walking,Zep,Reckless_Driving,4way,0.0,110,3G,-102,-24.0,0.0,0.0010039421962854,40.2795439498579,21.75250282936474,Normal
User_01,2025-11-18 18:23:43,0.619,0.9158,Driving,Zep,Reckless_Driving,2way,0.0,60,WiFi,-56,88.0,16.0,0.0028208564677899,40.27975431333075,21.752881114629016,Normal
User_23,2025-11-18 19:45:19,0.458,0.792,Driving,Koila,Reckless_Driving,2way,0.0,30,3G,-88,16.0,-10.0,0.0054771223827592,40.3213934621052,21.79341708382382,Normal
User_08,2025-11-18 21:14:39,0.347,1.0,Driving,Koila,Driving_Under_Influence,2way,0.0,70,4G,-90,9.0,-16.0,0.0053872770545585,40.32165949245589,21.79023719229452,Normal
User_100,2025-11-20 11:09:07,0.37,0.901,Running,Koila,Driving_Under_Influence,4way,0.0,60,WiFi,-111,28.0,-16.0,0.0084418176858081,40.323542971505915,21.791177685489703,Normal
User_29,2025-11-21 08:01:21,0.415,0.8124,Walking,Ligeris,Speeding,1way,0.0,50,3G,-77,77.0,-4.0,0.00429534978416,40.30600961048464,21.807393481806105,Normal
User_34,2025-11-21 15:51:39,0.431,0.8019,Running,Koila,Speeding,2way,1.0,30,4G,-73,88.0,2.0,0.0065577336039437,40.32180237967874,21.790894296600115,Normal
User_02,2025-11-23 08:57:44,0.529,0.9526,Walking,Ligeris,Speeding,2way,0.0,100,3G,-76,31.0,-6.0,0.009144763290924,40.30528842241325,21.809000288815003,Normal
User_29,2025-11-23 11:27:38,0.415,0.8174,Running,Zep,Reckless_Driving,1way,0.0,40,WiFi,-62,99.0,2.0,0.0037383683460925,40.279570581792605,19.753603,Normal
User_25,2025-11-23 18:20:55,0.408,0.7898,Flying,Zep,Speeding,2way,0.0,20,WiFi,-91,74.0,4.0,0.0026407778476546,40.27919792700738,21.753509042280832,Intentional
User_32,2025-11-24 03:23:13,0.464,0.674,Driving,Koila,Reckless_Driving,4way,150.0,50,4G,Satellite,45.0,8.0,0.0024572012902384,40.32206677951458,21.79126662629578,Normal
User_10,2025-11-24 04:21:41,0.315,1.0,Walking,Zep,Driving_Under_Influence,2way,0.0,10,3G,-90,-12.0,5.0,0.0041506387254019,40.2786435120463,21.752757044887968,Normal
User_50,2025-11-25 01:29:02,0.398,0.8886,Running,Zep,Reckless_Driving,2way,1.0,60,4G,-71,69.0,-7.0,0.0034416805139662,40.278314606456235,21.753586798882488,Normal
User_28,2025-11-25 09:00:26,0.348,0.9663,Walking,Ligeris,Reckless_Driving,1way,1.0,40,4G,-90,91.0,-4.0,0.0027844816029883,40.30677929153299,17.00169,Normal
User_77,2025-11-25 19:50:50,0.428,0.6735,Driving,Ligeris,Driving_Under_Influence,1way,0.0,20,3G,-96,32.0,13.0,0.0080786534400833,40.30625663228851,21.80782305147267,Normal
User_47,2025-11-27 00:10:16,0.585,0.7682,Driving,Ligeris,Reckless_Driving,2way,2.0,20,5G,-84,76.0,2.0,0.0030222046896064,40.306107257880576,21.807565871863968,Normal
User_03,2025-11-27 01:04:51,0.568,0.6894,Walking,Ligeris,Driving_Under_Influence,1way,1.0,30,5G,-93,1.0,-9.0,0.0080655378804551,40.306164442575295,21.80763329373358,Normal
User_42,2025-11-27 16:58:05,0.738,0.7736,Running,Ligeris,Reckless_Driving,4way,4.0,60,4G,-70,0.0,-8.0,0.0051425039443261,40.30681221164034,21.808587760927914,Normal
User_14,2025-11-28 16:53:58,0.393,0.8704,Running,Koila,Reckless_Driving,2way,3.0,60,3G,-101,14.0,-3.0,0.0098200552508572,40.30742083168594,21.80705219933977,Normal
User_23,2025-11-28 18:16:00,0.458,0.812,Running,Ligeris,Speeding,4way,0.0,60,WiFi,-59,7.0,12.0,0.0060006769619967,40.30707134088448,21.808321329823325,Normal
User_49,2025-11-29 06:06:42,0.637,1.0,Driving,Zep,Driving_Under_Influence,2way,3.0,80,WiFi,-86,46.0,8.0,0.037,40.28007615782052,21.753293142473815,Unintentional
User_91,2025-11-29 07:37:33,0.587,0.9688,Walking,Ligeris,Driving_Under_Influence,1way,1.0,50,5G,-100,71.0,13.0,0.0088128110261955,40.30520258793871,21.806418431171707,Normal
User_57,2025-11-30 01:23:49,0.372,0.7782,Driving,Koila,Reckless_Driving,2way,0.0,10,4G,-98,97.0,3.0,0.0077539805781957,40.32180707178773,21.78958674376211,Normal
User_52,2025-11-30 07:17:17,0.544,0.7432,Walking,Zep,Reckless_Driving,2way,1.0,90,WiFi,-79,32.0,-2.0,0.0093161247525816,37.66461,21.7549025763137,Normal
User_51,2025-11-30 18:12:33,0.613,1.0,Driving,Koila,Driving_Under_Influence,4way,3.0,90,WiFi,-62,12.0,-14.0,0.0031907512112864,40.32200684731321,21.79154162352243,Normal
User_99,2025-12-01 02:34:15,0.465,0.8784,Running,Zep,Speeding,2way,2.0,60,WiFi,-70,76.0,-4.0,0.0087463015767217,40.27921397792112,21.75182100756602,Normal
User_44,2025-12-01 21:10:33,0.332,0.7526,Walking,Koila,Speeding,2way,0.0,90,WiFi,-75,100.0,12.0,0.0085584700867162,41.630215,21.79175703844933,Normal
User_59,2025-12-01 23:28:16,0.265,0.8472,Walking,Zep,Reckless_Driving,2way,0.0,90,WiFi,-52,83.0,-16.0,0.0029844335852546,40.28032530035464,21.752408325756807,Normal
User_35,2025-12-02 02:01:39,0.274,0.7502,Walking,Zep,Reckless_Driving,2way,1.0,60,4G,-72,9.0,3.0,0.0076985766693544,40.279898983905134,21.752068091581116,Normal
User_25,2025-12-02 07:53:59,0.408,0.8078,Driving,Zep,Reckless_Driving,2way,0.0,90,WiFi,-52,26.0,-6.0,0.0053655149640175,40.27778394747176,21.75343074864745,Normal
User_08,2025-12-02 10:33:01,0.347,1.0,Driving,Ligeris,Reckless_Driving,2way,0.0,40,3G,-81,25.0,-8.0,0.0029656613575628,40.30645907219344,21.80726272262492,Normal
User_49,2025-12-02 11:54:48,0.637,1.0,Walking,Koila,Reckless_Driving,5way,2.0,80,114,-103,43.0,-12.0,0.0019848614588531,40.322621383192896,21.79314889853122,Intentional
User_91,2025-12-02 15:45:11,0.587,0.9758,Walking,Ligeris,Reckless_Driving,2way,2.0,20,WiFi,-64,56.0,-13.0,0.0044991547051227,40.30654737202264,21.807046800009104,Normal
User_99,2025-12-02 18:43:00,0.465,0.5641,Walking,Ligeris,Driving_Under_Influence,1way,1.0,40,3G,-103,28.0,-3.0,0.0094023865196527,40.305401346439794,21.808241710464632,Normal
User_40,2025-12-02 23:22:36,0.482,1.0,Walking,Spinari,Speeding,2way,1.0,50,5G,-79,67.0,9.0,0.0078545205427689,40.27806988879034,21.75237575508084,Intentional
User_16,2025-12-03 02:01:13,0.513,0.8787,Running,Koila,Reckless_Driving,2way,1.0,90,5G,-71,24.0,-14.0,0.0075880679261042,40.3223452374033,21.790917169865903,Normal
User_91,2025-12-03 08:22:25,0.587,0.9768,Walking,Zep,Speeding,1way,0.0,90,WiFi,-51,87.0,12.0,0.0015664066531401,40.27955439704755,21.753792413025725,Normal
User_07,2025-12-03 14:06:05,0.625,0.7544,Walking,Zep,Reckless_Driving,2way,0.0,20,4G,-88,98.0,16.0,0.0034670594373973,40.2795153643855,21.753992686167656,Normal
User_73,2025-12-03 16:36:47,0.325,0.8637,Walking,Ligeris,6,4way,0.0,30,5G,-120,64.0,14.0,0.0067934524034741,40.30728351649017,17.32203,Normal
User_93,2025-12-04 10:34:48,0.588,0.6962,Driving,Koila,Reckless_Driving,1way,5.0,10,5G,Ethernet,97.0,16.0,0.0059346094260967,40.321480039358285,21.79080108365391,Normal
User_12,2025-12-04 14:45:24,0.67,1.0,Flying,Ligeris,Driving_Under_Influence,2way,0.0,80,4G,-116,14.0,0.0,0.0095583259809136,40.3061953769548,21.808371162214613,Intentional
User_70,2025-12-05 04:41:27,0.601,0.7709,Walking,Koila,Reckless_Driving,2way,0.0,50,4G,-71,14.0,6.0,0.0064554377986831,40.32222388216801,21.79139408640455,Normal
User_19,2025-12-06 01:58:31,0.745,1.0,Driving,Ligeris,Reckless_Driving,6way,1.0,10,4G,Ethernet,64.0,4.0,0.0097518205476874,40.30626921519661,21.807503193931527,Intentional
User_49,2025-12-06 13:47:52,0.637,1.0,Walking,Ligeris,Reckless_Driving,1way,5.0,40,WiFi,-66,-131.0,-4.0,0.0053991773973046,40.30569842121792,21.809132452744024,Normal
User_54,2025-12-06 17:55:15,0.327,0.9539,Driving,Zep,Reckless_Driving,2way,0.0,60,3G,-113,25.0,2.0,0.0099079898770638,40.27960422928776,21.753404433403812,Normal
User_44,2025-12-06 21:33:39,0.332,0.7626,Driving,Zep,Speeding,2way,0.0,30,5G,-88,1.0,-3.0,0.0055435772135865,40.27935332519843,21.752124082205025,Normal
User_81,2025-12-07 07:44:56,0.376,0.9635,Driving,Zep,Speeding,2way,1.0,60,5G,-101,44.0,13.0,0.027,40.280129256374515,21.75225448906765,Unintentional
User_02,2025-12-07 16:07:42,0.529,0.9806,Running,Ligeris,Speeding,1way,4.0,50,WiFi,-66,5.0,1.0,0.0022632450396366,40.306900587603266,21.805625009828965,Normal
User_07,2025-12-08 03:28:29,0.625,0.7634,Walking,Ligeris,Reckless_Driving,4way,4.0,10,5G,-85,34.0,8.0,0.0085544347813914,40.3067486011293,21.807113598719894,Normal
User_67,2025-12-08 09:22:38,0.529,0.8936,Walking,Ligeris,Driving_Under_Influence,2way,0.0,30,WiFi,-88,37.0,-13.0,0.0014074066554918,40.30645507509803,21.80777261937852,Normal
User_47,2025-12-08 11:40:16,0.585,0.7902,Running,Koila,Driving_Under_Influence,2way,0.0,40,4G,-106,34.0,0.0,0.0093475383283469,40.3215409488122,21.79283352698566,Normal
User_73,2025-12-09 12:32:23,0.325,0.8747,Driving,Koila,Speeding,2way,0.0,50,3G,-97,79.0,10.0,0.0063186519595079,40.32224171608252,21.790949441131843,Normal
User_35,2025-12-09 13:16:38,0.274,0.7652,Walking,Koila,Speeding,4way,5.0,30,WiFi,-82,20.0,0.0,0.005653142335994,40.32208991988591,21.79108986233489,Normal
User_10,2025-12-09 15:27:40,0.315,1.0,Driving,Koila,Reckless_Driving,1way,3.0,80,WiFi,-59,77.0,-13.0,0.0081283018715101,40.32155612439991,21.789015098777607,Normal
User_63,2025-12-10 06:30:08,0.543,0.8026,Driving,Zep,Driving_Under_Influence,4way,4.0,50,3G,-94,91.0,10.0,0.0036748799011188,40.279818485038696,21.75314336120097,Normal
User_62,2025-12-10 13:55:13,0.366,0.7952,Driving,Ligeris,Reckless_Driving,2way,1.0,40,5G,-95,8.0,-3.0,0.0018255379743124,40.30780959656624,21.80724419234666,Normal
User_12,2025-12-10 19:58:11,0.67,1.0,Running,Ligeris,Speeding,2way,1.0,Harassing_Driver,5G,-91,48.0,-3.0,0.0043445920994614,40.30600786829741,21.807543435223135,Normal
User_03,2025-12-10 20:02:14,0.568,0.7154,Walking,Zep,Reckless_Driving,2way,1.0,Illegal_Parking,WiFi,-78,84.0,-4.0,0.0018560248391456,40.27838231086387,23.498956,Normal
User_57,2025-12-11 02:49:30,0.372,0.8002,Driving,Koila,Driving_Under_Influence,2way,0.0,60,WiFi,-80,72.0,-7.0,0.003712279362949,40.32204131797206,21.78993231786273,Normal
User_11,2025-12-11 05:22:25,0.602,1.0,Running,Ligeris,Reckless_Driving,4way,0.0,10,4G,-98,73.0,-16.0,0.0027731751652169,40.305238816334054,21.806720962051976,Normal
User_74,2025-12-11 06:28:01,0.497,1.0,Walking,Koila,Speeding,2way,0.0,60,4G,-111,41.0,-16.0,0.0024871517999769,40.32112494736443,21.79262908938374,Normal
User_38,2025-12-11 11:35:23,0.306,0.9951,Walking,Zep,Reckless_Driving,4way,1.0,20,5G,-96,21.0,-16.0,0.0040799680979502,40.2810100695933,21.7519404730933,Normal
User_22,2025-12-12 12:55:39,0.413,0.7379,Driving,Zep,Driving_Under_Influence,2way,2.0,30,3G,-113,7.0,1.0,0.0059232243103282,40.27956470293259,21.751233950526945,Normal
User_36,2025-12-12 13:38:21,0.563,1.0,Driving,Ligeris,Driving_Under_Influence,4way,3.0,10,WiFi,-56,35.0,-7.0,0.0064926192653126,40.304894955914065,21.808224706711368,Normal
User_80,2025-12-13 03:00:36,0.704,0.8527,Running,Zep,Speeding,1way,1.0,90,WiFi,-53,14.0,-6.0,0.006231163476724,40.27986366865503,21.753114332080848,Normal
User_62,2025-12-13 10:12:07,0.366,0.8022,Driving,Koila,Driving_Under_Influence,2way,1.0,80,WiFi,-76,52.0,2.0,0.0052027792811941,40.32284595030659,21.791189520246505,Normal
User_76,2025-12-13 12:39:54,0.355,0.8911,Walking,Koila,Reckless_Driving,2way,0.0,30,5G,-103,95.0,5.0,0.0097193053932762,40.32261879761768,21.791300673541393,Normal
User_32,2025-12-13 19:28:34,0.464,0.5641,Running,Koila,Driving_Under_Influence,4way,0.0,10,5G,-106,49.0,-8.0,0.0028170849386371,40.322550686237435,21.79206165065225,Normal
User_75,2025-12-14 05:52:03,0.409,0.8671,Driving,Koila,Reckless_Driving,4way,1.0,90,5G,-111,84.0,2.0,0.006681356818363,40.321981782114854,21.79217649014551,Normal
User_60,2025-12-14 21:19:23,0.353,1.0,Running,Ligeris,Speeding,2way,1.0,40,WiFi,-71,18.0,-11.0,0.0031067001661031,40.3078576811924,21.807129593237363,Normal
User_61,2025-12-15 05:19:28,0.546,0.7767,Running,Zep,Speeding,2way,0.0,10,5G,-116,10.0,4.0,0.0085956052957557,40.27908331956904,21.752504678056397,Normal
User_62,2025-12-15 10:35:12,0.366,0.8052,Driving,Zep,Reckless_Driving,1way,0.0,50,4G,-87,-128.0,-5.0,0.008747470005572,40.27925010972469,21.75249569820688,Normal
User_04,2025-12-16 07:18:48,0.662,0.7517,Driving,Ligeris,Reckless_Driving,2way,0.0,20,WiFi,-61,0.0,-16.0,0.0030640625084835,40.30524121532572,21.807557443938677,Normal
User_11,2025-12-16 16:32:38,0.602,1.0,Running,Zep,Speeding,4way,0.0,Lane_Discards,5G,-94,73.0,5.0,0.0094249909094923,40.27906565290842,21.754207070546144,Normal
User_37,2025-12-17 08:24:55,0.306,0.9774,Running,Zep,Reckless_Driving,1way,0.0,70,3G,-105,19.0,-6.0,0.0091699309133874,40.306230115631266,21.754236769692536,Normal
User_64,2025-12-17 12:36:42,0.511,1.0,Running,Ligeris,Reckless_Driving,1way,2.0,80,3G,-86,92.0,-9.0,0.0041658362601816,40.306230115631266,21.80799027900767,Normal
User_20,2025-12-17 17:43:10,0.334,1.0,Walking,Zep,Driving_Under_Influence,2way,0.0,10,113,-85,21.0,0.0,0.0058026634989327,40.27980825360989,21.75257372146798,Normal
User_93,2025-12-17 19:52:21,0.588,0.7222,Walking,Ligeris,Reckless_Driving,2way,0.0,70,5G,-91,99.0,13.0,0.0081042232253733,40.30509399237498,21.807147391435677,Normal
User_06,2025-12-17 21:42:09,0.584,1.0,Walking,Ligeris,Speeding,4way,1.0,10,3G,-85,52.0,14.0,0.0030357776425611,40.30559715569781,21.805626894721232,Normal
User_05,2025-12-17 22:24:59,0.743,0.9977,Driving,Ligeris,Reckless_Driving,4way,2.0,50,3G,-78,85.0,-12.0,0.036,40.306310473415294,21.80869844138248,Unintentional
User_86,2025-12-18 03:28:01,0.469,0.7041,Driving,Koila,Reckless_Driving,1way,5.0,60,3G,-115,49.0,2.0,0.0047003923030622,40.32232749269686,21.78998973619212,Normal
User_59,2025-12-18 08:22:00,0.265,0.8802,Driving,Koila,Driving_Under_Influence,1way,1.0,30,WiFi,-51,99.0,7.0,0.00545830783395,40.32120760439073,21.790988482575596,Normal
User_44,2025-12-18 13:59:05,0.332,0.7856,Driving,Zep,Driving_Under_Influence,4way,0.0,40,4G,-97,25.0,2.0,0.0054547859777489,40.306230115631266,21.754069746797672,Normal
User_20,2025-12-18 14:46:06,0.334,1.0,Driving,Koila,Reckless_Driving,2way,150.0,40,5G,Satellite,72.0,2.0,0.0028935612317418,40.32104068545145,21.79077268741416,Normal
User_99,2025-12-18 23:21:58,0.465,0.9134,Running,Koila,Speeding,2way,0.0,50,3G,-114,18.0,-16.0,0.0091340730922258,40.32254934765255,21.7903326519071,Normal
User_83,2025-12-19 17:49:57,0.309,1.0,Running,Ligeris,Reckless_Driving,2way,0.0,30,WiFi,-114,90.0,1.0,0.0090646234146921,40.30578621054266,21.80592254720727,Normal
User_85,2025-12-19 21:28:12,0.254,0.8313,Swimming,Ligeris,Speeding,1way,1.0,30,4G,Ethernet,91.0,8.0,0.0086736956886457,40.30585979015676,21.807081769709857,Intentional
User_90,2025-12-20 11:28:37,0.525,0.7678,Driving,Zep,Reckless_Driving,1way,0.0,10,4G,-114,86.0,11.0,0.004085595813667,40.27910219030448,21.7538374377914,Normal
User_06,2025-12-21 00:26:32,0.584,1.0,Walking,Ligeris,Reckless_Driving,1way,0.0,40,WiFi,-63,70.0,15.0,0.0047065264584887,40.306516901970035,21.806974924312907,Normal
User_87,2025-12-21 02:52:18,0.709,1.0,Walking,Zep,Reckless_Driving,2way,1.0,30,WiFi,-89,11.0,7.0,0.004701580340556,40.28017659021418,21.75483384217724,Normal
User_40,2025-12-21 23:49:33,0.482,1.0,Running,Ligeris,Reckless_Driving,2way,2.0,90,3G,-77,16.0,-8.0,0.0077422413978817,40.30667371118313,21.807424733686677,Normal
User_26,2025-12-22 07:27:42,0.408,0.9595,Walking,Zep,Speeding,2way,0.0,20,WiFi,-110,73.0,16.0,0.0019850809016416,40.28001640065281,21.751587022912396,Normal
User_77,2025-12-22 10:25:00,0.428,0.7285,Driving,Koila,Reckless_Driving,2way,0.0,30,5G,-83,75.0,4.0,0.00709778745456,40.321676921730415,21.79028148304012,Normal
User_81,2025-12-22 13:40:53,0.376,0.9945,Walking,Koila,Driving_Under_Influence,2way,1.0,30,WiFi,-85,73.0,2.0,0.001840316175267,40.32184460185501,21.792513201199124,Normal
User_15,2025-12-23 09:27:19,0.627,1.0,Walking,Zep,Reckless_Driving,4way,1.0,30,4G,-106,18.0,-3.0,0.0061205349384374,40.27938411572241,21.753487469637992,Normal
User_91,2025-12-24 11:07:34,0.587,1.0,Driving,Zep,Reckless_Driving,4way,1.0,30,5G,-89,52.0,5.0,0.0074506304704855,40.280595069019846,21.752925653142015,Normal
User_59,2025-12-24 23:01:24,0.265,0.8932,Running,Ligeris,Speeding,2way,1.0,90,5G,-108,10.0,7.0,0.0072617047389374,40.3066996953891,21.80959073815873,Normal
User_03,2025-12-25 19:29:32,0.46,0.7464,Running,Koila,Driving_Under_Influence,1way,0.0,80,5G,-77,14.0,-5.0,0.0041789162338338,40.321127952918374,21.79124762951033,Normal
User_21,2025-12-25 21:57:39,0.303,0.7302,Running,Ligeris,Driving_Under_Influence,1way,0.0,60,5G,-97,86.0,3.0,0.0079423549667842,40.30639458699674,21.807562345302244,Normal
User_74,2025-12-26 00:48:44,0.497,1.0,Driving,Koila,Driving_Under_Influence,2way,1.0,80,5G,-82,62.0,-9.0,0.0066945555548218,40.322084384284,21.79120121047065,Normal
User_60,2025-12-26 06:22:22,0.353,1.0,Running,Ligeris,Speeding,2way,0.0,40,4G,-120,12.0,-8.0,0.0057582887236979,42.021795,21.805666446310237,Normal
User_77,2025-12-26 18:42:04,0.428,0.7355,Driving,Ligeris,Driving_Under_Influence,1way,0.0,20,3G,-76,37.0,-16.0,0.0095307744826041,40.30555297591973,21.805628371177285,Normal
User_99,2025-12-27 13:49:11,0.465,0.9304,Driving,Koila,Reckless_Driving,2way,0.0,40,4G,-98,26.0,6.0,0.0082768046276491,40.32200110758885,21.79129276899523,Normal
User_37,2025-12-28 13:50:19,0.306,0.9984,Walking,Ligeris,Driving_Under_Influence,4way,2.0,50,5G,-110,0.0,-7.0,0.0061155903325522,40.30784872291886,21.806881006119976,Normal
User_93,2025-12-28 20:37:46,0.588,0.7442,Driving,Ligeris,Driving_Under_Influence,2way,1.0,30,5G,-100,76.0,-10.0,0.0024583826675889,40.30623210248845,21.808820143671294,Normal
User_67,2025-12-28 22:55:16,0.529,0.9346,Driving,Koila,Speeding,2way,0.0,10,WiFi,-64,27.0,-5.0,0.0041383119127436,40.32335580402206,21.790343838348328,Normal
User_46,2025-12-30 04:47:42,0.519,1.0,Running,Ligeris,Driving_Under_Influence,2way,0.0,10,3G,-117,64.0,-5.0,0.0088068622291639,40.30632403406568,21.807730820855618,Normal
User_93,2025-12-30 16:01:15,0.588,0.7482,Running,Zep,Driving_Under_Influence,1way,0.0,30,3G,-108,83.0,6.0,0.0020599674828395,40.27953324954269,21.753304269973516,Normal
User_67,2025-12-30 18:35:09,0.529,0.9376,Driving,Ligeris,Driving_Under_Influence,4way,0.0,70,WiFi,Ethernet,42.0,1.0,0.0076128844285762,40.3062619114751,21.807348298208257,Normal
User_90,2025-12-31 16:04:01,0.525,0.7898,Driving,Koila,Speeding,2way,0.0,40,WiFi,-89,88.0,7.0,0.0049705238397225,40.32228405196239,21.79009766999926,Normal
