User_Id,Timestamp,User_Reputation,User_Experience,User_Activity,University_Area,Violation_Type,Road_Type,Road_Accident,Speed_Limit,Internet_Connection,Internet_Signal_Strength,Battery_Percentage,Accelerometer_Range,Accelerometer_Resolution,Latitude,Longitude,True_Class
User_85,2025-01-01 01:34:05,0.653,0.2013,Driving,Koila,Driving_Under_Influence,6way,1,30,5G,-93,59,-8,0.0071349982626002,40.321480029418424,21.790221791176062,Intentional
User_49,2025-01-01 02:17:50,0.462,0.1707,Walking,Spinari,Reckless_Driving,2way,3,30,3G,-117,88,11,0.0062356648138748,40.30629955493339,21.806370238759396,Intentional
User_89,2025-01-01 14:31:50,0.606,0.3932,Driving,Koila,Speeding,5way,2,30,5G,-112,66,-8,0.0023750000030538,40.32181773426769,21.790621150963197,Intentional
User_58,2025-01-01 18:09:09,0.744,0.1942,Walking,Spinari,Driving_Under_Influence,2way,2,70,4G,-79,86,-4,0.0042543245332592,40.28029284450178,21.755356606852207,Intentional
User_49,2025-01-01 22:58:15,0.462,0.1717,Flying,Ligeris,Reckless_Driving,1way,1,30,WiFi,-75,19,14,0.0039638830944142,40.30683908280375,21.8093143362582,Intentional
User_32,2025-01-02 21:33:45,0.684,0.1033,Flying,Zep,Reckless_Driving,1way,0,30,3G,-88,37,-3,0.0022896937493228,40.27946294959558,21.75274623809048,Intentional
User_35,2025-01-02 22:31:29,0.301,0.0605,Walking,Center,Driving_Under_Influence,2way,0,90,3G,-90,30,-6,0.0092005547660448,40.306064704689334,21.807590601285536,Intentional
User_95,2025-01-03 00:59:12,0.36,0.2799,Flying,Koila,Reckless_Driving,2way,1,50,4G,-99,70,4,0.0060810198596337,40.32275472759226,21.790487499470025,Intentional
User_17,2025-01-03 03:31:26,0.439,0.3786,Running,Center,Speeding,1way,4,50,3G,-92,4,-14,0.008352104193995,40.3218273771374,21.793315348838597,Intentional
User_22,2025-01-03 05:33:07,0.656,0.1056,Swimming,Zep,Reckless_Driving,2way,0,90,5G,-76,49,-2,0.0078142119920649,40.28055624235938,21.754570957170703,Intentional
User_08,2025-01-03 06:44:31,0.33,0.3159,Driving,Spinari,Speeding,1way,1,90,5G,-94,12,14,0.0061556696896676,40.279190970633564,21.75402158118134,Intentional
User_92,2025-01-03 06:53:59,0.622,0.0154,Swimming,Zep,Reckless_Driving,2way,1,70,4G,-83,28,-2,0.0066260260110871,40.27846669568727,21.751565567830905,Intentional
User_69,2025-01-03 13:44:17,0.667,0.1101,Swimming,Koila,Reckless_Driving,2way,1,10,3G,-84,76,-5,0.003394219291716,40.322922950055336,21.79048824660804,Intentional
User_46,2025-01-03 14:10:49,0.537,0.2359,Flying,Ligeris,Reckless_Driving,2way,1,40,WiFi,-85,10,-4,0.0064004705087502,40.3064552100633,21.80711826223117,Intentional
User_37,2025-01-03 15:35:45,0.696,0.0197,Driving,Spinari,Speeding,2way,3,10,4G,-92,17,-3,0.0099947827199182,40.30753088711323,21.80689849911443,Intentional
User_45,2025-01-03 20:47:41,0.693,0.2014,Walking,Center,Speeding,1way,0,90,5G,-112,99,15,0.0079846253545256,40.304833011175624,21.80723447452618,Intentional
User_75,2025-01-04 01:37:35,0.65,0.2934,Running,Zep,Driving_Under_Influence,5way,0,60,4G,-111,40,-1,0.0038981929697627,40.27890780815837,21.75174233301883,Intentional
User_09,2025-01-04 14:54:39,0.444,0.1097,Running,Center,Reckless_Driving,2way,2,30,WiFi,-64,19,-9,0.0029169052725428,40.32173836848784,21.79096513253096,Intentional
User_33,2025-01-04 18:19:31,0.554,0.2113,Running,Center,Driving_Under_Influence,4way,3,10,5G,-103,83,-14,0.0078953670631505,40.32235827134855,21.79109976430055,Intentional
User_15,2025-01-04 20:31:36,0.369,0.0478,Swimming,Ligeris,Driving_Under_Influence,4way,0,40,WiFi,-83,91,-7,0.005872265526278,40.307385738354334,21.80844243855355,Intentional
User_58,2025-01-05 05:21:00,0.744,0.2012,Running,Center,Reckless_Driving,4way,3,10,3G,-76,24,-8,0.0036777608144789,40.30543323895796,21.807924382510027,Intentional
User_75,2025-01-05 12:43:05,0.65,0.2964,Running,Center,Reckless_Driving,2way,0,10,WiFi,-77,42,16,0.0086434157089659,40.321974517929824,21.790992412116967,Intentional
User_51,2025-01-05 15:17:18,0.574,0.1443,Swimming,Koila,Driving_Under_Influence,1way,0,10,4G,-118,97,16,0.0033685507354104,40.3218050484127,21.791677843423216,Intentional
User_19,2025-01-05 16:12:31,0.361,0.3438,Running,Spinari,Reckless_Driving,2way,2,20,5G,-106,8,-5,0.0075068602056308,40.30618463262214,21.807875028790537,Intentional
User_05,2025-01-05 21:44:20,0.307,0.1497,Flying,Zep,Speeding,2way,1,10,WiFi,-86,52,-6,0.00711046770354,40.27955831834248,21.754722505433055,Intentional
User_24,2025-01-05 23:47:41,0.354,0.3488,Walking,Koila,Speeding,6way,1,10,4G,-84,61,-9,0.0059944088636853,40.32361324781476,21.792215178506822,Intentional
User_45,2025-01-06 04:09:23,0.693,0.2064,Walking,Spinari,Reckless_Driving,4way,0,10,5G,-84,78,0,0.0057277328814577,40.32205723743864,21.79150815052631,Intentional
User_74,2025-01-06 06:00:01,0.564,0.181,Flying,Ligeris,Driving_Under_Influence,4way,1,40,5G,-93,69,-10,0.008842144248634,40.30601082208919,21.807048798120977,Intentional
User_82,2025-01-06 09:14:37,0.291,0.045,Flying,Ligeris,Driving_Under_Influence,2way,1,40,WiFi,-88,87,3,0.0016891527454285,40.30618572216106,21.806482144620375,Intentional
User_100,2025-01-06 10:38:53,0.718,0.35,Driving,Koila,Driving_Under_Influence,5way,1,60,4G,-91,40,10,0.0095191086573198,40.32134734635723,21.79255621371609,Intentional
User_90,2025-01-06 11:11:43,0.395,0.1218,Swimming,Koila,Speeding,1way,1,20,WiFi,-70,10,-6,0.0029126077224253,40.32103923687443,21.792224816897544,Intentional
User_39,2025-01-06 19:38:58,0.297,0.3394,Driving,Koila,Driving_Under_Influence,5way,4,10,4G,-78,85,-14,0.0087829391604574,40.32131050270143,21.78998215943023,Intentional
User_30,2025-01-06 21:39:36,0.478,0.2141,Walking,Spinari,Reckless_Driving,2way,1,20,5G,-81,12,15,0.0085991048926001,40.32246661705735,21.791796920866503,Intentional
User_58,2025-01-06 21:44:29,0.744,0.2042,Swimming,Koila,Speeding,2way,0,10,4G,-115,19,-9,0.0040846589578281,40.32311729558269,21.791347189441744,Intentional
User_09,2025-01-07 04:26:10,0.444,0.1157,Running,Center,Reckless_Driving,2way,0,40,WiFi,-70,11,-8,0.0084346601051255,40.30666399326771,21.80750895099785,Intentional
User_93,2025-01-07 16:30:26,0.333,0.4003,Driving,Koila,Reckless_Driving,5way,1,20,3G,-101,89,-14,0.0093322980728628,40.320888133291014,21.792114153421355,Intentional
User_29,2025-01-07 19:02:29,0.603,0.3653,Flying,Zep,Speeding,1way,0,50,WiFi,-65,76,16,0.0044192645140765,40.27997178848248,21.752307442187465,Intentional
User_99,2025-01-07 19:32:49,0.622,0.1784,Driving,Zep,Driving_Under_Influence,5way,3,80,5G,-72,16,9,0.0065035044803078,40.27907788239359,21.75158647275715,Intentional
User_67,2025-01-07 22:10:52,0.692,0.2531,Swimming,Ligeris,Driving_Under_Influence,2way,4,70,5G,-101,26,-9,0.0018645160603721,40.30592009971533,21.806781575099855,Intentional
User_13,2025-01-08 01:52:26,0.738,0.2883,Flying,Zep,Driving_Under_Influence,4way,0,10,3G,-117,0,2,0.0048621141914549,40.27969907852296,21.753750464761012,Intentional
User_37,2025-01-08 02:51:36,0.696,0.0297,Driving,Spinari,Driving_Under_Influence,2way,0,40,5G,-108,67,12,0.0075236202899895,40.2785818239421,21.75373430028359,Intentional
User_11,2025-01-08 04:56:10,0.263,0.3668,Walking,Koila,Reckless_Driving,6way,0,60,4G,-83,81,9,0.0031127040279914,40.322876682440175,21.789464239528645,Intentional
User_21,2025-01-08 09:55:52,0.256,0.2276,Swimming,Zep,Reckless_Driving,1way,1,10,5G,-99,72,16,0.0076476425176423,40.278765774018,21.751868287448207,Intentional
User_49,2025-01-08 17:08:38,0.462,0.1857,Running,Spinari,Speeding,2way,0,40,WiFi,-52,34,-14,0.0096421377797512,40.32148875974971,21.79041479655259,Intentional
User_89,2025-01-08 19:35:15,0.606,0.4072,Running,Center,Reckless_Driving,2way,0,50,5G,-108,58,-15,0.0013402279053417,40.306428376801016,21.805244772459258,Intentional
User_45,2025-01-09 03:16:38,0.693,0.2124,Flying,Ligeris,Driving_Under_Influence,1way,4,60,5G,-93,7,15,0.002380791812115,40.30588177401792,21.80674429069317,Intentional
User_81,2025-01-09 18:42:33,0.307,0.1083,Walking,Zep,Speeding,6way,4,20,4G,-90,28,-4,0.0013973736121919,40.27921527772971,21.75297082552628,Intentional
User_51,2025-01-09 23:11:01,0.574,0.1523,Flying,Ligeris,Reckless_Driving,4way,1,40,WiFi,-69,12,2,0.003103435614292,40.30730633637237,21.806855820065724,Intentional
User_74,2025-01-10 07:34:53,0.564,0.189,Driving,Zep,Speeding,6way,0,40,5G,-85,45,13,0.0043779807753977,40.27970248697552,21.753312819712395,Intentional
User_86,2025-01-10 08:23:14,0.343,0.2328,Flying,Ligeris,Driving_Under_Influence,1way,0,40,4G,-114,7,-11,0.0013632351933169,40.30695815420306,21.80619693927737,Intentional
User_54,2025-01-11 00:54:36,0.482,0.3969,Walking,Center,Reckless_Driving,2way,0,40,WiFi,-55,77,-11,0.008108751843269,40.30605658199427,21.80748338478846,Intentional
User_09,2025-01-11 01:26:27,0.444,0.1227,Swimming,Koila,Driving_Under_Influence,1way,0,50,5G,-119,71,-5,0.0095902753515785,40.323357915671274,21.792210326753604,Intentional
User_52,2025-01-11 05:13:54,0.706,0.4194,Flying,Ligeris,Speeding,2way,1,50,3G,-92,92,4,0.0062332412123147,40.306380705610536,21.80648519550236,Intentional
User_34,2025-01-11 09:06:06,0.466,0.1402,Running,Koila,Driving_Under_Influence,6way,0,50,5G,-100,62,12,0.0019667977605436,40.32293208556291,21.792515580895827,Intentional
User_83,2025-01-11 16:43:54,0.498,0.1047,Running,Center,Speeding,1way,0,30,4G,-78,8,8,0.0069405671928458,40.306288965023256,21.807890083239883,Intentional
User_49,2025-01-11 17:50:04,0.462,0.1917,Driving,Center,Driving_Under_Influence,2way,1,60,WiFi,-70,12,12,0.0097430347484689,40.30510679512319,21.80664469593383,Intentional
User_05,2025-01-11 21:35:40,0.307,0.1617,Flying,Koila,Reckless_Driving,4way,4,80,3G,-99,56,16,0.0086788709132893,40.32205573329067,21.791594205414217,Intentional
User_97,2025-01-12 00:57:22,0.737,0.2356,Flying,Koila,Speeding,4way,3,100,5G,-71,92,-3,0.0086755021889107,40.32262697995865,21.792507343426795,Intentional
User_87,2025-01-12 05:31:24,0.64,0.3285,Running,Center,Speeding,4way,1,120,4G,-92,26,-11,0.0051402178511985,40.30576922792573,21.807679647467424,Intentional
User_37,2025-01-12 06:08:32,0.696,0.0377,Walking,Zep,Driving_Under_Influence,5way,1,40,4G,-80,45,8,0.0015372077972126,40.27973821649532,21.753260348037124,Intentional
User_41,2025-01-12 11:04:01,0.642,0.3675,Running,Spinari,Reckless_Driving,2way,0,70,WiFi,-76,10,-4,0.0098047268910641,40.30739434208423,21.80809987164123,Intentional
User_04,2025-01-12 12:30:05,0.619,0.3485,Driving,Ligeris,Speeding,5way,2,40,4G,-99,39,6,0.0020516106572036,40.30757201603315,21.807852084349605,Intentional
User_88,2025-01-12 17:14:15,0.421,0.3642,Walking,Zep,Reckless_Driving,5way,0,30,3G,-80,46,11,0.0048843955515966,40.279069423329624,21.751563985654908,Intentional
User_38,2025-01-12 18:44:48,0.497,0.2946,Driving,Ligeris,Driving_Under_Influence,6way,0,70,WiFi,-51,97,9,0.008706606224966,40.306530969296354,21.80769998584989,Intentional
User_90,2025-01-12 21:23:19,0.395,0.1348,Flying,Zep,Speeding,4way,0,90,4G,-76,14,-14,0.0013835015824072,40.279566114042254,21.75315655642961,Intentional
User_45,2025-01-13 06:08:59,0.693,0.2204,Flying,Zep,Driving_Under_Influence,2way,1,100,3G,-90,90,-10,0.0086834906670553,40.2789936607843,21.755378210548702,Intentional
User_32,2025-01-13 07:05:53,0.684,0.1253,Swimming,Ligeris,Driving_Under_Influence,2way,2,20,4G,-85,12,-11,0.0097332667067513,40.30600013846692,21.807757226946364,Intentional
User_70,2025-01-14 06:18:55,0.314,0.1971,Driving,Center,Speeding,2way,0,30,5G,-120,34,-10,0.0012525582189916,40.27958839616785,21.753199813315877,Intentional
User_77,2025-01-14 22:25:45,0.369,0.1133,Driving,Zep,Driving_Under_Influence,5way,0,10,5G,-77,31,-7,0.0085724295686496,40.28054790203685,21.753365580545715,Intentional
User_19,2025-01-15 03:48:46,0.361,0.3638,Running,Spinari,Driving_Under_Influence,2way,0,80,3G,-95,28,-9,0.004677937903605,40.2795285699732,21.7545626075916,Intentional
User_98,2025-01-15 14:45:50,0.734,0.176,Swimming,Ligeris,Speeding,4way,1,10,WiFi,-72,99,6,0.0051625785033856,40.30671490115354,21.80655165858851,Intentional
User_99,2025-01-15 16:26:28,0.622,0.1944,Swimming,Koila,Reckless_Driving,2way,0,90,5G,-76,46,12,0.0012386647168471,40.32224820982391,21.790633365247775,Intentional
User_69,2025-01-15 19:27:25,0.667,0.1351,Flying,Zep,Speeding,2way,1,60,4G,-119,42,2,0.0050955512693207,40.27953754203546,21.753220730000553,Intentional
User_04,2025-01-15 19:55:41,0.619,0.3555,Driving,Spinari,Reckless_Driving,2way,1,40,4G,-70,5,8,0.0072628125870654,40.323459870570126,21.791884663248982,Intentional
User_55,2025-01-16 15:00:58,0.3,0.4044,Driving,Ligeris,Reckless_Driving,5way,0,80,WiFi,-82,56,-14,0.002574666449981,40.306547828641094,21.806286023113454,Intentional
User_54,2025-01-16 19:20:18,0.482,0.4079,Running,Ligeris,Speeding,5way,0,50,4G,-108,66,15,0.0061339949345744,40.30631825778771,21.80745228536418,Intentional
User_44,2025-01-16 22:18:05,0.546,0.3075,Flying,Ligeris,Driving_Under_Influence,4way,1,90,WiFi,-62,24,2,0.0037759919961656,40.30612738873975,21.807901847213117,Intentional
User_79,2025-01-17 00:26:44,0.326,0.1209,Flying,Koila,Speeding,2way,0,30,5G,-72,54,-5,0.0071234889861294,40.32271368632698,21.793016840261256,Intentional
User_24,2025-01-17 02:28:22,0.354,0.3718,Walking,Zep,Speeding,6way,2,30,5G,-89,42,4,0.0076219991419463,40.278754004153534,21.751424057582312,Intentional
User_10,2025-01-17 02:38:39,0.35,0.3235,Walking,Koila,Reckless_Driving,5way,0,40,3G,-71,23,12,0.0087273449287656,40.32156189399067,21.78988651247627,Intentional
User_80,2025-01-17 09:36:28,0.447,0.3606,Driving,Spinari,Driving_Under_Influence,4way,0,10,WiFi,-63,61,7,0.0010927803128853,40.32267356455379,21.790372418895956,Intentional
User_67,2025-01-17 10:49:41,0.692,0.2721,Walking,Ligeris,Driving_Under_Influence,5way,0,30,WiFi,-69,18,-2,0.0046775492605551,40.30600410608524,21.807212259170864,Intentional
User_67,2025-01-17 14:42:17,0.692,0.2731,Running,Center,Speeding,4way,3,70,WiFi,-61,70,7,0.009640504810654,40.30608865007047,21.809474305134128,Intentional
User_12,2025-01-18 02:30:20,0.74,0.3171,Running,Zep,Reckless_Driving,5way,1,70,4G,-102,9,-8,0.0069122212969624,40.27904400413246,21.75241381108695,Intentional
User_53,2025-01-18 04:01:44,0.703,0.2283,Running,Koila,Speeding,5way,2,30,4G,-110,49,13,0.0065996793807307,40.32211548890773,21.791281676400715,Intentional
User_48,2025-01-18 07:27:33,0.636,0.2279,Flying,Koila,Speeding,4way,0,50,5G,-81,53,13,0.0087915616604816,40.323620693256665,21.79028790795576,Intentional
User_48,2025-01-18 09:24:16,0.636,0.2289,Swimming,Ligeris,Driving_Under_Influence,2way,0,80,4G,-118,21,11,0.0096033515065802,40.3068208035447,21.807448652296795,Intentional
User_75,2025-01-18 11:14:19,0.65,0.3214,Swimming,Koila,Speeding,1way,0,40,4G,-100,39,-15,0.0013070564866738,40.32096721598917,21.79155054003289,Intentional
User_46,2025-01-18 12:41:18,0.537,0.2659,Running,Ligeris,Speeding,6way,1,40,WiFi,-88,85,2,0.0047744181998475,40.30658241974423,21.80777220406066,Intentional
User_37,2025-01-19 05:00:40,0.696,0.0527,Running,Koila,Reckless_Driving,6way,0,80,WiFi,-88,14,9,0.005545325894562,40.32271219201674,21.791394127778133,Intentional
User_92,2025-01-19 10:35:37,0.622,0.0464,Walking,Ligeris,Reckless_Driving,5way,4,20,5G,-105,28,-6,0.0013505578378144,40.307616628394975,21.806402803779168,Intentional
User_64,2025-01-19 12:54:57,0.287,0.0457,Running,Koila,Driving_Under_Influence,6way,2,90,WiFi,-63,5,-16,0.008207513886128,40.32219250647986,21.791292169937048,Intentional
User_91,2025-01-19 14:19:25,0.716,0.2483,Running,Ligeris,Speeding,6way,0,40,5G,-103,51,-5,0.0062645746517189,40.30495562884856,21.808294284273337,Intentional
User_83,2025-01-19 19:30:08,0.498,0.1207,Flying,Koila,Speeding,1way,0,40,5G,-82,96,-14,0.0036462707813888,40.32219045788356,21.79346089312681,Intentional
User_41,2025-01-19 21:52:19,0.642,0.3815,Driving,Spinari,Speeding,1way,0,60,WiFi,-65,35,4,0.0099120636400895,40.3217435777978,21.792742903447376,Intentional
User_76,2025-01-20 15:02:59,0.251,0.1992,Running,Spinari,Speeding,1way,0,80,3G,-84,13,-14,0.0015432035087585,40.306391884320554,21.806073371907075,Intentional
User_34,2025-01-20 16:12:28,0.466,0.1582,Driving,Ligeris,Speeding,6way,1,60,3G,-75,22,-5,0.0097105565647811,40.30508077144897,21.807379345280403,Intentional
User_76,2025-01-20 20:51:31,0.251,0.2002,Swimming,Zep,Reckless_Driving,1way,1,60,3G,-79,40,15,0.0023020990562753,40.27923777068612,21.75270742343975,Intentional
User_04,2025-01-20 22:04:24,0.619,0.3655,Driving,Zep,Driving_Under_Influence,6way,1,20,3G,-110,75,-2,0.0086147483171149,40.27969966234579,21.753080503815763,Intentional
User_54,2025-01-21 01:56:02,0.482,0.4169,Flying,Zep,Speeding,1way,0,50,3G,-86,89,1,0.0081391192524095,40.28077071710659,21.754442820905872,Intentional
User_17,2025-01-21 05:17:52,0.439,0.4156,Swimming,Koila,Driving_Under_Influence,2way,2,10,4G,-98,35,-1,0.0091956094296806,40.322478374562046,21.79016988087148,Intentional
User_31,2025-01-21 05:39:26,0.293,0.4397,Walking,Center,Speeding,1way,0,90,5G,-93,91,1,0.0086083148969988,40.3221048303922,21.791648529285048,Intentional
User_04,2025-01-21 05:44:16,0.619,0.3665,Swimming,Koila,Reckless_Driving,1way,2,70,4G,-78,9,15,0.0064987790088898,40.322122746884915,21.791181912065063,Intentional
User_47,2025-01-21 07:58:14,0.345,0.166,Walking,Zep,Speeding,6way,4,80,5G,-91,10,11,0.0098881642765996,40.28014010969636,21.75296439610984,Intentional
User_01,2025-01-21 12:35:20,0.581,0.4137,Running,Center,Speeding,1way,0,70,5G,-95,83,-2,0.0098115772688841,40.30601415198037,21.80800116710976,Intentional
User_19,2025-01-21 17:06:46,0.361,0.3758,Swimming,Ligeris,Driving_Under_Influence,2way,0,50,WiFi,-60,33,11,0.0054871755402824,40.30576651235426,21.807931399367895,Intentional
User_21,2025-01-21 20:22:22,0.256,0.2536,Walking,Spinari,Speeding,2way,1,40,5G,-89,70,14,0.0040338185223936,40.30730416027695,21.807880873389717,Intentional
User_30,2025-01-21 20:41:42,0.478,0.2431,Walking,Spinari,Speeding,2way,1,60,4G,-111,41,-6,0.0088007983407052,40.322698245920606,21.791543381567557,Intentional
User_74,2025-01-22 05:52:55,0.564,0.213,Driving,Ligeris,Reckless_Driving,5way,2,30,5G,-80,61,2,0.0042572108947635,40.306016242270616,21.80739480378202,Intentional
User_28,2025-01-22 09:28:50,0.311,0.0628,Flying,Ligeris,Reckless_Driving,4way,0,20,5G,-104,44,-6,0.0047043298839057,40.30731533149187,21.806387074086967,Intentional
User_64,2025-01-22 13:24:37,0.287,0.0527,Walking,Zep,Reckless_Driving,5way,0,80,3G,-75,33,6,0.0019756173020587,40.27936675560056,21.751451696408107,Intentional
User_67,2025-01-22 14:16:44,0.692,0.2821,Swimming,Zep,Reckless_Driving,2way,0,70,4G,-72,26,8,0.0054688492011506,40.27948393498777,21.75332809238911,Intentional
User_61,2025-01-22 16:31:06,0.304,0.1896,Driving,Zep,Speeding,6way,0,30,4G,-92,32,11,0.0098604404108181,40.27900853193542,21.752394652073043,Intentional
User_66,2025-01-22 17:39:02,0.551,0.1789,Driving,Ligeris,Speeding,5way,1,40,4G,-92,70,5,0.0061018552073643,40.305658416481904,21.807685330964347,Intentional
User_03,2025-01-22 22:19:03,0.47,0.3452,Swimming,Koila,Speeding,4way,0,80,4G,-71,15,-5,0.0072730834697514,40.32159476008543,21.79076995126408,Intentional
User_66,2025-01-22 23:21:12,0.551,0.1799,Walking,Spinari,Speeding,2way,1,60,WiFi,-57,39,-12,0.0077193471132695,40.32067201480492,21.79063938680705,Intentional
User_54,2025-01-23 08:04:08,0.482,0.4219,Driving,Zep,Driving_Under_Influence,6way,1,80,4G,-73,25,-9,0.0065451127654866,40.27998978719469,21.753865699145265,Intentional
User_22,2025-01-23 17:07:37,0.656,0.1466,Driving,Ligeris,Driving_Under_Influence,6way,1,80,4G,-110,81,12,0.0073000939517697,40.30552581705568,21.806137205178327,Intentional
User_21,2025-01-23 17:33:38,0.256,0.2576,Running,Koila,Driving_Under_Influence,6way,4,40,WiFi,-76,72,15,0.0076813678149731,40.32186318028426,21.793502056235997,Intentional
User_63,2025-01-23 21:01:12,0.549,0.4133,Walking,Center,Speeding,4way,1,40,5G,-72,64,4,0.0095604415951236,40.306651020784486,21.80833301934259,Intentional
User_27,2025-01-23 22:31:16,0.33,0.25,Walking,Koila,Reckless_Driving,6way,0,30,4G,-93,52,4,0.0015509260070554,40.321699714476466,21.790593596587467,Intentional
User_29,2025-01-23 23:26:00,0.603,0.3973,Flying,Koila,Speeding,1way,2,30,5G,-105,45,0,0.0043020653775032,40.322096665231335,21.791336734462217,Intentional
User_78,2025-01-24 03:04:49,0.615,0.255,Driving,Koila,Driving_Under_Influence,5way,1,30,3G,-85,31,16,0.0065958319812608,40.322957556707074,21.792339366100137,Intentional
User_34,2025-01-24 05:01:49,0.466,0.1662,Swimming,Ligeris,Speeding,2way,0,50,WiFi,-64,50,12,0.0054007147548667,40.30668364390124,21.80634069318094,Intentional
User_45,2025-01-24 08:58:13,0.693,0.2434,Walking,Koila,Speeding,5way,0,50,5G,-106,69,-12,0.0089875431578109,40.32349637442608,21.791491173963855,Intentional
User_78,2025-01-25 08:44:48,0.615,0.257,Driving,Ligeris,Speeding,5way,0,40,4G,-96,81,0,0.0053207055615359,40.307182740055886,21.80591119522929,Intentional
User_12,2025-01-25 10:56:43,0.74,0.3321,Flying,Koila,Speeding,4way,0,90,3G,-117,66,8,0.0014664774276474,40.32207456698493,21.79007347859159,Intentional
User_53,2025-01-25 13:55:32,0.703,0.2423,Flying,Koila,Driving_Under_Influence,2way,0,50,4G,-88,69,8,0.0088419321035551,40.32167801586518,21.790907515996494,Intentional
User_19,2025-01-25 17:16:34,0.361,0.3838,Walking,Spinari,Speeding,2way,0,30,WiFi,-89,9,-2,0.0061556620655776,40.27787064264681,21.75309711478815,Intentional
User_36,2025-01-25 17:55:36,0.58,0.309,Running,Ligeris,Reckless_Driving,5way,1,30,WiFi,-80,28,5,0.0080588787046915,40.30564942129465,21.80731145913174,Intentional
User_78,2025-01-26 00:55:25,0.615,0.259,Swimming,Zep,Reckless_Driving,2way,2,30,4G,-80,95,-9,0.0062820717936028,40.279856315497966,21.752445069217988,Intentional
User_65,2025-01-26 12:01:14,0.654,0.3082,Driving,Ligeris,Speeding,5way,1,30,4G,-75,38,4,0.0085165728300157,40.30754715522157,21.80758752879387,Intentional
User_64,2025-01-26 15:50:20,0.287,0.0597,Running,Spinari,Driving_Under_Influence,1way,1,60,5G,-95,67,11,0.0056260475861622,40.27855266457606,21.752505272484804,Intentional
User_20,2025-01-26 19:36:04,0.625,0.4473,Swimming,Ligeris,Reckless_Driving,4way,0,90,5G,-112,59,-1,0.0099739797667897,40.30653128827417,21.805880714795375,Intentional
User_25,2025-01-26 20:44:16,0.352,0.1153,Walking,Koila,Driving_Under_Influence,6way,1,110,4G,-91,70,2,0.0013130316200997,40.32291528461652,21.789711122673065,Intentional
User_11,2025-01-26 23:33:34,0.263,0.4038,Running,Ligeris,Driving_Under_Influence,5way,0,30,3G,-73,77,2,0.008553010917805,40.30662541437141,21.805239897030106,Intentional
User_33,2025-01-27 02:45:31,0.554,0.2573,Swimming,Koila,Reckless_Driving,2way,4,70,4G,-119,1,-15,0.003488900116638,40.32098298455181,21.792312838336805,Intentional
User_08,2025-01-27 02:55:03,0.33,0.3629,Flying,Koila,Driving_Under_Influence,2way,1,20,WiFi,-82,6,15,0.0034601413302334,40.3219928941996,21.79142090768751,Intentional
User_01,2025-01-27 04:22:18,0.581,0.4257,Flying,Zep,Speeding,2way,1,80,5G,-100,84,-11,0.0031297514933542,40.279693906259816,21.753362635340903,Intentional
User_31,2025-01-27 06:45:36,0.293,0.4517,Walking,Spinari,Driving_Under_Influence,2way,0,10,4G,-96,45,10,0.0053299099309033,40.306392173102815,21.807378525258347,Intentional
User_40,2025-01-27 14:02:16,0.357,0.1411,Driving,Spinari,Speeding,1way,0,50,5G,-88,15,-1,0.0020050874234,40.27963247447699,21.755106564583116,Intentional
User_02,2025-01-27 16:58:15,0.477,0.2494,Flying,Ligeris,Driving_Under_Influence,1way,1,90,3G,-103,78,15,0.0023061822551489,40.30570164060697,21.809414579486724,Intentional
User_74,2025-01-28 00:38:32,0.564,0.224,Walking,Spinari,Speeding,1way,1,70,5G,-70,66,9,0.0077007502814245,40.28028501195817,21.751143111023033,Intentional
User_87,2025-01-28 01:15:05,0.64,0.3605,Running,Center,Driving_Under_Influence,1way,1,60,4G,-73,56,1,0.0049195834551102,40.32272418984925,21.790995300002415,Intentional
User_06,2025-01-28 01:59:35,0.573,0.2827,Running,Center,Driving_Under_Influence,2way,2,20,3G,-110,16,-5,0.0063669461678435,40.279288400187966,21.75290290827506,Intentional
User_70,2025-01-28 11:13:13,0.314,0.2251,Walking,Ligeris,Driving_Under_Influence,5way,0,60,4G,-84,12,-1,0.0096018472161067,40.30749100451203,21.806754517408024,Intentional
User_22,2025-01-28 13:30:41,0.656,0.1556,Swimming,Zep,Driving_Under_Influence,4way,1,50,5G,-98,3,1,0.0076030330618933,40.27919401609322,21.75436090788505,Intentional
User_94,2025-01-29 09:16:25,0.459,0.061,Running,Ligeris,Reckless_Driving,6way,0,30,4G,-108,98,4,0.0081484394384408,40.30622631643793,21.807279734987645,Intentional
User_21,2025-01-29 10:06:13,0.256,0.2686,Driving,Spinari,Driving_Under_Influence,1way,1,90,5G,-72,2,-2,0.0074063038521304,40.306102371920545,21.807695031558893,Intentional
User_50,2025-01-29 14:50:08,0.395,0.2824,Running,Spinari,Reckless_Driving,2way,0,80,3G,-115,85,5,0.0097387752031049,40.27863228582348,21.753557984272447,Intentional
User_54,2025-01-29 16:09:51,0.482,0.4339,Driving,Zep,Speeding,5way,5,60,5G,-71,72,-6,0.0021087574724311,40.27963256802209,21.753352102767185,Intentional
User_11,2025-01-29 16:54:05,0.263,0.4098,Driving,Zep,Speeding,5way,1,60,WiFi,-66,2,14,0.0051348040093513,40.27933898634214,21.753635679687395,Intentional
User_49,2025-01-30 03:07:39,0.462,0.2287,Flying,Koila,Reckless_Driving,4way,0,40,3G,-112,25,7,0.0086988231615446,40.32225076288417,21.79233974296883,Intentional
User_78,2025-01-30 07:04:10,0.615,0.268,Running,Koila,Driving_Under_Influence,6way,1,30,4G,-108,58,10,0.0076753663170301,40.3224759568967,21.792348861417725,Intentional
User_84,2025-01-30 08:39:40,0.488,0.2504,Swimming,Koila,Reckless_Driving,1way,0,10,3G,-105,68,9,0.0065226282584217,40.32204407414457,21.791646142184685,Intentional
User_07,2025-01-30 14:28:13,0.47,0.2904,Walking,Koila,Reckless_Driving,5way,1,30,5G,-95,64,-4,0.0010838113020953,40.321916489067696,21.79138523516498,Intentional
User_46,2025-01-30 17:56:29,0.537,0.2899,Flying,Koila,Speeding,2way,3,90,WiFi,-84,43,8,0.0022806456295381,40.322530933309054,21.79039109059289,Intentional
User_40,2025-01-30 18:30:38,0.357,0.1461,Running,Zep,Speeding,5way,1,80,3G,-80,59,-14,0.0053055948006564,40.280227800197146,21.751960136169544,Intentional
User_36,2025-01-30 19:13:22,0.58,0.32,Running,Center,Speeding,2way,0,50,WiFi,-72,39,12,0.005926943610264,40.32315230176227,21.792540808263073,Intentional
User_94,2025-01-30 20:44:53,0.459,0.063,Walking,Koila,Reckless_Driving,6way,2,10,4G,-95,37,7,0.005827831578559,40.321973020832374,21.791128873819716,Intentional
User_15,2025-01-30 23:00:13,0.369,0.0998,Swimming,Zep,Reckless_Driving,2way,1,60,4G,-88,82,8,0.0040175460389499,40.27991164723368,21.754756682719755,Intentional
User_83,2025-01-31 00:11:56,0.498,0.1437,Flying,Ligeris,Reckless_Driving,4way,1,50,4G,-103,26,11,0.0051907819114254,40.30625531110809,21.80544924780045,Intentional
User_38,2025-01-31 01:15:39,0.497,0.3316,Driving,Center,Speeding,4way,2,20,WiFi,-81,51,-16,0.0014622597891131,40.305150085628064,21.809061034888288,Intentional
User_10,2025-01-31 01:41:39,0.35,0.3515,Swimming,Koila,Reckless_Driving,4way,1,40,3G,-117,23,10,0.0027719213813181,40.3208706380756,21.79260696527888,Intentional
User_68,2025-01-31 01:55:32,0.402,0.2907,Walking,Spinari,Driving_Under_Influence,4way,0,30,5G,-72,90,-9,0.0014557460796025,40.322226049012,21.79116666102818,Intentional
User_95,2025-01-31 03:12:28,0.36,0.3369,Running,Spinari,Driving_Under_Influence,2way,5,30,WiFi,-78,73,8,0.0031954232930819,40.27964538092709,21.75124762345938,Intentional
User_71,2025-01-31 03:18:53,0.259,0.3222,Running,Koila,Driving_Under_Influence,6way,0,10,5G,-116,5,13,0.0096277292610343,40.3232171583464,21.7918222793702,Intentional
User_81,2025-01-31 05:14:36,0.307,0.1523,Walking,Spinari,Reckless_Driving,2way,1,50,WiFi,-58,42,12,0.0020074774524999,40.27861411696958,21.75405928652922,Intentional
User_22,2025-01-31 07:53:16,0.656,0.1616,Driving,Koila,Reckless_Driving,5way,0,60,5G,-100,45,7,0.0036268228197307,40.323006033831135,21.792883618413672,Intentional
User_89,2025-01-31 08:40:07,0.606,0.4532,Walking,Spinari,Reckless_Driving,4way,0,90,5G,-78,82,-6,0.004706947975373,40.32199965727051,21.79119557398852,Intentional
User_54,2025-01-31 15:53:53,0.482,0.4379,Driving,Ligeris,Driving_Under_Influence,6way,0,80,3G,-102,72,8,0.0019228341754513,40.30693531632424,21.808229881088636,Intentional
User_81,2025-01-31 19:32:30,0.307,0.1533,Swimming,Zep,Speeding,2way,2,40,5G,-77,100,-12,0.0055152236141008,40.27901572926447,21.754327858025487,Intentional
User_97,2025-01-31 19:33:55,0.737,0.2746,Walking,Spinari,Driving_Under_Influence,2way,0,10,WiFi,-82,30,-10,0.0017496868812774,40.32267800668344,21.789632333055128,Intentional
User_29,2025-01-31 20:08:53,0.603,0.4133,Walking,Zep,Driving_Under_Influence,5way,1,10,4G,-92,72,12,0.0091419903620342,40.27927234216481,21.75499387929655,Intentional
User_07,2025-02-01 12:31:31,0.47,0.2944,Running,Koila,Reckless_Driving,6way,0,80,4G,-118,1,-5,0.0090118140823852,40.323741301493925,21.79145149729524,Intentional
User_80,2025-02-01 14:07:21,0.447,0.3896,Driving,Center,Driving_Under_Influence,1way,0,50,5G,-93,62,-4,0.001050148738356,40.28068661467639,21.754424706901144,Intentional
User_58,2025-02-01 16:14:58,0.744,0.2562,Swimming,Zep,Reckless_Driving,2way,2,30,3G,-75,25,1,0.008134625593921,40.28036448000039,21.752458970210117,Intentional
User_59,2025-02-01 20:07:43,0.521,0.1833,Swimming,Koila,Speeding,2way,0,40,WiFi,-89,42,12,0.0063007510185443,40.32113543391951,21.79095641959563,Intentional
User_100,2025-02-01 21:42:12,0.718,0.403,Flying,Zep,Driving_Under_Influence,2way,0,70,3G,-104,61,-8,0.0051657970492698,40.27918312788928,21.75357086323578,Intentional
User_51,2025-02-02 00:21:36,0.574,0.1993,Walking,Zep,Reckless_Driving,5way,1,50,5G,-105,97,9,0.001384041746868,40.28066101273505,21.75365652248729,Intentional
User_24,2025-02-02 04:12:50,0.354,0.4038,Driving,Ligeris,Speeding,6way,1,100,4G,-80,66,-3,0.0055974711474454,40.30592996849449,21.80812870223787,Intentional
User_25,2025-02-02 05:41:40,0.352,0.1293,Driving,Center,Speeding,2way,1,90,5G,-104,81,11,0.0042688656442338,40.32306631332977,21.79208723213577,Intentional
User_22,2025-02-02 09:05:29,0.656,0.1666,Walking,Zep,Driving_Under_Influence,6way,3,20,4G,-110,99,-6,0.0047174262918802,40.27952364835131,21.75324057615482,Intentional
User_04,2025-02-02 12:45:18,0.619,0.3915,Flying,Ligeris,Reckless_Driving,4way,0,70,4G,-104,96,-3,0.0023521364627063,40.30650243602055,21.80639843476696,Intentional
User_10,2025-02-02 13:34:00,0.35,0.3565,Walking,Ligeris,Speeding,5way,1,90,4G,-77,61,-14,0.0057664503628141,40.307050713646525,21.8086747038756,Intentional
User_71,2025-02-02 16:24:00,0.259,0.3262,Walking,Spinari,Speeding,2way,1,20,WiFi,-51,33,-1,0.0030506233248579,40.32193172283384,21.791717574198294,Intentional
User_74,2025-02-03 02:57:35,0.564,0.236,Walking,Zep,Reckless_Driving,5way,1,80,3G,-75,91,-10,0.0058345115350537,40.27870062061604,21.75182942042628,Intentional
User_42,2025-02-03 03:29:04,0.544,0.4343,Driving,Spinari,Speeding,4way,0,120,5G,-103,33,2,0.0091635724426648,40.306403022235905,21.80819521199457,Intentional
User_80,2025-02-03 04:51:06,0.447,0.3936,Walking,Spinari,Driving_Under_Influence,4way,0,30,WiFi,-79,43,-6,0.001337636535309,40.30637194892922,21.80777334581975,Intentional
User_01,2025-02-03 10:52:06,0.581,0.4397,Running,Spinari,Speeding,1way,0,40,3G,-99,22,2,0.0085378113310123,40.30690469869669,21.806827019200497,Intentional
User_78,2025-02-04 00:07:12,0.615,0.277,Flying,Zep,Reckless_Driving,2way,1,10,3G,-105,68,-7,0.0023900239363998,40.27993872379277,21.752330238906136,Intentional
User_40,2025-02-04 07:27:21,0.357,0.1561,Flying,Zep,Driving_Under_Influence,2way,1,70,4G,-113,13,-16,0.0053373031870056,40.28009843868535,21.75330443721657,Intentional
User_69,2025-02-04 08:09:02,0.667,0.1741,Running,Zep,Speeding,5way,3,20,3G,-87,53,14,0.0011709236975997,40.27848786447984,21.754071121834,Intentional
User_52,2025-02-04 15:24:30,0.706,0.4684,Swimming,Zep,Reckless_Driving,2way,1,50,3G,-109,55,10,0.00454220144549,40.27818628668797,21.75288136851196,Intentional
User_11,2025-02-04 17:54:08,0.263,0.4218,Walking,Koila,Speeding,6way,2,10,3G,-115,49,-6,0.0088359656714139,40.32232083735088,21.792791108208576,Intentional
User_66,2025-02-04 20:50:39,0.551,0.2049,Driving,Center,Driving_Under_Influence,1way,0,30,4G,-94,60,-8,0.0077969010782988,40.28068610449235,21.752235824568555,Intentional
User_02,2025-02-04 21:17:17,0.477,0.2654,Driving,Spinari,Reckless_Driving,4way,3,40,WiFi,-68,92,0,0.0016835142918773,40.30625011979856,21.807521819099794,Intentional
User_98,2025-02-05 01:02:07,0.734,0.217,Driving,Ligeris,Driving_Under_Influence,6way,1,50,5G,-85,86,-4,0.0038522793333389,40.305954137515485,21.807604761841738,Intentional
User_98,2025-02-05 07:05:53,0.734,0.218,Driving,Spinari,Reckless_Driving,2way,1,50,4G,-104,14,14,0.0029224504448932,40.32126546051397,21.791656483363894,Intentional
User_93,2025-02-05 07:22:36,0.333,0.4583,Driving,Center,Reckless_Driving,4way,0,20,3G,-101,76,1,0.0074627940751831,40.280254773679424,21.75416891692166,Intentional
User_90,2025-02-05 16:10:47,0.395,0.1828,Running,Koila,Reckless_Driving,5way,3,10,5G,-89,69,-14,0.007384051292576,40.3217783401902,21.7913144036052,Intentional
User_56,2025-02-05 21:11:20,0.449,0.4086,Running,Spinari,Reckless_Driving,2way,4,30,WiFi,-59,73,15,0.0053465171654882,40.32209796589424,21.79103392510348,Intentional
User_79,2025-02-06 07:20:20,0.326,0.1619,Running,Ligeris,Driving_Under_Influence,6way,1,30,WiFi,-78,57,6,0.0045774561326886,40.30576955184734,21.80865457700453,Intentional
User_34,2025-02-06 19:09:46,0.466,0.1932,Walking,Spinari,Reckless_Driving,2way,0,50,5G,-98,66,0,0.0060418705054285,40.30546797325879,21.80770667377903,Intentional
User_41,2025-02-07 06:20:54,0.642,0.4195,Swimming,Ligeris,Driving_Under_Influence,4way,4,50,WiFi,-80,66,-13,0.0019423541868812,40.305880931900354,21.80753895735922,Intentional
User_100,2025-02-07 08:36:18,0.718,0.414,Walking,Spinari,Speeding,2way,2,30,4G,-84,22,-9,0.0085236509236377,40.30629275308123,21.806948141518895,Intentional
User_82,2025-02-07 12:05:08,0.291,0.11,Walking,Spinari,Driving_Under_Influence,2way,4,30,3G,-79,83,-6,0.0010020376225297,40.32155699868569,21.789870412481815,Intentional
User_48,2025-02-07 12:31:35,0.636,0.2689,Running,Center,Reckless_Driving,1way,0,90,3G,-80,72,16,0.0043290216969363,40.32212847770302,21.789997142786635,Intentional
User_12,2025-02-08 00:09:30,0.74,0.3591,Swimming,Ligeris,Speeding,1way,1,10,5G,-99,3,4,0.0050685501378118,40.3061058807352,21.806285970376525,Intentional
User_13,2025-02-08 01:00:26,0.738,0.3503,Running,Spinari,Speeding,2way,0,20,5G,-89,98,0,0.008465543628377,40.27958455639962,21.752983729481407,Intentional
User_17,2025-02-08 09:56:13,0.439,0.4506,Walking,Spinari,Driving_Under_Influence,2way,0,10,WiFi,-60,99,-5,0.0063267988650753,40.30612736141374,21.80741288667583,Intentional
User_48,2025-02-08 18:59:42,0.636,0.2709,Swimming,Ligeris,Driving_Under_Influence,4way,0,50,4G,-108,76,1,0.0040828383414345,40.30529621251969,21.8060302191208,Intentional
User_09,2025-02-08 19:57:31,0.444,0.1797,Walking,Center,Driving_Under_Influence,4way,0,40,4G,-98,48,3,0.0086035583642351,40.279540723410115,21.75336204914817,Intentional
User_83,2025-02-08 20:35:04,0.498,0.1607,Swimming,Koila,Driving_Under_Influence,2way,1,40,3G,-113,93,-8,0.0087717840120108,40.32151634855193,21.790800723167028,Intentional
User_16,2025-02-08 20:52:23,0.455,0.3478,Flying,Koila,Reckless_Driving,4way,0,40,WiFi,-61,17,-7,0.0045670825326422,40.32226170117925,21.791868197667664,Intentional
User_28,2025-02-09 11:09:37,0.311,0.0978,Swimming,Zep,Driving_Under_Influence,2way,2,10,4G,-72,34,-2,0.0090730185773169,40.28073741829629,21.752952303791,Intentional
User_07,2025-02-09 11:44:38,0.47,0.3094,Running,Center,Driving_Under_Influence,2way,0,30,3G,-101,27,13,0.0055158555959908,40.30600210041401,21.80680531347524,Intentional
User_75,2025-02-09 12:23:39,0.65,0.3664,Driving,Spinari,Driving_Under_Influence,2way,2,50,3G,-120,48,-8,0.0034858128553951,40.306215499698965,21.80762529312748,Intentional
User_40,2025-02-09 15:07:42,0.357,0.1671,Flying,Koila,Driving_Under_Influence,2way,0,50,4G,-83,5,1,0.0088995442249624,40.32205156981872,21.79126253096128,Intentional
User_37,2025-02-09 16:35:14,0.696,0.0947,Running,Spinari,Driving_Under_Influence,1way,1,40,3G,-111,73,1,0.0061845922530137,40.32199381960166,21.79180768849435,Intentional
User_26,2025-02-09 21:11:27,0.495,0.3273,Flying,Ligeris,Speeding,2way,1,30,WiFi,-60,75,11,0.0061094852248223,40.30577425444736,21.806803391239217,Intentional
User_25,2025-02-10 00:08:10,0.352,0.1453,Swimming,Ligeris,Reckless_Driving,2way,0,70,5G,-95,88,6,0.0019600375893019,40.306114537410615,21.805740477111915,Intentional
User_69,2025-02-10 08:01:54,0.667,0.1871,Swimming,Zep,Speeding,1way,1,50,4G,-75,49,7,0.0082654936376842,40.27955195097649,21.753254850973768,Intentional
User_09,2025-02-10 10:38:15,0.444,0.1827,Driving,Spinari,Driving_Under_Influence,2way,0,30,3G,-102,24,9,0.0053145336885309,40.32217503004048,21.790660928654717,Intentional
User_78,2025-02-10 21:19:06,0.615,0.289,Walking,Ligeris,Driving_Under_Influence,6way,1,60,WiFi,-61,44,12,0.0073007357908829,40.3072714260635,21.807985712000317,Intentional
User_94,2025-02-11 10:56:22,0.459,0.087,Swimming,Zep,Driving_Under_Influence,2way,0,10,4G,-83,51,6,0.0038780619903119,40.27938983312359,21.754997593503152,Intentional
User_02,2025-02-11 11:31:32,0.477,0.2794,Running,Koila,Driving_Under_Influence,5way,0,90,5G,-79,76,0,0.0043475238771457,40.32196798098771,21.792369369570523,Intentional
User_66,2025-02-11 16:15:33,0.551,0.2199,Walking,Zep,Driving_Under_Influence,6way,0,10,3G,-119,2,-13,0.0010810806158916,40.27965901105773,21.752934454605697,Intentional
User_10,2025-02-11 23:14:56,0.35,0.3745,Walking,Ligeris,Driving_Under_Influence,5way,0,50,WiFi,-79,49,-5,0.0091449379820454,40.305379135340026,21.80599494475615,Intentional
User_49,2025-02-12 07:44:43,0.462,0.2557,Swimming,Zep,Reckless_Driving,1way,1,80,WiFi,-76,36,-1,0.0089590816997649,40.27954667822188,21.75303839033058,Intentional
User_19,2025-02-12 07:46:14,0.361,0.4188,Flying,Ligeris,Reckless_Driving,2way,3,40,4G,-83,96,1,0.0073501524386111,40.306143492710575,21.809554683653296,Intentional
User_71,2025-02-12 11:12:10,0.259,0.3452,Walking,Zep,Speeding,6way,0,30,3G,-93,37,13,0.0097235523642747,40.2790523152535,21.753532379037935,Intentional
User_85,2025-02-12 18:10:45,0.653,0.2853,Driving,Spinari,Reckless_Driving,1way,0,10,3G,-77,64,-12,0.00845646419397,40.305111928290046,21.808163138222632,Intentional
User_89,2025-02-13 04:29:23,0.606,0.4792,Driving,Center,Speeding,1way,0,60,3G,-79,50,-10,0.0084605398207175,40.27989321495542,21.75422218758473,Intentional
User_42,2025-02-13 20:43:04,0.544,0.4553,Driving,Zep,Speeding,5way,0,80,4G,-86,30,-16,0.0092428729220858,40.278485393434586,21.75271837695687,Intentional
User_12,2025-02-14 05:41:00,0.74,0.3711,Running,Koila,Reckless_Driving,6way,1,30,WiFi,-54,98,-15,0.0063318724935857,40.32162220223283,21.792537310288644,Intentional
User_03,2025-02-14 06:00:55,0.47,0.3902,Walking,Center,Speeding,2way,5,50,WiFi,-65,35,-4,0.0099224920131454,40.279114705415665,21.75361357398101,Intentional
User_01,2025-02-14 17:03:44,0.581,0.4617,Walking,Zep,Reckless_Driving,6way,2,60,3G,-116,24,-7,0.0045032455805211,40.27985101941584,21.752022157538015,Intentional
User_94,2025-02-14 21:34:28,0.459,0.094,Walking,Center,Reckless_Driving,2way,0,10,4G,-99,66,16,0.0032078478684586,40.32067243054802,21.791696115312,Intentional
User_61,2025-02-14 21:50:26,0.304,0.2356,Running,Ligeris,Speeding,5way,2,40,WiFi,-51,0,16,0.0053418679387582,40.30601934184055,21.807387554617065,Intentional
User_78,2025-02-14 22:57:51,0.615,0.298,Swimming,Koila,Speeding,1way,0,20,4G,-81,37,-3,0.0073870589624452,40.32288934350037,21.790175149052217,Intentional
User_31,2025-02-14 23:04:23,0.293,0.4887,Swimming,Ligeris,Reckless_Driving,2way,1,20,5G,-114,19,-16,0.0069811386729611,40.30683455023717,21.807488949815937,Intentional
User_48,2025-02-15 02:11:26,0.636,0.2839,Flying,Ligeris,Driving_Under_Influence,2way,0,10,4G,-94,33,-6,0.0021282790112925,40.30523474792205,21.809375576253107,Intentional
User_53,2025-02-15 06:23:24,0.703,0.2843,Running,Spinari,Driving_Under_Influence,1way,0,50,WiFi,-80,39,-13,0.003904668877235,40.27899474234211,21.753561826427617,Intentional
User_03,2025-02-15 07:08:06,0.47,0.3932,Flying,Ligeris,Driving_Under_Influence,2way,0,30,WiFi,-54,71,7,0.0072084544421418,40.30751265822178,21.806096644445407,Intentional
User_52,2025-02-15 13:16:37,0.706,0.4904,Running,Ligeris,Speeding,6way,0,30,4G,-100,93,-8,0.0022610582568127,40.30652337593226,21.807520664734565,Intentional
User_84,2025-02-15 18:55:15,0.488,0.2824,Swimming,Ligeris,Driving_Under_Influence,2way,1,60,3G,-102,38,14,0.0090582377512237,40.306421625171616,21.80516437523487,Intentional
User_06,2025-02-16 14:21:32,0.573,0.3217,Running,Ligeris,Driving_Under_Influence,5way,5,20,5G,-105,63,14,0.0077349157736574,40.30706356857811,21.807062084168923,Intentional
User_90,2025-02-17 01:37:26,0.395,0.2058,Flying,Koila,Speeding,4way,2,90,3G,-74,12,11,0.0091431559960849,40.32169040395871,21.79192739425478,Intentional
User_52,2025-02-17 03:55:56,0.706,0.4934,Flying,Koila,Speeding,2way,1,60,4G,-93,37,-6,0.0013410886588135,40.3233772865404,21.79110398181402,Intentional
User_18,2025-02-17 05:50:09,0.669,0.2534,Running,Koila,Driving_Under_Influence,6way,1,60,WiFi,-80,51,8,0.0055357175962567,40.32195428486778,21.789987414792265,Intentional
User_05,2025-02-17 06:40:48,0.307,0.2357,Driving,Zep,Reckless_Driving,6way,0,20,3G,-79,2,14,0.0055965920838363,40.27990710493887,21.751835882130873,Intentional
User_58,2025-02-17 23:42:09,0.744,0.2882,Driving,Zep,Reckless_Driving,5way,1,10,4G,-92,94,5,0.0081822748059891,40.2793823175598,21.753037676377858,Intentional
User_58,2025-02-18 04:16:56,0.744,0.2902,Driving,Ligeris,Reckless_Driving,6way,2,30,WiFi,-63,56,-11,0.0065163047847679,40.30664671568969,21.80647641349351,Intentional
User_91,2025-02-18 13:41:56,0.716,0.3083,Walking,Center,Speeding,4way,0,50,3G,-98,29,-4,0.0033560902792232,40.27949637477678,21.75510443452664,Intentional
User_56,2025-02-18 16:38:56,0.449,0.4356,Walking,Center,Reckless_Driving,2way,2,10,3G,-85,11,-15,0.0057149321267706,40.27826655083328,21.75237032239253,Intentional
User_75,2025-02-18 21:47:36,0.65,0.3844,Walking,Ligeris,Speeding,6way,0,50,3G,-109,52,15,0.0037330197334053,40.30674223390465,21.8078398454249,Intentional
User_84,2025-02-19 02:07:54,0.488,0.2904,Running,Spinari,Reckless_Driving,2way,0,50,5G,-96,6,-9,0.0023091808967598,40.32365592525858,21.79094677084012,Intentional
User_17,2025-02-19 11:35:09,0.439,0.4726,Running,Spinari,Reckless_Driving,2way,2,10,WiFi,-65,34,-11,0.0031376552704266,40.304961361801944,21.807733327427908,Intentional
User_64,2025-02-20 01:44:36,0.287,0.1097,Swimming,Koila,Reckless_Driving,2way,2,40,WiFi,-88,9,6,0.009205979088012,40.32035603827491,21.79137228662313,Intentional
User_87,2025-02-20 12:48:07,0.64,0.4075,Flying,Ligeris,Driving_Under_Influence,1way,2,120,WiFi,-63,65,16,0.0088780790710793,40.30608520341433,21.80768832435593,Intentional
User_71,2025-02-20 20:26:55,0.259,0.3622,Swimming,Ligeris,Reckless_Driving,1way,1,50,3G,-84,18,-4,0.0058224135743054,40.30634747544127,21.807230003495256,Intentional
User_12,2025-02-20 21:49:00,0.74,0.3841,Driving,Zep,Speeding,5way,3,50,WiFi,-89,70,1,0.007562810007786,40.277903091527534,21.754018551895616,Intentional
User_55,2025-02-21 01:47:09,0.3,0.4764,Flying,Zep,Speeding,2way,2,10,3G,-110,2,10,0.0081482345131326,40.279698385021256,21.752260486691817,Intentional
User_40,2025-02-21 09:43:40,0.357,0.1901,Flying,Zep,Reckless_Driving,1way,2,60,WiFi,-77,5,-13,0.0067641169131614,40.28005198926048,21.75255590368049,Intentional
User_79,2025-02-21 19:53:47,0.326,0.1919,Running,Center,Speeding,2way,0,70,5G,-107,22,-13,0.0081581891925072,40.32182744648643,21.790902923223083,Intentional
User_63,2025-02-21 20:59:48,0.549,0.4723,Swimming,Koila,Reckless_Driving,4way,0,10,5G,-72,51,15,0.0050835527963767,40.32135960598173,21.792784671049507,Intentional
User_30,2025-02-21 22:54:16,0.478,0.3061,Running,Spinari,Speeding,2way,0,30,4G,-72,94,0,0.0020888464615449,40.30601131327692,21.807170671351475,Intentional
User_11,2025-02-22 06:51:54,0.263,0.4578,Flying,Zep,Driving_Under_Influence,4way,1,50,3G,-79,71,1,0.0030853992298658,40.27893631559324,21.752771820005712,Intentional
User_13,2025-02-22 13:28:24,0.738,0.3783,Flying,Ligeris,Driving_Under_Influence,2way,1,30,4G,-79,18,16,0.0035482589945899,40.30615524291331,21.80741487480239,Intentional
User_34,2025-02-22 13:31:57,0.466,0.2252,Flying,Ligeris,Speeding,2way,2,40,3G,-114,63,-7,0.0073841427846527,40.30517068651864,21.807996572375895,Intentional
User_38,2025-02-22 19:52:39,0.497,0.3766,Flying,Koila,Reckless_Driving,1way,0,50,WiFi,-85,32,10,0.0072632640714928,40.321463896474185,21.79339855300564,Intentional
User_82,2025-02-22 20:07:02,0.291,0.14,Walking,Koila,Driving_Under_Influence,6way,1,20,5G,-97,43,-6,0.0031198825396726,40.32226760136648,21.79224592630901,Intentional
User_37,2025-02-22 20:43:49,0.696,0.1207,Swimming,Zep,Speeding,1way,0,20,5G,-79,63,3,0.0055098960725702,40.28087384977528,21.752821470568193,Intentional
User_15,2025-02-23 09:36:40,0.369,0.1478,Driving,Koila,Reckless_Driving,5way,0,30,3G,-112,1,6,0.0060053390808961,40.32209939019402,21.791358545048055,Intentional
User_21,2025-02-23 11:45:19,0.256,0.3196,Driving,Koila,Reckless_Driving,5way,1,40,4G,-108,9,9,0.0025502220059641,40.32292883780054,21.790676597252094,Intentional
User_50,2025-02-24 10:14:53,0.395,0.3334,Driving,Center,Reckless_Driving,2way,0,40,4G,-97,47,1,0.0087763561330647,40.32253553505024,21.790558901655427,Intentional
User_27,2025-02-24 19:36:14,0.33,0.313,Swimming,Zep,Driving_Under_Influence,4way,0,40,3G,-98,61,-11,0.0041194459583486,40.27853543215349,21.75175584607466,Intentional
User_58,2025-02-24 20:49:40,0.744,0.3022,Running,Spinari,Driving_Under_Influence,2way,0,30,WiFi,-58,98,0,0.0070442337446324,40.306523647171225,21.809597950967454,Intentional
User_98,2025-02-24 21:17:28,0.734,0.256,Running,Ligeris,Driving_Under_Influence,5way,1,50,5G,-96,49,-12,0.0099953974652126,40.30577692924864,21.806445058277298,Intentional
User_84,2025-02-25 00:22:06,0.488,0.3014,Swimming,Zep,Reckless_Driving,1way,2,40,WiFi,-59,71,9,0.0021088514714964,40.27935766181793,21.751004018472894,Intentional
User_26,2025-02-25 13:54:54,0.495,0.3593,Driving,Ligeris,Driving_Under_Influence,5way,0,60,4G,-119,53,-12,0.0078344543299225,40.30626036059461,21.807074610889703,Intentional
User_07,2025-02-25 22:42:20,0.47,0.3424,Walking,Spinari,Reckless_Driving,1way,0,70,4G,-108,9,4,0.0032842813609531,40.279751633157616,21.75318380680556,Intentional
User_32,2025-02-25 22:45:40,0.684,0.2113,Swimming,Zep,Driving_Under_Influence,1way,0,30,4G,-116,7,7,0.0073681066434383,40.28059605124495,21.75347598886088,Intentional
User_68,2025-02-26 02:38:19,0.402,0.3427,Flying,Zep,Driving_Under_Influence,2way,1,80,4G,-111,39,4,0.0055032925797198,40.279589985280985,21.75560021278733,Intentional
User_76,2025-02-26 02:54:19,0.251,0.2732,Flying,Koila,Driving_Under_Influence,1way,0,20,4G,-91,19,-14,0.0019187379718536,40.32076114019797,21.791472057998224,Intentional
User_97,2025-02-26 06:41:34,0.737,0.3256,Walking,Ligeris,Speeding,6way,1,120,4G,-104,96,-13,0.0049016583215397,40.305367397669094,21.80580259372713,Intentional
User_83,2025-02-26 07:11:53,0.498,0.1967,Walking,Ligeris,Driving_Under_Influence,5way,0,90,5G,-93,67,6,0.0068248189873989,40.30723356544583,21.806995524718776,Intentional
User_75,2025-02-26 07:57:38,0.65,0.3994,Walking,Ligeris,Driving_Under_Influence,6way,1,80,WiFi,-73,16,-13,0.0053713766908011,40.30623107295335,21.807596067756094,Intentional
User_86,2025-02-26 10:28:40,0.343,0.3268,Running,Center,Speeding,2way,1,30,4G,-90,89,10,0.0046639734571374,40.32229127917368,21.792619828035605,Intentional
User_72,2025-02-26 10:46:02,0.359,0.4308,Running,Spinari,Driving_Under_Influence,2way,0,20,3G,-72,43,1,0.0097387146528745,40.32333673136904,21.789780376714823,Intentional
User_30,2025-02-26 14:14:41,0.478,0.3161,Running,Ligeris,Reckless_Driving,6way,1,80,5G,-93,0,-9,0.0015898374435982,40.30528528961029,21.80799627841974,Intentional
User_20,2025-02-26 14:51:15,0.625,0.5093,Flying,Ligeris,Driving_Under_Influence,1way,3,20,4G,-74,17,11,0.0057132341516924,40.30525462660067,21.80899050552777,Intentional
User_37,2025-02-26 20:29:38,0.696,0.1287,Walking,Spinari,Speeding,1way,0,30,5G,-103,47,-11,0.0038563669051151,40.30655318134125,21.805258011087663,Intentional
User_02,2025-02-27 09:11:23,0.477,0.3114,Swimming,Koila,Speeding,2way,0,60,3G,-100,5,-8,0.0095849884225407,40.32141760930823,21.789212213711632,Intentional
User_41,2025-02-27 21:17:27,0.642,0.4595,Walking,Ligeris,Driving_Under_Influence,5way,2,90,3G,-87,81,-7,0.008173973461856,40.30586198266665,21.807769044714313,Intentional
User_92,2025-02-28 11:59:16,0.622,0.1264,Walking,Koila,Speeding,6way,0,40,4G,-116,18,-5,0.0038375750559842,40.321576517982024,21.791467864978213,Intentional
User_96,2025-03-01 21:13:48,0.308,0.2808,Driving,Zep,Speeding,5way,2,40,4G,-79,43,1,0.0071589632446992,40.27892796250033,21.753457849300418,Intentional
User_82,2025-03-02 03:52:58,0.291,0.156,Walking,Zep,Speeding,5way,1,80,4G,-105,3,1,0.0052289355033474,40.27834064672923,21.754511198650853,Intentional
User_53,2025-03-02 08:13:45,0.703,0.3143,Swimming,Zep,Driving_Under_Influence,1way,1,70,4G,-82,15,9,0.0019348938243465,40.279387573725614,21.751512322534165,Intentional
User_27,2025-03-02 12:24:02,0.33,0.326,Running,Koila,Speeding,5way,5,20,4G,-75,21,3,0.006913722131345,40.321150956073,21.792687498860705,Intentional
User_44,2025-03-02 13:20:41,0.546,0.3965,Driving,Zep,Speeding,6way,0,30,4G,-103,21,-1,0.0084911343622503,40.27933729993155,21.753232367636905,Intentional
User_92,2025-03-02 14:35:51,0.622,0.1314,Driving,Spinari,Reckless_Driving,2way,0,10,3G,-78,82,8,0.006825524801072,40.32175130691724,21.789564019380027,Intentional
User_65,2025-03-02 22:43:02,0.654,0.3782,Running,Koila,Speeding,5way,0,40,3G,-104,73,-13,0.0068255237423159,40.32210835282818,21.789991156298544,Intentional
User_75,2025-03-03 00:19:13,0.65,0.4094,Flying,Koila,Reckless_Driving,1way,0,80,3G,-82,64,7,0.0098225259492127,40.32363647819122,21.79118359110695,Intentional
User_50,2025-03-03 02:02:29,0.395,0.3474,Walking,Spinari,Speeding,4way,0,40,3G,-74,18,-15,0.0058808632110393,40.277999059064506,21.75216878094619,Intentional
User_91,2025-03-03 02:29:46,0.716,0.3333,Flying,Ligeris,Driving_Under_Influence,1way,0,120,5G,-114,2,-10,0.0076376524157095,40.30582104968337,21.808303835447827,Intentional
User_15,2025-03-03 22:32:12,0.369,0.1638,Running,Zep,Reckless_Driving,6way,0,40,WiFi,-78,100,8,0.0098471340765603,40.279539788156214,21.753129848055487,Intentional
User_18,2025-03-04 03:54:44,0.669,0.2834,Walking,Ligeris,Reckless_Driving,6way,2,80,WiFi,-84,30,-4,0.0027619240762706,40.30773029653125,21.80627646415751,Intentional
User_07,2025-03-04 06:13:20,0.47,0.3554,Running,Center,Reckless_Driving,1way,5,70,5G,-84,3,-4,0.0024712191194193,40.27957424550857,21.75556362096038,Intentional
User_17,2025-03-04 17:03:46,0.439,0.4996,Running,Spinari,Driving_Under_Influence,2way,0,30,WiFi,-61,17,-4,0.0023301844286034,40.28031731781326,21.7512635736274,Intentional
User_42,2025-03-04 17:40:40,0.544,0.4933,Flying,Ligeris,Speeding,1way,1,70,4G,-81,70,0,0.0043653610227574,40.30550868016091,21.80680506582886,Intentional
User_09,2025-03-04 22:15:26,0.444,0.2277,Flying,Ligeris,Speeding,4way,1,10,WiFi,-76,47,-16,0.0064350521993551,40.30641286283438,21.80772256715283,Intentional
User_55,2025-03-05 03:22:42,0.3,0.5004,Swimming,Zep,Speeding,1way,2,60,5G,-70,82,10,0.0085071773658862,40.27821023155318,21.753990343452415,Intentional
User_69,2025-03-05 03:30:14,0.667,0.2321,Running,Zep,Speeding,5way,0,20,5G,-112,53,-3,0.0081784524103589,40.27874119040343,21.75305236389309,Intentional
User_72,2025-03-05 03:58:19,0.359,0.4448,Driving,Spinari,Driving_Under_Influence,2way,0,10,4G,-97,63,-2,0.0070075791364152,40.279110651088146,21.75191016852954,Intentional
User_71,2025-03-05 06:08:07,0.259,0.3882,Swimming,Koila,Reckless_Driving,2way,0,130,4G,-105,27,-10,0.0067946317500231,40.321210342601304,21.792619607003775,Intentional
User_68,2025-03-05 14:29:57,0.402,0.3567,Running,Koila,Driving_Under_Influence,5way,0,30,WiFi,-72,24,2,0.0012301103224919,40.32277266076298,21.790654519801674,Intentional
User_60,2025-03-05 15:14:07,0.669,0.1877,Running,Spinari,Driving_Under_Influence,2way,0,10,4G,-83,31,13,0.0069304758651702,40.30594559393781,21.80573338444423,Intentional
User_78,2025-03-05 19:02:35,0.615,0.336,Swimming,Ligeris,Reckless_Driving,1way,0,50,WiFi,-52,23,6,0.0017715448750632,40.30697203295495,21.80673321249833,Intentional
User_62,2025-03-06 00:59:26,0.471,0.237,Running,Koila,Reckless_Driving,5way,0,50,4G,-116,69,-2,0.0032035667360538,40.32270184001739,21.792274518100022,Intentional
User_17,2025-03-06 04:46:00,0.439,0.5026,Swimming,Zep,Reckless_Driving,2way,0,40,4G,-116,97,9,0.0095015415484387,40.27961236340409,21.753561917468417,Intentional
User_26,2025-03-06 04:55:57,0.495,0.3763,Running,Spinari,Reckless_Driving,2way,1,70,4G,-111,12,2,0.0097905524169432,40.27870390463401,21.75165348613795,Intentional
User_12,2025-03-06 19:32:04,0.74,0.4121,Driving,Spinari,Driving_Under_Influence,2way,3,30,3G,-109,69,-8,0.0094616573765466,40.27925781626173,21.75426301464305,Intentional
User_39,2025-03-06 21:38:55,0.297,0.4574,Flying,Ligeris,Reckless_Driving,1way,0,60,5G,-120,83,-6,0.001634378035655,40.30596246264877,21.806508178295413,Intentional
User_14,2025-03-07 01:12:19,0.533,0.2116,Walking,Center,Driving_Under_Influence,1way,0,30,4G,-95,91,2,0.0072856008690553,40.3059812638731,21.8055389926049,Intentional
User_96,2025-03-07 08:40:15,0.308,0.2918,Driving,Spinari,Driving_Under_Influence,1way,0,90,5G,-99,38,14,0.0069450536797123,40.32292016389311,21.78926709774587,Intentional
User_64,2025-03-07 11:11:49,0.287,0.1407,Flying,Ligeris,Reckless_Driving,2way,1,30,4G,-94,50,16,0.0041289255765471,40.30639631154248,21.807305399931224,Intentional
User_53,2025-03-07 13:30:53,0.703,0.3243,Walking,Spinari,Reckless_Driving,2way,0,40,3G,-105,57,10,0.0021502284743994,40.279430846337455,21.75155635722027,Intentional
User_33,2025-03-07 13:42:33,0.554,0.3363,Flying,Zep,Reckless_Driving,2way,0,50,4G,-77,91,9,0.0033268589440215,40.27982490714989,21.75198768036338,Intentional
User_43,2025-03-07 16:41:01,0.407,0.4084,Running,Ligeris,Speeding,6way,1,30,3G,-113,10,2,0.0035469718152514,40.307360209066026,21.808262603161506,Intentional
User_54,2025-03-07 17:40:40,0.482,0.5069,Driving,Center,Driving_Under_Influence,1way,0,50,4G,-116,43,11,0.0073898152421847,40.32168210066509,21.789735274430026,Intentional
User_07,2025-03-07 18:17:40,0.47,0.3624,Swimming,Ligeris,Speeding,1way,0,90,WiFi,-74,7,3,0.0045166868717284,40.30680046397949,21.80765743321703,Intentional
User_63,2025-03-07 19:48:43,0.549,0.5003,Running,Spinari,Reckless_Driving,2way,0,60,WiFi,-75,89,4,0.0097546337484244,40.27887615200804,21.754191656324775,Intentional
User_01,2025-03-07 22:24:26,0.581,0.5047,Driving,Koila,Reckless_Driving,6way,0,70,5G,-112,90,6,0.0054065383578288,40.32239173594218,21.791427342598187,Intentional
User_04,2025-03-07 22:54:52,0.619,0.4575,Driving,Spinari,Speeding,4way,2,40,WiFi,-85,67,7,0.0052099686726478,40.32247035102088,21.79049529871891,Intentional
User_96,2025-03-08 05:16:26,0.308,0.2938,Flying,Ligeris,Driving_Under_Influence,2way,2,30,4G,-90,99,14,0.00989193803878,40.306553490025294,21.807589258731117,Intentional
User_83,2025-03-08 11:05:28,0.498,0.2167,Swimming,Koila,Driving_Under_Influence,2way,1,90,5G,-96,90,-14,0.0028915339431928,40.3208519240433,21.79042056847761,Intentional
User_67,2025-03-08 12:11:09,0.692,0.3731,Running,Ligeris,Speeding,6way,1,50,WiFi,-66,97,-4,0.0043731785754152,40.307314407305334,21.8087863436432,Intentional
User_48,2025-03-08 18:39:48,0.636,0.3269,Driving,Ligeris,Driving_Under_Influence,5way,1,70,3G,-71,6,1,0.0017347115636176,40.3077789787596,21.808016401981295,Intentional
User_09,2025-03-09 00:14:53,0.444,0.2367,Flying,Zep,Driving_Under_Influence,2way,0,50,WiFi,-51,100,12,0.0033843439946035,40.27928950031468,21.75339215984896,Intentional
User_61,2025-03-09 12:38:20,0.304,0.2816,Running,Center,Reckless_Driving,4way,1,40,4G,-92,25,13,0.0047507024110915,40.3061864661601,21.80768974660067,Intentional
User_72,2025-03-09 14:24:12,0.359,0.4528,Flying,Koila,Driving_Under_Influence,1way,0,30,WiFi,-54,49,-14,0.0096317496613971,40.32186432886887,21.789091373222064,Intentional
User_74,2025-03-10 00:52:44,0.564,0.306,Swimming,Ligeris,Reckless_Driving,2way,1,10,3G,-120,33,16,0.0023000416515239,40.307575502017926,21.80901741891481,Intentional
User_58,2025-03-10 03:27:24,0.744,0.3292,Running,Zep,Driving_Under_Influence,5way,4,70,3G,-81,11,14,0.0014690185256272,40.27935364041951,21.75330961758689,Intentional
User_94,2025-03-10 06:06:15,0.459,0.141,Driving,Center,Reckless_Driving,1way,0,70,5G,-81,90,11,0.0051455342506887,40.279112968488256,21.75307616779086,Intentional
User_26,2025-03-10 19:29:27,0.495,0.3853,Running,Zep,Driving_Under_Influence,6way,1,80,WiFi,-88,66,3,0.0027892648537418,40.2787346322689,21.752254697353187,Intentional
User_44,2025-03-11 03:10:21,0.546,0.4155,Swimming,Zep,Reckless_Driving,2way,2,60,WiFi,-88,25,-8,0.0041405095852525,40.280787620776664,21.754402108916615,Intentional
User_04,2025-03-11 04:11:07,0.619,0.4655,Swimming,Ligeris,Reckless_Driving,2way,3,110,WiFi,-88,21,5,0.005628331985016,40.3054679408278,21.809167924213043,Intentional
User_79,2025-03-11 04:52:51,0.326,0.2269,Driving,Ligeris,Reckless_Driving,5way,1,50,4G,-107,88,12,0.0079667209246817,40.30705763670115,21.805904901385937,Intentional
User_09,2025-03-11 10:08:31,0.444,0.2417,Swimming,Ligeris,Driving_Under_Influence,1way,0,60,5G,-117,74,11,0.002943769100861,40.3060730505955,21.8080182995553,Intentional
User_95,2025-03-11 10:39:02,0.36,0.4149,Swimming,Koila,Speeding,4way,0,50,WiFi,-79,74,3,0.0034114973637595,40.32271374210573,21.791876217492504,Intentional
User_77,2025-03-11 10:53:28,0.369,0.2243,Running,Center,Driving_Under_Influence,1way,0,80,4G,-88,35,-8,0.0052316852417313,40.27925977429324,21.753182380203395,Intentional
User_05,2025-03-11 15:20:50,0.307,0.2797,Running,Spinari,Speeding,2way,3,60,4G,-70,21,1,0.0052179587855565,40.3059130768496,21.8085802528387,Intentional
User_38,2025-03-12 02:55:11,0.497,0.4116,Driving,Zep,Driving_Under_Influence,6way,0,40,3G,-116,24,-6,0.001577043382201,40.279863180502794,21.75260343937097,Intentional
User_89,2025-03-12 07:58:47,0.606,0.5322,Driving,Spinari,Speeding,2way,0,10,4G,-104,19,-12,0.0032573217356806,40.30656582022957,21.809586420476354,Intentional
User_52,2025-03-12 08:26:53,0.706,0.5404,Walking,Ligeris,Reckless_Driving,6way,0,10,WiFi,-77,71,14,0.0033667859026746,40.30623239150318,21.807408322704372,Intentional
User_88,2025-03-12 17:06:39,0.421,0.4822,Flying,Koila,Reckless_Driving,1way,0,60,3G,-72,61,5,0.0043885248628698,40.321826890088246,21.7910719796715,Intentional
User_29,2025-03-12 20:07:06,0.603,0.4933,Swimming,Zep,Driving_Under_Influence,2way,1,60,3G,-82,90,-6,0.0025570221899977,40.27842416619483,21.752115081068805,Intentional
User_95,2025-03-12 20:45:27,0.36,0.4169,Walking,Koila,Speeding,6way,4,80,3G,-73,29,-12,0.0051425449483253,40.32203529794739,21.791403119209896,Intentional
User_76,2025-03-12 22:27:29,0.251,0.3012,Walking,Zep,Speeding,5way,0,70,WiFi,-63,50,-12,0.0010531570665495,40.27945007314505,21.751893494638317,Intentional
User_89,2025-03-13 00:23:40,0.606,0.5342,Running,Zep,Reckless_Driving,5way,1,70,3G,-70,91,13,0.0061941967638226,40.28085628692443,21.752312533852947,Intentional
User_06,2025-03-13 00:33:10,0.573,0.3707,Driving,Ligeris,Reckless_Driving,6way,2,70,4G,-83,49,-10,0.001100649955563,40.30546945939727,21.807645103785394,Intentional
User_77,2025-03-13 05:00:27,0.369,0.2283,Running,Center,Driving_Under_Influence,2way,5,20,WiFi,-85,76,-7,0.0017161530741223,40.30695148015626,21.80563517301829,Intentional
User_08,2025-03-13 08:14:51,0.33,0.4529,Running,Koila,Reckless_Driving,5way,2,50,3G,-83,70,-12,0.0089953017797268,40.32191470824145,21.79241010769418,Intentional
User_58,2025-03-13 12:09:53,0.744,0.3362,Driving,Spinari,Reckless_Driving,2way,1,10,3G,-115,32,-12,0.009032987483496,40.279764490509976,21.751982369962075,Intentional
User_100,2025-03-13 13:31:42,0.718,0.482,Driving,Koila,Speeding,6way,0,10,5G,-70,10,-15,0.0013558301856132,40.322128246666786,21.791214563642615,Intentional
User_80,2025-03-13 14:21:55,0.447,0.4706,Swimming,Zep,Reckless_Driving,2way,0,10,3G,-72,81,10,0.0086663096839721,40.27986166942294,21.753630659548243,Intentional
User_16,2025-03-13 14:28:24,0.455,0.4138,Running,Zep,Speeding,6way,0,60,5G,-76,36,-10,0.003996042936968,40.28026663054617,21.75372781059309,Intentional
User_93,2025-03-13 15:24:17,0.333,0.5303,Running,Koila,Driving_Under_Influence,6way,0,80,4G,-92,0,-8,0.0014464611655593,40.32221605605965,21.79090198536774,Intentional
User_47,2025-03-13 16:36:19,0.345,0.269,Driving,Spinari,Driving_Under_Influence,4way,1,30,5G,-118,100,-1,0.0087159600676141,40.28032271538846,21.75461949170218,Intentional
User_59,2025-03-13 23:19:28,0.521,0.2633,Flying,Zep,Speeding,4way,2,40,3G,-111,36,-12,0.0030011836207785,40.2790060841762,21.75136730177795,Intentional
User_16,2025-03-14 03:16:47,0.455,0.4148,Driving,Spinari,Reckless_Driving,1way,2,20,3G,-75,18,-6,0.0015904574133133,40.30557059772244,21.808396880952888,Intentional
User_06,2025-03-14 07:42:16,0.573,0.3727,Running,Center,Driving_Under_Influence,4way,1,10,WiFi,-63,22,-5,0.0012317500048488,40.32237338211223,21.790513430932325,Intentional
User_28,2025-03-14 11:06:48,0.311,0.1648,Running,Spinari,Speeding,2way,0,20,WiFi,-83,31,-11,0.0052432000992281,40.32117626787392,21.789433947040635,Intentional
User_92,2025-03-14 18:44:45,0.622,0.1544,Flying,Zep,Reckless_Driving,2way,1,20,3G,-74,89,3,0.0041161640557236,40.27981644982277,21.752958697101,Intentional
User_60,2025-03-14 23:03:33,0.669,0.2057,Driving,Zep,Reckless_Driving,6way,1,90,4G,-98,61,14,0.006815475683322,40.279827195573766,21.753810927469903,Intentional
User_80,2025-03-15 03:31:03,0.447,0.4736,Driving,Koila,Driving_Under_Influence,5way,0,20,3G,-96,84,-5,0.0099377393105805,40.32164819636956,21.79037113406821,Intentional
User_100,2025-03-15 04:06:05,0.718,0.486,Running,Koila,Driving_Under_Influence,6way,2,40,5G,-75,10,-5,0.0010549932435948,40.32221069107878,21.79086206979627,Intentional
User_57,2025-03-15 09:40:47,0.592,0.3998,Flying,Koila,Reckless_Driving,1way,1,10,WiFi,-60,50,-4,0.0013142872246252,40.3222353595891,21.79123866840016,Intentional
User_97,2025-03-15 09:44:08,0.737,0.3596,Walking,Ligeris,Speeding,6way,0,30,4G,-100,47,-9,0.0080437452060157,40.307007984617165,21.80761794544627,Intentional
User_34,2025-03-15 16:57:33,0.466,0.2662,Walking,Koila,Speeding,5way,0,90,3G,-81,53,-5,0.001864630619377,40.32253426837472,21.791646637783987,Intentional
User_01,2025-03-15 19:22:37,0.581,0.5207,Driving,Ligeris,Driving_Under_Influence,5way,1,30,5G,-72,45,5,0.0019356399045325,40.305260740243554,21.80657396622636,Intentional
User_64,2025-03-15 19:59:55,0.287,0.1567,Walking,Zep,Reckless_Driving,6way,0,30,5G,-109,98,-15,0.0075521993828925,40.27860828245102,21.75217037912702,Intentional
User_62,2025-03-16 01:02:49,0.471,0.257,Flying,Koila,Speeding,4way,3,40,3G,-87,10,11,0.0065907256397468,40.322062568080355,21.791063706215773,Intentional
User_35,2025-03-16 03:29:54,0.301,0.2055,Walking,Spinari,Speeding,2way,2,70,3G,-114,30,4,0.0058484723092645,40.27955790752135,21.755581426056953,Intentional
User_71,2025-03-16 09:42:28,0.259,0.4102,Driving,Koila,Speeding,6way,3,60,5G,-78,19,-6,0.0030909006173324,40.32255764388248,21.792837771283423,Intentional
User_31,2025-03-16 11:43:40,0.293,0.5487,Flying,Zep,Speeding,2way,0,60,3G,-76,70,-12,0.0070069072442383,40.27927977573294,21.753452000795953,Intentional
User_100,2025-03-16 14:14:01,0.718,0.489,Swimming,Zep,Driving_Under_Influence,2way,4,40,WiFi,-71,52,-15,0.0026026108185087,40.27813341313671,21.75244069989112,Intentional
User_48,2025-03-17 09:26:25,0.636,0.3439,Running,Spinari,Speeding,1way,1,70,4G,-101,65,-10,0.0094905474186999,40.306370883333216,21.807869831122495,Intentional
User_86,2025-03-17 13:54:16,0.343,0.3658,Walking,Spinari,Reckless_Driving,2way,0,60,3G,-72,79,10,0.0050978569692878,40.3062444383492,21.80657024253119,Intentional
User_62,2025-03-18 07:04:26,0.471,0.262,Running,Ligeris,Reckless_Driving,5way,0,40,WiFi,-71,39,-10,0.0030764918457496,40.30687013862624,21.806744947303375,Intentional
User_70,2025-03-18 14:59:49,0.314,0.3231,Swimming,Zep,Reckless_Driving,1way,0,50,WiFi,-73,46,-14,0.006144809049209,40.27888118927635,21.753517309048583,Intentional
User_37,2025-03-18 23:38:44,0.696,0.1687,Driving,Zep,Reckless_Driving,5way,0,50,3G,-100,28,-10,0.0071612908977222,40.279296088409566,21.755586012472545,Intentional
User_75,2025-03-19 01:28:18,0.65,0.4414,Running,Center,Reckless_Driving,1way,1,60,WiFi,-65,95,11,0.0018751359214946,40.32196104573367,21.792391607204262,Intentional
User_86,2025-03-19 09:53:24,0.343,0.3698,Flying,Koila,Driving_Under_Influence,2way,1,80,3G,-119,87,4,0.0061797778177633,40.321283728339935,21.789645220974062,Intentional
User_50,2025-03-19 10:02:08,0.395,0.3804,Swimming,Ligeris,Driving_Under_Influence,2way,0,80,3G,-110,43,16,0.008486077030851,40.30579345254599,21.808070338939547,Intentional
User_74,2025-03-20 06:40:37,0.564,0.326,Driving,Spinari,Driving_Under_Influence,4way,0,70,5G,-102,37,2,0.0040516795086111,40.3203669048758,21.791076499028772,Intentional
User_39,2025-03-20 14:12:52,0.297,0.4854,Running,Center,Speeding,1way,4,40,WiFi,-67,90,-6,0.0022016394303635,40.3223977152131,21.789402549096103,Intentional
User_90,2025-03-21 01:05:12,0.395,0.2698,Swimming,Koila,Reckless_Driving,2way,3,90,3G,-95,9,12,0.006064842786583,40.32268869365262,21.79167543381736,Intentional
User_42,2025-03-21 01:55:46,0.544,0.5263,Swimming,Zep,Driving_Under_Influence,2way,4,40,5G,-96,39,-12,0.0083687900541216,40.279861669813336,21.753724675713645,Intentional
User_75,2025-03-21 05:29:44,0.65,0.4464,Driving,Ligeris,Speeding,6way,0,10,WiFi,-52,22,10,0.0092380196107084,40.30605840053609,21.80598149486271,Intentional
User_77,2025-03-21 14:07:08,0.369,0.2453,Flying,Koila,Driving_Under_Influence,4way,0,40,WiFi,-54,89,5,0.0049031908730236,40.32210907275581,21.791980625946525,Intentional
User_02,2025-03-21 15:57:49,0.477,0.3554,Running,Ligeris,Driving_Under_Influence,5way,0,40,WiFi,-51,71,3,0.0016621134379337,40.306685846308675,21.808161896685505,Intentional
User_04,2025-03-22 01:22:06,0.619,0.4865,Driving,Ligeris,Speeding,5way,2,80,5G,-101,95,7,0.0054357032859516,40.30504367378386,21.80866577628464,Intentional
User_58,2025-03-22 04:36:34,0.744,0.3532,Swimming,Ligeris,Driving_Under_Influence,4way,0,20,WiFi,-66,60,-3,0.0079762025927981,40.30637717479957,21.806979475175737,Intentional
User_47,2025-03-22 08:04:00,0.345,0.286,Swimming,Koila,Driving_Under_Influence,4way,0,50,5G,-95,66,4,0.004992393085562,40.32194342108401,21.791394065751128,Intentional
User_37,2025-03-22 10:25:14,0.696,0.1757,Swimming,Ligeris,Speeding,1way,1,30,5G,-116,73,4,0.0063896214159721,40.30581572809015,21.807366704408555,Intentional
User_44,2025-03-22 12:30:11,0.546,0.4375,Swimming,Koila,Driving_Under_Influence,2way,0,10,WiFi,-57,57,8,0.0034193569302498,40.323528622734706,21.79244544896002,Intentional
User_97,2025-03-22 16:16:23,0.737,0.3736,Running,Zep,Reckless_Driving,5way,0,50,3G,-118,59,-3,0.0016131103879843,40.279205411581714,21.752313665199026,Intentional
User_01,2025-03-22 18:55:13,0.581,0.5347,Flying,Zep,Driving_Under_Influence,2way,1,40,3G,-103,22,-5,0.0095671023795246,40.27927011425044,21.7524726727508,Intentional
User_26,2025-03-22 19:09:37,0.495,0.4093,Running,Zep,Reckless_Driving,6way,4,110,5G,-102,52,-2,0.0064611659637612,40.279325999203856,21.75334592311112,Intentional
User_42,2025-03-23 03:12:48,0.544,0.5303,Running,Koila,Reckless_Driving,6way,1,40,4G,-97,6,13,0.0020520224446713,40.322514283746806,21.790694377680804,Intentional
User_87,2025-03-23 13:26:53,0.64,0.4685,Running,Spinari,Speeding,4way,2,80,5G,-84,24,-13,0.0073046909080473,40.32318038904219,21.78965042973541,Intentional
User_99,2025-03-23 15:08:29,0.622,0.3284,Driving,Spinari,Speeding,1way,4,40,WiFi,-84,51,4,0.005792132178065,40.27965689807776,21.753748089409616,Intentional
User_96,2025-03-23 18:01:36,0.308,0.3248,Swimming,Ligeris,Speeding,2way,3,80,5G,-115,90,-12,0.0084376136803879,40.306657790617706,21.80734242151687,Intentional
User_46,2025-03-23 18:24:17,0.537,0.3929,Swimming,Ligeris,Speeding,2way,0,40,5G,-94,23,-12,0.0044588774935824,40.30731830055,21.807658626158496,Intentional
User_03,2025-03-23 18:53:09,0.47,0.4652,Driving,Ligeris,Reckless_Driving,5way,0,10,WiFi,-81,72,5,0.0035290340632355,40.306263751840405,21.80956836678908,Intentional
User_76,2025-03-24 00:43:27,0.251,0.3252,Running,Zep,Driving_Under_Influence,6way,0,20,5G,-90,23,1,0.0085765442883759,40.28010003015056,21.754318709011784,Intentional
User_41,2025-03-24 02:25:01,0.642,0.5085,Driving,Ligeris,Speeding,6way,0,30,5G,-118,70,8,0.0047994815271224,40.30522470612803,21.808280860051138,Intentional
User_58,2025-03-24 07:20:43,0.744,0.3572,Swimming,Koila,Speeding,2way,4,30,WiFi,-50,85,11,0.0042961568812662,40.323639217466905,21.79148413342928,Intentional
User_86,2025-03-24 07:30:49,0.343,0.3788,Flying,Ligeris,Reckless_Driving,1way,0,60,WiFi,-60,2,14,0.0036892826937101,40.30571175637342,21.807568508749583,Intentional
User_35,2025-03-24 08:45:45,0.301,0.2225,Walking,Spinari,Speeding,2way,1,70,3G,-112,50,-1,0.002258568271872,40.27996122054776,21.752399738561152,Intentional
User_97,2025-03-24 13:52:03,0.737,0.3786,Driving,Koila,Speeding,5way,0,20,4G,-76,58,11,0.0078761457234268,40.32345052252413,21.78996312144154,Intentional
User_07,2025-03-24 15:33:46,0.47,0.3954,Flying,Zep,Speeding,2way,4,70,WiFi,-62,92,10,0.0089937487566496,40.27973606873517,21.751948017473712,Intentional
User_02,2025-03-24 17:52:22,0.477,0.3614,Running,Center,Reckless_Driving,2way,0,70,5G,-108,65,15,0.0029975357541716,40.32147175640813,21.793365457394025,Intentional
User_79,2025-03-24 21:28:59,0.326,0.2539,Flying,Ligeris,Reckless_Driving,1way,1,20,WiFi,-52,94,-15,0.0095279052268242,40.30548718486427,21.80801790722819,Intentional
User_27,2025-03-25 00:28:52,0.33,0.371,Running,Koila,Reckless_Driving,5way,0,60,WiFi,-84,40,-12,0.0022286054263831,40.32190679366335,21.79149305662328,Intentional
User_52,2025-03-25 07:24:45,0.706,0.5654,Flying,Ligeris,Speeding,2way,0,20,WiFi,-50,20,-1,0.0038689423943164,40.30502756032158,21.808734688202303,Intentional
User_32,2025-03-25 14:12:23,0.684,0.2673,Driving,Spinari,Driving_Under_Influence,1way,0,80,4G,-90,35,15,0.0037191772191725,40.305476667754554,21.80655508967672,Intentional
User_23,2025-03-25 19:48:56,0.532,0.2367,Driving,Ligeris,Reckless_Driving,5way,1,10,5G,-106,7,-14,0.0094435335316514,40.30608525832067,21.80893921546076,Intentional
User_11,2025-03-26 01:11:05,0.263,0.5218,Flying,Zep,Speeding,2way,0,30,4G,-114,95,14,0.0031223315381958,40.28030653951172,21.754133863663274,Intentional
User_09,2025-03-26 01:51:50,0.444,0.2707,Swimming,Ligeris,Driving_Under_Influence,2way,1,20,3G,-97,47,-15,0.0065372223169151,40.306972483420026,21.806878736389603,Intentional
User_84,2025-03-26 02:40:20,0.488,0.3594,Driving,Koila,Speeding,6way,1,40,5G,-89,25,13,0.0074484908344374,40.321394867973055,21.79136373704863,Intentional
User_19,2025-03-26 08:18:25,0.361,0.5028,Running,Spinari,Driving_Under_Influence,2way,0,60,WiFi,-77,53,16,0.0031741831450686,40.28074655585366,21.753325084003595,Intentional
User_71,2025-03-26 17:46:48,0.259,0.4292,Running,Center,Reckless_Driving,1way,0,30,5G,-70,91,8,0.003920874984643,40.321711647568584,21.79210499992042,Intentional
User_55,2025-03-26 21:05:52,0.3,0.5434,Running,Spinari,Reckless_Driving,2way,0,10,WiFi,-70,31,-12,0.0053848589370568,40.27956248311053,21.754137348852858,Intentional
User_25,2025-03-27 03:09:02,0.352,0.2353,Walking,Ligeris,Driving_Under_Influence,6way,1,10,3G,-98,21,-1,0.0075088702678337,40.306182750772805,21.807323229886418,Intentional
User_36,2025-03-27 08:16:35,0.58,0.431,Running,Zep,Speeding,5way,0,80,3G,-115,37,7,0.0086857715965251,40.27900286707756,21.752405998307495,Intentional
User_47,2025-03-27 21:26:03,0.345,0.297,Driving,Center,Speeding,2way,3,80,3G,-107,20,-12,0.0025160786318891,40.322683382002154,21.79244755950289,Intentional
User_30,2025-03-28 00:31:51,0.478,0.3751,Driving,Center,Driving_Under_Influence,2way,0,10,4G,-99,44,-3,0.0032108649527833,40.322035026251584,21.791361818924383,Intentional
User_25,2025-03-28 01:23:33,0.352,0.2373,Swimming,Koila,Speeding,4way,0,10,4G,-88,93,2,0.005141864442546,40.32297134964258,21.792746692898422,Intentional
User_28,2025-03-28 05:20:23,0.311,0.1928,Walking,Center,Driving_Under_Influence,2way,3,60,4G,-101,81,3,0.0056752789605294,40.30705701162855,21.80621467877571,Intentional
User_94,2025-03-28 05:43:21,0.459,0.177,Driving,Spinari,Reckless_Driving,4way,2,70,WiFi,-80,45,7,0.0068795224740391,40.27966336014902,21.753161548129693,Intentional
User_69,2025-03-28 16:36:40,0.667,0.2791,Driving,Center,Driving_Under_Influence,2way,1,70,WiFi,-57,68,0,0.008293313971688,40.30686046302546,21.807615388233373,Intentional
User_80,2025-03-28 21:04:52,0.447,0.4996,Flying,Zep,Reckless_Driving,2way,1,50,5G,-106,98,-5,0.0097321671553179,40.27903992886265,21.751187439464044,Intentional
User_66,2025-03-29 00:25:00,0.551,0.3109,Walking,Zep,Reckless_Driving,6way,0,70,3G,-116,75,14,0.0036205421097918,40.27915008971074,21.752323932075058,Intentional
User_14,2025-03-29 01:57:13,0.533,0.2556,Flying,Koila,Reckless_Driving,1way,2,50,3G,-71,84,2,0.005517922025555,40.32208536965624,21.791285620232877,Intentional
User_73,2025-03-29 04:26:00,0.343,0.5453,Driving,Center,Reckless_Driving,2way,1,10,WiFi,-68,34,-13,0.0046845259314415,40.28021624665873,21.752364986347143,Intentional
User_52,2025-03-29 09:58:46,0.706,0.5744,Flying,Ligeris,Speeding,1way,3,30,5G,-103,1,-6,0.0068682066479368,40.306162737733715,21.808514695307316,Intentional
User_82,2025-03-29 12:22:42,0.291,0.209,Driving,Center,Speeding,4way,1,50,WiFi,-72,67,-4,0.0085347270338896,40.30621884088603,21.80970657116721,Intentional
User_47,2025-03-29 19:49:39,0.345,0.3,Running,Center,Reckless_Driving,4way,0,70,4G,-88,92,13,0.0066756164309186,40.2787090542474,21.752358539267973,Intentional
User_82,2025-03-29 20:47:32,0.291,0.21,Driving,Center,Speeding,1way,0,70,WiFi,-83,97,-4,0.0048428251745544,40.32246204042674,21.790745975615717,Intentional
User_29,2025-03-30 09:15:34,0.603,0.5293,Walking,Spinari,Reckless_Driving,1way,1,50,WiFi,-57,42,2,0.006821367305668,40.323033990378995,21.78957000169814,Intentional
User_51,2025-03-30 16:50:39,0.574,0.3123,Swimming,Ligeris,Driving_Under_Influence,4way,1,80,3G,-95,78,-10,0.0011624045136428,40.30587445741025,21.807272204360096,Intentional
User_44,2025-03-30 18:42:56,0.546,0.4535,Walking,Spinari,Driving_Under_Influence,2way,0,30,5G,-112,34,-5,0.0043039844359547,40.27930039485093,21.7533803769847,Intentional
User_12,2025-03-30 22:26:08,0.74,0.4601,Swimming,Zep,Speeding,2way,0,50,4G,-119,35,3,0.0083819367517763,40.278033554704805,21.75333378439546,Intentional
User_47,2025-03-31 20:42:17,0.345,0.305,Walking,Center,Driving_Under_Influence,2way,0,30,5G,-111,18,-10,0.0089160950143918,40.32251011223302,21.792450847852585,Intentional
User_60,2025-03-31 23:22:50,0.669,0.2397,Swimming,Ligeris,Speeding,1way,3,80,4G,-86,59,6,0.0088538487896501,40.30590732772911,21.80698780274317,Intentional
User_25,2025-04-01 15:01:38,0.352,0.2463,Flying,Koila,Driving_Under_Influence,2way,0,30,5G,-85,12,2,0.0013647736275512,40.32255426329434,21.790146771370303,Intentional
User_21,2025-04-02 06:09:36,0.256,0.3946,Swimming,Koila,Reckless_Driving,1way,0,80,4G,-78,91,-2,0.0018667133396027,40.322678942758266,21.79121072833227,Intentional
User_23,2025-04-02 12:13:35,0.532,0.2527,Swimming,Zep,Driving_Under_Influence,4way,0,60,5G,-120,86,16,0.0074683010073932,40.27841496809999,21.7545120378134,Intentional
User_56,2025-04-02 13:19:13,0.449,0.5216,Flying,Koila,Reckless_Driving,1way,0,10,WiFi,-53,82,-9,0.0050948150575704,40.320927789436,21.790811078568787,Intentional
User_52,2025-04-02 13:24:34,0.706,0.5814,Running,Zep,Reckless_Driving,5way,2,10,5G,-78,14,10,0.0052076648836303,40.27829459531296,21.75407575500863,Intentional
User_46,2025-04-02 17:27:27,0.537,0.4139,Running,Koila,Reckless_Driving,6way,1,70,WiFi,-62,48,-12,0.0034849479109973,40.322650661239464,21.792767214960097,Intentional
User_55,2025-04-02 18:56:30,0.3,0.5574,Running,Ligeris,Driving_Under_Influence,6way,2,30,WiFi,-56,43,1,0.0036970898383672,40.30701017593419,21.80707520642195,Intentional
User_10,2025-04-03 08:08:32,0.35,0.4755,Flying,Ligeris,Speeding,2way,1,20,3G,-89,14,6,0.0088946150302277,40.30713538085887,21.809172008346245,Intentional
User_38,2025-04-03 14:42:07,0.497,0.4566,Running,Koila,Driving_Under_Influence,5way,0,40,WiFi,-84,14,3,0.0054121875608398,40.32193967232856,21.790868210152535,Intentional
User_59,2025-04-03 18:16:24,0.521,0.3053,Walking,Ligeris,Reckless_Driving,5way,0,40,5G,-71,30,-7,0.0077281464870203,40.305459233096606,21.809598405873754,Intentional
User_61,2025-04-03 18:35:14,0.304,0.3306,Driving,Koila,Speeding,6way,0,10,WiFi,-76,64,-14,0.0057103116307425,40.321151290121946,21.78975343495803,Intentional
User_57,2025-04-03 18:43:37,0.592,0.4378,Walking,Zep,Reckless_Driving,5way,0,50,WiFi,-63,17,-6,0.0055105074259362,40.28104060803526,21.754175888237903,Intentional
User_42,2025-04-03 23:21:09,0.544,0.5533,Swimming,Ligeris,Reckless_Driving,2way,1,60,5G,-100,67,4,0.0075985727063876,40.306162368149735,21.80752664065575,Intentional
User_76,2025-04-04 06:27:07,0.251,0.3472,Swimming,Koila,Driving_Under_Influence,4way,0,20,3G,-118,35,15,0.004288680154823,40.3213738399242,21.7904579412765,Intentional
User_89,2025-04-04 15:38:33,0.606,0.5792,Flying,Koila,Reckless_Driving,4way,2,20,5G,-101,9,-1,0.0081061058592985,40.32299312771873,21.791250229623305,Intentional
User_32,2025-04-04 19:06:12,0.684,0.2873,Swimming,Zep,Driving_Under_Influence,2way,2,50,4G,-107,93,-16,0.0052195599100233,40.27931668204766,21.75233996871244,Intentional
User_74,2025-04-05 08:30:59,0.564,0.358,Running,Spinari,Reckless_Driving,2way,0,60,4G,-88,57,-8,0.0040172160003912,40.306566165050256,21.809457934923657,Intentional
User_48,2025-04-05 08:56:06,0.636,0.3819,Walking,Spinari,Driving_Under_Influence,2way,0,10,4G,-74,62,-3,0.0015169407750147,40.32289980307793,21.790057415081236,Intentional
User_42,2025-04-05 15:42:53,0.544,0.5573,Flying,Koila,Speeding,2way,0,80,3G,-102,14,-10,0.0023939398823972,40.320888704147016,21.79016310047854,Intentional
User_41,2025-04-05 18:29:54,0.642,0.5335,Walking,Center,Reckless_Driving,2way,0,20,3G,-115,13,-5,0.0063292362502574,40.305266704372755,21.80561740376996,Intentional
User_69,2025-04-05 18:50:21,0.667,0.2941,Running,Zep,Speeding,6way,4,10,WiFi,-86,8,4,0.0099218124720363,40.28039499622749,21.75331502506987,Intentional
User_66,2025-04-06 00:32:11,0.551,0.3269,Driving,Zep,Driving_Under_Influence,5way,4,40,WiFi,-54,16,3,0.0060714664127386,40.27952404903144,21.752824225957617,Intentional
User_47,2025-04-06 08:21:41,0.345,0.316,Flying,Ligeris,Driving_Under_Influence,1way,0,70,5G,-93,8,-8,0.003831812027473,40.3049539866382,21.806739864121496,Intentional
User_73,2025-04-06 20:19:14,0.343,0.5623,Driving,Ligeris,Driving_Under_Influence,5way,2,110,5G,-111,98,-7,0.0080619439608386,40.30492480838491,21.807465247609688,Intentional
User_64,2025-04-06 23:59:37,0.287,0.2007,Walking,Ligeris,Speeding,5way,0,80,4G,-96,33,-8,0.0056685165619991,40.30572587355336,21.80660187326634,Intentional
User_43,2025-04-07 07:42:57,0.407,0.4704,Swimming,Zep,Speeding,4way,0,40,5G,-87,18,10,0.0070776906531202,40.278812848575434,21.754685424551027,Intentional
User_78,2025-04-07 14:53:46,0.615,0.402,Driving,Spinari,Reckless_Driving,4way,0,20,3G,-88,36,14,0.0018170689204957,40.27972775157369,21.75310648794461,Intentional
User_75,2025-04-08 04:56:45,0.65,0.4814,Driving,Spinari,Driving_Under_Influence,1way,1,40,5G,-71,58,-9,0.008145059759171,40.279719846568725,21.75187005750171,Intentional
User_61,2025-04-08 07:45:21,0.304,0.3406,Flying,Ligeris,Driving_Under_Influence,1way,1,40,5G,-79,87,-15,0.0020395151565259,40.30594234588619,21.809131715542733,Intentional
User_97,2025-04-08 14:52:51,0.737,0.4076,Flying,Koila,Reckless_Driving,2way,2,10,4G,-99,0,-10,0.0082741993866644,40.32244282137389,21.79133029974589,Intentional
User_82,2025-04-08 23:53:48,0.291,0.23,Driving,Koila,Speeding,5way,1,40,3G,-101,86,2,0.0041370910077853,40.322617596901665,21.793491538784792,Intentional
User_32,2025-04-09 01:10:37,0.684,0.2963,Flying,Zep,Driving_Under_Influence,2way,0,80,4G,-95,65,15,0.0088295903435187,40.28043745680929,21.75456106312809,Intentional
User_10,2025-04-09 02:51:53,0.35,0.4885,Running,Koila,Driving_Under_Influence,6way,0,90,4G,-113,75,-15,0.0089629946978467,40.323123492665175,21.791733409582143,Intentional
User_47,2025-04-09 17:56:48,0.345,0.323,Walking,Spinari,Driving_Under_Influence,4way,0,30,3G,-79,10,15,0.0014675351486554,40.32201865542403,21.791285553505748,Intentional
User_27,2025-04-10 00:16:50,0.33,0.403,Walking,Zep,Speeding,6way,1,50,3G,-117,39,15,0.0054270554033597,40.28042736267109,21.75194647913378,Intentional
User_26,2025-04-10 05:38:16,0.495,0.4463,Walking,Center,Driving_Under_Influence,2way,0,30,4G,-77,23,11,0.0058820677084059,40.32295453304807,21.790130632267314,Intentional
User_39,2025-04-10 07:56:00,0.297,0.5274,Running,Center,Driving_Under_Influence,2way,4,50,3G,-80,84,2,0.0037728374153982,40.306145768961585,21.807538662470535,Intentional
User_72,2025-04-10 09:04:14,0.359,0.5158,Running,Ligeris,Speeding,5way,3,90,5G,-89,85,-10,0.0085539385398311,40.306321167265075,21.80755020097511,Intentional
User_82,2025-04-11 01:46:50,0.291,0.236,Running,Zep,Speeding,5way,0,60,WiFi,-65,8,12,0.0049250053366219,40.27952877166126,21.753260228127147,Intentional
User_90,2025-04-11 01:48:50,0.395,0.3118,Flying,Ligeris,Speeding,2way,1,20,4G,-97,98,8,0.0065820881778851,40.30639657034712,21.806973311954152,Intentional
User_97,2025-04-11 06:33:54,0.737,0.4136,Walking,Koila,Driving_Under_Influence,6way,0,40,4G,-119,44,10,0.0052876532997682,40.32231579119182,21.791687791637447,Intentional
User_16,2025-04-11 08:38:39,0.455,0.4718,Running,Spinari,Speeding,4way,1,60,4G,-80,18,5,0.0096085054264538,40.28005319909438,21.75278461999299,Intentional
User_95,2025-04-11 23:22:52,0.36,0.4769,Walking,Koila,Driving_Under_Influence,5way,0,60,WiFi,-62,85,-11,0.0067641576156894,40.32199345044994,21.791341068722417,Intentional
User_55,2025-04-11 23:26:29,0.3,0.5754,Walking,Koila,Driving_Under_Influence,5way,0,10,5G,-95,49,-3,0.00779259809568,40.32212907890357,21.7910254288749,Intentional
User_90,2025-04-12 00:37:28,0.395,0.3138,Flying,Koila,Driving_Under_Influence,2way,1,40,5G,-73,63,11,0.0017336600803012,40.322814629386315,21.78973136157709,Intentional
User_20,2025-04-12 01:24:55,0.625,0.5983,Running,Spinari,Speeding,1way,0,30,5G,-98,14,9,0.0094524448625642,40.306037004112234,21.80773319572321,Intentional
User_21,2025-04-12 02:19:49,0.256,0.4146,Driving,Spinari,Speeding,2way,1,80,4G,-97,50,-16,0.0043290733627563,40.28072562077456,21.753144509646432,Intentional
User_79,2025-04-12 05:03:31,0.326,0.2919,Walking,Spinari,Reckless_Driving,1way,0,50,3G,-74,14,-1,0.0078696305236619,40.27902906650473,21.75272515463113,Intentional
User_27,2025-04-12 08:26:09,0.33,0.408,Swimming,Zep,Driving_Under_Influence,1way,0,70,3G,-101,62,0,0.0056099392415026,40.27936851664575,21.751977695759717,Intentional
User_74,2025-04-12 12:53:36,0.564,0.372,Driving,Center,Speeding,2way,0,20,WiFi,-57,82,0,0.0055032465249982,40.32199911852214,21.79009924471392,Intentional
User_61,2025-04-12 15:09:43,0.304,0.3496,Running,Spinari,Driving_Under_Influence,1way,0,50,3G,-104,92,-4,0.0074298893947738,40.279178249687234,21.7528085311941,Intentional
User_11,2025-04-12 23:05:17,0.263,0.5558,Swimming,Ligeris,Speeding,4way,0,20,3G,-114,34,13,0.0043296264692854,40.30572372933579,21.80864873689306,Intentional
User_37,2025-04-13 04:08:34,0.696,0.2197,Driving,Ligeris,Driving_Under_Influence,6way,0,30,WiFi,-52,33,-8,0.0032244476032047,40.30625898326961,21.807411830491,Intentional
User_73,2025-04-13 07:19:28,0.343,0.5753,Driving,Ligeris,Driving_Under_Influence,5way,3,120,WiFi,-81,56,-3,0.0062160596224745,40.306043345821394,21.806533615441648,Intentional
User_17,2025-04-13 13:21:46,0.439,0.5796,Driving,Zep,Driving_Under_Influence,5way,1,50,5G,-111,35,2,0.0038672144587542,40.27803969282399,21.754460312940385,Intentional
User_23,2025-04-13 17:48:56,0.532,0.2747,Swimming,Koila,Reckless_Driving,2way,0,10,WiFi,-57,24,-15,0.0052615597423165,40.32243605673098,21.789698080743303,Intentional
User_51,2025-04-13 22:30:24,0.574,0.3403,Driving,Ligeris,Reckless_Driving,6way,1,30,4G,-113,54,-15,0.0019366945662445,40.306269168143686,21.80576149367408,Intentional
User_25,2025-04-13 23:56:21,0.352,0.2703,Driving,Center,Reckless_Driving,2way,1,40,4G,-107,72,9,0.0068267274616395,40.32231173911405,21.791759902832645,Intentional
User_23,2025-04-14 21:09:13,0.532,0.2767,Driving,Ligeris,Reckless_Driving,5way,1,70,5G,-94,16,10,0.0012179011377625,40.30632536465388,21.80718153206651,Intentional
User_66,2025-04-14 22:42:16,0.551,0.3439,Running,Zep,Driving_Under_Influence,5way,0,80,3G,-73,58,-7,0.0092679540243695,40.2796842872756,21.753642902950062,Intentional
User_27,2025-04-15 01:51:09,0.33,0.413,Walking,Ligeris,Speeding,5way,0,110,3G,-111,38,2,0.0041104815134846,40.30568273216831,21.80622666113008,Intentional
User_87,2025-04-15 22:46:44,0.64,0.5155,Running,Koila,Speeding,6way,0,10,WiFi,-54,28,-2,0.0030392268334423,40.32138166460425,21.792487116872675,Intentional
User_01,2025-04-16 03:10:30,0.581,0.5837,Flying,Ligeris,Speeding,4way,1,30,5G,-96,28,7,0.0064110883061113,40.30640754860664,21.80645245848926,Intentional
User_12,2025-04-16 09:13:10,0.74,0.4941,Walking,Koila,Driving_Under_Influence,5way,1,60,4G,-104,44,8,0.0027578463015223,40.321980214941696,21.79130093280124,Intentional
User_86,2025-04-16 10:32:16,0.343,0.4258,Running,Center,Reckless_Driving,1way,0,70,WiFi,-82,73,-10,0.0059616556638612,40.30629676077477,21.80783969279831,Intentional
User_26,2025-04-16 16:01:06,0.495,0.4593,Flying,Zep,Speeding,1way,0,10,4G,-119,4,-9,0.0098273573799636,40.27996118311528,21.75340716461753,Intentional
User_61,2025-04-16 19:20:18,0.304,0.3576,Flying,Zep,Driving_Under_Influence,2way,3,70,WiFi,-65,31,8,0.004921903580301,40.27834963247388,21.751810281678825,Intentional
User_28,2025-04-16 20:02:46,0.311,0.2308,Walking,Koila,Reckless_Driving,6way,1,10,4G,-86,50,-7,0.0066836019059955,40.32203524404471,21.792044305488744,Intentional
User_58,2025-04-17 06:35:01,0.744,0.4052,Walking,Koila,Speeding,5way,0,50,WiFi,-55,63,5,0.0055721160404517,40.32101147257128,21.791703634815253,Intentional
User_92,2025-04-18 04:12:45,0.622,0.2244,Running,Ligeris,Reckless_Driving,5way,0,70,WiFi,-89,19,16,0.0016669965081894,40.30697351593112,21.80836204005755,Intentional
User_59,2025-04-18 08:22:01,0.521,0.3343,Swimming,Ligeris,Reckless_Driving,1way,0,50,3G,-105,14,-3,0.0053061558358782,40.30599298850685,21.80771612386025,Intentional
User_83,2025-04-18 10:35:10,0.498,0.2977,Running,Center,Speeding,4way,0,30,5G,-103,29,15,0.0068086854220652,40.30532480217136,21.807605560834805,Intentional
User_53,2025-04-18 14:55:15,0.703,0.4093,Flying,Ligeris,Speeding,1way,1,40,WiFi,-77,80,-11,0.0097152493851964,40.30463862461211,21.80709315271659,Intentional
User_04,2025-04-18 15:37:56,0.619,0.5405,Flying,Zep,Reckless_Driving,1way,1,30,4G,-84,97,8,0.0072608755719747,40.27937877112048,21.755296734458973,Intentional
User_03,2025-04-18 21:17:57,0.47,0.5172,Swimming,Ligeris,Speeding,2way,0,20,5G,-92,85,14,0.0018481465942411,40.308005662282184,21.807447541317615,Intentional
User_55,2025-04-19 03:07:10,0.3,0.5904,Running,Koila,Speeding,5way,0,50,4G,-105,81,-2,0.001361621082826,40.32133690821609,21.792171484336315,Intentional
User_85,2025-04-19 04:30:23,0.653,0.4173,Walking,Ligeris,Speeding,5way,0,50,3G,-116,23,-16,0.0070338902094685,40.3057820731538,21.807399215886267,Intentional
User_86,2025-04-19 05:51:13,0.343,0.4308,Running,Spinari,Reckless_Driving,4way,0,30,3G,-90,68,12,0.0066721785811864,40.28073582611279,21.752704864109436,Intentional
User_03,2025-04-19 09:26:29,0.47,0.5182,Walking,Ligeris,Speeding,6way,1,70,WiFi,-75,28,13,0.0077278897716595,40.305816610227446,21.80701163104089,Intentional
User_80,2025-04-19 10:14:30,0.447,0.5436,Swimming,Ligeris,Speeding,1way,0,60,5G,-103,88,-14,0.0015115733021995,40.30550893851112,21.807230504359342,Intentional
User_79,2025-04-19 11:10:54,0.326,0.3059,Driving,Koila,Speeding,5way,0,70,WiFi,-59,22,16,0.0045580050304062,40.321253427520155,21.79104518644073,Intentional
User_56,2025-04-19 12:08:57,0.449,0.5556,Walking,Zep,Driving_Under_Influence,6way,0,20,4G,-95,23,15,0.0038762529675233,40.2785334120532,21.753510147968303,Intentional
User_15,2025-04-19 20:11:31,0.369,0.2578,Driving,Zep,Driving_Under_Influence,5way,0,90,3G,-80,58,16,0.0049976479166543,40.27913367630984,21.753984814238688,Intentional
User_26,2025-04-20 04:02:56,0.495,0.4663,Swimming,Ligeris,Reckless_Driving,4way,0,40,4G,-91,66,7,0.0012551054856336,40.307553675822525,21.807829298965185,Intentional
User_39,2025-04-20 04:09:58,0.297,0.5464,Walking,Koila,Reckless_Driving,5way,0,80,WiFi,-58,52,11,0.0070183353705802,40.32323517754632,21.790965746118385,Intentional
User_82,2025-04-20 05:14:47,0.291,0.253,Driving,Koila,Speeding,6way,4,50,5G,-109,53,10,0.0032244645780524,40.32271566911522,21.793429514526014,Intentional
User_81,2025-04-20 13:12:24,0.307,0.3103,Walking,Spinari,Reckless_Driving,1way,0,90,WiFi,-71,27,-12,0.0092630659645342,40.3220531978743,21.791418737538827,Intentional
User_43,2025-04-21 00:24:56,0.407,0.4984,Swimming,Ligeris,Reckless_Driving,2way,0,30,WiFi,-71,78,-8,0.0080455288388629,40.30601911053904,21.8098028938981,Intentional
User_99,2025-04-21 01:15:30,0.622,0.3854,Flying,Koila,Speeding,2way,2,40,3G,-98,46,-16,0.0055970140400029,40.32171285457595,21.791712237005797,Intentional
User_50,2025-04-21 06:52:28,0.395,0.4454,Walking,Koila,Driving_Under_Influence,6way,1,40,4G,-85,95,-4,0.0029511607210418,40.32225037154916,21.790761442858685,Intentional
User_04,2025-04-21 12:40:30,0.619,0.5465,Driving,Koila,Speeding,6way,0,60,WiFi,-72,82,-8,0.0029394285345909,40.32302673007303,21.79104369182712,Intentional
User_83,2025-04-21 21:22:57,0.498,0.3047,Swimming,Koila,Driving_Under_Influence,2way,1,60,3G,-73,7,7,0.0067105665475355,40.32102262379007,21.792430501193444,Intentional
User_84,2025-04-22 01:20:42,0.488,0.4134,Driving,Ligeris,Driving_Under_Influence,5way,0,90,3G,-70,90,-8,0.0021668982619481,40.30585581310771,21.807691909321846,Intentional
User_11,2025-04-22 01:25:04,0.263,0.5748,Swimming,Ligeris,Reckless_Driving,2way,0,50,4G,-77,44,13,0.0072105559829807,40.30505384868893,21.80873282988068,Intentional
User_81,2025-04-22 01:37:05,0.307,0.3143,Flying,Koila,Reckless_Driving,2way,2,50,5G,-113,39,1,0.0073756911282537,40.32184617165286,21.791761899483664,Intentional
User_25,2025-04-22 11:19:08,0.352,0.2883,Driving,Ligeris,Driving_Under_Influence,5way,0,10,WiFi,-79,42,-14,0.008700913909295,40.30613687845744,21.809448040554123,Intentional
User_09,2025-04-22 11:29:18,0.444,0.3257,Driving,Center,Speeding,2way,4,30,4G,-81,68,5,0.0074699600898822,40.28000833958277,21.75496887634497,Intentional
User_63,2025-04-22 20:02:48,0.549,0.5923,Driving,Ligeris,Speeding,5way,0,10,WiFi,-50,99,-6,0.0086561984405819,40.30607868975631,21.805715765501713,Intentional
User_65,2025-04-23 01:34:08,0.654,0.4812,Swimming,Ligeris,Driving_Under_Influence,2way,1,20,4G,-104,55,2,0.0077238912779828,40.30755110884296,21.806179773952103,Intentional
User_52,2025-04-23 01:35:59,0.706,0.6244,Swimming,Zep,Speeding,2way,1,70,5G,-102,3,1,0.0070640680741283,40.27993494735276,21.75267740391866,Intentional
User_96,2025-04-23 14:39:43,0.308,0.3868,Running,Ligeris,Speeding,6way,0,20,4G,-116,97,14,0.0069952777177147,40.3067014885148,21.807479375848395,Intentional
User_92,2025-04-23 19:35:45,0.622,0.2344,Running,Spinari,Driving_Under_Influence,4way,0,40,3G,-109,54,-16,0.003464547759083,40.30728503394639,21.808817338075116,Intentional
User_66,2025-04-23 21:13:32,0.551,0.3619,Running,Koila,Reckless_Driving,5way,2,60,5G,-73,9,16,0.0076496942502582,40.322170999708995,21.792227645349776,Intentional
User_72,2025-04-24 01:20:09,0.359,0.5438,Walking,Center,Driving_Under_Influence,4way,0,40,5G,-99,61,-3,0.0031121937471966,40.305374408439874,21.80901054935181,Intentional
User_13,2025-04-24 06:29:16,0.738,0.5003,Running,Spinari,Speeding,1way,4,20,5G,-91,1,9,0.0032999682857524,40.278616894526586,21.75479708654335,Intentional
User_16,2025-04-24 06:58:00,0.455,0.4978,Running,Koila,Driving_Under_Influence,6way,2,40,WiFi,-73,99,-15,0.0051853295570052,40.32156106181545,21.791563494898845,Intentional
User_94,2025-04-24 08:37:40,0.459,0.231,Running,Zep,Driving_Under_Influence,5way,0,60,WiFi,-67,31,11,0.0083730721675009,40.27799494142684,21.7540860169064,Intentional
User_91,2025-04-24 09:13:45,0.716,0.4383,Walking,Koila,Reckless_Driving,6way,1,10,4G,-117,2,-12,0.0087777906164652,40.32194431631985,21.790462941138305,Intentional
User_26,2025-04-24 12:32:57,0.495,0.4753,Walking,Zep,Reckless_Driving,6way,0,40,WiFi,-84,23,-6,0.0043612881829875,40.279370409343734,21.7534209177253,Intentional
User_49,2025-04-24 13:07:58,0.462,0.3967,Running,Zep,Reckless_Driving,5way,1,60,4G,-115,94,-16,0.0082953109519589,40.28016859502131,21.751200559653284,Intentional
User_19,2025-04-24 19:39:26,0.361,0.5618,Swimming,Koila,Speeding,2way,1,40,4G,-89,56,-15,0.0091138590318236,40.32223150151651,21.79047426076509,Intentional
User_14,2025-04-24 22:34:08,0.533,0.3086,Walking,Ligeris,Speeding,5way,0,90,4G,-116,73,1,0.0049418940028651,40.30462470141367,21.80746108940001,Intentional
User_05,2025-04-25 01:18:31,0.307,0.3687,Driving,Koila,Driving_Under_Influence,6way,1,30,WiFi,-84,45,15,0.0035981210064522,40.3221830198596,21.79193519137108,Intentional
User_64,2025-04-25 04:16:36,0.287,0.2377,Flying,Koila,Speeding,4way,0,60,WiFi,-70,12,14,0.0061106309370517,40.32226409113865,21.79116850426545,Intentional
User_01,2025-04-25 04:56:58,0.581,0.6017,Walking,Zep,Speeding,5way,1,10,4G,-119,55,-15,0.0012249072722734,40.27925489313068,21.753227337949905,Intentional
User_18,2025-04-25 05:15:30,0.669,0.3874,Driving,Ligeris,Speeding,6way,1,80,5G,-107,15,-10,0.003827309448901,40.30551820226603,21.80691989901091,Intentional
User_22,2025-04-25 10:28:25,0.656,0.3296,Swimming,Zep,Speeding,2way,1,20,3G,-92,76,-16,0.0043720643111708,40.2802257958835,21.75290351761456,Intentional
User_80,2025-04-25 22:15:53,0.447,0.5566,Driving,Center,Reckless_Driving,2way,0,50,WiFi,-69,70,-11,0.0096481065789771,40.30480081263039,21.806839795022416,Intentional
User_73,2025-04-26 02:22:41,0.343,0.6013,Flying,Koila,Reckless_Driving,2way,0,60,WiFi,-59,81,-9,0.0029368041760548,40.322469887035545,21.790373282555997,Intentional
User_96,2025-04-26 06:38:46,0.308,0.3918,Flying,Zep,Speeding,1way,2,50,4G,-109,57,-9,0.0081250206665977,40.27986789173708,21.7551175633701,Intentional
User_73,2025-04-26 07:01:01,0.343,0.6023,Driving,Spinari,Speeding,4way,0,80,5G,-72,37,-13,0.0075358525232558,40.322701712804914,21.79012446935519,Intentional
User_21,2025-04-26 08:38:26,0.256,0.4426,Walking,Koila,Driving_Under_Influence,6way,0,90,3G,-87,92,1,0.008074183750791,40.32287425108695,21.79038923949856,Intentional
User_37,2025-04-26 12:46:45,0.696,0.2457,Walking,Spinari,Driving_Under_Influence,1way,0,20,5G,-101,20,-13,0.0060547974765584,40.27972830039834,21.753320574056872,Intentional
User_79,2025-04-26 16:14:07,0.326,0.3189,Swimming,Zep,Speeding,2way,0,10,3G,-104,14,-4,0.0050373716525733,40.28039165881287,21.753020923056052,Intentional
User_61,2025-04-27 07:06:50,0.304,0.3786,Walking,Spinari,Driving_Under_Influence,2way,1,60,5G,-85,34,15,0.005391608513754,40.32126362336385,21.790672107568497,Intentional
User_48,2025-04-27 09:29:14,0.636,0.4259,Driving,Ligeris,Driving_Under_Influence,5way,1,80,4G,-103,5,9,0.0075075205672079,40.30716738431299,21.807168666170607,Intentional
User_99,2025-04-27 11:46:57,0.622,0.3984,Flying,Zep,Speeding,1way,1,80,5G,-87,95,-15,0.0028973226421863,40.27970290204383,21.753036463824888,Intentional
User_41,2025-04-27 16:33:58,0.642,0.5775,Swimming,Koila,Speeding,1way,0,30,WiFi,-66,42,10,0.0051535231496365,40.32119627568704,21.79062855343223,Intentional
User_96,2025-04-28 02:56:26,0.308,0.3958,Walking,Ligeris,Speeding,6way,4,30,3G,-80,48,-6,0.0058035775238993,40.30690989086798,21.808169727242277,Intentional
User_86,2025-04-28 03:03:13,0.343,0.4488,Walking,Ligeris,Reckless_Driving,5way,0,30,3G,-95,38,4,0.0038141387334796,40.30598448091991,21.80701076198237,Intentional
User_57,2025-04-28 05:25:51,0.592,0.4878,Running,Spinari,Reckless_Driving,2way,0,60,4G,-100,47,-11,0.001029134218343,40.306542959210645,21.807449682282765,Intentional
User_05,2025-04-28 12:42:35,0.307,0.3757,Driving,Zep,Speeding,5way,0,10,4G,-78,93,-7,0.0061705373373229,40.27847489192638,21.75465466438514,Intentional
User_13,2025-04-28 16:25:09,0.738,0.5093,Swimming,Ligeris,Reckless_Driving,2way,0,40,WiFi,-84,79,7,0.006566655964212,40.306631769554194,21.80773979142733,Intentional
User_04,2025-04-28 20:11:08,0.619,0.5615,Driving,Center,Speeding,2way,0,20,4G,-86,22,-3,0.0066044816698422,40.3071190250488,21.80780136489406,Intentional
User_23,2025-04-28 20:22:45,0.532,0.3047,Swimming,Koila,Reckless_Driving,2way,0,30,5G,-97,77,-10,0.0052854918918339,40.320752821324696,21.790372549233087,Intentional
User_35,2025-04-28 21:03:01,0.301,0.2915,Walking,Spinari,Speeding,2way,0,90,WiFi,-61,92,7,0.0095225842849912,40.27846928216759,21.753158038209115,Intentional
User_08,2025-04-28 22:52:43,0.33,0.5449,Swimming,Zep,Speeding,4way,2,70,4G,-94,47,16,0.0089042282356166,40.27946903760238,21.75450906423244,Intentional
User_52,2025-04-29 16:12:38,0.706,0.6364,Driving,Zep,Speeding,5way,4,20,3G,-93,67,-8,0.0063129940552802,40.27921966461691,21.75461711107607,Intentional
User_16,2025-04-29 23:20:49,0.455,0.5078,Swimming,Koila,Reckless_Driving,4way,4,10,WiFi,-64,82,14,0.0027846461623226,40.32348756090691,21.79203436017329,Intentional
User_08,2025-04-30 02:56:56,0.33,0.5499,Running,Center,Driving_Under_Influence,4way,5,40,3G,-105,91,8,0.0088029700519664,40.30602078281273,21.807947782805243,Intentional
User_79,2025-04-30 07:17:23,0.326,0.3269,Swimming,Koila,Driving_Under_Influence,2way,1,30,5G,-94,63,-9,0.0016351637837633,40.323200568604165,21.791380860499864,Intentional
User_67,2025-04-30 10:00:49,0.692,0.4781,Running,Center,Driving_Under_Influence,1way,1,70,WiFi,-67,90,12,0.0070767759201524,40.277946922560346,21.752839162377175,Intentional
User_37,2025-04-30 12:12:51,0.696,0.2537,Walking,Spinari,Driving_Under_Influence,1way,1,10,WiFi,-51,0,9,0.0024164926746916,40.306267651285914,21.807522593706185,Intentional
User_38,2025-04-30 13:12:58,0.497,0.5096,Walking,Spinari,Driving_Under_Influence,2way,1,70,4G,-87,94,-4,0.0020107565204136,40.32251139084001,21.792294770609978,Intentional
User_59,2025-05-01 02:02:45,0.521,0.3603,Driving,Spinari,Reckless_Driving,2way,0,10,4G,-90,15,12,0.004152603900328,40.27949398480632,21.75329902633707,Intentional
User_64,2025-05-01 06:41:58,0.287,0.2507,Walking,Zep,Reckless_Driving,6way,0,30,WiFi,-59,21,14,0.0060606096940715,40.27950362987367,21.75321835042263,Intentional
User_07,2025-05-01 10:55:20,0.47,0.4714,Walking,Ligeris,Speeding,5way,1,60,WiFi,-87,34,5,0.0070690392282461,40.305264961274936,21.808517286448627,Intentional
User_82,2025-05-01 12:19:14,0.291,0.276,Flying,Zep,Reckless_Driving,2way,0,10,3G,-87,37,-13,0.0012218096648229,40.27923835290927,21.75340325038389,Intentional
User_60,2025-05-01 12:48:08,0.669,0.3007,Running,Center,Driving_Under_Influence,2way,0,80,4G,-91,32,-14,0.0067962550603276,40.32222837040324,21.790281647866635,Intentional
User_89,2025-05-01 15:13:37,0.606,0.6332,Flying,Koila,Driving_Under_Influence,2way,2,30,5G,-100,68,8,0.0096548510804827,40.322135069442005,21.79284922358575,Intentional
User_79,2025-05-01 18:32:32,0.326,0.3299,Running,Center,Speeding,1way,0,50,3G,-88,86,13,0.0024364530963899,40.28003836514411,21.75501918515834,Intentional
User_52,2025-05-01 19:58:55,0.706,0.6404,Driving,Zep,Driving_Under_Influence,6way,0,90,WiFi,-85,44,-1,0.0087775125513478,40.27852950040708,21.75252626981221,Intentional
User_39,2025-05-02 12:59:25,0.297,0.5704,Flying,Koila,Reckless_Driving,2way,1,80,5G,-96,10,1,0.0092416650770368,40.32059901746992,21.79116510723951,Intentional
User_73,2025-05-02 15:03:39,0.343,0.6133,Walking,Koila,Reckless_Driving,6way,0,90,4G,-116,27,-8,0.0061790507189183,40.32140407838574,21.793024550369484,Intentional
User_95,2025-05-02 15:34:47,0.36,0.5179,Swimming,Zep,Speeding,4way,0,30,3G,-82,59,-13,0.0084627197958467,40.278649003569114,21.752322917193084,Intentional
User_22,2025-05-02 15:54:28,0.656,0.3446,Walking,Spinari,Reckless_Driving,2way,1,60,WiFi,-55,18,-13,0.0084303720514532,40.278195820419064,21.754344807923204,Intentional
User_96,2025-05-02 23:36:49,0.308,0.4048,Flying,Ligeris,Driving_Under_Influence,2way,0,60,4G,-73,82,3,0.0068712966378628,40.30705172379864,21.809031661900672,Intentional
User_03,2025-05-03 05:12:10,0.47,0.5462,Walking,Center,Driving_Under_Influence,2way,2,80,4G,-75,89,-8,0.0053458754649221,40.30560946258075,21.808861576004023,Intentional
User_35,2025-05-03 06:24:23,0.301,0.3015,Flying,Koila,Driving_Under_Influence,1way,0,40,4G,-79,31,-4,0.0035648168652958,40.32150449324019,21.790192798818325,Intentional
User_62,2025-05-03 16:44:14,0.471,0.354,Walking,Zep,Reckless_Driving,6way,1,40,5G,-116,82,13,0.0031978986224976,40.2811338341502,21.754166279874585,Intentional
User_37,2025-05-04 01:20:16,0.696,0.2617,Swimming,Zep,Driving_Under_Influence,4way,0,30,5G,-75,37,7,0.0059249351622229,40.27880912385356,21.752394037366624,Intentional
User_99,2025-05-04 21:23:59,0.622,0.4124,Running,Center,Reckless_Driving,2way,2,30,5G,-115,32,-2,0.0091819665524324,40.30792206533485,21.80702882849378,Intentional
User_76,2025-05-05 04:11:15,0.251,0.4092,Running,Zep,Driving_Under_Influence,5way,0,40,4G,-78,94,-10,0.0091459745499909,40.27959512240976,21.753102484877942,Intentional
User_76,2025-05-05 12:53:48,0.251,0.4102,Running,Koila,Driving_Under_Influence,6way,0,30,3G,-79,4,1,0.009857291256407,40.32087829005913,21.79213422988464,Intentional
User_97,2025-05-05 13:57:53,0.737,0.4626,Driving,Ligeris,Driving_Under_Influence,6way,1,10,4G,-85,72,13,0.0094646513384702,40.30615552724658,21.807191510413418,Intentional
User_36,2025-05-05 14:31:04,0.58,0.509,Driving,Zep,Reckless_Driving,6way,0,10,WiFi,-67,33,7,0.0073353071212258,40.28128860140776,21.752650250418625,Intentional
User_78,2025-05-05 16:19:50,0.615,0.458,Walking,Ligeris,Reckless_Driving,6way,0,80,5G,-104,0,-9,0.0085825496501589,40.306278455692265,21.80720807122232,Intentional
User_31,2025-05-06 11:04:32,0.293,0.6507,Running,Spinari,Driving_Under_Influence,1way,4,60,4G,-111,20,6,0.0081490508394238,40.32107586094667,21.789883880787553,Intentional
User_75,2025-05-06 14:07:14,0.65,0.5384,Swimming,Koila,Reckless_Driving,1way,0,30,4G,-108,77,-15,0.0090875316999845,40.32196723535624,21.791058547326884,Intentional
User_20,2025-05-06 16:32:15,0.625,0.6473,Walking,Spinari,Speeding,2way,0,50,4G,-73,79,-13,0.0091168696232871,40.32381330359634,21.790723741384653,Intentional
User_53,2025-05-06 17:07:48,0.703,0.4453,Running,Spinari,Reckless_Driving,2way,1,60,4G,-76,90,-5,0.0016816700441486,40.27906834561106,21.754604732502987,Intentional
User_12,2025-05-06 20:26:02,0.74,0.5341,Running,Ligeris,Speeding,5way,0,20,3G,-104,57,-3,0.0083202429850901,40.30647856723753,21.80730466746739,Intentional
User_40,2025-05-06 21:55:26,0.357,0.3391,Driving,Spinari,Speeding,2way,2,50,3G,-120,55,4,0.0082236427522022,40.306236633384536,21.807528421014517,Intentional
User_66,2025-05-07 00:22:47,0.551,0.3889,Swimming,Ligeris,Speeding,2way,1,60,WiFi,-52,74,-1,0.002866263436424,40.30660583823326,21.805539449577612,Intentional
User_48,2025-05-07 01:20:15,0.636,0.4459,Running,Zep,Reckless_Driving,5way,0,10,WiFi,-57,2,-6,0.0080575039366867,40.280336530850306,21.752282428734546,Intentional
User_04,2025-05-07 03:03:24,0.619,0.5785,Driving,Center,Speeding,4way,1,80,WiFi,-67,77,-14,0.003852117213316,40.32320383934767,21.792864262687463,Intentional
User_68,2025-05-07 06:55:04,0.402,0.4827,Swimming,Koila,Driving_Under_Influence,2way,0,20,WiFi,-63,31,-15,0.0036793186867512,40.32279744824312,21.79302517317319,Intentional
User_10,2025-05-07 10:20:22,0.35,0.5445,Swimming,Zep,Reckless_Driving,1way,0,20,4G,-105,54,-9,0.0079523597344469,40.279262219591054,21.752187005941312,Intentional
User_13,2025-05-07 11:14:42,0.738,0.5263,Swimming,Koila,Driving_Under_Influence,2way,0,60,3G,-99,16,-8,0.0039967609818523,40.322292419152966,21.79122124321279,Intentional
User_06,2025-05-07 20:39:24,0.573,0.4817,Walking,Koila,Speeding,5way,0,20,3G,-115,99,5,0.0054654572329692,40.32178108292504,21.792060284753596,Intentional
User_82,2025-05-07 21:10:07,0.291,0.288,Driving,Spinari,Reckless_Driving,2way,0,10,5G,-87,50,4,0.0017148795418961,40.2805024090765,21.752753109885266,Intentional
User_45,2025-05-08 03:48:24,0.693,0.4504,Walking,Center,Driving_Under_Influence,2way,0,80,WiFi,-75,96,6,0.0029279938281346,40.32254095157059,21.790181627424225,Intentional
User_65,2025-05-08 08:36:35,0.654,0.5122,Swimming,Zep,Driving_Under_Influence,2way,1,70,5G,-72,10,15,0.0084123299272342,40.27964048131179,21.754068687617707,Intentional
User_08,2025-05-08 17:38:09,0.33,0.5659,Walking,Koila,Speeding,5way,1,30,WiFi,-89,57,-5,0.0064621627999456,40.32262612711457,21.790974404383757,Intentional
User_31,2025-05-08 21:09:57,0.293,0.6547,Running,Koila,Speeding,6way,1,40,WiFi,-90,91,7,0.0079685223424763,40.32090290991871,21.78984375983069,Intentional
User_45,2025-05-09 06:46:56,0.693,0.4524,Flying,Ligeris,Speeding,1way,0,50,3G,-119,37,-16,0.0014434520266661,40.307628198316635,21.807449498542724,Intentional
User_39,2025-05-09 08:35:40,0.297,0.5844,Driving,Koila,Speeding,5way,0,50,WiFi,-76,46,-13,0.0031228331701313,40.32161880334347,21.791454088327026,Intentional
User_24,2025-05-09 08:58:59,0.354,0.5958,Walking,Koila,Speeding,6way,0,30,3G,-109,42,-9,0.0073576212964,40.32137859556042,21.79049082398895,Intentional
User_84,2025-05-09 11:01:03,0.488,0.4474,Driving,Ligeris,Reckless_Driving,5way,4,10,3G,-84,68,-11,0.0026923956718788,40.3049645578979,21.806406285544597,Intentional
User_48,2025-05-09 13:58:14,0.636,0.4509,Running,Zep,Reckless_Driving,5way,0,20,3G,-83,7,-10,0.0044877112348621,40.27966205217347,21.751453632479095,Intentional
User_24,2025-05-09 18:45:49,0.354,0.5968,Driving,Zep,Speeding,6way,0,40,5G,-75,98,16,0.0033360077945092,40.27939711825474,21.752304747916675,Intentional
User_47,2025-05-09 22:33:19,0.345,0.383,Flying,Ligeris,Driving_Under_Influence,1way,1,90,4G,-105,8,9,0.0096359539769118,40.30583916030599,21.80886962869631,Intentional
User_91,2025-05-09 22:50:21,0.716,0.4683,Walking,Koila,Driving_Under_Influence,6way,1,30,5G,-102,59,10,0.0092798549670696,40.32199165365875,21.790411569158184,Intentional
User_91,2025-05-10 01:05:51,0.716,0.4693,Swimming,Koila,Reckless_Driving,1way,0,50,3G,-105,17,-4,0.0021732318077007,40.3209781001777,21.79217959082762,Intentional
User_58,2025-05-10 02:55:44,0.744,0.4512,Running,Koila,Reckless_Driving,5way,1,80,5G,-97,49,-8,0.0073926625701268,40.321996530654296,21.791251048166455,Intentional
User_76,2025-05-10 06:23:25,0.251,0.4192,Driving,Spinari,Driving_Under_Influence,2way,1,90,4G,-79,13,-1,0.0015635293992966,40.27947584966323,21.754253469624047,Intentional
User_85,2025-05-10 14:00:43,0.653,0.4603,Driving,Spinari,Speeding,2way,0,40,5G,-94,83,-8,0.0031188638667697,40.30608617054441,21.80738424070158,Intentional
User_25,2025-05-10 17:08:30,0.352,0.3243,Flying,Ligeris,Speeding,1way,0,50,5G,-109,74,-8,0.0063361001427357,40.30524109867865,21.808168562817652,Intentional
User_99,2025-05-10 20:54:57,0.622,0.4244,Walking,Spinari,Speeding,2way,1,50,5G,-85,83,16,0.0082406534102615,40.30668068701302,21.80701159108376,Intentional
User_54,2025-05-10 23:01:57,0.482,0.6359,Running,Center,Speeding,2way,1,60,WiFi,-83,10,-14,0.0026744970160682,40.30511095828054,21.808790322144898,Intentional
User_86,2025-05-11 05:45:10,0.343,0.4748,Swimming,Koila,Speeding,4way,1,40,4G,-105,11,-3,0.0075878123349925,40.322748450559914,21.79218844659611,Intentional
User_52,2025-05-11 15:44:09,0.706,0.6594,Walking,Koila,Driving_Under_Influence,5way,2,90,5G,-95,33,-14,0.0044950399692624,40.321996941334454,21.791219409605088,Intentional
User_82,2025-05-12 01:00:11,0.291,0.297,Driving,Koila,Driving_Under_Influence,6way,2,60,4G,-97,54,-9,0.0047348127376169,40.32204030966695,21.79134346305046,Intentional
User_70,2025-05-12 01:09:59,0.314,0.4331,Running,Ligeris,Speeding,6way,0,60,3G,-87,69,-7,0.0027663609946565,40.30751573652494,21.808339270540053,Intentional
User_99,2025-05-12 13:18:24,0.622,0.4284,Running,Zep,Speeding,6way,0,30,WiFi,-85,16,11,0.0099230665984157,40.279302029326686,21.75321966028225,Intentional
User_74,2025-05-12 17:24:29,0.564,0.433,Flying,Koila,Reckless_Driving,1way,2,60,4G,-80,20,-11,0.0056765519259284,40.320746407040815,21.78992440627748,Intentional
User_32,2025-05-12 21:43:43,0.684,0.3633,Driving,Center,Speeding,1way,0,20,5G,-102,27,2,0.0059950405892929,40.321484673702535,21.7908652883205,Intentional
User_94,2025-05-13 00:37:51,0.459,0.269,Walking,Ligeris,Driving_Under_Influence,5way,0,90,3G,-71,93,-16,0.0017576638472621,40.30649436252083,21.8069017665548,Intentional
User_78,2025-05-13 17:50:12,0.615,0.474,Running,Center,Speeding,4way,2,40,3G,-89,100,-14,0.0097066378212705,40.32171539592415,21.791827025299085,Intentional
User_94,2025-05-14 09:39:25,0.459,0.271,Swimming,Zep,Driving_Under_Influence,1way,0,90,WiFi,-70,87,-7,0.0039170437089174,40.27880233934312,21.75466009135279,Intentional
User_40,2025-05-14 12:47:11,0.357,0.3541,Running,Spinari,Reckless_Driving,4way,0,60,5G,-119,31,-13,0.0085981335925835,40.305905283502106,21.807303128844183,Intentional
User_77,2025-05-15 12:17:13,0.369,0.3553,Walking,Koila,Speeding,5way,4,20,WiFi,-82,31,10,0.0036028805250033,40.32292840211187,21.79034452519004,Intentional
User_67,2025-05-15 22:15:31,0.692,0.5091,Swimming,Ligeris,Speeding,1way,1,40,3G,-108,42,7,0.0071251855753177,40.30626693099727,21.80608224740779,Intentional
User_57,2025-05-16 00:34:55,0.592,0.5238,Walking,Center,Driving_Under_Influence,1way,0,100,5G,-81,60,-11,0.0098811559818084,40.28103640043248,21.75382088392618,Intentional
User_54,2025-05-16 15:25:47,0.482,0.6479,Flying,Ligeris,Speeding,2way,1,30,3G,-84,30,13,0.0081725687923186,40.30758202616097,21.806010961806123,Intentional
User_45,2025-05-16 21:08:27,0.693,0.4664,Driving,Koila,Reckless_Driving,6way,0,40,3G,-102,12,-2,0.0043528937153873,40.32212524811556,21.791280989618397,Intentional
User_99,2025-05-17 04:10:21,0.622,0.4374,Walking,Center,Reckless_Driving,2way,0,40,WiFi,-54,15,-2,0.0029410479010458,40.30610616397354,21.80668038382688,Intentional
User_86,2025-05-17 11:23:23,0.343,0.4878,Running,Spinari,Driving_Under_Influence,4way,0,50,WiFi,-68,90,12,0.0085803496557549,40.30713178094561,21.806886751837524,Intentional
User_06,2025-05-17 12:22:54,0.573,0.5017,Walking,Spinari,Driving_Under_Influence,1way,0,40,WiFi,-51,65,10,0.0046512675654626,40.278847048093205,21.751806273648658,Intentional
User_58,2025-05-17 13:03:39,0.744,0.4652,Swimming,Koila,Reckless_Driving,4way,1,10,5G,-97,12,2,0.0074729555003324,40.321888535877946,21.791467607671247,Intentional
User_57,2025-05-17 19:37:04,0.592,0.5268,Flying,Zep,Reckless_Driving,1way,0,20,4G,-105,68,7,0.0045343537727081,40.27910543919761,21.75392875559576,Intentional
User_62,2025-05-17 23:33:31,0.471,0.382,Walking,Spinari,Speeding,1way,1,10,5G,-88,59,-5,0.005850214212627,40.32284810879918,21.79126695714411,Intentional
User_13,2025-05-18 03:38:44,0.738,0.5493,Driving,Zep,Driving_Under_Influence,5way,0,30,4G,-77,62,-16,0.001665195870375,40.27917527130022,21.752957906410625,Intentional
User_29,2025-05-18 05:13:08,0.603,0.6263,Flying,Zep,Driving_Under_Influence,2way,1,20,3G,-100,35,-4,0.0046259289860187,40.28012710714616,21.752133126150852,Intentional
User_01,2025-05-18 05:33:32,0.581,0.6487,Walking,Ligeris,Reckless_Driving,5way,0,50,WiFi,-77,9,-4,0.0025906890978836,40.30600021738784,21.80703648039837,Intentional
User_53,2025-05-18 15:17:29,0.703,0.4683,Flying,Zep,Driving_Under_Influence,2way,0,60,4G,-82,37,14,0.0028364663076668,40.27916009392669,21.75233924690257,Intentional
User_38,2025-05-18 15:24:59,0.497,0.5466,Walking,Center,Speeding,1way,0,10,5G,-91,21,0,0.0066667236875563,40.279344135152215,21.75284116594137,Intentional
User_31,2025-05-18 16:22:18,0.293,0.6747,Driving,Spinari,Speeding,2way,2,30,4G,-114,50,-6,0.0010838421656517,40.3232361331692,21.789765026536394,Intentional
User_39,2025-05-18 19:03:21,0.297,0.6034,Driving,Ligeris,Driving_Under_Influence,6way,3,50,3G,-118,43,-14,0.00905136894419,40.30731549560394,21.808907228435142,Intentional
User_42,2025-05-18 20:31:32,0.544,0.6433,Walking,Zep,Reckless_Driving,6way,0,70,5G,-115,72,-7,0.0055444249290992,40.27990770453198,21.753128312405103,Intentional
User_65,2025-05-18 22:39:45,0.654,0.5312,Driving,Ligeris,Driving_Under_Influence,5way,0,30,WiFi,-64,83,-10,0.0049265705918372,40.30675357871621,21.806661025540713,Intentional
User_11,2025-05-19 03:11:04,0.263,0.6288,Flying,Zep,Reckless_Driving,2way,1,30,5G,-74,66,1,0.0063994707604777,40.27800287010536,21.753838005822548,Intentional
User_41,2025-05-19 03:26:53,0.642,0.6205,Walking,Spinari,Driving_Under_Influence,2way,0,70,3G,-110,0,4,0.0077296166931692,40.27887337484965,21.754172949466653,Intentional
User_34,2025-05-19 11:01:16,0.466,0.3962,Swimming,Koila,Reckless_Driving,2way,1,40,5G,-118,67,8,0.0015273824172051,40.32199824370613,21.79229401455312,Intentional
User_69,2025-05-19 15:19:35,0.667,0.3831,Walking,Center,Reckless_Driving,2way,0,70,WiFi,-88,14,-5,0.0072759772408198,40.27961710372867,21.75387788961738,Intentional
User_83,2025-05-19 23:56:18,0.498,0.3607,Swimming,Koila,Driving_Under_Influence,1way,1,20,5G,-76,36,-4,0.0045592137059921,40.32183635876553,21.78981162989396,Intentional
User_46,2025-05-20 10:11:52,0.537,0.5089,Flying,Ligeris,Speeding,4way,4,70,WiFi,-85,60,0,0.0018066381807026,40.305422370247825,21.80886459937853,Intentional
User_28,2025-05-20 20:50:47,0.311,0.2988,Swimming,Koila,Reckless_Driving,4way,2,70,WiFi,-80,33,8,0.0088557253004473,40.3227989000331,21.79219189355115,Intentional
User_47,2025-05-20 21:53:41,0.345,0.405,Walking,Zep,Speeding,5way,1,40,4G,-71,22,-6,0.0086556161276385,40.27908906605528,21.753266319870903,Intentional
User_32,2025-05-20 22:37:36,0.684,0.3793,Driving,Center,Speeding,2way,0,10,WiFi,-87,10,-16,0.0033296136457683,40.305646774576914,21.80711604474509,Intentional
User_13,2025-05-21 00:22:30,0.738,0.5543,Driving,Zep,Driving_Under_Influence,5way,1,50,4G,-93,79,6,0.0023926879786062,40.27933569336223,21.753695647201205,Intentional
User_23,2025-05-21 13:50:53,0.532,0.3507,Swimming,Zep,Reckless_Driving,2way,3,30,5G,-74,34,10,0.0011264558751651,40.27940724570904,21.75432608872435,Intentional
User_82,2025-05-21 14:58:03,0.291,0.316,Flying,Koila,Speeding,4way,1,10,5G,-119,10,-5,0.002250647599713,40.322028798473056,21.792228339857488,Intentional
User_88,2025-05-21 17:14:24,0.421,0.6222,Flying,Koila,Reckless_Driving,1way,0,30,4G,-82,66,-11,0.0097052085165735,40.32245812535835,21.79165632616313,Intentional
User_81,2025-05-21 20:36:34,0.307,0.3733,Running,Spinari,Reckless_Driving,2way,2,60,5G,-81,64,2,0.0046702770743471,40.27946250978027,21.75313172970927,Intentional
User_03,2025-05-21 21:33:58,0.47,0.5832,Running,Spinari,Reckless_Driving,1way,0,80,5G,-114,55,-10,0.0044245627084067,40.323459467783714,21.791165559096783,Intentional
User_58,2025-05-22 00:37:56,0.744,0.4752,Walking,Center,Driving_Under_Influence,2way,1,90,4G,-98,18,-14,0.0038870653920418,40.28051245179672,21.75309446599157,Intentional
User_53,2025-05-22 12:35:47,0.703,0.4773,Driving,Center,Driving_Under_Influence,1way,0,60,3G,-85,90,9,0.0033876930433346,40.30631919367065,21.807688581358157,Intentional
User_31,2025-05-22 14:06:47,0.293,0.6827,Driving,Koila,Speeding,6way,1,60,3G,-114,97,-14,0.0019567762014232,40.32096194708747,21.79206386868335,Intentional
User_11,2025-05-23 00:09:52,0.263,0.6368,Flying,Ligeris,Reckless_Driving,1way,2,20,5G,-96,60,-15,0.0085926483725709,40.30624186029574,21.807503212262063,Intentional
User_24,2025-05-23 09:38:05,0.354,0.6238,Driving,Koila,Speeding,6way,2,40,WiFi,-80,18,1,0.001295454508519,40.32233618183068,21.792577521434747,Intentional
User_74,2025-05-23 10:46:45,0.564,0.455,Running,Zep,Speeding,5way,0,10,WiFi,-61,18,-12,0.005379910964551,40.27860652458528,21.755251831017148,Intentional
User_44,2025-05-23 11:31:28,0.546,0.5605,Walking,Zep,Reckless_Driving,6way,0,30,4G,-70,15,-7,0.0010180559831676,40.27986705599534,21.75345324524559,Intentional
User_59,2025-05-23 11:54:58,0.521,0.4053,Running,Center,Reckless_Driving,2way,0,40,3G,-102,17,-5,0.00249929901475,40.305206283860585,21.80703282183465,Intentional
User_71,2025-05-23 19:30:23,0.259,0.5462,Running,Center,Reckless_Driving,2way,4,50,4G,-97,55,6,0.0094552305279583,40.279251865711075,21.754543663061945,Intentional
User_82,2025-05-23 23:48:25,0.291,0.32,Walking,Spinari,Reckless_Driving,2way,1,80,5G,-81,22,-13,0.0013398743868395,40.28042154982844,21.75383677294956,Intentional
User_95,2025-05-24 02:11:08,0.36,0.5619,Driving,Center,Speeding,4way,1,50,3G,-81,77,-15,0.0054032774652925,40.32210127909281,21.791241090147917,Intentional
User_01,2025-05-24 07:26:24,0.581,0.6607,Swimming,Zep,Speeding,2way,0,40,WiFi,-59,25,14,0.0036535003534472,40.28088383241283,21.753074436896853,Intentional
User_57,2025-05-24 23:25:52,0.592,0.5408,Driving,Spinari,Driving_Under_Influence,4way,2,50,WiFi,-64,1,13,0.0062288385844756,40.30555178886876,21.80671845865888,Intentional
User_57,2025-05-25 06:03:05,0.592,0.5418,Flying,Zep,Speeding,2way,0,40,4G,-100,85,-14,0.0092269046338371,40.27873733554456,21.753551737567665,Intentional
User_79,2025-05-25 13:02:53,0.326,0.3769,Driving,Zep,Speeding,5way,4,20,3G,-100,29,-16,0.0046015804991269,40.27941662217436,21.75318177470176,Intentional
User_13,2025-05-25 16:52:37,0.738,0.5623,Running,Koila,Speeding,5way,0,30,4G,-83,57,-11,0.0069880829125639,40.32176154866676,21.790025479396316,Intentional
User_16,2025-05-25 17:26:34,0.455,0.5598,Walking,Center,Speeding,1way,0,50,5G,-71,17,14,0.0016851979660434,40.30633663718713,21.80770227636754,Intentional
User_54,2025-05-25 22:56:10,0.482,0.6659,Flying,Koila,Driving_Under_Influence,2way,1,30,5G,-91,11,1,0.0062231546995064,40.32168265106349,21.792430587171996,Intentional
User_29,2025-05-26 01:46:31,0.603,0.6423,Walking,Ligeris,Reckless_Driving,6way,1,30,4G,-95,14,-12,0.0011465133086386,40.30653109474613,21.807360669036143,Intentional
User_22,2025-05-26 04:09:42,0.656,0.3926,Walking,Spinari,Speeding,4way,0,40,3G,-70,21,12,0.0085755349953437,40.27817722302838,21.753948976892204,Intentional
User_57,2025-05-26 14:00:15,0.592,0.5448,Flying,Koila,Speeding,1way,1,30,3G,-100,68,16,0.0041795039888123,40.32249161275274,21.791028550903484,Intentional
User_78,2025-05-27 02:43:33,0.615,0.502,Driving,Spinari,Reckless_Driving,2way,0,30,4G,-82,66,-5,0.0037685500998865,40.321187538745875,21.790876361542686,Intentional
User_54,2025-05-27 08:17:11,0.482,0.6689,Flying,Zep,Driving_Under_Influence,1way,0,40,WiFi,-84,64,-11,0.0053684401827498,40.28013720116314,21.753161981058657,Intentional
User_27,2025-05-27 08:51:46,0.33,0.497,Running,Center,Driving_Under_Influence,4way,0,80,5G,-104,78,13,0.0057586290988714,40.32378013953495,21.7914755896718,Intentional
User_07,2025-05-27 12:10:20,0.47,0.5244,Swimming,Ligeris,Speeding,2way,2,50,5G,-89,32,-10,0.0036336534088882,40.30592550375305,21.808517921626713,Intentional
User_77,2025-05-27 19:10:05,0.369,0.3793,Driving,Zep,Reckless_Driving,6way,0,80,3G,-74,55,11,0.0075560418385512,40.2800089999206,21.753877793258393,Intentional
User_37,2025-05-27 21:13:26,0.696,0.3077,Running,Koila,Reckless_Driving,6way,0,70,5G,-110,1,-12,0.0079181561321604,40.32239173684899,21.790987270449268,Intentional
User_48,2025-05-27 22:56:36,0.636,0.4869,Flying,Ligeris,Speeding,2way,2,50,3G,-113,85,5,0.0055157246017979,40.30768457663386,21.80620969292252,Intentional
User_28,2025-05-28 03:04:54,0.311,0.3138,Driving,Spinari,Reckless_Driving,4way,0,20,3G,-74,96,0,0.0053417932722308,40.32229559983044,21.79100266736781,Intentional
User_78,2025-05-28 04:35:11,0.615,0.503,Flying,Koila,Reckless_Driving,2way,0,30,WiFi,-68,56,1,0.0062966081542432,40.322823014890595,21.790642198225708,Intentional
User_46,2025-05-28 15:14:30,0.537,0.5249,Driving,Ligeris,Driving_Under_Influence,5way,3,70,3G,-114,6,-13,0.0078507098261985,40.306546137933104,21.807476778620966,Intentional
User_13,2025-05-28 16:35:50,0.738,0.5683,Flying,Zep,Driving_Under_Influence,2way,0,70,WiFi,-83,47,-14,0.0090312996631394,40.28031562300026,21.751902612812653,Intentional
User_37,2025-05-28 16:42:18,0.696,0.3097,Swimming,Ligeris,Reckless_Driving,2way,1,50,5G,-74,12,-11,0.0079718498183851,40.30605541401491,21.807724674923307,Intentional
User_98,2025-05-28 21:51:30,0.734,0.442,Running,Ligeris,Reckless_Driving,5way,0,60,5G,-74,55,-7,0.0037775272373886,40.307236290734544,21.80742447955112,Intentional
User_58,2025-05-28 22:53:57,0.744,0.4882,Running,Ligeris,Speeding,6way,0,30,5G,-120,86,-7,0.0050523257736252,40.30513210361739,21.80860715973094,Intentional
User_49,2025-05-29 01:50:09,0.462,0.4667,Flying,Zep,Driving_Under_Influence,2way,0,10,4G,-116,13,-12,0.0018529563933546,40.27950916002542,21.753278725591503,Intentional
User_57,2025-05-29 04:53:11,0.592,0.5498,Driving,Koila,Speeding,6way,0,60,WiFi,-85,33,-7,0.0035684500126394,40.32209458900806,21.790990318141247,Intentional
User_10,2025-05-29 08:51:21,0.35,0.5875,Running,Spinari,Reckless_Driving,1way,0,40,WiFi,-64,73,-8,0.0091254784861579,40.30482112159828,21.80777067998959,Intentional
User_07,2025-05-29 12:30:59,0.47,0.5274,Running,Spinari,Driving_Under_Influence,4way,0,10,WiFi,-87,83,8,0.0093908232307048,40.30596555085128,21.806895325659298,Intentional
User_75,2025-05-30 03:01:41,0.65,0.5854,Swimming,Ligeris,Driving_Under_Influence,2way,0,20,WiFi,-90,39,14,0.0057452491707409,40.3050278130242,21.806977639149547,Intentional
User_38,2025-05-30 16:07:38,0.497,0.5706,Walking,Zep,Reckless_Driving,5way,1,80,WiFi,-78,77,10,0.0093229576239168,40.27795116022138,21.753160905042463,Intentional
User_20,2025-05-30 23:51:54,0.625,0.6953,Running,Koila,Driving_Under_Influence,6way,0,40,5G,-82,70,14,0.0025009302043393,40.32107930519255,21.792319231195044,Intentional
User_68,2025-05-31 00:49:55,0.402,0.5307,Swimming,Zep,Speeding,4way,1,80,4G,-87,11,-9,0.0082844195406638,40.28014235467044,21.75261103179982,Intentional
User_49,2025-05-31 13:41:50,0.462,0.4717,Driving,Center,Reckless_Driving,2way,0,20,4G,-113,65,14,0.0067086352521543,40.30739266538528,21.807544540432573,Intentional
User_26,2025-05-31 15:49:39,0.495,0.5493,Driving,Zep,Reckless_Driving,6way,0,40,WiFi,-58,36,-8,0.0084333228443755,40.27988563134454,21.754070834756252,Intentional
User_80,2025-05-31 20:00:44,0.447,0.6286,Flying,Ligeris,Speeding,1way,1,50,3G,-80,82,-7,0.0066051271123924,40.30518058886005,21.80656642309973,Intentional
User_68,2025-06-01 05:50:19,0.402,0.5337,Walking,Spinari,Reckless_Driving,2way,1,20,3G,-97,2,8,0.0079927445456739,40.321306650212165,21.78981617116599,Intentional
User_34,2025-06-01 08:38:29,0.466,0.4232,Driving,Spinari,Speeding,2way,0,20,WiFi,-64,9,-16,0.0085087100586993,40.27957338841815,21.75320441453183,Intentional
User_32,2025-06-02 08:01:44,0.684,0.4043,Swimming,Zep,Reckless_Driving,1way,1,20,5G,-70,37,4,0.004960416822788,40.28005294059804,21.75453869123145,Intentional
User_65,2025-06-02 10:11:54,0.654,0.5612,Walking,Koila,Driving_Under_Influence,5way,1,80,3G,-84,29,9,0.0031275235177166,40.32221218954427,21.791410930129533,Intentional
User_94,2025-06-02 23:03:01,0.459,0.31,Running,Center,Reckless_Driving,1way,0,90,WiFi,-68,53,8,0.0060030828132169,40.3053651183494,21.80683815633686,Intentional
User_77,2025-06-03 09:19:23,0.369,0.3933,Flying,Zep,Driving_Under_Influence,1way,0,90,4G,-86,99,3,0.0079010640512058,40.27944844507805,21.75240847067932,Intentional
User_13,2025-06-03 10:47:09,0.738,0.5803,Running,Ligeris,Driving_Under_Influence,6way,0,40,3G,-97,20,12,0.0073165449248023,40.306242971872166,21.807454463380942,Intentional
User_46,2025-06-03 18:49:35,0.537,0.5379,Driving,Spinari,Reckless_Driving,1way,1,90,4G,-89,97,-1,0.0091067570428543,40.278991242044235,21.753515089796743,Intentional
User_98,2025-06-04 02:19:28,0.734,0.455,Walking,Center,Speeding,2way,0,20,3G,-71,70,3,0.0032090642766044,40.30630318599717,21.809218644775054,Intentional
User_17,2025-06-04 09:10:02,0.439,0.6826,Flying,Zep,Reckless_Driving,1way,2,90,WiFi,-79,85,-8,0.0037099130204503,40.278185273280485,21.75201607722035,Intentional
User_19,2025-06-04 11:55:43,0.361,0.6438,Running,Zep,Driving_Under_Influence,5way,1,20,4G,-95,98,-7,0.0049722282700176,40.279417083438595,21.7533342367739,Intentional
User_07,2025-06-04 17:44:07,0.47,0.5404,Running,Spinari,Driving_Under_Influence,4way,3,50,5G,-110,45,-7,0.0065230361892776,40.32299200093286,21.790350210542783,Intentional
User_34,2025-06-04 19:31:25,0.466,0.4292,Running,Zep,Reckless_Driving,6way,0,10,5G,-84,53,6,0.0051930134725161,40.27909822225702,21.75280398474098,Intentional
User_24,2025-06-04 22:14:13,0.354,0.6488,Running,Koila,Reckless_Driving,5way,5,50,3G,-81,24,14,0.0014090333248694,40.32162812646989,21.791287288784055,Intentional
User_63,2025-06-05 03:22:24,0.549,0.6793,Swimming,Koila,Driving_Under_Influence,2way,1,70,5G,-120,24,-13,0.0082717800439711,40.32276914284592,21.79184656121136,Intentional
User_06,2025-06-05 11:20:40,0.573,0.5387,Flying,Ligeris,Reckless_Driving,1way,3,70,4G,-97,82,-16,0.0081386913101101,40.305743192044424,21.807482345086164,Intentional
User_49,2025-06-05 12:34:30,0.462,0.4817,Running,Zep,Driving_Under_Influence,6way,0,50,3G,-114,58,13,0.0024142511444235,40.280657435897865,21.753809467812207,Intentional
User_59,2025-06-05 13:04:48,0.521,0.4303,Running,Center,Driving_Under_Influence,1way,0,80,4G,-109,50,-1,0.0092067353020035,40.30660732412217,21.807348088370627,Intentional
User_07,2025-06-06 01:56:20,0.47,0.5434,Swimming,Koila,Driving_Under_Influence,1way,1,80,5G,-73,18,6,0.0095123486442797,40.32197507863862,21.791321930744804,Intentional
User_88,2025-06-06 04:21:54,0.421,0.6532,Driving,Center,Speeding,1way,2,30,3G,-85,3,12,0.0018728368871431,40.278346828550504,21.754210328724668,Intentional
User_67,2025-06-06 04:33:57,0.692,0.5521,Swimming,Koila,Speeding,2way,1,80,5G,-72,35,-16,0.0027297032214914,40.3234826355191,21.79185689917106,Intentional
User_45,2025-06-06 06:50:54,0.693,0.5084,Walking,Spinari,Driving_Under_Influence,2way,1,80,4G,-72,98,-11,0.008491407374169,40.27955435104788,21.753262113119405,Intentional
User_17,2025-06-06 07:06:43,0.439,0.6866,Walking,Ligeris,Speeding,5way,0,30,5G,-94,61,8,0.0036690319251839,40.305778691052105,21.80724034079989,Intentional
User_53,2025-06-06 09:21:54,0.703,0.5063,Flying,Zep,Reckless_Driving,4way,0,60,WiFi,-56,51,0,0.0088146336610231,40.27951067192188,21.753085902004266,Intentional
User_19,2025-06-06 11:21:53,0.361,0.6478,Walking,Ligeris,Driving_Under_Influence,5way,1,50,4G,-104,58,-1,0.0083707996348737,40.305673885927845,21.807517586962724,Intentional
User_80,2025-06-06 11:23:07,0.447,0.6396,Driving,Spinari,Speeding,4way,0,20,5G,-70,11,1,0.0048150757346456,40.30735560718949,21.80644793598293,Intentional
User_36,2025-06-06 13:23:59,0.58,0.574,Swimming,Ligeris,Speeding,2way,0,70,WiFi,-89,64,-4,0.0027745529563135,40.30629970847972,21.807247697806037,Intentional
User_15,2025-06-06 14:09:31,0.369,0.3538,Running,Spinari,Driving_Under_Influence,2way,0,40,5G,-114,89,-9,0.009748248319928,40.30496067663263,21.806078221908766,Intentional
User_68,2025-06-06 20:02:37,0.402,0.5437,Driving,Spinari,Speeding,1way,0,70,WiFi,-78,32,-3,0.0017378928202491,40.321735892467565,21.791743203822897,Intentional
User_67,2025-06-06 21:21:28,0.692,0.5531,Flying,Zep,Driving_Under_Influence,2way,0,20,5G,-75,86,11,0.008843314447539,40.279614483187814,21.75354667165608,Intentional
User_98,2025-06-06 23:26:08,0.734,0.46,Driving,Zep,Driving_Under_Influence,6way,1,60,WiFi,-55,100,5,0.001923133043456,40.280089907439496,21.754162641361944,Intentional
User_54,2025-06-07 17:30:09,0.482,0.6919,Driving,Ligeris,Speeding,5way,1,30,3G,-94,64,-1,0.0073643218136654,40.30694530241569,21.80934406045222,Intentional
User_20,2025-06-08 00:06:06,0.625,0.7123,Swimming,Koila,Speeding,1way,1,80,3G,-70,59,15,0.0030528522845442,40.32227091753895,21.791507242550193,Intentional
User_28,2025-06-08 01:07:04,0.311,0.3358,Swimming,Zep,Speeding,2way,0,80,4G,-111,72,-15,0.0078057205066078,40.27885477590839,21.75531343095706,Intentional
User_81,2025-06-08 02:58:11,0.307,0.4083,Swimming,Zep,Reckless_Driving,4way,0,10,WiFi,-65,58,-14,0.0038898433841373,40.27864340681674,21.75458503230656,Intentional
User_82,2025-06-08 03:22:51,0.291,0.351,Running,Zep,Driving_Under_Influence,6way,3,40,5G,-98,22,-15,0.0092616713196665,40.27960201693492,21.752872826438058,Intentional
User_06,2025-06-08 08:22:33,0.573,0.5457,Running,Ligeris,Driving_Under_Influence,6way,2,60,5G,-79,42,-14,0.0061548573145343,40.30623178451679,21.8075103272288,Intentional
User_34,2025-06-08 09:16:50,0.466,0.4362,Driving,Spinari,Driving_Under_Influence,2way,1,40,4G,-73,46,-5,0.0028677094174833,40.32259698870448,21.791412749244373,Intentional
User_54,2025-06-08 10:18:41,0.482,0.6939,Running,Zep,Driving_Under_Influence,5way,0,80,4G,-88,9,-14,0.0091244679042408,40.28005915981315,21.75246911550824,Intentional
User_31,2025-06-09 01:48:04,0.293,0.7177,Swimming,Koila,Driving_Under_Influence,2way,1,40,3G,-70,22,-2,0.0098614959071313,40.32305830388494,21.79208638435595,Intentional
User_73,2025-06-09 01:51:33,0.343,0.6893,Driving,Center,Driving_Under_Influence,1way,0,70,4G,-106,12,0,0.0045345644830418,40.32333279244647,21.791614735836685,Intentional
User_64,2025-06-09 04:42:34,0.287,0.3287,Running,Koila,Speeding,5way,0,60,5G,-87,87,6,0.0094782752684,40.32135670829604,21.791953923027354,Intentional
User_93,2025-06-09 05:22:46,0.333,0.7063,Running,Ligeris,Speeding,6way,0,60,4G,-79,20,-2,0.005323735239516,40.306693973863425,21.80853689741816,Intentional
User_22,2025-06-09 09:35:10,0.656,0.4196,Driving,Center,Driving_Under_Influence,2way,1,30,4G,-101,98,-1,0.0079241486377591,40.28020816304724,21.754607800727296,Intentional
User_66,2025-06-09 11:42:24,0.551,0.4559,Driving,Center,Speeding,1way,0,60,3G,-88,81,-6,0.0039644823050185,40.32107100143675,21.791287947963617,Intentional
User_57,2025-06-09 18:26:45,0.592,0.5728,Flying,Zep,Driving_Under_Influence,1way,0,40,5G,-73,14,-12,0.0033817763129005,40.279878760819386,21.752921430322555,Intentional
User_10,2025-06-09 19:03:09,0.35,0.6105,Flying,Ligeris,Driving_Under_Influence,4way,0,60,5G,-73,61,-1,0.0060646456302848,40.306245581575794,21.808921014428076,Intentional
User_29,2025-06-09 21:18:21,0.603,0.6713,Walking,Center,Reckless_Driving,4way,4,30,5G,-120,25,11,0.0094338981886941,40.27949840872425,21.754495873338502,Intentional
User_56,2025-06-10 03:46:31,0.449,0.6586,Swimming,Zep,Reckless_Driving,1way,0,60,3G,-108,27,-9,0.0058429132860901,40.277808456787085,21.753615664456937,Intentional
User_30,2025-06-10 04:24:57,0.478,0.5231,Driving,Koila,Speeding,5way,0,60,3G,-100,68,-4,0.0094858946282677,40.32278054292432,21.789208788232123,Intentional
User_52,2025-06-10 21:26:49,0.706,0.7204,Running,Ligeris,Reckless_Driving,5way,0,40,3G,-70,6,-12,0.0041574337317642,40.30775027573435,21.807299122580417,Intentional
User_21,2025-06-11 12:08:48,0.256,0.5346,Walking,Spinari,Driving_Under_Influence,2way,0,50,WiFi,-58,69,-12,0.0057512367126547,40.27929166617502,21.75324061665565,Intentional
User_67,2025-06-11 12:46:44,0.692,0.5631,Swimming,Ligeris,Driving_Under_Influence,1way,1,60,4G,-78,94,8,0.002426942701183,40.305353627881225,21.80648612655888,Intentional
User_43,2025-06-12 03:43:22,0.407,0.6024,Flying,Ligeris,Driving_Under_Influence,2way,1,50,3G,-70,72,-7,0.0029155444270151,40.30649687690976,21.808333583488885,Intentional
User_43,2025-06-12 04:11:03,0.407,0.6034,Running,Ligeris,Driving_Under_Influence,5way,0,80,5G,-94,76,-4,0.0049516942500135,40.30655726485302,21.80852309275504,Intentional
User_69,2025-06-12 05:12:18,0.667,0.4311,Walking,Center,Driving_Under_Influence,1way,1,90,5G,-112,19,-14,0.0071230033334317,40.30574508398817,21.80833362711009,Intentional
User_33,2025-06-12 09:26:06,0.554,0.5293,Flying,Zep,Speeding,1way,1,30,3G,-104,74,-4,0.002601474178256,40.27898655599113,21.754973105950615,Intentional
User_72,2025-06-12 10:25:17,0.359,0.6418,Running,Koila,Reckless_Driving,5way,1,10,3G,-93,3,-15,0.0090575581607849,40.321674336737374,21.791494210560803,Intentional
User_35,2025-06-12 16:05:06,0.301,0.3815,Walking,Zep,Driving_Under_Influence,6way,0,80,WiFi,-85,50,-15,0.0090126589725691,40.27942181111429,21.753669120710853,Intentional
User_88,2025-06-12 16:40:51,0.421,0.6662,Driving,Zep,Driving_Under_Influence,5way,0,30,5G,-73,57,4,0.0088876519359266,40.27962092603116,21.752171978015873,Intentional
User_90,2025-06-12 19:40:57,0.395,0.4368,Swimming,Ligeris,Reckless_Driving,4way,2,30,4G,-72,10,4,0.0084961206763926,40.30621137906768,21.80753292728821,Intentional
User_13,2025-06-12 21:53:36,0.738,0.5993,Walking,Ligeris,Driving_Under_Influence,6way,4,90,5G,-110,93,-15,0.0029646968650111,40.30688796331907,21.80580330326936,Intentional
User_35,2025-06-13 00:38:49,0.301,0.3835,Swimming,Zep,Reckless_Driving,1way,2,80,3G,-118,82,4,0.0037251647141717,40.27971748551126,21.753304111304622,Intentional
User_95,2025-06-13 02:40:05,0.36,0.6019,Flying,Zep,Speeding,2way,0,30,WiFi,-74,33,8,0.0029476196492216,40.27926146316191,21.75107414583329,Intentional
User_61,2025-06-13 14:35:40,0.304,0.4726,Driving,Koila,Reckless_Driving,5way,2,60,WiFi,-54,23,8,0.0021247965123628,40.322504239795165,21.792572018454987,Intentional
User_66,2025-06-13 18:34:05,0.551,0.4639,Flying,Ligeris,Driving_Under_Influence,2way,1,90,3G,-81,60,3,0.0080151066513379,40.30662891335039,21.808119187210856,Intentional
User_17,2025-06-14 08:54:44,0.439,0.7026,Walking,Koila,Speeding,6way,0,20,3G,-106,69,-10,0.0044511847300393,40.32102401601259,21.790549963229417,Intentional
User_98,2025-06-14 11:26:23,0.734,0.475,Running,Center,Reckless_Driving,1way,1,60,4G,-73,27,7,0.0042267697839684,40.32316715460241,21.79019608732379,Intentional
User_36,2025-06-14 14:44:56,0.58,0.589,Walking,Zep,Driving_Under_Influence,5way,1,50,4G,-72,52,4,0.0063740619262685,40.27806013183859,21.75357303925792,Intentional
User_26,2025-06-14 19:27:39,0.495,0.5773,Driving,Zep,Driving_Under_Influence,6way,3,10,5G,-93,21,-16,0.0033792313238111,40.28014713631167,21.752247236971936,Intentional
User_80,2025-06-14 20:38:54,0.447,0.6566,Swimming,Zep,Driving_Under_Influence,1way,0,80,4G,-86,33,14,0.0050908056950351,40.27904725685011,21.75330762401495,Intentional
User_20,2025-06-14 22:30:46,0.625,0.7253,Swimming,Koila,Driving_Under_Influence,2way,0,80,WiFi,-51,13,-11,0.0042905858011705,40.32206263224635,21.791138016201216,Intentional
User_95,2025-06-15 00:26:08,0.36,0.6059,Swimming,Ligeris,Speeding,4way,1,50,5G,-115,70,-15,0.0072812071154569,40.30564848355335,21.80831585425578,Intentional
User_29,2025-06-15 05:57:16,0.603,0.6833,Swimming,Koila,Driving_Under_Influence,2way,0,20,3G,-85,9,1,0.0098945668338117,40.32210949659671,21.791006280028014,Intentional
User_16,2025-06-15 07:27:39,0.455,0.6018,Walking,Center,Reckless_Driving,4way,0,70,WiFi,-81,58,3,0.006811466984457,40.32371159805573,21.79212617733524,Intentional
User_28,2025-06-15 07:48:12,0.311,0.3498,Walking,Zep,Speeding,5way,0,30,5G,-109,60,-6,0.0093267991524275,40.2801501978691,21.753925528342336,Intentional
User_53,2025-06-15 20:27:45,0.703,0.5253,Swimming,Ligeris,Speeding,2way,2,60,4G,-75,33,10,0.0090917910780137,40.30637146136906,21.80749708758454,Intentional
User_96,2025-06-15 22:31:09,0.308,0.4928,Swimming,Koila,Reckless_Driving,2way,0,40,4G,-96,6,8,0.0072082942447126,40.3215615213961,21.79108078398772,Intentional
User_68,2025-06-16 00:39:43,0.402,0.5627,Swimming,Ligeris,Driving_Under_Influence,2way,1,20,3G,-89,65,0,0.0091851205419059,40.30620969369083,21.80757690497564,Intentional
User_95,2025-06-16 04:42:25,0.36,0.6079,Running,Koila,Driving_Under_Influence,6way,2,30,3G,-95,15,-1,0.0052216401421689,40.32206060236638,21.791248529579924,Intentional
User_92,2025-06-16 12:59:49,0.622,0.3434,Running,Center,Reckless_Driving,1way,1,30,5G,-100,42,2,0.0096044445570349,40.27908175911838,21.755202560569327,Intentional
User_94,2025-06-16 13:58:17,0.459,0.338,Walking,Koila,Reckless_Driving,5way,1,30,5G,-111,51,13,0.0055350245959713,40.32227944088365,21.79273642167086,Intentional
User_08,2025-06-16 15:41:55,0.33,0.6429,Flying,Koila,Driving_Under_Influence,1way,2,70,5G,-89,95,5,0.0063524302111801,40.32220646631457,21.79006507571796,Intentional
User_89,2025-06-16 21:24:32,0.606,0.7252,Driving,Center,Reckless_Driving,2way,0,10,4G,-107,13,-13,0.007267987103043,40.32263820987112,21.79180197908051,Intentional
User_37,2025-06-17 02:11:38,0.696,0.3497,Swimming,Ligeris,Driving_Under_Influence,2way,1,40,3G,-75,44,6,0.0044872394664909,40.30640041710586,21.807259767081337,Intentional
User_09,2025-06-17 02:33:50,0.444,0.4367,Flying,Ligeris,Driving_Under_Influence,2way,1,50,4G,-93,82,8,0.0096994671893461,40.30632273802433,21.807130352631084,Intentional
User_62,2025-06-17 05:02:23,0.471,0.444,Walking,Zep,Driving_Under_Influence,5way,2,30,4G,-75,84,-4,0.0024788697865757,40.28047023957898,21.753691642930676,Intentional
User_18,2025-06-17 05:27:35,0.669,0.4944,Walking,Spinari,Driving_Under_Influence,4way,3,60,5G,-106,18,5,0.0058595316287657,40.32126265195498,21.790376926884782,Intentional
User_78,2025-06-17 16:12:35,0.615,0.543,Swimming,Koila,Speeding,1way,0,20,WiFi,-68,2,15,0.0029935980143105,40.32224612100268,21.791475126897023,Intentional
User_06,2025-06-17 18:55:06,0.573,0.5627,Driving,Ligeris,Driving_Under_Influence,5way,0,30,4G,-81,0,-14,0.0059998638931364,40.305913838679174,21.807811018604685,Intentional
User_05,2025-06-17 21:27:19,0.307,0.4757,Running,Center,Speeding,4way,1,30,WiFi,-80,29,-14,0.0071218922821604,40.32166365038943,21.79266043069872,Intentional
User_100,2025-06-18 11:09:15,0.718,0.677,Flying,Koila,Speeding,2way,1,60,3G,-82,17,15,0.002794491343285,40.321321240056214,21.791106131564028,Intentional
User_59,2025-06-18 17:09:50,0.521,0.4573,Driving,Center,Driving_Under_Influence,2way,1,20,3G,-94,43,5,0.0043387444007268,40.32170474578454,21.7916068549823,Intentional
User_72,2025-06-18 18:46:06,0.359,0.6548,Swimming,Ligeris,Driving_Under_Influence,4way,3,70,4G,-82,44,13,0.0042823980687692,40.30599893664201,21.809454667547193,Intentional
User_37,2025-06-19 01:39:23,0.696,0.3537,Running,Koila,Speeding,5way,1,30,WiFi,-65,45,-3,0.0055836810073776,40.32281356661552,21.792730261495144,Intentional
User_86,2025-06-19 01:50:09,0.343,0.5528,Walking,Center,Speeding,1way,0,40,3G,-91,14,16,0.0054790678633726,40.30624774057729,21.80749840465822,Intentional
User_04,2025-06-19 05:11:24,0.619,0.6645,Driving,Ligeris,Reckless_Driving,5way,1,40,3G,-94,99,-1,0.0032829792716476,40.30611890712754,21.80930946503407,Intentional
User_90,2025-06-19 10:10:01,0.395,0.4508,Flying,Ligeris,Reckless_Driving,4way,0,20,WiFi,-56,8,-7,0.0013580776679565,40.30766347166959,21.80722379073389,Intentional
User_38,2025-06-19 12:55:25,0.497,0.6106,Driving,Ligeris,Speeding,5way,0,40,4G,-80,72,-16,0.0019708318250299,40.30569188742888,21.80686990826924,Intentional
User_45,2025-06-19 14:22:10,0.693,0.5354,Driving,Zep,Speeding,5way,1,30,3G,-93,58,14,0.0036805226420021,40.279649038034144,21.752888769799004,Intentional
User_32,2025-06-19 18:45:32,0.684,0.4383,Running,Koila,Speeding,5way,0,40,5G,-76,29,-11,0.0096418613302225,40.32245178538381,21.791166451209808,Intentional
User_19,2025-06-20 03:18:11,0.361,0.6748,Driving,Spinari,Speeding,2way,3,60,3G,-76,66,-13,0.0083188044891425,40.279648674034135,21.753819183327124,Intentional
User_98,2025-06-20 05:27:55,0.734,0.488,Flying,Koila,Speeding,2way,0,10,3G,-93,3,16,0.0068013676581433,40.32165448421519,21.789112768314755,Intentional
User_91,2025-06-20 11:57:18,0.716,0.5523,Driving,Koila,Driving_Under_Influence,5way,0,10,5G,-78,57,1,0.0035070158756173,40.32228729086416,21.79201750977633,Intentional
User_75,2025-06-20 12:21:18,0.65,0.6284,Driving,Spinari,Reckless_Driving,1way,0,90,WiFi,-85,37,-8,0.004313606163269,40.3224414857122,21.79354025540393,Intentional
User_32,2025-06-20 12:38:36,0.684,0.4413,Swimming,Ligeris,Speeding,1way,2,20,4G,-91,14,7,0.008785095251747,40.30556465035284,21.809522683816404,Intentional
User_51,2025-06-21 08:58:47,0.574,0.4773,Flying,Koila,Reckless_Driving,2way,0,30,WiFi,-77,37,-15,0.0094710053463401,40.32291576384989,21.79010128502907,Intentional
User_76,2025-06-21 12:42:34,0.251,0.5032,Running,Center,Driving_Under_Influence,2way,1,30,5G,-104,38,-7,0.0036249031051117,40.3219147222872,21.789193156614783,Intentional
User_18,2025-06-21 14:11:48,0.669,0.5024,Walking,Zep,Driving_Under_Influence,5way,0,30,4G,-71,3,-9,0.007897251382036,40.27992514437329,21.752254801429185,Intentional
User_14,2025-06-21 18:17:40,0.533,0.4236,Running,Spinari,Reckless_Driving,1way,0,20,5G,-114,64,9,0.0056056959775402,40.3212953647797,21.79164881629435,Intentional
User_28,2025-06-22 06:32:13,0.311,0.3638,Flying,Ligeris,Speeding,2way,4,70,4G,-117,6,-16,0.0055623731536063,40.30650310967452,21.807156010474976,Intentional
User_42,2025-06-22 12:50:02,0.544,0.7133,Flying,Zep,Reckless_Driving,2way,0,40,3G,-111,34,-6,0.0030778608597179,40.27995722188292,21.752064165769163,Intentional
User_27,2025-06-22 13:56:02,0.33,0.55,Driving,Center,Reckless_Driving,2way,0,50,WiFi,-64,92,-3,0.0070852864002839,40.30588736911383,21.80769592821557,Intentional
User_01,2025-06-22 14:03:13,0.581,0.7187,Flying,Ligeris,Reckless_Driving,1way,2,50,WiFi,-84,43,13,0.0056048128963393,40.306411942865566,21.807267864003418,Intentional
User_56,2025-06-23 07:01:15,0.449,0.6846,Running,Spinari,Reckless_Driving,1way,0,10,3G,-107,43,16,0.006970485355392,40.32263286401418,21.791691360435333,Intentional
User_31,2025-06-23 15:04:45,0.293,0.7467,Flying,Ligeris,Reckless_Driving,4way,3,30,3G,-96,1,-1,0.0096396090402092,40.305770264024005,21.807829037020763,Intentional
User_16,2025-06-23 17:37:49,0.455,0.6178,Running,Ligeris,Driving_Under_Influence,6way,0,10,5G,-112,98,-11,0.0059826623532931,40.30701206800567,21.808787097920327,Intentional
User_81,2025-06-23 20:03:19,0.307,0.4393,Running,Spinari,Speeding,2way,0,60,WiFi,-74,13,2,0.0044883249517926,40.3230911979742,21.793041062626365,Intentional
User_60,2025-06-24 00:49:10,0.669,0.4087,Driving,Koila,Driving_Under_Influence,5way,1,60,5G,-84,64,-13,0.0023322297566057,40.323853995248136,21.790899267633225,Intentional
User_30,2025-06-24 08:28:57,0.478,0.5521,Swimming,Zep,Speeding,2way,2,30,WiFi,-52,91,-2,0.008004018025801,40.27998702194032,21.75371437597248,Intentional
User_11,2025-06-24 14:00:33,0.263,0.7008,Swimming,Ligeris,Driving_Under_Influence,2way,0,40,5G,-108,68,1,0.0095398924268737,40.30701216291538,21.80574479147943,Intentional
User_25,2025-06-24 19:48:59,0.352,0.4143,Flying,Koila,Driving_Under_Influence,2way,0,30,3G,-70,84,-7,0.001594162807419,40.322583919036184,21.792930109917226,Intentional
User_08,2025-06-25 08:24:20,0.33,0.6609,Running,Ligeris,Reckless_Driving,5way,0,90,3G,-89,55,-3,0.0064804706040892,40.3055568269235,21.808071680226888,Intentional
User_86,2025-06-25 13:50:46,0.343,0.5648,Flying,Koila,Reckless_Driving,2way,1,10,5G,-82,62,-15,0.0028452438319278,40.32177096752488,21.789173564592044,Intentional
User_42,2025-06-25 14:36:42,0.544,0.7193,Walking,Center,Speeding,2way,0,80,WiFi,-60,98,9,0.0042714159729018,40.32297385367262,21.7915514914181,Intentional
User_01,2025-06-25 22:51:06,0.581,0.7247,Swimming,Koila,Reckless_Driving,2way,2,40,3G,-112,74,-2,0.0081675518237193,40.32303978499714,21.790516911561625,Intentional
User_57,2025-06-26 02:51:21,0.592,0.6058,Swimming,Koila,Driving_Under_Influence,2way,2,30,3G,-82,68,-14,0.0044474212073878,40.32324189912039,21.792056193290257,Intentional
User_06,2025-06-26 05:49:08,0.573,0.5807,Walking,Spinari,Reckless_Driving,1way,1,70,3G,-87,6,9,0.0059760716773422,40.30637407176048,21.80859775119779,Intentional
User_31,2025-06-27 01:32:11,0.293,0.7537,Running,Spinari,Driving_Under_Influence,1way,0,80,5G,-80,91,15,0.0094807293993973,40.30722601816528,21.807128109870376,Intentional
User_64,2025-06-27 03:03:37,0.287,0.3637,Driving,Ligeris,Speeding,5way,1,80,4G,-89,55,5,0.0019445617181222,40.307722702047634,21.806533885558377,Intentional
User_36,2025-06-27 05:28:48,0.58,0.615,Walking,Koila,Speeding,5way,0,60,WiFi,-84,13,-7,0.0030406601406318,40.32186267096146,21.791648270115115,Intentional
User_45,2025-06-27 12:28:59,0.693,0.5514,Running,Zep,Driving_Under_Influence,6way,1,50,WiFi,-55,92,-16,0.0093991876101997,40.27948677008072,21.75371161784,Intentional
User_02,2025-06-27 12:36:17,0.477,0.5514,Flying,Zep,Reckless_Driving,4way,1,20,5G,-115,58,4,0.0034894034203027,40.27935631336575,21.751486312396953,Intentional
User_73,2025-06-27 19:04:39,0.343,0.7263,Driving,Spinari,Driving_Under_Influence,2way,0,50,3G,-98,38,6,0.0069582260105006,40.27992515228736,21.75476564959398,Intentional
User_10,2025-06-28 07:38:28,0.35,0.6475,Running,Ligeris,Driving_Under_Influence,6way,0,60,3G,-109,93,7,0.0015762691201847,40.306329411178496,21.8077303933504,Intentional
User_49,2025-06-28 11:05:34,0.462,0.5277,Running,Zep,Driving_Under_Influence,6way,0,70,5G,-96,15,-12,0.0039783990275933,40.279077058046454,21.75408944490397,Intentional
User_43,2025-06-28 20:26:38,0.407,0.6354,Walking,Zep,Speeding,5way,0,40,4G,-99,21,2,0.0094031260071766,40.27959929892787,21.753131492343748,Intentional
User_36,2025-06-28 20:27:54,0.58,0.618,Flying,Koila,Speeding,1way,1,60,3G,-111,66,12,0.006094264449829,40.3223025922014,21.79122166259541,Intentional
User_26,2025-06-28 21:26:58,0.495,0.6053,Swimming,Ligeris,Speeding,2way,0,50,WiFi,-59,77,10,0.0015513755860816,40.30607273314618,21.80770663422717,Intentional
User_10,2025-06-28 21:44:10,0.35,0.6485,Driving,Zep,Driving_Under_Influence,6way,0,60,WiFi,-65,62,15,0.0079633390996379,40.27986798007254,21.755081405355753,Intentional
User_46,2025-06-28 21:54:00,0.537,0.5879,Walking,Spinari,Speeding,4way,4,30,3G,-95,88,-2,0.0063373563778433,40.306112727632794,21.807249697387537,Intentional
User_90,2025-06-29 06:24:34,0.395,0.4698,Walking,Spinari,Reckless_Driving,1way,0,30,3G,-70,45,5,0.0088389799616145,40.30627045495187,21.808336884031895,Intentional
User_61,2025-06-29 07:16:29,0.304,0.5056,Walking,Koila,Reckless_Driving,6way,0,20,WiFi,-81,53,-13,0.0034307953327843,40.321996364030525,21.79126462155406,Intentional
User_60,2025-06-29 12:53:31,0.669,0.4197,Swimming,Zep,Driving_Under_Influence,4way,3,30,3G,-85,86,-2,0.0061648997254668,40.27952283581908,21.753392402344588,Intentional
User_32,2025-06-29 19:50:01,0.684,0.4583,Driving,Spinari,Speeding,2way,1,80,4G,-107,43,-3,0.0016754629468561,40.279779399811254,21.755059982477206,Intentional
User_67,2025-06-30 01:41:29,0.692,0.6001,Swimming,Zep,Driving_Under_Influence,4way,0,60,4G,-85,60,-11,0.0016828165753767,40.279897944336575,21.753569366482697,Intentional
User_19,2025-06-30 04:38:26,0.361,0.6948,Walking,Center,Driving_Under_Influence,1way,0,60,4G,-73,80,-4,0.0094792246637559,40.32153506139647,21.79288317321662,Intentional
User_88,2025-06-30 20:03:19,0.421,0.7012,Driving,Spinari,Speeding,1way,1,30,3G,-108,23,1,0.0069447823389839,40.30696176258001,21.80603779726132,Intentional
User_33,2025-07-01 04:26:08,0.554,0.5673,Driving,Zep,Speeding,6way,0,40,4G,-77,37,-7,0.0022445798034266,40.27944938305245,21.75461600098145,Intentional
User_88,2025-07-01 06:44:39,0.421,0.7032,Walking,Zep,Reckless_Driving,5way,0,20,WiFi,-61,14,3,0.0098853926775287,40.27953431251685,21.7527460650912,Intentional
User_29,2025-07-01 10:02:49,0.603,0.7143,Walking,Zep,Reckless_Driving,5way,0,20,4G,-94,43,-13,0.007650449334523,40.27938674317445,21.751280682450417,Intentional
User_94,2025-07-01 17:34:38,0.459,0.368,Swimming,Ligeris,Speeding,2way,0,50,5G,-115,61,9,0.0070696887382403,40.30588324885272,21.809472474730644,Intentional
User_63,2025-07-01 19:19:12,0.549,0.7323,Running,Center,Driving_Under_Influence,2way,0,70,4G,-112,49,16,0.0056842681887053,40.32217029032979,21.79137493335788,Intentional
User_27,2025-07-01 19:35:38,0.33,0.568,Running,Zep,Speeding,6way,4,70,4G,-112,12,0,0.0019274133037995,40.278715695637054,21.752945843811855,Intentional
User_85,2025-07-01 20:54:47,0.653,0.5643,Swimming,Zep,Driving_Under_Influence,2way,2,60,WiFi,-77,68,6,0.0055446103620221,40.27917364747794,21.752632644299343,Intentional
User_13,2025-07-01 21:38:13,0.738,0.6373,Driving,Ligeris,Driving_Under_Influence,6way,0,30,WiFi,-83,29,-4,0.0072709294514623,40.306126981538185,21.807324643476747,Intentional
User_04,2025-07-02 00:49:30,0.619,0.6905,Driving,Ligeris,Speeding,5way,0,10,3G,-94,53,-1,0.0057580847703926,40.30648909665099,21.80946275203758,Intentional
User_77,2025-07-02 02:49:56,0.369,0.4513,Flying,Ligeris,Driving_Under_Influence,1way,0,20,4G,-91,19,-9,0.005491849467573,40.30602087688686,21.80949562894467,Intentional
User_53,2025-07-02 07:21:38,0.703,0.5583,Walking,Ligeris,Driving_Under_Influence,5way,0,30,5G,-118,90,12,0.0015981724845385,40.30606257239824,21.80758322265168,Intentional
User_14,2025-07-02 10:39:44,0.533,0.4456,Flying,Ligeris,Speeding,2way,2,30,4G,-70,93,1,0.007629902559555,40.3070200115121,21.807389573909024,Intentional
User_41,2025-07-02 12:43:26,0.642,0.7095,Running,Koila,Reckless_Driving,5way,5,60,3G,-73,100,9,0.0060686414513203,40.32189079510673,21.79086114243927,Intentional
User_65,2025-07-02 19:12:39,0.654,0.6222,Driving,Center,Reckless_Driving,2way,0,20,5G,-93,70,0,0.0063467503414178,40.30633199049036,21.80587570616149,Intentional
User_15,2025-07-02 22:39:21,0.369,0.4048,Driving,Spinari,Reckless_Driving,2way,0,40,WiFi,-75,79,12,0.0087152712156432,40.27806625347033,21.75432215040209,Intentional
User_100,2025-07-03 04:32:23,0.718,0.706,Flying,Zep,Reckless_Driving,2way,0,60,3G,-117,46,-2,0.0032401842914954,40.27967400924551,21.75311261700281,Intentional
User_61,2025-07-03 06:38:28,0.304,0.5136,Swimming,Ligeris,Speeding,2way,0,10,4G,-96,30,11,0.0086739168964717,40.3063544958428,21.808659868868848,Intentional
User_86,2025-07-03 13:16:20,0.343,0.5818,Walking,Spinari,Driving_Under_Influence,4way,1,10,5G,-94,22,-1,0.0021698125465709,40.32171029715627,21.789990177813003,Intentional
User_01,2025-07-03 20:06:51,0.581,0.7407,Driving,Ligeris,Driving_Under_Influence,6way,3,60,WiFi,-89,20,-9,0.008805456845686,40.306620783042746,21.807017391713565,Intentional
User_07,2025-07-03 23:00:23,0.47,0.5984,Driving,Ligeris,Speeding,6way,0,60,4G,-78,55,-2,0.0096794460798612,40.305902058404406,21.806694221201703,Intentional
User_60,2025-07-04 01:30:44,0.669,0.4287,Swimming,Koila,Speeding,2way,0,10,4G,-108,82,-10,0.0034500618357398,40.322457442030704,21.790888095075772,Intentional
User_45,2025-07-04 03:47:41,0.693,0.5644,Walking,Center,Reckless_Driving,2way,1,50,WiFi,-74,21,3,0.0018330015168994,40.279535177872795,21.75322639590583,Intentional
User_46,2025-07-04 05:19:08,0.537,0.5989,Flying,Ligeris,Reckless_Driving,1way,0,10,3G,-96,25,16,0.0027126883006303,40.30591583488323,21.807238940399007,Intentional
User_82,2025-07-04 11:36:22,0.291,0.403,Walking,Zep,Speeding,6way,0,60,WiFi,-58,0,-6,0.0012029859697064,40.28054930086158,21.75292018279392,Intentional
User_15,2025-07-04 19:16:49,0.369,0.4098,Driving,Center,Reckless_Driving,2way,1,60,4G,-91,24,-7,0.0059763702626304,40.27862131147655,21.755167650227783,Intentional
User_58,2025-07-05 03:12:23,0.744,0.5642,Driving,Spinari,Reckless_Driving,2way,0,30,3G,-95,13,15,0.0059631332969781,40.307180450921024,21.80735054398564,Intentional
User_14,2025-07-05 03:52:37,0.533,0.4516,Running,Center,Reckless_Driving,2way,0,60,4G,-90,98,-9,0.0012734736905154,40.32160483177067,21.78991830552395,Intentional
User_48,2025-07-05 05:28:16,0.636,0.5639,Swimming,Ligeris,Driving_Under_Influence,1way,0,30,4G,-105,88,14,0.002786994480953,40.30658850082756,21.807486989178383,Intentional
User_08,2025-07-06 04:53:06,0.33,0.6839,Flying,Koila,Reckless_Driving,1way,0,30,4G,-88,80,6,0.0083824564624409,40.32070843417287,21.78988801134459,Intentional
User_53,2025-07-06 11:42:02,0.703,0.5663,Running,Ligeris,Speeding,5way,3,80,3G,-91,54,-15,0.0091243869296533,40.30612804784383,21.80981944718951,Intentional
User_85,2025-07-06 23:08:20,0.653,0.5743,Flying,Zep,Reckless_Driving,1way,0,50,5G,-107,81,-16,0.0014831964834236,40.2798160768194,21.755172562009644,Intentional
User_55,2025-07-07 12:05:33,0.3,0.7484,Walking,Ligeris,Speeding,5way,1,60,4G,-74,96,-8,0.0075972081786006,40.30721961793391,21.806381726084197,Intentional
User_19,2025-07-07 15:37:09,0.361,0.7088,Swimming,Zep,Reckless_Driving,2way,1,10,4G,-80,57,10,0.0043365627606297,40.27951571524727,21.752154613789415,Intentional
User_25,2025-07-07 18:24:17,0.352,0.4403,Running,Center,Driving_Under_Influence,2way,1,90,WiFi,-86,66,12,0.0088092694956317,40.32265666667036,21.789588020682753,Intentional
User_75,2025-07-07 20:09:46,0.65,0.6624,Flying,Zep,Speeding,2way,0,60,WiFi,-72,67,0,0.0081801583192533,40.27880660924374,21.752532453906092,Intentional
User_95,2025-07-07 21:10:39,0.36,0.6509,Driving,Ligeris,Driving_Under_Influence,5way,0,90,WiFi,-90,15,1,0.0038682570632581,40.307004000475786,21.80803642060568,Intentional
User_83,2025-07-08 02:44:00,0.498,0.4597,Running,Zep,Speeding,5way,0,40,4G,-93,40,-10,0.0083720152858878,40.27999563495266,21.753384576622427,Intentional
User_12,2025-07-08 07:21:59,0.74,0.6591,Driving,Center,Reckless_Driving,2way,0,30,4G,-116,44,6,0.007842651398867,40.32271770836692,21.79219366040988,Intentional
User_98,2025-07-08 15:48:00,0.734,0.524,Flying,Ligeris,Driving_Under_Influence,2way,0,20,3G,-115,1,-15,0.0012604977755203,40.30708904256132,21.807332873347782,Intentional
User_60,2025-07-08 17:54:42,0.669,0.4377,Running,Zep,Reckless_Driving,5way,0,30,4G,-109,51,12,0.0091855623282641,40.27930341083735,21.753311882472612,Intentional
User_98,2025-07-09 03:57:50,0.734,0.525,Walking,Zep,Reckless_Driving,6way,2,60,3G,-71,95,-3,0.0022939230814357,40.27941697585853,21.75473799788807,Intentional
User_60,2025-07-09 04:51:52,0.669,0.4397,Walking,Koila,Reckless_Driving,6way,1,10,5G,-87,70,1,0.0099617043969148,40.32229085975476,21.791075341257443,Intentional
User_29,2025-07-09 12:03:51,0.603,0.7313,Running,Koila,Reckless_Driving,5way,0,70,WiFi,-60,77,6,0.0078105884889924,40.322033403643125,21.788946247387457,Intentional
User_13,2025-07-09 13:39:38,0.738,0.6533,Flying,Koila,Driving_Under_Influence,4way,1,10,4G,-73,51,-3,0.0073982879818506,40.32232455952228,21.791786374813885,Intentional
User_39,2025-07-09 16:19:47,0.297,0.7074,Driving,Center,Reckless_Driving,4way,3,90,4G,-73,49,4,0.0053065582869404,40.30508643373145,21.808410207427315,Intentional
User_83,2025-07-09 19:54:44,0.498,0.4627,Driving,Spinari,Driving_Under_Influence,2way,0,40,WiFi,-89,24,-12,0.0074376436672536,40.321663363101706,21.790845239734665,Intentional
User_90,2025-07-10 03:23:46,0.395,0.4918,Driving,Center,Speeding,2way,0,20,WiFi,-56,11,11,0.005155088604549,40.32210220833669,21.79117432128503,Intentional
User_05,2025-07-10 10:15:37,0.307,0.5207,Running,Zep,Reckless_Driving,6way,0,40,5G,-101,29,-14,0.00574900191651,40.27923358811245,21.753287924513263,Intentional
User_53,2025-07-10 11:07:29,0.703,0.5743,Walking,Koila,Speeding,6way,1,30,5G,-102,10,11,0.0078917540447103,40.32254922082335,21.791233402092733,Intentional
User_18,2025-07-10 11:14:59,0.669,0.5404,Running,Ligeris,Speeding,5way,0,50,4G,-118,93,-14,0.0021913323074416,40.30734053113716,21.8076852898285,Intentional
User_58,2025-07-10 15:59:12,0.744,0.5742,Walking,Ligeris,Speeding,6way,4,60,4G,-90,27,-5,0.0013137762810819,40.305577871573846,21.808539023879653,Intentional
User_89,2025-07-11 02:44:24,0.606,0.7742,Driving,Koila,Speeding,6way,0,70,3G,-95,72,-16,0.0064119854778896,40.32369381930555,21.79187948855815,Intentional
User_58,2025-07-11 07:12:06,0.744,0.5752,Walking,Center,Driving_Under_Influence,1way,3,50,WiFi,-51,11,10,0.0036948111256267,40.32149867333372,21.791325174300542,Intentional
User_80,2025-07-11 08:31:07,0.447,0.7096,Flying,Zep,Speeding,4way,1,40,5G,-90,40,-10,0.0098017288433597,40.280401680986856,21.752364522198565,Intentional
User_10,2025-07-11 10:39:54,0.35,0.6745,Walking,Spinari,Speeding,1way,0,10,3G,-119,24,14,0.0024739802582846,40.30614703940573,21.806466544595615,Intentional
User_49,2025-07-11 11:08:53,0.462,0.5537,Running,Ligeris,Driving_Under_Influence,5way,0,50,4G,-94,81,12,0.0011761742663682,40.305875892686124,21.80848481204775,Intentional
User_37,2025-07-11 15:23:20,0.696,0.3987,Flying,Koila,Speeding,2way,0,50,4G,-115,71,-4,0.0012953518267504,40.32242942568059,21.79060496513092,Intentional
User_74,2025-07-11 18:28:22,0.564,0.553,Driving,Center,Reckless_Driving,2way,0,80,WiFi,-58,99,6,0.0090955902759301,40.32164789011534,21.79126557659928,Intentional
User_19,2025-07-11 21:18:46,0.361,0.7168,Walking,Ligeris,Driving_Under_Influence,5way,0,50,5G,-80,77,10,0.0020676096488944,40.30591703976007,21.807877731331224,Intentional
User_22,2025-07-11 22:01:23,0.656,0.4846,Driving,Spinari,Speeding,2way,0,50,4G,-112,40,12,0.0012385691905567,40.27937644936306,21.753801155114623,Intentional
User_16,2025-07-11 23:28:34,0.455,0.6538,Swimming,Ligeris,Reckless_Driving,1way,1,80,3G,-105,6,11,0.0073175315900649,40.3065724230172,21.807159684655694,Intentional
User_69,2025-07-12 01:11:36,0.667,0.4901,Walking,Zep,Speeding,6way,1,80,5G,-116,46,-7,0.0033662251315553,40.279507889138976,21.753437922466393,Intentional
User_54,2025-07-12 14:12:54,0.482,0.7619,Running,Zep,Speeding,6way,1,20,WiFi,-87,93,6,0.0028053102943811,40.28078664312935,21.75333187556884,Intentional
User_25,2025-07-12 15:36:29,0.352,0.4503,Flying,Ligeris,Speeding,2way,2,40,4G,-83,82,6,0.0027168651154189,40.30595175924585,21.807615861002763,Intentional
User_100,2025-07-12 22:16:28,0.718,0.724,Flying,Koila,Reckless_Driving,4way,0,20,3G,-110,51,8,0.0096423137062874,40.32245667056347,21.79160317676257,Intentional
User_80,2025-07-13 12:58:26,0.447,0.7136,Driving,Spinari,Driving_Under_Influence,1way,1,70,5G,-85,53,-6,0.0039184536761513,40.32244614709111,21.78899370716779,Intentional
User_82,2025-07-13 14:00:41,0.291,0.422,Running,Ligeris,Reckless_Driving,5way,1,10,4G,-81,7,16,0.0071388942072694,40.30638601168591,21.805511204259073,Intentional
User_88,2025-07-13 17:07:27,0.421,0.7272,Swimming,Zep,Driving_Under_Influence,1way,0,70,4G,-101,80,-16,0.008451987619482,40.279773121987,21.75328649670621,Intentional
User_69,2025-07-13 18:38:02,0.667,0.4931,Driving,Koila,Reckless_Driving,6way,0,50,WiFi,-64,33,16,0.0059590203939948,40.32134691015315,21.792589619406563,Intentional
User_32,2025-07-14 04:34:15,0.684,0.4883,Swimming,Ligeris,Reckless_Driving,1way,0,40,3G,-86,64,10,0.0086094889593723,40.306790365703634,21.80702969148907,Intentional
User_94,2025-07-14 11:10:42,0.459,0.393,Flying,Ligeris,Driving_Under_Influence,1way,1,30,3G,-111,88,-8,0.0097880145661731,40.30543581925002,21.807122292381685,Intentional
User_56,2025-07-14 17:25:02,0.449,0.7276,Walking,Spinari,Speeding,1way,1,30,4G,-108,90,-13,0.0041072821613667,40.27946191391567,21.752967279413877,Intentional
User_29,2025-07-14 19:30:17,0.603,0.7413,Walking,Spinari,Driving_Under_Influence,2way,1,40,4G,-102,49,-4,0.0025077379481697,40.32187019467494,21.79111114577715,Intentional
User_36,2025-07-14 22:21:42,0.58,0.65,Flying,Ligeris,Speeding,2way,1,50,WiFi,-73,60,-8,0.0049532931043684,40.30606881430409,21.80752373431007,Intentional
User_17,2025-07-15 02:54:22,0.439,0.7646,Swimming,Zep,Reckless_Driving,1way,0,60,3G,-93,48,-3,0.0086700985794192,40.279053535127446,21.75223717301156,Intentional
User_37,2025-07-15 08:54:44,0.696,0.4057,Driving,Spinari,Driving_Under_Influence,1way,2,80,5G,-103,46,6,0.0010506628953041,40.279903451900864,21.754014663048583,Intentional
User_80,2025-07-15 13:25:13,0.447,0.7186,Driving,Ligeris,Speeding,6way,0,80,4G,-107,97,-3,0.0026416373737318,40.30623270662763,21.807488803890777,Intentional
User_07,2025-07-15 22:04:03,0.47,0.6224,Walking,Ligeris,Driving_Under_Influence,5way,0,30,WiFi,-59,30,-11,0.0064876317526498,40.30541348592483,21.807731054475564,Intentional
User_29,2025-07-15 22:35:08,0.603,0.7433,Running,Spinari,Driving_Under_Influence,2way,0,30,WiFi,-63,1,1,0.0058634720374165,40.27823331989141,21.752903805039452,Intentional
User_60,2025-07-16 04:14:53,0.669,0.4527,Walking,Spinari,Speeding,2way,1,50,WiFi,-51,25,0,0.0056129618845644,40.30684985034567,21.806360105902662,Intentional
User_67,2025-07-16 09:14:22,0.692,0.6321,Running,Center,Reckless_Driving,2way,0,40,3G,-100,10,13,0.006120778478303,40.32307070468194,21.792665585388484,Intentional
User_100,2025-07-16 09:22:21,0.718,0.733,Flying,Ligeris,Reckless_Driving,4way,0,60,WiFi,-78,20,0,0.0016763998732683,40.30538973331273,21.809212179580054,Intentional
User_76,2025-07-16 17:12:45,0.251,0.5542,Running,Center,Reckless_Driving,4way,0,10,5G,-98,19,-12,0.0032111079637417,40.32210861470034,21.791597490636057,Intentional
User_93,2025-07-16 17:27:40,0.333,0.7803,Walking,Spinari,Driving_Under_Influence,1way,0,40,WiFi,-62,47,-8,0.0061151192510752,40.30499881581178,21.80674644418545,Intentional
User_10,2025-07-16 17:28:31,0.35,0.6845,Running,Koila,Reckless_Driving,5way,0,50,4G,-82,53,-2,0.0068806089231957,40.3220029762275,21.792183760923276,Intentional
User_30,2025-07-17 01:42:15,0.478,0.5971,Flying,Zep,Reckless_Driving,4way,0,60,4G,-91,43,0,0.0019275403047543,40.27982605362633,21.7541791029499,Intentional
User_22,2025-07-17 10:51:16,0.656,0.4956,Swimming,Koila,Speeding,1way,0,20,5G,-113,28,-9,0.0067592785795557,40.32235728225045,21.791716225642027,Intentional
User_63,2025-07-17 11:25:36,0.549,0.7643,Walking,Center,Driving_Under_Influence,4way,0,70,WiFi,-74,39,-16,0.0084543551239467,40.2788170433853,21.75238030378689,Intentional
User_55,2025-07-17 12:49:01,0.3,0.7684,Walking,Zep,Reckless_Driving,6way,1,70,WiFi,-82,94,-11,0.0068213454211556,40.280365763740726,21.751345879173208,Intentional
User_80,2025-07-17 22:46:16,0.447,0.7226,Driving,Koila,Reckless_Driving,5way,0,40,WiFi,-69,45,8,0.0086259869709761,40.3216047795282,21.79317131957112,Intentional
User_08,2025-07-17 23:01:28,0.33,0.7059,Running,Koila,Speeding,5way,0,70,3G,-95,42,7,0.0023204014997471,40.32195696362384,21.789375008449426,Intentional
User_75,2025-07-18 05:09:43,0.65,0.6834,Swimming,Ligeris,Speeding,2way,1,40,5G,-70,32,15,0.0032151684585084,40.3061239593546,21.80722610443594,Intentional
User_29,2025-07-18 05:52:56,0.603,0.7483,Walking,Ligeris,Reckless_Driving,6way,1,90,5G,-107,12,10,0.0061262157094098,40.305271292082,21.806017770251405,Intentional
User_03,2025-07-18 12:34:50,0.47,0.6992,Swimming,Zep,Speeding,4way,1,20,4G,-84,64,-3,0.0025814354581007,40.27978162861358,21.753285606379567,Intentional
User_83,2025-07-18 16:50:02,0.498,0.4807,Swimming,Koila,Speeding,1way,0,20,3G,-87,47,-7,0.001027145052287,40.32204255483278,21.79143572753534,Intentional
User_45,2025-07-19 08:52:33,0.693,0.5944,Walking,Koila,Speeding,5way,0,30,5G,-106,89,-1,0.0044238358125921,40.3209033895908,21.792487046024295,Intentional
User_92,2025-07-19 10:24:15,0.622,0.4084,Swimming,Zep,Driving_Under_Influence,1way,0,70,4G,-102,9,14,0.0048290126984629,40.28079818172293,21.75365377762649,Intentional
User_72,2025-07-19 19:03:00,0.359,0.7168,Running,Koila,Driving_Under_Influence,5way,0,30,3G,-79,62,-3,0.0036311503085875,40.32170523803594,21.78952919531686,Intentional
User_77,2025-07-19 20:21:45,0.369,0.4853,Running,Spinari,Driving_Under_Influence,4way,1,30,WiFi,-60,8,-1,0.0099711833765256,40.27967628256932,21.75323526901144,Intentional
User_80,2025-07-20 04:13:53,0.447,0.7276,Swimming,Koila,Driving_Under_Influence,1way,0,40,WiFi,-84,4,4,0.0030535895945143,40.322094741975974,21.7912443033392,Intentional
User_35,2025-07-20 07:20:05,0.301,0.4585,Flying,Zep,Driving_Under_Influence,1way,1,40,3G,-94,18,-14,0.0015353717938811,40.27903407626753,21.75165121338632,Intentional
User_34,2025-07-20 09:24:54,0.466,0.5212,Running,Koila,Speeding,5way,3,10,WiFi,-81,24,10,0.0062388608664107,40.321123252398955,21.79145239885818,Intentional
User_25,2025-07-20 14:35:27,0.352,0.4663,Walking,Ligeris,Driving_Under_Influence,5way,4,90,3G,-77,87,-10,0.0037273873628406,40.30620354113606,21.80759969291457,Intentional
User_48,2025-07-20 14:52:45,0.636,0.5949,Flying,Ligeris,Speeding,2way,0,40,4G,-74,44,3,0.0010241130977637,40.30660448651881,21.807817866783367,Intentional
User_41,2025-07-20 15:52:34,0.642,0.7455,Driving,Spinari,Driving_Under_Influence,2way,1,60,WiFi,-75,43,-3,0.0057599072130998,40.3210998028878,21.792767213393557,Intentional
User_16,2025-07-20 15:54:33,0.455,0.6718,Walking,Koila,Speeding,5way,0,50,5G,-101,4,-5,0.007010020122228,40.32210754870055,21.791236079064213,Intentional
User_10,2025-07-20 19:21:40,0.35,0.6925,Swimming,Ligeris,Speeding,4way,0,70,WiFi,-63,56,-13,0.0049319346804668,40.30659475241506,21.805865388311812,Intentional
User_69,2025-07-20 20:23:35,0.667,0.5071,Flying,Koila,Speeding,2way,1,10,5G,-72,69,14,0.0028823100681615,40.32228025023008,21.792898006426732,Intentional
User_12,2025-07-21 00:46:27,0.74,0.6851,Flying,Ligeris,Driving_Under_Influence,2way,2,10,5G,-102,64,8,0.0064908664727036,40.30627737220141,21.807607463882587,Intentional
User_20,2025-07-21 05:36:08,0.625,0.7983,Walking,Ligeris,Speeding,5way,0,30,4G,-75,70,16,0.0028368482277143,40.30674206630361,21.80943729188937,Intentional
User_75,2025-07-21 17:28:57,0.65,0.6904,Driving,Ligeris,Reckless_Driving,5way,0,60,WiFi,-79,33,4,0.0080345801837638,40.30484954239505,21.806219159891448,Intentional
User_28,2025-07-22 08:00:37,0.311,0.4238,Flying,Zep,Reckless_Driving,1way,0,50,WiFi,-58,16,8,0.0036450689898871,40.27959985227707,21.753356132067676,Intentional
User_01,2025-07-22 13:53:00,0.581,0.7777,Flying,Ligeris,Reckless_Driving,2way,1,50,5G,-106,12,2,0.0072365420159608,40.30680769717363,21.806158794135182,Intentional
User_24,2025-07-22 20:35:55,0.354,0.7438,Walking,Ligeris,Driving_Under_Influence,6way,0,90,WiFi,-86,43,12,0.0095175951614037,40.304897797249716,21.807473986528468,Intentional
User_92,2025-07-23 14:02:01,0.622,0.4164,Running,Center,Driving_Under_Influence,2way,2,70,4G,-105,70,7,0.0042572205529758,40.27979923857521,21.753568926133504,Intentional
User_54,2025-07-24 00:37:10,0.482,0.7849,Driving,Center,Driving_Under_Influence,4way,0,60,4G,-107,85,14,0.0027217079152463,40.32220178153421,21.791542098280097,Intentional
User_53,2025-07-24 10:29:10,0.703,0.6033,Running,Ligeris,Driving_Under_Influence,6way,0,40,3G,-108,66,14,0.0064338720633277,40.30665501592424,21.806341490685444,Intentional
User_97,2025-07-24 17:17:08,0.737,0.6226,Running,Ligeris,Reckless_Driving,5way,1,30,4G,-94,57,-7,0.0019337750300968,40.307792873882825,21.806621291831185,Intentional
User_37,2025-07-24 19:59:40,0.696,0.4247,Driving,Spinari,Reckless_Driving,4way,0,50,WiFi,-90,85,6,0.0077642613734535,40.305961540138306,21.805764475358824,Intentional
User_66,2025-07-24 23:02:53,0.551,0.5459,Flying,Ligeris,Driving_Under_Influence,2way,3,80,5G,-115,63,-8,0.0041425459246617,40.307000920885656,21.80770999677541,Intentional
User_44,2025-07-25 00:25:06,0.546,0.6865,Driving,Spinari,Driving_Under_Influence,4way,1,20,3G,-93,47,1,0.0041372559219701,40.305471834848234,21.80784879254074,Intentional
User_43,2025-07-25 01:18:18,0.407,0.6884,Driving,Zep,Driving_Under_Influence,5way,0,20,3G,-98,93,-3,0.0014633522415441,40.27785465776218,21.75253861915352,Intentional
User_33,2025-07-25 02:12:51,0.554,0.6153,Walking,Center,Reckless_Driving,2way,4,90,5G,-82,45,-5,0.0037260377079108,40.32350697202635,21.79057681385087,Intentional
User_65,2025-07-25 02:48:03,0.654,0.6672,Walking,Spinari,Speeding,2way,1,20,4G,-93,98,-10,0.0066844006639829,40.28117027887634,21.75356921173745,Intentional
User_23,2025-07-25 03:43:29,0.532,0.4797,Running,Spinari,Reckless_Driving,2way,0,70,WiFi,-84,91,9,0.0045500380602121,40.27795501345175,21.752967925829076,Intentional
User_66,2025-07-25 04:17:48,0.551,0.5469,Flying,Ligeris,Reckless_Driving,2way,5,60,3G,-103,16,-1,0.0061443000533154,40.30766324311092,21.80798300436111,Intentional
User_83,2025-07-25 05:05:03,0.498,0.4937,Walking,Koila,Driving_Under_Influence,5way,1,60,4G,-120,86,-1,0.0089791520346263,40.32328465592077,21.792602208007125,Intentional
User_78,2025-07-25 09:37:15,0.615,0.62,Swimming,Ligeris,Reckless_Driving,2way,1,40,WiFi,-53,80,12,0.0059040087570382,40.305882682882896,21.806518557458293,Intentional
User_56,2025-07-25 12:21:05,0.449,0.7486,Walking,Zep,Reckless_Driving,5way,0,80,WiFi,-78,88,6,0.0070748650668008,40.28013684328965,21.75273161779942,Intentional
User_82,2025-07-25 21:49:44,0.291,0.446,Flying,Ligeris,Speeding,4way,1,70,3G,-103,42,-10,0.0081520842199495,40.306388233144304,21.80971021474056,Intentional
User_81,2025-07-26 02:16:33,0.307,0.5043,Walking,Spinari,Speeding,2way,1,80,3G,-88,10,2,0.0063134075409272,40.27959420422808,21.75327218480041,Intentional
User_44,2025-07-26 09:16:45,0.546,0.6885,Running,Spinari,Driving_Under_Influence,2way,0,30,3G,-92,69,-3,0.0026567031051333,40.30642999321797,21.808578531934295,Intentional
User_28,2025-07-26 13:04:09,0.311,0.4328,Walking,Koila,Speeding,6way,0,60,5G,-110,68,-2,0.0012364656530184,40.32204826025679,21.79116602650653,Intentional
User_76,2025-07-26 20:15:35,0.251,0.5742,Driving,Zep,Reckless_Driving,5way,0,20,WiFi,-82,69,11,0.0081928308175207,40.27947624646424,21.75415682323459,Intentional
User_78,2025-07-26 22:34:44,0.615,0.622,Driving,Ligeris,Driving_Under_Influence,6way,0,50,3G,-95,58,-9,0.0075672752244833,40.30515472970784,21.80571900097082,Intentional
User_44,2025-07-27 03:25:12,0.546,0.6905,Swimming,Koila,Speeding,2way,1,30,4G,-104,6,-12,0.0077720490061223,40.32225073133486,21.793408339204724,Intentional
User_14,2025-07-27 05:29:01,0.533,0.4956,Driving,Center,Reckless_Driving,1way,0,10,5G,-80,45,10,0.0064853432467229,40.27815206060058,21.75456002054407,Intentional
User_54,2025-07-27 11:12:06,0.482,0.7919,Running,Spinari,Reckless_Driving,1way,3,60,4G,-74,52,-2,0.003778135234541,40.279454551069854,21.75319096885934,Intentional
User_75,2025-07-27 16:36:15,0.65,0.7024,Swimming,Ligeris,Reckless_Driving,1way,2,60,WiFi,-90,63,-10,0.0083634101872555,40.30588778107839,21.807803392471204,Intentional
User_66,2025-07-27 17:56:54,0.551,0.5509,Walking,Center,Speeding,2way,0,10,4G,-113,55,12,0.0065333290229683,40.30560924028435,21.806879748062933,Intentional
User_08,2025-07-28 02:24:51,0.33,0.7279,Driving,Spinari,Reckless_Driving,1way,2,40,5G,-103,50,12,0.0046261302287221,40.30522755552261,21.806474555388185,Intentional
User_40,2025-07-28 02:26:24,0.357,0.5041,Driving,Koila,Driving_Under_Influence,6way,2,20,4G,-101,17,9,0.0088471493507133,40.322608010145075,21.79121589231797,Intentional
User_43,2025-07-28 07:33:58,0.407,0.6954,Walking,Center,Speeding,2way,0,30,3G,-111,67,3,0.0061681841071047,40.28099377484374,21.75387910878308,Intentional
User_34,2025-07-28 08:53:52,0.466,0.5362,Running,Center,Reckless_Driving,1way,1,40,4G,-73,61,11,0.0038682417744581,40.32206799613093,21.791280994878623,Intentional
User_77,2025-07-28 13:17:08,0.369,0.5023,Walking,Center,Driving_Under_Influence,2way,0,20,WiFi,-86,17,-6,0.0083651430083405,40.32222003889458,21.79081715858881,Intentional
User_24,2025-07-28 20:43:02,0.354,0.7568,Flying,Koila,Speeding,2way,2,60,4G,-108,39,-16,0.0070783294481571,40.322277859873445,21.79146480364936,Intentional
User_08,2025-07-29 10:02:47,0.33,0.7289,Flying,Koila,Driving_Under_Influence,1way,0,50,5G,-107,93,-13,0.0085656413009404,40.322542216119544,21.789122793809995,Intentional
User_39,2025-07-29 11:33:42,0.297,0.7464,Driving,Koila,Speeding,5way,3,60,5G,-95,87,5,0.0022105782670006,40.32279014017024,21.79118211335069,Intentional
User_74,2025-07-29 15:00:49,0.564,0.588,Walking,Spinari,Speeding,2way,0,30,3G,-94,54,-10,0.008758465606942,40.30707090802595,21.807419201794776,Intentional
User_74,2025-07-29 21:09:49,0.564,0.589,Walking,Koila,Driving_Under_Influence,6way,0,70,3G,-77,40,4,0.0019763969623586,40.32232202451314,21.791721465407825,Intentional
User_08,2025-07-30 03:13:25,0.33,0.7309,Running,Zep,Driving_Under_Influence,6way,0,40,3G,-85,40,-14,0.0039798830020562,40.279149953491185,21.753159003237194,Intentional
User_74,2025-07-30 07:44:57,0.564,0.59,Walking,Center,Reckless_Driving,2way,2,40,5G,-87,92,11,0.0027732377967952,40.306275498053736,21.809273792643605,Intentional
User_96,2025-07-30 08:08:27,0.308,0.5818,Flying,Zep,Speeding,1way,4,10,5G,-91,58,8,0.0060042627274496,40.27982124014813,21.753316713540553,Intentional
User_22,2025-07-30 08:56:09,0.656,0.5216,Running,Spinari,Speeding,2way,3,60,4G,-107,10,16,0.0070564161432004,40.30619303992881,21.80756781204,Intentional
User_78,2025-07-30 11:58:10,0.615,0.63,Swimming,Ligeris,Reckless_Driving,2way,0,30,WiFi,-85,87,7,0.0083155355202821,40.30769060931446,21.808048989582883,Intentional
User_63,2025-07-30 17:36:31,0.549,0.7893,Driving,Ligeris,Driving_Under_Influence,6way,0,60,3G,-78,51,8,0.0096978043066269,40.30654039329007,21.808967564328412,Intentional
User_60,2025-07-30 17:59:30,0.669,0.4817,Swimming,Zep,Driving_Under_Influence,4way,0,30,5G,-87,96,0,0.0081140889765195,40.27957369449558,21.753232243454697,Intentional
User_55,2025-07-31 01:19:01,0.3,0.7964,Walking,Spinari,Reckless_Driving,2way,2,20,3G,-96,61,-10,0.0094538760801603,40.32313085175558,21.79080497678623,Intentional
User_57,2025-07-31 02:44:04,0.592,0.6758,Swimming,Koila,Speeding,4way,5,10,3G,-115,87,-5,0.0081343377565305,40.32098602676062,21.789841793335256,Intentional
User_09,2025-07-31 02:44:20,0.444,0.5247,Running,Zep,Speeding,6way,0,60,4G,-76,26,0,0.0037598127543104,40.27993570554585,21.75337136557225,Intentional
User_22,2025-07-31 08:36:54,0.656,0.5236,Walking,Zep,Speeding,6way,0,20,WiFi,-81,71,-10,0.0083030042322987,40.279625100196064,21.75306789554776,Intentional
User_87,2025-07-31 09:13:56,0.64,0.7295,Driving,Zep,Driving_Under_Influence,6way,0,80,5G,-95,92,-9,0.0040942142106627,40.279068643320585,21.753758488656416,Intentional
User_68,2025-07-31 12:30:58,0.402,0.6527,Walking,Koila,Reckless_Driving,6way,4,60,WiFi,-53,46,5,0.0073323277834862,40.32216589700646,21.790332556161427,Intentional
User_66,2025-07-31 17:23:42,0.551,0.5599,Walking,Zep,Driving_Under_Influence,6way,1,40,4G,-83,97,14,0.0012781575326326,40.27953783360369,21.753359607156447,Intentional
User_58,2025-07-31 19:10:38,0.744,0.6162,Walking,Koila,Driving_Under_Influence,5way,0,60,5G,-88,18,14,0.0049550416975437,40.32212044872864,21.791209604965086,Intentional
User_41,2025-07-31 21:53:38,0.642,0.7675,Swimming,Zep,Speeding,2way,0,50,3G,-111,93,9,0.0074888286383527,40.2789757855897,21.753682948244343,Intentional
User_34,2025-08-01 09:47:36,0.466,0.5452,Swimming,Koila,Reckless_Driving,2way,1,20,3G,-112,85,-2,0.0090724615020444,40.321656992339605,21.790386354216288,Intentional
User_71,2025-08-01 10:33:10,0.259,0.6852,Running,Koila,Driving_Under_Influence,5way,2,70,4G,-71,24,16,0.0023662052219058,40.32228480523558,21.79115138480598,Intentional
User_33,2025-08-01 12:07:25,0.554,0.6293,Flying,Zep,Reckless_Driving,1way,0,50,3G,-98,46,8,0.0058533462638915,40.279601269133344,21.75317584677001,Intentional
User_68,2025-08-01 12:45:08,0.402,0.6547,Driving,Ligeris,Speeding,6way,2,10,4G,-101,7,4,0.0041818628388261,40.30764785444042,21.806447261883044,Intentional
User_40,2025-08-01 12:59:36,0.357,0.5131,Walking,Koila,Reckless_Driving,6way,1,30,WiFi,-72,18,-12,0.0026327651506224,40.32191905964763,21.791403368142927,Intentional
User_07,2025-08-01 13:15:51,0.47,0.6554,Driving,Zep,Reckless_Driving,5way,1,70,3G,-92,12,15,0.0054127601032134,40.27831511444534,21.75180058040837,Intentional
User_91,2025-08-01 21:53:49,0.716,0.6363,Swimming,Ligeris,Reckless_Driving,2way,0,60,3G,-106,10,15,0.005105301786812,40.306057909884856,21.80813148594584,Intentional
User_99,2025-08-02 06:12:02,0.622,0.5914,Driving,Center,Reckless_Driving,4way,3,60,4G,-81,33,12,0.0012593913169282,40.27974195960726,21.754056996524582,Intentional
User_76,2025-08-02 06:25:12,0.251,0.5882,Walking,Koila,Reckless_Driving,6way,0,30,5G,-88,53,6,0.0097926907337533,40.32211318656181,21.79126927349076,Intentional
User_83,2025-08-02 18:32:21,0.498,0.5107,Driving,Zep,Driving_Under_Influence,6way,1,30,4G,-98,75,-16,0.006008272724342,40.27794146884921,21.753309619251382,Intentional
User_37,2025-08-03 09:57:02,0.696,0.4447,Driving,Ligeris,Speeding,6way,3,50,5G,-102,85,15,0.0038991563773485,40.30632114017146,21.806994470015848,Intentional
User_70,2025-08-03 12:12:43,0.314,0.5991,Running,Spinari,Driving_Under_Influence,4way,0,20,WiFi,-64,89,-12,0.0049616342926875,40.279234321999176,21.7552762875782,Intentional
User_60,2025-08-03 15:28:57,0.669,0.4897,Flying,Ligeris,Driving_Under_Influence,4way,0,60,5G,-112,85,2,0.0028215197092764,40.30696576774173,21.80717952227405,Intentional
User_68,2025-08-03 19:34:03,0.402,0.6597,Driving,Spinari,Speeding,1way,0,60,3G,-79,77,3,0.0012594044301281,40.322206567333986,21.791369784606953,Intentional
User_76,2025-08-03 23:40:47,0.251,0.5902,Walking,Koila,Reckless_Driving,5way,2,40,WiFi,-60,66,8,0.0019920745047779,40.32184064933829,21.791181273550514,Intentional
User_05,2025-08-04 00:52:52,0.307,0.5707,Running,Ligeris,Reckless_Driving,5way,0,30,WiFi,-80,22,16,0.003032780017934,40.306875960683314,21.80949456830284,Intentional
User_99,2025-08-04 02:25:14,0.622,0.5954,Driving,Ligeris,Reckless_Driving,5way,1,80,WiFi,-73,98,12,0.0082130008196197,40.307398122993625,21.807639022673165,Intentional
User_70,2025-08-04 16:22:04,0.314,0.6021,Driving,Center,Driving_Under_Influence,2way,0,40,WiFi,-81,32,-14,0.0060995818950973,40.30695501323777,21.80789071365696,Intentional
User_67,2025-08-04 17:51:28,0.692,0.6701,Swimming,Ligeris,Speeding,2way,0,20,5G,-78,53,8,0.0026718434415443,40.30560379407625,21.806569370460053,Intentional
User_75,2025-08-04 18:58:22,0.65,0.7184,Swimming,Ligeris,Speeding,2way,0,60,5G,-104,54,7,0.0095288501216379,40.30642004294499,21.807891005236087,Intentional
User_65,2025-08-04 19:15:54,0.654,0.6882,Running,Center,Reckless_Driving,2way,0,50,4G,-97,79,-16,0.0061169609972828,40.306269123386585,21.807244514176254,Intentional
User_50,2025-08-04 20:16:23,0.395,0.6564,Driving,Center,Driving_Under_Influence,1way,0,70,5G,-118,74,3,0.001169389546137,40.27936640925142,21.754374142749672,Intentional
User_35,2025-08-05 04:31:51,0.301,0.4905,Walking,Zep,Driving_Under_Influence,6way,0,20,WiFi,-88,16,16,0.0053725642780704,40.28010598372943,21.753673101283855,Intentional
User_74,2025-08-05 05:33:35,0.564,0.602,Flying,Koila,Driving_Under_Influence,2way,0,50,5G,-106,71,-2,0.0057070673107949,40.32193347700233,21.790849977457466,Intentional
User_92,2025-08-05 11:05:56,0.622,0.4424,Flying,Zep,Driving_Under_Influence,2way,0,50,WiFi,-90,33,-3,0.0084375965846333,40.278119143432775,21.75460446051767,Intentional
User_20,2025-08-05 12:33:56,0.625,0.8293,Driving,Ligeris,Reckless_Driving,5way,0,20,3G,-107,6,-13,0.0056965142055035,40.305534485929,21.80717946305324,Intentional
User_73,2025-08-05 15:44:44,0.343,0.8033,Driving,Ligeris,Speeding,6way,1,30,3G,-98,9,10,0.0012410512476639,40.306267254525864,21.805628674108274,Intentional
User_54,2025-08-05 21:23:29,0.482,0.8099,Swimming,Zep,Reckless_Driving,4way,1,50,4G,-104,32,-12,0.0038085591874817,40.27935059090516,21.752199344681163,Intentional
User_51,2025-08-06 03:23:59,0.574,0.5693,Driving,Koila,Speeding,5way,0,50,5G,-90,27,-14,0.0014205362776081,40.32188150646848,21.79274924177628,Intentional
User_46,2025-08-06 12:32:45,0.537,0.6659,Swimming,Zep,Speeding,1way,1,30,5G,-74,49,6,0.0068984847428237,40.279065688953985,21.755024501732557,Intentional
User_76,2025-08-06 12:48:12,0.251,0.5952,Swimming,Koila,Reckless_Driving,2way,1,30,4G,-112,73,13,0.001335245545341,40.32206132173295,21.791201546072237,Intentional
User_64,2025-08-06 14:52:49,0.287,0.4447,Driving,Center,Reckless_Driving,2way,0,70,5G,-120,64,-9,0.0077252969856033,40.30597235750764,21.80813614956821,Intentional
User_65,2025-08-06 15:48:32,0.654,0.6922,Walking,Koila,Speeding,5way,1,50,5G,-75,19,-4,0.0095657812167835,40.3229542333978,21.793141547299715,Intentional
User_74,2025-08-06 18:10:32,0.564,0.605,Driving,Zep,Speeding,5way,3,20,5G,-93,69,-16,0.0016384468039686,40.27928926776539,21.75308497212534,Intentional
User_07,2025-08-06 20:07:41,0.47,0.6664,Walking,Koila,Reckless_Driving,6way,1,40,4G,-115,47,-5,0.0070134776666706,40.32259383368857,21.792415651007925,Intentional
User_93,2025-08-06 22:17:55,0.333,0.8223,Running,Ligeris,Driving_Under_Influence,6way,0,60,WiFi,-68,32,-6,0.0091092552403986,40.30579952164572,21.807860059688355,Intentional
User_38,2025-08-07 06:30:56,0.497,0.7076,Driving,Center,Driving_Under_Influence,4way,0,40,3G,-113,2,-14,0.0031613494892552,40.30458711128415,21.807715651443953,Intentional
User_12,2025-08-07 06:32:21,0.74,0.7191,Running,Ligeris,Speeding,5way,0,70,3G,-120,48,-16,0.0066189829650252,40.3049886551421,21.808901305822623,Intentional
User_14,2025-08-07 13:48:20,0.533,0.5176,Walking,Koila,Speeding,5way,0,40,4G,-87,10,-13,0.0090577095030917,40.3220958259705,21.792287334294297,Intentional
User_16,2025-08-08 03:44:20,0.455,0.7088,Driving,Koila,Reckless_Driving,6way,0,40,4G,-112,93,7,0.0083913280304786,40.321731263037954,21.789958869640287,Intentional
User_100,2025-08-08 03:48:07,0.718,0.779,Swimming,Ligeris,Driving_Under_Influence,2way,1,50,4G,-81,96,5,0.0095832310667358,40.30638067632635,21.80763112566617,Intentional
User_61,2025-08-08 05:40:43,0.304,0.5846,Walking,Center,Speeding,2way,0,30,WiFi,-73,43,11,0.00990664870175,40.30617883795814,21.80748137435568,Intentional
User_28,2025-08-08 11:51:13,0.311,0.4588,Flying,Zep,Speeding,4way,0,30,WiFi,-77,29,4,0.0038233354528842,40.28021737611781,21.754106744249572,Intentional
User_79,2025-08-08 13:10:19,0.326,0.5279,Swimming,Ligeris,Speeding,2way,0,80,3G,-114,78,-13,0.0053147100599799,40.30548223589958,21.807695073126805,Intentional
User_34,2025-08-08 13:51:10,0.466,0.5582,Flying,Ligeris,Driving_Under_Influence,4way,1,50,WiFi,-88,57,-5,0.0070619917793125,40.30667081914806,21.80780009242965,Intentional
User_53,2025-08-09 07:56:28,0.703,0.6343,Swimming,Ligeris,Driving_Under_Influence,2way,3,20,4G,-96,46,-14,0.0014139327397561,40.30746091310468,21.808496199493938,Intentional
User_57,2025-08-09 12:50:10,0.592,0.6948,Running,Center,Reckless_Driving,1way,1,10,5G,-90,90,6,0.0086709442260711,40.30634399932947,21.80836464669869,Intentional
User_43,2025-08-09 15:20:26,0.407,0.7194,Running,Spinari,Reckless_Driving,2way,0,70,WiFi,-55,19,1,0.0070607360511095,40.32137558705883,21.78934394034419,Intentional
User_51,2025-08-09 16:05:08,0.574,0.5763,Walking,Ligeris,Speeding,6way,1,40,WiFi,-83,55,-15,0.0039308345562187,40.306270630429275,21.807482909215736,Intentional
User_32,2025-08-10 05:14:23,0.684,0.5423,Flying,Koila,Reckless_Driving,2way,0,80,WiFi,-78,44,-11,0.0085784123634774,40.32229309539263,21.791196578761404,Intentional
User_21,2025-08-10 10:47:50,0.256,0.6546,Running,Spinari,Driving_Under_Influence,2way,0,20,WiFi,-61,42,6,0.0039745003297349,40.28038830275415,21.75456219685082,Intentional
User_64,2025-08-10 12:21:42,0.287,0.4517,Walking,Ligeris,Driving_Under_Influence,6way,0,70,WiFi,-90,64,-3,0.0045850744511247,40.30619326830618,21.80735838036577,Intentional
User_30,2025-08-11 06:46:26,0.478,0.6481,Flying,Zep,Speeding,2way,0,70,5G,-71,32,13,0.0041855563135906,40.27884374227431,21.752795465122983,Intentional
User_97,2025-08-11 10:11:42,0.737,0.6576,Swimming,Zep,Driving_Under_Influence,1way,1,40,WiFi,-85,8,11,0.0039836948272494,40.27954255051021,21.7528302625995,Intentional
User_02,2025-08-11 12:05:17,0.477,0.6414,Swimming,Koila,Driving_Under_Influence,2way,1,20,3G,-71,25,-16,0.0029826252837875,40.32124715627692,21.790989857995367,Intentional
User_09,2025-08-11 13:26:53,0.444,0.5467,Running,Ligeris,Speeding,5way,0,70,4G,-93,49,-12,0.0045489949361244,40.30588435256517,21.808373515797747,Intentional
User_87,2025-08-11 17:23:47,0.64,0.7515,Flying,Koila,Speeding,2way,0,80,4G,-103,90,-12,0.003152558335871,40.32271461184673,21.791117282672335,Intentional
User_08,2025-08-11 18:46:43,0.33,0.7559,Walking,Ligeris,Speeding,5way,0,20,5G,-74,9,-4,0.0032411556568322,40.305673585637045,21.80884240681449,Intentional
User_57,2025-08-11 22:51:08,0.592,0.6988,Driving,Koila,Reckless_Driving,5way,1,50,3G,-83,31,13,0.0026313157662934,40.322693129989496,21.79142661711478,Intentional
User_28,2025-08-12 05:42:16,0.311,0.4658,Running,Ligeris,Reckless_Driving,6way,0,50,WiFi,-65,42,-8,0.0032224593159473,40.30636395413271,21.80757420352655,Intentional
User_51,2025-08-12 14:02:26,0.574,0.5813,Swimming,Ligeris,Reckless_Driving,2way,3,30,3G,-108,13,15,0.0049566295641,40.30480767964927,21.80827669675207,Intentional
User_46,2025-08-12 14:10:56,0.537,0.6769,Flying,Zep,Driving_Under_Influence,2way,3,50,5G,-90,84,1,0.0086429765540591,40.28037401489027,21.754744373040783,Intentional
User_15,2025-08-12 15:45:06,0.369,0.4868,Swimming,Koila,Speeding,2way,1,10,5G,-74,14,1,0.0041207295848665,40.32240033244717,21.79271194483636,Intentional
User_55,2025-08-13 00:37:33,0.3,0.8224,Driving,Koila,Driving_Under_Influence,5way,1,40,3G,-81,95,-10,0.0056610805652564,40.32274921993604,21.792854845619683,Intentional
User_30,2025-08-13 02:57:26,0.478,0.6511,Walking,Koila,Speeding,6way,0,30,WiFi,-55,96,-4,0.0037100220188375,40.322435148382176,21.790001325623763,Intentional
User_79,2025-08-13 04:21:51,0.326,0.5369,Swimming,Ligeris,Reckless_Driving,1way,1,30,4G,-119,29,3,0.0029622500603818,40.306231467134694,21.80755304413823,Intentional
User_45,2025-08-13 04:38:37,0.693,0.6444,Running,Spinari,Speeding,2way,1,40,WiFi,-59,31,2,0.0038399421986104,40.27920261367537,21.754112293096725,Intentional
User_09,2025-08-13 11:41:31,0.444,0.5517,Flying,Zep,Speeding,2way,0,70,WiFi,-77,52,-12,0.0051445073758243,40.2808219261679,21.754483688605916,Intentional
User_89,2025-08-14 03:42:04,0.606,0.8432,Flying,Koila,Reckless_Driving,2way,1,80,4G,-106,48,15,0.004265434494295,40.32300355332648,21.791901361315965,Intentional
User_71,2025-08-14 06:05:04,0.259,0.7112,Running,Center,Speeding,2way,1,20,5G,-93,55,13,0.0034541116593684,40.30630966129915,21.808094554354856,Intentional
User_43,2025-08-14 09:15:19,0.407,0.7294,Walking,Koila,Speeding,5way,0,40,WiFi,-86,77,-11,0.008736320366106,40.32219929726886,21.79289444588226,Intentional
User_30,2025-08-14 10:18:14,0.478,0.6541,Flying,Zep,Driving_Under_Influence,2way,1,70,4G,-102,66,10,0.0071930908445925,40.27978744680906,21.75485135249839,Intentional
User_23,2025-08-14 14:28:55,0.532,0.5197,Flying,Ligeris,Reckless_Driving,2way,1,40,3G,-83,45,-14,0.0027830924621936,40.30622940816649,21.80712626725942,Intentional
User_25,2025-08-14 18:41:41,0.352,0.5163,Running,Spinari,Reckless_Driving,4way,2,60,5G,-105,37,0,0.0023086738595532,40.30741876345683,21.808189893299502,Intentional
User_59,2025-08-15 03:58:42,0.521,0.5723,Flying,Koila,Reckless_Driving,1way,0,50,3G,-91,42,6,0.0043031706838458,40.3213638191192,21.79150619608273,Intentional
User_75,2025-08-15 04:57:24,0.65,0.7394,Swimming,Zep,Driving_Under_Influence,4way,2,90,4G,-90,8,-15,0.0099119429772845,40.27967095197168,21.75325675922526,Intentional
User_06,2025-08-15 05:24:02,0.573,0.6807,Swimming,Zep,Driving_Under_Influence,1way,3,80,WiFi,-64,12,-12,0.0098450313603249,40.27977551431679,21.753746458615623,Intentional
User_59,2025-08-15 11:46:15,0.521,0.5733,Driving,Ligeris,Driving_Under_Influence,5way,4,40,4G,-96,96,8,0.0045078949992594,40.30578435049326,21.80713309199075,Intentional
User_34,2025-08-15 11:53:35,0.466,0.5732,Driving,Zep,Reckless_Driving,6way,0,80,WiFi,-90,0,1,0.006473378813769,40.27912351759386,21.75365568184943,Intentional
User_74,2025-08-15 12:26:36,0.564,0.622,Walking,Center,Driving_Under_Influence,4way,1,50,4G,-114,98,-14,0.0052147225533987,40.304856972074624,21.807443522650757,Intentional
User_88,2025-08-15 15:20:27,0.421,0.7942,Walking,Zep,Reckless_Driving,6way,1,20,WiFi,-54,96,-1,0.0083575362017398,40.279815494943115,21.75281307229406,Intentional
User_79,2025-08-15 15:39:04,0.326,0.5409,Running,Koila,Reckless_Driving,6way,2,20,3G,-98,33,-13,0.003013412204167,40.32190758306814,21.79214027204982,Intentional
User_08,2025-08-16 02:44:54,0.33,0.7649,Running,Ligeris,Driving_Under_Influence,6way,5,60,5G,-115,100,5,0.0031640529285699,40.30592034833805,21.808092013400817,Intentional
User_79,2025-08-16 03:02:04,0.326,0.5429,Walking,Spinari,Reckless_Driving,1way,0,80,4G,-75,42,16,0.0077677026241256,40.30650327718974,21.80778306223721,Intentional
User_66,2025-08-16 12:44:01,0.551,0.5919,Flying,Koila,Speeding,2way,0,10,4G,-113,8,-13,0.0042893961262195,40.322122577349,21.79113720773842,Intentional
User_18,2025-08-16 12:52:21,0.669,0.6134,Walking,Center,Driving_Under_Influence,2way,2,80,5G,-112,77,4,0.0055321200916766,40.306216142898315,21.80711591451589,Intentional
User_33,2025-08-16 16:07:51,0.554,0.6603,Driving,Zep,Reckless_Driving,5way,0,40,3G,-91,13,12,0.0040777021209565,40.28056291267573,21.753375295173647,Intentional
User_74,2025-08-16 19:03:30,0.564,0.624,Walking,Center,Speeding,2way,0,60,5G,-89,96,-13,0.0073314789005265,40.27933321187314,21.75369470598047,Intentional
User_05,2025-08-17 01:04:58,0.307,0.5967,Walking,Spinari,Reckless_Driving,2way,4,30,4G,-109,81,-9,0.0047630519997921,40.28059923158369,21.75316159736905,Intentional
User_92,2025-08-17 01:07:59,0.622,0.4664,Swimming,Zep,Driving_Under_Influence,2way,1,10,WiFi,-50,69,-6,0.0039509663903924,40.280361637613,21.754536632441855,Intentional
User_22,2025-08-17 02:47:04,0.656,0.5576,Swimming,Zep,Driving_Under_Influence,2way,1,60,3G,-81,19,16,0.0033291322815059,40.27926138456935,21.75418855950778,Intentional
User_93,2025-08-17 13:53:26,0.333,0.8443,Walking,Zep,Driving_Under_Influence,5way,0,90,5G,-79,79,-15,0.0050454702939021,40.2795615103542,21.75499521545012,Intentional
User_22,2025-08-17 18:38:29,0.656,0.5586,Flying,Zep,Speeding,2way,1,70,4G,-76,58,10,0.0090082540480203,40.278914779630625,21.753627575133255,Intentional
User_98,2025-08-18 00:59:17,0.734,0.605,Walking,Spinari,Driving_Under_Influence,1way,2,60,5G,-94,92,13,0.0052930201914465,40.32312843328862,21.789756363273128,Intentional
User_93,2025-08-18 01:28:17,0.333,0.8453,Driving,Zep,Driving_Under_Influence,6way,0,30,3G,-93,4,12,0.0074372098361452,40.27905405806313,21.753825282412834,Intentional
User_08,2025-08-18 05:05:50,0.33,0.7689,Walking,Zep,Driving_Under_Influence,6way,0,40,4G,-108,6,4,0.0084852989960988,40.279141001370185,21.753586959145903,Intentional
User_86,2025-08-18 09:01:46,0.343,0.6738,Swimming,Koila,Speeding,1way,0,60,WiFi,-57,48,-9,0.0042706632949151,40.32214631349277,21.79183324839054,Intentional
User_88,2025-08-18 09:33:00,0.421,0.8002,Driving,Spinari,Speeding,4way,1,110,WiFi,-56,69,-14,0.001507876680351,40.27947270857685,21.752050844735457,Intentional
User_40,2025-08-18 09:43:31,0.357,0.5461,Driving,Center,Speeding,1way,0,70,3G,-75,21,5,0.0037513231964833,40.27943858352136,21.752620159260136,Intentional
User_13,2025-08-18 23:36:52,0.738,0.7333,Flying,Zep,Driving_Under_Influence,1way,0,50,WiFi,-86,65,10,0.0045141374507601,40.27913217508244,21.75343637145553,Intentional
User_87,2025-08-19 06:30:39,0.64,0.7665,Flying,Ligeris,Reckless_Driving,1way,2,20,3G,-84,19,16,0.0040252442940955,40.305842377681586,21.807918692004407,Intentional
User_66,2025-08-19 07:17:12,0.551,0.5969,Walking,Koila,Driving_Under_Influence,5way,0,30,WiFi,-70,48,-16,0.0057020547855355,40.3216516211922,21.793426745825972,Intentional
User_37,2025-08-19 11:22:32,0.696,0.4757,Running,Center,Driving_Under_Influence,1way,0,50,WiFi,-72,59,-14,0.0089581719577003,40.30579956188822,21.809696759176045,Intentional
User_33,2025-08-19 15:16:48,0.554,0.6663,Walking,Koila,Reckless_Driving,5way,0,40,WiFi,-85,55,1,0.0038487684820081,40.32187086972891,21.79176105836557,Intentional
User_49,2025-08-19 18:01:43,0.462,0.6317,Flying,Koila,Speeding,2way,1,60,3G,-115,63,-12,0.0077196908270979,40.323359176526154,21.792362790309685,Intentional
User_72,2025-08-19 20:42:25,0.359,0.7788,Walking,Spinari,Reckless_Driving,1way,3,80,5G,-119,0,5,0.0068601615824372,40.32124513680767,21.79135733653285,Intentional
User_95,2025-08-19 22:25:13,0.36,0.7369,Running,Center,Driving_Under_Influence,2way,0,30,3G,-100,20,-14,0.0077338227913477,40.27953680334653,21.75492808645798,Intentional
User_21,2025-08-20 09:25:44,0.256,0.6746,Driving,Ligeris,Speeding,6way,0,60,WiFi,-73,60,-16,0.0093844813163426,40.30567592289377,21.80617412927032,Intentional
User_22,2025-08-20 14:13:39,0.656,0.5646,Walking,Koila,Speeding,6way,1,10,3G,-119,33,-9,0.0041124610990665,40.32176725921186,21.7912706348891,Intentional
User_74,2025-08-20 15:33:00,0.564,0.633,Running,Zep,Driving_Under_Influence,5way,2,60,4G,-78,85,-5,0.0073526081098959,40.27913028562695,21.753886325015877,Intentional
User_24,2025-08-20 18:25:52,0.354,0.8028,Driving,Zep,Driving_Under_Influence,5way,1,20,WiFi,-76,30,-16,0.0070068343831858,40.27960398151911,21.753262663083728,Intentional
User_98,2025-08-20 20:08:18,0.734,0.61,Flying,Koila,Driving_Under_Influence,2way,1,80,4G,-100,12,13,0.0094536718922835,40.32197187589936,21.790162600397547,Intentional
User_43,2025-08-20 21:03:48,0.407,0.7414,Walking,Ligeris,Speeding,5way,0,20,4G,-80,1,13,0.0083705518068414,40.3048205410788,21.80831939678364,Intentional
User_06,2025-08-20 21:06:58,0.573,0.6917,Flying,Zep,Reckless_Driving,4way,1,40,WiFi,-65,88,14,0.0073218322847542,40.27889566548857,21.752977539718472,Intentional
User_77,2025-08-20 22:42:44,0.369,0.5493,Driving,Spinari,Driving_Under_Influence,1way,0,60,5G,-101,96,-12,0.0012676777663663,40.32191751563117,21.791163229593167,Intentional
User_65,2025-08-21 01:11:41,0.654,0.7212,Walking,Center,Reckless_Driving,1way,0,60,WiFi,-81,5,-4,0.0048688293620154,40.30713078306867,21.808343106901095,Intentional
User_15,2025-08-21 11:20:22,0.369,0.5048,Driving,Center,Driving_Under_Influence,2way,2,20,5G,-115,79,0,0.0071106741093949,40.30675634726812,21.805780506607057,Intentional
User_93,2025-08-21 19:35:24,0.333,0.8523,Walking,Zep,Driving_Under_Influence,5way,0,30,WiFi,-51,88,11,0.0060989552615685,40.279613885258414,21.753487418336093,Intentional
User_05,2025-08-22 08:59:47,0.307,0.6067,Flying,Ligeris,Driving_Under_Influence,1way,0,90,5G,-92,59,-3,0.0070846557119399,40.30629093069875,21.808497914654165,Intentional
User_91,2025-08-22 16:33:22,0.716,0.6783,Driving,Zep,Speeding,5way,0,50,5G,-117,45,16,0.0096921329514301,40.27888421334332,21.751747037050546,Intentional
User_74,2025-08-23 00:34:25,0.564,0.638,Swimming,Ligeris,Reckless_Driving,1way,4,50,3G,-88,100,12,0.0017500959744297,40.30483106238203,21.808110600493443,Intentional
User_03,2025-08-23 01:08:08,0.47,0.7702,Walking,Ligeris,Reckless_Driving,6way,0,50,5G,-79,96,-12,0.0012221535122102,40.30613255886661,21.806555017758324,Intentional
User_45,2025-08-23 11:38:42,0.693,0.6654,Walking,Spinari,Speeding,4way,1,30,4G,-116,10,-16,0.0093720094301314,40.27943464941667,21.754245896187346,Intentional
User_60,2025-08-24 06:45:37,0.669,0.5317,Running,Center,Driving_Under_Influence,4way,3,120,4G,-75,48,6,0.0033715968999298,40.32239271612917,21.79252254096132,Intentional
User_99,2025-08-24 09:43:50,0.622,0.6354,Flying,Koila,Driving_Under_Influence,4way,1,20,4G,-91,46,15,0.0015099802890321,40.32174979681452,21.791602124945243,Intentional
User_63,2025-08-24 12:55:14,0.549,0.8403,Walking,Koila,Reckless_Driving,6way,3,40,5G,-112,23,-8,0.0046495628108279,40.32221248930192,21.7912565201911,Intentional
User_08,2025-08-24 18:14:12,0.33,0.7809,Running,Ligeris,Driving_Under_Influence,5way,0,80,3G,-103,38,-16,0.0076363175954582,40.30732124873791,21.808274394973783,Intentional
User_05,2025-08-24 20:35:16,0.307,0.6117,Flying,Zep,Driving_Under_Influence,4way,1,40,WiFi,-79,7,1,0.0050016691899453,40.2784617683972,21.753082153323252,Intentional
User_66,2025-08-25 05:04:39,0.551,0.6099,Driving,Spinari,Reckless_Driving,2way,1,70,WiFi,-86,65,-1,0.0046229480587367,40.32127266989275,21.790524229741372,Intentional
User_86,2025-08-26 02:27:52,0.343,0.6888,Walking,Ligeris,Reckless_Driving,6way,1,50,3G,-81,93,-3,0.0024523742541714,40.3050941942789,21.805921438933133,Intentional
User_26,2025-08-26 05:34:20,0.495,0.7223,Driving,Spinari,Speeding,2way,1,50,5G,-102,41,-16,0.0086278853429652,40.30630257845149,21.807455361100136,Intentional
User_83,2025-08-26 12:50:04,0.498,0.5587,Running,Center,Driving_Under_Influence,4way,0,70,4G,-73,36,-15,0.0068235625528626,40.323620707930274,21.79164340719207,Intentional
User_94,2025-08-27 07:05:03,0.459,0.481,Driving,Center,Driving_Under_Influence,4way,2,20,WiFi,-67,40,1,0.0047388223913286,40.27967051084045,21.753089079640645,Intentional
User_49,2025-08-27 15:44:23,0.462,0.6467,Driving,Zep,Reckless_Driving,6way,0,20,4G,-114,85,-3,0.0086675369294406,40.27965927333869,21.75324206296147,Intentional
User_79,2025-08-27 23:20:48,0.326,0.5659,Running,Center,Driving_Under_Influence,4way,0,20,5G,-110,14,10,0.0030906139768283,40.27900815902754,21.753128432099263,Intentional
User_47,2025-08-27 23:24:53,0.345,0.603,Driving,Spinari,Speeding,4way,1,110,5G,-95,93,11,0.0061213459473221,40.28089700137495,21.75301021473536,Intentional
User_55,2025-08-28 10:37:57,0.3,0.8524,Driving,Center,Driving_Under_Influence,2way,0,30,4G,-73,36,10,0.0019236041807875,40.32234963340599,21.79005094264208,Intentional
User_65,2025-08-28 12:45:36,0.654,0.7352,Flying,Koila,Reckless_Driving,2way,4,110,4G,-93,39,-10,0.0080224785997012,40.3232333283913,21.79100619218871,Intentional
User_12,2025-08-28 22:04:50,0.74,0.7621,Driving,Center,Reckless_Driving,2way,0,40,3G,-87,31,9,0.0016534051566397,40.32036326844518,21.79119678292869,Intentional
User_60,2025-08-29 04:22:20,0.669,0.5407,Running,Center,Speeding,2way,1,50,4G,-72,27,14,0.0010793310032916,40.321833775884606,21.79088478928416,Intentional
User_10,2025-08-30 02:53:50,0.35,0.7735,Driving,Spinari,Reckless_Driving,2way,2,60,WiFi,-81,12,-7,0.0042620391193039,40.32363364978168,21.792341157349387,Intentional
User_72,2025-08-30 03:59:21,0.359,0.7998,Driving,Center,Reckless_Driving,2way,1,90,4G,-115,17,-13,0.0092678452652084,40.32267810150664,21.79228370980052,Intentional
User_100,2025-08-30 05:15:14,0.718,0.823,Running,Spinari,Reckless_Driving,1way,1,90,5G,-72,96,0,0.0078890712593726,40.32377192421684,21.791356784181996,Intentional
User_79,2025-08-30 18:21:05,0.326,0.5709,Driving,Zep,Speeding,5way,0,20,3G,-120,0,-12,0.0017768107583562,40.28008152714096,21.753737792480557,Intentional
User_53,2025-08-30 18:34:10,0.703,0.6763,Running,Zep,Reckless_Driving,5way,4,50,5G,-94,53,-4,0.0081107990680794,40.280684117028,21.75507329200258,Intentional
User_26,2025-08-30 23:46:30,0.495,0.7313,Driving,Ligeris,Driving_Under_Influence,5way,3,10,5G,-96,42,14,0.0028952993100177,40.30623675607949,21.807823632345528,Intentional
User_72,2025-08-31 03:20:31,0.359,0.8018,Flying,Ligeris,Driving_Under_Influence,2way,0,40,3G,-83,61,3,0.0043471719037532,40.306540418994686,21.8077700150498,Intentional
User_75,2025-08-31 10:47:05,0.65,0.7724,Walking,Center,Reckless_Driving,1way,0,50,3G,-90,44,13,0.0024940437336812,40.306192187738105,21.807477887646183,Intentional
User_13,2025-08-31 19:56:27,0.738,0.7593,Driving,Koila,Driving_Under_Influence,6way,0,20,5G,-117,3,11,0.0041234373953567,40.32179676463833,21.792117193256843,Intentional
User_39,2025-08-31 20:34:43,0.297,0.8134,Flying,Zep,Driving_Under_Influence,4way,1,60,WiFi,-51,89,-15,0.0087471520475508,40.279641266334345,21.753116158268167,Intentional
User_90,2025-09-01 01:11:41,0.395,0.5978,Driving,Koila,Speeding,5way,1,30,5G,-75,42,-3,0.0072704088111605,40.32247369203969,21.79110694367527,Intentional
User_92,2025-09-01 08:37:02,0.622,0.4974,Running,Spinari,Driving_Under_Influence,4way,2,80,3G,-90,82,-8,0.008973877649268,40.30721881134323,21.80839119954158,Intentional
User_95,2025-09-01 09:36:51,0.36,0.7619,Flying,Koila,Driving_Under_Influence,1way,0,70,4G,-111,97,5,0.0025282427097632,40.32206992009861,21.79105349671528,Intentional
User_62,2025-09-01 13:45:30,0.471,0.595,Flying,Koila,Driving_Under_Influence,2way,0,10,3G,-74,16,0,0.0034555328131735,40.323499358125275,21.79140465719109,Intentional
User_23,2025-09-01 14:55:38,0.532,0.5557,Swimming,Koila,Speeding,4way,0,50,3G,-86,72,-13,0.001749666497098,40.322035707219065,21.79135602536182,Intentional
User_37,2025-09-01 18:53:24,0.696,0.5027,Walking,Spinari,Speeding,4way,1,30,5G,-104,38,15,0.0053838207560961,40.27926194454051,21.753555552974547,Intentional
User_05,2025-09-01 21:51:05,0.307,0.6277,Running,Center,Driving_Under_Influence,2way,1,80,3G,-77,81,4,0.0036723019753507,40.30667724209323,21.806478842986387,Intentional
User_55,2025-09-01 22:04:31,0.3,0.8614,Walking,Koila,Speeding,6way,1,50,WiFi,-67,66,10,0.0047320823758272,40.32107554169381,21.792818320474034,Intentional
User_97,2025-09-02 02:16:34,0.737,0.7016,Driving,Ligeris,Reckless_Driving,5way,0,50,4G,-113,91,-16,0.0013936834350225,40.30732289817812,21.808133872930572,Intentional
User_60,2025-09-02 09:14:34,0.669,0.5497,Walking,Zep,Speeding,5way,0,60,3G,-110,16,15,0.0043388911129375,40.279274279776814,21.75308414794818,Intentional
User_44,2025-09-02 09:31:14,0.546,0.7645,Flying,Zep,Reckless_Driving,1way,2,70,3G,-76,60,-11,0.0028830564622508,40.28032414790432,21.755355434376764,Intentional
User_73,2025-09-02 12:50:52,0.343,0.8603,Flying,Ligeris,Reckless_Driving,1way,1,40,5G,-105,28,2,0.0064777202929593,40.30595452526011,21.8085072390817,Intentional
User_76,2025-09-02 15:30:25,0.251,0.6492,Flying,Ligeris,Speeding,4way,0,50,4G,-114,40,-12,0.0059262086267536,40.30664132443041,21.806801923669155,Intentional
User_92,2025-09-02 18:40:08,0.622,0.4994,Running,Spinari,Driving_Under_Influence,2way,1,70,5G,-99,38,-10,0.0074332740936999,40.32087294864451,21.79021089956328,Intentional
User_95,2025-09-03 08:24:46,0.36,0.7659,Running,Ligeris,Driving_Under_Influence,5way,0,60,5G,-96,9,-2,0.0014974420747818,40.30604019036424,21.808336442362187,Intentional
User_78,2025-09-03 08:37:30,0.615,0.699,Swimming,Koila,Reckless_Driving,4way,1,40,WiFi,-81,16,16,0.0022381747951758,40.32155242591636,21.79122135744123,Intentional
User_69,2025-09-03 14:36:51,0.667,0.5961,Driving,Spinari,Speeding,2way,0,70,5G,-81,71,6,0.0065236648593821,40.27990583792783,21.751461627602954,Intentional
User_98,2025-09-03 20:48:41,0.734,0.638,Running,Koila,Speeding,5way,0,20,5G,-72,23,11,0.0088657049302851,40.32342786506333,21.79230700851049,Intentional
User_64,2025-09-04 00:32:12,0.287,0.5017,Flying,Zep,Driving_Under_Influence,2way,1,40,WiFi,-81,85,12,0.0075373750220069,40.278742787412426,21.753910869359512,Intentional
User_05,2025-09-04 03:49:50,0.307,0.6327,Flying,Koila,Reckless_Driving,1way,0,60,WiFi,-78,81,10,0.0085015417934287,40.32326567004006,21.791612198633075,Intentional
User_17,2025-09-04 13:38:32,0.439,0.8666,Swimming,Zep,Speeding,1way,0,40,3G,-97,96,-15,0.001538963890694,40.28019043898588,21.754738198344132,Intentional
User_12,2025-09-04 15:24:50,0.74,0.7761,Driving,Ligeris,Reckless_Driving,5way,1,30,3G,-73,51,8,0.0085230588559986,40.30619005327869,21.80763530888716,Intentional
User_66,2025-09-04 17:36:38,0.551,0.6289,Driving,Center,Reckless_Driving,2way,0,40,3G,-116,9,-13,0.0011657640887341,40.2795279716233,21.753322770681027,Intentional
User_96,2025-09-04 17:55:53,0.308,0.6548,Flying,Ligeris,Driving_Under_Influence,4way,0,10,3G,-82,66,2,0.0082222481073569,40.30539767131376,21.8086087807079,Intentional
User_51,2025-09-04 20:49:14,0.574,0.6283,Swimming,Zep,Driving_Under_Influence,1way,1,70,4G,-105,84,9,0.0097812260860473,40.27808471390907,21.754536040018696,Intentional
User_56,2025-09-05 12:40:00,0.449,0.8326,Flying,Zep,Reckless_Driving,4way,2,60,4G,-100,67,-6,0.0077165600358857,40.28030423756517,21.752148757928826,Intentional
User_31,2025-09-05 14:00:18,0.293,0.8947,Flying,Zep,Speeding,2way,1,30,WiFi,-55,55,2,0.0030344270820881,40.280872272857195,21.75449685198043,Intentional
User_74,2025-09-05 17:43:46,0.564,0.664,Running,Spinari,Speeding,4way,0,70,5G,-113,21,-5,0.0040624462102688,40.32211142255369,21.79127227960598,Intentional
User_97,2025-09-05 18:43:25,0.737,0.7086,Walking,Spinari,Reckless_Driving,2way,0,40,3G,-108,38,1,0.002112808937307,40.27918594643386,21.75313903388486,Intentional
User_57,2025-09-05 19:53:38,0.592,0.7488,Flying,Zep,Speeding,1way,2,40,WiFi,-69,69,-16,0.0049108541005494,40.279847894200934,21.75422647977999,Intentional
User_100,2025-09-05 23:56:22,0.718,0.835,Swimming,Koila,Reckless_Driving,2way,2,10,4G,-74,21,7,0.0048597957413462,40.32175283428746,21.79227406803836,Intentional
User_50,2025-09-06 03:26:33,0.395,0.7214,Walking,Koila,Speeding,6way,5,30,WiFi,-71,36,-8,0.0066318950573237,40.32292690911732,21.79276216370689,Intentional
User_15,2025-09-06 09:48:53,0.369,0.5378,Swimming,Ligeris,Driving_Under_Influence,2way,1,40,3G,-115,89,-3,0.0092990558148617,40.30749866700522,21.80798865313773,Intentional
User_86,2025-09-06 10:44:44,0.343,0.7108,Walking,Ligeris,Driving_Under_Influence,5way,1,90,WiFi,-76,2,13,0.0070665980889135,40.30512002904621,21.80715199983975,Intentional
User_13,2025-09-06 10:51:50,0.738,0.7713,Running,Ligeris,Driving_Under_Influence,5way,1,80,WiFi,-77,60,10,0.0095999012903561,40.306134416154435,21.80739970075548,Intentional
User_04,2025-09-06 20:49:39,0.619,0.8235,Swimming,Koila,Reckless_Driving,4way,0,30,WiFi,-50,15,1,0.0094238586986402,40.322094160080624,21.790633282637007,Intentional
User_42,2025-09-07 06:57:06,0.544,0.8663,Swimming,Ligeris,Driving_Under_Influence,2way,1,60,5G,-82,17,16,0.0043644651408611,40.30680174652544,21.807588260085613,Intentional
User_15,2025-09-07 08:35:55,0.369,0.5388,Driving,Ligeris,Driving_Under_Influence,5way,1,10,5G,-81,14,12,0.0044107326955442,40.30604574642439,21.80879625374825,Intentional
User_04,2025-09-07 18:55:04,0.619,0.8255,Flying,Ligeris,Reckless_Driving,1way,1,20,3G,-98,99,4,0.0088160120076552,40.30582975051866,21.805586096529645,Intentional
User_01,2025-09-07 22:28:11,0.581,0.8727,Running,Spinari,Driving_Under_Influence,2way,0,60,3G,-92,67,13,0.0084493322713047,40.28057257585095,21.753825835409913,Intentional
User_34,2025-09-08 00:30:20,0.466,0.6202,Walking,Spinari,Speeding,2way,1,10,4G,-118,79,16,0.0091934289463838,40.32257843048857,21.79270658739111,Intentional
User_04,2025-09-08 12:22:05,0.619,0.8275,Flying,Zep,Driving_Under_Influence,2way,0,30,5G,-98,9,-2,0.006272562820843,40.27948988373498,21.75377124769657,Intentional
User_69,2025-09-08 23:31:13,0.667,0.6071,Running,Zep,Reckless_Driving,6way,0,10,5G,-89,4,10,0.0092697028414535,40.278734326273934,21.752657799276104,Intentional
User_04,2025-09-09 06:58:09,0.619,0.8285,Flying,Koila,Driving_Under_Influence,2way,0,80,WiFi,-88,55,14,0.0015026024569546,40.321347701819235,21.790503818225535,Intentional
User_40,2025-09-09 14:29:50,0.357,0.5911,Driving,Center,Speeding,1way,4,40,4G,-98,96,0,0.0041091756938558,40.32290401730874,21.79167641850847,Intentional
User_80,2025-09-09 18:56:26,0.447,0.8306,Walking,Spinari,Driving_Under_Influence,2way,0,90,WiFi,-68,9,13,0.0022233019496639,40.322563304028826,21.791375875011717,Intentional
User_16,2025-09-09 18:57:01,0.455,0.7738,Walking,Center,Reckless_Driving,1way,0,60,4G,-82,73,5,0.006136580531219,40.30619232348532,21.807554321273543,Intentional
User_35,2025-09-09 20:14:11,0.301,0.5605,Walking,Zep,Speeding,5way,1,10,4G,-90,3,-2,0.0084670729160001,40.28044006508879,21.754980897485332,Intentional
User_11,2025-09-09 23:27:46,0.263,0.8558,Driving,Zep,Speeding,5way,0,30,4G,-85,43,-14,0.0032207441212211,40.277837065322785,21.752724729523216,Intentional
User_63,2025-09-10 07:06:57,0.549,0.8733,Driving,Koila,Reckless_Driving,6way,0,30,4G,-102,43,7,0.0078568623827455,40.32096939542196,21.792046632874367,Intentional
User_06,2025-09-10 16:19:55,0.573,0.7337,Flying,Koila,Speeding,1way,0,20,WiFi,-58,62,2,0.0072161414131238,40.32308245218311,21.790834105217098,Intentional
User_47,2025-09-10 17:06:59,0.345,0.631,Flying,Koila,Driving_Under_Influence,2way,0,70,WiFi,-77,63,0,0.0075844341823435,40.323166465372154,21.79245017880737,Intentional
User_82,2025-09-11 01:20:19,0.291,0.541,Walking,Ligeris,Speeding,5way,0,30,WiFi,-66,34,12,0.0022546286376419,40.30662279296134,21.80781593946189,Intentional
User_45,2025-09-11 07:23:38,0.693,0.7024,Driving,Spinari,Reckless_Driving,4way,2,20,WiFi,-60,78,5,0.0069595400329623,40.27972151865061,21.75307533535026,Intentional
User_84,2025-09-11 08:16:50,0.488,0.6974,Running,Center,Speeding,2way,1,50,WiFi,-75,6,-15,0.0043938605583568,40.27917510717967,21.754097719084363,Intentional
User_04,2025-09-11 08:38:37,0.619,0.8325,Swimming,Ligeris,Speeding,2way,0,20,WiFi,-68,58,12,0.0014510709597372,40.306242473507446,21.80705600743015,Intentional
User_72,2025-09-11 20:04:33,0.359,0.8238,Walking,Koila,Driving_Under_Influence,6way,0,50,3G,-80,91,12,0.0072356179722099,40.32259969925395,21.791299907428716,Intentional
User_24,2025-09-12 07:00:51,0.354,0.8478,Flying,Ligeris,Speeding,1way,1,60,5G,-71,45,14,0.0021804156707668,40.30497467503371,21.80776430731631,Intentional
User_33,2025-09-12 16:02:16,0.554,0.7143,Walking,Koila,Driving_Under_Influence,6way,0,30,3G,-88,0,12,0.0056203039526949,40.320309046048486,21.791563451575,Intentional
User_92,2025-09-12 21:35:59,0.622,0.5194,Running,Zep,Speeding,5way,0,50,4G,-105,81,2,0.0057195988848339,40.27964437932661,21.75284959945379,Intentional
User_50,2025-09-12 22:53:26,0.395,0.7344,Walking,Center,Reckless_Driving,1way,3,100,3G,-94,2,2,0.0059411945327672,40.30549570862328,21.80832959149156,Intentional
User_63,2025-09-13 00:21:31,0.549,0.8793,Walking,Zep,Speeding,5way,1,20,4G,-77,86,-3,0.0012562690064587,40.280406358288694,21.75226605939799,Intentional
User_76,2025-09-13 00:46:15,0.251,0.6712,Walking,Ligeris,Reckless_Driving,5way,1,60,4G,-96,65,-11,0.005811750383679,40.30777215589058,21.807347790525057,Intentional
User_26,2025-09-13 15:28:26,0.495,0.7593,Walking,Ligeris,Reckless_Driving,5way,1,40,4G,-91,60,-7,0.0047845931227572,40.30486534211228,21.806961059234393,Intentional
User_95,2025-09-13 21:33:41,0.36,0.7869,Driving,Center,Speeding,1way,2,70,5G,-103,41,-3,0.0079827772605177,40.32187097256785,21.791434051283304,Intentional
User_68,2025-09-14 02:39:42,0.402,0.7427,Flying,Ligeris,Driving_Under_Influence,2way,0,70,WiFi,-86,20,-7,0.0015726049747571,40.30592206462032,21.807745313423503,Intentional
User_99,2025-09-14 03:36:47,0.622,0.6784,Running,Center,Reckless_Driving,2way,0,80,5G,-89,40,10,0.008054223855067,40.30616036679104,21.80754614482638,Intentional
User_97,2025-09-14 03:59:46,0.737,0.7256,Running,Koila,Speeding,6way,1,50,3G,-73,9,9,0.0015313124990373,40.32062121829242,21.79011884641094,Intentional
User_85,2025-09-14 06:23:13,0.653,0.7143,Swimming,Koila,Driving_Under_Influence,4way,0,80,4G,-92,89,9,0.0065542816803864,40.32349350610412,21.79049229317683,Intentional
User_35,2025-09-14 06:35:04,0.301,0.5695,Walking,Ligeris,Reckless_Driving,5way,0,70,4G,-86,98,14,0.0076613528413371,40.30735913994787,21.80744684117306,Intentional
User_67,2025-09-14 10:33:30,0.692,0.7531,Swimming,Koila,Driving_Under_Influence,2way,0,90,WiFi,-50,45,6,0.0076308724019854,40.32121404044276,21.79062783531539,Intentional
User_71,2025-09-14 15:15:38,0.259,0.7742,Swimming,Zep,Driving_Under_Influence,1way,4,40,4G,-87,85,-6,0.0080493952530457,40.28055383291423,21.75491629175961,Intentional
User_54,2025-09-14 16:53:14,0.482,0.8889,Running,Ligeris,Speeding,6way,0,80,5G,-120,70,1,0.0081257044914229,40.306340751122455,21.808242353578187,Intentional
User_08,2025-09-14 21:27:35,0.33,0.8239,Flying,Zep,Speeding,2way,0,40,WiFi,-55,77,1,0.0037353911335685,40.27924455337098,21.7540735784716,Intentional
User_91,2025-09-14 21:47:34,0.716,0.7243,Driving,Zep,Speeding,6way,1,20,3G,-92,60,0,0.0025027234081125,40.27886026652938,21.752071770347943,Intentional
User_52,2025-09-14 22:52:45,0.706,0.9124,Running,Spinari,Reckless_Driving,1way,0,60,3G,-97,72,14,0.0025662693717109,40.307601487887794,21.806246962526917,Intentional
User_90,2025-09-15 04:45:42,0.395,0.6258,Walking,Zep,Reckless_Driving,5way,0,30,WiFi,-60,27,0,0.0081529349009864,40.27948501991762,21.753357757562743,Intentional
User_77,2025-09-15 15:15:28,0.369,0.6013,Walking,Spinari,Reckless_Driving,2way,1,80,4G,-92,71,-8,0.0076322619830836,40.28000102487209,21.754200624453457,Intentional
User_98,2025-09-15 19:42:20,0.734,0.662,Driving,Spinari,Driving_Under_Influence,1way,2,80,3G,-79,53,-2,0.0022835552230481,40.27957380969782,21.753982920174664,Intentional
User_95,2025-09-15 21:34:37,0.36,0.7909,Running,Spinari,Driving_Under_Influence,2way,1,60,WiFi,-54,97,-4,0.0045164783446593,40.30638122278022,21.807361392784276,Intentional
User_20,2025-09-16 02:13:34,0.625,0.9133,Running,Koila,Speeding,5way,0,40,WiFi,-74,57,-16,0.0069869824458098,40.32081942735186,21.789752175054502,Intentional
User_37,2025-09-16 11:35:10,0.696,0.5317,Flying,Koila,Driving_Under_Influence,2way,0,70,4G,-114,13,-10,0.0077594454129012,40.32174884911349,21.79035098749948,Intentional
User_75,2025-09-16 12:08:31,0.65,0.8044,Walking,Ligeris,Reckless_Driving,5way,0,40,3G,-93,8,10,0.0046394541740036,40.30711725750383,21.808531407758935,Intentional
User_04,2025-09-16 19:39:13,0.619,0.8435,Driving,Ligeris,Reckless_Driving,5way,0,40,4G,-78,71,6,0.0062814568805304,40.30634947462301,21.80745797390981,Intentional
User_12,2025-09-16 21:02:55,0.74,0.8001,Running,Spinari,Driving_Under_Influence,4way,0,10,4G,-83,100,8,0.006158434281575,40.32208295681823,21.790806590902417,Intentional
User_39,2025-09-16 22:12:38,0.297,0.8454,Walking,Center,Reckless_Driving,2way,1,60,WiFi,-55,55,-8,0.0085641387400313,40.32038973275105,21.790527189655123,Intentional
User_87,2025-09-17 09:10:27,0.64,0.8245,Swimming,Koila,Reckless_Driving,1way,0,30,WiFi,-90,37,-7,0.0053606502022388,40.32183212851353,21.791093627397217,Intentional
User_57,2025-09-17 10:24:10,0.592,0.7718,Swimming,Koila,Speeding,2way,0,40,WiFi,-65,43,-8,0.0023254881289903,40.32210229640454,21.791989097007527,Intentional
User_55,2025-09-17 17:00:46,0.3,0.8934,Running,Zep,Reckless_Driving,5way,1,70,3G,-112,47,11,0.0058061534430765,40.28003719986151,21.75231398927704,Intentional
User_72,2025-09-17 19:54:01,0.359,0.8368,Running,Zep,Speeding,5way,0,10,4G,-75,83,-3,0.0099244986081469,40.28052895672808,21.7519188228453,Intentional
User_47,2025-09-18 01:23:46,0.345,0.646,Swimming,Koila,Driving_Under_Influence,2way,0,80,4G,-89,30,-11,0.0077276727084867,40.322206669395946,21.79125408702239,Intentional
User_72,2025-09-18 06:27:33,0.359,0.8378,Flying,Koila,Driving_Under_Influence,2way,1,80,5G,-92,35,-1,0.0024495318400503,40.321856186427816,21.79185142019876,Intentional
User_46,2025-09-18 11:19:38,0.537,0.7519,Driving,Center,Speeding,1way,0,90,WiFi,-76,76,-9,0.0020725812127021,40.32287275746326,21.791093697390902,Intentional
User_72,2025-09-18 21:43:38,0.359,0.8388,Swimming,Ligeris,Driving_Under_Influence,2way,0,40,WiFi,-68,99,3,0.0093081951015728,40.30595354076066,21.807766675408672,Intentional
User_73,2025-09-19 00:50:10,0.343,0.8933,Driving,Koila,Speeding,6way,1,20,4G,-94,53,5,0.0066455563890378,40.32185160762072,21.79146784804071,Intentional
User_63,2025-09-19 04:00:53,0.549,0.8913,Walking,Zep,Driving_Under_Influence,5way,0,20,WiFi,-74,68,-14,0.0098487910866747,40.28066274551132,21.75334748906631,Intentional
User_30,2025-09-19 06:06:29,0.478,0.7261,Driving,Ligeris,Speeding,5way,2,40,4G,-84,95,15,0.005082828557177,40.30446613618445,21.807667142190564,Intentional
User_14,2025-09-19 08:48:41,0.533,0.6036,Driving,Zep,Speeding,5way,0,40,5G,-87,64,9,0.0091933503117502,40.27970724790016,21.755468679257714,Intentional
User_94,2025-09-19 17:44:36,0.459,0.528,Driving,Spinari,Speeding,2way,2,30,4G,-84,99,7,0.0045210734111362,40.27839259528477,21.752344807850555,Intentional
User_91,2025-09-19 17:59:57,0.716,0.7333,Walking,Center,Driving_Under_Influence,2way,0,40,WiFi,-50,4,-15,0.0079161706439988,40.30638651439769,21.80778609822871,Intentional
User_35,2025-09-19 20:25:10,0.301,0.5795,Walking,Koila,Driving_Under_Influence,5way,2,50,3G,-110,94,13,0.0015290028019187,40.32274515296847,21.789182639204633,Intentional
User_46,2025-09-19 22:57:23,0.537,0.7539,Running,Koila,Speeding,6way,0,60,4G,-73,27,2,0.00109867022395,40.32330785124365,21.790412825320747,Intentional
User_60,2025-09-20 00:41:06,0.669,0.5847,Driving,Ligeris,Driving_Under_Influence,5way,0,20,4G,-103,87,3,0.0070279543570498,40.30618771452696,21.807254989853487,Intentional
User_49,2025-09-20 04:44:28,0.462,0.6947,Running,Center,Driving_Under_Influence,1way,4,50,3G,-109,30,16,0.0083525343168054,40.28088962681289,21.754696266071846,Intentional
User_91,2025-09-20 18:23:35,0.716,0.7363,Running,Center,Driving_Under_Influence,2way,0,40,3G,-90,79,12,0.0032591241589338,40.279774380413,21.75247929101398,Intentional
User_98,2025-09-20 23:47:47,0.734,0.672,Walking,Koila,Driving_Under_Influence,6way,3,10,3G,-79,51,-15,0.0062358799605024,40.32263098251158,21.791683361326704,Intentional
User_40,2025-09-21 06:12:05,0.357,0.6141,Running,Center,Driving_Under_Influence,2way,0,20,WiFi,-76,0,-13,0.00404985902881,40.27966697862271,21.75331106334184,Intentional
User_98,2025-09-21 13:52:13,0.734,0.674,Running,Ligeris,Speeding,5way,1,20,5G,-100,47,6,0.0021918405439286,40.30451864112597,21.807811607587013,Intentional
User_16,2025-09-21 17:20:47,0.455,0.7978,Walking,Spinari,Speeding,2way,3,30,4G,-95,3,-15,0.0062421359401746,40.32234384542392,21.790829446489436,Intentional
User_75,2025-09-22 04:23:25,0.65,0.8154,Walking,Koila,Reckless_Driving,5way,0,100,3G,-116,54,-12,0.0074978657612828,40.321238523209466,21.790018340881417,Intentional
User_74,2025-09-22 05:59:53,0.564,0.698,Walking,Center,Reckless_Driving,2way,0,10,4G,-109,31,-3,0.0099452499646452,40.280586964037795,21.75151359084213,Intentional
User_98,2025-09-22 07:17:34,0.734,0.675,Flying,Zep,Driving_Under_Influence,1way,0,50,4G,-103,91,10,0.0073697289395993,40.27949456085901,21.752799530963667,Intentional
User_70,2025-09-22 07:42:28,0.314,0.6991,Running,Center,Speeding,2way,0,90,WiFi,-68,24,-12,0.0090737768685226,40.30586665481367,21.805310781816996,Intentional
User_18,2025-09-22 12:11:50,0.669,0.6874,Driving,Center,Reckless_Driving,2way,0,20,5G,-70,10,9,0.0034520552087742,40.27964074712917,21.753013035532906,Intentional
User_34,2025-09-22 19:55:40,0.466,0.6492,Driving,Zep,Reckless_Driving,6way,0,80,3G,-72,87,-1,0.0047240607428006,40.2811213234911,21.752294412110057,Intentional
User_48,2025-09-22 22:44:14,0.636,0.7229,Running,Center,Speeding,1way,0,80,WiFi,-90,45,6,0.0083486339663213,40.27826643243301,21.75382924299425,Intentional
User_26,2025-09-22 23:25:50,0.495,0.7763,Running,Ligeris,Driving_Under_Influence,6way,2,60,3G,-109,11,2,0.0046452184037204,40.30528278257938,21.808223003393543,Intentional
User_66,2025-09-23 10:44:55,0.551,0.6669,Walking,Zep,Driving_Under_Influence,6way,0,10,5G,-84,79,-11,0.0073943263481693,40.27969325319452,21.753402674521144,Intentional
User_77,2025-09-23 18:59:52,0.369,0.6173,Driving,Ligeris,Speeding,5way,1,80,4G,-80,83,-3,0.001415998044519,40.30511222736397,21.807226273199905,Intentional
User_13,2025-09-23 20:57:22,0.738,0.8053,Walking,Spinari,Driving_Under_Influence,4way,0,10,WiFi,-58,57,-12,0.0077996413409174,40.305053684010794,21.809085962792448,Intentional
User_71,2025-09-23 23:46:55,0.259,0.7922,Running,Zep,Reckless_Driving,6way,2,30,5G,-109,2,0,0.0082298137474453,40.279547787867926,21.752910236249072,Intentional
User_78,2025-09-24 06:35:19,0.615,0.741,Flying,Koila,Reckless_Driving,2way,1,80,5G,-103,1,-2,0.0058438225466909,40.322083902331315,21.79124999261868,Intentional
User_13,2025-09-24 06:49:17,0.738,0.8063,Swimming,Zep,Driving_Under_Influence,2way,0,90,3G,-99,6,-16,0.0038532225723734,40.278864373402435,21.752369989604446,Intentional
User_15,2025-09-24 07:06:45,0.369,0.5728,Swimming,Zep,Speeding,2way,1,40,5G,-85,47,-12,0.0096188330450698,40.27954091721783,21.754321085720047,Intentional
User_04,2025-09-24 13:20:09,0.619,0.8595,Driving,Center,Driving_Under_Influence,4way,2,70,4G,-99,27,11,0.0087610311390359,40.27937868104719,21.753380814135372,Intentional
User_29,2025-09-24 14:26:20,0.603,0.8843,Flying,Zep,Speeding,2way,3,10,4G,-110,42,7,0.0014652911597441,40.279100159390616,21.75275932727038,Intentional
User_54,2025-09-24 21:16:42,0.482,0.9099,Running,Spinari,Reckless_Driving,2way,1,10,4G,-117,38,3,0.0046170793274644,40.28007444592914,21.75263404417556,Intentional
User_46,2025-09-25 15:23:24,0.537,0.7649,Flying,Zep,Reckless_Driving,2way,0,30,WiFi,-64,39,-8,0.0012559307997992,40.28007435620429,21.75449601622528,Intentional
User_62,2025-09-25 15:40:30,0.471,0.644,Flying,Ligeris,Driving_Under_Influence,4way,1,20,WiFi,-68,97,-2,0.0027787152805306,40.306804588288664,21.808124464926433,Intentional
User_38,2025-09-25 17:49:11,0.497,0.8066,Swimming,Zep,Driving_Under_Influence,2way,2,80,5G,-106,19,5,0.002852268386181,40.279534433977325,21.753022642581225,Intentional
User_92,2025-09-25 18:56:39,0.622,0.5444,Walking,Center,Speeding,2way,1,30,4G,-97,77,1,0.0044551010686773,40.30484750661352,21.8066029424521,Intentional
User_95,2025-09-25 21:30:39,0.36,0.8109,Running,Spinari,Driving_Under_Influence,2way,2,60,3G,-98,59,-6,0.001922894694195,40.27847732694036,21.754624667711347,Intentional
User_34,2025-09-25 23:58:24,0.466,0.6552,Running,Center,Speeding,4way,1,40,WiFi,-59,25,-13,0.0054985094983824,40.32227712135616,21.79083358093356,Intentional
User_45,2025-09-26 04:18:11,0.693,0.7334,Walking,Spinari,Driving_Under_Influence,2way,0,10,3G,-116,47,14,0.0086517552187739,40.3073088823655,21.806376757417517,Intentional
User_81,2025-09-26 11:47:17,0.307,0.6283,Running,Ligeris,Reckless_Driving,5way,1,30,3G,-78,42,4,0.0040801103609905,40.306587106309614,21.807884009998816,Intentional
User_38,2025-09-26 16:46:39,0.497,0.8086,Flying,Zep,Reckless_Driving,4way,1,30,4G,-72,60,-4,0.0040865409302083,40.279561252671776,21.75331796851717,Intentional
User_46,2025-09-27 08:54:59,0.537,0.7689,Walking,Zep,Speeding,5way,1,60,5G,-97,54,-6,0.0068710467298673,40.27868205910154,21.754821639501863,Intentional
User_93,2025-09-27 16:45:36,0.333,0.9263,Walking,Spinari,Reckless_Driving,2way,0,70,WiFi,-72,41,1,0.0014180860026896,40.321920143298705,21.7914987767273,Intentional
User_96,2025-09-27 17:48:18,0.308,0.7008,Walking,Spinari,Driving_Under_Influence,2way,0,20,5G,-96,15,-4,0.0011020268946676,40.32210149348536,21.791436485288493,Intentional
User_86,2025-09-27 20:58:57,0.343,0.7538,Walking,Koila,Speeding,5way,0,30,3G,-82,38,8,0.0040342814974651,40.32113232207607,21.79036533197534,Intentional
User_82,2025-09-28 08:07:11,0.291,0.575,Walking,Koila,Driving_Under_Influence,6way,0,40,5G,-120,51,12,0.0084087845617261,40.32254537169581,21.791432213115584,Intentional
User_21,2025-09-28 08:48:30,0.256,0.7526,Walking,Spinari,Speeding,4way,3,60,WiFi,-63,9,13,0.0032355499758598,40.30658313898429,21.807469428605945,Intentional
User_60,2025-09-28 13:53:57,0.669,0.6017,Driving,Zep,Reckless_Driving,6way,2,90,4G,-73,75,6,0.0099060635659869,40.28043701150053,21.75398790150616,Intentional
User_15,2025-09-28 23:09:14,0.369,0.5818,Walking,Center,Speeding,4way,0,60,4G,-85,94,-8,0.0071438793253502,40.30581347853537,21.806473312448837,Intentional
User_46,2025-09-28 23:13:03,0.537,0.7719,Driving,Spinari,Speeding,4way,1,60,4G,-116,43,6,0.0038400845391579,40.30586378757883,21.8072556041784,Intentional
User_53,2025-09-29 00:01:06,0.703,0.7363,Walking,Koila,Reckless_Driving,5way,0,30,5G,-98,95,-3,0.0031437086358387,40.32230826549608,21.790903889001996,Intentional
User_14,2025-09-29 00:09:34,0.533,0.6236,Driving,Zep,Driving_Under_Influence,6way,0,60,4G,-109,91,16,0.0073239822008706,40.28074773873613,21.75444363693436,Intentional
User_98,2025-09-29 07:21:23,0.734,0.689,Running,Center,Driving_Under_Influence,1way,0,60,3G,-101,88,-8,0.0052456944100889,40.30696963758192,21.807480140739887,Intentional
User_54,2025-09-29 14:54:02,0.482,0.9199,Running,Koila,Driving_Under_Influence,5way,2,20,4G,-116,97,-10,0.0083188636474356,40.323410918385584,21.79068235977009,Intentional
User_32,2025-09-29 16:41:03,0.684,0.6423,Walking,Ligeris,Reckless_Driving,5way,1,60,4G,-83,83,6,0.0032197961241967,40.30627065733616,21.80751408345225,Intentional
User_08,2025-09-29 17:38:54,0.33,0.8529,Flying,Koila,Driving_Under_Influence,2way,1,50,WiFi,-73,1,-10,0.0093933651409882,40.32194576744867,21.791591950165564,Intentional
User_30,2025-09-29 23:32:58,0.478,0.7461,Driving,Ligeris,Speeding,6way,2,30,WiFi,-84,81,-14,0.0022451651488837,40.30649505993882,21.809198506123263,Intentional
User_01,2025-09-30 01:40:40,0.581,0.9177,Driving,Spinari,Reckless_Driving,1way,0,40,5G,-73,74,-12,0.004359510275034,40.321766606456215,21.78944611454452,Intentional
User_17,2025-09-30 02:57:21,0.439,0.9196,Flying,Zep,Speeding,2way,1,40,WiFi,-60,28,-12,0.0018667493697026,40.28059130439102,21.75514222413034,Intentional
User_33,2025-09-30 07:34:58,0.554,0.7493,Walking,Spinari,Driving_Under_Influence,1way,2,60,5G,-117,89,-3,0.0066375862101935,40.30574835220035,21.807619448915904,Intentional
User_67,2025-09-30 12:15:29,0.692,0.7851,Driving,Center,Reckless_Driving,1way,5,30,WiFi,-81,69,9,0.0019046960057084,40.3221299376427,21.7896114007495,Intentional
User_78,2025-09-30 12:18:48,0.615,0.753,Driving,Ligeris,Speeding,6way,0,40,4G,-78,34,5,0.00938781113928,40.30705773417294,21.80849704348856,Intentional
User_61,2025-09-30 13:05:33,0.304,0.6916,Running,Zep,Driving_Under_Influence,5way,0,30,4G,-116,39,15,0.0023096728616049,40.281203880953456,21.7539217559554,Intentional
User_84,2025-09-30 20:39:31,0.488,0.7364,Driving,Center,Driving_Under_Influence,2way,0,80,5G,-89,17,2,0.0051257141926696,40.321251967368255,21.79118113628478,Intentional
User_87,2025-10-01 02:22:55,0.64,0.8525,Running,Center,Driving_Under_Influence,4way,2,70,WiFi,-52,24,6,0.0073846690997353,40.307001453018984,21.805671128182706,Intentional
User_95,2025-10-01 05:36:44,0.36,0.8219,Driving,Center,Driving_Under_Influence,2way,0,20,3G,-118,20,9,0.0054803008923881,40.32287318850151,21.790964240475496,Intentional
User_74,2025-10-01 08:10:36,0.564,0.717,Running,Center,Driving_Under_Influence,2way,0,70,5G,-103,86,16,0.0075267994963937,40.322333593717374,21.791688617129903,Intentional
User_90,2025-10-01 11:40:38,0.395,0.6588,Running,Zep,Reckless_Driving,6way,1,40,4G,-97,85,8,0.002888077981094,40.27816961896136,21.752683534959523,Intentional
User_78,2025-10-01 15:51:37,0.615,0.756,Driving,Spinari,Reckless_Driving,4way,0,40,4G,-74,61,11,0.0056471689419221,40.30596525812331,21.80703417418882,Intentional
User_45,2025-10-01 18:37:25,0.693,0.7434,Walking,Koila,Driving_Under_Influence,6way,0,30,3G,-75,88,16,0.0052683960475781,40.32139539090075,21.789770987456873,Intentional
User_23,2025-10-02 02:39:49,0.532,0.6187,Walking,Koila,Speeding,5way,1,70,3G,-93,10,4,0.0010630255095533,40.32276060231771,21.790728760289145,Intentional
User_32,2025-10-02 17:06:20,0.684,0.6493,Running,Ligeris,Driving_Under_Influence,6way,3,10,3G,-85,15,-5,0.0062266653622167,40.3070709068162,21.80851325348384,Intentional
User_06,2025-10-03 06:58:03,0.573,0.7787,Swimming,Ligeris,Driving_Under_Influence,2way,0,10,4G,-101,6,-14,0.0051069002162663,40.30527124357624,21.80813098389753,Intentional
User_59,2025-10-03 07:33:18,0.521,0.6703,Walking,Center,Reckless_Driving,2way,1,30,WiFi,-75,47,-15,0.0057577606511228,40.30589443118391,21.808201262479823,Intentional
User_07,2025-10-03 11:43:00,0.47,0.7814,Swimming,Koila,Driving_Under_Influence,2way,1,10,WiFi,-63,86,-6,0.0079614230567159,40.32128373734084,21.791521773081293,Intentional
User_99,2025-10-03 12:01:44,0.622,0.7164,Walking,Koila,Driving_Under_Influence,6way,0,30,4G,-71,10,-13,0.0094967818679869,40.32189285479471,21.791610467001796,Intentional
User_02,2025-10-03 19:33:12,0.477,0.7464,Swimming,Zep,Reckless_Driving,2way,0,10,3G,-86,62,-16,0.0054184692995613,40.280478706305075,21.753637701726184,Intentional
User_12,2025-10-03 20:03:59,0.74,0.8341,Walking,Zep,Reckless_Driving,5way,0,80,5G,-88,34,-9,0.0026299549199581,40.279393858515206,21.753246267026224,Intentional
User_74,2025-10-04 02:42:52,0.564,0.722,Running,Koila,Driving_Under_Influence,6way,0,80,5G,-106,72,-4,0.0050030567514335,40.32176992462984,21.79116134610309,Intentional
User_54,2025-10-04 08:28:29,0.482,0.9289,Flying,Zep,Speeding,2way,0,40,WiFi,-87,95,-3,0.0026828085307116,40.279893492161726,21.75327647585097,Intentional
User_87,2025-10-04 18:07:26,0.64,0.8595,Driving,Center,Speeding,1way,0,60,4G,-72,89,9,0.0073213662596806,40.28024943727227,21.75426091559032,Intentional
User_81,2025-10-05 02:27:48,0.307,0.6463,Driving,Zep,Driving_Under_Influence,5way,4,70,4G,-76,24,7,0.0012107462995089,40.27926982682316,21.75323397560183,Intentional
User_23,2025-10-05 16:05:11,0.532,0.6237,Flying,Zep,Speeding,4way,1,70,WiFi,-90,16,14,0.0094880013893794,40.27964588994933,21.753260097656657,Intentional
User_94,2025-10-06 00:21:12,0.459,0.561,Walking,Spinari,Driving_Under_Influence,4way,0,30,5G,-112,74,-12,0.008242674538374,40.30523623802264,21.80921551244447,Intentional
User_53,2025-10-06 00:51:08,0.703,0.7503,Running,Center,Driving_Under_Influence,4way,0,30,3G,-109,83,-3,0.0040449284442321,40.30566498888947,21.806860432005543,Intentional
User_12,2025-10-06 01:22:43,0.74,0.8391,Running,Spinari,Speeding,2way,1,40,WiFi,-72,58,-12,0.0069326758589054,40.322183431900974,21.79113000986346,Intentional
User_100,2025-10-06 06:19:07,0.718,0.896,Flying,Ligeris,Driving_Under_Influence,2way,0,130,3G,-98,33,-3,0.0082433773710118,40.3061879322624,21.80799171252657,Intentional
User_21,2025-10-06 20:37:42,0.256,0.7696,Flying,Zep,Driving_Under_Influence,1way,0,40,WiFi,-83,47,-14,0.009090585097407,40.27928184455823,21.75352513167851,Intentional
User_99,2025-10-06 23:13:05,0.622,0.7224,Running,Spinari,Driving_Under_Influence,1way,0,60,5G,-91,31,-11,0.0063400383083529,40.27865666403036,21.754699392550062,Intentional
User_94,2025-10-07 01:02:15,0.459,0.563,Flying,Zep,Reckless_Driving,2way,2,10,4G,-86,25,14,0.0059853795518908,40.28005426422382,21.75327995062082,Intentional
User_46,2025-10-07 05:10:17,0.537,0.7889,Driving,Spinari,Driving_Under_Influence,1way,2,60,3G,-75,57,9,0.0075961303665148,40.278593950107904,21.75344122193977,Intentional
User_98,2025-10-07 12:37:02,0.734,0.705,Running,Koila,Driving_Under_Influence,6way,0,30,5G,-93,68,-4,0.0099312687800979,40.3221336501718,21.791203283679316,Intentional
User_30,2025-10-07 14:30:55,0.478,0.7611,Walking,Zep,Driving_Under_Influence,5way,1,70,4G,-71,13,12,0.0055945091292124,40.28014582987076,21.752473668458755,Intentional
User_87,2025-10-07 14:57:38,0.64,0.8655,Walking,Koila,Speeding,5way,1,50,3G,-95,5,10,0.0097361565900482,40.3206995815442,21.790109671545444,Intentional
User_36,2025-10-08 05:58:24,0.58,0.821,Flying,Ligeris,Reckless_Driving,4way,1,50,5G,-105,59,12,0.0054486910912613,40.30559366624941,21.808840753338824,Intentional
User_66,2025-10-08 07:28:35,0.551,0.6969,Driving,Ligeris,Reckless_Driving,6way,0,80,WiFi,-83,56,5,0.0029835509240495,40.30703325261157,21.80763991610597,Intentional
User_02,2025-10-08 09:14:59,0.477,0.7564,Flying,Koila,Speeding,4way,0,70,4G,-89,88,3,0.0086947447707781,40.32225955296619,21.791203426592585,Intentional
User_100,2025-10-08 17:10:05,0.718,0.9,Walking,Ligeris,Speeding,6way,0,20,4G,-95,52,-6,0.0039323866874051,40.306310657313574,21.80802491893041,Intentional
User_14,2025-10-08 17:56:59,0.533,0.6426,Flying,Ligeris,Reckless_Driving,2way,2,40,5G,-70,37,12,0.0057633101598176,40.306722284087726,21.80741862657308,Intentional
User_37,2025-10-09 04:46:30,0.696,0.5777,Walking,Spinari,Driving_Under_Influence,1way,0,50,4G,-84,48,-16,0.0096873840992373,40.323227443388234,21.791740745361903,Intentional
User_92,2025-10-09 06:24:02,0.622,0.5724,Flying,Zep,Reckless_Driving,4way,1,80,4G,-75,46,-16,0.0085343071736329,40.278826473748246,21.754493101491896,Intentional
User_08,2025-10-09 18:23:41,0.33,0.8739,Swimming,Ligeris,Driving_Under_Influence,2way,1,30,WiFi,-85,74,-7,0.0019790655115933,40.30576479430127,21.809197635857466,Intentional
User_24,2025-10-09 19:34:40,0.354,0.9028,Swimming,Koila,Reckless_Driving,2way,1,30,3G,-81,65,-10,0.0087978071217431,40.32199245401163,21.789295749957585,Intentional
User_47,2025-10-10 06:30:35,0.345,0.69,Swimming,Zep,Reckless_Driving,2way,1,50,4G,-72,23,-10,0.009327002652852,40.27938570578785,21.7533362090757,Intentional
User_73,2025-10-10 07:32:48,0.343,0.9353,Swimming,Koila,Reckless_Driving,1way,1,30,WiFi,-55,98,12,0.0035546399118344,40.32209171409267,21.791584930276013,Intentional
User_95,2025-10-10 07:49:20,0.36,0.8399,Running,Zep,Speeding,6way,2,90,4G,-80,38,-11,0.0070891412220746,40.27934967039211,21.75469982937051,Intentional
User_89,2025-10-10 11:35:45,0.606,0.9562,Walking,Spinari,Speeding,2way,2,50,4G,-81,20,2,0.0037138580683731,40.32247925137427,21.79314769101253,Intentional
User_79,2025-10-10 11:54:53,0.326,0.6529,Walking,Spinari,Speeding,1way,1,20,4G,-71,72,11,0.0061663923593241,40.32217110726713,21.791333227112123,Intentional
User_52,2025-10-10 12:48:24,0.706,0.9644,Flying,Koila,Speeding,4way,3,60,3G,-83,54,16,0.0040601704153188,40.320528633055154,21.790430835688735,Intentional
User_68,2025-10-10 15:34:13,0.402,0.7957,Walking,Koila,Speeding,6way,1,30,5G,-97,78,-12,0.0016432766108768,40.320493995697376,21.79229711540372,Intentional
User_92,2025-10-10 22:31:49,0.622,0.5754,Driving,Ligeris,Reckless_Driving,5way,2,80,3G,-72,57,-8,0.00914341835299,40.3079020354225,21.80705242321437,Intentional
User_100,2025-10-10 22:39:42,0.718,0.905,Walking,Center,Driving_Under_Influence,1way,0,70,3G,-82,34,-6,0.0074069212731241,40.30608613954407,21.806583647421657,Intentional
User_02,2025-10-11 05:45:35,0.477,0.7634,Driving,Spinari,Speeding,1way,0,60,5G,-85,16,7,0.008289440313904,40.32161186977266,21.792675695268464,Intentional
User_62,2025-10-11 07:44:01,0.471,0.675,Swimming,Ligeris,Driving_Under_Influence,2way,2,40,5G,-96,93,12,0.0055536307951496,40.306219649785646,21.807515724086443,Intentional
User_53,2025-10-11 13:59:15,0.703,0.7613,Walking,Spinari,Reckless_Driving,1way,0,50,WiFi,-76,90,5,0.007027390081857,40.305793252373626,21.80895926695676,Intentional
User_88,2025-10-11 17:40:35,0.421,0.9072,Walking,Center,Driving_Under_Influence,2way,4,40,5G,-85,26,2,0.0034601584972575,40.304807366165925,21.80753348869164,Intentional
User_43,2025-10-11 19:29:43,0.407,0.8454,Flying,Koila,Reckless_Driving,4way,0,40,3G,-84,60,6,0.00962687786449,40.32245162453324,21.791949121489026,Intentional
User_59,2025-10-12 01:11:51,0.521,0.6883,Driving,Center,Speeding,1way,0,80,4G,-102,86,0,0.0039833513199219,40.27990925903231,21.753590616330847,Intentional
User_73,2025-10-12 09:59:46,0.343,0.9393,Walking,Koila,Reckless_Driving,6way,0,60,WiFi,-85,85,3,0.0084067679800942,40.321199387230685,21.79048753192108,Intentional
User_81,2025-10-12 22:00:40,0.307,0.6613,Walking,Spinari,Reckless_Driving,1way,1,40,3G,-89,12,6,0.0072971519730829,40.320825497064675,21.791291767598594,Intentional
User_21,2025-10-13 10:19:44,0.256,0.7836,Walking,Zep,Reckless_Driving,5way,0,20,3G,-90,23,-8,0.0061827141647644,40.27969541911674,21.7537756836168,Intentional
User_63,2025-10-13 10:59:23,0.549,0.9393,Driving,Zep,Driving_Under_Influence,6way,0,50,WiFi,-81,24,-13,0.0014615002959924,40.280258083988066,21.75141564386036,Intentional
User_75,2025-10-13 14:36:27,0.65,0.8574,Driving,Spinari,Driving_Under_Influence,1way,0,50,3G,-73,8,5,0.0077081688090008,40.32337253618442,21.78989871699469,Intentional
User_23,2025-10-13 16:22:27,0.532,0.6397,Walking,Zep,Speeding,5way,1,120,WiFi,-90,78,16,0.0034956613461474,40.27985858702465,21.752289066634336,Intentional
User_67,2025-10-13 16:29:17,0.692,0.8111,Running,Koila,Speeding,6way,0,70,5G,-80,55,15,0.0076452547008114,40.32242202642833,21.792042249307325,Intentional
User_79,2025-10-13 16:55:15,0.326,0.6589,Driving,Center,Reckless_Driving,1way,0,40,WiFi,-70,65,9,0.0062205199720504,40.27935130887301,21.75293632081421,Intentional
User_12,2025-10-13 18:28:28,0.74,0.8541,Running,Center,Speeding,1way,1,40,4G,-84,91,5,0.0041648995810904,40.30677597706921,21.80581840712219,Intentional
User_26,2025-10-13 20:14:24,0.495,0.8193,Walking,Zep,Speeding,5way,2,80,4G,-112,33,-12,0.0083665163955985,40.27991924744019,21.754485623860628,Intentional
User_39,2025-10-14 18:57:57,0.297,0.9014,Swimming,Ligeris,Driving_Under_Influence,2way,0,30,4G,-100,78,-15,0.0060464005886654,40.30746351336578,21.80791209195543,Intentional
User_57,2025-10-15 00:15:49,0.592,0.8278,Walking,Koila,Reckless_Driving,6way,1,30,WiFi,-63,62,14,0.0068742277972389,40.321933881450754,21.791142506325368,Intentional
User_26,2025-10-15 07:53:04,0.495,0.8223,Walking,Center,Speeding,2way,1,30,4G,-119,4,-2,0.0028030477347384,40.30647582130003,21.806637349809407,Intentional
User_15,2025-10-15 13:19:47,0.369,0.6158,Driving,Center,Driving_Under_Influence,2way,0,90,3G,-89,21,-9,0.0089441782070936,40.32240877146595,21.791852808403107,Intentional
User_77,2025-10-15 21:13:24,0.369,0.6613,Swimming,Zep,Driving_Under_Influence,1way,2,40,4G,-91,44,-15,0.0095503557795751,40.27947919844609,21.753030205677707,Intentional
User_38,2025-10-16 01:21:41,0.497,0.8476,Driving,Zep,Reckless_Driving,5way,0,80,5G,-74,94,5,0.0039414683359397,40.280497635640856,21.751397726185942,Intentional
User_37,2025-10-16 02:04:29,0.696,0.5917,Swimming,Koila,Reckless_Driving,1way,1,80,5G,-85,79,-8,0.0057639934682923,40.32290813636232,21.78930498473418,Intentional
User_25,2025-10-16 07:48:10,0.352,0.6413,Swimming,Zep,Reckless_Driving,1way,0,20,WiFi,-74,78,1,0.0038136474005207,40.28105611966521,21.75396827549356,Intentional
User_88,2025-10-16 20:57:11,0.421,0.9182,Walking,Ligeris,Speeding,6way,0,40,4G,-86,45,8,0.0023587258430715,40.30498435399683,21.80761555479955,Intentional
User_98,2025-10-16 21:23:19,0.734,0.724,Flying,Zep,Driving_Under_Influence,1way,0,40,4G,-99,56,14,0.0066429097904219,40.27953114107154,21.75365477944843,Intentional
User_63,2025-10-16 22:17:34,0.549,0.9463,Running,Koila,Reckless_Driving,6way,0,40,WiFi,-63,4,-15,0.0012221964215937,40.32175889658601,21.79132756070448,Intentional
User_34,2025-10-16 23:25:03,0.466,0.6972,Running,Zep,Reckless_Driving,5way,0,40,5G,-99,81,-12,0.0091641438752154,40.279405128828714,21.753902721491936,Intentional
User_70,2025-10-17 00:40:09,0.314,0.7491,Driving,Koila,Speeding,6way,2,60,3G,-116,80,-9,0.0041475764814502,40.32278052407353,21.792485006863117,Intentional
User_89,2025-10-17 06:22:09,0.606,0.9712,Swimming,Ligeris,Reckless_Driving,2way,0,50,3G,-103,49,-14,0.0019214199574937,40.30504802777325,21.80812353737389,Intentional
User_14,2025-10-17 07:11:17,0.533,0.6596,Running,Spinari,Driving_Under_Influence,1way,2,40,5G,-85,2,-5,0.0097231538319048,40.32141053521006,21.79011570867752,Intentional
User_19,2025-10-17 07:24:26,0.361,0.9128,Driving,Koila,Driving_Under_Influence,5way,0,40,4G,-92,91,-14,0.0039450083020069,40.32145962437129,21.79107176042862,Intentional
User_47,2025-10-17 09:29:33,0.345,0.704,Swimming,Koila,Reckless_Driving,2way,1,20,4G,-74,12,-5,0.0048501618477857,40.3220912302137,21.791303913552916,Intentional
User_60,2025-10-17 16:13:36,0.669,0.6397,Swimming,Koila,Reckless_Driving,2way,0,30,WiFi,-50,7,12,0.0014365755706089,40.32327418411292,21.791005113061573,Intentional
User_87,2025-10-18 08:59:40,0.64,0.8865,Driving,Zep,Speeding,5way,1,20,4G,-97,31,16,0.0062202561429196,40.28046493431408,21.752350647334303,Intentional
User_53,2025-10-18 10:44:08,0.703,0.7743,Running,Spinari,Driving_Under_Influence,2way,3,80,5G,-119,13,10,0.0022325033307873,40.27928054735653,21.75379627788305,Intentional
User_37,2025-10-18 13:51:24,0.696,0.5967,Running,Zep,Reckless_Driving,6way,0,60,4G,-81,4,-6,0.0012875002843296,40.28048969398642,21.7540132366525,Intentional
User_18,2025-10-19 04:03:22,0.669,0.7414,Swimming,Ligeris,Speeding,2way,0,80,4G,-102,57,-8,0.0021648978625172,40.305971065968095,21.809472976199835,Intentional
User_98,2025-10-19 07:57:36,0.734,0.729,Walking,Spinari,Driving_Under_Influence,1way,0,50,WiFi,-50,42,-3,0.002465470351525,40.321132781274805,21.79140768682913,Intentional
User_59,2025-10-19 19:54:58,0.521,0.7033,Running,Spinari,Reckless_Driving,2way,0,10,5G,-97,100,-8,0.0013047054518698,40.30583381929824,21.806106511234468,Intentional
User_73,2025-10-20 12:34:22,0.343,0.9553,Flying,Koila,Speeding,2way,1,20,5G,-84,39,9,0.0039554914929879,40.32216444976253,21.79041356890533,Intentional
User_05,2025-10-20 16:25:19,0.307,0.7257,Swimming,Zep,Driving_Under_Influence,2way,0,50,3G,-107,56,-15,0.002763680710516,40.2788941393573,21.75400579928849,Intentional
User_30,2025-10-20 19:00:00,0.478,0.7881,Swimming,Koila,Reckless_Driving,2way,3,20,5G,-75,74,7,0.0059770087076481,40.32179761936269,21.790371178048755,Intentional
User_39,2025-10-21 02:20:45,0.297,0.9144,Driving,Spinari,Driving_Under_Influence,4way,0,10,5G,-98,53,16,0.0050234174997085,40.322007127285936,21.791479010728935,Intentional
User_73,2025-10-21 05:17:26,0.343,0.9573,Running,Zep,Speeding,5way,1,70,5G,-117,43,-11,0.0085684414717144,40.28021596627587,21.7551218114261,Intentional
User_37,2025-10-21 05:57:44,0.696,0.6017,Running,Ligeris,Driving_Under_Influence,6way,1,20,5G,-107,15,10,0.0016416188141418,40.30672882479094,21.807077027565565,Intentional
User_17,2025-10-21 06:30:33,0.439,0.9606,Flying,Zep,Speeding,2way,2,70,3G,-120,5,1,0.0050264628985341,40.279172058904486,21.75180116839064,Intentional
User_47,2025-10-21 08:24:52,0.345,0.712,Flying,Ligeris,Driving_Under_Influence,1way,0,90,3G,-107,68,-13,0.0072340517757164,40.3057769984068,21.80712924013601,Intentional
User_84,2025-10-21 17:17:25,0.488,0.7774,Driving,Spinari,Reckless_Driving,1way,0,30,3G,-83,13,13,0.0039343097144152,40.27842772319161,21.751871653131825,Intentional
User_47,2025-10-22 05:27:32,0.345,0.714,Running,Center,Speeding,4way,1,20,WiFi,-87,96,5,0.0035365549871154,40.32151323842815,21.78919303035496,Intentional
User_19,2025-10-22 05:31:24,0.361,0.9228,Running,Zep,Reckless_Driving,6way,0,60,WiFi,-58,49,-1,0.0074707041085822,40.27993142474652,21.75321620507544,Intentional
User_45,2025-10-22 06:08:51,0.693,0.7844,Flying,Koila,Speeding,2way,3,80,5G,-86,78,-4,0.0071995562099887,40.32092497230849,21.79045909049959,Intentional
User_48,2025-10-22 09:52:49,0.636,0.7819,Swimming,Zep,Reckless_Driving,1way,0,50,5G,-91,3,-10,0.003360527313713,40.28001028728781,21.753810358119324,Intentional
User_08,2025-10-22 15:05:41,0.33,0.8999,Driving,Zep,Reckless_Driving,5way,0,50,5G,-107,55,-6,0.0053726907750711,40.27979279857442,21.753648176795224,Intentional
User_81,2025-10-22 22:14:56,0.307,0.6813,Driving,Center,Reckless_Driving,4way,0,40,4G,-81,45,5,0.0077077648866939,40.32266142643037,21.792460367126584,Intentional
User_36,2025-10-22 22:56:09,0.58,0.85,Flying,Zep,Driving_Under_Influence,2way,1,90,3G,-87,37,16,0.0078510052285076,40.27879536937314,21.75443710051276,Intentional
User_56,2025-10-23 00:32:10,0.449,0.9286,Driving,Ligeris,Driving_Under_Influence,6way,1,50,3G,-110,85,-9,0.0070378002303145,40.305834208107,21.80736348252624,Intentional
User_13,2025-10-23 02:10:36,0.738,0.8643,Flying,Koila,Speeding,4way,4,20,WiFi,-65,82,-4,0.0018299347591506,40.32234761876692,21.79032262106957,Intentional
User_18,2025-10-24 04:53:33,0.669,0.7524,Driving,Zep,Reckless_Driving,6way,1,30,3G,-107,92,10,0.0079552959104882,40.27921592862356,21.753794165690163,Intentional
User_20,2025-10-24 08:38:32,0.625,0.9883,Running,Zep,Speeding,5way,5,80,4G,-107,31,0,0.0094827940158175,40.27789877947238,21.75310507751318,Intentional
User_19,2025-10-24 10:28:48,0.361,0.9268,Running,Center,Reckless_Driving,1way,3,10,5G,-72,64,-4,0.0043137606464064,40.32095628815165,21.79164833793491,Intentional
User_82,2025-10-24 16:26:22,0.291,0.628,Driving,Koila,Speeding,5way,0,60,3G,-100,77,7,0.008963737113523,40.3220876381567,21.79126012540683,Intentional
User_03,2025-10-24 16:26:50,0.47,0.8942,Walking,Center,Speeding,1way,0,50,5G,-99,11,11,0.0039395936713198,40.32267608995495,21.79118739817389,Intentional
User_04,2025-10-24 18:24:56,0.619,0.9195,Swimming,Ligeris,Reckless_Driving,4way,0,40,3G,-114,16,-10,0.0032041436909486,40.30532849344834,21.80685304073726,Intentional
User_05,2025-10-24 22:45:42,0.307,0.7327,Driving,Zep,Driving_Under_Influence,6way,0,20,4G,-116,72,7,0.0070766990213829,40.28041250088793,21.755032990630955,Intentional
User_59,2025-10-25 02:12:56,0.521,0.7153,Driving,Ligeris,Driving_Under_Influence,6way,1,30,4G,-71,70,5,0.0056446276740225,40.30789896610293,21.8072159620075,Intentional
User_93,2025-10-25 05:53:29,0.333,0.9813,Driving,Koila,Speeding,5way,0,40,5G,-112,59,-15,0.003633280571156,40.32271080282217,21.791901473004593,Intentional
User_65,2025-10-25 06:20:13,0.654,0.8512,Running,Center,Driving_Under_Influence,4way,1,50,5G,-106,6,-14,0.0010775673892374,40.32256954075054,21.78974189626539,Intentional
User_84,2025-10-25 14:11:42,0.488,0.7854,Driving,Spinari,Speeding,2way,1,70,3G,-103,81,-2,0.0088482186899192,40.30632750953858,21.80708770632637,Intentional
User_37,2025-10-25 21:04:25,0.696,0.6107,Walking,Center,Driving_Under_Influence,2way,0,20,4G,-102,71,7,0.0077653266302473,40.2801232152608,21.752204150466973,Intentional
User_02,2025-10-25 21:47:19,0.477,0.7914,Swimming,Ligeris,Speeding,2way,0,70,5G,-95,24,-15,0.0066938691825006,40.307054997136696,21.807034243243084,Intentional
User_66,2025-10-26 00:32:32,0.551,0.7329,Walking,Spinari,Driving_Under_Influence,2way,0,30,3G,-85,81,-11,0.009221734792812,40.30695595194095,21.80813767596637,Intentional
User_96,2025-10-26 02:36:06,0.308,0.7578,Flying,Zep,Driving_Under_Influence,1way,1,50,4G,-79,46,-10,0.0049054751367038,40.27971972265246,21.752144613857578,Intentional
User_20,2025-10-26 05:33:10,0.625,0.9923,Running,Center,Reckless_Driving,1way,2,20,4G,-86,19,-16,0.0072166055569922,40.30632188134379,21.807311899138956,Intentional
User_85,2025-10-26 08:39:58,0.653,0.7983,Flying,Koila,Speeding,2way,0,70,WiFi,-73,71,-12,0.0084599811532014,40.32104424374828,21.792215794432092,Intentional
User_49,2025-10-26 08:43:00,0.462,0.7667,Driving,Center,Speeding,2way,2,50,5G,-111,96,-4,0.0061037509022276,40.27825786971965,21.75477642988226,Intentional
User_65,2025-10-26 11:14:57,0.654,0.8532,Driving,Ligeris,Driving_Under_Influence,5way,0,50,WiFi,-88,58,-15,0.0010339152945879,40.30553763277569,21.807360731355228,Intentional
User_39,2025-10-26 18:08:32,0.297,0.9244,Swimming,Koila,Reckless_Driving,4way,1,60,WiFi,-81,52,9,0.007967963758702,40.322072815834765,21.791337343576725,Intentional
User_82,2025-10-26 20:53:40,0.291,0.632,Driving,Spinari,Driving_Under_Influence,4way,0,40,5G,-96,15,-3,0.0083664976405683,40.27954458032879,21.75355296586681,Intentional
User_53,2025-10-26 22:02:13,0.703,0.7913,Running,Center,Driving_Under_Influence,1way,1,30,5G,-111,51,7,0.0090278473887307,40.307853381129675,21.80846786665029,Intentional
User_76,2025-10-27 12:57:53,0.251,0.7602,Flying,Ligeris,Driving_Under_Influence,1way,0,30,4G,-88,25,13,0.0041334337635409,40.307532327807856,21.806839034983113,Intentional
User_77,2025-10-27 13:19:06,0.369,0.6853,Driving,Zep,Speeding,5way,1,60,4G,-72,8,-15,0.0048319325095612,40.27868129719684,21.754443769351273,Intentional
User_11,2025-10-27 16:39:46,0.263,0.9518,Swimming,Koila,Driving_Under_Influence,2way,1,70,3G,-94,4,6,0.0074637550381608,40.322900258722264,21.79125540499977,Intentional
User_39,2025-10-27 17:51:55,0.297,0.9274,Driving,Zep,Driving_Under_Influence,6way,0,60,5G,-107,17,5,0.0029006393803778,40.278196515278914,21.754531179999496,Intentional
User_43,2025-10-27 18:28:06,0.407,0.8764,Running,Spinari,Driving_Under_Influence,4way,1,30,5G,-102,92,4,0.0041464867826571,40.320432806390095,21.790417913421468,Intentional
User_49,2025-10-28 08:09:10,0.462,0.7707,Flying,Zep,Speeding,2way,0,50,WiFi,-52,41,11,0.0050696905287438,40.27847690997819,21.75238537426755,Intentional
User_09,2025-10-28 08:55:50,0.444,0.7027,Driving,Spinari,Driving_Under_Influence,4way,1,90,4G,-84,22,11,0.0016492266312132,40.32073426250789,21.792343542275724,Intentional
User_94,2025-10-28 11:18:30,0.459,0.606,Walking,Center,Driving_Under_Influence,2way,0,60,4G,-88,100,5,0.0028558977233517,40.30680576043359,21.808391041668617,Intentional
User_18,2025-10-28 12:59:58,0.669,0.7594,Swimming,Ligeris,Reckless_Driving,2way,0,60,WiFi,-68,10,2,0.0042097414736736,40.30622715358345,21.808768877512676,Intentional
User_95,2025-10-28 18:05:25,0.36,0.8759,Walking,Ligeris,Speeding,5way,2,20,4G,-104,99,13,0.006332057442076,40.30636791480951,21.808163046191424,Intentional
User_84,2025-10-28 23:02:10,0.488,0.7924,Running,Ligeris,Speeding,5way,1,30,3G,-95,31,-2,0.0038969136194996,40.30746909010506,21.80737913850669,Intentional
User_86,2025-10-29 06:21:45,0.343,0.8178,Walking,Koila,Speeding,5way,0,40,WiFi,-60,100,-2,0.0043514274417701,40.32194861485847,21.79156726501013,Intentional
User_15,2025-10-29 20:04:25,0.369,0.6438,Swimming,Koila,Reckless_Driving,1way,0,120,5G,-91,61,-12,0.0069587144320514,40.32128690357869,21.79209490080396,Intentional
User_38,2025-10-30 03:56:15,0.497,0.8756,Flying,Ligeris,Reckless_Driving,1way,1,50,5G,-100,39,-9,0.0054514778224628,40.30754023667591,21.806915511317804,Intentional
User_67,2025-10-30 06:47:46,0.692,0.8451,Running,Spinari,Driving_Under_Influence,1way,0,60,5G,-70,57,10,0.0023987464758251,40.27951431066573,21.75140460384905,Intentional
User_24,2025-10-31 01:15:08,0.354,0.9458,Walking,Spinari,Speeding,2way,2,50,3G,-104,34,-8,0.009873011434891,40.32213745614264,21.79128678172126,Intentional
User_09,2025-10-31 07:43:48,0.444,0.7087,Swimming,Zep,Reckless_Driving,1way,2,30,4G,-87,96,6,0.0023144367708693,40.278463160049945,21.75384982410559,Intentional
User_65,2025-10-31 23:41:41,0.654,0.8642,Swimming,Koila,Speeding,4way,2,40,WiFi,-61,19,-16,0.0021204520543417,40.32271169658755,21.78994486235424,Intentional
User_15,2025-11-01 00:28:59,0.369,0.6488,Swimming,Ligeris,Speeding,1way,0,40,WiFi,-82,3,11,0.0058056860547932,40.30656343457557,21.806971090941257,Intentional
User_100,2025-11-01 04:07:52,0.718,0.948,Flying,Ligeris,Reckless_Driving,1way,0,30,WiFi,-72,70,-6,0.0065146948288701,40.30701126279932,21.807961523445325,Intentional
User_45,2025-11-01 05:34:52,0.693,0.8044,Swimming,Koila,Driving_Under_Influence,2way,1,30,4G,-75,54,-16,0.0036948050688322,40.32222691461326,21.791333108745757,Intentional
User_79,2025-11-01 08:30:37,0.326,0.6979,Running,Spinari,Reckless_Driving,2way,1,60,4G,-100,35,12,0.0031038241334079,40.32057508056483,21.790308197031564,Intentional
User_49,2025-11-01 09:20:46,0.462,0.7787,Running,Koila,Speeding,5way,1,70,4G,-103,34,9,0.0054344424715552,40.32164655785634,21.790243673235135,Intentional
User_90,2025-11-01 13:24:59,0.395,0.7198,Running,Spinari,Driving_Under_Influence,1way,0,70,3G,-84,55,16,0.0060726686613371,40.27943916389657,21.75422740687353,Intentional
User_42,2025-11-01 14:17:51,0.544,0.9763,Driving,Ligeris,Speeding,6way,0,30,5G,-111,91,-8,0.0049072847285383,40.30584495463782,21.80844257179585,Intentional
User_67,2025-11-01 15:18:29,0.692,0.8481,Swimming,Koila,Speeding,1way,1,60,4G,-108,10,-1,0.003698175810196,40.32134848176923,21.792315587944685,Intentional
User_71,2025-11-02 10:57:21,0.259,0.8712,Swimming,Zep,Reckless_Driving,2way,0,20,4G,-104,45,8,0.0082987873564684,40.278381312004235,21.75461979123472,Intentional
User_87,2025-11-03 04:07:25,0.64,0.9185,Swimming,Ligeris,Speeding,4way,0,20,5G,-109,41,10,0.0019110494396697,40.30634918300215,21.807370776053013,Intentional
User_06,2025-11-03 17:45:21,0.573,0.8417,Walking,Spinari,Reckless_Driving,2way,0,80,WiFi,-76,82,-1,0.002489590621849,40.3216494395564,21.791693232085272,Intentional
User_36,2025-11-03 22:36:02,0.58,0.873,Driving,Spinari,Driving_Under_Influence,2way,0,20,4G,-80,33,-8,0.0063036901358762,40.305249084950105,21.80630761170141,Intentional
User_36,2025-11-03 23:19:21,0.58,0.874,Flying,Ligeris,Speeding,2way,1,50,WiFi,-73,18,-10,0.0042154264289032,40.305603669559424,21.805324752411163,Intentional
User_17,2025-11-04 03:45:55,0.439,0.9886,Running,Koila,Reckless_Driving,5way,0,80,4G,-120,27,15,0.0028682842328657,40.32221699905491,21.79183597723292,Intentional
User_38,2025-11-04 10:35:14,0.497,0.8856,Running,Zep,Reckless_Driving,6way,0,20,WiFi,-60,95,1,0.0029665142761208,40.27985822049868,21.754156713188895,Intentional
User_16,2025-11-04 22:11:39,0.455,0.8858,Running,Ligeris,Reckless_Driving,6way,2,30,5G,-88,19,10,0.0067891175893334,40.307508321522015,21.80606698082536,Intentional
User_92,2025-11-05 01:56:48,0.622,0.6264,Flying,Ligeris,Reckless_Driving,1way,0,10,WiFi,-50,79,-13,0.0038153870417268,40.30640630575507,21.80667880281641,Intentional
User_37,2025-11-05 11:16:21,0.696,0.6317,Swimming,Ligeris,Speeding,2way,0,80,3G,-70,7,6,0.0019608418682438,40.30534516430797,21.80942773755511,Intentional
User_35,2025-11-06 03:17:55,0.301,0.6755,Walking,Spinari,Speeding,1way,0,40,WiFi,-90,40,-14,0.0075580986057202,40.32306654646204,21.79065618677438,Intentional
User_45,2025-11-06 04:27:19,0.693,0.8144,Driving,Center,Reckless_Driving,1way,0,40,WiFi,-60,2,-11,0.0055964128180985,40.30641174088333,21.807116366591487,Intentional
User_09,2025-11-06 07:27:51,0.444,0.7207,Flying,Zep,Driving_Under_Influence,1way,3,70,4G,-90,9,4,0.0084748776062747,40.278974324642746,21.75191735485597,Intentional
User_41,2025-11-06 12:19:11,0.642,0.9635,Swimming,Zep,Reckless_Driving,2way,0,40,5G,-105,41,-9,0.0099007175439176,40.28032430679446,21.751849297665338,Intentional
User_44,2025-11-06 20:09:31,0.546,0.8955,Flying,Zep,Speeding,2way,1,70,3G,-102,84,2,0.0037779299562137,40.279287518344915,21.752019177945115,Intentional
User_09,2025-11-06 21:12:42,0.444,0.7217,Walking,Center,Driving_Under_Influence,2way,1,60,5G,-72,25,0,0.0070103316242018,40.30617977491115,21.807622136773183,Intentional
User_28,2025-11-06 22:16:22,0.311,0.6388,Walking,Center,Speeding,2way,0,80,4G,-70,56,-12,0.0019703686050524,40.32380583082978,21.79075867321825,Intentional
User_35,2025-11-07 00:14:36,0.301,0.6775,Walking,Koila,Reckless_Driving,5way,0,80,3G,-72,49,-4,0.0068667293388405,40.321817895849534,21.789288561408757,Intentional
User_50,2025-11-07 00:23:52,0.395,0.8454,Walking,Zep,Speeding,5way,0,20,4G,-86,52,-9,0.0016722594821871,40.279206313520106,21.753202840680174,Intentional
User_38,2025-11-07 07:26:49,0.497,0.8926,Flying,Zep,Driving_Under_Influence,2way,2,50,WiFi,-76,44,-13,0.007891502884947,40.28049639790068,21.755241743396713,Intentional
User_11,2025-11-07 08:05:07,0.263,0.9728,Running,Koila,Driving_Under_Influence,5way,0,60,WiFi,-63,44,8,0.0035068115492269,40.32208820581289,21.79330126792128,Intentional
User_100,2025-11-07 08:53:19,0.718,0.96,Running,Ligeris,Reckless_Driving,5way,1,20,WiFi,-51,33,-9,0.0036051276846581,40.305633679904304,21.808004481958793,Intentional
User_63,2025-11-07 22:25:34,0.549,0.9903,Driving,Ligeris,Speeding,5way,0,20,5G,-113,55,-9,0.0022700645088961,40.30623989634596,21.80731490527624,Intentional
User_01,2025-11-08 06:39:43,0.581,0.9957,Swimming,Zep,Speeding,2way,0,20,4G,-98,65,-13,0.0064442577702683,40.27868995730387,21.754778667411017,Intentional
User_72,2025-11-08 07:34:18,0.359,0.9398,Driving,Spinari,Driving_Under_Influence,4way,0,90,WiFi,-56,13,-1,0.0015576724950234,40.28074872792552,21.752774202450738,Intentional
User_23,2025-11-08 08:24:43,0.532,0.6927,Flying,Zep,Reckless_Driving,4way,1,50,WiFi,-79,99,-10,0.005477043679149,40.27897415470824,21.752348776383197,Intentional
User_21,2025-11-08 11:14:54,0.256,0.8356,Swimming,Ligeris,Reckless_Driving,1way,0,50,4G,-106,82,14,0.0072326177979162,40.304889883508,21.80788078986183,Intentional
User_05,2025-11-08 18:55:28,0.307,0.7637,Flying,Koila,Reckless_Driving,4way,0,80,4G,-89,44,-13,0.0060192558102525,40.323378089908054,21.78970623177319,Intentional
User_70,2025-11-08 22:32:09,0.314,0.7941,Driving,Spinari,Driving_Under_Influence,2way,2,20,5G,-80,71,-5,0.0070989591685931,40.27924213561562,21.75188958008475,Intentional
User_87,2025-11-10 10:47:30,0.64,0.9335,Driving,Center,Speeding,1way,0,10,5G,-78,20,2,0.0053853498572966,40.30602119685323,21.808724352318738,Intentional
User_70,2025-11-10 12:32:06,0.314,0.7981,Swimming,Zep,Reckless_Driving,4way,3,50,4G,-111,84,-13,0.0047030877507289,40.2792745717401,21.752981171579215,Intentional
User_30,2025-11-10 22:48:07,0.478,0.8291,Walking,Spinari,Reckless_Driving,2way,4,40,3G,-103,43,0,0.0012295318217916,40.32096324774368,21.7908546577582,Intentional
User_65,2025-11-11 01:49:09,0.654,0.8852,Running,Spinari,Speeding,1way,1,60,3G,-76,41,10,0.0038373161015711,40.321121129429734,21.790649073376436,Intentional
User_05,2025-11-11 09:21:01,0.307,0.7697,Driving,Center,Reckless_Driving,4way,2,90,3G,-83,81,6,0.0078191638425534,40.27953840356319,21.752554468236077,Intentional
User_45,2025-11-11 10:37:17,0.693,0.8244,Swimming,Koila,Speeding,1way,0,60,5G,-90,48,8,0.0056255548674006,40.32111546636309,21.79096630353858,Intentional
User_43,2025-11-11 11:18:44,0.407,0.9064,Running,Koila,Speeding,6way,0,90,5G,-95,80,-5,0.0062868121864408,40.32257943502065,21.789935673897077,Intentional
User_29,2025-11-11 13:56:39,0.603,0.9803,Walking,Spinari,Speeding,1way,2,80,WiFi,-52,64,3,0.0021683324788609,40.32333040572902,21.790322398992217,Intentional
User_18,2025-11-11 18:51:09,0.669,0.7884,Driving,Center,Driving_Under_Influence,2way,0,30,3G,-73,48,13,0.0054615491597187,40.321658822065146,21.790289895446392,Intentional
User_62,2025-11-11 23:17:03,0.471,0.738,Swimming,Zep,Reckless_Driving,2way,3,30,4G,-86,71,-12,0.003101890552982,40.27913390669987,21.75489086818309,Intentional
User_37,2025-11-12 01:23:08,0.696,0.6457,Running,Zep,Speeding,5way,2,60,5G,-78,77,-9,0.0044899317826399,40.27979210998815,21.75226533909094,Intentional
User_08,2025-11-12 20:04:41,0.33,0.9419,Running,Center,Driving_Under_Influence,1way,0,30,3G,-92,15,6,0.0061397476597007,40.27972162597162,21.75276970773049,Intentional
User_36,2025-11-13 10:23:30,0.58,0.893,Driving,Koila,Speeding,5way,0,40,WiFi,-76,33,-5,0.0036280630021386,40.322085037937285,21.79124619020445,Intentional
User_09,2025-11-13 11:01:34,0.444,0.7347,Flying,Koila,Reckless_Driving,2way,1,60,3G,-106,23,-11,0.0046044962210909,40.3218362218248,21.791117677984605,Intentional
User_02,2025-11-14 02:36:51,0.477,0.8304,Driving,Ligeris,Driving_Under_Influence,6way,0,40,3G,-73,88,16,0.0075196519991248,40.30644146286272,21.808264529857052,Intentional
User_68,2025-11-14 02:43:48,0.402,0.8647,Driving,Zep,Driving_Under_Influence,5way,2,60,5G,-85,90,-5,0.0081400957770608,40.279015686704554,21.753189046445534,Intentional
User_61,2025-11-14 04:47:41,0.304,0.7816,Walking,Spinari,Speeding,2way,0,80,5G,-88,79,9,0.0045091294964623,40.278153113785635,21.75179354090262,Intentional
User_91,2025-11-14 09:42:21,0.716,0.8453,Flying,Koila,Driving_Under_Influence,2way,0,30,5G,-93,13,3,0.0011649629107655,40.321030750161896,21.79216169404323,Intentional
User_75,2025-11-14 12:53:39,0.65,0.9224,Running,Zep,Driving_Under_Influence,5way,0,10,4G,-89,94,-3,0.0056833313133937,40.27805092358337,21.75430163116636,Intentional
User_92,2025-11-14 18:05:27,0.622,0.6454,Running,Ligeris,Reckless_Driving,5way,1,40,WiFi,-67,12,-4,0.0016428897503161,40.305463717574376,21.80548058806965,Intentional
User_13,2025-11-14 22:29:11,0.738,0.9093,Running,Ligeris,Driving_Under_Influence,6way,3,30,5G,-70,31,12,0.0038741999401211,40.30590444417719,21.80818985983806,Intentional
User_55,2025-11-15 01:46:05,0.3,1.0,Driving,Center,Speeding,2way,3,30,WiFi,-88,63,-14,0.0083836987301424,40.3219958721088,21.79105354752968,Intentional
User_80,2025-11-15 16:29:20,0.447,0.9636,Driving,Koila,Reckless_Driving,6way,0,90,5G,-79,23,-14,0.0060377409012443,40.322274174537384,21.791302904583205,Intentional
User_10,2025-11-15 20:45:35,0.35,0.9285,Driving,Zep,Driving_Under_Influence,6way,0,60,5G,-70,86,-2,0.0033483890024027,40.27981959472289,21.752211765692223,Intentional
User_40,2025-11-15 22:17:46,0.357,0.7251,Driving,Center,Speeding,4way,1,50,4G,-76,73,12,0.0062020174903884,40.280172989341345,21.75319262569672,Intentional
User_25,2025-11-15 23:37:26,0.352,0.7023,Swimming,Zep,Speeding,4way,3,50,3G,-100,47,10,0.0077695285595505,40.27809964080205,21.752283937742497,Intentional
User_24,2025-11-16 00:05:21,0.354,0.9778,Running,Center,Reckless_Driving,4way,0,30,4G,-114,12,2,0.0044507032039527,40.279670599097365,21.754921358270018,Intentional
User_57,2025-11-16 02:13:43,0.592,0.8918,Swimming,Koila,Driving_Under_Influence,2way,2,90,WiFi,-50,38,-6,0.0086911093221024,40.32218231118139,21.791236355870584,Intentional
User_47,2025-11-16 10:32:45,0.345,0.765,Walking,Koila,Reckless_Driving,6way,0,50,4G,-77,97,12,0.0046430907312962,40.320369376254305,21.79158766328504,Intentional
User_01,2025-11-16 11:33:17,0.581,1.0,Running,Center,Reckless_Driving,4way,0,20,5G,-78,34,-3,0.0019077679357624,40.3218252087332,21.792254863996508,Intentional
User_14,2025-11-16 13:48:29,0.533,0.7196,Running,Ligeris,Driving_Under_Influence,5way,2,70,WiFi,-77,85,4,0.0022282271842013,40.30624526109067,21.80744618193931,Intentional
User_45,2025-11-16 17:10:49,0.693,0.8354,Driving,Ligeris,Driving_Under_Influence,6way,1,30,3G,-100,100,3,0.0025191386851608,40.3062552034445,21.807382823665296,Intentional
User_64,2025-11-17 08:06:19,0.287,0.6497,Driving,Koila,Reckless_Driving,5way,1,60,5G,-80,32,13,0.0039392457247389,40.322123099821475,21.79143820390402,Intentional
User_25,2025-11-17 09:31:00,0.352,0.7053,Running,Center,Speeding,1way,0,70,WiFi,-64,14,7,0.0062720496343982,40.32185114867711,21.7891695323124,Intentional
User_51,2025-11-17 09:34:51,0.574,0.7753,Walking,Center,Driving_Under_Influence,2way,1,40,3G,-104,45,15,0.0054694790138338,40.30587307495352,21.80721076961883,Intentional
User_58,2025-11-17 15:42:07,0.744,0.8342,Running,Center,Driving_Under_Influence,1way,1,60,5G,-74,31,-7,0.005984328751687,40.27848976912476,21.75461568097336,Intentional
User_32,2025-11-17 18:44:56,0.684,0.7413,Driving,Ligeris,Speeding,6way,5,40,5G,-85,11,8,0.0038606959170497,40.30454545303485,21.807658645733753,Intentional
User_85,2025-11-17 22:28:33,0.653,0.8423,Walking,Center,Reckless_Driving,2way,0,40,WiFi,-89,30,10,0.0080597958065837,40.30666778242885,21.808109956692594,Intentional
User_89,2025-11-18 03:35:07,0.606,1.0,Swimming,Koila,Reckless_Driving,2way,1,30,5G,-115,47,11,0.005792498297481,40.323437391165264,21.791009535950668,Intentional
User_29,2025-11-18 07:19:52,0.603,0.9943,Running,Koila,Reckless_Driving,5way,0,30,4G,-77,17,9,0.0085675058654271,40.321637746719134,21.79239434091328,Intentional
User_23,2025-11-18 10:09:28,0.532,0.7127,Running,Ligeris,Speeding,6way,1,50,4G,-104,77,-1,0.0065977638722623,40.30605582710334,21.807801497120614,Intentional
User_41,2025-11-18 10:21:20,0.642,0.9875,Walking,Zep,Reckless_Driving,5way,0,30,WiFi,-85,44,10,0.0035683729962643,40.279620538579344,21.753329058993724,Intentional
User_47,2025-11-18 11:29:33,0.345,0.769,Swimming,Ligeris,Reckless_Driving,1way,5,30,3G,-86,62,-12,0.0032561007316354,40.306478784895994,21.808026175791028,Intentional
User_12,2025-11-19 00:14:36,0.74,0.9271,Driving,Ligeris,Driving_Under_Influence,6way,0,40,4G,-77,38,14,0.0021827537298568,40.30641776549926,21.806573782026156,Intentional
User_84,2025-11-19 01:57:17,0.488,0.8354,Driving,Koila,Speeding,6way,0,40,4G,-120,43,-12,0.0016021370374082,40.32386596340635,21.79131689807047,Intentional
User_43,2025-11-19 02:59:51,0.407,0.9224,Walking,Spinari,Reckless_Driving,1way,0,40,3G,-77,34,-5,0.003002427976658,40.27934784821552,21.753545809588825,Intentional
User_82,2025-11-19 03:18:58,0.291,0.679,Walking,Koila,Driving_Under_Influence,5way,1,60,5G,-94,89,15,0.0025818627646929,40.32224614884664,21.79071047320735,Intentional
User_87,2025-11-19 05:16:14,0.64,0.9505,Walking,Ligeris,Speeding,6way,2,60,4G,-91,64,2,0.0021029648502603,40.30591134032443,21.80751369661844,Intentional
User_80,2025-11-19 06:18:11,0.447,0.9716,Running,Center,Driving_Under_Influence,4way,0,40,5G,-73,73,15,0.0082233481243776,40.27973639306917,21.75300096475398,Intentional
User_41,2025-11-19 18:57:27,0.642,0.9895,Driving,Center,Reckless_Driving,4way,1,10,5G,-74,20,11,0.0066236587836581,40.32367485473848,21.79217462187765,Intentional
User_08,2025-11-20 02:01:56,0.33,0.9569,Walking,Zep,Driving_Under_Influence,5way,2,70,3G,-75,58,12,0.0040329644141991,40.279197546961214,21.75237073744133,Intentional
User_74,2025-11-20 18:26:25,0.564,0.817,Driving,Spinari,Speeding,1way,0,70,5G,-81,33,2,0.0044463531981272,40.278582047444615,21.752609193705897,Intentional
User_64,2025-11-21 02:20:53,0.287,0.6577,Running,Zep,Reckless_Driving,6way,1,30,WiFi,-75,77,7,0.0065689466872138,40.27966611867197,21.75193883273095,Intentional
User_86,2025-11-21 08:51:44,0.343,0.8628,Running,Spinari,Speeding,1way,1,70,3G,-85,68,9,0.0069177109809899,40.27974218564746,21.75340436466264,Intentional
User_32,2025-11-21 10:20:58,0.684,0.7483,Running,Koila,Reckless_Driving,6way,1,30,5G,-71,87,7,0.0020711736155111,40.32160285233592,21.79316944140095,Intentional
User_14,2025-11-21 10:23:14,0.533,0.7306,Running,Ligeris,Driving_Under_Influence,5way,0,70,5G,-115,85,-11,0.0044679993512971,40.30469185854944,21.806737199908778,Intentional
User_73,2025-11-21 10:52:57,0.343,1.0,Running,Zep,Speeding,5way,0,60,5G,-83,68,2,0.0037144958959588,40.27979551836268,21.7531706702818,Intentional
User_34,2025-11-21 12:49:11,0.466,0.7682,Swimming,Koila,Speeding,2way,0,50,3G,-106,1,-5,0.0094354413419363,40.3216150854586,21.79143574189692,Intentional
User_33,2025-11-21 20:16:09,0.554,0.8533,Running,Spinari,Speeding,2way,2,20,3G,-103,10,6,0.0039624139158368,40.30476502301488,21.808080673308773,Intentional
User_78,2025-11-22 12:40:38,0.615,0.86,Walking,Koila,Reckless_Driving,6way,0,20,4G,-87,2,-16,0.0027203387741275,40.321745846347795,21.790551115303288,Intentional
User_68,2025-11-22 16:01:15,0.402,0.8807,Running,Zep,Speeding,6way,1,60,3G,-78,82,4,0.0014023441830749,40.278614599038534,21.753168347650195,Intentional
User_16,2025-11-22 19:49:08,0.455,0.9218,Flying,Zep,Driving_Under_Influence,1way,1,50,WiFi,-63,7,-11,0.0065712298377032,40.2798440694965,21.754307479378156,Intentional
User_05,2025-11-23 02:16:16,0.307,0.7927,Swimming,Zep,Reckless_Driving,1way,1,110,5G,-109,4,-13,0.0052030336893805,40.279350884479314,21.75330452284222,Intentional
User_67,2025-11-23 07:59:36,0.692,0.8921,Walking,Koila,Reckless_Driving,5way,0,20,4G,-83,76,11,0.001748548557938,40.32110544964935,21.790952819077756,Intentional
User_21,2025-11-23 09:39:22,0.256,0.8646,Walking,Spinari,Driving_Under_Influence,1way,0,40,WiFi,-56,74,-2,0.0058781479888389,40.28012111248201,21.752499719524316,Intentional
User_36,2025-11-23 11:42:35,0.58,0.913,Driving,Zep,Speeding,6way,1,30,3G,-77,75,4,0.0086948267444955,40.27959030124528,21.752967327350493,Intentional
User_37,2025-11-23 16:55:04,0.696,0.6687,Driving,Koila,Reckless_Driving,5way,0,40,3G,-117,30,10,0.0073728890431327,40.32289790504572,21.79284083098303,Intentional
User_01,2025-11-23 18:05:39,0.581,1.0,Walking,Spinari,Speeding,1way,0,50,4G,-113,28,5,0.0054268314106134,40.32280661201566,21.79172806471764,Intentional
User_65,2025-11-23 19:57:22,0.654,0.9102,Walking,Spinari,Driving_Under_Influence,1way,3,80,WiFi,-87,27,-10,0.008082853183143,40.306270846904766,21.806966930517333,Intentional
User_95,2025-11-23 21:29:21,0.36,0.9289,Running,Koila,Driving_Under_Influence,5way,3,60,3G,-95,85,-13,0.006286840756553,40.32380423151414,21.791681215564555,Intentional
User_66,2025-11-23 21:49:03,0.551,0.7899,Swimming,Zep,Driving_Under_Influence,2way,1,70,5G,-78,60,7,0.0061048643661252,40.27951505614893,21.753842056165023,Intentional
User_28,2025-11-24 00:16:45,0.311,0.6738,Driving,Zep,Driving_Under_Influence,5way,1,70,3G,-86,88,-9,0.0029102914785135,40.28063100099812,21.75496864046096,Intentional
User_37,2025-11-24 11:17:40,0.696,0.6707,Swimming,Koila,Speeding,2way,1,80,4G,-76,65,5,0.00152376900602,40.32226078667148,21.791350692334923,Intentional
User_68,2025-11-24 18:49:05,0.402,0.8847,Swimming,Ligeris,Driving_Under_Influence,2way,0,30,5G,-89,44,-1,0.0048541809797102,40.307524432634736,21.808724415187793,Intentional
User_35,2025-11-24 19:00:40,0.301,0.7125,Walking,Center,Reckless_Driving,4way,0,60,WiFi,-87,6,-10,0.0068299341776514,40.27931107439767,21.752608910825753,Intentional
User_50,2025-11-24 23:14:11,0.395,0.8804,Flying,Ligeris,Speeding,2way,0,20,WiFi,-72,58,-12,0.0025652748853086,40.30761519272596,21.806608534178437,Intentional
User_34,2025-11-24 23:51:38,0.466,0.7752,Walking,Center,Reckless_Driving,4way,1,50,5G,-97,24,-10,0.0022477258269739,40.32256430500343,21.789439936118654,Intentional
User_57,2025-11-25 13:13:06,0.592,0.9098,Walking,Koila,Speeding,6way,0,60,4G,-77,14,9,0.0093152358569649,40.32295772882435,21.792193952778906,Intentional
User_01,2025-11-25 13:24:55,0.581,1.0,Driving,Zep,Speeding,6way,4,40,5G,-75,79,-11,0.0023243667553813,40.27889634993701,21.751562273965604,Intentional
User_50,2025-11-25 21:31:50,0.395,0.8824,Swimming,Zep,Driving_Under_Influence,1way,1,70,5G,-84,5,8,0.0052960600935956,40.28063282167459,21.754742314247093,Intentional
User_25,2025-11-26 07:24:18,0.352,0.7233,Swimming,Koila,Speeding,2way,4,60,4G,-96,75,12,0.0078701118554903,40.3216141071804,21.78927465317767,Intentional
User_50,2025-11-26 08:52:01,0.395,0.8844,Flying,Zep,Driving_Under_Influence,2way,0,60,5G,-88,71,14,0.0045550095710552,40.27936838182677,21.75283854824955,Intentional
User_15,2025-11-27 00:12:59,0.369,0.7008,Flying,Ligeris,Speeding,4way,4,80,3G,-91,63,-4,0.0068455616858992,40.305774649935174,21.80851974137772,Intentional
User_19,2025-11-27 01:25:01,0.361,0.9948,Walking,Spinari,Reckless_Driving,2way,1,80,4G,-93,91,-16,0.0053317504062222,40.32161599526431,21.79096928525532,Intentional
User_48,2025-11-27 02:26:37,0.636,0.8539,Swimming,Zep,Speeding,1way,0,60,3G,-94,1,10,0.0088991656651404,40.27945410261927,21.751768389437583,Intentional
User_66,2025-11-27 02:40:34,0.551,0.7969,Running,Spinari,Reckless_Driving,1way,0,40,5G,-108,66,0,0.0081612706015602,40.306210763748545,21.807656255355013,Intentional
User_21,2025-11-27 22:53:11,0.256,0.8736,Walking,Ligeris,Driving_Under_Influence,5way,4,60,5G,-114,91,9,0.0025768542375295,40.30511615017874,21.808301641109143,Intentional
User_69,2025-11-28 02:09:15,0.667,0.7681,Driving,Center,Driving_Under_Influence,4way,1,50,5G,-117,86,8,0.0080017746243107,40.322282080482694,21.791895903627477,Intentional
User_49,2025-11-28 06:32:14,0.462,0.8327,Driving,Ligeris,Driving_Under_Influence,6way,3,20,5G,-81,67,12,0.0079027450043529,40.30640930490348,21.80650511281564,Intentional
User_12,2025-11-28 16:41:30,0.74,0.9451,Driving,Ligeris,Driving_Under_Influence,6way,0,30,5G,-78,57,2,0.0025852500267477,40.306466076185515,21.80782703076327,Intentional
User_56,2025-11-28 18:42:43,0.449,1.0,Running,Koila,Speeding,6way,0,10,3G,-70,71,-13,0.0068559661872221,40.32321880945713,21.79060211885211,Intentional
User_27,2025-11-28 21:39:58,0.33,0.868,Driving,Spinari,Reckless_Driving,2way,1,40,3G,-108,53,-12,0.005610505474749,40.307149415186686,21.808611651516635,Intentional
User_71,2025-11-28 23:07:48,0.259,0.9242,Driving,Ligeris,Reckless_Driving,5way,0,70,5G,-74,89,8,0.0040865084030918,40.30570776863537,21.80735703797596,Intentional
User_14,2025-11-29 02:37:21,0.533,0.7466,Driving,Koila,Speeding,5way,1,40,3G,-105,81,8,0.006172690383484,40.32382535726552,21.791215381346294,Intentional
User_79,2025-11-29 06:30:09,0.326,0.7529,Flying,Ligeris,Driving_Under_Influence,4way,1,90,4G,-92,57,-6,0.0059387984990721,40.30627717291544,21.80759693449308,Intentional
User_13,2025-11-29 09:37:08,0.738,0.9383,Walking,Spinari,Driving_Under_Influence,1way,0,40,WiFi,-56,69,-14,0.0014593634401482,40.32170219493525,21.789246828398557,Intentional
User_68,2025-11-29 09:43:44,0.402,0.8947,Swimming,Zep,Speeding,1way,0,80,4G,-84,41,-15,0.0046603342443924,40.27869294905175,21.75297493460542,Intentional
User_54,2025-11-29 11:09:42,0.482,1.0,Running,Ligeris,Reckless_Driving,6way,1,70,WiFi,-58,84,-7,0.0017770407699354,40.30620429102073,21.806116658018095,Intentional
User_38,2025-11-29 11:30:45,0.497,0.9356,Swimming,Koila,Reckless_Driving,1way,1,60,4G,-96,90,-14,0.0087831133853401,40.323763744714384,21.79167174741233,Intentional
User_20,2025-11-29 13:07:38,0.625,1.0,Flying,Zep,Driving_Under_Influence,1way,2,70,5G,-75,97,1,0.0046202992285659,40.28010257380887,21.75403051493331,Intentional
User_02,2025-11-29 20:11:39,0.477,0.8614,Walking,Zep,Speeding,5way,0,20,5G,-83,60,-7,0.0059925981743846,40.2794133636421,21.753663809041058,Intentional
User_07,2025-11-29 23:06:01,0.47,0.8964,Flying,Koila,Driving_Under_Influence,1way,0,40,4G,-84,90,-14,0.0039211918320916,40.32211900799461,21.791216978656628,Intentional
User_51,2025-11-30 08:14:32,0.574,0.8013,Running,Koila,Reckless_Driving,6way,0,70,3G,-91,42,12,0.0041669483816185,40.3227943067108,21.791257007227937,Intentional
User_74,2025-11-30 10:07:45,0.564,0.837,Driving,Center,Driving_Under_Influence,4way,3,40,WiFi,-86,17,-1,0.0026565632300239,40.322032788485856,21.790867644309,Intentional
User_100,2025-11-30 12:32:42,0.718,1.0,Flying,Zep,Reckless_Driving,2way,0,80,3G,-119,80,-12,0.0013557843611286,40.280006849901554,21.751712071679066,Intentional
User_50,2025-12-01 09:50:48,0.395,0.8934,Driving,Koila,Speeding,6way,1,40,4G,-116,50,0,0.0014963232030181,40.321337026633856,21.79165311361088,Intentional
User_48,2025-12-02 04:09:11,0.636,0.8639,Driving,Spinari,Speeding,4way,4,30,3G,-107,68,-9,0.0036135916686708,40.305910146244315,21.807829541090957,Intentional
User_30,2025-12-02 04:31:17,0.478,0.8731,Swimming,Koila,Speeding,4way,0,40,3G,-82,21,16,0.0025258376869606,40.32170471776712,21.79005806686292,Intentional
User_31,2025-12-02 07:15:23,0.293,1.0,Swimming,Ligeris,Reckless_Driving,1way,0,40,3G,-93,44,-7,0.0088442207377422,40.30534170883251,21.807385006079674,Intentional
User_49,2025-12-02 11:28:46,0.462,0.8417,Walking,Ligeris,Speeding,5way,1,40,3G,-107,76,-2,0.0047074525457386,40.306230400548046,21.807019474939015,Intentional
User_21,2025-12-02 14:15:55,0.256,0.8836,Flying,Zep,Driving_Under_Influence,1way,0,60,3G,-102,8,2,0.0018582764725775,40.28075815478257,21.752630775264464,Intentional
User_88,2025-12-02 18:53:27,0.421,1.0,Driving,Center,Reckless_Driving,2way,1,60,4G,-110,19,-5,0.0063378179340962,40.27948572179632,21.753484268839493,Intentional
User_83,2025-12-02 18:58:00,0.498,0.7547,Running,Center,Reckless_Driving,4way,0,20,3G,-94,1,16,0.0095103094242206,40.27938218314483,21.75266840441584,Intentional
User_27,2025-12-02 19:45:19,0.33,0.876,Flying,Zep,Reckless_Driving,1way,0,50,4G,-81,76,5,0.0094059162867569,40.28112948340687,21.753583843319248,Intentional
User_77,2025-12-02 22:04:24,0.369,0.7573,Driving,Ligeris,Reckless_Driving,5way,1,40,WiFi,-83,88,-6,0.0036821904313759,40.3060972214472,21.80763235208093,Intentional
User_23,2025-12-02 22:51:21,0.532,0.7407,Driving,Zep,Speeding,5way,0,40,WiFi,-64,74,-14,0.0022340671121294,40.27955141182164,21.75309642720422,Intentional
User_34,2025-12-03 04:05:56,0.466,0.7922,Driving,Center,Speeding,2way,0,60,4G,-80,14,13,0.004614599076667,40.32258045855434,21.789450771575677,Intentional
User_37,2025-12-03 10:44:53,0.696,0.6877,Flying,Zep,Driving_Under_Influence,1way,1,20,3G,-89,50,-11,0.0012160515709428,40.27936532161587,21.755077596464258,Intentional
User_45,2025-12-03 13:17:15,0.693,0.8694,Swimming,Koila,Speeding,1way,0,80,4G,-114,3,3,0.0066981897550432,40.32237352820205,21.789368069998453,Intentional
User_33,2025-12-03 18:02:18,0.554,0.8783,Driving,Spinari,Reckless_Driving,2way,0,50,5G,-97,65,-13,0.0094498246130288,40.27953238660977,21.75324373346196,Intentional
User_48,2025-12-03 18:39:34,0.636,0.8669,Running,Spinari,Driving_Under_Influence,1way,0,40,5G,-90,38,9,0.0024468096280951,40.279157008998986,21.75395379434372,Intentional
User_85,2025-12-03 21:50:09,0.653,0.8743,Walking,Koila,Speeding,6way,2,50,4G,-89,82,4,0.0052973969060084,40.32210348279623,21.791738675534127,Intentional
User_36,2025-12-04 02:01:41,0.58,0.935,Running,Spinari,Reckless_Driving,4way,2,50,WiFi,-50,3,16,0.0063307931459986,40.30588715223478,21.80732008795144,Intentional
User_11,2025-12-04 03:52:20,0.263,1.0,Swimming,Koila,Speeding,4way,0,80,WiFi,-90,95,-10,0.0087305133910434,40.321417447277774,21.793018397789595,Intentional
User_20,2025-12-04 09:43:11,0.625,1.0,Driving,Center,Speeding,2way,0,80,3G,-100,11,-1,0.0097856967357678,40.280677621929826,21.752723114853037,Intentional
User_65,2025-12-04 15:57:06,0.654,0.9322,Running,Center,Reckless_Driving,2way,0,100,3G,-110,23,-6,0.0098423096996934,40.30491315852633,21.809018810532947,Intentional
User_92,2025-12-04 19:59:49,0.622,0.6854,Walking,Center,Speeding,1way,2,40,3G,-115,79,-14,0.0081281166433401,40.30625254400782,21.80729430751978,Intentional
User_38,2025-12-04 20:25:58,0.497,0.9466,Walking,Center,Driving_Under_Influence,1way,1,50,3G,-117,61,-12,0.0032891469175957,40.280637111875926,21.75269972144844,Intentional
User_69,2025-12-04 23:16:52,0.667,0.7811,Flying,Ligeris,Reckless_Driving,1way,0,90,WiFi,-55,18,9,0.0023536222931655,40.30669043531807,21.806948676615555,Intentional
User_37,2025-12-05 00:40:47,0.696,0.6917,Running,Center,Driving_Under_Influence,2way,1,30,4G,-116,62,16,0.0058035676588702,40.32224834367268,21.790997641897036,Intentional
User_93,2025-12-05 01:18:54,0.333,1.0,Flying,Koila,Reckless_Driving,2way,1,70,5G,-71,79,14,0.0042580230264398,40.32215348304153,21.791058093657803,Intentional
User_90,2025-12-05 04:45:38,0.395,0.7878,Walking,Spinari,Driving_Under_Influence,1way,0,80,5G,-104,77,-8,0.0072078515129442,40.32220654570033,21.79114068563737,Intentional
User_48,2025-12-05 16:25:56,0.636,0.8699,Running,Zep,Reckless_Driving,5way,0,50,4G,-79,15,-5,0.0011421647410126,40.27948345696588,21.754183290878895,Intentional
User_55,2025-12-06 01:35:39,0.3,1.0,Driving,Spinari,Speeding,2way,2,20,5G,-101,56,13,0.0024453746383622,40.28027335974437,21.752359983297936,Intentional
User_100,2025-12-06 03:10:21,0.718,1.0,Driving,Center,Driving_Under_Influence,2way,1,40,4G,-93,38,-1,0.007618267309176,40.27982893242077,21.75134674519248,Intentional
User_79,2025-12-06 08:00:57,0.326,0.7669,Running,Zep,Driving_Under_Influence,6way,3,40,3G,-84,12,-14,0.0039920671155052,40.279507913255955,21.753518479271783,Intentional
User_87,2025-12-06 10:54:14,0.64,0.9855,Flying,Zep,Speeding,4way,1,80,WiFi,-67,94,-4,0.0070862146971232,40.2812973572685,21.753249923946093,Intentional
User_84,2025-12-06 13:28:05,0.488,0.8704,Flying,Zep,Speeding,4way,0,60,4G,-77,16,-9,0.0040360918860446,40.279149859263434,21.752704473777936,Intentional
User_76,2025-12-06 14:47:20,0.251,0.8392,Running,Zep,Speeding,6way,5,40,4G,-75,47,9,0.0093199779452539,40.278943341109226,21.7548893501912,Intentional
User_53,2025-12-06 23:58:33,0.703,0.8733,Running,Center,Speeding,1way,0,40,5G,-111,80,-11,0.0016056468468219,40.28119677412703,21.753319312424455,Intentional
User_08,2025-12-07 01:25:19,0.33,0.9919,Swimming,Ligeris,Driving_Under_Influence,2way,1,80,3G,-76,99,7,0.0082143129056259,40.30728508871015,21.80658171312592,Intentional
User_36,2025-12-07 02:58:27,0.58,0.941,Walking,Koila,Reckless_Driving,5way,0,80,3G,-105,2,5,0.008255748486179,40.32123625988409,21.790005164079226,Intentional
User_31,2025-12-07 03:24:45,0.293,1.0,Driving,Ligeris,Driving_Under_Influence,5way,2,40,WiFi,-51,43,5,0.0045269652462577,40.30641876846281,21.80728969798765,Intentional
User_14,2025-12-07 13:34:26,0.533,0.7616,Flying,Ligeris,Speeding,2way,0,30,3G,-95,70,10,0.0060268491083279,40.305332019786405,21.809167812105635,Intentional
User_91,2025-12-07 19:08:52,0.716,0.8923,Swimming,Zep,Driving_Under_Influence,4way,1,10,5G,-98,28,-7,0.0027914976832372,40.28044454602245,21.75243712363905,Intentional
User_56,2025-12-08 22:57:47,0.449,1.0,Walking,Koila,Speeding,5way,1,80,4G,-112,1,1,0.0027048655396794,40.32078965562677,21.792314841622215,Intentional
User_46,2025-12-08 23:04:55,0.537,0.9139,Walking,Ligeris,Driving_Under_Influence,5way,1,50,3G,-70,22,1,0.0065133475770366,40.306636279035665,21.808951896526285,Intentional
User_03,2025-12-09 00:10:12,0.47,0.9862,Running,Zep,Driving_Under_Influence,5way,0,50,3G,-70,83,-6,0.0054868948761314,40.27946615667286,21.754976419221805,Intentional
User_13,2025-12-09 02:46:04,0.738,0.9583,Driving,Spinari,Reckless_Driving,2way,2,40,5G,-99,92,-2,0.0037602751040203,40.3055113105421,21.806870034990048,Intentional
User_76,2025-12-09 09:46:04,0.251,0.8452,Running,Center,Reckless_Driving,2way,1,20,3G,-84,80,-13,0.0083844283622604,40.30681496907191,21.80585044149748,Intentional
User_43,2025-12-09 14:21:25,0.407,0.9624,Flying,Ligeris,Speeding,4way,1,40,3G,-81,58,-5,0.0027838585176105,40.30569442869739,21.80672361459724,Intentional
User_29,2025-12-10 01:33:16,0.603,1.0,Running,Center,Driving_Under_Influence,4way,0,50,3G,-71,75,-10,0.0073080359474042,40.306239036731235,21.80745211335541,Intentional
User_55,2025-12-10 03:04:33,0.3,1.0,Flying,Koila,Speeding,1way,0,40,5G,-92,73,-6,0.004589190316916,40.32177317663101,21.79282644926803,Intentional
User_41,2025-12-10 05:42:30,0.642,1.0,Running,Spinari,Reckless_Driving,2way,0,30,WiFi,-58,68,9,0.0031190319727802,40.28108959924519,21.754186376117925,Intentional
User_38,2025-12-10 11:00:34,0.497,0.9586,Walking,Center,Reckless_Driving,4way,2,60,WiFi,-84,1,10,0.0045756278342964,40.279308166209134,21.751196713582324,Intentional
User_58,2025-12-10 13:54:05,0.744,0.8802,Swimming,Ligeris,Driving_Under_Influence,2way,0,50,4G,-93,26,7,0.0092214415370272,40.30705890779403,21.808331842473347,Intentional
User_96,2025-12-10 16:02:46,0.308,0.8488,Driving,Spinari,Reckless_Driving,4way,0,30,WiFi,-69,51,-3,0.0047750846307705,40.30677253068761,21.809152379210445,Intentional
User_17,2025-12-11 01:59:48,0.439,1.0,Walking,Ligeris,Speeding,5way,0,40,WiFi,-71,73,-11,0.0051676366613098,40.30482308024346,21.807197638480947,Intentional
User_93,2025-12-11 03:01:31,0.333,1.0,Running,Spinari,Reckless_Driving,2way,0,10,WiFi,-90,42,16,0.004859372033666,40.3056801220377,21.807014936011647,Intentional
User_36,2025-12-11 09:33:28,0.58,0.949,Walking,Ligeris,Driving_Under_Influence,5way,0,60,4G,-76,86,-6,0.0089315485953907,40.30609575452287,21.80757589882279,Intentional
User_16,2025-12-11 15:28:57,0.455,0.9598,Running,Center,Reckless_Driving,2way,3,30,5G,-110,14,0,0.0092521440927067,40.28084171974877,21.751902663031117,Intentional
User_65,2025-12-11 20:00:30,0.654,0.9462,Driving,Spinari,Speeding,1way,0,30,4G,-93,85,6,0.0033539639697523,40.306167547559994,21.808785604259175,Intentional
User_54,2025-12-11 20:10:11,0.482,1.0,Running,Zep,Speeding,5way,0,10,WiFi,-67,95,13,0.0082809448804315,40.278533633241864,21.753960303806423,Intentional
User_45,2025-12-11 20:10:28,0.693,0.8844,Driving,Koila,Driving_Under_Influence,5way,0,20,WiFi,-82,58,-14,0.0020698121133602,40.32143712357644,21.791886320183,Intentional
User_61,2025-12-11 21:26:13,0.304,0.8346,Flying,Ligeris,Speeding,2way,2,60,WiFi,-73,21,-5,0.0081679338339929,40.30545073496613,21.80802999274496,Intentional
User_74,2025-12-11 23:33:57,0.564,0.859,Driving,Center,Reckless_Driving,2way,0,40,4G,-84,48,-11,0.0033863974855657,40.321629408242856,21.791401411622907,Intentional
User_68,2025-12-11 23:52:06,0.402,0.9197,Running,Center,Driving_Under_Influence,2way,0,80,5G,-81,64,-13,0.0032706213643985,40.30600450774892,21.80850872498519,Intentional
User_30,2025-12-12 17:48:08,0.478,0.8931,Driving,Center,Reckless_Driving,2way,4,40,3G,-94,3,-14,0.0058991271646282,40.27913121992211,21.75367595451181,Intentional
User_22,2025-12-12 18:16:28,0.656,0.7916,Swimming,Ligeris,Reckless_Driving,4way,1,80,3G,-83,4,1,0.0052771312664673,40.30537759985273,21.808634790972445,Intentional
User_22,2025-12-12 21:32:59,0.656,0.7926,Flying,Koila,Speeding,2way,0,40,4G,-108,15,6,0.0083440597997339,40.32245682844784,21.79299690553706,Intentional
User_38,2025-12-13 00:55:44,0.497,0.9636,Running,Center,Reckless_Driving,2way,1,40,5G,-105,48,0,0.0022697021995533,40.30594704343542,21.805929461185553,Intentional
User_60,2025-12-13 16:19:32,0.669,0.7537,Flying,Ligeris,Driving_Under_Influence,1way,0,70,WiFi,-55,67,-11,0.0076280392361487,40.30539530097799,21.80590844007465,Intentional
User_59,2025-12-13 22:45:23,0.521,0.8133,Flying,Ligeris,Speeding,2way,0,20,3G,-86,43,12,0.0048851906333442,40.30486152418606,21.807001994609543,Intentional
User_35,2025-12-14 00:34:40,0.301,0.7515,Walking,Zep,Reckless_Driving,5way,0,90,5G,-97,81,-8,0.0081616203669029,40.27988668538091,21.753655950586474,Intentional
User_61,2025-12-14 14:46:01,0.304,0.8406,Driving,Center,Speeding,2way,0,30,WiFi,-77,21,11,0.0056635115835274,40.30528013997899,21.809312297275763,Intentional
User_13,2025-12-14 15:29:16,0.738,0.9693,Swimming,Koila,Driving_Under_Influence,1way,4,60,WiFi,-58,46,12,0.0073200552388045,40.320604669285274,21.79255987443937,Intentional
User_23,2025-12-15 22:33:05,0.532,0.7667,Flying,Koila,Driving_Under_Influence,1way,1,80,WiFi,-86,78,16,0.0040205931135061,40.32162302324228,21.79229492450463,Intentional
User_41,2025-12-15 23:25:48,0.642,1.0,Flying,Ligeris,Driving_Under_Influence,1way,0,40,WiFi,-57,56,-15,0.0043827057145213,40.30529325350939,21.805626819221864,Intentional
User_41,2025-12-16 02:01:03,0.642,1.0,Flying,Zep,Speeding,2way,1,90,5G,-106,28,16,0.0040299266632835,40.27874152695737,21.752359691816896,Intentional
User_88,2025-12-16 02:15:52,0.421,1.0,Swimming,Zep,Driving_Under_Influence,2way,1,40,4G,-74,37,-15,0.00214358744641,40.2806952940396,21.7541159483494,Intentional
User_08,2025-12-16 02:16:47,0.33,1.0,Running,Ligeris,Reckless_Driving,5way,0,30,WiFi,-64,95,1,0.0076581349891271,40.30610904050363,21.807191032426974,Intentional
User_68,2025-12-16 13:49:35,0.402,0.9297,Flying,Ligeris,Driving_Under_Influence,2way,0,40,3G,-72,31,-4,0.0094355223083807,40.30588692669057,21.80766708906704,Intentional
User_53,2025-12-16 18:00:52,0.703,0.8923,Driving,Koila,Driving_Under_Influence,5way,0,30,5G,-90,48,16,0.0088822278485133,40.322141328091035,21.79164903966574,Intentional
User_84,2025-12-16 20:19:00,0.488,0.8904,Flying,Ligeris,Driving_Under_Influence,1way,0,40,3G,-85,59,14,0.0028764297072777,40.3058433680877,21.80582149831069,Intentional
User_21,2025-12-16 22:59:49,0.256,0.9116,Flying,Koila,Speeding,2way,0,10,3G,-94,89,-13,0.0035466270797588,40.321445394548384,21.79014351058245,Intentional
User_92,2025-12-17 08:54:59,0.622,0.7114,Swimming,Koila,Reckless_Driving,2way,1,40,3G,-74,58,10,0.003724886193038,40.32194798241476,21.79104230932935,Intentional
User_97,2025-12-17 14:17:36,0.737,0.9146,Walking,Center,Driving_Under_Influence,2way,1,80,WiFi,-67,82,5,0.0032751197387675,40.30595759385543,21.807637065071855,Intentional
User_27,2025-12-17 15:34:46,0.33,0.906,Swimming,Koila,Reckless_Driving,1way,0,50,5G,-100,40,-8,0.00250440273342,40.321552008848286,21.791301520264927,Intentional
User_48,2025-12-17 17:24:54,0.636,0.8949,Swimming,Zep,Reckless_Driving,2way,1,30,5G,-73,67,-11,0.009692533974618,40.28055356770545,21.75216909457006,Intentional
User_31,2025-12-18 02:44:21,0.293,1.0,Driving,Koila,Driving_Under_Influence,5way,1,30,3G,-103,57,15,0.0080879220328307,40.32313314631372,21.79168926171337,Intentional
User_53,2025-12-18 05:43:14,0.703,0.8963,Swimming,Koila,Driving_Under_Influence,1way,0,30,WiFi,-76,14,3,0.0026046111961278,40.32282550158774,21.79139403634549,Intentional
User_82,2025-12-18 09:28:10,0.291,0.738,Flying,Koila,Driving_Under_Influence,2way,1,30,3G,-102,45,9,0.005299833932484,40.32319116461864,21.79053498965702,Intentional
User_21,2025-12-18 13:16:33,0.256,0.9146,Driving,Koila,Driving_Under_Influence,5way,3,30,4G,-84,100,-1,0.0016600432755497,40.321462746363515,21.792786782891746,Intentional
User_02,2025-12-18 16:21:04,0.477,0.8994,Driving,Koila,Speeding,6way,0,60,4G,-74,75,6,0.0021885050765196,40.32119250814567,21.791773441682075,Intentional
User_96,2025-12-18 16:27:12,0.308,0.8638,Flying,Ligeris,Speeding,4way,0,40,5G,-99,31,-6,0.0034679085026591,40.306234297064734,21.806587450464058,Intentional
User_25,2025-12-19 02:39:01,0.352,0.7693,Running,Ligeris,Driving_Under_Influence,6way,1,10,3G,-101,21,1,0.0056105668442886,40.30554917191205,21.809177066756774,Intentional
User_93,2025-12-19 08:38:16,0.333,1.0,Swimming,Ligeris,Reckless_Driving,4way,1,70,5G,-113,83,-2,0.0081298161610769,40.30754685904724,21.80820931602072,Intentional
User_51,2025-12-19 10:13:58,0.574,0.8393,Running,Spinari,Driving_Under_Influence,2way,0,80,5G,-73,8,-7,0.0089302854495162,40.32115359143938,21.789520832763543,Intentional
User_92,2025-12-19 13:32:32,0.622,0.7154,Running,Center,Speeding,4way,0,60,4G,-105,2,11,0.0054097952085757,40.32146676643227,21.79206055675956,Intentional
User_73,2025-12-20 02:52:57,0.343,1.0,Running,Zep,Speeding,5way,0,10,4G,-70,42,-8,0.004634310515066,40.28035299090117,21.755343427103327,Intentional
User_48,2025-12-20 09:07:34,0.636,0.9009,Swimming,Koila,Speeding,4way,0,20,5G,-116,7,-2,0.0034379655081307,40.32230316380967,21.79074258061755,Intentional
User_34,2025-12-20 09:47:15,0.466,0.8262,Swimming,Ligeris,Driving_Under_Influence,4way,1,60,3G,-71,60,-2,0.0070950159326992,40.30612570740129,21.80756450101581,Intentional
User_94,2025-12-20 10:55:24,0.459,0.712,Walking,Center,Reckless_Driving,4way,0,50,WiFi,-80,31,-11,0.0054577738256983,40.322075315203115,21.79179121476441,Intentional
User_09,2025-12-20 21:24:45,0.444,0.8097,Swimming,Zep,Driving_Under_Influence,2way,1,50,5G,-88,44,4,0.0012877723785576,40.279019014717264,21.75246761861655,Intentional
User_77,2025-12-21 04:56:04,0.369,0.7943,Flying,Koila,Reckless_Driving,4way,2,50,4G,-102,57,-6,0.0030780735876279,40.32260729150923,21.79226950106848,Intentional
User_32,2025-12-21 13:35:23,0.684,0.8083,Walking,Ligeris,Speeding,6way,2,10,5G,-87,38,13,0.0013835032488875,40.30639010332176,21.80867344366667,Intentional
User_06,2025-12-22 07:32:44,0.573,0.9387,Swimming,Koila,Speeding,4way,0,60,4G,-72,32,-12,0.0042802952482678,40.32244838882584,21.793408439468337,Intentional
User_30,2025-12-22 12:52:57,0.478,0.9141,Flying,Zep,Reckless_Driving,2way,0,90,4G,-96,16,10,0.0042410546191034,40.27906875148983,21.75546554376179,Intentional
User_61,2025-12-22 17:32:16,0.304,0.8576,Running,Koila,Speeding,5way,1,10,4G,-88,32,14,0.0081503377405303,40.32294437451995,21.791460467399528,Intentional
User_49,2025-12-22 23:39:42,0.462,0.8817,Walking,Spinari,Speeding,1way,0,40,4G,-120,89,8,0.002394268561098,40.30470142163789,21.80675844909829,Intentional
User_84,2025-12-23 00:25:18,0.488,0.9034,Swimming,Zep,Driving_Under_Influence,4way,1,30,3G,-75,0,11,0.0033392025448062,40.27834308114665,21.753778152864495,Intentional
User_11,2025-12-23 03:29:20,0.263,1.0,Swimming,Ligeris,Driving_Under_Influence,2way,0,30,WiFi,-88,66,-1,0.0041172581269161,40.30751207387956,21.80650425526826,Intentional
User_52,2025-12-23 18:58:06,0.706,1.0,Driving,Center,Driving_Under_Influence,2way,5,90,5G,-109,34,-13,0.0016492911490259,40.32143847526232,21.78973697446006,Intentional
User_58,2025-12-23 19:30:14,0.744,0.9062,Driving,Center,Speeding,2way,1,10,4G,-84,11,3,0.0098880723880611,40.306286952086005,21.807619186106276,Intentional
User_87,2025-12-24 08:41:12,0.64,1.0,Swimming,Ligeris,Driving_Under_Influence,4way,1,60,4G,-79,90,13,0.0050899969030713,40.30746158130876,21.80676652764258,Intentional
User_75,2025-12-24 18:56:50,0.65,1.0,Swimming,Ligeris,Driving_Under_Influence,1way,1,40,3G,-115,38,-10,0.0089714713025138,40.3061427999078,21.807097387606927,Intentional
User_23,2025-12-25 03:53:46,0.532,0.7857,Walking,Center,Driving_Under_Influence,1way,1,10,3G,-103,73,-3,0.0036948752973855,40.27989904712086,21.75443363561852,Intentional
User_53,2025-12-25 06:53:34,0.703,0.9103,Flying,Koila,Driving_Under_Influence,1way,0,20,WiFi,-87,14,-8,0.0034405413245961,40.320919556986794,21.79156698687192,Intentional
User_16,2025-12-25 15:59:50,0.455,0.9878,Walking,Zep,Speeding,5way,2,20,4G,-120,89,5,0.0031670476742915,40.28055354402696,21.75395389184895,Intentional
User_75,2025-12-25 21:51:07,0.65,1.0,Driving,Spinari,Speeding,4way,0,40,4G,-73,79,4,0.006248862485732,40.3236858790182,21.79212139566225,Intentional
User_28,2025-12-26 05:20:08,0.311,0.7378,Running,Zep,Speeding,5way,1,30,3G,-98,54,-9,0.00401426447439,40.28069685430286,21.752898496109587,Intentional
User_69,2025-12-26 12:03:52,0.667,0.8241,Driving,Ligeris,Speeding,6way,1,70,WiFi,-55,4,-3,0.0068087107957998,40.30599228716623,21.807973372697035,Intentional
User_38,2025-12-26 19:40:04,0.497,0.9906,Driving,Ligeris,Driving_Under_Influence,6way,0,80,4G,-90,8,11,0.0098638695242845,40.3063251867139,21.807488936281732,Intentional
User_69,2025-12-27 01:02:27,0.667,0.8261,Driving,Ligeris,Driving_Under_Influence,6way,0,10,WiFi,-83,28,-3,0.0041735663645209,40.30686975348238,21.80801495833399,Intentional
User_71,2025-12-27 10:34:34,0.259,0.9822,Driving,Center,Reckless_Driving,2way,1,60,4G,-112,83,-10,0.0042943420352412,40.30579459936289,21.807832814113144,Intentional
User_67,2025-12-27 13:23:52,0.692,0.9601,Swimming,Ligeris,Driving_Under_Influence,2way,0,20,WiFi,-70,58,0,0.0033506309961638,40.30648895215411,21.806741600538302,Intentional
User_24,2025-12-28 03:52:08,0.354,1.0,Running,Center,Driving_Under_Influence,1way,0,70,3G,-101,81,-9,0.0016821277848176,40.27943028370872,21.75342285964679,Intentional
User_90,2025-12-28 12:06:56,0.395,0.8348,Running,Spinari,Reckless_Driving,1way,1,50,3G,-84,24,-5,0.0074797507367859,40.305841693353614,21.807410921421063,Intentional
User_35,2025-12-28 16:07:49,0.301,0.7805,Flying,Koila,Speeding,2way,1,20,3G,-99,10,13,0.0084047794590444,40.322235772788744,21.789491963825984,Intentional
User_03,2025-12-28 22:50:36,0.47,1.0,Flying,Ligeris,Driving_Under_Influence,2way,0,30,3G,-116,3,2,0.0072008230247274,40.30666768048184,21.80772282461237,Intentional
User_63,2025-12-29 00:47:32,0.549,1.0,Flying,Ligeris,Speeding,2way,1,50,5G,-114,72,11,0.0079682608897483,40.3053741631531,21.809020357031923,Intentional
User_74,2025-12-29 07:27:49,0.564,0.894,Flying,Koila,Driving_Under_Influence,2way,1,90,4G,-117,4,13,0.0013669828608053,40.322458517102845,21.78989300449968,Intentional
User_94,2025-12-29 09:01:42,0.459,0.729,Swimming,Koila,Reckless_Driving,2way,0,120,5G,-109,17,-9,0.0030694921529361,40.32132996708336,21.789878885473424,Intentional
User_99,2025-12-29 12:18:31,0.622,0.8894,Running,Koila,Speeding,5way,1,70,4G,-113,9,-16,0.0079448857414332,40.322723006706504,21.79185702322352,Intentional
User_17,2025-12-29 13:41:03,0.439,1.0,Swimming,Ligeris,Speeding,1way,0,30,WiFi,-70,92,1,0.006708239952491,40.307746904084766,21.807333153945745,Intentional
User_17,2025-12-30 02:42:31,0.439,1.0,Driving,Zep,Speeding,5way,3,110,WiFi,-72,100,8,0.0079183142225663,40.27883706930286,21.75233265153799,Intentional
User_62,2025-12-30 02:46:04,0.471,0.836,Running,Zep,Driving_Under_Influence,6way,0,80,4G,-83,1,-10,0.0090137186908802,40.27910624339288,21.752837121212412,Intentional
User_43,2025-12-30 03:56:45,0.407,1.0,Driving,Ligeris,Speeding,5way,0,40,WiFi,-55,10,-15,0.0034526680487489,40.30569324081206,21.80887924166642,Intentional
User_04,2025-12-30 14:01:14,0.619,1.0,Swimming,Koila,Reckless_Driving,2way,3,20,WiFi,-65,80,3,0.0096108564203797,40.32357162586297,21.790673368948053,Intentional
User_61,2025-12-30 20:52:59,0.304,0.8736,Driving,Center,Driving_Under_Influence,1way,0,60,WiFi,-68,30,3,0.0076345764290636,40.32276133479172,21.793180517348137,Intentional
User_06,2025-12-30 21:42:53,0.573,0.9557,Driving,Center,Driving_Under_Influence,2way,3,130,4G,-117,35,10,0.001261054583759,40.279516820563856,21.75380061094502,Intentional
User_31,2025-12-31 00:42:14,0.293,1.0,Driving,Spinari,Reckless_Driving,2way,0,90,4G,-80,85,7,0.0016068334745228,40.27903555117089,21.75303002812154,Intentional
User_85,2025-12-31 07:21:42,0.653,0.9293,Flying,Ligeris,Driving_Under_Influence,2way,1,30,5G,-92,14,-7,0.007396459389596,40.306168127710514,21.80759853200971,Intentional
User_90,2025-12-31 12:23:02,0.395,0.8408,Flying,Ligeris,Driving_Under_Influence,4way,0,60,3G,-82,86,6,0.0041542185902784,40.306013332215336,21.80728893327295,Intentional
User_37,2025-12-31 14:13:49,0.696,0.7447,Walking,Center,Reckless_Driving,2way,0,30,5G,-94,15,3,0.0070453352631679,40.30457610955952,21.808030651925637,Intentional
